segment_id,track_id,original_audio_id,label,score,run_id,model,variant,split,threshold,prediction
seg_000006,sample_00002,2 (Wasn't There) - Isle of Pine,0,-1.3754083207202286,classical_20260919T110356Z,RBF-SVM,optimized,val,0.5847561880627183,0
seg_000007,sample_00002,2 (Wasn't There) - Isle of Pine,0,-0.11933093676129425,classical_20260919T110356Z,RBF-SVM,optimized,val,0.5847561880627183,0
seg_000008,sample_00002,2 (Wasn't There) - Isle of Pine,0,0.49544012392872605,classical_20260919T110356Z,RBF-SVM,optimized,val,0.5847561880627183,0
seg_000039,sample_00013,Agora - Malaventura,0,-0.37772510168697404,classical_20260919T110356Z,RBF-SVM,optimized,val,0.5847561880627183,0
seg_000040,sample_00013,Agora - Malaventura,0,0.7017518230233835,classical_20260919T110356Z,RBF-SVM,optimized,val,0.5847561880627183,1
seg_000041,sample_00013,Agora - Malaventura,0,-0.18702867124591083,classical_20260919T110356Z,RBF-SVM,optimized,val,0.5847561880627183,0
seg_000081,sample_00027,Beyond Luxury - Mors Ontologica,0,-2.682219790903022,classical_20260919T110356Z,RBF-SVM,optimized,val,0.5847561880627183,0
seg_000082,sample_00027,Beyond Luxury - Mors Ontologica,0,-0.7497168521521165,classical_20260919T110356Z,RBF-SVM,optimized,val,0.5847561880627183,0
seg_000083,sample_00027,Beyond Luxury - Mors Ontologica,0,-1.3273231106356655,classical_20260919T110356Z,RBF-SVM,optimized,val,0.5847561880627183,0
seg_000129,sample_00043,CopperNickle - UncleBibby,0,0.5639407561892613,classical_20260919T110356Z,RBF-SVM,optimized,val,0.5847561880627183,0
seg_000130,sample_00043,CopperNickle - UncleBibby,0,1.2267436392503288,classical_20260919T110356Z,RBF-SVM,optimized,val,0.5847561880627183,1
seg_000131,sample_00043,CopperNickle - UncleBibby,0,-0.6177471416636624,classical_20260919T110356Z,RBF-SVM,optimized,val,0.5847561880627183,0
seg_000141,sample_00047,Daylight Savings - My brother Daniel,0,-0.16205974734283735,classical_20260919T110356Z,RBF-SVM,optimized,val,0.5847561880627183,0
seg_000142,sample_00047,Daylight Savings - My brother Daniel,0,-0.07306827727027732,classical_20260919T110356Z,RBF-SVM,optimized,val,0.5847561880627183,0
seg_000143,sample_00047,Daylight Savings - My brother Daniel,0,0.5847561880627183,classical_20260919T110356Z,RBF-SVM,optimized,val,0.5847561880627183,1
seg_000177,sample_00059,Empty Pockets - Pete Prodoehl,0,-1.0314397657665333,classical_20260919T110356Z,RBF-SVM,optimized,val,0.5847561880627183,0
seg_000178,sample_00059,Empty Pockets - Pete Prodoehl,0,-0.3078732913088722,classical_20260919T110356Z,RBF-SVM,optimized,val,0.5847561880627183,0
seg_000179,sample_00059,Empty Pockets - Pete Prodoehl,0,-1.0278839001432847,classical_20260919T110356Z,RBF-SVM,optimized,val,0.5847561880627183,0
seg_000195,sample_00065,Evil Cannot Create - Caleb Lemond,0,-0.40330433973494517,classical_20260919T110356Z,RBF-SVM,optimized,val,0.5847561880627183,0
seg_000196,sample_00065,Evil Cannot Create - Caleb Lemond,0,0.7477944307294924,classical_20260919T110356Z,RBF-SVM,optimized,val,0.5847561880627183,1
seg_000197,sample_00065,Evil Cannot Create - Caleb Lemond,0,-0.8755492920678598,classical_20260919T110356Z,RBF-SVM,optimized,val,0.5847561880627183,0
seg_000201,sample_00067,Fear - Los Fancy Free,0,-1.1789820520805743,classical_20260919T110356Z,RBF-SVM,optimized,val,0.5847561880627183,0
seg_000202,sample_00067,Fear - Los Fancy Free,0,-0.14708007487752806,classical_20260919T110356Z,RBF-SVM,optimized,val,0.5847561880627183,0
seg_000203,sample_00067,Fear - Los Fancy Free,0,-1.4442277211785515,classical_20260919T110356Z,RBF-SVM,optimized,val,0.5847561880627183,0
seg_000204,sample_00068,Fifth Ramble - From the album Keith [RSVP007] - My brother Daniel,0,3.0039726242687927,classical_20260919T110356Z,RBF-SVM,optimized,val,0.5847561880627183,1
seg_000205,sample_00068,Fifth Ramble - From the album Keith [RSVP007] - My brother Daniel,0,2.24037137870288,classical_20260919T110356Z,RBF-SVM,optimized,val,0.5847561880627183,1
seg_000206,sample_00068,Fifth Ramble - From the album Keith [RSVP007] - My brother Daniel,0,2.632943783904828,classical_20260919T110356Z,RBF-SVM,optimized,val,0.5847561880627183,1
seg_000240,sample_00080,Gila Monster Flop/Music History Lesson:The Sonics - The Crypts!,0,-0.4799741042710053,classical_20260919T110356Z,RBF-SVM,optimized,val,0.5847561880627183,0
seg_000241,sample_00080,Gila Monster Flop/Music History Lesson:The Sonics - The Crypts!,0,-0.513685188136811,classical_20260919T110356Z,RBF-SVM,optimized,val,0.5847561880627183,0
seg_000242,sample_00080,Gila Monster Flop/Music History Lesson:The Sonics - The Crypts!,0,-0.4951221492193498,classical_20260919T110356Z,RBF-SVM,optimized,val,0.5847561880627183,0
seg_000285,sample_00095,I Fell - Mod Fun,0,-2.118283793854836,classical_20260919T110356Z,RBF-SVM,optimized,val,0.5847561880627183,0
seg_000286,sample_00095,I Fell - Mod Fun,0,-1.3192287706272234,classical_20260919T110356Z,RBF-SVM,optimized,val,0.5847561880627183,0
seg_000287,sample_00095,I Fell - Mod Fun,0,-1.1961683291778675,classical_20260919T110356Z,RBF-SVM,optimized,val,0.5847561880627183,0
seg_000297,sample_00099,If You're Ther - Nicola Ratti,0,-0.6984116658232422,classical_20260919T110356Z,RBF-SVM,optimized,val,0.5847561880627183,0
seg_000298,sample_00099,If You're Ther - Nicola Ratti,0,-0.5832229811662895,classical_20260919T110356Z,RBF-SVM,optimized,val,0.5847561880627183,0
seg_000299,sample_00099,If You're Ther - Nicola Ratti,0,-1.6201556597182936,classical_20260919T110356Z,RBF-SVM,optimized,val,0.5847561880627183,0
seg_000342,sample_00114,Kumorizoranohajimarutokoro - Hosomi,0,-1.9019246139953283,classical_20260919T110356Z,RBF-SVM,optimized,val,0.5847561880627183,0
seg_000343,sample_00114,Kumorizoranohajimarutokoro - Hosomi,0,-1.5505669475995687,classical_20260919T110356Z,RBF-SVM,optimized,val,0.5847561880627183,0
seg_000344,sample_00114,Kumorizoranohajimarutokoro - Hosomi,0,-2.8694154744445957,classical_20260919T110356Z,RBF-SVM,optimized,val,0.5847561880627183,0
seg_000384,sample_00128,Lights Up - Pipe Choir,0,-1.7855166853505462,classical_20260919T110356Z,RBF-SVM,optimized,val,0.5847561880627183,0
seg_000385,sample_00128,Lights Up - Pipe Choir,0,-0.3639964256157311,classical_20260919T110356Z,RBF-SVM,optimized,val,0.5847561880627183,0
seg_000386,sample_00128,Lights Up - Pipe Choir,0,-1.2198247285876318,classical_20260919T110356Z,RBF-SVM,optimized,val,0.5847561880627183,0
seg_000399,sample_00133,Loved Ones - Rowan Box,0,-0.2708261779623602,classical_20260919T110356Z,RBF-SVM,optimized,val,0.5847561880627183,0
seg_000400,sample_00133,Loved Ones - Rowan Box,0,0.6593730134846854,classical_20260919T110356Z,RBF-SVM,optimized,val,0.5847561880627183,1
seg_000401,sample_00133,Loved Ones - Rowan Box,0,-0.18962506825053116,classical_20260919T110356Z,RBF-SVM,optimized,val,0.5847561880627183,0
seg_000408,sample_00136,March of the GPA Mechanics - [t]ghost,0,-0.5142145887243401,classical_20260919T110356Z,RBF-SVM,optimized,val,0.5847561880627183,0
seg_000409,sample_00136,March of the GPA Mechanics - [t]ghost,0,0.5625942492998877,classical_20260919T110356Z,RBF-SVM,optimized,val,0.5847561880627183,0
seg_000410,sample_00136,March of the GPA Mechanics - [t]ghost,0,0.21941707450258674,classical_20260919T110356Z,RBF-SVM,optimized,val,0.5847561880627183,0
seg_000426,sample_00142,Morning Bell - Nihilore,0,-1.0565645972789721,classical_20260919T110356Z,RBF-SVM,optimized,val,0.5847561880627183,0
seg_000427,sample_00142,Morning Bell - Nihilore,0,-0.6028905977742471,classical_20260919T110356Z,RBF-SVM,optimized,val,0.5847561880627183,0
seg_000428,sample_00142,Morning Bell - Nihilore,0,-1.7714650320983283,classical_20260919T110356Z,RBF-SVM,optimized,val,0.5847561880627183,0
seg_000441,sample_00147,My Body Is A Weapon (Compromise Edit) - Silence is full of birds,0,-1.5950117894465536,classical_20260919T110356Z,RBF-SVM,optimized,val,0.5847561880627183,0
seg_000442,sample_00147,My Body Is A Weapon (Compromise Edit) - Silence is full of birds,0,-1.5741935332399406,classical_20260919T110356Z,RBF-SVM,optimized,val,0.5847561880627183,0
seg_000443,sample_00147,My Body Is A Weapon (Compromise Edit) - Silence is full of birds,0,-2.435227539478067,classical_20260919T110356Z,RBF-SVM,optimized,val,0.5847561880627183,0
seg_000453,sample_00151,New Life (take 1) - Bird Names,0,-2.366629263417649,classical_20260919T110356Z,RBF-SVM,optimized,val,0.5847561880627183,0
seg_000454,sample_00151,New Life (take 1) - Bird Names,0,-1.2220704207076019,classical_20260919T110356Z,RBF-SVM,optimized,val,0.5847561880627183,0
seg_000455,sample_00151,New Life (take 1) - Bird Names,0,-1.61410231415803,classical_20260919T110356Z,RBF-SVM,optimized,val,0.5847561880627183,0
seg_000459,sample_00153,Night Drive - Decktonic,0,0.49642022289670074,classical_20260919T110356Z,RBF-SVM,optimized,val,0.5847561880627183,0
seg_000460,sample_00153,Night Drive - Decktonic,0,-1.9728607589317473,classical_20260919T110356Z,RBF-SVM,optimized,val,0.5847561880627183,0
seg_000461,sample_00153,Night Drive - Decktonic,0,-2.1391793641528603,classical_20260919T110356Z,RBF-SVM,optimized,val,0.5847561880627183,0
seg_000468,sample_00156,Norweigian Wood II - Bird Names,0,-2.3896415550962278,classical_20260919T110356Z,RBF-SVM,optimized,val,0.5847561880627183,0
seg_000469,sample_00156,Norweigian Wood II - Bird Names,0,-0.8032240607096275,classical_20260919T110356Z,RBF-SVM,optimized,val,0.5847561880627183,0
seg_000470,sample_00156,Norweigian Wood II - Bird Names,0,-1.1844508416764332,classical_20260919T110356Z,RBF-SVM,optimized,val,0.5847561880627183,0
seg_000480,sample_00160,Nuo Maisemat - Paavoharju,0,0.6243507884978414,classical_20260919T110356Z,RBF-SVM,optimized,val,0.5847561880627183,1
seg_000481,sample_00160,Nuo Maisemat - Paavoharju,0,1.0765433297802485,classical_20260919T110356Z,RBF-SVM,optimized,val,0.5847561880627183,1
seg_000482,sample_00160,Nuo Maisemat - Paavoharju,0,0.22189340547103265,classical_20260919T110356Z,RBF-SVM,optimized,val,0.5847561880627183,0
seg_000537,sample_00179,Redlight - Room For A Ghost,0,-2.131265199065889,classical_20260919T110356Z,RBF-SVM,optimized,val,0.5847561880627183,0
seg_000538,sample_00179,Redlight - Room For A Ghost,0,-1.3352736898087485,classical_20260919T110356Z,RBF-SVM,optimized,val,0.5847561880627183,0
seg_000539,sample_00179,Redlight - Room For A Ghost,0,-1.368560888011708,classical_20260919T110356Z,RBF-SVM,optimized,val,0.5847561880627183,0
seg_000555,sample_00185,Roller Star - Monroeville Music Center,0,-2.8177923069142627,classical_20260919T110356Z,RBF-SVM,optimized,val,0.5847561880627183,0
seg_000556,sample_00185,Roller Star - Monroeville Music Center,0,-1.1616334362910232,classical_20260919T110356Z,RBF-SVM,optimized,val,0.5847561880627183,0
seg_000557,sample_00185,Roller Star - Monroeville Music Center,0,-1.8290919366424234,classical_20260919T110356Z,RBF-SVM,optimized,val,0.5847561880627183,0
seg_000561,sample_00187,"Roundtrip - Oh Yeah, the Future",0,-1.785498302522701,classical_20260919T110356Z,RBF-SVM,optimized,val,0.5847561880627183,0
seg_000562,sample_00187,"Roundtrip - Oh Yeah, the Future",0,-1.0522202303423895,classical_20260919T110356Z,RBF-SVM,optimized,val,0.5847561880627183,0
seg_000563,sample_00187,"Roundtrip - Oh Yeah, the Future",0,-2.9861272247522415,classical_20260919T110356Z,RBF-SVM,optimized,val,0.5847561880627183,0
seg_000570,sample_00190,SD (Ill Mix) - H-LR,0,-2.543257620770806,classical_20260919T110356Z,RBF-SVM,optimized,val,0.5847561880627183,0
seg_000571,sample_00190,SD (Ill Mix) - H-LR,0,0.3633564333374104,classical_20260919T110356Z,RBF-SVM,optimized,val,0.5847561880627183,0
seg_000572,sample_00190,SD (Ill Mix) - H-LR,0,-0.05867386787480999,classical_20260919T110356Z,RBF-SVM,optimized,val,0.5847561880627183,0
seg_000576,sample_00192,Scramby Eggs - Andy G. Cohen,0,-1.072748430411344,classical_20260919T110356Z,RBF-SVM,optimized,val,0.5847561880627183,0
seg_000577,sample_00192,Scramby Eggs - Andy G. Cohen,0,0.3296955785021316,classical_20260919T110356Z,RBF-SVM,optimized,val,0.5847561880627183,0
seg_000578,sample_00192,Scramby Eggs - Andy G. Cohen,0,-1.0308069796388881,classical_20260919T110356Z,RBF-SVM,optimized,val,0.5847561880627183,0
seg_000600,sample_00200,Shipwrecked Crew - Pete Prodoehl,0,-0.5950803446061064,classical_20260919T110356Z,RBF-SVM,optimized,val,0.5847561880627183,0
seg_000601,sample_00200,Shipwrecked Crew - Pete Prodoehl,0,0.5941789743100714,classical_20260919T110356Z,RBF-SVM,optimized,val,0.5847561880627183,1
seg_000602,sample_00200,Shipwrecked Crew - Pete Prodoehl,0,0.4480646761297504,classical_20260919T110356Z,RBF-SVM,optimized,val,0.5847561880627183,0
seg_000615,sample_00205,Soleares&beats - Malaventura,0,-0.16464642384018746,classical_20260919T110356Z,RBF-SVM,optimized,val,0.5847561880627183,0
seg_000616,sample_00205,Soleares&beats - Malaventura,0,1.0551458225059336,classical_20260919T110356Z,RBF-SVM,optimized,val,0.5847561880627183,1
seg_000617,sample_00205,Soleares&beats - Malaventura,0,-0.6411517284329562,classical_20260919T110356Z,RBF-SVM,optimized,val,0.5847561880627183,0
seg_000633,sample_00211,Stockholm Syndrome / People Should Be More Aware - Bird Names,0,-2.219964083784258,classical_20260919T110356Z,RBF-SVM,optimized,val,0.5847561880627183,0
seg_000634,sample_00211,Stockholm Syndrome / People Should Be More Aware - Bird Names,0,-1.3522504238519482,classical_20260919T110356Z,RBF-SVM,optimized,val,0.5847561880627183,0
seg_000635,sample_00211,Stockholm Syndrome / People Should Be More Aware - Bird Names,0,-2.315498904525957,classical_20260919T110356Z,RBF-SVM,optimized,val,0.5847561880627183,0
seg_000645,sample_00215,Sturgeon's Law - Nihilore,0,-1.2262982040338402,classical_20260919T110356Z,RBF-SVM,optimized,val,0.5847561880627183,0
seg_000646,sample_00215,Sturgeon's Law - Nihilore,0,0.05257157747884311,classical_20260919T110356Z,RBF-SVM,optimized,val,0.5847561880627183,0
seg_000647,sample_00215,Sturgeon's Law - Nihilore,0,0.1652439667218366,classical_20260919T110356Z,RBF-SVM,optimized,val,0.5847561880627183,0
seg_000726,sample_00242,The Stairway - WarpToken,0,0.40928873609421657,classical_20260919T110356Z,RBF-SVM,optimized,val,0.5847561880627183,0
seg_000727,sample_00242,The Stairway - WarpToken,0,1.735285574487936,classical_20260919T110356Z,RBF-SVM,optimized,val,0.5847561880627183,1
seg_000728,sample_00242,The Stairway - WarpToken,0,-0.1163876367256973,classical_20260919T110356Z,RBF-SVM,optimized,val,0.5847561880627183,0
seg_000729,sample_00243,The girl just faded - Los Llamarada,0,-1.5123905868533913,classical_20260919T110356Z,RBF-SVM,optimized,val,0.5847561880627183,0
seg_000730,sample_00243,The girl just faded - Los Llamarada,0,-0.6866771150570778,classical_20260919T110356Z,RBF-SVM,optimized,val,0.5847561880627183,0
seg_000731,sample_00243,The girl just faded - Los Llamarada,0,-1.5622709544186628,classical_20260919T110356Z,RBF-SVM,optimized,val,0.5847561880627183,0
seg_000735,sample_00245,Three Bird - My brother Daniel,0,1.581624039204409,classical_20260919T110356Z,RBF-SVM,optimized,val,0.5847561880627183,1
seg_000736,sample_00245,Three Bird - My brother Daniel,0,2.047723104201277,classical_20260919T110356Z,RBF-SVM,optimized,val,0.5847561880627183,1
seg_000737,sample_00245,Three Bird - My brother Daniel,0,-2.002880325735349,classical_20260919T110356Z,RBF-SVM,optimized,val,0.5847561880627183,0
seg_000738,sample_00246,Time Is Love - Silence is full of birds,0,-1.628198611992614,classical_20260919T110356Z,RBF-SVM,optimized,val,0.5847561880627183,0
seg_000739,sample_00246,Time Is Love - Silence is full of birds,0,-1.1236883283327093,classical_20260919T110356Z,RBF-SVM,optimized,val,0.5847561880627183,0
seg_000740,sample_00246,Time Is Love - Silence is full of birds,0,-2.018928621731077,classical_20260919T110356Z,RBF-SVM,optimized,val,0.5847561880627183,0
seg_000744,sample_00248,Timen Passing By - Jason Shaw,0,0.8899123174825305,classical_20260919T110356Z,RBF-SVM,optimized,val,0.5847561880627183,1
seg_000745,sample_00248,Timen Passing By - Jason Shaw,0,0.7113717186491417,classical_20260919T110356Z,RBF-SVM,optimized,val,0.5847561880627183,1
seg_000746,sample_00248,Timen Passing By - Jason Shaw,0,0.383232418964504,classical_20260919T110356Z,RBF-SVM,optimized,val,0.5847561880627183,0
seg_000765,sample_00255,Understand That This Is A Dream - From the album Modulating Coil [RSVP008] - Forrest James,0,-1.1166918487674342,classical_20260919T110356Z,RBF-SVM,optimized,val,0.5847561880627183,0
seg_000766,sample_00255,Understand That This Is A Dream - From the album Modulating Coil [RSVP008] - Forrest James,0,-0.4640045378305768,classical_20260919T110356Z,RBF-SVM,optimized,val,0.5847561880627183,0
seg_000767,sample_00255,Understand That This Is A Dream - From the album Modulating Coil [RSVP008] - Forrest James,0,-0.1590570944056282,classical_20260919T110356Z,RBF-SVM,optimized,val,0.5847561880627183,0
seg_000783,sample_00261,Voxel - Andy G. Cohen,0,-0.8654511671705405,classical_20260919T110356Z,RBF-SVM,optimized,val,0.5847561880627183,0
seg_000784,sample_00261,Voxel - Andy G. Cohen,0,0.16448526109210215,classical_20260919T110356Z,RBF-SVM,optimized,val,0.5847561880627183,0
seg_000785,sample_00261,Voxel - Andy G. Cohen,0,-0.6894754082679018,classical_20260919T110356Z,RBF-SVM,optimized,val,0.5847561880627183,0
seg_000801,sample_00267,Westside Chillers - Little Glass Men,0,-0.6627689380330681,classical_20260919T110356Z,RBF-SVM,optimized,val,0.5847561880627183,0
seg_000802,sample_00267,Westside Chillers - Little Glass Men,0,0.7407997349787372,classical_20260919T110356Z,RBF-SVM,optimized,val,0.5847561880627183,1
seg_000803,sample_00267,Westside Chillers - Little Glass Men,0,1.3365536770014947,classical_20260919T110356Z,RBF-SVM,optimized,val,0.5847561880627183,1
seg_000819,sample_00273,Windows of the Skull - Sarin,0,-1.3534523379600956,classical_20260919T110356Z,RBF-SVM,optimized,val,0.5847561880627183,0
seg_000820,sample_00273,Windows of the Skull - Sarin,0,0.07430457632809628,classical_20260919T110356Z,RBF-SVM,optimized,val,0.5847561880627183,0
seg_000821,sample_00273,Windows of the Skull - Sarin,0,-1.2145055421434259,classical_20260919T110356Z,RBF-SVM,optimized,val,0.5847561880627183,0
seg_000858,sample_00286,mystery team 2090 - Jesse Futerman,0,0.08797117658496445,classical_20260919T110356Z,RBF-SVM,optimized,val,0.5847561880627183,0
seg_000859,sample_00286,mystery team 2090 - Jesse Futerman,0,0.2659065947393229,classical_20260919T110356Z,RBF-SVM,optimized,val,0.5847561880627183,0
seg_000860,sample_00286,mystery team 2090 - Jesse Futerman,0,-0.6172023766128063,classical_20260919T110356Z,RBF-SVM,optimized,val,0.5847561880627183,0
seg_000870,sample_00290,some dextromethorphan - Jeva,0,-0.5106602297148755,classical_20260919T110356Z,RBF-SVM,optimized,val,0.5847561880627183,0
seg_000871,sample_00290,some dextromethorphan - Jeva,0,0.06848034918121959,classical_20260919T110356Z,RBF-SVM,optimized,val,0.5847561880627183,0
seg_000872,sample_00290,some dextromethorphan - Jeva,0,-1.9842777291217326,classical_20260919T110356Z,RBF-SVM,optimized,val,0.5847561880627183,0
seg_000876,sample_00292,В Наших Сердцах - Чокнутый Пропеллер,0,-1.2319325859834256,classical_20260919T110356Z,RBF-SVM,optimized,val,0.5847561880627183,0
seg_000877,sample_00292,В Наших Сердцах - Чокнутый Пропеллер,0,-1.2332198218604862,classical_20260919T110356Z,RBF-SVM,optimized,val,0.5847561880627183,0
seg_000878,sample_00292,В Наших Сердцах - Чокнутый Пропеллер,0,-1.040116613283583,classical_20260919T110356Z,RBF-SVM,optimized,val,0.5847561880627183,0
seg_000885,sample_00295,Новый Нью-Йорк 2 - Чокнутый Пропеллер,0,-1.5155820389372818,classical_20260919T110356Z,RBF-SVM,optimized,val,0.5847561880627183,0
seg_000886,sample_00295,Новый Нью-Йорк 2 - Чокнутый Пропеллер,0,-1.0773357527082499,classical_20260919T110356Z,RBF-SVM,optimized,val,0.5847561880627183,0
seg_000887,sample_00295,Новый Нью-Йорк 2 - Чокнутый Пропеллер,0,-1.1662390048984255,classical_20260919T110356Z,RBF-SVM,optimized,val,0.5847561880627183,0
seg_000897,sample_00299,2 (Wasn't There) - Isle of Pine,1,1.310728864932114,classical_20260919T110356Z,RBF-SVM,optimized,val,0.5847561880627183,1
seg_000898,sample_00299,2 (Wasn't There) - Isle of Pine,1,0.036766828500154336,classical_20260919T110356Z,RBF-SVM,optimized,val,0.5847561880627183,0
seg_000899,sample_00299,2 (Wasn't There) - Isle of Pine,1,1.5692118202569056,classical_20260919T110356Z,RBF-SVM,optimized,val,0.5847561880627183,1
seg_000918,sample_00306,Agora - Malaventura,1,3.711035596909444,classical_20260919T110356Z,RBF-SVM,optimized,val,0.5847561880627183,1
seg_000919,sample_00306,Agora - Malaventura,1,2.2408390269134273,classical_20260919T110356Z,RBF-SVM,optimized,val,0.5847561880627183,1
seg_000920,sample_00306,Agora - Malaventura,1,3.2588712004244726,classical_20260919T110356Z,RBF-SVM,optimized,val,0.5847561880627183,1
seg_000969,sample_00323,Beyond Luxury - Mors Ontologica,1,1.175417673681952,classical_20260919T110356Z,RBF-SVM,optimized,val,0.5847561880627183,1
seg_000970,sample_00323,Beyond Luxury - Mors Ontologica,1,1.943993439267095,classical_20260919T110356Z,RBF-SVM,optimized,val,0.5847561880627183,1
seg_000971,sample_00323,Beyond Luxury - Mors Ontologica,1,3.1729113993565554,classical_20260919T110356Z,RBF-SVM,optimized,val,0.5847561880627183,1
seg_001014,sample_00338,CopperNickle - UncleBibby,1,1.51072594265247,classical_20260919T110356Z,RBF-SVM,optimized,val,0.5847561880627183,1
seg_001015,sample_00338,CopperNickle - UncleBibby,1,1.8395902187114879,classical_20260919T110356Z,RBF-SVM,optimized,val,0.5847561880627183,1
seg_001016,sample_00338,CopperNickle - UncleBibby,1,2.527723204371466,classical_20260919T110356Z,RBF-SVM,optimized,val,0.5847561880627183,1
seg_001029,sample_00343,Daylight Savings - My brother Daniel,1,1.0638557105772253,classical_20260919T110356Z,RBF-SVM,optimized,val,0.5847561880627183,1
seg_001030,sample_00343,Daylight Savings - My brother Daniel,1,1.6104823425850343,classical_20260919T110356Z,RBF-SVM,optimized,val,0.5847561880627183,1
seg_001031,sample_00343,Daylight Savings - My brother Daniel,1,1.3380075746793652,classical_20260919T110356Z,RBF-SVM,optimized,val,0.5847561880627183,1
seg_001065,sample_00355,Empty Pockets - Pete Prodoehl,1,1.9127231547095944,classical_20260919T110356Z,RBF-SVM,optimized,val,0.5847561880627183,1
seg_001066,sample_00355,Empty Pockets - Pete Prodoehl,1,1.7540207050542684,classical_20260919T110356Z,RBF-SVM,optimized,val,0.5847561880627183,1
seg_001067,sample_00355,Empty Pockets - Pete Prodoehl,1,1.30122530610956,classical_20260919T110356Z,RBF-SVM,optimized,val,0.5847561880627183,1
seg_001083,sample_00361,Evil Cannot Create - Caleb Lemond,1,2.216218340831097,classical_20260919T110356Z,RBF-SVM,optimized,val,0.5847561880627183,1
seg_001084,sample_00361,Evil Cannot Create - Caleb Lemond,1,1.0672321985669881,classical_20260919T110356Z,RBF-SVM,optimized,val,0.5847561880627183,1
seg_001085,sample_00361,Evil Cannot Create - Caleb Lemond,1,1.4536044533808914,classical_20260919T110356Z,RBF-SVM,optimized,val,0.5847561880627183,1
seg_001089,sample_00363,Fear - Los Fancy Free,1,1.310050045009509,classical_20260919T110356Z,RBF-SVM,optimized,val,0.5847561880627183,1
seg_001090,sample_00363,Fear - Los Fancy Free,1,1.9616607554764032,classical_20260919T110356Z,RBF-SVM,optimized,val,0.5847561880627183,1
seg_001091,sample_00363,Fear - Los Fancy Free,1,2.3336719296749506,classical_20260919T110356Z,RBF-SVM,optimized,val,0.5847561880627183,1
seg_001092,sample_00364,Fifth Ramble - From the album Keith [RSVP007] - My brother Daniel,1,2.4137013113480528,classical_20260919T110356Z,RBF-SVM,optimized,val,0.5847561880627183,1
seg_001093,sample_00364,Fifth Ramble - From the album Keith [RSVP007] - My brother Daniel,1,1.2211090736568608,classical_20260919T110356Z,RBF-SVM,optimized,val,0.5847561880627183,1
seg_001094,sample_00364,Fifth Ramble - From the album Keith [RSVP007] - My brother Daniel,1,3.309678839793471,classical_20260919T110356Z,RBF-SVM,optimized,val,0.5847561880627183,1
seg_001128,sample_00376,Gila Monster Flop/Music History Lesson:The Sonics - The Crypts!,1,1.9603572063489256,classical_20260919T110356Z,RBF-SVM,optimized,val,0.5847561880627183,1
seg_001129,sample_00376,Gila Monster Flop/Music History Lesson:The Sonics - The Crypts!,1,0.4578447674989241,classical_20260919T110356Z,RBF-SVM,optimized,val,0.5847561880627183,0
seg_001130,sample_00376,Gila Monster Flop/Music History Lesson:The Sonics - The Crypts!,1,-0.7691356581113233,classical_20260919T110356Z,RBF-SVM,optimized,val,0.5847561880627183,0
seg_001161,sample_00387,If You're Ther - Nicola Ratti,1,2.9484903087437564,classical_20260919T110356Z,RBF-SVM,optimized,val,0.5847561880627183,1
seg_001162,sample_00387,If You're Ther - Nicola Ratti,1,2.6987086245075353,classical_20260919T110356Z,RBF-SVM,optimized,val,0.5847561880627183,1
seg_001163,sample_00387,If You're Ther - Nicola Ratti,1,2.2139539625735525,classical_20260919T110356Z,RBF-SVM,optimized,val,0.5847561880627183,1
seg_001191,sample_00397,I Fell - Mod Fun,1,3.53561935860071,classical_20260919T110356Z,RBF-SVM,optimized,val,0.5847561880627183,1
seg_001192,sample_00397,I Fell - Mod Fun,1,3.468990909167018,classical_20260919T110356Z,RBF-SVM,optimized,val,0.5847561880627183,1
seg_001193,sample_00397,I Fell - Mod Fun,1,3.0410170041005493,classical_20260919T110356Z,RBF-SVM,optimized,val,0.5847561880627183,1
seg_001239,sample_00413,Kumorizoranohajimarutokoro - Hosomi,1,3.0801341039251398,classical_20260919T110356Z,RBF-SVM,optimized,val,0.5847561880627183,1
seg_001240,sample_00413,Kumorizoranohajimarutokoro - Hosomi,1,2.2201150885141,classical_20260919T110356Z,RBF-SVM,optimized,val,0.5847561880627183,1
seg_001241,sample_00413,Kumorizoranohajimarutokoro - Hosomi,1,3.2988409143015947,classical_20260919T110356Z,RBF-SVM,optimized,val,0.5847561880627183,1
seg_001275,sample_00425,Lights Up - Pipe Choir,1,2.8850525692228226,classical_20260919T110356Z,RBF-SVM,optimized,val,0.5847561880627183,1
seg_001276,sample_00425,Lights Up - Pipe Choir,1,-1.0202904321906037,classical_20260919T110356Z,RBF-SVM,optimized,val,0.5847561880627183,0
seg_001277,sample_00425,Lights Up - Pipe Choir,1,1.9128903496711966,classical_20260919T110356Z,RBF-SVM,optimized,val,0.5847561880627183,1
seg_001293,sample_00431,Loved Ones - Rowan Box,1,2.5187114579625915,classical_20260919T110356Z,RBF-SVM,optimized,val,0.5847561880627183,1
seg_001294,sample_00431,Loved Ones - Rowan Box,1,2.167262325677679,classical_20260919T110356Z,RBF-SVM,optimized,val,0.5847561880627183,1
seg_001295,sample_00431,Loved Ones - Rowan Box,1,1.9660967430302614,classical_20260919T110356Z,RBF-SVM,optimized,val,0.5847561880627183,1
seg_001305,sample_00435,March of the GPA Mechanics - [t]ghost,1,2.0990647129654665,classical_20260919T110356Z,RBF-SVM,optimized,val,0.5847561880627183,1
seg_001306,sample_00435,March of the GPA Mechanics - [t]ghost,1,0.3552689705845311,classical_20260919T110356Z,RBF-SVM,optimized,val,0.5847561880627183,0
seg_001307,sample_00435,March of the GPA Mechanics - [t]ghost,1,2.475555135745102,classical_20260919T110356Z,RBF-SVM,optimized,val,0.5847561880627183,1
seg_001326,sample_00442,Morning Bell - Nihilore,1,1.9685942764798012,classical_20260919T110356Z,RBF-SVM,optimized,val,0.5847561880627183,1
seg_001327,sample_00442,Morning Bell - Nihilore,1,0.8431340527541715,classical_20260919T110356Z,RBF-SVM,optimized,val,0.5847561880627183,1
seg_001328,sample_00442,Morning Bell - Nihilore,1,1.7850526177218047,classical_20260919T110356Z,RBF-SVM,optimized,val,0.5847561880627183,1
seg_001341,sample_00447,mystery team 2090 - Jesse Futerman,1,1.1603231721862408,classical_20260919T110356Z,RBF-SVM,optimized,val,0.5847561880627183,1
seg_001342,sample_00447,mystery team 2090 - Jesse Futerman,1,2.110659799158063,classical_20260919T110356Z,RBF-SVM,optimized,val,0.5847561880627183,1
seg_001343,sample_00447,mystery team 2090 - Jesse Futerman,1,2.694394492329013,classical_20260919T110356Z,RBF-SVM,optimized,val,0.5847561880627183,1
seg_001344,sample_00448,My Body Is A Weapon (Compromise Edit) - Silence is full of birds,1,2.086563072717111,classical_20260919T110356Z,RBF-SVM,optimized,val,0.5847561880627183,1
seg_001345,sample_00448,My Body Is A Weapon (Compromise Edit) - Silence is full of birds,1,1.7303103647198437,classical_20260919T110356Z,RBF-SVM,optimized,val,0.5847561880627183,1
seg_001346,sample_00448,My Body Is A Weapon (Compromise Edit) - Silence is full of birds,1,2.3066673493898193,classical_20260919T110356Z,RBF-SVM,optimized,val,0.5847561880627183,1
seg_001356,sample_00452,New Life (take 1) - Bird Names,1,2.3199044275007545,classical_20260919T110356Z,RBF-SVM,optimized,val,0.5847561880627183,1
seg_001357,sample_00452,New Life (take 1) - Bird Names,1,4.6115052132088605,classical_20260919T110356Z,RBF-SVM,optimized,val,0.5847561880627183,1
seg_001358,sample_00452,New Life (take 1) - Bird Names,1,2.8592278394799795,classical_20260919T110356Z,RBF-SVM,optimized,val,0.5847561880627183,1
seg_001362,sample_00454,Night Drive - Decktonic,1,2.5836189266902516,classical_20260919T110356Z,RBF-SVM,optimized,val,0.5847561880627183,1
seg_001363,sample_00454,Night Drive - Decktonic,1,2.54696925461004,classical_20260919T110356Z,RBF-SVM,optimized,val,0.5847561880627183,1
seg_001364,sample_00454,Night Drive - Decktonic,1,2.491478614814997,classical_20260919T110356Z,RBF-SVM,optimized,val,0.5847561880627183,1
seg_001371,sample_00457,Norweigian Wood II - Bird Names,1,1.508152849077491,classical_20260919T110356Z,RBF-SVM,optimized,val,0.5847561880627183,1
seg_001372,sample_00457,Norweigian Wood II - Bird Names,1,1.4759422672890437,classical_20260919T110356Z,RBF-SVM,optimized,val,0.5847561880627183,1
seg_001373,sample_00457,Norweigian Wood II - Bird Names,1,1.4482124483882204,classical_20260919T110356Z,RBF-SVM,optimized,val,0.5847561880627183,1
seg_001383,sample_00461,Nuo Maisemat - Paavoharju,1,2.15855040006488,classical_20260919T110356Z,RBF-SVM,optimized,val,0.5847561880627183,1
seg_001384,sample_00461,Nuo Maisemat - Paavoharju,1,1.9460208158900296,classical_20260919T110356Z,RBF-SVM,optimized,val,0.5847561880627183,1
seg_001385,sample_00461,Nuo Maisemat - Paavoharju,1,1.6669590815227595,classical_20260919T110356Z,RBF-SVM,optimized,val,0.5847561880627183,1
seg_001446,sample_00482,Redlight - Room For A Ghost,1,1.4839233434833794,classical_20260919T110356Z,RBF-SVM,optimized,val,0.5847561880627183,1
seg_001447,sample_00482,Redlight - Room For A Ghost,1,0.8195015771984937,classical_20260919T110356Z,RBF-SVM,optimized,val,0.5847561880627183,1
seg_001448,sample_00482,Redlight - Room For A Ghost,1,0.8621440702108217,classical_20260919T110356Z,RBF-SVM,optimized,val,0.5847561880627183,1
seg_001464,sample_00488,Roller Star - Monroeville Music Center,1,2.7058960155771787,classical_20260919T110356Z,RBF-SVM,optimized,val,0.5847561880627183,1
seg_001465,sample_00488,Roller Star - Monroeville Music Center,1,2.5140970584310898,classical_20260919T110356Z,RBF-SVM,optimized,val,0.5847561880627183,1
seg_001466,sample_00488,Roller Star - Monroeville Music Center,1,4.149048963445611,classical_20260919T110356Z,RBF-SVM,optimized,val,0.5847561880627183,1
seg_001470,sample_00490,"Roundtrip - Oh Yeah, the Future",1,1.4888874057022892,classical_20260919T110356Z,RBF-SVM,optimized,val,0.5847561880627183,1
seg_001471,sample_00490,"Roundtrip - Oh Yeah, the Future",1,1.6595394229653722,classical_20260919T110356Z,RBF-SVM,optimized,val,0.5847561880627183,1
seg_001472,sample_00490,"Roundtrip - Oh Yeah, the Future",1,2.7989218271770318,classical_20260919T110356Z,RBF-SVM,optimized,val,0.5847561880627183,1
seg_001482,sample_00494,Scramby Eggs - Andy G. Cohen,1,1.883916698507621,classical_20260919T110356Z,RBF-SVM,optimized,val,0.5847561880627183,1
seg_001483,sample_00494,Scramby Eggs - Andy G. Cohen,1,0.3529827434280819,classical_20260919T110356Z,RBF-SVM,optimized,val,0.5847561880627183,0
seg_001484,sample_00494,Scramby Eggs - Andy G. Cohen,1,0.05864463017521859,classical_20260919T110356Z,RBF-SVM,optimized,val,0.5847561880627183,0
seg_001485,sample_00495,SD (Ill Mix) - H-LR,1,0.9397179066548591,classical_20260919T110356Z,RBF-SVM,optimized,val,0.5847561880627183,1
seg_001486,sample_00495,SD (Ill Mix) - H-LR,1,1.0507161267506087,classical_20260919T110356Z,RBF-SVM,optimized,val,0.5847561880627183,1
seg_001487,sample_00495,SD (Ill Mix) - H-LR,1,1.7019093252146396,classical_20260919T110356Z,RBF-SVM,optimized,val,0.5847561880627183,1
seg_001509,sample_00503,Shipwrecked Crew - Pete Prodoehl,1,1.5906989226243238,classical_20260919T110356Z,RBF-SVM,optimized,val,0.5847561880627183,1
seg_001510,sample_00503,Shipwrecked Crew - Pete Prodoehl,1,1.8743359921057743,classical_20260919T110356Z,RBF-SVM,optimized,val,0.5847561880627183,1
seg_001511,sample_00503,Shipwrecked Crew - Pete Prodoehl,1,2.2101043357784884,classical_20260919T110356Z,RBF-SVM,optimized,val,0.5847561880627183,1
seg_001527,sample_00509,Soleares&beats - Malaventura,1,0.7879348538841011,classical_20260919T110356Z,RBF-SVM,optimized,val,0.5847561880627183,1
seg_001528,sample_00509,Soleares&beats - Malaventura,1,1.1643274501106173,classical_20260919T110356Z,RBF-SVM,optimized,val,0.5847561880627183,1
seg_001529,sample_00509,Soleares&beats - Malaventura,1,1.4235945531312688,classical_20260919T110356Z,RBF-SVM,optimized,val,0.5847561880627183,1
seg_001533,sample_00511,some dextromethorphan - Jeva,1,3.668130946935774,classical_20260919T110356Z,RBF-SVM,optimized,val,0.5847561880627183,1
seg_001534,sample_00511,some dextromethorphan - Jeva,1,1.9315358313488862,classical_20260919T110356Z,RBF-SVM,optimized,val,0.5847561880627183,1
seg_001535,sample_00511,some dextromethorphan - Jeva,1,3.770599018899815,classical_20260919T110356Z,RBF-SVM,optimized,val,0.5847561880627183,1
seg_001548,sample_00516,Stockholm Syndrome / People Should Be More Aware - Bird Names,1,-0.03300594210226704,classical_20260919T110356Z,RBF-SVM,optimized,val,0.5847561880627183,0
seg_001549,sample_00516,Stockholm Syndrome / People Should Be More Aware - Bird Names,1,1.353648698741625,classical_20260919T110356Z,RBF-SVM,optimized,val,0.5847561880627183,1
seg_001550,sample_00516,Stockholm Syndrome / People Should Be More Aware - Bird Names,1,4.07179803032281,classical_20260919T110356Z,RBF-SVM,optimized,val,0.5847561880627183,1
seg_001560,sample_00520,Sturgeon's Law - Nihilore,1,2.6455492541346537,classical_20260919T110356Z,RBF-SVM,optimized,val,0.5847561880627183,1
seg_001561,sample_00520,Sturgeon's Law - Nihilore,1,1.057354421026165,classical_20260919T110356Z,RBF-SVM,optimized,val,0.5847561880627183,1
seg_001562,sample_00520,Sturgeon's Law - Nihilore,1,3.7071642744326248,classical_20260919T110356Z,RBF-SVM,optimized,val,0.5847561880627183,1
seg_001617,sample_00539,The girl just faded - Los Llamarada,1,2.6871729897930305,classical_20260919T110356Z,RBF-SVM,optimized,val,0.5847561880627183,1
seg_001618,sample_00539,The girl just faded - Los Llamarada,1,2.2649904138063333,classical_20260919T110356Z,RBF-SVM,optimized,val,0.5847561880627183,1
seg_001619,sample_00539,The girl just faded - Los Llamarada,1,1.430971551756081,classical_20260919T110356Z,RBF-SVM,optimized,val,0.5847561880627183,1
seg_001644,sample_00548,The Stairway - WarpToken,1,1.915758951773349,classical_20260919T110356Z,RBF-SVM,optimized,val,0.5847561880627183,1
seg_001645,sample_00548,The Stairway - WarpToken,1,3.452552115876966,classical_20260919T110356Z,RBF-SVM,optimized,val,0.5847561880627183,1
seg_001646,sample_00548,The Stairway - WarpToken,1,1.4594543742563697,classical_20260919T110356Z,RBF-SVM,optimized,val,0.5847561880627183,1
seg_001647,sample_00549,Three Bird - My brother Daniel,1,1.963446534825398,classical_20260919T110356Z,RBF-SVM,optimized,val,0.5847561880627183,1
seg_001648,sample_00549,Three Bird - My brother Daniel,1,2.692444129420962,classical_20260919T110356Z,RBF-SVM,optimized,val,0.5847561880627183,1
seg_001649,sample_00549,Three Bird - My brother Daniel,1,1.5971949281582332,classical_20260919T110356Z,RBF-SVM,optimized,val,0.5847561880627183,1
seg_001650,sample_00550,Timen Passing By - Jason Shaw,1,1.9911253951118097,classical_20260919T110356Z,RBF-SVM,optimized,val,0.5847561880627183,1
seg_001651,sample_00550,Timen Passing By - Jason Shaw,1,2.0642966525438453,classical_20260919T110356Z,RBF-SVM,optimized,val,0.5847561880627183,1
seg_001652,sample_00550,Timen Passing By - Jason Shaw,1,2.1118914145768746,classical_20260919T110356Z,RBF-SVM,optimized,val,0.5847561880627183,1
seg_001653,sample_00551,Time Is Love - Silence is full of birds,1,0.8499877673271476,classical_20260919T110356Z,RBF-SVM,optimized,val,0.5847561880627183,1
seg_001654,sample_00551,Time Is Love - Silence is full of birds,1,2.557886566101254,classical_20260919T110356Z,RBF-SVM,optimized,val,0.5847561880627183,1
seg_001655,sample_00551,Time Is Love - Silence is full of birds,1,1.4262383417648388,classical_20260919T110356Z,RBF-SVM,optimized,val,0.5847561880627183,1
seg_001680,sample_00560,Understand That This Is A Dream - From the album Modulating Coil [RSVP008] - Forrest James,1,1.7415303531984454,classical_20260919T110356Z,RBF-SVM,optimized,val,0.5847561880627183,1
seg_001681,sample_00560,Understand That This Is A Dream - From the album Modulating Coil [RSVP008] - Forrest James,1,1.7451209731572497,classical_20260919T110356Z,RBF-SVM,optimized,val,0.5847561880627183,1
seg_001682,sample_00560,Understand That This Is A Dream - From the album Modulating Coil [RSVP008] - Forrest James,1,2.5984166842594085,classical_20260919T110356Z,RBF-SVM,optimized,val,0.5847561880627183,1
seg_001695,sample_00565,Voxel - Andy G. Cohen,1,1.6191673754584772,classical_20260919T110356Z,RBF-SVM,optimized,val,0.5847561880627183,1
seg_001696,sample_00565,Voxel - Andy G. Cohen,1,1.537888815069293,classical_20260919T110356Z,RBF-SVM,optimized,val,0.5847561880627183,1
seg_001697,sample_00565,Voxel - Andy G. Cohen,1,1.3924175002924701,classical_20260919T110356Z,RBF-SVM,optimized,val,0.5847561880627183,1
seg_001701,sample_00567,Westside Chillers - Little Glass Men,1,2.510565327367268,classical_20260919T110356Z,RBF-SVM,optimized,val,0.5847561880627183,1
seg_001702,sample_00567,Westside Chillers - Little Glass Men,1,1.3110813349030548,classical_20260919T110356Z,RBF-SVM,optimized,val,0.5847561880627183,1
seg_001703,sample_00567,Westside Chillers - Little Glass Men,1,1.1625826798442722,classical_20260919T110356Z,RBF-SVM,optimized,val,0.5847561880627183,1
seg_001758,sample_00586,В Наших Сердцах - Чокнутый Пропеллер,1,0.3784140915806795,classical_20260919T110356Z,RBF-SVM,optimized,val,0.5847561880627183,0
seg_001759,sample_00586,В Наших Сердцах - Чокнутый Пропеллер,1,1.4776301755580097,classical_20260919T110356Z,RBF-SVM,optimized,val,0.5847561880627183,1
seg_001760,sample_00586,В Наших Сердцах - Чокнутый Пропеллер,1,0.08799973254932536,classical_20260919T110356Z,RBF-SVM,optimized,val,0.5847561880627183,0
seg_001767,sample_00589,Новый Нью-Йорк 2 - Чокнутый Пропеллер,1,0.7773317128481507,classical_20260919T110356Z,RBF-SVM,optimized,val,0.5847561880627183,1
seg_001768,sample_00589,Новый Нью-Йорк 2 - Чокнутый Пропеллер,1,2.036706952253877,classical_20260919T110356Z,RBF-SVM,optimized,val,0.5847561880627183,1
seg_001769,sample_00589,Новый Нью-Йорк 2 - Чокнутый Пропеллер,1,3.403001680399587,classical_20260919T110356Z,RBF-SVM,optimized,val,0.5847561880627183,1
seg_001785,sample_00595,Daylight Savings - My brother Daniel,1,2.5164113707727496,classical_20260919T110356Z,RBF-SVM,optimized,val,0.5847561880627183,1
seg_001786,sample_00595,Daylight Savings - My brother Daniel,1,2.966538575792632,classical_20260919T110356Z,RBF-SVM,optimized,val,0.5847561880627183,1
seg_001787,sample_00595,Daylight Savings - My brother Daniel,1,2.9709908675021794,classical_20260919T110356Z,RBF-SVM,optimized,val,0.5847561880627183,1
seg_001788,sample_00596,Three Bird - My brother Daniel,1,2.9893618498334242,classical_20260919T110356Z,RBF-SVM,optimized,val,0.5847561880627183,1
seg_001789,sample_00596,Three Bird - My brother Daniel,1,2.0448771254509683,classical_20260919T110356Z,RBF-SVM,optimized,val,0.5847561880627183,1
seg_001790,sample_00596,Three Bird - My brother Daniel,1,3.807101950718503,classical_20260919T110356Z,RBF-SVM,optimized,val,0.5847561880627183,1
seg_001827,sample_00609,Timen Passing By - Jason Shaw,1,2.5182159952606926,classical_20260919T110356Z,RBF-SVM,optimized,val,0.5847561880627183,1
seg_001828,sample_00609,Timen Passing By - Jason Shaw,1,2.7460867915627065,classical_20260919T110356Z,RBF-SVM,optimized,val,0.5847561880627183,1
seg_001829,sample_00609,Timen Passing By - Jason Shaw,1,4.107942647992065,classical_20260919T110356Z,RBF-SVM,optimized,val,0.5847561880627183,1
seg_001830,sample_00610,Night Drive - Decktonic,1,1.481600492392875,classical_20260919T110356Z,RBF-SVM,optimized,val,0.5847561880627183,1
seg_001831,sample_00610,Night Drive - Decktonic,1,1.005756061220711,classical_20260919T110356Z,RBF-SVM,optimized,val,0.5847561880627183,1
seg_001832,sample_00610,Night Drive - Decktonic,1,1.6870453407871409,classical_20260919T110356Z,RBF-SVM,optimized,val,0.5847561880627183,1
seg_001845,sample_00615,Sturgeon's Law - Nihilore,1,1.9017918582031825,classical_20260919T110356Z,RBF-SVM,optimized,val,0.5847561880627183,1
seg_001846,sample_00615,Sturgeon's Law - Nihilore,1,1.6249359942658579,classical_20260919T110356Z,RBF-SVM,optimized,val,0.5847561880627183,1
seg_001847,sample_00615,Sturgeon's Law - Nihilore,1,1.7786641189771843,classical_20260919T110356Z,RBF-SVM,optimized,val,0.5847561880627183,1
seg_001851,sample_00617,mystery team 2090 - Jesse Futerman,1,2.1075065462762237,classical_20260919T110356Z,RBF-SVM,optimized,val,0.5847561880627183,1
seg_001852,sample_00617,mystery team 2090 - Jesse Futerman,1,2.6041438941577573,classical_20260919T110356Z,RBF-SVM,optimized,val,0.5847561880627183,1
seg_001853,sample_00617,mystery team 2090 - Jesse Futerman,1,2.4957355158910697,classical_20260919T110356Z,RBF-SVM,optimized,val,0.5847561880627183,1
seg_001875,sample_00625,Loved Ones - Rowan Box,1,1.2067515466545857,classical_20260919T110356Z,RBF-SVM,optimized,val,0.5847561880627183,1
seg_001876,sample_00625,Loved Ones - Rowan Box,1,2.0776600219845944,classical_20260919T110356Z,RBF-SVM,optimized,val,0.5847561880627183,1
seg_001877,sample_00625,Loved Ones - Rowan Box,1,1.463335405006379,classical_20260919T110356Z,RBF-SVM,optimized,val,0.5847561880627183,1
seg_001917,sample_00639,CopperNickle - UncleBibby,1,2.8831740877284084,classical_20260919T110356Z,RBF-SVM,optimized,val,0.5847561880627183,1
seg_001918,sample_00639,CopperNickle - UncleBibby,1,2.311770174517684,classical_20260919T110356Z,RBF-SVM,optimized,val,0.5847561880627183,1
seg_001919,sample_00639,CopperNickle - UncleBibby,1,2.5735084991388373,classical_20260919T110356Z,RBF-SVM,optimized,val,0.5847561880627183,1
seg_001953,sample_00651,Nuo Maisemat - Paavoharju,1,2.6432512778582984,classical_20260919T110356Z,RBF-SVM,optimized,val,0.5847561880627183,1
seg_001954,sample_00651,Nuo Maisemat - Paavoharju,1,2.215541231197995,classical_20260919T110356Z,RBF-SVM,optimized,val,0.5847561880627183,1
seg_001955,sample_00651,Nuo Maisemat - Paavoharju,1,1.5778983948083207,classical_20260919T110356Z,RBF-SVM,optimized,val,0.5847561880627183,1
seg_001986,sample_00662,SD (Ill Mix) - H-LR,1,2.176328247452143,classical_20260919T110356Z,RBF-SVM,optimized,val,0.5847561880627183,1
seg_001987,sample_00662,SD (Ill Mix) - H-LR,1,1.6553337850130743,classical_20260919T110356Z,RBF-SVM,optimized,val,0.5847561880627183,1
seg_001988,sample_00662,SD (Ill Mix) - H-LR,1,1.722897172725924,classical_20260919T110356Z,RBF-SVM,optimized,val,0.5847561880627183,1
seg_001998,sample_00666,Kumorizoranohajimarutokoro - Hosomi,1,1.6639041706351623,classical_20260919T110356Z,RBF-SVM,optimized,val,0.5847561880627183,1
seg_001999,sample_00666,Kumorizoranohajimarutokoro - Hosomi,1,0.961940046863743,classical_20260919T110356Z,RBF-SVM,optimized,val,0.5847561880627183,1
seg_002000,sample_00666,Kumorizoranohajimarutokoro - Hosomi,1,1.2665174510445467,classical_20260919T110356Z,RBF-SVM,optimized,val,0.5847561880627183,1
seg_002019,sample_00673,some dextromethorphan - Jeva,1,2.258919805502699,classical_20260919T110356Z,RBF-SVM,optimized,val,0.5847561880627183,1
seg_002020,sample_00673,some dextromethorphan - Jeva,1,1.7528336320449547,classical_20260919T110356Z,RBF-SVM,optimized,val,0.5847561880627183,1
seg_002021,sample_00673,some dextromethorphan - Jeva,1,1.2572733783455217,classical_20260919T110356Z,RBF-SVM,optimized,val,0.5847561880627183,1
seg_002028,sample_00676,Fifth Ramble - From the album Keith [RSVP007] - My brother Daniel,1,2.6651053665677806,classical_20260919T110356Z,RBF-SVM,optimized,val,0.5847561880627183,1
seg_002029,sample_00676,Fifth Ramble - From the album Keith [RSVP007] - My brother Daniel,1,3.2840110501351205,classical_20260919T110356Z,RBF-SVM,optimized,val,0.5847561880627183,1
seg_002030,sample_00676,Fifth Ramble - From the album Keith [RSVP007] - My brother Daniel,1,3.2800958907712245,classical_20260919T110356Z,RBF-SVM,optimized,val,0.5847561880627183,1
seg_002043,sample_00681,Westside Chillers - Little Glass Men,1,1.9722025501647604,classical_20260919T110356Z,RBF-SVM,optimized,val,0.5847561880627183,1
seg_002044,sample_00681,Westside Chillers - Little Glass Men,1,2.155899475482028,classical_20260919T110356Z,RBF-SVM,optimized,val,0.5847561880627183,1
seg_002045,sample_00681,Westside Chillers - Little Glass Men,1,1.3700319731253228,classical_20260919T110356Z,RBF-SVM,optimized,val,0.5847561880627183,1
seg_002076,sample_00692,If You're Ther - Nicola Ratti,1,3.0140287645662474,classical_20260919T110356Z,RBF-SVM,optimized,val,0.5847561880627183,1
seg_002077,sample_00692,If You're Ther - Nicola Ratti,1,2.9515431587386036,classical_20260919T110356Z,RBF-SVM,optimized,val,0.5847561880627183,1
seg_002078,sample_00692,If You're Ther - Nicola Ratti,1,3.6703904409431303,classical_20260919T110356Z,RBF-SVM,optimized,val,0.5847561880627183,1
seg_002079,sample_00693,Understand That This Is A Dream - From the album Modulating Coil [RSVP008] - Forrest James,1,1.1791212704621747,classical_20260919T110356Z,RBF-SVM,optimized,val,0.5847561880627183,1
seg_002080,sample_00693,Understand That This Is A Dream - From the album Modulating Coil [RSVP008] - Forrest James,1,1.9050812854059291,classical_20260919T110356Z,RBF-SVM,optimized,val,0.5847561880627183,1
seg_002081,sample_00693,Understand That This Is A Dream - From the album Modulating Coil [RSVP008] - Forrest James,1,0.9823644547679382,classical_20260919T110356Z,RBF-SVM,optimized,val,0.5847561880627183,1
seg_002100,sample_00700,The Stairway - WarpToken,1,3.2781078924950173,classical_20260919T110356Z,RBF-SVM,optimized,val,0.5847561880627183,1
seg_002101,sample_00700,The Stairway - WarpToken,1,2.663466309353128,classical_20260919T110356Z,RBF-SVM,optimized,val,0.5847561880627183,1
seg_002102,sample_00700,The Stairway - WarpToken,1,3.535215145652808,classical_20260919T110356Z,RBF-SVM,optimized,val,0.5847561880627183,1
seg_002112,sample_00704,Soleares&beats - Malaventura,1,2.575268628607583,classical_20260919T110356Z,RBF-SVM,optimized,val,0.5847561880627183,1
seg_002113,sample_00704,Soleares&beats - Malaventura,1,2.1363854892923304,classical_20260919T110356Z,RBF-SVM,optimized,val,0.5847561880627183,1
seg_002114,sample_00704,Soleares&beats - Malaventura,1,2.2792367183311324,classical_20260919T110356Z,RBF-SVM,optimized,val,0.5847561880627183,1
seg_002184,sample_00728,Evil Cannot Create - Caleb Lemond,1,3.3869178167358207,classical_20260919T110356Z,RBF-SVM,optimized,val,0.5847561880627183,1
seg_002185,sample_00728,Evil Cannot Create - Caleb Lemond,1,2.345704522692693,classical_20260919T110356Z,RBF-SVM,optimized,val,0.5847561880627183,1
seg_002186,sample_00728,Evil Cannot Create - Caleb Lemond,1,3.3690373092960417,classical_20260919T110356Z,RBF-SVM,optimized,val,0.5847561880627183,1
seg_002196,sample_00732,Norweigian Wood II - Bird Names,1,2.207095783011905,classical_20260919T110356Z,RBF-SVM,optimized,val,0.5847561880627183,1
seg_002197,sample_00732,Norweigian Wood II - Bird Names,1,1.9853512538610798,classical_20260919T110356Z,RBF-SVM,optimized,val,0.5847561880627183,1
seg_002198,sample_00732,Norweigian Wood II - Bird Names,1,3.274900651228463,classical_20260919T110356Z,RBF-SVM,optimized,val,0.5847561880627183,1
seg_002214,sample_00738,Roller Star - Monroeville Music Center,1,4.489738628210276,classical_20260919T110356Z,RBF-SVM,optimized,val,0.5847561880627183,1
seg_002215,sample_00738,Roller Star - Monroeville Music Center,1,5.306828547756825,classical_20260919T110356Z,RBF-SVM,optimized,val,0.5847561880627183,1
seg_002216,sample_00738,Roller Star - Monroeville Music Center,1,4.6046620945361925,classical_20260919T110356Z,RBF-SVM,optimized,val,0.5847561880627183,1
seg_002229,sample_00743,Time Is Love - Silence is full of birds,1,2.3596489260321545,classical_20260919T110356Z,RBF-SVM,optimized,val,0.5847561880627183,1
seg_002230,sample_00743,Time Is Love - Silence is full of birds,1,3.6004127751445614,classical_20260919T110356Z,RBF-SVM,optimized,val,0.5847561880627183,1
seg_002231,sample_00743,Time Is Love - Silence is full of birds,1,3.5480746188332617,classical_20260919T110356Z,RBF-SVM,optimized,val,0.5847561880627183,1
seg_002232,sample_00744,Stockholm Syndrome / People Should Be More Aware - Bird Names,1,1.1714473450407963,classical_20260919T110356Z,RBF-SVM,optimized,val,0.5847561880627183,1
seg_002233,sample_00744,Stockholm Syndrome / People Should Be More Aware - Bird Names,1,0.8838660219923596,classical_20260919T110356Z,RBF-SVM,optimized,val,0.5847561880627183,1
seg_002234,sample_00744,Stockholm Syndrome / People Should Be More Aware - Bird Names,1,1.6756497654423184,classical_20260919T110356Z,RBF-SVM,optimized,val,0.5847561880627183,1
seg_002244,sample_00748,"Roundtrip - Oh Yeah, the Future",1,2.540574253001016,classical_20260919T110356Z,RBF-SVM,optimized,val,0.5847561880627183,1
seg_002245,sample_00748,"Roundtrip - Oh Yeah, the Future",1,2.8174218553988712,classical_20260919T110356Z,RBF-SVM,optimized,val,0.5847561880627183,1
seg_002246,sample_00748,"Roundtrip - Oh Yeah, the Future",1,3.246742242483262,classical_20260919T110356Z,RBF-SVM,optimized,val,0.5847561880627183,1
seg_002247,sample_00749,New Life (take 1) - Bird Names,1,3.1460239332451567,classical_20260919T110356Z,RBF-SVM,optimized,val,0.5847561880627183,1
seg_002248,sample_00749,New Life (take 1) - Bird Names,1,1.7644076535554853,classical_20260919T110356Z,RBF-SVM,optimized,val,0.5847561880627183,1
seg_002249,sample_00749,New Life (take 1) - Bird Names,1,3.35054533507833,classical_20260919T110356Z,RBF-SVM,optimized,val,0.5847561880627183,1
seg_002253,sample_00751,My Body Is A Weapon (Compromise Edit) - Silence is full of birds,1,2.7439800979845934,classical_20260919T110356Z,RBF-SVM,optimized,val,0.5847561880627183,1
seg_002254,sample_00751,My Body Is A Weapon (Compromise Edit) - Silence is full of birds,1,1.968990474290276,classical_20260919T110356Z,RBF-SVM,optimized,val,0.5847561880627183,1
seg_002255,sample_00751,My Body Is A Weapon (Compromise Edit) - Silence is full of birds,1,3.4029526803563943,classical_20260919T110356Z,RBF-SVM,optimized,val,0.5847561880627183,1
seg_002280,sample_00760,Agora - Malaventura,1,2.3728662418186097,classical_20260919T110356Z,RBF-SVM,optimized,val,0.5847561880627183,1
seg_002281,sample_00760,Agora - Malaventura,1,2.118490476673286,classical_20260919T110356Z,RBF-SVM,optimized,val,0.5847561880627183,1
seg_002282,sample_00760,Agora - Malaventura,1,1.8589000565627773,classical_20260919T110356Z,RBF-SVM,optimized,val,0.5847561880627183,1
seg_002304,sample_00768,Empty Pockets - Pete Prodoehl,1,2.40615263850248,classical_20260919T110356Z,RBF-SVM,optimized,val,0.5847561880627183,1
seg_002305,sample_00768,Empty Pockets - Pete Prodoehl,1,1.8455131516897767,classical_20260919T110356Z,RBF-SVM,optimized,val,0.5847561880627183,1
seg_002306,sample_00768,Empty Pockets - Pete Prodoehl,1,2.928273203061923,classical_20260919T110356Z,RBF-SVM,optimized,val,0.5847561880627183,1
seg_002310,sample_00770,Windows of the Skull - Sarin,1,2.2076571786939456,classical_20260919T110356Z,RBF-SVM,optimized,val,0.5847561880627183,1
seg_002311,sample_00770,Windows of the Skull - Sarin,1,2.3706394975728995,classical_20260919T110356Z,RBF-SVM,optimized,val,0.5847561880627183,1
seg_002312,sample_00770,Windows of the Skull - Sarin,1,1.7276878457594136,classical_20260919T110356Z,RBF-SVM,optimized,val,0.5847561880627183,1
seg_002319,sample_00773,Gila Monster Flop/Music History Lesson:The Sonics - The Crypts!,1,3.084956016850276,classical_20260919T110356Z,RBF-SVM,optimized,val,0.5847561880627183,1
seg_002320,sample_00773,Gila Monster Flop/Music History Lesson:The Sonics - The Crypts!,1,2.2252689102982988,classical_20260919T110356Z,RBF-SVM,optimized,val,0.5847561880627183,1
seg_002321,sample_00773,Gila Monster Flop/Music History Lesson:The Sonics - The Crypts!,1,3.1170231387384013,classical_20260919T110356Z,RBF-SVM,optimized,val,0.5847561880627183,1
seg_002343,sample_00781,Voxel - Andy G. Cohen,1,2.5942685359667284,classical_20260919T110356Z,RBF-SVM,optimized,val,0.5847561880627183,1
seg_002344,sample_00781,Voxel - Andy G. Cohen,1,2.642428000678766,classical_20260919T110356Z,RBF-SVM,optimized,val,0.5847561880627183,1
seg_002345,sample_00781,Voxel - Andy G. Cohen,1,3.453327140418235,classical_20260919T110356Z,RBF-SVM,optimized,val,0.5847561880627183,1
seg_002364,sample_00788,Scramby Eggs - Andy G. Cohen,1,4.053557185605209,classical_20260919T110356Z,RBF-SVM,optimized,val,0.5847561880627183,1
seg_002365,sample_00788,Scramby Eggs - Andy G. Cohen,1,1.7405984184902867,classical_20260919T110356Z,RBF-SVM,optimized,val,0.5847561880627183,1
seg_002366,sample_00788,Scramby Eggs - Andy G. Cohen,1,4.403176425597952,classical_20260919T110356Z,RBF-SVM,optimized,val,0.5847561880627183,1
seg_002406,sample_00802,I Fell - Mod Fun,1,2.8843429990653098,classical_20260919T110356Z,RBF-SVM,optimized,val,0.5847561880627183,1
seg_002407,sample_00802,I Fell - Mod Fun,1,1.9345472715013075,classical_20260919T110356Z,RBF-SVM,optimized,val,0.5847561880627183,1
seg_002408,sample_00802,I Fell - Mod Fun,1,5.111077449423367,classical_20260919T110356Z,RBF-SVM,optimized,val,0.5847561880627183,1
seg_002409,sample_00803,Новый Нью-Йорк 2 - Чокнутый Пропеллер,1,2.6099196794293267,classical_20260919T110356Z,RBF-SVM,optimized,val,0.5847561880627183,1
seg_002410,sample_00803,Новый Нью-Йорк 2 - Чокнутый Пропеллер,1,2.6658985679485587,classical_20260919T110356Z,RBF-SVM,optimized,val,0.5847561880627183,1
seg_002411,sample_00803,Новый Нью-Йорк 2 - Чокнутый Пропеллер,1,2.3061129635882804,classical_20260919T110356Z,RBF-SVM,optimized,val,0.5847561880627183,1
seg_002421,sample_00807,March of the GPA Mechanics - [t]ghost,1,2.3608143368450567,classical_20260919T110356Z,RBF-SVM,optimized,val,0.5847561880627183,1
seg_002422,sample_00807,March of the GPA Mechanics - [t]ghost,1,1.5775288044195044,classical_20260919T110356Z,RBF-SVM,optimized,val,0.5847561880627183,1
seg_002423,sample_00807,March of the GPA Mechanics - [t]ghost,1,1.7201597541523264,classical_20260919T110356Z,RBF-SVM,optimized,val,0.5847561880627183,1
seg_002436,sample_00812,2 (Wasn't There) - Isle of Pine,1,2.312728446204093,classical_20260919T110356Z,RBF-SVM,optimized,val,0.5847561880627183,1
seg_002437,sample_00812,2 (Wasn't There) - Isle of Pine,1,2.5579886535651477,classical_20260919T110356Z,RBF-SVM,optimized,val,0.5847561880627183,1
seg_002438,sample_00812,2 (Wasn't There) - Isle of Pine,1,4.289356706914467,classical_20260919T110356Z,RBF-SVM,optimized,val,0.5847561880627183,1
seg_002439,sample_00813,The girl just faded - Los Llamarada,1,0.76757896996301,classical_20260919T110356Z,RBF-SVM,optimized,val,0.5847561880627183,1
seg_002440,sample_00813,The girl just faded - Los Llamarada,1,0.6821078574452786,classical_20260919T110356Z,RBF-SVM,optimized,val,0.5847561880627183,1
seg_002441,sample_00813,The girl just faded - Los Llamarada,1,0.9909688719838651,classical_20260919T110356Z,RBF-SVM,optimized,val,0.5847561880627183,1
seg_002457,sample_00819,В Наших Сердцах - Чокнутый Пропеллер,1,1.8944185939517149,classical_20260919T110356Z,RBF-SVM,optimized,val,0.5847561880627183,1
seg_002458,sample_00819,В Наших Сердцах - Чокнутый Пропеллер,1,2.772622033612256,classical_20260919T110356Z,RBF-SVM,optimized,val,0.5847561880627183,1
seg_002459,sample_00819,В Наших Сердцах - Чокнутый Пропеллер,1,2.7208447264491205,classical_20260919T110356Z,RBF-SVM,optimized,val,0.5847561880627183,1
seg_002460,sample_00820,Lights Up - Pipe Choir,1,3.284485918822051,classical_20260919T110356Z,RBF-SVM,optimized,val,0.5847561880627183,1
seg_002461,sample_00820,Lights Up - Pipe Choir,1,2.9162011697076533,classical_20260919T110356Z,RBF-SVM,optimized,val,0.5847561880627183,1
seg_002462,sample_00820,Lights Up - Pipe Choir,1,4.208772997216872,classical_20260919T110356Z,RBF-SVM,optimized,val,0.5847561880627183,1
seg_002466,sample_00822,Beyond Luxury - Mors Ontologica,1,3.284894340393849,classical_20260919T110356Z,RBF-SVM,optimized,val,0.5847561880627183,1
seg_002467,sample_00822,Beyond Luxury - Mors Ontologica,1,2.1531555799376507,classical_20260919T110356Z,RBF-SVM,optimized,val,0.5847561880627183,1
seg_002468,sample_00822,Beyond Luxury - Mors Ontologica,1,4.564233831702554,classical_20260919T110356Z,RBF-SVM,optimized,val,0.5847561880627183,1
seg_002529,sample_00843,Fear - Los Fancy Free,1,2.80435098479167,classical_20260919T110356Z,RBF-SVM,optimized,val,0.5847561880627183,1
seg_002530,sample_00843,Fear - Los Fancy Free,1,2.6996762789923,classical_20260919T110356Z,RBF-SVM,optimized,val,0.5847561880627183,1
seg_002531,sample_00843,Fear - Los Fancy Free,1,2.817421122290857,classical_20260919T110356Z,RBF-SVM,optimized,val,0.5847561880627183,1
seg_002622,sample_00874,Redlight - Room For A Ghost,1,1.1242146517970415,classical_20260919T110356Z,RBF-SVM,optimized,val,0.5847561880627183,1
seg_002623,sample_00874,Redlight - Room For A Ghost,1,1.036511356353838,classical_20260919T110356Z,RBF-SVM,optimized,val,0.5847561880627183,1
seg_002624,sample_00874,Redlight - Room For A Ghost,1,2.444344105490538,classical_20260919T110356Z,RBF-SVM,optimized,val,0.5847561880627183,1
seg_002625,sample_00875,Shipwrecked Crew - Pete Prodoehl,1,3.06483586437271,classical_20260919T110356Z,RBF-SVM,optimized,val,0.5847561880627183,1
seg_002626,sample_00875,Shipwrecked Crew - Pete Prodoehl,1,2.092107504953248,classical_20260919T110356Z,RBF-SVM,optimized,val,0.5847561880627183,1
seg_002627,sample_00875,Shipwrecked Crew - Pete Prodoehl,1,1.9778661622482134,classical_20260919T110356Z,RBF-SVM,optimized,val,0.5847561880627183,1
seg_002640,sample_00880,Morning Bell - Nihilore,1,1.7573316090402815,classical_20260919T110356Z,RBF-SVM,optimized,val,0.5847561880627183,1
seg_002641,sample_00880,Morning Bell - Nihilore,1,1.59259230443114,classical_20260919T110356Z,RBF-SVM,optimized,val,0.5847561880627183,1
seg_002642,sample_00880,Morning Bell - Nihilore,1,2.053929630984087,classical_20260919T110356Z,RBF-SVM,optimized,val,0.5847561880627183,1
seg_002694,sample_00898,CopperNickle - UncleBibby,1,0.8410463679958893,classical_20260919T110356Z,RBF-SVM,optimized,val,0.5847561880627183,1
seg_002695,sample_00898,CopperNickle - UncleBibby,1,1.1226331075384746,classical_20260919T110356Z,RBF-SVM,optimized,val,0.5847561880627183,1
seg_002696,sample_00898,CopperNickle - UncleBibby,1,2.30544547593568,classical_20260919T110356Z,RBF-SVM,optimized,val,0.5847561880627183,1
seg_002697,sample_00899,CopperNickle - UncleBibby,1,0.20051281670736798,classical_20260919T110356Z,RBF-SVM,optimized,val,0.5847561880627183,0
seg_002698,sample_00899,CopperNickle - UncleBibby,1,1.3899122618428579,classical_20260919T110356Z,RBF-SVM,optimized,val,0.5847561880627183,1
seg_002699,sample_00899,CopperNickle - UncleBibby,1,3.154350787202982,classical_20260919T110356Z,RBF-SVM,optimized,val,0.5847561880627183,1
seg_002766,sample_00922,mystery team 2090 - Jesse Futerman,1,1.9568771765083266,classical_20260919T110356Z,RBF-SVM,optimized,val,0.5847561880627183,1
seg_002767,sample_00922,mystery team 2090 - Jesse Futerman,1,0.2725697270942278,classical_20260919T110356Z,RBF-SVM,optimized,val,0.5847561880627183,0
seg_002768,sample_00922,mystery team 2090 - Jesse Futerman,1,3.661064319274325,classical_20260919T110356Z,RBF-SVM,optimized,val,0.5847561880627183,1
seg_002769,sample_00923,mystery team 2090 - Jesse Futerman,1,1.3070626063552164,classical_20260919T110356Z,RBF-SVM,optimized,val,0.5847561880627183,1
seg_002770,sample_00923,mystery team 2090 - Jesse Futerman,1,1.2289100524084078,classical_20260919T110356Z,RBF-SVM,optimized,val,0.5847561880627183,1
seg_002771,sample_00923,mystery team 2090 - Jesse Futerman,1,1.4145107279263407,classical_20260919T110356Z,RBF-SVM,optimized,val,0.5847561880627183,1
seg_002772,sample_00924,Night Drive - Decktonic,1,3.22517352175894,classical_20260919T110356Z,RBF-SVM,optimized,val,0.5847561880627183,1
seg_002773,sample_00924,Night Drive - Decktonic,1,1.1124313086566409,classical_20260919T110356Z,RBF-SVM,optimized,val,0.5847561880627183,1
seg_002774,sample_00924,Night Drive - Decktonic,1,2.725744093136324,classical_20260919T110356Z,RBF-SVM,optimized,val,0.5847561880627183,1
seg_002775,sample_00925,Night Drive - Decktonic,1,1.6357578610595853,classical_20260919T110356Z,RBF-SVM,optimized,val,0.5847561880627183,1
seg_002776,sample_00925,Night Drive - Decktonic,1,1.3620546996134921,classical_20260919T110356Z,RBF-SVM,optimized,val,0.5847561880627183,1
seg_002777,sample_00925,Night Drive - Decktonic,1,3.552921138605511,classical_20260919T110356Z,RBF-SVM,optimized,val,0.5847561880627183,1
seg_002790,sample_00930,Nuo Maisemat - Paavoharju,1,0.7145142399101125,classical_20260919T110356Z,RBF-SVM,optimized,val,0.5847561880627183,1
seg_002791,sample_00930,Nuo Maisemat - Paavoharju,1,2.876632174250853,classical_20260919T110356Z,RBF-SVM,optimized,val,0.5847561880627183,1
seg_002792,sample_00930,Nuo Maisemat - Paavoharju,1,2.7982221553384683,classical_20260919T110356Z,RBF-SVM,optimized,val,0.5847561880627183,1
seg_002793,sample_00931,Nuo Maisemat - Paavoharju,1,2.2434816527756776,classical_20260919T110356Z,RBF-SVM,optimized,val,0.5847561880627183,1
seg_002794,sample_00931,Nuo Maisemat - Paavoharju,1,3.517376731146734,classical_20260919T110356Z,RBF-SVM,optimized,val,0.5847561880627183,1
seg_002795,sample_00931,Nuo Maisemat - Paavoharju,1,2.70856275660424,classical_20260919T110356Z,RBF-SVM,optimized,val,0.5847561880627183,1
seg_002874,sample_00958,SD (Ill Mix) - H-LR,1,1.3783574013355646,classical_20260919T110356Z,RBF-SVM,optimized,val,0.5847561880627183,1
seg_002875,sample_00958,SD (Ill Mix) - H-LR,1,1.158027763655665,classical_20260919T110356Z,RBF-SVM,optimized,val,0.5847561880627183,1
seg_002876,sample_00958,SD (Ill Mix) - H-LR,1,2.9217825264983626,classical_20260919T110356Z,RBF-SVM,optimized,val,0.5847561880627183,1
seg_002877,sample_00959,SD (Ill Mix) - H-LR,1,2.7410945342228397,classical_20260919T110356Z,RBF-SVM,optimized,val,0.5847561880627183,1
seg_002878,sample_00959,SD (Ill Mix) - H-LR,1,1.352817044615286,classical_20260919T110356Z,RBF-SVM,optimized,val,0.5847561880627183,1
seg_002879,sample_00959,SD (Ill Mix) - H-LR,1,1.7216302860876385,classical_20260919T110356Z,RBF-SVM,optimized,val,0.5847561880627183,1
seg_002982,sample_00994,Evil Cannot Create - Caleb Lemond,1,1.765233271216758,classical_20260919T110356Z,RBF-SVM,optimized,val,0.5847561880627183,1
seg_002983,sample_00994,Evil Cannot Create - Caleb Lemond,1,1.288260336969711,classical_20260919T110356Z,RBF-SVM,optimized,val,0.5847561880627183,1
seg_002984,sample_00994,Evil Cannot Create - Caleb Lemond,1,2.05651319053941,classical_20260919T110356Z,RBF-SVM,optimized,val,0.5847561880627183,1
seg_002985,sample_00995,Evil Cannot Create - Caleb Lemond,1,2.2975277928024758,classical_20260919T110356Z,RBF-SVM,optimized,val,0.5847561880627183,1
seg_002986,sample_00995,Evil Cannot Create - Caleb Lemond,1,1.9014859398709638,classical_20260919T110356Z,RBF-SVM,optimized,val,0.5847561880627183,1
seg_002987,sample_00995,Evil Cannot Create - Caleb Lemond,1,2.6624312611439835,classical_20260919T110356Z,RBF-SVM,optimized,val,0.5847561880627183,1
seg_003090,sample_01030,New Life (take 1) - Bird Names,1,1.8370114345378563,classical_20260919T110356Z,RBF-SVM,optimized,val,0.5847561880627183,1
seg_003091,sample_01030,New Life (take 1) - Bird Names,1,0.8858143940282774,classical_20260919T110356Z,RBF-SVM,optimized,val,0.5847561880627183,1
seg_003092,sample_01030,New Life (take 1) - Bird Names,1,2.3924513015335807,classical_20260919T110356Z,RBF-SVM,optimized,val,0.5847561880627183,1
seg_003093,sample_01031,New Life (take 1) - Bird Names,1,0.5405709897204953,classical_20260919T110356Z,RBF-SVM,optimized,val,0.5847561880627183,0
seg_003094,sample_01031,New Life (take 1) - Bird Names,1,0.9180227419359349,classical_20260919T110356Z,RBF-SVM,optimized,val,0.5847561880627183,1
seg_003095,sample_01031,New Life (take 1) - Bird Names,1,3.7801500806429065,classical_20260919T110356Z,RBF-SVM,optimized,val,0.5847561880627183,1
seg_003096,sample_01032,Norweigian Wood II - Bird Names,1,0.328965955202277,classical_20260919T110356Z,RBF-SVM,optimized,val,0.5847561880627183,0
seg_003097,sample_01032,Norweigian Wood II - Bird Names,1,1.081202619078538,classical_20260919T110356Z,RBF-SVM,optimized,val,0.5847561880627183,1
seg_003098,sample_01032,Norweigian Wood II - Bird Names,1,1.788013473396052,classical_20260919T110356Z,RBF-SVM,optimized,val,0.5847561880627183,1
seg_003099,sample_01033,Norweigian Wood II - Bird Names,1,2.13732965175998,classical_20260919T110356Z,RBF-SVM,optimized,val,0.5847561880627183,1
seg_003100,sample_01033,Norweigian Wood II - Bird Names,1,1.8634988456696848,classical_20260919T110356Z,RBF-SVM,optimized,val,0.5847561880627183,1
seg_003101,sample_01033,Norweigian Wood II - Bird Names,1,3.8283588259786763,classical_20260919T110356Z,RBF-SVM,optimized,val,0.5847561880627183,1
seg_003120,sample_01040,Roller Star - Monroeville Music Center,1,1.5179044642827941,classical_20260919T110356Z,RBF-SVM,optimized,val,0.5847561880627183,1
seg_003121,sample_01040,Roller Star - Monroeville Music Center,1,1.3086239772945847,classical_20260919T110356Z,RBF-SVM,optimized,val,0.5847561880627183,1
seg_003122,sample_01040,Roller Star - Monroeville Music Center,1,2.4697297845419386,classical_20260919T110356Z,RBF-SVM,optimized,val,0.5847561880627183,1
seg_003123,sample_01041,Roller Star - Monroeville Music Center,1,2.595426337592177,classical_20260919T110356Z,RBF-SVM,optimized,val,0.5847561880627183,1
seg_003124,sample_01041,Roller Star - Monroeville Music Center,1,2.358766157633143,classical_20260919T110356Z,RBF-SVM,optimized,val,0.5847561880627183,1
seg_003125,sample_01041,Roller Star - Monroeville Music Center,1,2.4675672471383594,classical_20260919T110356Z,RBF-SVM,optimized,val,0.5847561880627183,1
seg_003126,sample_01042,"Roundtrip - Oh Yeah, the Future",1,2.05994048469001,classical_20260919T110356Z,RBF-SVM,optimized,val,0.5847561880627183,1
seg_003127,sample_01042,"Roundtrip - Oh Yeah, the Future",1,1.353798265881622,classical_20260919T110356Z,RBF-SVM,optimized,val,0.5847561880627183,1
seg_003128,sample_01042,"Roundtrip - Oh Yeah, the Future",1,3.5556427192373405,classical_20260919T110356Z,RBF-SVM,optimized,val,0.5847561880627183,1
seg_003129,sample_01043,"Roundtrip - Oh Yeah, the Future",1,0.4607427423734294,classical_20260919T110356Z,RBF-SVM,optimized,val,0.5847561880627183,0
seg_003130,sample_01043,"Roundtrip - Oh Yeah, the Future",1,1.1704474383807792,classical_20260919T110356Z,RBF-SVM,optimized,val,0.5847561880627183,1
seg_003131,sample_01043,"Roundtrip - Oh Yeah, the Future",1,2.093416729135386,classical_20260919T110356Z,RBF-SVM,optimized,val,0.5847561880627183,1
seg_003144,sample_01048,Soleares&beats - Malaventura,1,2.8829638263569097,classical_20260919T110356Z,RBF-SVM,optimized,val,0.5847561880627183,1
seg_003145,sample_01048,Soleares&beats - Malaventura,1,0.9336464239738741,classical_20260919T110356Z,RBF-SVM,optimized,val,0.5847561880627183,1
seg_003146,sample_01048,Soleares&beats - Malaventura,1,2.3954895406578363,classical_20260919T110356Z,RBF-SVM,optimized,val,0.5847561880627183,1
seg_003147,sample_01049,Soleares&beats - Malaventura,1,0.6053742785226559,classical_20260919T110356Z,RBF-SVM,optimized,val,0.5847561880627183,1
seg_003148,sample_01049,Soleares&beats - Malaventura,1,1.4145516510752179,classical_20260919T110356Z,RBF-SVM,optimized,val,0.5847561880627183,1
seg_003149,sample_01049,Soleares&beats - Malaventura,1,1.0015222930951277,classical_20260919T110356Z,RBF-SVM,optimized,val,0.5847561880627183,1
seg_003162,sample_01054,Stockholm Syndrome / People Should Be More Aware - Bird Names,1,0.3413293894089011,classical_20260919T110356Z,RBF-SVM,optimized,val,0.5847561880627183,0
seg_003163,sample_01054,Stockholm Syndrome / People Should Be More Aware - Bird Names,1,1.6385705626492086,classical_20260919T110356Z,RBF-SVM,optimized,val,0.5847561880627183,1
seg_003164,sample_01054,Stockholm Syndrome / People Should Be More Aware - Bird Names,1,1.1084850977414007,classical_20260919T110356Z,RBF-SVM,optimized,val,0.5847561880627183,1
seg_003165,sample_01055,Stockholm Syndrome / People Should Be More Aware - Bird Names,1,1.9298939492689056,classical_20260919T110356Z,RBF-SVM,optimized,val,0.5847561880627183,1
seg_003166,sample_01055,Stockholm Syndrome / People Should Be More Aware - Bird Names,1,1.3788499572566157,classical_20260919T110356Z,RBF-SVM,optimized,val,0.5847561880627183,1
seg_003167,sample_01055,Stockholm Syndrome / People Should Be More Aware - Bird Names,1,1.7995937786215306,classical_20260919T110356Z,RBF-SVM,optimized,val,0.5847561880627183,1
seg_003204,sample_01068,Time Is Love - Silence is full of birds,1,2.9933805099069866,classical_20260919T110356Z,RBF-SVM,optimized,val,0.5847561880627183,1
seg_003205,sample_01068,Time Is Love - Silence is full of birds,1,1.2266546639188103,classical_20260919T110356Z,RBF-SVM,optimized,val,0.5847561880627183,1
seg_003206,sample_01068,Time Is Love - Silence is full of birds,1,2.3741667519543306,classical_20260919T110356Z,RBF-SVM,optimized,val,0.5847561880627183,1
seg_003207,sample_01069,Time Is Love - Silence is full of birds,1,1.7389076894281343,classical_20260919T110356Z,RBF-SVM,optimized,val,0.5847561880627183,1
seg_003208,sample_01069,Time Is Love - Silence is full of birds,1,0.7832413980480264,classical_20260919T110356Z,RBF-SVM,optimized,val,0.5847561880627183,1
seg_003209,sample_01069,Time Is Love - Silence is full of birds,1,3.847432113731691,classical_20260919T110356Z,RBF-SVM,optimized,val,0.5847561880627183,1
seg_003246,sample_01082,2 (Wasn't There) - Isle of Pine,1,2.2154370622306563,classical_20260919T110356Z,RBF-SVM,optimized,val,0.5847561880627183,1
seg_003247,sample_01082,2 (Wasn't There) - Isle of Pine,1,-0.011935544973384449,classical_20260919T110356Z,RBF-SVM,optimized,val,0.5847561880627183,0
seg_003248,sample_01082,2 (Wasn't There) - Isle of Pine,1,2.0623982234766207,classical_20260919T110356Z,RBF-SVM,optimized,val,0.5847561880627183,1
seg_003249,sample_01083,2 (Wasn't There) - Isle of Pine,1,2.002044697558023,classical_20260919T110356Z,RBF-SVM,optimized,val,0.5847561880627183,1
seg_003250,sample_01083,2 (Wasn't There) - Isle of Pine,1,0.04668979337036694,classical_20260919T110356Z,RBF-SVM,optimized,val,0.5847561880627183,0
seg_003251,sample_01083,2 (Wasn't There) - Isle of Pine,1,3.3553069461435037,classical_20260919T110356Z,RBF-SVM,optimized,val,0.5847561880627183,1
seg_003276,sample_01092,Empty Pockets - Pete Prodoehl,1,2.539431955396611,classical_20260919T110356Z,RBF-SVM,optimized,val,0.5847561880627183,1
seg_003277,sample_01092,Empty Pockets - Pete Prodoehl,1,-0.2134869756819382,classical_20260919T110356Z,RBF-SVM,optimized,val,0.5847561880627183,0
seg_003278,sample_01092,Empty Pockets - Pete Prodoehl,1,2.6368800770414667,classical_20260919T110356Z,RBF-SVM,optimized,val,0.5847561880627183,1
seg_003279,sample_01093,Empty Pockets - Pete Prodoehl,1,2.8249234353713404,classical_20260919T110356Z,RBF-SVM,optimized,val,0.5847561880627183,1
seg_003280,sample_01093,Empty Pockets - Pete Prodoehl,1,0.9198063490647344,classical_20260919T110356Z,RBF-SVM,optimized,val,0.5847561880627183,1
seg_003281,sample_01093,Empty Pockets - Pete Prodoehl,1,3.4930888934213096,classical_20260919T110356Z,RBF-SVM,optimized,val,0.5847561880627183,1
seg_003294,sample_01098,Gila Monster Flop/Music History Lesson:The Sonics - The Crypts!,1,1.07886722771554,classical_20260919T110356Z,RBF-SVM,optimized,val,0.5847561880627183,1
seg_003295,sample_01098,Gila Monster Flop/Music History Lesson:The Sonics - The Crypts!,1,1.0226523063843262,classical_20260919T110356Z,RBF-SVM,optimized,val,0.5847561880627183,1
seg_003296,sample_01098,Gila Monster Flop/Music History Lesson:The Sonics - The Crypts!,1,1.7664506438034502,classical_20260919T110356Z,RBF-SVM,optimized,val,0.5847561880627183,1
seg_003297,sample_01099,Gila Monster Flop/Music History Lesson:The Sonics - The Crypts!,1,1.2618736580382581,classical_20260919T110356Z,RBF-SVM,optimized,val,0.5847561880627183,1
seg_003298,sample_01099,Gila Monster Flop/Music History Lesson:The Sonics - The Crypts!,1,0.7031311613670042,classical_20260919T110356Z,RBF-SVM,optimized,val,0.5847561880627183,1
seg_003299,sample_01099,Gila Monster Flop/Music History Lesson:The Sonics - The Crypts!,1,1.7203376928067253,classical_20260919T110356Z,RBF-SVM,optimized,val,0.5847561880627183,1
seg_003312,sample_01104,I Fell - Mod Fun,1,1.1965439686989434,classical_20260919T110356Z,RBF-SVM,optimized,val,0.5847561880627183,1
seg_003313,sample_01104,I Fell - Mod Fun,1,1.2070643623437352,classical_20260919T110356Z,RBF-SVM,optimized,val,0.5847561880627183,1
seg_003314,sample_01104,I Fell - Mod Fun,1,3.4981776318695,classical_20260919T110356Z,RBF-SVM,optimized,val,0.5847561880627183,1
seg_003315,sample_01105,I Fell - Mod Fun,1,2.3469926282051228,classical_20260919T110356Z,RBF-SVM,optimized,val,0.5847561880627183,1
seg_003316,sample_01105,I Fell - Mod Fun,1,0.41459972521705657,classical_20260919T110356Z,RBF-SVM,optimized,val,0.5847561880627183,0
seg_003317,sample_01105,I Fell - Mod Fun,1,2.645755891629126,classical_20260919T110356Z,RBF-SVM,optimized,val,0.5847561880627183,1
seg_003360,sample_01120,March of the GPA Mechanics - [t]ghost,1,0.707805620222669,classical_20260919T110356Z,RBF-SVM,optimized,val,0.5847561880627183,1
seg_003361,sample_01120,March of the GPA Mechanics - [t]ghost,1,0.19324822203733305,classical_20260919T110356Z,RBF-SVM,optimized,val,0.5847561880627183,0
seg_003362,sample_01120,March of the GPA Mechanics - [t]ghost,1,3.3668631073718727,classical_20260919T110356Z,RBF-SVM,optimized,val,0.5847561880627183,1
seg_003363,sample_01121,March of the GPA Mechanics - [t]ghost,1,1.4107774995057956,classical_20260919T110356Z,RBF-SVM,optimized,val,0.5847561880627183,1
seg_003364,sample_01121,March of the GPA Mechanics - [t]ghost,1,0.4283100193228533,classical_20260919T110356Z,RBF-SVM,optimized,val,0.5847561880627183,0
seg_003365,sample_01121,March of the GPA Mechanics - [t]ghost,1,0.7991566030389796,classical_20260919T110356Z,RBF-SVM,optimized,val,0.5847561880627183,1
seg_003420,sample_01140,Scramby Eggs - Andy G. Cohen,1,0.136675945341324,classical_20260919T110356Z,RBF-SVM,optimized,val,0.5847561880627183,0
seg_003421,sample_01140,Scramby Eggs - Andy G. Cohen,1,1.1779996914163422,classical_20260919T110356Z,RBF-SVM,optimized,val,0.5847561880627183,1
seg_003422,sample_01140,Scramby Eggs - Andy G. Cohen,1,2.5476996955982076,classical_20260919T110356Z,RBF-SVM,optimized,val,0.5847561880627183,1
seg_003423,sample_01141,Scramby Eggs - Andy G. Cohen,1,0.599066138812322,classical_20260919T110356Z,RBF-SVM,optimized,val,0.5847561880627183,1
seg_003424,sample_01141,Scramby Eggs - Andy G. Cohen,1,-0.11226482555982131,classical_20260919T110356Z,RBF-SVM,optimized,val,0.5847561880627183,0
seg_003425,sample_01141,Scramby Eggs - Andy G. Cohen,1,3.06517348057785,classical_20260919T110356Z,RBF-SVM,optimized,val,0.5847561880627183,1
seg_003474,sample_01158,The girl just faded - Los Llamarada,1,1.15789711324395,classical_20260919T110356Z,RBF-SVM,optimized,val,0.5847561880627183,1
seg_003475,sample_01158,The girl just faded - Los Llamarada,1,1.520130077555417,classical_20260919T110356Z,RBF-SVM,optimized,val,0.5847561880627183,1
seg_003476,sample_01158,The girl just faded - Los Llamarada,1,2.5940469539325393,classical_20260919T110356Z,RBF-SVM,optimized,val,0.5847561880627183,1
seg_003477,sample_01159,The girl just faded - Los Llamarada,1,1.3777232683644138,classical_20260919T110356Z,RBF-SVM,optimized,val,0.5847561880627183,1
seg_003478,sample_01159,The girl just faded - Los Llamarada,1,0.667146881322048,classical_20260919T110356Z,RBF-SVM,optimized,val,0.5847561880627183,1
seg_003479,sample_01159,The girl just faded - Los Llamarada,1,1.8788811994472494,classical_20260919T110356Z,RBF-SVM,optimized,val,0.5847561880627183,1
seg_003492,sample_01164,Voxel - Andy G. Cohen,1,0.6076300944964044,classical_20260919T110356Z,RBF-SVM,optimized,val,0.5847561880627183,1
seg_003493,sample_01164,Voxel - Andy G. Cohen,1,0.38803999731296135,classical_20260919T110356Z,RBF-SVM,optimized,val,0.5847561880627183,0
seg_003494,sample_01164,Voxel - Andy G. Cohen,1,-0.8982966601363793,classical_20260919T110356Z,RBF-SVM,optimized,val,0.5847561880627183,0
seg_003495,sample_01165,Voxel - Andy G. Cohen,1,0.24684561578696118,classical_20260919T110356Z,RBF-SVM,optimized,val,0.5847561880627183,0
seg_003496,sample_01165,Voxel - Andy G. Cohen,1,1.6007528649821259,classical_20260919T110356Z,RBF-SVM,optimized,val,0.5847561880627183,1
seg_003497,sample_01165,Voxel - Andy G. Cohen,1,0.7608769723508328,classical_20260919T110356Z,RBF-SVM,optimized,val,0.5847561880627183,1
seg_003516,sample_01172,Windows of the Skull - Sarin,1,1.7550316861901851,classical_20260919T110356Z,RBF-SVM,optimized,val,0.5847561880627183,1
seg_003517,sample_01172,Windows of the Skull - Sarin,1,1.1081833802986132,classical_20260919T110356Z,RBF-SVM,optimized,val,0.5847561880627183,1
seg_003518,sample_01172,Windows of the Skull - Sarin,1,3.366063661770554,classical_20260919T110356Z,RBF-SVM,optimized,val,0.5847561880627183,1
seg_003519,sample_01173,Windows of the Skull - Sarin,1,2.241631911664772,classical_20260919T110356Z,RBF-SVM,optimized,val,0.5847561880627183,1
seg_003520,sample_01173,Windows of the Skull - Sarin,1,1.021147882761138,classical_20260919T110356Z,RBF-SVM,optimized,val,0.5847561880627183,1
seg_003521,sample_01173,Windows of the Skull - Sarin,1,3.1884260589428517,classical_20260919T110356Z,RBF-SVM,optimized,val,0.5847561880627183,1
seg_003534,sample_01178,Новый Нью-Йорк 2 - Чокнутый Пропеллер,1,1.9402875667727548,classical_20260919T110356Z,RBF-SVM,optimized,val,0.5847561880627183,1
seg_003535,sample_01178,Новый Нью-Йорк 2 - Чокнутый Пропеллер,1,-0.09778129801683777,classical_20260919T110356Z,RBF-SVM,optimized,val,0.5847561880627183,0
seg_003536,sample_01178,Новый Нью-Йорк 2 - Чокнутый Пропеллер,1,1.2879340595017394,classical_20260919T110356Z,RBF-SVM,optimized,val,0.5847561880627183,1
seg_003537,sample_01179,Новый Нью-Йорк 2 - Чокнутый Пропеллер,1,0.2264197563634105,classical_20260919T110356Z,RBF-SVM,optimized,val,0.5847561880627183,0
seg_003538,sample_01179,Новый Нью-Йорк 2 - Чокнутый Пропеллер,1,-0.15748293981770467,classical_20260919T110356Z,RBF-SVM,optimized,val,0.5847561880627183,0
seg_003539,sample_01179,Новый Нью-Йорк 2 - Чокнутый Пропеллер,1,1.015882288343537,classical_20260919T110356Z,RBF-SVM,optimized,val,0.5847561880627183,1
seg_003597,sample_01199,CopperNickle - UncleBibby,1,0.04446926181494426,classical_20260919T110356Z,RBF-SVM,optimized,val,0.5847561880627183,0
seg_003598,sample_01199,CopperNickle - UncleBibby,1,1.6778871135765203,classical_20260919T110356Z,RBF-SVM,optimized,val,0.5847561880627183,1
seg_003599,sample_01199,CopperNickle - UncleBibby,1,4.301892086330558,classical_20260919T110356Z,RBF-SVM,optimized,val,0.5847561880627183,1
seg_003606,sample_01202,Daylight Savings - My brother Daniel,1,0.19884410760082383,classical_20260919T110356Z,RBF-SVM,optimized,val,0.5847561880627183,0
seg_003607,sample_01202,Daylight Savings - My brother Daniel,1,1.844732210836201,classical_20260919T110356Z,RBF-SVM,optimized,val,0.5847561880627183,1
seg_003608,sample_01202,Daylight Savings - My brother Daniel,1,2.6748683223794414,classical_20260919T110356Z,RBF-SVM,optimized,val,0.5847561880627183,1
seg_003633,sample_01211,Fifth Ramble - From the album Keith [RSVP007] - My brother Daniel,1,1.961542589561693,classical_20260919T110356Z,RBF-SVM,optimized,val,0.5847561880627183,1
seg_003634,sample_01211,Fifth Ramble - From the album Keith [RSVP007] - My brother Daniel,1,1.2579627397706932,classical_20260919T110356Z,RBF-SVM,optimized,val,0.5847561880627183,1
seg_003635,sample_01211,Fifth Ramble - From the album Keith [RSVP007] - My brother Daniel,1,2.295864478464913,classical_20260919T110356Z,RBF-SVM,optimized,val,0.5847561880627183,1
seg_003657,sample_01219,If You're Ther - Nicola Ratti,1,2.290274951557936,classical_20260919T110356Z,RBF-SVM,optimized,val,0.5847561880627183,1
seg_003658,sample_01219,If You're Ther - Nicola Ratti,1,3.811945452327001,classical_20260919T110356Z,RBF-SVM,optimized,val,0.5847561880627183,1
seg_003659,sample_01219,If You're Ther - Nicola Ratti,1,4.228624108828903,classical_20260919T110356Z,RBF-SVM,optimized,val,0.5847561880627183,1
seg_003681,sample_01227,Kumorizoranohajimarutokoro - Hosomi,1,2.0515343386907348,classical_20260919T110356Z,RBF-SVM,optimized,val,0.5847561880627183,1
seg_003682,sample_01227,Kumorizoranohajimarutokoro - Hosomi,1,2.07277522569037,classical_20260919T110356Z,RBF-SVM,optimized,val,0.5847561880627183,1
seg_003683,sample_01227,Kumorizoranohajimarutokoro - Hosomi,1,2.821802524656569,classical_20260919T110356Z,RBF-SVM,optimized,val,0.5847561880627183,1
seg_003708,sample_01236,Loved Ones - Rowan Box,1,1.334097234577367,classical_20260919T110356Z,RBF-SVM,optimized,val,0.5847561880627183,1
seg_003709,sample_01236,Loved Ones - Rowan Box,1,1.354349822649859,classical_20260919T110356Z,RBF-SVM,optimized,val,0.5847561880627183,1
seg_003710,sample_01236,Loved Ones - Rowan Box,1,3.1363431333163607,classical_20260919T110356Z,RBF-SVM,optimized,val,0.5847561880627183,1
seg_003711,sample_01237,Morning Bell - Nihilore,1,0.6378278002640785,classical_20260919T110356Z,RBF-SVM,optimized,val,0.5847561880627183,1
seg_003712,sample_01237,Morning Bell - Nihilore,1,0.6427457925625615,classical_20260919T110356Z,RBF-SVM,optimized,val,0.5847561880627183,1
seg_003713,sample_01237,Morning Bell - Nihilore,1,3.3685341775267905,classical_20260919T110356Z,RBF-SVM,optimized,val,0.5847561880627183,1
seg_003714,sample_01238,mystery team 2090 - Jesse Futerman,1,1.098177503417992,classical_20260919T110356Z,RBF-SVM,optimized,val,0.5847561880627183,1
seg_003715,sample_01238,mystery team 2090 - Jesse Futerman,1,0.8830945429487929,classical_20260919T110356Z,RBF-SVM,optimized,val,0.5847561880627183,1
seg_003716,sample_01238,mystery team 2090 - Jesse Futerman,1,3.3674160170912035,classical_20260919T110356Z,RBF-SVM,optimized,val,0.5847561880627183,1
seg_003717,sample_01239,Night Drive - Decktonic,1,1.6933056143164675,classical_20260919T110356Z,RBF-SVM,optimized,val,0.5847561880627183,1
seg_003718,sample_01239,Night Drive - Decktonic,1,3.9755917201642816,classical_20260919T110356Z,RBF-SVM,optimized,val,0.5847561880627183,1
seg_003719,sample_01239,Night Drive - Decktonic,1,3.8742631127683387,classical_20260919T110356Z,RBF-SVM,optimized,val,0.5847561880627183,1
seg_003729,sample_01243,Nuo Maisemat - Paavoharju,1,2.070527954559366,classical_20260919T110356Z,RBF-SVM,optimized,val,0.5847561880627183,1
seg_003730,sample_01243,Nuo Maisemat - Paavoharju,1,4.242813940057251,classical_20260919T110356Z,RBF-SVM,optimized,val,0.5847561880627183,1
seg_003731,sample_01243,Nuo Maisemat - Paavoharju,1,2.9297291123764864,classical_20260919T110356Z,RBF-SVM,optimized,val,0.5847561880627183,1
seg_003780,sample_01260,SD (Ill Mix) - H-LR,1,1.5367281559418555,classical_20260919T110356Z,RBF-SVM,optimized,val,0.5847561880627183,1
seg_003781,sample_01260,SD (Ill Mix) - H-LR,1,1.8828563372096208,classical_20260919T110356Z,RBF-SVM,optimized,val,0.5847561880627183,1
seg_003782,sample_01260,SD (Ill Mix) - H-LR,1,3.0223547455107163,classical_20260919T110356Z,RBF-SVM,optimized,val,0.5847561880627183,1
seg_003795,sample_01265,some dextromethorphan - Jeva,1,0.9677485697281233,classical_20260919T110356Z,RBF-SVM,optimized,val,0.5847561880627183,1
seg_003796,sample_01265,some dextromethorphan - Jeva,1,2.187869074389537,classical_20260919T110356Z,RBF-SVM,optimized,val,0.5847561880627183,1
seg_003797,sample_01265,some dextromethorphan - Jeva,1,4.315915563588903,classical_20260919T110356Z,RBF-SVM,optimized,val,0.5847561880627183,1
seg_003804,sample_01268,Sturgeon's Law - Nihilore,1,1.4007298097994694,classical_20260919T110356Z,RBF-SVM,optimized,val,0.5847561880627183,1
seg_003805,sample_01268,Sturgeon's Law - Nihilore,1,1.7762410314955137,classical_20260919T110356Z,RBF-SVM,optimized,val,0.5847561880627183,1
seg_003806,sample_01268,Sturgeon's Law - Nihilore,1,4.336437285213329,classical_20260919T110356Z,RBF-SVM,optimized,val,0.5847561880627183,1
seg_003840,sample_01280,The Stairway - WarpToken,1,1.4086998904645331,classical_20260919T110356Z,RBF-SVM,optimized,val,0.5847561880627183,1
seg_003841,sample_01280,The Stairway - WarpToken,1,4.078113738012877,classical_20260919T110356Z,RBF-SVM,optimized,val,0.5847561880627183,1
seg_003842,sample_01280,The Stairway - WarpToken,1,3.666976755624671,classical_20260919T110356Z,RBF-SVM,optimized,val,0.5847561880627183,1
seg_003843,sample_01281,Three Bird - My brother Daniel,1,2.7273514838133255,classical_20260919T110356Z,RBF-SVM,optimized,val,0.5847561880627183,1
seg_003844,sample_01281,Three Bird - My brother Daniel,1,1.8938266604255847,classical_20260919T110356Z,RBF-SVM,optimized,val,0.5847561880627183,1
seg_003845,sample_01281,Three Bird - My brother Daniel,1,3.0543338288975694,classical_20260919T110356Z,RBF-SVM,optimized,val,0.5847561880627183,1
seg_003846,sample_01282,Timen Passing By - Jason Shaw,1,0.6339493039383592,classical_20260919T110356Z,RBF-SVM,optimized,val,0.5847561880627183,1
seg_003847,sample_01282,Timen Passing By - Jason Shaw,1,3.33104464359101,classical_20260919T110356Z,RBF-SVM,optimized,val,0.5847561880627183,1
seg_003848,sample_01282,Timen Passing By - Jason Shaw,1,4.700242828052974,classical_20260919T110356Z,RBF-SVM,optimized,val,0.5847561880627183,1
seg_003864,sample_01288,Understand That This Is A Dream - From the album Modulating Coil [RSVP008] - Forrest James,1,1.6419476747565338,classical_20260919T110356Z,RBF-SVM,optimized,val,0.5847561880627183,1
seg_003865,sample_01288,Understand That This Is A Dream - From the album Modulating Coil [RSVP008] - Forrest James,1,1.5653611091839883,classical_20260919T110356Z,RBF-SVM,optimized,val,0.5847561880627183,1
seg_003866,sample_01288,Understand That This Is A Dream - From the album Modulating Coil [RSVP008] - Forrest James,1,4.049376052575638,classical_20260919T110356Z,RBF-SVM,optimized,val,0.5847561880627183,1
seg_003873,sample_01291,Westside Chillers - Little Glass Men,1,1.2932936744192753,classical_20260919T110356Z,RBF-SVM,optimized,val,0.5847561880627183,1
seg_003874,sample_01291,Westside Chillers - Little Glass Men,1,1.6425672121703723,classical_20260919T110356Z,RBF-SVM,optimized,val,0.5847561880627183,1
seg_003875,sample_01291,Westside Chillers - Little Glass Men,1,3.9384520320780645,classical_20260919T110356Z,RBF-SVM,optimized,val,0.5847561880627183,1
seg_003885,sample_01295,Agora - Malaventura,1,0.3780106271134913,classical_20260919T110356Z,RBF-SVM,optimized,val,0.5847561880627183,0
seg_003886,sample_01295,Agora - Malaventura,1,1.294574238043171,classical_20260919T110356Z,RBF-SVM,optimized,val,0.5847561880627183,1
seg_003887,sample_01295,Agora - Malaventura,1,3.236670676582504,classical_20260919T110356Z,RBF-SVM,optimized,val,0.5847561880627183,1
seg_003912,sample_01304,Evil Cannot Create - Caleb Lemond,1,1.1065847931113018,classical_20260919T110356Z,RBF-SVM,optimized,val,0.5847561880627183,1
seg_003913,sample_01304,Evil Cannot Create - Caleb Lemond,1,1.0964076393939501,classical_20260919T110356Z,RBF-SVM,optimized,val,0.5847561880627183,1
seg_003914,sample_01304,Evil Cannot Create - Caleb Lemond,1,4.407391330917442,classical_20260919T110356Z,RBF-SVM,optimized,val,0.5847561880627183,1
seg_003972,sample_01324,My Body Is A Weapon (Compromise Edit) - Silence is full of birds,1,2.651209158329009,classical_20260919T110356Z,RBF-SVM,optimized,val,0.5847561880627183,1
seg_003973,sample_01324,My Body Is A Weapon (Compromise Edit) - Silence is full of birds,1,4.154796139439405,classical_20260919T110356Z,RBF-SVM,optimized,val,0.5847561880627183,1
seg_003974,sample_01324,My Body Is A Weapon (Compromise Edit) - Silence is full of birds,1,4.1021319592483705,classical_20260919T110356Z,RBF-SVM,optimized,val,0.5847561880627183,1
seg_003975,sample_01325,My Body Is A Weapon (Compromise Edit) - Silence is full of birds,1,2.586808981805083,classical_20260919T110356Z,RBF-SVM,optimized,val,0.5847561880627183,1
seg_003976,sample_01325,My Body Is A Weapon (Compromise Edit) - Silence is full of birds,1,4.434989724204207,classical_20260919T110356Z,RBF-SVM,optimized,val,0.5847561880627183,1
seg_003977,sample_01325,My Body Is A Weapon (Compromise Edit) - Silence is full of birds,1,4.44839162710622,classical_20260919T110356Z,RBF-SVM,optimized,val,0.5847561880627183,1
seg_003987,sample_01329,New Life (take 1) - Bird Names,1,2.2056914999982156,classical_20260919T110356Z,RBF-SVM,optimized,val,0.5847561880627183,1
seg_003988,sample_01329,New Life (take 1) - Bird Names,1,1.112585090068379,classical_20260919T110356Z,RBF-SVM,optimized,val,0.5847561880627183,1
seg_003989,sample_01329,New Life (take 1) - Bird Names,1,2.115438384402877,classical_20260919T110356Z,RBF-SVM,optimized,val,0.5847561880627183,1
seg_003990,sample_01330,New Life (take 1) - Bird Names,1,1.1229225938822935,classical_20260919T110356Z,RBF-SVM,optimized,val,0.5847561880627183,1
seg_003991,sample_01330,New Life (take 1) - Bird Names,1,2.851076606728801,classical_20260919T110356Z,RBF-SVM,optimized,val,0.5847561880627183,1
seg_003992,sample_01330,New Life (take 1) - Bird Names,1,4.21963288006273,classical_20260919T110356Z,RBF-SVM,optimized,val,0.5847561880627183,1
seg_003993,sample_01331,Norweigian Wood II - Bird Names,1,0.658541697831986,classical_20260919T110356Z,RBF-SVM,optimized,val,0.5847561880627183,1
seg_003994,sample_01331,Norweigian Wood II - Bird Names,1,0.1872666641401306,classical_20260919T110356Z,RBF-SVM,optimized,val,0.5847561880627183,0
seg_003995,sample_01331,Norweigian Wood II - Bird Names,1,2.762165328681885,classical_20260919T110356Z,RBF-SVM,optimized,val,0.5847561880627183,1
seg_004020,sample_01340,Roller Star - Monroeville Music Center,1,2.1581264064283836,classical_20260919T110356Z,RBF-SVM,optimized,val,0.5847561880627183,1
seg_004021,sample_01340,Roller Star - Monroeville Music Center,1,1.4929484326163833,classical_20260919T110356Z,RBF-SVM,optimized,val,0.5847561880627183,1
seg_004022,sample_01340,Roller Star - Monroeville Music Center,1,2.9745854615088336,classical_20260919T110356Z,RBF-SVM,optimized,val,0.5847561880627183,1
seg_004023,sample_01341,"Roundtrip - Oh Yeah, the Future",1,2.405119779276098,classical_20260919T110356Z,RBF-SVM,optimized,val,0.5847561880627183,1
seg_004024,sample_01341,"Roundtrip - Oh Yeah, the Future",1,1.767747425929854,classical_20260919T110356Z,RBF-SVM,optimized,val,0.5847561880627183,1
seg_004025,sample_01341,"Roundtrip - Oh Yeah, the Future",1,3.7320651199052612,classical_20260919T110356Z,RBF-SVM,optimized,val,0.5847561880627183,1
seg_004041,sample_01347,Soleares&beats - Malaventura,1,0.9667217400215256,classical_20260919T110356Z,RBF-SVM,optimized,val,0.5847561880627183,1
seg_004042,sample_01347,Soleares&beats - Malaventura,1,1.2494467016694393,classical_20260919T110356Z,RBF-SVM,optimized,val,0.5847561880627183,1
seg_004043,sample_01347,Soleares&beats - Malaventura,1,4.158436658585874,classical_20260919T110356Z,RBF-SVM,optimized,val,0.5847561880627183,1
seg_004053,sample_01351,Stockholm Syndrome / People Should Be More Aware - Bird Names,1,3.1000356669796023,classical_20260919T110356Z,RBF-SVM,optimized,val,0.5847561880627183,1
seg_004054,sample_01351,Stockholm Syndrome / People Should Be More Aware - Bird Names,1,0.8228862655931566,classical_20260919T110356Z,RBF-SVM,optimized,val,0.5847561880627183,1
seg_004055,sample_01351,Stockholm Syndrome / People Should Be More Aware - Bird Names,1,4.604228511706029,classical_20260919T110356Z,RBF-SVM,optimized,val,0.5847561880627183,1
seg_004056,sample_01352,Stockholm Syndrome / People Should Be More Aware - Bird Names,1,0.21055274521154987,classical_20260919T110356Z,RBF-SVM,optimized,val,0.5847561880627183,0
seg_004057,sample_01352,Stockholm Syndrome / People Should Be More Aware - Bird Names,1,2.972741692573746,classical_20260919T110356Z,RBF-SVM,optimized,val,0.5847561880627183,1
seg_004058,sample_01352,Stockholm Syndrome / People Should Be More Aware - Bird Names,1,2.8779806074435106,classical_20260919T110356Z,RBF-SVM,optimized,val,0.5847561880627183,1
seg_004086,sample_01362,Time Is Love - Silence is full of birds,1,1.3859909906103864,classical_20260919T110356Z,RBF-SVM,optimized,val,0.5847561880627183,1
seg_004087,sample_01362,Time Is Love - Silence is full of birds,1,1.316301114348036,classical_20260919T110356Z,RBF-SVM,optimized,val,0.5847561880627183,1
seg_004088,sample_01362,Time Is Love - Silence is full of birds,1,3.769668156786042,classical_20260919T110356Z,RBF-SVM,optimized,val,0.5847561880627183,1
seg_004116,sample_01372,2 (Wasn't There) - Isle of Pine,1,1.4204486704406702,classical_20260919T110356Z,RBF-SVM,optimized,val,0.5847561880627183,1
seg_004117,sample_01372,2 (Wasn't There) - Isle of Pine,1,0.09080970550895362,classical_20260919T110356Z,RBF-SVM,optimized,val,0.5847561880627183,0
seg_004118,sample_01372,2 (Wasn't There) - Isle of Pine,1,1.9007724736739644,classical_20260919T110356Z,RBF-SVM,optimized,val,0.5847561880627183,1
seg_004146,sample_01382,Beyond Luxury - Mors Ontologica,1,0.589438650161882,classical_20260919T110356Z,RBF-SVM,optimized,val,0.5847561880627183,1
seg_004147,sample_01382,Beyond Luxury - Mors Ontologica,1,1.552108410435993,classical_20260919T110356Z,RBF-SVM,optimized,val,0.5847561880627183,1
seg_004148,sample_01382,Beyond Luxury - Mors Ontologica,1,2.57643372676304,classical_20260919T110356Z,RBF-SVM,optimized,val,0.5847561880627183,1
seg_004182,sample_01394,Empty Pockets - Pete Prodoehl,1,-1.0716351634621202,classical_20260919T110356Z,RBF-SVM,optimized,val,0.5847561880627183,0
seg_004183,sample_01394,Empty Pockets - Pete Prodoehl,1,2.176213698993154,classical_20260919T110356Z,RBF-SVM,optimized,val,0.5847561880627183,1
seg_004184,sample_01394,Empty Pockets - Pete Prodoehl,1,4.126388897017821,classical_20260919T110356Z,RBF-SVM,optimized,val,0.5847561880627183,1
seg_004191,sample_01397,Fear - Los Fancy Free,1,1.8031203546123191,classical_20260919T110356Z,RBF-SVM,optimized,val,0.5847561880627183,1
seg_004192,sample_01397,Fear - Los Fancy Free,1,0.8518063431509132,classical_20260919T110356Z,RBF-SVM,optimized,val,0.5847561880627183,1
seg_004193,sample_01397,Fear - Los Fancy Free,1,3.434562288246126,classical_20260919T110356Z,RBF-SVM,optimized,val,0.5847561880627183,1
seg_004206,sample_01402,Gila Monster Flop/Music History Lesson:The Sonics - The Crypts!,1,2.4165402414359747,classical_20260919T110356Z,RBF-SVM,optimized,val,0.5847561880627183,1
seg_004207,sample_01402,Gila Monster Flop/Music History Lesson:The Sonics - The Crypts!,1,1.6482811158215036,classical_20260919T110356Z,RBF-SVM,optimized,val,0.5847561880627183,1
seg_004208,sample_01402,Gila Monster Flop/Music History Lesson:The Sonics - The Crypts!,1,4.53577815205212,classical_20260919T110356Z,RBF-SVM,optimized,val,0.5847561880627183,1
seg_004245,sample_01415,I Fell - Mod Fun,1,1.126000760210465,classical_20260919T110356Z,RBF-SVM,optimized,val,0.5847561880627183,1
seg_004246,sample_01415,I Fell - Mod Fun,1,1.7528672402886636,classical_20260919T110356Z,RBF-SVM,optimized,val,0.5847561880627183,1
seg_004247,sample_01415,I Fell - Mod Fun,1,4.432426406946136,classical_20260919T110356Z,RBF-SVM,optimized,val,0.5847561880627183,1
seg_004275,sample_01425,Lights Up - Pipe Choir,1,2.122353238227115,classical_20260919T110356Z,RBF-SVM,optimized,val,0.5847561880627183,1
seg_004276,sample_01425,Lights Up - Pipe Choir,1,3.009661418328844,classical_20260919T110356Z,RBF-SVM,optimized,val,0.5847561880627183,1
seg_004277,sample_01425,Lights Up - Pipe Choir,1,3.8603055925818923,classical_20260919T110356Z,RBF-SVM,optimized,val,0.5847561880627183,1
seg_004287,sample_01429,March of the GPA Mechanics - [t]ghost,1,2.6342684559073666,classical_20260919T110356Z,RBF-SVM,optimized,val,0.5847561880627183,1
seg_004288,sample_01429,March of the GPA Mechanics - [t]ghost,1,2.426552967492798,classical_20260919T110356Z,RBF-SVM,optimized,val,0.5847561880627183,1
seg_004289,sample_01429,March of the GPA Mechanics - [t]ghost,1,3.361782277796297,classical_20260919T110356Z,RBF-SVM,optimized,val,0.5847561880627183,1
seg_004326,sample_01442,Redlight - Room For A Ghost,1,0.7922666503563673,classical_20260919T110356Z,RBF-SVM,optimized,val,0.5847561880627183,1
seg_004327,sample_01442,Redlight - Room For A Ghost,1,1.3593760085561044,classical_20260919T110356Z,RBF-SVM,optimized,val,0.5847561880627183,1
seg_004328,sample_01442,Redlight - Room For A Ghost,1,4.332357320661429,classical_20260919T110356Z,RBF-SVM,optimized,val,0.5847561880627183,1
seg_004341,sample_01447,Scramby Eggs - Andy G. Cohen,1,2.7518116678442626,classical_20260919T110356Z,RBF-SVM,optimized,val,0.5847561880627183,1
seg_004342,sample_01447,Scramby Eggs - Andy G. Cohen,1,1.369306777176277,classical_20260919T110356Z,RBF-SVM,optimized,val,0.5847561880627183,1
seg_004343,sample_01447,Scramby Eggs - Andy G. Cohen,1,4.147273306953143,classical_20260919T110356Z,RBF-SVM,optimized,val,0.5847561880627183,1
seg_004353,sample_01451,Shipwrecked Crew - Pete Prodoehl,1,0.5319042912179133,classical_20260919T110356Z,RBF-SVM,optimized,val,0.5847561880627183,0
seg_004354,sample_01451,Shipwrecked Crew - Pete Prodoehl,1,1.88398429109913,classical_20260919T110356Z,RBF-SVM,optimized,val,0.5847561880627183,1
seg_004355,sample_01451,Shipwrecked Crew - Pete Prodoehl,1,3.91370052170038,classical_20260919T110356Z,RBF-SVM,optimized,val,0.5847561880627183,1
seg_004383,sample_01461,The girl just faded - Los Llamarada,1,0.26262976782892067,classical_20260919T110356Z,RBF-SVM,optimized,val,0.5847561880627183,0
seg_004384,sample_01461,The girl just faded - Los Llamarada,1,0.9205986289574155,classical_20260919T110356Z,RBF-SVM,optimized,val,0.5847561880627183,1
seg_004385,sample_01461,The girl just faded - Los Llamarada,1,1.0036263216965358,classical_20260919T110356Z,RBF-SVM,optimized,val,0.5847561880627183,1
seg_004401,sample_01467,Voxel - Andy G. Cohen,1,2.1618052606144027,classical_20260919T110356Z,RBF-SVM,optimized,val,0.5847561880627183,1
seg_004402,sample_01467,Voxel - Andy G. Cohen,1,1.0996282751132864,classical_20260919T110356Z,RBF-SVM,optimized,val,0.5847561880627183,1
seg_004403,sample_01467,Voxel - Andy G. Cohen,1,4.1303644328557,classical_20260919T110356Z,RBF-SVM,optimized,val,0.5847561880627183,1
seg_004425,sample_01475,Windows of the Skull - Sarin,1,2.8933627191310096,classical_20260919T110356Z,RBF-SVM,optimized,val,0.5847561880627183,1
seg_004426,sample_01475,Windows of the Skull - Sarin,1,0.5434340398545694,classical_20260919T110356Z,RBF-SVM,optimized,val,0.5847561880627183,0
seg_004427,sample_01475,Windows of the Skull - Sarin,1,1.4107619298422263,classical_20260919T110356Z,RBF-SVM,optimized,val,0.5847561880627183,1
seg_004464,sample_01488,Night Drive - Decktonic,1,0.8178502885446586,classical_20260919T110356Z,RBF-SVM,optimized,val,0.5847561880627183,1
seg_004465,sample_01488,Night Drive - Decktonic,1,0.583948334844343,classical_20260919T110356Z,RBF-SVM,optimized,val,0.5847561880627183,0
seg_004466,sample_01488,Night Drive - Decktonic,1,2.364945185330658,classical_20260919T110356Z,RBF-SVM,optimized,val,0.5847561880627183,1
seg_004521,sample_01507,Nuo Maisemat - Paavoharju,1,0.655664291891386,classical_20260919T110356Z,RBF-SVM,optimized,val,0.5847561880627183,1
seg_004522,sample_01507,Nuo Maisemat - Paavoharju,1,0.07255973453722686,classical_20260919T110356Z,RBF-SVM,optimized,val,0.5847561880627183,0
seg_004523,sample_01507,Nuo Maisemat - Paavoharju,1,0.7732159160768735,classical_20260919T110356Z,RBF-SVM,optimized,val,0.5847561880627183,1
seg_004536,sample_01512,CopperNickle - UncleBibby,1,-0.31548657682131753,classical_20260919T110356Z,RBF-SVM,optimized,val,0.5847561880627183,0
seg_004537,sample_01512,CopperNickle - UncleBibby,1,-0.48500143671962825,classical_20260919T110356Z,RBF-SVM,optimized,val,0.5847561880627183,0
seg_004538,sample_01512,CopperNickle - UncleBibby,1,0.06518741585200338,classical_20260919T110356Z,RBF-SVM,optimized,val,0.5847561880627183,0
seg_004539,sample_01513,Daylight Savings - My brother Daniel,1,1.1292402602786926,classical_20260919T110356Z,RBF-SVM,optimized,val,0.5847561880627183,1
seg_004540,sample_01513,Daylight Savings - My brother Daniel,1,0.3972854542183857,classical_20260919T110356Z,RBF-SVM,optimized,val,0.5847561880627183,0
seg_004541,sample_01513,Daylight Savings - My brother Daniel,1,-0.4067594506129184,classical_20260919T110356Z,RBF-SVM,optimized,val,0.5847561880627183,0
seg_004542,sample_01514,mystery team 2090 - Jesse Futerman,1,1.087093881877895,classical_20260919T110356Z,RBF-SVM,optimized,val,0.5847561880627183,1
seg_004543,sample_01514,mystery team 2090 - Jesse Futerman,1,0.9603434470345104,classical_20260919T110356Z,RBF-SVM,optimized,val,0.5847561880627183,1
seg_004544,sample_01514,mystery team 2090 - Jesse Futerman,1,1.2125715375058337,classical_20260919T110356Z,RBF-SVM,optimized,val,0.5847561880627183,1
seg_004575,sample_01525,SD (Ill Mix) - H-LR,1,0.2111019267986538,classical_20260919T110356Z,RBF-SVM,optimized,val,0.5847561880627183,0
seg_004576,sample_01525,SD (Ill Mix) - H-LR,1,0.027158434121875574,classical_20260919T110356Z,RBF-SVM,optimized,val,0.5847561880627183,0
seg_004577,sample_01525,SD (Ill Mix) - H-LR,1,1.189371668588833,classical_20260919T110356Z,RBF-SVM,optimized,val,0.5847561880627183,1
seg_004590,sample_01530,Stockholm Syndrome / People Should Be More Aware - Bird Names,1,0.9207946582671398,classical_20260919T110356Z,RBF-SVM,optimized,val,0.5847561880627183,1
seg_004591,sample_01530,Stockholm Syndrome / People Should Be More Aware - Bird Names,1,0.6773594682416759,classical_20260919T110356Z,RBF-SVM,optimized,val,0.5847561880627183,1
seg_004592,sample_01530,Stockholm Syndrome / People Should Be More Aware - Bird Names,1,1.5239647698975367,classical_20260919T110356Z,RBF-SVM,optimized,val,0.5847561880627183,1
seg_004596,sample_01532,Time Is Love - Silence is full of birds,1,-0.5349292456389467,classical_20260919T110356Z,RBF-SVM,optimized,val,0.5847561880627183,0
seg_004597,sample_01532,Time Is Love - Silence is full of birds,1,-0.9016747587868716,classical_20260919T110356Z,RBF-SVM,optimized,val,0.5847561880627183,0
seg_004598,sample_01532,Time Is Love - Silence is full of birds,1,-0.0393105526890869,classical_20260919T110356Z,RBF-SVM,optimized,val,0.5847561880627183,0
seg_004602,sample_01534,Roller Star - Monroeville Music Center,1,1.9778662597643535,classical_20260919T110356Z,RBF-SVM,optimized,val,0.5847561880627183,1
seg_004603,sample_01534,Roller Star - Monroeville Music Center,1,3.9002745097846168,classical_20260919T110356Z,RBF-SVM,optimized,val,0.5847561880627183,1
seg_004604,sample_01534,Roller Star - Monroeville Music Center,1,1.767184015258926,classical_20260919T110356Z,RBF-SVM,optimized,val,0.5847561880627183,1
seg_004611,sample_01537,Soleares&beats - Malaventura,1,0.8959144533827614,classical_20260919T110356Z,RBF-SVM,optimized,val,0.5847561880627183,1
seg_004612,sample_01537,Soleares&beats - Malaventura,1,1.2054928528182547,classical_20260919T110356Z,RBF-SVM,optimized,val,0.5847561880627183,1
seg_004613,sample_01537,Soleares&beats - Malaventura,1,0.05647101440297386,classical_20260919T110356Z,RBF-SVM,optimized,val,0.5847561880627183,0
seg_004629,sample_01543,Evil Cannot Create - Caleb Lemond,1,-0.3962793666670741,classical_20260919T110356Z,RBF-SVM,optimized,val,0.5847561880627183,0
seg_004630,sample_01543,Evil Cannot Create - Caleb Lemond,1,1.0671856530210433,classical_20260919T110356Z,RBF-SVM,optimized,val,0.5847561880627183,1
seg_004631,sample_01543,Evil Cannot Create - Caleb Lemond,1,1.930456042680974,classical_20260919T110356Z,RBF-SVM,optimized,val,0.5847561880627183,1
seg_004647,sample_01549,"Roundtrip - Oh Yeah, the Future",1,1.4430998766168397,classical_20260919T110356Z,RBF-SVM,optimized,val,0.5847561880627183,1
seg_004648,sample_01549,"Roundtrip - Oh Yeah, the Future",1,2.2219331197710277,classical_20260919T110356Z,RBF-SVM,optimized,val,0.5847561880627183,1
seg_004649,sample_01549,"Roundtrip - Oh Yeah, the Future",1,2.604311116755789,classical_20260919T110356Z,RBF-SVM,optimized,val,0.5847561880627183,1
seg_004692,sample_01564,Norweigian Wood II - Bird Names,1,1.1434699272132174,classical_20260919T110356Z,RBF-SVM,optimized,val,0.5847561880627183,1
seg_004693,sample_01564,Norweigian Wood II - Bird Names,1,1.3739762120755823,classical_20260919T110356Z,RBF-SVM,optimized,val,0.5847561880627183,1
seg_004694,sample_01564,Norweigian Wood II - Bird Names,1,1.4609743453754045,classical_20260919T110356Z,RBF-SVM,optimized,val,0.5847561880627183,1
seg_004695,sample_01565,New Life (take 1) - Bird Names,1,1.6431904089667955,classical_20260919T110356Z,RBF-SVM,optimized,val,0.5847561880627183,1
seg_004696,sample_01565,New Life (take 1) - Bird Names,1,1.3212572577350474,classical_20260919T110356Z,RBF-SVM,optimized,val,0.5847561880627183,1
seg_004697,sample_01565,New Life (take 1) - Bird Names,1,1.6211406804265875,classical_20260919T110356Z,RBF-SVM,optimized,val,0.5847561880627183,1
seg_004698,sample_01566,New Life (take 1) - Bird Names,1,0.8161760326559775,classical_20260919T110356Z,RBF-SVM,optimized,val,0.5847561880627183,1
seg_004699,sample_01566,New Life (take 1) - Bird Names,1,0.42697937813652986,classical_20260919T110356Z,RBF-SVM,optimized,val,0.5847561880627183,0
seg_004700,sample_01566,New Life (take 1) - Bird Names,1,0.6767871086862081,classical_20260919T110356Z,RBF-SVM,optimized,val,0.5847561880627183,1
seg_004779,sample_01593,Gila Monster Flop/Music History Lesson:The Sonics - The Crypts!,1,1.6797335049680204,classical_20260919T110356Z,RBF-SVM,optimized,val,0.5847561880627183,1
seg_004780,sample_01593,Gila Monster Flop/Music History Lesson:The Sonics - The Crypts!,1,1.222458331107025,classical_20260919T110356Z,RBF-SVM,optimized,val,0.5847561880627183,1
seg_004781,sample_01593,Gila Monster Flop/Music History Lesson:The Sonics - The Crypts!,1,1.3047956790125887,classical_20260919T110356Z,RBF-SVM,optimized,val,0.5847561880627183,1
seg_004821,sample_01607,March of the GPA Mechanics - [t]ghost,1,-0.05313975328232834,classical_20260919T110356Z,RBF-SVM,optimized,val,0.5847561880627183,0
seg_004822,sample_01607,March of the GPA Mechanics - [t]ghost,1,-0.5205202906933468,classical_20260919T110356Z,RBF-SVM,optimized,val,0.5847561880627183,0
seg_004823,sample_01607,March of the GPA Mechanics - [t]ghost,1,-0.0401250420102075,classical_20260919T110356Z,RBF-SVM,optimized,val,0.5847561880627183,0
seg_004824,sample_01608,Windows of the Skull - Sarin,1,0.6420776891205728,classical_20260919T110356Z,RBF-SVM,optimized,val,0.5847561880627183,1
seg_004825,sample_01608,Windows of the Skull - Sarin,1,0.16887338893232573,classical_20260919T110356Z,RBF-SVM,optimized,val,0.5847561880627183,0
seg_004826,sample_01608,Windows of the Skull - Sarin,1,0.7641029461959152,classical_20260919T110356Z,RBF-SVM,optimized,val,0.5847561880627183,1
seg_004830,sample_01610,Empty Pockets - Pete Prodoehl,1,-0.5269281525456886,classical_20260919T110356Z,RBF-SVM,optimized,val,0.5847561880627183,0
seg_004831,sample_01610,Empty Pockets - Pete Prodoehl,1,0.15433330168054304,classical_20260919T110356Z,RBF-SVM,optimized,val,0.5847561880627183,0
seg_004832,sample_01610,Empty Pockets - Pete Prodoehl,1,0.6683048440346828,classical_20260919T110356Z,RBF-SVM,optimized,val,0.5847561880627183,1
seg_004836,sample_01612,Scramby Eggs - Andy G. Cohen,1,0.8673784006981154,classical_20260919T110356Z,RBF-SVM,optimized,val,0.5847561880627183,1
seg_004837,sample_01612,Scramby Eggs - Andy G. Cohen,1,0.8197428385202561,classical_20260919T110356Z,RBF-SVM,optimized,val,0.5847561880627183,1
seg_004838,sample_01612,Scramby Eggs - Andy G. Cohen,1,0.7580409717916619,classical_20260919T110356Z,RBF-SVM,optimized,val,0.5847561880627183,1
seg_004839,sample_01613,Voxel - Andy G. Cohen,1,-0.4669830474467138,classical_20260919T110356Z,RBF-SVM,optimized,val,0.5847561880627183,0
seg_004840,sample_01613,Voxel - Andy G. Cohen,1,0.29625618167104495,classical_20260919T110356Z,RBF-SVM,optimized,val,0.5847561880627183,0
seg_004841,sample_01613,Voxel - Andy G. Cohen,1,0.5509200852404972,classical_20260919T110356Z,RBF-SVM,optimized,val,0.5847561880627183,0
seg_004845,sample_01615,The girl just faded - Los Llamarada,1,0.6399149811697737,classical_20260919T110356Z,RBF-SVM,optimized,val,0.5847561880627183,1
seg_004846,sample_01615,The girl just faded - Los Llamarada,1,1.1322191813136007,classical_20260919T110356Z,RBF-SVM,optimized,val,0.5847561880627183,1
seg_004847,sample_01615,The girl just faded - Los Llamarada,1,1.4069429266809863,classical_20260919T110356Z,RBF-SVM,optimized,val,0.5847561880627183,1
seg_004860,sample_01620,2 (Wasn't There) - Isle of Pine,1,0.6887354167314699,classical_20260919T110356Z,RBF-SVM,optimized,val,0.5847561880627183,1
seg_004861,sample_01620,2 (Wasn't There) - Isle of Pine,1,0.8549968553290662,classical_20260919T110356Z,RBF-SVM,optimized,val,0.5847561880627183,1
seg_004862,sample_01620,2 (Wasn't There) - Isle of Pine,1,1.325591124518648,classical_20260919T110356Z,RBF-SVM,optimized,val,0.5847561880627183,1
seg_004866,sample_01622,I Fell - Mod Fun,1,0.8286111075209011,classical_20260919T110356Z,RBF-SVM,optimized,val,0.5847561880627183,1
seg_004867,sample_01622,I Fell - Mod Fun,1,0.4339248157056117,classical_20260919T110356Z,RBF-SVM,optimized,val,0.5847561880627183,0
seg_004868,sample_01622,I Fell - Mod Fun,1,0.29661480194349976,classical_20260919T110356Z,RBF-SVM,optimized,val,0.5847561880627183,0
seg_004872,sample_01624,Новый Нью-Йорк 2 - Чокнутый Пропеллер,1,1.3166302117339195,classical_20260919T110356Z,RBF-SVM,optimized,val,0.5847561880627183,1
seg_004873,sample_01624,Новый Нью-Йорк 2 - Чокнутый Пропеллер,1,0.25802076589346434,classical_20260919T110356Z,RBF-SVM,optimized,val,0.5847561880627183,0
seg_004874,sample_01624,Новый Нью-Йорк 2 - Чокнутый Пропеллер,1,0.3050634868405322,classical_20260919T110356Z,RBF-SVM,optimized,val,0.5847561880627183,0
seg_004908,sample_01636,CopperNickle - UncleBibby,1,0.6043528723994605,classical_20260919T110356Z,RBF-SVM,optimized,val,0.5847561880627183,1
seg_004909,sample_01636,CopperNickle - UncleBibby,1,2.9275620501284036,classical_20260919T110356Z,RBF-SVM,optimized,val,0.5847561880627183,1
seg_004910,sample_01636,CopperNickle - UncleBibby,1,1.3490216317743082,classical_20260919T110356Z,RBF-SVM,optimized,val,0.5847561880627183,1
seg_004914,sample_01638,Daylight Savings - My brother Daniel,1,2.1400601609984227,classical_20260919T110356Z,RBF-SVM,optimized,val,0.5847561880627183,1
seg_004915,sample_01638,Daylight Savings - My brother Daniel,1,1.5600114901842617,classical_20260919T110356Z,RBF-SVM,optimized,val,0.5847561880627183,1
seg_004916,sample_01638,Daylight Savings - My brother Daniel,1,0.8507814454553974,classical_20260919T110356Z,RBF-SVM,optimized,val,0.5847561880627183,1
seg_004947,sample_01649,mystery team 2090 - Jesse Futerman,1,1.5078767786803173,classical_20260919T110356Z,RBF-SVM,optimized,val,0.5847561880627183,1
seg_004948,sample_01649,mystery team 2090 - Jesse Futerman,1,2.3730185519602096,classical_20260919T110356Z,RBF-SVM,optimized,val,0.5847561880627183,1
seg_004949,sample_01649,mystery team 2090 - Jesse Futerman,1,2.3892190742230004,classical_20260919T110356Z,RBF-SVM,optimized,val,0.5847561880627183,1
seg_004950,sample_01650,Night Drive - Decktonic,1,1.3943842682281897,classical_20260919T110356Z,RBF-SVM,optimized,val,0.5847561880627183,1
seg_004951,sample_01650,Night Drive - Decktonic,1,1.1051213334630468,classical_20260919T110356Z,RBF-SVM,optimized,val,0.5847561880627183,1
seg_004952,sample_01650,Night Drive - Decktonic,1,2.0452838171683014,classical_20260919T110356Z,RBF-SVM,optimized,val,0.5847561880627183,1
seg_004959,sample_01653,Nuo Maisemat - Paavoharju,1,3.489998952299662,classical_20260919T110356Z,RBF-SVM,optimized,val,0.5847561880627183,1
seg_004960,sample_01653,Nuo Maisemat - Paavoharju,1,3.182222421746648,classical_20260919T110356Z,RBF-SVM,optimized,val,0.5847561880627183,1
seg_004961,sample_01653,Nuo Maisemat - Paavoharju,1,3.519305323711461,classical_20260919T110356Z,RBF-SVM,optimized,val,0.5847561880627183,1
seg_005001,sample_01667,SD (Ill Mix) - H-LR,1,2.0883139707687124,classical_20260919T110356Z,RBF-SVM,optimized,val,0.5847561880627183,1
seg_005002,sample_01667,SD (Ill Mix) - H-LR,1,3.4142854769231175,classical_20260919T110356Z,RBF-SVM,optimized,val,0.5847561880627183,1
seg_005003,sample_01667,SD (Ill Mix) - H-LR,1,3.672096653320175,classical_20260919T110356Z,RBF-SVM,optimized,val,0.5847561880627183,1
seg_005055,sample_01685,Evil Cannot Create - Caleb Lemond,1,2.931721150807725,classical_20260919T110356Z,RBF-SVM,optimized,val,0.5847561880627183,1
seg_005056,sample_01685,Evil Cannot Create - Caleb Lemond,1,1.1245466283179795,classical_20260919T110356Z,RBF-SVM,optimized,val,0.5847561880627183,1
seg_005057,sample_01685,Evil Cannot Create - Caleb Lemond,1,1.0930060818105907,classical_20260919T110356Z,RBF-SVM,optimized,val,0.5847561880627183,1
seg_005111,sample_01704,New Life (take 1) - Bird Names,1,0.6128403987213908,classical_20260919T110356Z,RBF-SVM,optimized,val,0.5847561880627183,1
seg_005112,sample_01704,New Life (take 1) - Bird Names,1,1.1243974482790506,classical_20260919T110356Z,RBF-SVM,optimized,val,0.5847561880627183,1
seg_005113,sample_01704,New Life (take 1) - Bird Names,1,1.521344565972123,classical_20260919T110356Z,RBF-SVM,optimized,val,0.5847561880627183,1
seg_005114,sample_01705,Norweigian Wood II - Bird Names,1,1.077023581445323,classical_20260919T110356Z,RBF-SVM,optimized,val,0.5847561880627183,1
seg_005115,sample_01705,Norweigian Wood II - Bird Names,1,1.0277917923728808,classical_20260919T110356Z,RBF-SVM,optimized,val,0.5847561880627183,1
seg_005116,sample_01705,Norweigian Wood II - Bird Names,1,2.4756587342981606,classical_20260919T110356Z,RBF-SVM,optimized,val,0.5847561880627183,1
seg_005126,sample_01709,Roller Star - Monroeville Music Center,1,2.4819159535854762,classical_20260919T110356Z,RBF-SVM,optimized,val,0.5847561880627183,1
seg_005127,sample_01709,Roller Star - Monroeville Music Center,1,1.8474936116070557,classical_20260919T110356Z,RBF-SVM,optimized,val,0.5847561880627183,1
seg_005128,sample_01709,Roller Star - Monroeville Music Center,1,1.8788848480067946,classical_20260919T110356Z,RBF-SVM,optimized,val,0.5847561880627183,1
seg_005129,sample_01710,"Roundtrip - Oh Yeah, the Future",1,1.8345577072536268,classical_20260919T110356Z,RBF-SVM,optimized,val,0.5847561880627183,1
seg_005130,sample_01710,"Roundtrip - Oh Yeah, the Future",1,2.1850325990631165,classical_20260919T110356Z,RBF-SVM,optimized,val,0.5847561880627183,1
seg_005131,sample_01710,"Roundtrip - Oh Yeah, the Future",1,1.6578938203264382,classical_20260919T110356Z,RBF-SVM,optimized,val,0.5847561880627183,1
seg_005138,sample_01713,Soleares&beats - Malaventura,1,2.1524001227425207,classical_20260919T110356Z,RBF-SVM,optimized,val,0.5847561880627183,1
seg_005139,sample_01713,Soleares&beats - Malaventura,1,0.5023904833909143,classical_20260919T110356Z,RBF-SVM,optimized,val,0.5847561880627183,0
seg_005140,sample_01713,Soleares&beats - Malaventura,1,1.9430960782121793,classical_20260919T110356Z,RBF-SVM,optimized,val,0.5847561880627183,1
seg_005147,sample_01716,Stockholm Syndrome / People Should Be More Aware - Bird Names,1,2.1820928679874245,classical_20260919T110356Z,RBF-SVM,optimized,val,0.5847561880627183,1
seg_005148,sample_01716,Stockholm Syndrome / People Should Be More Aware - Bird Names,1,3.3261531620672993,classical_20260919T110356Z,RBF-SVM,optimized,val,0.5847561880627183,1
seg_005149,sample_01716,Stockholm Syndrome / People Should Be More Aware - Bird Names,1,2.537813912679889,classical_20260919T110356Z,RBF-SVM,optimized,val,0.5847561880627183,1
seg_005168,sample_01723,Time Is Love - Silence is full of birds,1,1.3138692291628398,classical_20260919T110356Z,RBF-SVM,optimized,val,0.5847561880627183,1
seg_005169,sample_01723,Time Is Love - Silence is full of birds,1,2.4857258182948296,classical_20260919T110356Z,RBF-SVM,optimized,val,0.5847561880627183,1
seg_005170,sample_01723,Time Is Love - Silence is full of birds,1,2.797543215674258,classical_20260919T110356Z,RBF-SVM,optimized,val,0.5847561880627183,1
seg_005188,sample_01730,2 (Wasn't There) - Isle of Pine,1,2.01720311690302,classical_20260919T110356Z,RBF-SVM,optimized,val,0.5847561880627183,1
seg_005189,sample_01730,2 (Wasn't There) - Isle of Pine,1,0.6001715402161927,classical_20260919T110356Z,RBF-SVM,optimized,val,0.5847561880627183,1
seg_005190,sample_01730,2 (Wasn't There) - Isle of Pine,1,3.082726293670951,classical_20260919T110356Z,RBF-SVM,optimized,val,0.5847561880627183,1
seg_005203,sample_01735,Empty Pockets - Pete Prodoehl,1,3.167386886793698,classical_20260919T110356Z,RBF-SVM,optimized,val,0.5847561880627183,1
seg_005204,sample_01735,Empty Pockets - Pete Prodoehl,1,2.6141272434930527,classical_20260919T110356Z,RBF-SVM,optimized,val,0.5847561880627183,1
seg_005205,sample_01735,Empty Pockets - Pete Prodoehl,1,1.099163557058815,classical_20260919T110356Z,RBF-SVM,optimized,val,0.5847561880627183,1
seg_005212,sample_01738,Gila Monster Flop/Music History Lesson:The Sonics - The Crypts!,1,1.1139339242385344,classical_20260919T110356Z,RBF-SVM,optimized,val,0.5847561880627183,1
seg_005213,sample_01738,Gila Monster Flop/Music History Lesson:The Sonics - The Crypts!,1,1.5394043038353429,classical_20260919T110356Z,RBF-SVM,optimized,val,0.5847561880627183,1
seg_005214,sample_01738,Gila Monster Flop/Music History Lesson:The Sonics - The Crypts!,1,2.076795528810004,classical_20260919T110356Z,RBF-SVM,optimized,val,0.5847561880627183,1
seg_005221,sample_01741,I Fell - Mod Fun,1,2.0716252389737506,classical_20260919T110356Z,RBF-SVM,optimized,val,0.5847561880627183,1
seg_005222,sample_01741,I Fell - Mod Fun,1,1.6378968415759574,classical_20260919T110356Z,RBF-SVM,optimized,val,0.5847561880627183,1
seg_005223,sample_01741,I Fell - Mod Fun,1,1.5290237318530866,classical_20260919T110356Z,RBF-SVM,optimized,val,0.5847561880627183,1
seg_005245,sample_01749,March of the GPA Mechanics - [t]ghost,1,1.3746128505177488,classical_20260919T110356Z,RBF-SVM,optimized,val,0.5847561880627183,1
seg_005246,sample_01749,March of the GPA Mechanics - [t]ghost,1,2.311617957113414,classical_20260919T110356Z,RBF-SVM,optimized,val,0.5847561880627183,1
seg_005247,sample_01749,March of the GPA Mechanics - [t]ghost,1,2.948247276500128,classical_20260919T110356Z,RBF-SVM,optimized,val,0.5847561880627183,1
seg_005274,sample_01759,Scramby Eggs - Andy G. Cohen,1,1.1780188741133388,classical_20260919T110356Z,RBF-SVM,optimized,val,0.5847561880627183,1
seg_005275,sample_01759,Scramby Eggs - Andy G. Cohen,1,0.8470189514694986,classical_20260919T110356Z,RBF-SVM,optimized,val,0.5847561880627183,1
seg_005276,sample_01759,Scramby Eggs - Andy G. Cohen,1,2.6865667280197627,classical_20260919T110356Z,RBF-SVM,optimized,val,0.5847561880627183,1
seg_005301,sample_01768,The girl just faded - Los Llamarada,1,2.9424037402879004,classical_20260919T110356Z,RBF-SVM,optimized,val,0.5847561880627183,1
seg_005302,sample_01768,The girl just faded - Los Llamarada,1,2.350503523900092,classical_20260919T110356Z,RBF-SVM,optimized,val,0.5847561880627183,1
seg_005303,sample_01768,The girl just faded - Los Llamarada,1,1.1065243708895887,classical_20260919T110356Z,RBF-SVM,optimized,val,0.5847561880627183,1
seg_005310,sample_01771,Voxel - Andy G. Cohen,1,1.814437219312444,classical_20260919T110356Z,RBF-SVM,optimized,val,0.5847561880627183,1
seg_005311,sample_01771,Voxel - Andy G. Cohen,1,2.1945140625557986,classical_20260919T110356Z,RBF-SVM,optimized,val,0.5847561880627183,1
seg_005312,sample_01771,Voxel - Andy G. Cohen,1,2.2345837924299605,classical_20260919T110356Z,RBF-SVM,optimized,val,0.5847561880627183,1
seg_005322,sample_01775,Windows of the Skull - Sarin,1,2.6423144588673697,classical_20260919T110356Z,RBF-SVM,optimized,val,0.5847561880627183,1
seg_005323,sample_01775,Windows of the Skull - Sarin,1,3.567311687309302,classical_20260919T110356Z,RBF-SVM,optimized,val,0.5847561880627183,1
seg_005324,sample_01775,Windows of the Skull - Sarin,1,1.9603690973712888,classical_20260919T110356Z,RBF-SVM,optimized,val,0.5847561880627183,1
seg_005331,sample_01778,Новый Нью-Йорк 2 - Чокнутый Пропеллер,1,1.304098016744017,classical_20260919T110356Z,RBF-SVM,optimized,val,0.5847561880627183,1
seg_005332,sample_01778,Новый Нью-Йорк 2 - Чокнутый Пропеллер,1,1.6693659513397117,classical_20260919T110356Z,RBF-SVM,optimized,val,0.5847561880627183,1
seg_005333,sample_01778,Новый Нью-Йорк 2 - Чокнутый Пропеллер,1,1.3051155010341693,classical_20260919T110356Z,RBF-SVM,optimized,val,0.5847561880627183,1
seg_005372,sample_01798,CopperNickle - UncleBibby,1,1.7979541120672209,classical_20260919T110356Z,RBF-SVM,optimized,val,0.5847561880627183,1
seg_005373,sample_01798,CopperNickle - UncleBibby,1,2.4179897882360013,classical_20260919T110356Z,RBF-SVM,optimized,val,0.5847561880627183,1
seg_005378,sample_01801,Daylight Savings - My brother Daniel,1,3.509893369546994,classical_20260919T110356Z,RBF-SVM,optimized,val,0.5847561880627183,1
seg_005379,sample_01801,Daylight Savings - My brother Daniel,1,3.0890159475424386,classical_20260919T110356Z,RBF-SVM,optimized,val,0.5847561880627183,1
seg_005396,sample_01810,Fifth Ramble - From the album Keith [RSVP007] - My brother Daniel,1,1.3604884279940614,classical_20260919T110356Z,RBF-SVM,optimized,val,0.5847561880627183,1
seg_005397,sample_01810,Fifth Ramble - From the album Keith [RSVP007] - My brother Daniel,1,2.012775713136002,classical_20260919T110356Z,RBF-SVM,optimized,val,0.5847561880627183,1
seg_005412,sample_01818,If You're Ther - Nicola Ratti,1,0.3328383976149454,classical_20260919T110356Z,RBF-SVM,optimized,val,0.5847561880627183,0
seg_005413,sample_01818,If You're Ther - Nicola Ratti,1,0.4203122768078067,classical_20260919T110356Z,RBF-SVM,optimized,val,0.5847561880627183,0
seg_005428,sample_01826,Kumorizoranohajimarutokoro - Hosomi,1,1.6825339018190864,classical_20260919T110356Z,RBF-SVM,optimized,val,0.5847561880627183,1
seg_005429,sample_01826,Kumorizoranohajimarutokoro - Hosomi,1,2.9869477687574113,classical_20260919T110356Z,RBF-SVM,optimized,val,0.5847561880627183,1
seg_005446,sample_01835,Loved Ones - Rowan Box,1,3.6069672549915635,classical_20260919T110356Z,RBF-SVM,optimized,val,0.5847561880627183,1
seg_005447,sample_01835,Loved Ones - Rowan Box,1,3.0371753593969784,classical_20260919T110356Z,RBF-SVM,optimized,val,0.5847561880627183,1
seg_005448,sample_01836,Morning Bell - Nihilore,1,1.8832895413709783,classical_20260919T110356Z,RBF-SVM,optimized,val,0.5847561880627183,1
seg_005449,sample_01836,Morning Bell - Nihilore,1,2.202544228258304,classical_20260919T110356Z,RBF-SVM,optimized,val,0.5847561880627183,1
seg_005450,sample_01837,mystery team 2090 - Jesse Futerman,1,2.573028789953373,classical_20260919T110356Z,RBF-SVM,optimized,val,0.5847561880627183,1
seg_005451,sample_01837,mystery team 2090 - Jesse Futerman,1,1.7833376143815491,classical_20260919T110356Z,RBF-SVM,optimized,val,0.5847561880627183,1
seg_005452,sample_01838,Night Drive - Decktonic,1,2.225169982749505,classical_20260919T110356Z,RBF-SVM,optimized,val,0.5847561880627183,1
seg_005453,sample_01838,Night Drive - Decktonic,1,1.6322205434402013,classical_20260919T110356Z,RBF-SVM,optimized,val,0.5847561880627183,1
seg_005460,sample_01842,Nuo Maisemat - Paavoharju,1,2.0403769270725647,classical_20260919T110356Z,RBF-SVM,optimized,val,0.5847561880627183,1
seg_005461,sample_01842,Nuo Maisemat - Paavoharju,1,2.722207774531428,classical_20260919T110356Z,RBF-SVM,optimized,val,0.5847561880627183,1
seg_005494,sample_01859,SD (Ill Mix) - H-LR,1,3.336393126420357,classical_20260919T110356Z,RBF-SVM,optimized,val,0.5847561880627183,1
seg_005495,sample_01859,SD (Ill Mix) - H-LR,1,1.9261313797930932,classical_20260919T110356Z,RBF-SVM,optimized,val,0.5847561880627183,1
seg_005503,sample_01864,some dextromethorphan - Jeva,1,1.86452043447324,classical_20260919T110356Z,RBF-SVM,optimized,val,0.5847561880627183,1
seg_005504,sample_01864,some dextromethorphan - Jeva,1,2.3702151868226515,classical_20260919T110356Z,RBF-SVM,optimized,val,0.5847561880627183,1
seg_005509,sample_01867,Sturgeon's Law - Nihilore,1,2.6227915398760056,classical_20260919T110356Z,RBF-SVM,optimized,val,0.5847561880627183,1
seg_005510,sample_01867,Sturgeon's Law - Nihilore,1,1.3530154255108067,classical_20260919T110356Z,RBF-SVM,optimized,val,0.5847561880627183,1
seg_005533,sample_01879,The Stairway - WarpToken,1,2.4174963267856033,classical_20260919T110356Z,RBF-SVM,optimized,val,0.5847561880627183,1
seg_005534,sample_01879,The Stairway - WarpToken,1,3.8202979892861935,classical_20260919T110356Z,RBF-SVM,optimized,val,0.5847561880627183,1
seg_005535,sample_01880,Three Bird - My brother Daniel,1,1.4712715153993086,classical_20260919T110356Z,RBF-SVM,optimized,val,0.5847561880627183,1
seg_005536,sample_01880,Three Bird - My brother Daniel,1,2.4737276762635045,classical_20260919T110356Z,RBF-SVM,optimized,val,0.5847561880627183,1
seg_005537,sample_01881,Timen Passing By - Jason Shaw,1,2.3062303137853535,classical_20260919T110356Z,RBF-SVM,optimized,val,0.5847561880627183,1
seg_005538,sample_01881,Timen Passing By - Jason Shaw,1,1.7815569862613831,classical_20260919T110356Z,RBF-SVM,optimized,val,0.5847561880627183,1
seg_005549,sample_01887,Understand That This Is A Dream - From the album Modulating Coil [RSVP008] - Forrest James,1,2.5815734268741655,classical_20260919T110356Z,RBF-SVM,optimized,val,0.5847561880627183,1
seg_005550,sample_01887,Understand That This Is A Dream - From the album Modulating Coil [RSVP008] - Forrest James,1,1.91477234976051,classical_20260919T110356Z,RBF-SVM,optimized,val,0.5847561880627183,1
seg_005555,sample_01890,Westside Chillers - Little Glass Men,1,1.5028740701094248,classical_20260919T110356Z,RBF-SVM,optimized,val,0.5847561880627183,1
seg_005556,sample_01890,Westside Chillers - Little Glass Men,1,1.6740998346358502,classical_20260919T110356Z,RBF-SVM,optimized,val,0.5847561880627183,1
seg_005565,sample_01895,Agora - Malaventura,1,2.636211914830416,classical_20260919T110356Z,RBF-SVM,optimized,val,0.5847561880627183,1
seg_005566,sample_01895,Agora - Malaventura,1,2.382114066582515,classical_20260919T110356Z,RBF-SVM,optimized,val,0.5847561880627183,1
seg_005583,sample_01904,Evil Cannot Create - Caleb Lemond,1,2.7748604580663954,classical_20260919T110356Z,RBF-SVM,optimized,val,0.5847561880627183,1
seg_005584,sample_01904,Evil Cannot Create - Caleb Lemond,1,2.895743764810647,classical_20260919T110356Z,RBF-SVM,optimized,val,0.5847561880627183,1
seg_005621,sample_01923,My Body Is A Weapon (Compromise Edit) - Silence is full of birds,1,2.967527780502739,classical_20260919T110356Z,RBF-SVM,optimized,val,0.5847561880627183,1
seg_005622,sample_01923,My Body Is A Weapon (Compromise Edit) - Silence is full of birds,1,2.617601642471522,classical_20260919T110356Z,RBF-SVM,optimized,val,0.5847561880627183,1
seg_005627,sample_01926,New Life (take 1) - Bird Names,1,2.7457605627627495,classical_20260919T110356Z,RBF-SVM,optimized,val,0.5847561880627183,1
seg_005628,sample_01926,New Life (take 1) - Bird Names,1,1.7794627631968951,classical_20260919T110356Z,RBF-SVM,optimized,val,0.5847561880627183,1
seg_005629,sample_01927,Norweigian Wood II - Bird Names,1,2.395494333637654,classical_20260919T110356Z,RBF-SVM,optimized,val,0.5847561880627183,1
seg_005630,sample_01927,Norweigian Wood II - Bird Names,1,2.099773518738196,classical_20260919T110356Z,RBF-SVM,optimized,val,0.5847561880627183,1
seg_005645,sample_01935,Roller Star - Monroeville Music Center,1,3.18213771171708,classical_20260919T110356Z,RBF-SVM,optimized,val,0.5847561880627183,1
seg_005646,sample_01935,Roller Star - Monroeville Music Center,1,3.4799117553912726,classical_20260919T110356Z,RBF-SVM,optimized,val,0.5847561880627183,1
seg_005647,sample_01936,"Roundtrip - Oh Yeah, the Future",1,2.455891536164458,classical_20260919T110356Z,RBF-SVM,optimized,val,0.5847561880627183,1
seg_005648,sample_01936,"Roundtrip - Oh Yeah, the Future",1,2.7557348382831037,classical_20260919T110356Z,RBF-SVM,optimized,val,0.5847561880627183,1
seg_005657,sample_01941,Soleares&beats - Malaventura,1,2.569964033195196,classical_20260919T110356Z,RBF-SVM,optimized,val,0.5847561880627183,1
seg_005658,sample_01941,Soleares&beats - Malaventura,1,3.1759679172942206,classical_20260919T110356Z,RBF-SVM,optimized,val,0.5847561880627183,1
seg_005665,sample_01945,Stockholm Syndrome / People Should Be More Aware - Bird Names,1,1.3982550294341456,classical_20260919T110356Z,RBF-SVM,optimized,val,0.5847561880627183,1
seg_005666,sample_01945,Stockholm Syndrome / People Should Be More Aware - Bird Names,1,0.8389429752959898,classical_20260919T110356Z,RBF-SVM,optimized,val,0.5847561880627183,1
seg_005685,sample_01955,Time Is Love - Silence is full of birds,1,1.8087983561149084,classical_20260919T110356Z,RBF-SVM,optimized,val,0.5847561880627183,1
seg_005686,sample_01955,Time Is Love - Silence is full of birds,1,3.531674450970375,classical_20260919T110356Z,RBF-SVM,optimized,val,0.5847561880627183,1
seg_005703,sample_01964,2 (Wasn't There) - Isle of Pine,1,1.2774653961160607,classical_20260919T110356Z,RBF-SVM,optimized,val,0.5847561880627183,1
seg_005704,sample_01964,2 (Wasn't There) - Isle of Pine,1,1.9686776392956244,classical_20260919T110356Z,RBF-SVM,optimized,val,0.5847561880627183,1
seg_005723,sample_01974,Beyond Luxury - Mors Ontologica,1,2.0033458109087485,classical_20260919T110356Z,RBF-SVM,optimized,val,0.5847561880627183,1
seg_005724,sample_01974,Beyond Luxury - Mors Ontologica,1,1.9849853410155411,classical_20260919T110356Z,RBF-SVM,optimized,val,0.5847561880627183,1
seg_005747,sample_01986,Empty Pockets - Pete Prodoehl,1,0.6711920666607938,classical_20260919T110356Z,RBF-SVM,optimized,val,0.5847561880627183,1
seg_005748,sample_01986,Empty Pockets - Pete Prodoehl,1,1.4982567858300402,classical_20260919T110356Z,RBF-SVM,optimized,val,0.5847561880627183,1
seg_005753,sample_01989,Fear - Los Fancy Free,1,2.5452690363487824,classical_20260919T110356Z,RBF-SVM,optimized,val,0.5847561880627183,1
seg_005754,sample_01989,Fear - Los Fancy Free,1,2.9446924316064575,classical_20260919T110356Z,RBF-SVM,optimized,val,0.5847561880627183,1
seg_005763,sample_01994,Gila Monster Flop/Music History Lesson:The Sonics - The Crypts!,1,1.1453659667642249,classical_20260919T110356Z,RBF-SVM,optimized,val,0.5847561880627183,1
seg_005788,sample_02007,I Fell - Mod Fun,1,1.5324789561765084,classical_20260919T110356Z,RBF-SVM,optimized,val,0.5847561880627183,1
seg_005789,sample_02007,I Fell - Mod Fun,1,1.8840084441970442,classical_20260919T110356Z,RBF-SVM,optimized,val,0.5847561880627183,1
seg_005808,sample_02017,Lights Up - Pipe Choir,1,1.9184675160782614,classical_20260919T110356Z,RBF-SVM,optimized,val,0.5847561880627183,1
seg_005809,sample_02017,Lights Up - Pipe Choir,1,1.6848298403509248,classical_20260919T110356Z,RBF-SVM,optimized,val,0.5847561880627183,1
seg_005816,sample_02021,March of the GPA Mechanics - [t]ghost,1,2.262495505693222,classical_20260919T110356Z,RBF-SVM,optimized,val,0.5847561880627183,1
seg_005817,sample_02021,March of the GPA Mechanics - [t]ghost,1,2.5274274437235014,classical_20260919T110356Z,RBF-SVM,optimized,val,0.5847561880627183,1
seg_005842,sample_02034,Redlight - Room For A Ghost,1,1.2923693409751298,classical_20260919T110356Z,RBF-SVM,optimized,val,0.5847561880627183,1
seg_005843,sample_02034,Redlight - Room For A Ghost,1,1.7787231896606035,classical_20260919T110356Z,RBF-SVM,optimized,val,0.5847561880627183,1
seg_005852,sample_02039,Scramby Eggs - Andy G. Cohen,1,1.8527968393220675,classical_20260919T110356Z,RBF-SVM,optimized,val,0.5847561880627183,1
seg_005853,sample_02039,Scramby Eggs - Andy G. Cohen,1,2.7236066498027793,classical_20260919T110356Z,RBF-SVM,optimized,val,0.5847561880627183,1
seg_005860,sample_02043,Shipwrecked Crew - Pete Prodoehl,1,1.0117425747177564,classical_20260919T110356Z,RBF-SVM,optimized,val,0.5847561880627183,1
seg_005861,sample_02043,Shipwrecked Crew - Pete Prodoehl,1,1.753443395774196,classical_20260919T110356Z,RBF-SVM,optimized,val,0.5847561880627183,1
seg_005880,sample_02053,The girl just faded - Los Llamarada,1,0.8348389898270445,classical_20260919T110356Z,RBF-SVM,optimized,val,0.5847561880627183,1
seg_005881,sample_02053,The girl just faded - Los Llamarada,1,1.2918118395628773,classical_20260919T110356Z,RBF-SVM,optimized,val,0.5847561880627183,1
seg_005892,sample_02059,Voxel - Andy G. Cohen,1,2.297787227989147,classical_20260919T110356Z,RBF-SVM,optimized,val,0.5847561880627183,1
seg_005893,sample_02059,Voxel - Andy G. Cohen,1,3.927189807663942,classical_20260919T110356Z,RBF-SVM,optimized,val,0.5847561880627183,1
seg_005908,sample_02067,Windows of the Skull - Sarin,1,2.2340758261649714,classical_20260919T110356Z,RBF-SVM,optimized,val,0.5847561880627183,1
seg_005909,sample_02067,Windows of the Skull - Sarin,1,2.2905939646650983,classical_20260919T110356Z,RBF-SVM,optimized,val,0.5847561880627183,1
seg_005964,sample_02087,CopperNickle - UncleBibby,1,3.1231895615916634,classical_20260919T110356Z,RBF-SVM,optimized,val,0.5847561880627183,1
seg_005965,sample_02087,CopperNickle - UncleBibby,1,1.3870396365782425,classical_20260919T110356Z,RBF-SVM,optimized,val,0.5847561880627183,1
seg_005966,sample_02087,CopperNickle - UncleBibby,1,1.6871117021961801,classical_20260919T110356Z,RBF-SVM,optimized,val,0.5847561880627183,1
seg_005967,sample_02088,CopperNickle - UncleBibby,1,0.5119211854560382,classical_20260919T110356Z,RBF-SVM,optimized,val,0.5847561880627183,0
seg_005968,sample_02088,CopperNickle - UncleBibby,1,0.871487016572388,classical_20260919T110356Z,RBF-SVM,optimized,val,0.5847561880627183,1
seg_005969,sample_02088,CopperNickle - UncleBibby,1,1.1831744620363591,classical_20260919T110356Z,RBF-SVM,optimized,val,0.5847561880627183,1
seg_005976,sample_02091,Daylight Savings - My brother Daniel,1,1.4928336596137615,classical_20260919T110356Z,RBF-SVM,optimized,val,0.5847561880627183,1
seg_005977,sample_02091,Daylight Savings - My brother Daniel,1,0.8412683806629964,classical_20260919T110356Z,RBF-SVM,optimized,val,0.5847561880627183,1
seg_005978,sample_02091,Daylight Savings - My brother Daniel,1,3.400688184129641,classical_20260919T110356Z,RBF-SVM,optimized,val,0.5847561880627183,1
seg_005979,sample_02092,Daylight Savings - My brother Daniel,1,1.592782850264736,classical_20260919T110356Z,RBF-SVM,optimized,val,0.5847561880627183,1
seg_005980,sample_02092,Daylight Savings - My brother Daniel,1,1.6575909099194648,classical_20260919T110356Z,RBF-SVM,optimized,val,0.5847561880627183,1
seg_005981,sample_02092,Daylight Savings - My brother Daniel,1,2.387521011105647,classical_20260919T110356Z,RBF-SVM,optimized,val,0.5847561880627183,1
seg_006042,sample_02113,mystery team 2090 - Jesse Futerman,1,1.4565066046067285,classical_20260919T110356Z,RBF-SVM,optimized,val,0.5847561880627183,1
seg_006043,sample_02113,mystery team 2090 - Jesse Futerman,1,1.4785850508911955,classical_20260919T110356Z,RBF-SVM,optimized,val,0.5847561880627183,1
seg_006044,sample_02113,mystery team 2090 - Jesse Futerman,1,2.221509639068339,classical_20260919T110356Z,RBF-SVM,optimized,val,0.5847561880627183,1
seg_006045,sample_02114,mystery team 2090 - Jesse Futerman,1,1.8724996925457513,classical_20260919T110356Z,RBF-SVM,optimized,val,0.5847561880627183,1
seg_006046,sample_02114,mystery team 2090 - Jesse Futerman,1,0.9120054208445628,classical_20260919T110356Z,RBF-SVM,optimized,val,0.5847561880627183,1
seg_006047,sample_02114,mystery team 2090 - Jesse Futerman,1,1.502483051045261,classical_20260919T110356Z,RBF-SVM,optimized,val,0.5847561880627183,1
seg_006048,sample_02115,Night Drive - Decktonic,1,1.078668109950923,classical_20260919T110356Z,RBF-SVM,optimized,val,0.5847561880627183,1
seg_006049,sample_02115,Night Drive - Decktonic,1,1.2724736198318811,classical_20260919T110356Z,RBF-SVM,optimized,val,0.5847561880627183,1
seg_006050,sample_02115,Night Drive - Decktonic,1,1.8261842024502797,classical_20260919T110356Z,RBF-SVM,optimized,val,0.5847561880627183,1
seg_006051,sample_02116,Night Drive - Decktonic,1,1.767415241301393,classical_20260919T110356Z,RBF-SVM,optimized,val,0.5847561880627183,1
seg_006052,sample_02116,Night Drive - Decktonic,1,1.4918507237727636,classical_20260919T110356Z,RBF-SVM,optimized,val,0.5847561880627183,1
seg_006053,sample_02116,Night Drive - Decktonic,1,1.84394410700537,classical_20260919T110356Z,RBF-SVM,optimized,val,0.5847561880627183,1
seg_006066,sample_02121,Nuo Maisemat - Paavoharju,1,2.3929027381663572,classical_20260919T110356Z,RBF-SVM,optimized,val,0.5847561880627183,1
seg_006067,sample_02121,Nuo Maisemat - Paavoharju,1,1.6910705631671696,classical_20260919T110356Z,RBF-SVM,optimized,val,0.5847561880627183,1
seg_006068,sample_02121,Nuo Maisemat - Paavoharju,1,3.0952355872930943,classical_20260919T110356Z,RBF-SVM,optimized,val,0.5847561880627183,1
seg_006069,sample_02122,Nuo Maisemat - Paavoharju,1,3.63476843120002,classical_20260919T110356Z,RBF-SVM,optimized,val,0.5847561880627183,1
seg_006070,sample_02122,Nuo Maisemat - Paavoharju,1,2.319372043989076,classical_20260919T110356Z,RBF-SVM,optimized,val,0.5847561880627183,1
seg_006071,sample_02122,Nuo Maisemat - Paavoharju,1,3.9680534335614714,classical_20260919T110356Z,RBF-SVM,optimized,val,0.5847561880627183,1
seg_006150,sample_02149,SD (Ill Mix) - H-LR,1,1.3591056171427882,classical_20260919T110356Z,RBF-SVM,optimized,val,0.5847561880627183,1
seg_006151,sample_02149,SD (Ill Mix) - H-LR,1,1.2996977050547804,classical_20260919T110356Z,RBF-SVM,optimized,val,0.5847561880627183,1
seg_006152,sample_02149,SD (Ill Mix) - H-LR,1,1.819677075868407,classical_20260919T110356Z,RBF-SVM,optimized,val,0.5847561880627183,1
seg_006153,sample_02150,SD (Ill Mix) - H-LR,1,0.35194335036518587,classical_20260919T110356Z,RBF-SVM,optimized,val,0.5847561880627183,0
seg_006154,sample_02150,SD (Ill Mix) - H-LR,1,0.3591177640834313,classical_20260919T110356Z,RBF-SVM,optimized,val,0.5847561880627183,0
seg_006155,sample_02150,SD (Ill Mix) - H-LR,1,1.323445235516997,classical_20260919T110356Z,RBF-SVM,optimized,val,0.5847561880627183,1
seg_006258,sample_02185,Evil Cannot Create - Caleb Lemond,1,2.1617411394170505,classical_20260919T110356Z,RBF-SVM,optimized,val,0.5847561880627183,1
seg_006259,sample_02185,Evil Cannot Create - Caleb Lemond,1,1.3640525304935682,classical_20260919T110356Z,RBF-SVM,optimized,val,0.5847561880627183,1
seg_006260,sample_02185,Evil Cannot Create - Caleb Lemond,1,2.8849940484073096,classical_20260919T110356Z,RBF-SVM,optimized,val,0.5847561880627183,1
seg_006261,sample_02186,Evil Cannot Create - Caleb Lemond,1,1.8070151951179447,classical_20260919T110356Z,RBF-SVM,optimized,val,0.5847561880627183,1
seg_006262,sample_02186,Evil Cannot Create - Caleb Lemond,1,1.0180227972807887,classical_20260919T110356Z,RBF-SVM,optimized,val,0.5847561880627183,1
seg_006263,sample_02186,Evil Cannot Create - Caleb Lemond,1,2.3493632084559275,classical_20260919T110356Z,RBF-SVM,optimized,val,0.5847561880627183,1
seg_006366,sample_02221,New Life (take 1) - Bird Names,1,1.345639186401674,classical_20260919T110356Z,RBF-SVM,optimized,val,0.5847561880627183,1
seg_006367,sample_02221,New Life (take 1) - Bird Names,1,0.39297825049630797,classical_20260919T110356Z,RBF-SVM,optimized,val,0.5847561880627183,0
seg_006368,sample_02221,New Life (take 1) - Bird Names,1,0.8291683932555924,classical_20260919T110356Z,RBF-SVM,optimized,val,0.5847561880627183,1
seg_006369,sample_02222,New Life (take 1) - Bird Names,1,2.4330593008207986,classical_20260919T110356Z,RBF-SVM,optimized,val,0.5847561880627183,1
seg_006370,sample_02222,New Life (take 1) - Bird Names,1,1.4442841780069282,classical_20260919T110356Z,RBF-SVM,optimized,val,0.5847561880627183,1
seg_006371,sample_02222,New Life (take 1) - Bird Names,1,2.7250652047862642,classical_20260919T110356Z,RBF-SVM,optimized,val,0.5847561880627183,1
seg_006372,sample_02223,Norweigian Wood II - Bird Names,1,1.4526351796018144,classical_20260919T110356Z,RBF-SVM,optimized,val,0.5847561880627183,1
seg_006373,sample_02223,Norweigian Wood II - Bird Names,1,0.4880379115643263,classical_20260919T110356Z,RBF-SVM,optimized,val,0.5847561880627183,0
seg_006374,sample_02223,Norweigian Wood II - Bird Names,1,1.6993291530263235,classical_20260919T110356Z,RBF-SVM,optimized,val,0.5847561880627183,1
seg_006375,sample_02224,Norweigian Wood II - Bird Names,1,1.0985831679046636,classical_20260919T110356Z,RBF-SVM,optimized,val,0.5847561880627183,1
seg_006376,sample_02224,Norweigian Wood II - Bird Names,1,1.0507453860969767,classical_20260919T110356Z,RBF-SVM,optimized,val,0.5847561880627183,1
seg_006377,sample_02224,Norweigian Wood II - Bird Names,1,2.4127283867841167,classical_20260919T110356Z,RBF-SVM,optimized,val,0.5847561880627183,1
seg_006396,sample_02231,Roller Star - Monroeville Music Center,1,0.7985635166630334,classical_20260919T110356Z,RBF-SVM,optimized,val,0.5847561880627183,1
seg_006397,sample_02231,Roller Star - Monroeville Music Center,1,1.4889653737441189,classical_20260919T110356Z,RBF-SVM,optimized,val,0.5847561880627183,1
seg_006398,sample_02231,Roller Star - Monroeville Music Center,1,2.2574173334160736,classical_20260919T110356Z,RBF-SVM,optimized,val,0.5847561880627183,1
seg_006399,sample_02232,Roller Star - Monroeville Music Center,1,1.493128891281069,classical_20260919T110356Z,RBF-SVM,optimized,val,0.5847561880627183,1
seg_006400,sample_02232,Roller Star - Monroeville Music Center,1,2.2505465638109348,classical_20260919T110356Z,RBF-SVM,optimized,val,0.5847561880627183,1
seg_006401,sample_02232,Roller Star - Monroeville Music Center,1,2.4414569528828647,classical_20260919T110356Z,RBF-SVM,optimized,val,0.5847561880627183,1
seg_006402,sample_02233,"Roundtrip - Oh Yeah, the Future",1,2.1321666868219036,classical_20260919T110356Z,RBF-SVM,optimized,val,0.5847561880627183,1
seg_006403,sample_02233,"Roundtrip - Oh Yeah, the Future",1,1.5037556322100816,classical_20260919T110356Z,RBF-SVM,optimized,val,0.5847561880627183,1
seg_006404,sample_02233,"Roundtrip - Oh Yeah, the Future",1,2.48593984601822,classical_20260919T110356Z,RBF-SVM,optimized,val,0.5847561880627183,1
seg_006405,sample_02234,"Roundtrip - Oh Yeah, the Future",1,1.9630561166097105,classical_20260919T110356Z,RBF-SVM,optimized,val,0.5847561880627183,1
seg_006406,sample_02234,"Roundtrip - Oh Yeah, the Future",1,0.36322816643566513,classical_20260919T110356Z,RBF-SVM,optimized,val,0.5847561880627183,0
seg_006407,sample_02234,"Roundtrip - Oh Yeah, the Future",1,2.7403974427355355,classical_20260919T110356Z,RBF-SVM,optimized,val,0.5847561880627183,1
seg_006420,sample_02239,Soleares&beats - Malaventura,1,2.0341636945781874,classical_20260919T110356Z,RBF-SVM,optimized,val,0.5847561880627183,1
seg_006421,sample_02239,Soleares&beats - Malaventura,1,0.4059202869116987,classical_20260919T110356Z,RBF-SVM,optimized,val,0.5847561880627183,0
seg_006422,sample_02239,Soleares&beats - Malaventura,1,1.9570440794673591,classical_20260919T110356Z,RBF-SVM,optimized,val,0.5847561880627183,1
seg_006423,sample_02240,Soleares&beats - Malaventura,1,0.9613134479817944,classical_20260919T110356Z,RBF-SVM,optimized,val,0.5847561880627183,1
seg_006424,sample_02240,Soleares&beats - Malaventura,1,1.9598862289484984,classical_20260919T110356Z,RBF-SVM,optimized,val,0.5847561880627183,1
seg_006425,sample_02240,Soleares&beats - Malaventura,1,0.6016061606826901,classical_20260919T110356Z,RBF-SVM,optimized,val,0.5847561880627183,1
seg_006438,sample_02245,Stockholm Syndrome / People Should Be More Aware - Bird Names,1,3.048098706526523,classical_20260919T110356Z,RBF-SVM,optimized,val,0.5847561880627183,1
seg_006439,sample_02245,Stockholm Syndrome / People Should Be More Aware - Bird Names,1,1.5925809962090203,classical_20260919T110356Z,RBF-SVM,optimized,val,0.5847561880627183,1
seg_006440,sample_02245,Stockholm Syndrome / People Should Be More Aware - Bird Names,1,1.0180721802872803,classical_20260919T110356Z,RBF-SVM,optimized,val,0.5847561880627183,1
seg_006441,sample_02246,Stockholm Syndrome / People Should Be More Aware - Bird Names,1,1.811376820799854,classical_20260919T110356Z,RBF-SVM,optimized,val,0.5847561880627183,1
seg_006442,sample_02246,Stockholm Syndrome / People Should Be More Aware - Bird Names,1,1.4730438366004845,classical_20260919T110356Z,RBF-SVM,optimized,val,0.5847561880627183,1
seg_006443,sample_02246,Stockholm Syndrome / People Should Be More Aware - Bird Names,1,2.438896593459136,classical_20260919T110356Z,RBF-SVM,optimized,val,0.5847561880627183,1
seg_006480,sample_02259,Time Is Love - Silence is full of birds,1,4.541491278660063,classical_20260919T110356Z,RBF-SVM,optimized,val,0.5847561880627183,1
seg_006481,sample_02259,Time Is Love - Silence is full of birds,1,2.092349804461597,classical_20260919T110356Z,RBF-SVM,optimized,val,0.5847561880627183,1
seg_006482,sample_02259,Time Is Love - Silence is full of birds,1,2.1883255939079778,classical_20260919T110356Z,RBF-SVM,optimized,val,0.5847561880627183,1
seg_006483,sample_02260,Time Is Love - Silence is full of birds,1,2.8518356889245315,classical_20260919T110356Z,RBF-SVM,optimized,val,0.5847561880627183,1
seg_006484,sample_02260,Time Is Love - Silence is full of birds,1,0.9504968508234333,classical_20260919T110356Z,RBF-SVM,optimized,val,0.5847561880627183,1
seg_006485,sample_02260,Time Is Love - Silence is full of birds,1,2.7401681667249997,classical_20260919T110356Z,RBF-SVM,optimized,val,0.5847561880627183,1
seg_006522,sample_02273,2 (Wasn't There) - Isle of Pine,1,2.370928099685879,classical_20260919T110356Z,RBF-SVM,optimized,val,0.5847561880627183,1
seg_006523,sample_02273,2 (Wasn't There) - Isle of Pine,1,1.0753868063729328,classical_20260919T110356Z,RBF-SVM,optimized,val,0.5847561880627183,1
seg_006524,sample_02273,2 (Wasn't There) - Isle of Pine,1,2.228018964494087,classical_20260919T110356Z,RBF-SVM,optimized,val,0.5847561880627183,1
seg_006525,sample_02274,2 (Wasn't There) - Isle of Pine,1,3.32282532086573,classical_20260919T110356Z,RBF-SVM,optimized,val,0.5847561880627183,1
seg_006526,sample_02274,2 (Wasn't There) - Isle of Pine,1,0.8309345533804113,classical_20260919T110356Z,RBF-SVM,optimized,val,0.5847561880627183,1
seg_006527,sample_02274,2 (Wasn't There) - Isle of Pine,1,4.216100258589329,classical_20260919T110356Z,RBF-SVM,optimized,val,0.5847561880627183,1
seg_006552,sample_02283,Empty Pockets - Pete Prodoehl,1,2.6014473362975705,classical_20260919T110356Z,RBF-SVM,optimized,val,0.5847561880627183,1
seg_006553,sample_02283,Empty Pockets - Pete Prodoehl,1,0.36308510688457774,classical_20260919T110356Z,RBF-SVM,optimized,val,0.5847561880627183,0
seg_006554,sample_02283,Empty Pockets - Pete Prodoehl,1,2.2104543631331155,classical_20260919T110356Z,RBF-SVM,optimized,val,0.5847561880627183,1
seg_006555,sample_02284,Empty Pockets - Pete Prodoehl,1,3.2830194732134683,classical_20260919T110356Z,RBF-SVM,optimized,val,0.5847561880627183,1
seg_006556,sample_02284,Empty Pockets - Pete Prodoehl,1,1.1025468451919442,classical_20260919T110356Z,RBF-SVM,optimized,val,0.5847561880627183,1
seg_006557,sample_02284,Empty Pockets - Pete Prodoehl,1,2.2201903979030813,classical_20260919T110356Z,RBF-SVM,optimized,val,0.5847561880627183,1
seg_006570,sample_02289,Gila Monster Flop/Music History Lesson:The Sonics - The Crypts!,1,1.0490373834916469,classical_20260919T110356Z,RBF-SVM,optimized,val,0.5847561880627183,1
seg_006571,sample_02289,Gila Monster Flop/Music History Lesson:The Sonics - The Crypts!,1,1.2572847777256522,classical_20260919T110356Z,RBF-SVM,optimized,val,0.5847561880627183,1
seg_006572,sample_02289,Gila Monster Flop/Music History Lesson:The Sonics - The Crypts!,1,2.3683224019161075,classical_20260919T110356Z,RBF-SVM,optimized,val,0.5847561880627183,1
seg_006573,sample_02290,Gila Monster Flop/Music History Lesson:The Sonics - The Crypts!,1,0.5828627323990723,classical_20260919T110356Z,RBF-SVM,optimized,val,0.5847561880627183,0
seg_006574,sample_02290,Gila Monster Flop/Music History Lesson:The Sonics - The Crypts!,1,0.9154656003192422,classical_20260919T110356Z,RBF-SVM,optimized,val,0.5847561880627183,1
seg_006575,sample_02290,Gila Monster Flop/Music History Lesson:The Sonics - The Crypts!,1,1.7938518405096113,classical_20260919T110356Z,RBF-SVM,optimized,val,0.5847561880627183,1
seg_006588,sample_02295,I Fell - Mod Fun,1,1.4144243152816645,classical_20260919T110356Z,RBF-SVM,optimized,val,0.5847561880627183,1
seg_006589,sample_02295,I Fell - Mod Fun,1,1.4738651823018614,classical_20260919T110356Z,RBF-SVM,optimized,val,0.5847561880627183,1
seg_006590,sample_02295,I Fell - Mod Fun,1,3.5395966232694493,classical_20260919T110356Z,RBF-SVM,optimized,val,0.5847561880627183,1
seg_006591,sample_02296,I Fell - Mod Fun,1,1.8415413387723882,classical_20260919T110356Z,RBF-SVM,optimized,val,0.5847561880627183,1
seg_006592,sample_02296,I Fell - Mod Fun,1,1.1874481962677808,classical_20260919T110356Z,RBF-SVM,optimized,val,0.5847561880627183,1
seg_006593,sample_02296,I Fell - Mod Fun,1,1.8809714748935262,classical_20260919T110356Z,RBF-SVM,optimized,val,0.5847561880627183,1
seg_006636,sample_02311,March of the GPA Mechanics - [t]ghost,1,2.6724583456708486,classical_20260919T110356Z,RBF-SVM,optimized,val,0.5847561880627183,1
seg_006637,sample_02311,March of the GPA Mechanics - [t]ghost,1,0.6684499817569707,classical_20260919T110356Z,RBF-SVM,optimized,val,0.5847561880627183,1
seg_006638,sample_02311,March of the GPA Mechanics - [t]ghost,1,1.454097652906596,classical_20260919T110356Z,RBF-SVM,optimized,val,0.5847561880627183,1
seg_006639,sample_02312,March of the GPA Mechanics - [t]ghost,1,2.8932217559051367,classical_20260919T110356Z,RBF-SVM,optimized,val,0.5847561880627183,1
seg_006640,sample_02312,March of the GPA Mechanics - [t]ghost,1,1.1271002518141757,classical_20260919T110356Z,RBF-SVM,optimized,val,0.5847561880627183,1
seg_006641,sample_02312,March of the GPA Mechanics - [t]ghost,1,2.846871889220492,classical_20260919T110356Z,RBF-SVM,optimized,val,0.5847561880627183,1
seg_006696,sample_02331,Scramby Eggs - Andy G. Cohen,1,0.9405628520024182,classical_20260919T110356Z,RBF-SVM,optimized,val,0.5847561880627183,1
seg_006697,sample_02331,Scramby Eggs - Andy G. Cohen,1,1.1076268515186916,classical_20260919T110356Z,RBF-SVM,optimized,val,0.5847561880627183,1
seg_006698,sample_02331,Scramby Eggs - Andy G. Cohen,1,2.3598462776751474,classical_20260919T110356Z,RBF-SVM,optimized,val,0.5847561880627183,1
seg_006699,sample_02332,Scramby Eggs - Andy G. Cohen,1,0.6305895509713824,classical_20260919T110356Z,RBF-SVM,optimized,val,0.5847561880627183,1
seg_006700,sample_02332,Scramby Eggs - Andy G. Cohen,1,1.3871852181934867,classical_20260919T110356Z,RBF-SVM,optimized,val,0.5847561880627183,1
seg_006701,sample_02332,Scramby Eggs - Andy G. Cohen,1,1.484447551069426,classical_20260919T110356Z,RBF-SVM,optimized,val,0.5847561880627183,1
seg_006750,sample_02349,The girl just faded - Los Llamarada,1,2.6119555372023746,classical_20260919T110356Z,RBF-SVM,optimized,val,0.5847561880627183,1
seg_006751,sample_02349,The girl just faded - Los Llamarada,1,3.2584615855019776,classical_20260919T110356Z,RBF-SVM,optimized,val,0.5847561880627183,1
seg_006752,sample_02349,The girl just faded - Los Llamarada,1,1.6619009246692396,classical_20260919T110356Z,RBF-SVM,optimized,val,0.5847561880627183,1
seg_006753,sample_02350,The girl just faded - Los Llamarada,1,1.927597949322851,classical_20260919T110356Z,RBF-SVM,optimized,val,0.5847561880627183,1
seg_006754,sample_02350,The girl just faded - Los Llamarada,1,0.9562934475718868,classical_20260919T110356Z,RBF-SVM,optimized,val,0.5847561880627183,1
seg_006755,sample_02350,The girl just faded - Los Llamarada,1,2.6617533561761775,classical_20260919T110356Z,RBF-SVM,optimized,val,0.5847561880627183,1
seg_006768,sample_02355,Voxel - Andy G. Cohen,1,1.4522300431724027,classical_20260919T110356Z,RBF-SVM,optimized,val,0.5847561880627183,1
seg_006769,sample_02355,Voxel - Andy G. Cohen,1,1.7403709549569615,classical_20260919T110356Z,RBF-SVM,optimized,val,0.5847561880627183,1
seg_006770,sample_02355,Voxel - Andy G. Cohen,1,3.7497659644863286,classical_20260919T110356Z,RBF-SVM,optimized,val,0.5847561880627183,1
seg_006771,sample_02356,Voxel - Andy G. Cohen,1,0.9337806514974991,classical_20260919T110356Z,RBF-SVM,optimized,val,0.5847561880627183,1
seg_006772,sample_02356,Voxel - Andy G. Cohen,1,0.44280131626701746,classical_20260919T110356Z,RBF-SVM,optimized,val,0.5847561880627183,0
seg_006773,sample_02356,Voxel - Andy G. Cohen,1,0.9764257475521453,classical_20260919T110356Z,RBF-SVM,optimized,val,0.5847561880627183,1
seg_006792,sample_02363,Windows of the Skull - Sarin,1,4.429451902285571,classical_20260919T110356Z,RBF-SVM,optimized,val,0.5847561880627183,1
seg_006793,sample_02363,Windows of the Skull - Sarin,1,0.6501606870730556,classical_20260919T110356Z,RBF-SVM,optimized,val,0.5847561880627183,1
seg_006794,sample_02363,Windows of the Skull - Sarin,1,0.5280069136102408,classical_20260919T110356Z,RBF-SVM,optimized,val,0.5847561880627183,0
seg_006795,sample_02364,Windows of the Skull - Sarin,1,4.139864785466758,classical_20260919T110356Z,RBF-SVM,optimized,val,0.5847561880627183,1
seg_006796,sample_02364,Windows of the Skull - Sarin,1,0.40236042839794806,classical_20260919T110356Z,RBF-SVM,optimized,val,0.5847561880627183,0
seg_006797,sample_02364,Windows of the Skull - Sarin,1,3.4344009664842376,classical_20260919T110356Z,RBF-SVM,optimized,val,0.5847561880627183,1
seg_006810,sample_02369,Новый Нью-Йорк 2 - Чокнутый Пропеллер,1,1.342347462512408,classical_20260919T110356Z,RBF-SVM,optimized,val,0.5847561880627183,1
seg_006811,sample_02369,Новый Нью-Йорк 2 - Чокнутый Пропеллер,1,1.1619615648309052,classical_20260919T110356Z,RBF-SVM,optimized,val,0.5847561880627183,1
seg_006812,sample_02369,Новый Нью-Йорк 2 - Чокнутый Пропеллер,1,3.4709849493461613,classical_20260919T110356Z,RBF-SVM,optimized,val,0.5847561880627183,1
seg_006813,sample_02370,Новый Нью-Йорк 2 - Чокнутый Пропеллер,1,1.850761991386173,classical_20260919T110356Z,RBF-SVM,optimized,val,0.5847561880627183,1
seg_006814,sample_02370,Новый Нью-Йорк 2 - Чокнутый Пропеллер,1,1.517326033190422,classical_20260919T110356Z,RBF-SVM,optimized,val,0.5847561880627183,1
seg_006815,sample_02370,Новый Нью-Йорк 2 - Чокнутый Пропеллер,1,2.0392700248642974,classical_20260919T110356Z,RBF-SVM,optimized,val,0.5847561880627183,1
seg_006864,sample_02387,CopperNickle - UncleBibby,1,2.3623725746057938,classical_20260919T110356Z,RBF-SVM,optimized,val,0.5847561880627183,1
seg_006865,sample_02387,CopperNickle - UncleBibby,1,1.6338713098982756,classical_20260919T110356Z,RBF-SVM,optimized,val,0.5847561880627183,1
seg_006866,sample_02387,CopperNickle - UncleBibby,1,3.5365313090905572,classical_20260919T110356Z,RBF-SVM,optimized,val,0.5847561880627183,1
seg_006867,sample_02388,CopperNickle - UncleBibby,1,1.1294156854081372,classical_20260919T110356Z,RBF-SVM,optimized,val,0.5847561880627183,1
seg_006868,sample_02388,CopperNickle - UncleBibby,1,0.6130860164222032,classical_20260919T110356Z,RBF-SVM,optimized,val,0.5847561880627183,1
seg_006869,sample_02388,CopperNickle - UncleBibby,1,2.431869608474483,classical_20260919T110356Z,RBF-SVM,optimized,val,0.5847561880627183,1
seg_006876,sample_02391,Daylight Savings - My brother Daniel,1,1.786246681053276,classical_20260919T110356Z,RBF-SVM,optimized,val,0.5847561880627183,1
seg_006877,sample_02391,Daylight Savings - My brother Daniel,1,0.24868014723328646,classical_20260919T110356Z,RBF-SVM,optimized,val,0.5847561880627183,0
seg_006878,sample_02391,Daylight Savings - My brother Daniel,1,3.6107833177290956,classical_20260919T110356Z,RBF-SVM,optimized,val,0.5847561880627183,1
seg_006879,sample_02392,Daylight Savings - My brother Daniel,1,1.3812932137545877,classical_20260919T110356Z,RBF-SVM,optimized,val,0.5847561880627183,1
seg_006880,sample_02392,Daylight Savings - My brother Daniel,1,1.4951125721941867,classical_20260919T110356Z,RBF-SVM,optimized,val,0.5847561880627183,1
seg_006881,sample_02392,Daylight Savings - My brother Daniel,1,2.9500470673317176,classical_20260919T110356Z,RBF-SVM,optimized,val,0.5847561880627183,1
seg_006942,sample_02413,mystery team 2090 - Jesse Futerman,1,1.1491295771449122,classical_20260919T110356Z,RBF-SVM,optimized,val,0.5847561880627183,1
seg_006943,sample_02413,mystery team 2090 - Jesse Futerman,1,1.540236437374284,classical_20260919T110356Z,RBF-SVM,optimized,val,0.5847561880627183,1
seg_006944,sample_02413,mystery team 2090 - Jesse Futerman,1,1.5773712688537551,classical_20260919T110356Z,RBF-SVM,optimized,val,0.5847561880627183,1
seg_006945,sample_02414,mystery team 2090 - Jesse Futerman,1,1.2168485814024512,classical_20260919T110356Z,RBF-SVM,optimized,val,0.5847561880627183,1
seg_006946,sample_02414,mystery team 2090 - Jesse Futerman,1,0.42281744094391605,classical_20260919T110356Z,RBF-SVM,optimized,val,0.5847561880627183,0
seg_006947,sample_02414,mystery team 2090 - Jesse Futerman,1,2.4221157890274583,classical_20260919T110356Z,RBF-SVM,optimized,val,0.5847561880627183,1
seg_006948,sample_02415,Night Drive - Decktonic,1,-0.20286099850040462,classical_20260919T110356Z,RBF-SVM,optimized,val,0.5847561880627183,0
seg_006949,sample_02415,Night Drive - Decktonic,1,0.6517115851559232,classical_20260919T110356Z,RBF-SVM,optimized,val,0.5847561880627183,1
seg_006950,sample_02415,Night Drive - Decktonic,1,1.923117537709773,classical_20260919T110356Z,RBF-SVM,optimized,val,0.5847561880627183,1
seg_006951,sample_02416,Night Drive - Decktonic,1,1.0750815983928264,classical_20260919T110356Z,RBF-SVM,optimized,val,0.5847561880627183,1
seg_006952,sample_02416,Night Drive - Decktonic,1,0.36767227911785505,classical_20260919T110356Z,RBF-SVM,optimized,val,0.5847561880627183,0
seg_006953,sample_02416,Night Drive - Decktonic,1,3.432339138519214,classical_20260919T110356Z,RBF-SVM,optimized,val,0.5847561880627183,1
seg_006966,sample_02421,Nuo Maisemat - Paavoharju,1,1.4532202861000623,classical_20260919T110356Z,RBF-SVM,optimized,val,0.5847561880627183,1
seg_006967,sample_02421,Nuo Maisemat - Paavoharju,1,1.0431327759847826,classical_20260919T110356Z,RBF-SVM,optimized,val,0.5847561880627183,1
seg_006968,sample_02421,Nuo Maisemat - Paavoharju,1,2.3656584108111387,classical_20260919T110356Z,RBF-SVM,optimized,val,0.5847561880627183,1
seg_006969,sample_02422,Nuo Maisemat - Paavoharju,1,1.1273976437054554,classical_20260919T110356Z,RBF-SVM,optimized,val,0.5847561880627183,1
seg_006970,sample_02422,Nuo Maisemat - Paavoharju,1,-0.07398779185130544,classical_20260919T110356Z,RBF-SVM,optimized,val,0.5847561880627183,0
seg_006971,sample_02422,Nuo Maisemat - Paavoharju,1,3.788065230284557,classical_20260919T110356Z,RBF-SVM,optimized,val,0.5847561880627183,1
seg_007050,sample_02449,SD (Ill Mix) - H-LR,1,1.8620344960442305,classical_20260919T110356Z,RBF-SVM,optimized,val,0.5847561880627183,1
seg_007051,sample_02449,SD (Ill Mix) - H-LR,1,1.6111794154681522,classical_20260919T110356Z,RBF-SVM,optimized,val,0.5847561880627183,1
seg_007052,sample_02449,SD (Ill Mix) - H-LR,1,2.2428839833030185,classical_20260919T110356Z,RBF-SVM,optimized,val,0.5847561880627183,1
seg_007053,sample_02450,SD (Ill Mix) - H-LR,1,1.849671152930001,classical_20260919T110356Z,RBF-SVM,optimized,val,0.5847561880627183,1
seg_007054,sample_02450,SD (Ill Mix) - H-LR,1,1.3595434254574357,classical_20260919T110356Z,RBF-SVM,optimized,val,0.5847561880627183,1
seg_007055,sample_02450,SD (Ill Mix) - H-LR,1,2.9481749144659073,classical_20260919T110356Z,RBF-SVM,optimized,val,0.5847561880627183,1
seg_007158,sample_02485,Evil Cannot Create - Caleb Lemond,1,0.8179102867025208,classical_20260919T110356Z,RBF-SVM,optimized,val,0.5847561880627183,1
seg_007159,sample_02485,Evil Cannot Create - Caleb Lemond,1,3.072555784092069,classical_20260919T110356Z,RBF-SVM,optimized,val,0.5847561880627183,1
seg_007160,sample_02485,Evil Cannot Create - Caleb Lemond,1,1.4979164243376293,classical_20260919T110356Z,RBF-SVM,optimized,val,0.5847561880627183,1
seg_007161,sample_02486,Evil Cannot Create - Caleb Lemond,1,1.6009540871779107,classical_20260919T110356Z,RBF-SVM,optimized,val,0.5847561880627183,1
seg_007162,sample_02486,Evil Cannot Create - Caleb Lemond,1,1.8977639982262793,classical_20260919T110356Z,RBF-SVM,optimized,val,0.5847561880627183,1
seg_007163,sample_02486,Evil Cannot Create - Caleb Lemond,1,0.9467190794559546,classical_20260919T110356Z,RBF-SVM,optimized,val,0.5847561880627183,1
seg_007266,sample_02521,New Life (take 1) - Bird Names,1,2.094642486838712,classical_20260919T110356Z,RBF-SVM,optimized,val,0.5847561880627183,1
seg_007267,sample_02521,New Life (take 1) - Bird Names,1,1.3013868906619939,classical_20260919T110356Z,RBF-SVM,optimized,val,0.5847561880627183,1
seg_007268,sample_02521,New Life (take 1) - Bird Names,1,2.3156301815727502,classical_20260919T110356Z,RBF-SVM,optimized,val,0.5847561880627183,1
seg_007269,sample_02522,New Life (take 1) - Bird Names,1,0.8953082895760601,classical_20260919T110356Z,RBF-SVM,optimized,val,0.5847561880627183,1
seg_007270,sample_02522,New Life (take 1) - Bird Names,1,0.11079638839177153,classical_20260919T110356Z,RBF-SVM,optimized,val,0.5847561880627183,0
seg_007271,sample_02522,New Life (take 1) - Bird Names,1,1.4509110712750404,classical_20260919T110356Z,RBF-SVM,optimized,val,0.5847561880627183,1
seg_007272,sample_02523,Norweigian Wood II - Bird Names,1,2.067097895683105,classical_20260919T110356Z,RBF-SVM,optimized,val,0.5847561880627183,1
seg_007273,sample_02523,Norweigian Wood II - Bird Names,1,2.3797321327240755,classical_20260919T110356Z,RBF-SVM,optimized,val,0.5847561880627183,1
seg_007274,sample_02523,Norweigian Wood II - Bird Names,1,2.824929361474774,classical_20260919T110356Z,RBF-SVM,optimized,val,0.5847561880627183,1
seg_007275,sample_02524,Norweigian Wood II - Bird Names,1,1.7967168677263823,classical_20260919T110356Z,RBF-SVM,optimized,val,0.5847561880627183,1
seg_007276,sample_02524,Norweigian Wood II - Bird Names,1,1.1925828452497895,classical_20260919T110356Z,RBF-SVM,optimized,val,0.5847561880627183,1
seg_007277,sample_02524,Norweigian Wood II - Bird Names,1,0.5652977865980533,classical_20260919T110356Z,RBF-SVM,optimized,val,0.5847561880627183,0
seg_007296,sample_02531,Roller Star - Monroeville Music Center,1,2.4968377133468675,classical_20260919T110356Z,RBF-SVM,optimized,val,0.5847561880627183,1
seg_007297,sample_02531,Roller Star - Monroeville Music Center,1,1.5743304585210058,classical_20260919T110356Z,RBF-SVM,optimized,val,0.5847561880627183,1
seg_007298,sample_02531,Roller Star - Monroeville Music Center,1,2.315906385558167,classical_20260919T110356Z,RBF-SVM,optimized,val,0.5847561880627183,1
seg_007299,sample_02532,Roller Star - Monroeville Music Center,1,1.647277228194926,classical_20260919T110356Z,RBF-SVM,optimized,val,0.5847561880627183,1
seg_007300,sample_02532,Roller Star - Monroeville Music Center,1,2.007061224457651,classical_20260919T110356Z,RBF-SVM,optimized,val,0.5847561880627183,1
seg_007301,sample_02532,Roller Star - Monroeville Music Center,1,2.6177452739123903,classical_20260919T110356Z,RBF-SVM,optimized,val,0.5847561880627183,1
seg_007302,sample_02533,"Roundtrip - Oh Yeah, the Future",1,1.4997322630577832,classical_20260919T110356Z,RBF-SVM,optimized,val,0.5847561880627183,1
seg_007303,sample_02533,"Roundtrip - Oh Yeah, the Future",1,0.5883616035421697,classical_20260919T110356Z,RBF-SVM,optimized,val,0.5847561880627183,1
seg_007304,sample_02533,"Roundtrip - Oh Yeah, the Future",1,2.957334977782516,classical_20260919T110356Z,RBF-SVM,optimized,val,0.5847561880627183,1
seg_007305,sample_02534,"Roundtrip - Oh Yeah, the Future",1,0.6879215327551154,classical_20260919T110356Z,RBF-SVM,optimized,val,0.5847561880627183,1
seg_007306,sample_02534,"Roundtrip - Oh Yeah, the Future",1,0.45927616793289316,classical_20260919T110356Z,RBF-SVM,optimized,val,0.5847561880627183,0
seg_007307,sample_02534,"Roundtrip - Oh Yeah, the Future",1,0.8668501353271134,classical_20260919T110356Z,RBF-SVM,optimized,val,0.5847561880627183,1
seg_007320,sample_02539,Soleares&beats - Malaventura,1,2.5098227434413016,classical_20260919T110356Z,RBF-SVM,optimized,val,0.5847561880627183,1
seg_007321,sample_02539,Soleares&beats - Malaventura,1,2.1228654535712668,classical_20260919T110356Z,RBF-SVM,optimized,val,0.5847561880627183,1
seg_007322,sample_02539,Soleares&beats - Malaventura,1,1.2522055846079576,classical_20260919T110356Z,RBF-SVM,optimized,val,0.5847561880627183,1
seg_007323,sample_02540,Soleares&beats - Malaventura,1,1.5812139653886095,classical_20260919T110356Z,RBF-SVM,optimized,val,0.5847561880627183,1
seg_007324,sample_02540,Soleares&beats - Malaventura,1,1.0465970743229278,classical_20260919T110356Z,RBF-SVM,optimized,val,0.5847561880627183,1
seg_007325,sample_02540,Soleares&beats - Malaventura,1,3.011904318811262,classical_20260919T110356Z,RBF-SVM,optimized,val,0.5847561880627183,1
seg_007338,sample_02545,Stockholm Syndrome / People Should Be More Aware - Bird Names,1,0.3744752194400318,classical_20260919T110356Z,RBF-SVM,optimized,val,0.5847561880627183,0
seg_007339,sample_02545,Stockholm Syndrome / People Should Be More Aware - Bird Names,1,0.8278173840114658,classical_20260919T110356Z,RBF-SVM,optimized,val,0.5847561880627183,1
seg_007340,sample_02545,Stockholm Syndrome / People Should Be More Aware - Bird Names,1,0.981004031952374,classical_20260919T110356Z,RBF-SVM,optimized,val,0.5847561880627183,1
seg_007341,sample_02546,Stockholm Syndrome / People Should Be More Aware - Bird Names,1,0.577836838284409,classical_20260919T110356Z,RBF-SVM,optimized,val,0.5847561880627183,0
seg_007342,sample_02546,Stockholm Syndrome / People Should Be More Aware - Bird Names,1,-1.4484900853049016,classical_20260919T110356Z,RBF-SVM,optimized,val,0.5847561880627183,0
seg_007343,sample_02546,Stockholm Syndrome / People Should Be More Aware - Bird Names,1,-0.5630481791295721,classical_20260919T110356Z,RBF-SVM,optimized,val,0.5847561880627183,0
seg_007380,sample_02559,Time Is Love - Silence is full of birds,1,-0.248058291762854,classical_20260919T110356Z,RBF-SVM,optimized,val,0.5847561880627183,0
seg_007381,sample_02559,Time Is Love - Silence is full of birds,1,-0.017229911573986234,classical_20260919T110356Z,RBF-SVM,optimized,val,0.5847561880627183,0
seg_007382,sample_02559,Time Is Love - Silence is full of birds,1,3.0143757017250143,classical_20260919T110356Z,RBF-SVM,optimized,val,0.5847561880627183,1
seg_007383,sample_02560,Time Is Love - Silence is full of birds,1,1.5571403940139328,classical_20260919T110356Z,RBF-SVM,optimized,val,0.5847561880627183,1
seg_007384,sample_02560,Time Is Love - Silence is full of birds,1,1.2083545208602295,classical_20260919T110356Z,RBF-SVM,optimized,val,0.5847561880627183,1
seg_007385,sample_02560,Time Is Love - Silence is full of birds,1,2.7044006136474334,classical_20260919T110356Z,RBF-SVM,optimized,val,0.5847561880627183,1
seg_007422,sample_02573,2 (Wasn't There) - Isle of Pine,1,2.4987859338833833,classical_20260919T110356Z,RBF-SVM,optimized,val,0.5847561880627183,1
seg_007423,sample_02573,2 (Wasn't There) - Isle of Pine,1,1.9226954844652522,classical_20260919T110356Z,RBF-SVM,optimized,val,0.5847561880627183,1
seg_007424,sample_02573,2 (Wasn't There) - Isle of Pine,1,2.6266331381612344,classical_20260919T110356Z,RBF-SVM,optimized,val,0.5847561880627183,1
seg_007425,sample_02574,2 (Wasn't There) - Isle of Pine,1,0.4276376476165338,classical_20260919T110356Z,RBF-SVM,optimized,val,0.5847561880627183,0
seg_007426,sample_02574,2 (Wasn't There) - Isle of Pine,1,0.5590865738477107,classical_20260919T110356Z,RBF-SVM,optimized,val,0.5847561880627183,0
seg_007427,sample_02574,2 (Wasn't There) - Isle of Pine,1,2.4666176120724326,classical_20260919T110356Z,RBF-SVM,optimized,val,0.5847561880627183,1
seg_007452,sample_02583,Empty Pockets - Pete Prodoehl,1,1.452273582928861,classical_20260919T110356Z,RBF-SVM,optimized,val,0.5847561880627183,1
seg_007453,sample_02583,Empty Pockets - Pete Prodoehl,1,-0.12335971742953467,classical_20260919T110356Z,RBF-SVM,optimized,val,0.5847561880627183,0
seg_007454,sample_02583,Empty Pockets - Pete Prodoehl,1,2.975026200556636,classical_20260919T110356Z,RBF-SVM,optimized,val,0.5847561880627183,1
seg_007455,sample_02584,Empty Pockets - Pete Prodoehl,1,0.7649554592871894,classical_20260919T110356Z,RBF-SVM,optimized,val,0.5847561880627183,1
seg_007456,sample_02584,Empty Pockets - Pete Prodoehl,1,0.114717658896212,classical_20260919T110356Z,RBF-SVM,optimized,val,0.5847561880627183,0
seg_007457,sample_02584,Empty Pockets - Pete Prodoehl,1,1.9713220043866806,classical_20260919T110356Z,RBF-SVM,optimized,val,0.5847561880627183,1
seg_007470,sample_02589,Gila Monster Flop/Music History Lesson:The Sonics - The Crypts!,1,2.647169285736445,classical_20260919T110356Z,RBF-SVM,optimized,val,0.5847561880627183,1
seg_007471,sample_02589,Gila Monster Flop/Music History Lesson:The Sonics - The Crypts!,1,0.45277065468486954,classical_20260919T110356Z,RBF-SVM,optimized,val,0.5847561880627183,0
seg_007472,sample_02589,Gila Monster Flop/Music History Lesson:The Sonics - The Crypts!,1,3.9322834405817293,classical_20260919T110356Z,RBF-SVM,optimized,val,0.5847561880627183,1
seg_007473,sample_02590,Gila Monster Flop/Music History Lesson:The Sonics - The Crypts!,1,0.2923186350544551,classical_20260919T110356Z,RBF-SVM,optimized,val,0.5847561880627183,0
seg_007474,sample_02590,Gila Monster Flop/Music History Lesson:The Sonics - The Crypts!,1,-1.0732361639816432,classical_20260919T110356Z,RBF-SVM,optimized,val,0.5847561880627183,0
seg_007475,sample_02590,Gila Monster Flop/Music History Lesson:The Sonics - The Crypts!,1,2.647946764172649,classical_20260919T110356Z,RBF-SVM,optimized,val,0.5847561880627183,1
seg_007488,sample_02595,I Fell - Mod Fun,1,1.6549457921827244,classical_20260919T110356Z,RBF-SVM,optimized,val,0.5847561880627183,1
seg_007489,sample_02595,I Fell - Mod Fun,1,1.16973179797963,classical_20260919T110356Z,RBF-SVM,optimized,val,0.5847561880627183,1
seg_007490,sample_02595,I Fell - Mod Fun,1,3.115393656530958,classical_20260919T110356Z,RBF-SVM,optimized,val,0.5847561880627183,1
seg_007491,sample_02596,I Fell - Mod Fun,1,-0.5536143062547876,classical_20260919T110356Z,RBF-SVM,optimized,val,0.5847561880627183,0
seg_007492,sample_02596,I Fell - Mod Fun,1,-0.49787537917371183,classical_20260919T110356Z,RBF-SVM,optimized,val,0.5847561880627183,0
seg_007493,sample_02596,I Fell - Mod Fun,1,3.251462990015505,classical_20260919T110356Z,RBF-SVM,optimized,val,0.5847561880627183,1
seg_007536,sample_02611,March of the GPA Mechanics - [t]ghost,1,2.1770833998662766,classical_20260919T110356Z,RBF-SVM,optimized,val,0.5847561880627183,1
seg_007537,sample_02611,March of the GPA Mechanics - [t]ghost,1,-0.4262392183652153,classical_20260919T110356Z,RBF-SVM,optimized,val,0.5847561880627183,0
seg_007538,sample_02611,March of the GPA Mechanics - [t]ghost,1,4.026108392872823,classical_20260919T110356Z,RBF-SVM,optimized,val,0.5847561880627183,1
seg_007539,sample_02612,March of the GPA Mechanics - [t]ghost,1,0.16965182914254484,classical_20260919T110356Z,RBF-SVM,optimized,val,0.5847561880627183,0
seg_007540,sample_02612,March of the GPA Mechanics - [t]ghost,1,0.014448548457306698,classical_20260919T110356Z,RBF-SVM,optimized,val,0.5847561880627183,0
seg_007541,sample_02612,March of the GPA Mechanics - [t]ghost,1,2.2380300177231685,classical_20260919T110356Z,RBF-SVM,optimized,val,0.5847561880627183,1
seg_007596,sample_02631,Scramby Eggs - Andy G. Cohen,1,2.7733193699926666,classical_20260919T110356Z,RBF-SVM,optimized,val,0.5847561880627183,1
seg_007597,sample_02631,Scramby Eggs - Andy G. Cohen,1,0.19257061534734188,classical_20260919T110356Z,RBF-SVM,optimized,val,0.5847561880627183,0
seg_007598,sample_02631,Scramby Eggs - Andy G. Cohen,1,1.5111301253644993,classical_20260919T110356Z,RBF-SVM,optimized,val,0.5847561880627183,1
seg_007599,sample_02632,Scramby Eggs - Andy G. Cohen,1,-0.13942946204836426,classical_20260919T110356Z,RBF-SVM,optimized,val,0.5847561880627183,0
seg_007600,sample_02632,Scramby Eggs - Andy G. Cohen,1,0.3349341072564904,classical_20260919T110356Z,RBF-SVM,optimized,val,0.5847561880627183,0
seg_007601,sample_02632,Scramby Eggs - Andy G. Cohen,1,1.8891368314647885,classical_20260919T110356Z,RBF-SVM,optimized,val,0.5847561880627183,1
seg_007650,sample_02649,The girl just faded - Los Llamarada,1,1.6390419378095362,classical_20260919T110356Z,RBF-SVM,optimized,val,0.5847561880627183,1
seg_007651,sample_02649,The girl just faded - Los Llamarada,1,2.9277702078078094,classical_20260919T110356Z,RBF-SVM,optimized,val,0.5847561880627183,1
seg_007652,sample_02649,The girl just faded - Los Llamarada,1,2.399258864164495,classical_20260919T110356Z,RBF-SVM,optimized,val,0.5847561880627183,1
seg_007653,sample_02650,The girl just faded - Los Llamarada,1,2.216093665813644,classical_20260919T110356Z,RBF-SVM,optimized,val,0.5847561880627183,1
seg_007654,sample_02650,The girl just faded - Los Llamarada,1,1.8182203771681982,classical_20260919T110356Z,RBF-SVM,optimized,val,0.5847561880627183,1
seg_007655,sample_02650,The girl just faded - Los Llamarada,1,3.8763900535737656,classical_20260919T110356Z,RBF-SVM,optimized,val,0.5847561880627183,1
seg_007668,sample_02655,Voxel - Andy G. Cohen,1,-0.6129885380360787,classical_20260919T110356Z,RBF-SVM,optimized,val,0.5847561880627183,0
seg_007669,sample_02655,Voxel - Andy G. Cohen,1,0.753888486098423,classical_20260919T110356Z,RBF-SVM,optimized,val,0.5847561880627183,1
seg_007670,sample_02655,Voxel - Andy G. Cohen,1,-1.1604663741744765,classical_20260919T110356Z,RBF-SVM,optimized,val,0.5847561880627183,0
seg_007671,sample_02656,Voxel - Andy G. Cohen,1,1.486236826557585,classical_20260919T110356Z,RBF-SVM,optimized,val,0.5847561880627183,1
seg_007672,sample_02656,Voxel - Andy G. Cohen,1,1.0131915778721852,classical_20260919T110356Z,RBF-SVM,optimized,val,0.5847561880627183,1
seg_007673,sample_02656,Voxel - Andy G. Cohen,1,2.757215529662647,classical_20260919T110356Z,RBF-SVM,optimized,val,0.5847561880627183,1
seg_007692,sample_02663,Windows of the Skull - Sarin,1,2.072371886337278,classical_20260919T110356Z,RBF-SVM,optimized,val,0.5847561880627183,1
seg_007693,sample_02663,Windows of the Skull - Sarin,1,0.23749691904377657,classical_20260919T110356Z,RBF-SVM,optimized,val,0.5847561880627183,0
seg_007694,sample_02663,Windows of the Skull - Sarin,1,4.10556515916543,classical_20260919T110356Z,RBF-SVM,optimized,val,0.5847561880627183,1
seg_007695,sample_02664,Windows of the Skull - Sarin,1,1.4807015012755322,classical_20260919T110356Z,RBF-SVM,optimized,val,0.5847561880627183,1
seg_007696,sample_02664,Windows of the Skull - Sarin,1,0.8966588889738748,classical_20260919T110356Z,RBF-SVM,optimized,val,0.5847561880627183,1
seg_007697,sample_02664,Windows of the Skull - Sarin,1,3.3873022000783592,classical_20260919T110356Z,RBF-SVM,optimized,val,0.5847561880627183,1
seg_007710,sample_02669,Новый Нью-Йорк 2 - Чокнутый Пропеллер,1,1.7586598884524416,classical_20260919T110356Z,RBF-SVM,optimized,val,0.5847561880627183,1
seg_007711,sample_02669,Новый Нью-Йорк 2 - Чокнутый Пропеллер,1,0.9724076120637469,classical_20260919T110356Z,RBF-SVM,optimized,val,0.5847561880627183,1
seg_007712,sample_02669,Новый Нью-Йорк 2 - Чокнутый Пропеллер,1,0.7094793996299427,classical_20260919T110356Z,RBF-SVM,optimized,val,0.5847561880627183,1
seg_007713,sample_02670,Новый Нью-Йорк 2 - Чокнутый Пропеллер,1,0.3609795739669823,classical_20260919T110356Z,RBF-SVM,optimized,val,0.5847561880627183,0
seg_007714,sample_02670,Новый Нью-Йорк 2 - Чокнутый Пропеллер,1,1.1486070257265404,classical_20260919T110356Z,RBF-SVM,optimized,val,0.5847561880627183,1
seg_007715,sample_02670,Новый Нью-Йорк 2 - Чокнутый Пропеллер,1,1.9675835551833878,classical_20260919T110356Z,RBF-SVM,optimized,val,0.5847561880627183,1
seg_007737,sample_02678,CopperNickle - UncleBibby,1,1.3420534782199256,classical_20260919T110356Z,RBF-SVM,optimized,val,0.5847561880627183,1
seg_007738,sample_02678,CopperNickle - UncleBibby,1,0.0003744777068173111,classical_20260919T110356Z,RBF-SVM,optimized,val,0.5847561880627183,0
seg_007739,sample_02678,CopperNickle - UncleBibby,1,2.6407617429248718,classical_20260919T110356Z,RBF-SVM,optimized,val,0.5847561880627183,1
seg_007743,sample_02680,Daylight Savings - My brother Daniel,1,0.6306393797828385,classical_20260919T110356Z,RBF-SVM,optimized,val,0.5847561880627183,1
seg_007744,sample_02680,Daylight Savings - My brother Daniel,1,0.9872807758634018,classical_20260919T110356Z,RBF-SVM,optimized,val,0.5847561880627183,1
seg_007745,sample_02680,Daylight Savings - My brother Daniel,1,2.1598495578048515,classical_20260919T110356Z,RBF-SVM,optimized,val,0.5847561880627183,1
seg_007770,sample_02689,mystery team 2090 - Jesse Futerman,1,0.4091865553161316,classical_20260919T110356Z,RBF-SVM,optimized,val,0.5847561880627183,0
seg_007771,sample_02689,mystery team 2090 - Jesse Futerman,1,0.2473227807303957,classical_20260919T110356Z,RBF-SVM,optimized,val,0.5847561880627183,0
seg_007772,sample_02689,mystery team 2090 - Jesse Futerman,1,1.7603687605372456,classical_20260919T110356Z,RBF-SVM,optimized,val,0.5847561880627183,1
seg_007773,sample_02690,Night Drive - Decktonic,1,0.5824269869519016,classical_20260919T110356Z,RBF-SVM,optimized,val,0.5847561880627183,0
seg_007774,sample_02690,Night Drive - Decktonic,1,1.5062951545771563,classical_20260919T110356Z,RBF-SVM,optimized,val,0.5847561880627183,1
seg_007775,sample_02690,Night Drive - Decktonic,1,1.633845713117189,classical_20260919T110356Z,RBF-SVM,optimized,val,0.5847561880627183,1
seg_007854,sample_02717,Agora - Malaventura,1,3.331444512718635,classical_20260919T110356Z,RBF-SVM,optimized,val,0.5847561880627183,1
seg_007855,sample_02717,Agora - Malaventura,1,0.9852720559861616,classical_20260919T110356Z,RBF-SVM,optimized,val,0.5847561880627183,1
seg_007856,sample_02717,Agora - Malaventura,1,3.2263265250407542,classical_20260919T110356Z,RBF-SVM,optimized,val,0.5847561880627183,1
seg_007878,sample_02725,Evil Cannot Create - Caleb Lemond,1,2.1210757475302935,classical_20260919T110356Z,RBF-SVM,optimized,val,0.5847561880627183,1
seg_007879,sample_02725,Evil Cannot Create - Caleb Lemond,1,-0.6581181828209612,classical_20260919T110356Z,RBF-SVM,optimized,val,0.5847561880627183,0
seg_007880,sample_02725,Evil Cannot Create - Caleb Lemond,1,2.9592015674211627,classical_20260919T110356Z,RBF-SVM,optimized,val,0.5847561880627183,1
seg_007932,sample_02743,My Body Is A Weapon (Compromise Edit) - Silence is full of birds,1,1.660469474681917,classical_20260919T110356Z,RBF-SVM,optimized,val,0.5847561880627183,1
seg_007933,sample_02743,My Body Is A Weapon (Compromise Edit) - Silence is full of birds,1,1.0684648381877189,classical_20260919T110356Z,RBF-SVM,optimized,val,0.5847561880627183,1
seg_007934,sample_02743,My Body Is A Weapon (Compromise Edit) - Silence is full of birds,1,2.5165031774113675,classical_20260919T110356Z,RBF-SVM,optimized,val,0.5847561880627183,1
seg_007938,sample_02745,New Life (take 1) - Bird Names,1,0.5317194745585236,classical_20260919T110356Z,RBF-SVM,optimized,val,0.5847561880627183,0
seg_007939,sample_02745,New Life (take 1) - Bird Names,1,0.40535087612383225,classical_20260919T110356Z,RBF-SVM,optimized,val,0.5847561880627183,0
seg_007940,sample_02745,New Life (take 1) - Bird Names,1,4.157684223201713,classical_20260919T110356Z,RBF-SVM,optimized,val,0.5847561880627183,1
seg_007941,sample_02746,Norweigian Wood II - Bird Names,1,0.942488489532726,classical_20260919T110356Z,RBF-SVM,optimized,val,0.5847561880627183,1
seg_007942,sample_02746,Norweigian Wood II - Bird Names,1,0.6791815821494398,classical_20260919T110356Z,RBF-SVM,optimized,val,0.5847561880627183,1
seg_007943,sample_02746,Norweigian Wood II - Bird Names,1,4.290517169034562,classical_20260919T110356Z,RBF-SVM,optimized,val,0.5847561880627183,1
seg_007965,sample_02754,Roller Star - Monroeville Music Center,1,1.946714257768134,classical_20260919T110356Z,RBF-SVM,optimized,val,0.5847561880627183,1
seg_007966,sample_02754,Roller Star - Monroeville Music Center,1,0.3494562318839436,classical_20260919T110356Z,RBF-SVM,optimized,val,0.5847561880627183,0
seg_007967,sample_02754,Roller Star - Monroeville Music Center,1,2.451862334009353,classical_20260919T110356Z,RBF-SVM,optimized,val,0.5847561880627183,1
seg_007977,sample_02758,Soleares&beats - Malaventura,1,0.18209958190873654,classical_20260919T110356Z,RBF-SVM,optimized,val,0.5847561880627183,0
seg_007978,sample_02758,Soleares&beats - Malaventura,1,0.9253091849150635,classical_20260919T110356Z,RBF-SVM,optimized,val,0.5847561880627183,1
seg_007979,sample_02758,Soleares&beats - Malaventura,1,3.3647176265605054,classical_20260919T110356Z,RBF-SVM,optimized,val,0.5847561880627183,1
seg_007989,sample_02762,Stockholm Syndrome / People Should Be More Aware - Bird Names,1,1.4445472451072103,classical_20260919T110356Z,RBF-SVM,optimized,val,0.5847561880627183,1
seg_007990,sample_02762,Stockholm Syndrome / People Should Be More Aware - Bird Names,1,0.7238168112151362,classical_20260919T110356Z,RBF-SVM,optimized,val,0.5847561880627183,1
seg_007991,sample_02762,Stockholm Syndrome / People Should Be More Aware - Bird Names,1,5.148995651348114,classical_20260919T110356Z,RBF-SVM,optimized,val,0.5847561880627183,1
seg_008019,sample_02772,Time Is Love - Silence is full of birds,1,1.2252876905515633,classical_20260919T110356Z,RBF-SVM,optimized,val,0.5847561880627183,1
seg_008020,sample_02772,Time Is Love - Silence is full of birds,1,0.4597456936359834,classical_20260919T110356Z,RBF-SVM,optimized,val,0.5847561880627183,0
seg_008021,sample_02772,Time Is Love - Silence is full of birds,1,3.9605023790067975,classical_20260919T110356Z,RBF-SVM,optimized,val,0.5847561880627183,1
seg_008043,sample_02780,2 (Wasn't There) - Isle of Pine,1,2.0905337599170855,classical_20260919T110356Z,RBF-SVM,optimized,val,0.5847561880627183,1
seg_008044,sample_02780,2 (Wasn't There) - Isle of Pine,1,1.7102452288746162,classical_20260919T110356Z,RBF-SVM,optimized,val,0.5847561880627183,1
seg_008045,sample_02780,2 (Wasn't There) - Isle of Pine,1,4.630573720666411,classical_20260919T110356Z,RBF-SVM,optimized,val,0.5847561880627183,1
seg_008073,sample_02790,Beyond Luxury - Mors Ontologica,1,3.1926852466839595,classical_20260919T110356Z,RBF-SVM,optimized,val,0.5847561880627183,1
seg_008074,sample_02790,Beyond Luxury - Mors Ontologica,1,1.7917867066658009,classical_20260919T110356Z,RBF-SVM,optimized,val,0.5847561880627183,1
seg_008075,sample_02790,Beyond Luxury - Mors Ontologica,1,4.183352215109974,classical_20260919T110356Z,RBF-SVM,optimized,val,0.5847561880627183,1
seg_008106,sample_02801,Empty Pockets - Pete Prodoehl,1,3.0185996868777565,classical_20260919T110356Z,RBF-SVM,optimized,val,0.5847561880627183,1
seg_008107,sample_02801,Empty Pockets - Pete Prodoehl,1,2.060351379722602,classical_20260919T110356Z,RBF-SVM,optimized,val,0.5847561880627183,1
seg_008108,sample_02801,Empty Pockets - Pete Prodoehl,1,2.864126965350305,classical_20260919T110356Z,RBF-SVM,optimized,val,0.5847561880627183,1
seg_008121,sample_02806,Gila Monster Flop/Music History Lesson:The Sonics - The Crypts!,1,2.6790748896701766,classical_20260919T110356Z,RBF-SVM,optimized,val,0.5847561880627183,1
seg_008122,sample_02806,Gila Monster Flop/Music History Lesson:The Sonics - The Crypts!,1,-0.3951199108050718,classical_20260919T110356Z,RBF-SVM,optimized,val,0.5847561880627183,0
seg_008123,sample_02806,Gila Monster Flop/Music History Lesson:The Sonics - The Crypts!,1,4.920405618209446,classical_20260919T110356Z,RBF-SVM,optimized,val,0.5847561880627183,1
seg_008166,sample_02821,Lights Up - Pipe Choir,1,2.9495263132309133,classical_20260919T110356Z,RBF-SVM,optimized,val,0.5847561880627183,1
seg_008167,sample_02821,Lights Up - Pipe Choir,1,0.452810359575057,classical_20260919T110356Z,RBF-SVM,optimized,val,0.5847561880627183,0
seg_008168,sample_02821,Lights Up - Pipe Choir,1,3.004492958071702,classical_20260919T110356Z,RBF-SVM,optimized,val,0.5847561880627183,1
seg_008178,sample_02825,March of the GPA Mechanics - [t]ghost,1,3.773883884059594,classical_20260919T110356Z,RBF-SVM,optimized,val,0.5847561880627183,1
seg_008179,sample_02825,March of the GPA Mechanics - [t]ghost,1,-0.09715491259636844,classical_20260919T110356Z,RBF-SVM,optimized,val,0.5847561880627183,0
seg_008180,sample_02825,March of the GPA Mechanics - [t]ghost,1,2.5535761993008763,classical_20260919T110356Z,RBF-SVM,optimized,val,0.5847561880627183,1
seg_008205,sample_02834,Redlight - Room For A Ghost,1,1.0754705567302099,classical_20260919T110356Z,RBF-SVM,optimized,val,0.5847561880627183,1
seg_008206,sample_02834,Redlight - Room For A Ghost,1,0.24013062461759627,classical_20260919T110356Z,RBF-SVM,optimized,val,0.5847561880627183,0
seg_008207,sample_02834,Redlight - Room For A Ghost,1,4.661563249107843,classical_20260919T110356Z,RBF-SVM,optimized,val,0.5847561880627183,1
seg_008217,sample_02838,Scramby Eggs - Andy G. Cohen,1,0.5523622656756211,classical_20260919T110356Z,RBF-SVM,optimized,val,0.5847561880627183,0
seg_008218,sample_02838,Scramby Eggs - Andy G. Cohen,1,0.9208975630768665,classical_20260919T110356Z,RBF-SVM,optimized,val,0.5847561880627183,1
seg_008219,sample_02838,Scramby Eggs - Andy G. Cohen,1,2.513184602515934,classical_20260919T110356Z,RBF-SVM,optimized,val,0.5847561880627183,1
seg_008226,sample_02841,Shipwrecked Crew - Pete Prodoehl,1,3.1274589313687233,classical_20260919T110356Z,RBF-SVM,optimized,val,0.5847561880627183,1
seg_008227,sample_02841,Shipwrecked Crew - Pete Prodoehl,1,2.854156902599869,classical_20260919T110356Z,RBF-SVM,optimized,val,0.5847561880627183,1
seg_008228,sample_02841,Shipwrecked Crew - Pete Prodoehl,1,3.573292264388315,classical_20260919T110356Z,RBF-SVM,optimized,val,0.5847561880627183,1
seg_008244,sample_02847,В Наших Сердцах - Чокнутый Пропеллер,1,0.5325040205320928,classical_20260919T110356Z,RBF-SVM,optimized,val,0.5847561880627183,0
seg_008245,sample_02847,В Наших Сердцах - Чокнутый Пропеллер,1,-0.2985539317599779,classical_20260919T110356Z,RBF-SVM,optimized,val,0.5847561880627183,0
seg_008246,sample_02847,В Наших Сердцах - Чокнутый Пропеллер,1,4.215256732771296,classical_20260919T110356Z,RBF-SVM,optimized,val,0.5847561880627183,1
seg_008253,sample_02850,The girl just faded - Los Llamarada,1,0.4580033975634952,classical_20260919T110356Z,RBF-SVM,optimized,val,0.5847561880627183,0
seg_008254,sample_02850,The girl just faded - Los Llamarada,1,1.9878792279956448,classical_20260919T110356Z,RBF-SVM,optimized,val,0.5847561880627183,1
seg_008255,sample_02850,The girl just faded - Los Llamarada,1,4.785143279272976,classical_20260919T110356Z,RBF-SVM,optimized,val,0.5847561880627183,1
seg_008265,sample_02854,Voxel - Andy G. Cohen,1,1.2391092548375695,classical_20260919T110356Z,RBF-SVM,optimized,val,0.5847561880627183,1
seg_008266,sample_02854,Voxel - Andy G. Cohen,1,0.6321236179044536,classical_20260919T110356Z,RBF-SVM,optimized,val,0.5847561880627183,1
seg_008267,sample_02854,Voxel - Andy G. Cohen,1,3.0212043964696447,classical_20260919T110356Z,RBF-SVM,optimized,val,0.5847561880627183,1
seg_008289,sample_02862,В Наших Сердцах - Чокнутый Пропеллер,1,0.4128626295863336,classical_20260919T110356Z,RBF-SVM,optimized,val,0.5847561880627183,0
seg_008290,sample_02862,В Наших Сердцах - Чокнутый Пропеллер,1,1.4169182736010866,classical_20260919T110356Z,RBF-SVM,optimized,val,0.5847561880627183,1
seg_008291,sample_02862,В Наших Сердцах - Чокнутый Пропеллер,1,5.340075775115004,classical_20260919T110356Z,RBF-SVM,optimized,val,0.5847561880627183,1
seg_008295,sample_02864,В Наших Сердцах - Чокнутый Пропеллер,1,1.0748117247694875,classical_20260919T110356Z,RBF-SVM,optimized,val,0.5847561880627183,1
seg_008296,sample_02864,В Наших Сердцах - Чокнутый Пропеллер,1,0.21826350239643877,classical_20260919T110356Z,RBF-SVM,optimized,val,0.5847561880627183,0
seg_008297,sample_02864,В Наших Сердцах - Чокнутый Пропеллер,1,3.8081288427729136,classical_20260919T110356Z,RBF-SVM,optimized,val,0.5847561880627183,1
seg_008304,sample_02867,2 (Wasn't There) - Isle of Pine,1,2.5433508744379685,classical_20260919T110356Z,RBF-SVM,optimized,val,0.5847561880627183,1
seg_008305,sample_02867,2 (Wasn't There) - Isle of Pine,1,-1.1167779991996654,classical_20260919T110356Z,RBF-SVM,optimized,val,0.5847561880627183,0
seg_008306,sample_02867,2 (Wasn't There) - Isle of Pine,1,2.0282432891860567,classical_20260919T110356Z,RBF-SVM,optimized,val,0.5847561880627183,1
seg_008307,sample_02868,2 (Wasn't There) - Isle of Pine,1,2.6105579315569196,classical_20260919T110356Z,RBF-SVM,optimized,val,0.5847561880627183,1
seg_008308,sample_02868,2 (Wasn't There) - Isle of Pine,1,0.19192804268259778,classical_20260919T110356Z,RBF-SVM,optimized,val,0.5847561880627183,0
seg_008309,sample_02868,2 (Wasn't There) - Isle of Pine,1,2.6362193387065433,classical_20260919T110356Z,RBF-SVM,optimized,val,0.5847561880627183,1
seg_008400,sample_02899,CopperNickle - UncleBibby,1,1.8671915370591905,classical_20260919T110356Z,RBF-SVM,optimized,val,0.5847561880627183,1
seg_008401,sample_02899,CopperNickle - UncleBibby,1,-0.5389537612159419,classical_20260919T110356Z,RBF-SVM,optimized,val,0.5847561880627183,0
seg_008402,sample_02899,CopperNickle - UncleBibby,1,2.821498049090417,classical_20260919T110356Z,RBF-SVM,optimized,val,0.5847561880627183,1
seg_008403,sample_02900,CopperNickle - UncleBibby,1,0.798477677424795,classical_20260919T110356Z,RBF-SVM,optimized,val,0.5847561880627183,1
seg_008404,sample_02900,CopperNickle - UncleBibby,1,0.011550585099807886,classical_20260919T110356Z,RBF-SVM,optimized,val,0.5847561880627183,0
seg_008405,sample_02900,CopperNickle - UncleBibby,1,3.681098620593727,classical_20260919T110356Z,RBF-SVM,optimized,val,0.5847561880627183,1
seg_008418,sample_02905,Daylight Savings - My brother Daniel,1,0.8357566970630761,classical_20260919T110356Z,RBF-SVM,optimized,val,0.5847561880627183,1
seg_008419,sample_02905,Daylight Savings - My brother Daniel,1,-0.6484159090101438,classical_20260919T110356Z,RBF-SVM,optimized,val,0.5847561880627183,0
seg_008420,sample_02905,Daylight Savings - My brother Daniel,1,3.315886025090892,classical_20260919T110356Z,RBF-SVM,optimized,val,0.5847561880627183,1
seg_008421,sample_02906,Daylight Savings - My brother Daniel,1,0.6474031251698895,classical_20260919T110356Z,RBF-SVM,optimized,val,0.5847561880627183,1
seg_008422,sample_02906,Daylight Savings - My brother Daniel,1,0.12262719037255376,classical_20260919T110356Z,RBF-SVM,optimized,val,0.5847561880627183,0
seg_008423,sample_02906,Daylight Savings - My brother Daniel,1,2.222659753345387,classical_20260919T110356Z,RBF-SVM,optimized,val,0.5847561880627183,1
seg_008448,sample_02915,Empty Pockets - Pete Prodoehl,1,3.9348370933818817,classical_20260919T110356Z,RBF-SVM,optimized,val,0.5847561880627183,1
seg_008449,sample_02915,Empty Pockets - Pete Prodoehl,1,1.182953161303062,classical_20260919T110356Z,RBF-SVM,optimized,val,0.5847561880627183,1
seg_008450,sample_02915,Empty Pockets - Pete Prodoehl,1,1.7041100043525386,classical_20260919T110356Z,RBF-SVM,optimized,val,0.5847561880627183,1
seg_008451,sample_02916,Empty Pockets - Pete Prodoehl,1,3.2832997697337647,classical_20260919T110356Z,RBF-SVM,optimized,val,0.5847561880627183,1
seg_008452,sample_02916,Empty Pockets - Pete Prodoehl,1,0.13390445068669576,classical_20260919T110356Z,RBF-SVM,optimized,val,0.5847561880627183,0
seg_008453,sample_02916,Empty Pockets - Pete Prodoehl,1,2.8902776527919034,classical_20260919T110356Z,RBF-SVM,optimized,val,0.5847561880627183,1
seg_008460,sample_02919,Evil Cannot Create - Caleb Lemond,1,0.6458747530505657,classical_20260919T110356Z,RBF-SVM,optimized,val,0.5847561880627183,1
seg_008461,sample_02919,Evil Cannot Create - Caleb Lemond,1,0.9634020947140616,classical_20260919T110356Z,RBF-SVM,optimized,val,0.5847561880627183,1
seg_008462,sample_02919,Evil Cannot Create - Caleb Lemond,1,3.5315420432345044,classical_20260919T110356Z,RBF-SVM,optimized,val,0.5847561880627183,1
seg_008463,sample_02920,Evil Cannot Create - Caleb Lemond,1,0.7639201271146565,classical_20260919T110356Z,RBF-SVM,optimized,val,0.5847561880627183,1
seg_008464,sample_02920,Evil Cannot Create - Caleb Lemond,1,0.6128562305100935,classical_20260919T110356Z,RBF-SVM,optimized,val,0.5847561880627183,1
seg_008465,sample_02920,Evil Cannot Create - Caleb Lemond,1,1.7385712507491504,classical_20260919T110356Z,RBF-SVM,optimized,val,0.5847561880627183,1
seg_008502,sample_02933,Gila Monster Flop/Music History Lesson:The Sonics - The Crypts!,1,-0.5547501931754459,classical_20260919T110356Z,RBF-SVM,optimized,val,0.5847561880627183,0
seg_008503,sample_02933,Gila Monster Flop/Music History Lesson:The Sonics - The Crypts!,1,0.006609749776117058,classical_20260919T110356Z,RBF-SVM,optimized,val,0.5847561880627183,0
seg_008504,sample_02933,Gila Monster Flop/Music History Lesson:The Sonics - The Crypts!,1,1.1431456688913337,classical_20260919T110356Z,RBF-SVM,optimized,val,0.5847561880627183,1
seg_008505,sample_02934,Gila Monster Flop/Music History Lesson:The Sonics - The Crypts!,1,0.002455367855386026,classical_20260919T110356Z,RBF-SVM,optimized,val,0.5847561880627183,0
seg_008506,sample_02934,Gila Monster Flop/Music History Lesson:The Sonics - The Crypts!,1,-0.7043132322356114,classical_20260919T110356Z,RBF-SVM,optimized,val,0.5847561880627183,0
seg_008507,sample_02934,Gila Monster Flop/Music History Lesson:The Sonics - The Crypts!,1,0.2534495651095756,classical_20260919T110356Z,RBF-SVM,optimized,val,0.5847561880627183,0
seg_008538,sample_02945,I Fell - Mod Fun,1,0.8805162501746023,classical_20260919T110356Z,RBF-SVM,optimized,val,0.5847561880627183,1
seg_008539,sample_02945,I Fell - Mod Fun,1,-0.21964934812784942,classical_20260919T110356Z,RBF-SVM,optimized,val,0.5847561880627183,0
seg_008540,sample_02945,I Fell - Mod Fun,1,2.447467459427539,classical_20260919T110356Z,RBF-SVM,optimized,val,0.5847561880627183,1
seg_008541,sample_02946,I Fell - Mod Fun,1,-0.006408502385339743,classical_20260919T110356Z,RBF-SVM,optimized,val,0.5847561880627183,0
seg_008542,sample_02946,I Fell - Mod Fun,1,-0.07968290929620547,classical_20260919T110356Z,RBF-SVM,optimized,val,0.5847561880627183,0
seg_008543,sample_02946,I Fell - Mod Fun,1,2.7908732217922223,classical_20260919T110356Z,RBF-SVM,optimized,val,0.5847561880627183,1
seg_008652,sample_02983,March of the GPA Mechanics - [t]ghost,1,-0.3754919329120747,classical_20260919T110356Z,RBF-SVM,optimized,val,0.5847561880627183,0
seg_008653,sample_02983,March of the GPA Mechanics - [t]ghost,1,1.0387953611492216,classical_20260919T110356Z,RBF-SVM,optimized,val,0.5847561880627183,1
seg_008654,sample_02983,March of the GPA Mechanics - [t]ghost,1,2.5663902009133124,classical_20260919T110356Z,RBF-SVM,optimized,val,0.5847561880627183,1
seg_008655,sample_02984,March of the GPA Mechanics - [t]ghost,1,-0.28041101864774975,classical_20260919T110356Z,RBF-SVM,optimized,val,0.5847561880627183,0
seg_008656,sample_02984,March of the GPA Mechanics - [t]ghost,1,0.11265687910265898,classical_20260919T110356Z,RBF-SVM,optimized,val,0.5847561880627183,0
seg_008657,sample_02984,March of the GPA Mechanics - [t]ghost,1,3.6864597086396182,classical_20260919T110356Z,RBF-SVM,optimized,val,0.5847561880627183,1
seg_008700,sample_02999,New Life (take 1) - Bird Names,1,0.7951324421626957,classical_20260919T110356Z,RBF-SVM,optimized,val,0.5847561880627183,1
seg_008701,sample_02999,New Life (take 1) - Bird Names,1,0.1550500127445147,classical_20260919T110356Z,RBF-SVM,optimized,val,0.5847561880627183,0
seg_008702,sample_02999,New Life (take 1) - Bird Names,1,2.6206143971572007,classical_20260919T110356Z,RBF-SVM,optimized,val,0.5847561880627183,1
seg_008703,sample_03000,New Life (take 1) - Bird Names,1,1.4281066000481926,classical_20260919T110356Z,RBF-SVM,optimized,val,0.5847561880627183,1
seg_008704,sample_03000,New Life (take 1) - Bird Names,1,0.951249723940251,classical_20260919T110356Z,RBF-SVM,optimized,val,0.5847561880627183,1
seg_008705,sample_03000,New Life (take 1) - Bird Names,1,1.2823348455333432,classical_20260919T110356Z,RBF-SVM,optimized,val,0.5847561880627183,1
seg_008706,sample_03001,Night Drive - Decktonic,1,1.0214093534152031,classical_20260919T110356Z,RBF-SVM,optimized,val,0.5847561880627183,1
seg_008707,sample_03001,Night Drive - Decktonic,1,1.077569237574282,classical_20260919T110356Z,RBF-SVM,optimized,val,0.5847561880627183,1
seg_008708,sample_03001,Night Drive - Decktonic,1,1.7015442209294984,classical_20260919T110356Z,RBF-SVM,optimized,val,0.5847561880627183,1
seg_008709,sample_03002,Night Drive - Decktonic,1,2.517362534812066,classical_20260919T110356Z,RBF-SVM,optimized,val,0.5847561880627183,1
seg_008710,sample_03002,Night Drive - Decktonic,1,1.0461321721769736,classical_20260919T110356Z,RBF-SVM,optimized,val,0.5847561880627183,1
seg_008711,sample_03002,Night Drive - Decktonic,1,2.9257250451664896,classical_20260919T110356Z,RBF-SVM,optimized,val,0.5847561880627183,1
seg_008724,sample_03007,Norweigian Wood II - Bird Names,1,0.2133503196334241,classical_20260919T110356Z,RBF-SVM,optimized,val,0.5847561880627183,0
seg_008725,sample_03007,Norweigian Wood II - Bird Names,1,-0.009777472367987539,classical_20260919T110356Z,RBF-SVM,optimized,val,0.5847561880627183,0
seg_008726,sample_03007,Norweigian Wood II - Bird Names,1,2.943305830386101,classical_20260919T110356Z,RBF-SVM,optimized,val,0.5847561880627183,1
seg_008727,sample_03008,Norweigian Wood II - Bird Names,1,0.49076263121456587,classical_20260919T110356Z,RBF-SVM,optimized,val,0.5847561880627183,0
seg_008728,sample_03008,Norweigian Wood II - Bird Names,1,2.1373961092974176,classical_20260919T110356Z,RBF-SVM,optimized,val,0.5847561880627183,1
seg_008729,sample_03008,Norweigian Wood II - Bird Names,1,2.3079526653505384,classical_20260919T110356Z,RBF-SVM,optimized,val,0.5847561880627183,1
seg_008736,sample_03011,Nuo Maisemat - Paavoharju,1,1.4641107243057268,classical_20260919T110356Z,RBF-SVM,optimized,val,0.5847561880627183,1
seg_008737,sample_03011,Nuo Maisemat - Paavoharju,1,0.08291327616624322,classical_20260919T110356Z,RBF-SVM,optimized,val,0.5847561880627183,0
seg_008738,sample_03011,Nuo Maisemat - Paavoharju,1,2.578139293072784,classical_20260919T110356Z,RBF-SVM,optimized,val,0.5847561880627183,1
seg_008739,sample_03012,Nuo Maisemat - Paavoharju,1,2.4553554788595706,classical_20260919T110356Z,RBF-SVM,optimized,val,0.5847561880627183,1
seg_008740,sample_03012,Nuo Maisemat - Paavoharju,1,1.1801508950346196,classical_20260919T110356Z,RBF-SVM,optimized,val,0.5847561880627183,1
seg_008741,sample_03012,Nuo Maisemat - Paavoharju,1,1.4485517328661037,classical_20260919T110356Z,RBF-SVM,optimized,val,0.5847561880627183,1
seg_008844,sample_03047,Roller Star - Monroeville Music Center,1,-0.06139818568356481,classical_20260919T110356Z,RBF-SVM,optimized,val,0.5847561880627183,0
seg_008845,sample_03047,Roller Star - Monroeville Music Center,1,0.37797887413625575,classical_20260919T110356Z,RBF-SVM,optimized,val,0.5847561880627183,0
seg_008846,sample_03047,Roller Star - Monroeville Music Center,1,2.1129518168022234,classical_20260919T110356Z,RBF-SVM,optimized,val,0.5847561880627183,1
seg_008847,sample_03048,Roller Star - Monroeville Music Center,1,1.5384408299965087,classical_20260919T110356Z,RBF-SVM,optimized,val,0.5847561880627183,1
seg_008848,sample_03048,Roller Star - Monroeville Music Center,1,-0.2716955621707815,classical_20260919T110356Z,RBF-SVM,optimized,val,0.5847561880627183,0
seg_008849,sample_03048,Roller Star - Monroeville Music Center,1,2.433318374294142,classical_20260919T110356Z,RBF-SVM,optimized,val,0.5847561880627183,1
seg_008850,sample_03049,"Roundtrip - Oh Yeah, the Future",1,1.9470262141780663,classical_20260919T110356Z,RBF-SVM,optimized,val,0.5847561880627183,1
seg_008851,sample_03049,"Roundtrip - Oh Yeah, the Future",1,0.3630181095870133,classical_20260919T110356Z,RBF-SVM,optimized,val,0.5847561880627183,0
seg_008852,sample_03049,"Roundtrip - Oh Yeah, the Future",1,3.1195419046272788,classical_20260919T110356Z,RBF-SVM,optimized,val,0.5847561880627183,1
seg_008853,sample_03050,"Roundtrip - Oh Yeah, the Future",1,2.1280683653778807,classical_20260919T110356Z,RBF-SVM,optimized,val,0.5847561880627183,1
seg_008854,sample_03050,"Roundtrip - Oh Yeah, the Future",1,0.4332618484320452,classical_20260919T110356Z,RBF-SVM,optimized,val,0.5847561880627183,0
seg_008855,sample_03050,"Roundtrip - Oh Yeah, the Future",1,2.765756413778452,classical_20260919T110356Z,RBF-SVM,optimized,val,0.5847561880627183,1
seg_008862,sample_03053,SD (Ill Mix) - H-LR,1,-0.5939956831725997,classical_20260919T110356Z,RBF-SVM,optimized,val,0.5847561880627183,0
seg_008863,sample_03053,SD (Ill Mix) - H-LR,1,-0.31706396894957645,classical_20260919T110356Z,RBF-SVM,optimized,val,0.5847561880627183,0
seg_008864,sample_03053,SD (Ill Mix) - H-LR,1,2.4482789593162555,classical_20260919T110356Z,RBF-SVM,optimized,val,0.5847561880627183,1
seg_008865,sample_03054,SD (Ill Mix) - H-LR,1,2.8481604967339473,classical_20260919T110356Z,RBF-SVM,optimized,val,0.5847561880627183,1
seg_008866,sample_03054,SD (Ill Mix) - H-LR,1,0.978814030316094,classical_20260919T110356Z,RBF-SVM,optimized,val,0.5847561880627183,1
seg_008867,sample_03054,SD (Ill Mix) - H-LR,1,1.9456607925667033,classical_20260919T110356Z,RBF-SVM,optimized,val,0.5847561880627183,1
seg_008868,sample_03055,Scramby Eggs - Andy G. Cohen,1,1.8164077186739571,classical_20260919T110356Z,RBF-SVM,optimized,val,0.5847561880627183,1
seg_008869,sample_03055,Scramby Eggs - Andy G. Cohen,1,0.1398551511667634,classical_20260919T110356Z,RBF-SVM,optimized,val,0.5847561880627183,0
seg_008870,sample_03055,Scramby Eggs - Andy G. Cohen,1,1.6641076097131393,classical_20260919T110356Z,RBF-SVM,optimized,val,0.5847561880627183,1
seg_008871,sample_03056,Scramby Eggs - Andy G. Cohen,1,0.40150253131241853,classical_20260919T110356Z,RBF-SVM,optimized,val,0.5847561880627183,0
seg_008872,sample_03056,Scramby Eggs - Andy G. Cohen,1,0.3546845930359057,classical_20260919T110356Z,RBF-SVM,optimized,val,0.5847561880627183,0
seg_008873,sample_03056,Scramby Eggs - Andy G. Cohen,1,0.6162186112550261,classical_20260919T110356Z,RBF-SVM,optimized,val,0.5847561880627183,1
seg_008910,sample_03069,Soleares&beats - Malaventura,1,1.4094520153402181,classical_20260919T110356Z,RBF-SVM,optimized,val,0.5847561880627183,1
seg_008911,sample_03069,Soleares&beats - Malaventura,1,0.5136456296438328,classical_20260919T110356Z,RBF-SVM,optimized,val,0.5847561880627183,0
seg_008912,sample_03069,Soleares&beats - Malaventura,1,3.0921721877791413,classical_20260919T110356Z,RBF-SVM,optimized,val,0.5847561880627183,1
seg_008913,sample_03070,Soleares&beats - Malaventura,1,1.6198895431724176,classical_20260919T110356Z,RBF-SVM,optimized,val,0.5847561880627183,1
seg_008914,sample_03070,Soleares&beats - Malaventura,1,0.7292103552870157,classical_20260919T110356Z,RBF-SVM,optimized,val,0.5847561880627183,1
seg_008915,sample_03070,Soleares&beats - Malaventura,1,1.8432593453233364,classical_20260919T110356Z,RBF-SVM,optimized,val,0.5847561880627183,1
seg_008934,sample_03077,Stockholm Syndrome / People Should Be More Aware - Bird Names,1,1.4319255626170144,classical_20260919T110356Z,RBF-SVM,optimized,val,0.5847561880627183,1
seg_008935,sample_03077,Stockholm Syndrome / People Should Be More Aware - Bird Names,1,2.4257476020124384,classical_20260919T110356Z,RBF-SVM,optimized,val,0.5847561880627183,1
seg_008936,sample_03077,Stockholm Syndrome / People Should Be More Aware - Bird Names,1,3.3746855931353426,classical_20260919T110356Z,RBF-SVM,optimized,val,0.5847561880627183,1
seg_008937,sample_03078,Stockholm Syndrome / People Should Be More Aware - Bird Names,1,-0.2479333767034675,classical_20260919T110356Z,RBF-SVM,optimized,val,0.5847561880627183,0
seg_008938,sample_03078,Stockholm Syndrome / People Should Be More Aware - Bird Names,1,0.3443205605644828,classical_20260919T110356Z,RBF-SVM,optimized,val,0.5847561880627183,0
seg_008939,sample_03078,Stockholm Syndrome / People Should Be More Aware - Bird Names,1,0.9827388550632158,classical_20260919T110356Z,RBF-SVM,optimized,val,0.5847561880627183,1
seg_009030,sample_03109,The girl just faded - Los Llamarada,1,1.1174098659707676,classical_20260919T110356Z,RBF-SVM,optimized,val,0.5847561880627183,1
seg_009031,sample_03109,The girl just faded - Los Llamarada,1,-0.10064943216784639,classical_20260919T110356Z,RBF-SVM,optimized,val,0.5847561880627183,0
seg_009032,sample_03109,The girl just faded - Los Llamarada,1,1.2142680053248323,classical_20260919T110356Z,RBF-SVM,optimized,val,0.5847561880627183,1
seg_009033,sample_03110,The girl just faded - Los Llamarada,1,0.49317358200765615,classical_20260919T110356Z,RBF-SVM,optimized,val,0.5847561880627183,0
seg_009034,sample_03110,The girl just faded - Los Llamarada,1,0.08456257555083768,classical_20260919T110356Z,RBF-SVM,optimized,val,0.5847561880627183,0
seg_009035,sample_03110,The girl just faded - Los Llamarada,1,2.012472498629814,classical_20260919T110356Z,RBF-SVM,optimized,val,0.5847561880627183,1
seg_009042,sample_03113,Time Is Love - Silence is full of birds,1,0.43207763653925446,classical_20260919T110356Z,RBF-SVM,optimized,val,0.5847561880627183,0
seg_009043,sample_03113,Time Is Love - Silence is full of birds,1,0.8995874642609303,classical_20260919T110356Z,RBF-SVM,optimized,val,0.5847561880627183,1
seg_009044,sample_03113,Time Is Love - Silence is full of birds,1,2.5255677195762285,classical_20260919T110356Z,RBF-SVM,optimized,val,0.5847561880627183,1
seg_009045,sample_03114,Time Is Love - Silence is full of birds,1,0.5487023272441971,classical_20260919T110356Z,RBF-SVM,optimized,val,0.5847561880627183,0
seg_009046,sample_03114,Time Is Love - Silence is full of birds,1,-0.027957057014815767,classical_20260919T110356Z,RBF-SVM,optimized,val,0.5847561880627183,0
seg_009047,sample_03114,Time Is Love - Silence is full of birds,1,1.1561028296392473,classical_20260919T110356Z,RBF-SVM,optimized,val,0.5847561880627183,1
seg_009078,sample_03125,Voxel - Andy G. Cohen,1,1.9911641519574315,classical_20260919T110356Z,RBF-SVM,optimized,val,0.5847561880627183,1
seg_009079,sample_03125,Voxel - Andy G. Cohen,1,-0.4621601611579875,classical_20260919T110356Z,RBF-SVM,optimized,val,0.5847561880627183,0
seg_009080,sample_03125,Voxel - Andy G. Cohen,1,1.1313706051083559,classical_20260919T110356Z,RBF-SVM,optimized,val,0.5847561880627183,1
seg_009081,sample_03126,Voxel - Andy G. Cohen,1,2.8073230741526936,classical_20260919T110356Z,RBF-SVM,optimized,val,0.5847561880627183,1
seg_009082,sample_03126,Voxel - Andy G. Cohen,1,0.12800205732118508,classical_20260919T110356Z,RBF-SVM,optimized,val,0.5847561880627183,0
seg_009083,sample_03126,Voxel - Andy G. Cohen,1,1.6110935457119464,classical_20260919T110356Z,RBF-SVM,optimized,val,0.5847561880627183,1
seg_009114,sample_03137,Windows of the Skull - Sarin,1,2.1403272559284128,classical_20260919T110356Z,RBF-SVM,optimized,val,0.5847561880627183,1
seg_009115,sample_03137,Windows of the Skull - Sarin,1,-0.6113529189804605,classical_20260919T110356Z,RBF-SVM,optimized,val,0.5847561880627183,0
seg_009116,sample_03137,Windows of the Skull - Sarin,1,3.6492169909167758,classical_20260919T110356Z,RBF-SVM,optimized,val,0.5847561880627183,1
seg_009117,sample_03138,Windows of the Skull - Sarin,1,1.5206285979591707,classical_20260919T110356Z,RBF-SVM,optimized,val,0.5847561880627183,1
seg_009118,sample_03138,Windows of the Skull - Sarin,1,-0.5602558991999371,classical_20260919T110356Z,RBF-SVM,optimized,val,0.5847561880627183,0
seg_009119,sample_03138,Windows of the Skull - Sarin,1,0.12278471024100779,classical_20260919T110356Z,RBF-SVM,optimized,val,0.5847561880627183,0
seg_009168,sample_03155,mystery team 2090 - Jesse Futerman,1,2.3763033948654675,classical_20260919T110356Z,RBF-SVM,optimized,val,0.5847561880627183,1
seg_009169,sample_03155,mystery team 2090 - Jesse Futerman,1,0.459276256602033,classical_20260919T110356Z,RBF-SVM,optimized,val,0.5847561880627183,0
seg_009170,sample_03155,mystery team 2090 - Jesse Futerman,1,2.7916715633191638,classical_20260919T110356Z,RBF-SVM,optimized,val,0.5847561880627183,1
seg_009171,sample_03156,mystery team 2090 - Jesse Futerman,1,1.5328225449816066,classical_20260919T110356Z,RBF-SVM,optimized,val,0.5847561880627183,1
seg_009172,sample_03156,mystery team 2090 - Jesse Futerman,1,1.0014274111665205,classical_20260919T110356Z,RBF-SVM,optimized,val,0.5847561880627183,1
seg_009173,sample_03156,mystery team 2090 - Jesse Futerman,1,1.1611256277513826,classical_20260919T110356Z,RBF-SVM,optimized,val,0.5847561880627183,1
seg_009192,sample_03163,Новый Нью-Йорк 2 - Чокнутый Пропеллер,1,-0.3577025680106909,classical_20260919T110356Z,RBF-SVM,optimized,val,0.5847561880627183,0
seg_009193,sample_03163,Новый Нью-Йорк 2 - Чокнутый Пропеллер,1,-0.7537353962727618,classical_20260919T110356Z,RBF-SVM,optimized,val,0.5847561880627183,0
seg_009194,sample_03163,Новый Нью-Йорк 2 - Чокнутый Пропеллер,1,-0.23817727962564494,classical_20260919T110356Z,RBF-SVM,optimized,val,0.5847561880627183,0
seg_009195,sample_03164,Новый Нью-Йорк 2 - Чокнутый Пропеллер,1,1.0745317903710987,classical_20260919T110356Z,RBF-SVM,optimized,val,0.5847561880627183,1
seg_009196,sample_03164,Новый Нью-Йорк 2 - Чокнутый Пропеллер,1,-0.12436769100029399,classical_20260919T110356Z,RBF-SVM,optimized,val,0.5847561880627183,0
seg_009197,sample_03164,Новый Нью-Йорк 2 - Чокнутый Пропеллер,1,0.9706411743401315,classical_20260919T110356Z,RBF-SVM,optimized,val,0.5847561880627183,1
seg_009207,sample_03168,2 (Wasn't There) - Isle of Pine,1,2.0803834875314995,classical_20260919T110356Z,RBF-SVM,optimized,val,0.5847561880627183,1
seg_009208,sample_03168,2 (Wasn't There) - Isle of Pine,1,0.9976898465084252,classical_20260919T110356Z,RBF-SVM,optimized,val,0.5847561880627183,1
seg_009209,sample_03168,2 (Wasn't There) - Isle of Pine,1,1.6435030419831693,classical_20260919T110356Z,RBF-SVM,optimized,val,0.5847561880627183,1
seg_009228,sample_03175,Agora - Malaventura,1,-0.32822855207803037,classical_20260919T110356Z,RBF-SVM,optimized,val,0.5847561880627183,0
seg_009229,sample_03175,Agora - Malaventura,1,2.5828046460495164,classical_20260919T110356Z,RBF-SVM,optimized,val,0.5847561880627183,1
seg_009230,sample_03175,Agora - Malaventura,1,2.9868172777459563,classical_20260919T110356Z,RBF-SVM,optimized,val,0.5847561880627183,1
seg_009279,sample_03192,Beyond Luxury - Mors Ontologica,1,-0.2882004818055821,classical_20260919T110356Z,RBF-SVM,optimized,val,0.5847561880627183,0
seg_009280,sample_03192,Beyond Luxury - Mors Ontologica,1,2.1650308095641337,classical_20260919T110356Z,RBF-SVM,optimized,val,0.5847561880627183,1
seg_009281,sample_03192,Beyond Luxury - Mors Ontologica,1,2.9172115304028106,classical_20260919T110356Z,RBF-SVM,optimized,val,0.5847561880627183,1
seg_009324,sample_03207,CopperNickle - UncleBibby,1,-1.4715999134147804,classical_20260919T110356Z,RBF-SVM,optimized,val,0.5847561880627183,0
seg_009325,sample_03207,CopperNickle - UncleBibby,1,2.2974735537401534,classical_20260919T110356Z,RBF-SVM,optimized,val,0.5847561880627183,1
seg_009326,sample_03207,CopperNickle - UncleBibby,1,3.1161014833780634,classical_20260919T110356Z,RBF-SVM,optimized,val,0.5847561880627183,1
seg_009339,sample_03212,Daylight Savings - My brother Daniel,1,2.790707643120137,classical_20260919T110356Z,RBF-SVM,optimized,val,0.5847561880627183,1
seg_009340,sample_03212,Daylight Savings - My brother Daniel,1,0.6000303658705417,classical_20260919T110356Z,RBF-SVM,optimized,val,0.5847561880627183,1
seg_009341,sample_03212,Daylight Savings - My brother Daniel,1,1.3692276382343862,classical_20260919T110356Z,RBF-SVM,optimized,val,0.5847561880627183,1
seg_009375,sample_03224,Empty Pockets - Pete Prodoehl,1,1.8004028692798246,classical_20260919T110356Z,RBF-SVM,optimized,val,0.5847561880627183,1
seg_009376,sample_03224,Empty Pockets - Pete Prodoehl,1,1.687981371762806,classical_20260919T110356Z,RBF-SVM,optimized,val,0.5847561880627183,1
seg_009377,sample_03224,Empty Pockets - Pete Prodoehl,1,1.1738947833383366,classical_20260919T110356Z,RBF-SVM,optimized,val,0.5847561880627183,1
seg_009393,sample_03230,Evil Cannot Create - Caleb Lemond,1,1.8116995473382216,classical_20260919T110356Z,RBF-SVM,optimized,val,0.5847561880627183,1
seg_009394,sample_03230,Evil Cannot Create - Caleb Lemond,1,2.4980820511019077,classical_20260919T110356Z,RBF-SVM,optimized,val,0.5847561880627183,1
seg_009395,sample_03230,Evil Cannot Create - Caleb Lemond,1,3.6545611278451595,classical_20260919T110356Z,RBF-SVM,optimized,val,0.5847561880627183,1
seg_009399,sample_03232,Fear - Los Fancy Free,1,2.155824276025012,classical_20260919T110356Z,RBF-SVM,optimized,val,0.5847561880627183,1
seg_009400,sample_03232,Fear - Los Fancy Free,1,3.474364269172749,classical_20260919T110356Z,RBF-SVM,optimized,val,0.5847561880627183,1
seg_009401,sample_03232,Fear - Los Fancy Free,1,2.3442104171471283,classical_20260919T110356Z,RBF-SVM,optimized,val,0.5847561880627183,1
seg_009402,sample_03233,Fifth Ramble - From the album Keith [RSVP007] - My brother Daniel,1,2.0540602997036466,classical_20260919T110356Z,RBF-SVM,optimized,val,0.5847561880627183,1
seg_009403,sample_03233,Fifth Ramble - From the album Keith [RSVP007] - My brother Daniel,1,2.7168633507963524,classical_20260919T110356Z,RBF-SVM,optimized,val,0.5847561880627183,1
seg_009404,sample_03233,Fifth Ramble - From the album Keith [RSVP007] - My brother Daniel,1,1.4468554354713756,classical_20260919T110356Z,RBF-SVM,optimized,val,0.5847561880627183,1
seg_009438,sample_03245,Gila Monster Flop/Music History Lesson:The Sonics - The Crypts!,1,-0.18405380570136054,classical_20260919T110356Z,RBF-SVM,optimized,val,0.5847561880627183,0
seg_009439,sample_03245,Gila Monster Flop/Music History Lesson:The Sonics - The Crypts!,1,-0.35628236492803134,classical_20260919T110356Z,RBF-SVM,optimized,val,0.5847561880627183,0
seg_009440,sample_03245,Gila Monster Flop/Music History Lesson:The Sonics - The Crypts!,1,3.370339044316976,classical_20260919T110356Z,RBF-SVM,optimized,val,0.5847561880627183,1
seg_009471,sample_03256,If You're Ther - Nicola Ratti,1,2.348538042127341,classical_20260919T110356Z,RBF-SVM,optimized,val,0.5847561880627183,1
seg_009472,sample_03256,If You're Ther - Nicola Ratti,1,1.0116138220068613,classical_20260919T110356Z,RBF-SVM,optimized,val,0.5847561880627183,1
seg_009473,sample_03256,If You're Ther - Nicola Ratti,1,1.6183432176596648,classical_20260919T110356Z,RBF-SVM,optimized,val,0.5847561880627183,1
seg_009501,sample_03266,I Fell - Mod Fun,1,1.8941786610680444,classical_20260919T110356Z,RBF-SVM,optimized,val,0.5847561880627183,1
seg_009502,sample_03266,I Fell - Mod Fun,1,2.5935144787512803,classical_20260919T110356Z,RBF-SVM,optimized,val,0.5847561880627183,1
seg_009503,sample_03266,I Fell - Mod Fun,1,2.0415128815843353,classical_20260919T110356Z,RBF-SVM,optimized,val,0.5847561880627183,1
seg_009549,sample_03282,Kumorizoranohajimarutokoro - Hosomi,1,2.284738687054759,classical_20260919T110356Z,RBF-SVM,optimized,val,0.5847561880627183,1
seg_009550,sample_03282,Kumorizoranohajimarutokoro - Hosomi,1,2.3140162732497207,classical_20260919T110356Z,RBF-SVM,optimized,val,0.5847561880627183,1
seg_009551,sample_03282,Kumorizoranohajimarutokoro - Hosomi,1,2.3257129917572117,classical_20260919T110356Z,RBF-SVM,optimized,val,0.5847561880627183,1
seg_009585,sample_03294,Lights Up - Pipe Choir,1,1.7518412177653677,classical_20260919T110356Z,RBF-SVM,optimized,val,0.5847561880627183,1
seg_009586,sample_03294,Lights Up - Pipe Choir,1,2.710308593156677,classical_20260919T110356Z,RBF-SVM,optimized,val,0.5847561880627183,1
seg_009587,sample_03294,Lights Up - Pipe Choir,1,1.966687933454394,classical_20260919T110356Z,RBF-SVM,optimized,val,0.5847561880627183,1
seg_009603,sample_03300,Loved Ones - Rowan Box,1,1.3501001223945799,classical_20260919T110356Z,RBF-SVM,optimized,val,0.5847561880627183,1
seg_009604,sample_03300,Loved Ones - Rowan Box,1,1.3946261473532078,classical_20260919T110356Z,RBF-SVM,optimized,val,0.5847561880627183,1
seg_009605,sample_03300,Loved Ones - Rowan Box,1,1.7453188250992613,classical_20260919T110356Z,RBF-SVM,optimized,val,0.5847561880627183,1
seg_009615,sample_03304,March of the GPA Mechanics - [t]ghost,1,2.2196120432516384,classical_20260919T110356Z,RBF-SVM,optimized,val,0.5847561880627183,1
seg_009616,sample_03304,March of the GPA Mechanics - [t]ghost,1,2.140237907353672,classical_20260919T110356Z,RBF-SVM,optimized,val,0.5847561880627183,1
seg_009617,sample_03304,March of the GPA Mechanics - [t]ghost,1,0.6923135160647378,classical_20260919T110356Z,RBF-SVM,optimized,val,0.5847561880627183,1
seg_009636,sample_03311,Morning Bell - Nihilore,1,1.5833317953743435,classical_20260919T110356Z,RBF-SVM,optimized,val,0.5847561880627183,1
seg_009637,sample_03311,Morning Bell - Nihilore,1,2.2967070378497088,classical_20260919T110356Z,RBF-SVM,optimized,val,0.5847561880627183,1
seg_009638,sample_03311,Morning Bell - Nihilore,1,2.7227444330126715,classical_20260919T110356Z,RBF-SVM,optimized,val,0.5847561880627183,1
seg_009651,sample_03316,mystery team 2090 - Jesse Futerman,1,0.7806615336844296,classical_20260919T110356Z,RBF-SVM,optimized,val,0.5847561880627183,1
seg_009652,sample_03316,mystery team 2090 - Jesse Futerman,1,2.5880219655148533,classical_20260919T110356Z,RBF-SVM,optimized,val,0.5847561880627183,1
seg_009653,sample_03316,mystery team 2090 - Jesse Futerman,1,1.8800510136487907,classical_20260919T110356Z,RBF-SVM,optimized,val,0.5847561880627183,1
seg_009654,sample_03317,My Body Is A Weapon (Compromise Edit) - Silence is full of birds,1,1.61999276438551,classical_20260919T110356Z,RBF-SVM,optimized,val,0.5847561880627183,1
seg_009655,sample_03317,My Body Is A Weapon (Compromise Edit) - Silence is full of birds,1,1.7348068644999421,classical_20260919T110356Z,RBF-SVM,optimized,val,0.5847561880627183,1
seg_009656,sample_03317,My Body Is A Weapon (Compromise Edit) - Silence is full of birds,1,1.9827174026458732,classical_20260919T110356Z,RBF-SVM,optimized,val,0.5847561880627183,1
seg_009666,sample_03321,New Life (take 1) - Bird Names,1,3.075674027141798,classical_20260919T110356Z,RBF-SVM,optimized,val,0.5847561880627183,1
seg_009667,sample_03321,New Life (take 1) - Bird Names,1,3.233231936227053,classical_20260919T110356Z,RBF-SVM,optimized,val,0.5847561880627183,1
seg_009668,sample_03321,New Life (take 1) - Bird Names,1,1.7773942072599533,classical_20260919T110356Z,RBF-SVM,optimized,val,0.5847561880627183,1
seg_009672,sample_03323,Night Drive - Decktonic,1,0.18931676719685053,classical_20260919T110356Z,RBF-SVM,optimized,val,0.5847561880627183,0
seg_009673,sample_03323,Night Drive - Decktonic,1,2.48149473677306,classical_20260919T110356Z,RBF-SVM,optimized,val,0.5847561880627183,1
seg_009674,sample_03323,Night Drive - Decktonic,1,2.041546841055643,classical_20260919T110356Z,RBF-SVM,optimized,val,0.5847561880627183,1
seg_009681,sample_03326,Norweigian Wood II - Bird Names,1,0.27131575206859826,classical_20260919T110356Z,RBF-SVM,optimized,val,0.5847561880627183,0
seg_009682,sample_03326,Norweigian Wood II - Bird Names,1,0.7573508675438632,classical_20260919T110356Z,RBF-SVM,optimized,val,0.5847561880627183,1
seg_009683,sample_03326,Norweigian Wood II - Bird Names,1,2.1760536499974106,classical_20260919T110356Z,RBF-SVM,optimized,val,0.5847561880627183,1
seg_009693,sample_03330,Nuo Maisemat - Paavoharju,1,0.9292420457903753,classical_20260919T110356Z,RBF-SVM,optimized,val,0.5847561880627183,1
seg_009694,sample_03330,Nuo Maisemat - Paavoharju,1,1.4854254795505957,classical_20260919T110356Z,RBF-SVM,optimized,val,0.5847561880627183,1
seg_009695,sample_03330,Nuo Maisemat - Paavoharju,1,2.088908722579013,classical_20260919T110356Z,RBF-SVM,optimized,val,0.5847561880627183,1
seg_009756,sample_03351,Redlight - Room For A Ghost,1,3.4432138148073506,classical_20260919T110356Z,RBF-SVM,optimized,val,0.5847561880627183,1
seg_009757,sample_03351,Redlight - Room For A Ghost,1,4.1796278447883495,classical_20260919T110356Z,RBF-SVM,optimized,val,0.5847561880627183,1
seg_009758,sample_03351,Redlight - Room For A Ghost,1,2.6364906428523347,classical_20260919T110356Z,RBF-SVM,optimized,val,0.5847561880627183,1
seg_009774,sample_03357,Roller Star - Monroeville Music Center,1,2.7054533905640645,classical_20260919T110356Z,RBF-SVM,optimized,val,0.5847561880627183,1
seg_009775,sample_03357,Roller Star - Monroeville Music Center,1,2.3424750222431627,classical_20260919T110356Z,RBF-SVM,optimized,val,0.5847561880627183,1
seg_009776,sample_03357,Roller Star - Monroeville Music Center,1,2.9769186454021965,classical_20260919T110356Z,RBF-SVM,optimized,val,0.5847561880627183,1
seg_009780,sample_03359,"Roundtrip - Oh Yeah, the Future",1,0.5892227570747577,classical_20260919T110356Z,RBF-SVM,optimized,val,0.5847561880627183,1
seg_009781,sample_03359,"Roundtrip - Oh Yeah, the Future",1,3.3428591087597224,classical_20260919T110356Z,RBF-SVM,optimized,val,0.5847561880627183,1
seg_009782,sample_03359,"Roundtrip - Oh Yeah, the Future",1,3.1627086742201644,classical_20260919T110356Z,RBF-SVM,optimized,val,0.5847561880627183,1
seg_009792,sample_03363,Scramby Eggs - Andy G. Cohen,1,2.1370591791950284,classical_20260919T110356Z,RBF-SVM,optimized,val,0.5847561880627183,1
seg_009793,sample_03363,Scramby Eggs - Andy G. Cohen,1,3.181997521456368,classical_20260919T110356Z,RBF-SVM,optimized,val,0.5847561880627183,1
seg_009794,sample_03363,Scramby Eggs - Andy G. Cohen,1,1.5471721979526771,classical_20260919T110356Z,RBF-SVM,optimized,val,0.5847561880627183,1
seg_009795,sample_03364,SD (Ill Mix) - H-LR,1,1.9756038356205938,classical_20260919T110356Z,RBF-SVM,optimized,val,0.5847561880627183,1
seg_009796,sample_03364,SD (Ill Mix) - H-LR,1,4.7623521455893565,classical_20260919T110356Z,RBF-SVM,optimized,val,0.5847561880627183,1
seg_009797,sample_03364,SD (Ill Mix) - H-LR,1,2.502684101008631,classical_20260919T110356Z,RBF-SVM,optimized,val,0.5847561880627183,1
seg_009819,sample_03372,Shipwrecked Crew - Pete Prodoehl,1,1.2272962650548154,classical_20260919T110356Z,RBF-SVM,optimized,val,0.5847561880627183,1
seg_009820,sample_03372,Shipwrecked Crew - Pete Prodoehl,1,2.472449744967575,classical_20260919T110356Z,RBF-SVM,optimized,val,0.5847561880627183,1
seg_009821,sample_03372,Shipwrecked Crew - Pete Prodoehl,1,1.3863086062200394,classical_20260919T110356Z,RBF-SVM,optimized,val,0.5847561880627183,1
seg_009837,sample_03378,Soleares&beats - Malaventura,1,2.708856784120506,classical_20260919T110356Z,RBF-SVM,optimized,val,0.5847561880627183,1
seg_009838,sample_03378,Soleares&beats - Malaventura,1,1.7691866141415165,classical_20260919T110356Z,RBF-SVM,optimized,val,0.5847561880627183,1
seg_009839,sample_03378,Soleares&beats - Malaventura,1,0.1279913812917366,classical_20260919T110356Z,RBF-SVM,optimized,val,0.5847561880627183,0
seg_009843,sample_03380,some dextromethorphan - Jeva,1,2.436285681044524,classical_20260919T110356Z,RBF-SVM,optimized,val,0.5847561880627183,1
seg_009844,sample_03380,some dextromethorphan - Jeva,1,1.6291829687668007,classical_20260919T110356Z,RBF-SVM,optimized,val,0.5847561880627183,1
seg_009845,sample_03380,some dextromethorphan - Jeva,1,1.905013114303772,classical_20260919T110356Z,RBF-SVM,optimized,val,0.5847561880627183,1
seg_009858,sample_03385,Stockholm Syndrome / People Should Be More Aware - Bird Names,1,1.3334713449966107,classical_20260919T110356Z,RBF-SVM,optimized,val,0.5847561880627183,1
seg_009859,sample_03385,Stockholm Syndrome / People Should Be More Aware - Bird Names,1,3.6018301078967228,classical_20260919T110356Z,RBF-SVM,optimized,val,0.5847561880627183,1
seg_009860,sample_03385,Stockholm Syndrome / People Should Be More Aware - Bird Names,1,3.6183279928967296,classical_20260919T110356Z,RBF-SVM,optimized,val,0.5847561880627183,1
seg_009870,sample_03389,Sturgeon's Law - Nihilore,1,-0.4965104602885664,classical_20260919T110356Z,RBF-SVM,optimized,val,0.5847561880627183,0
seg_009871,sample_03389,Sturgeon's Law - Nihilore,1,0.8070633283104125,classical_20260919T110356Z,RBF-SVM,optimized,val,0.5847561880627183,1
seg_009872,sample_03389,Sturgeon's Law - Nihilore,1,3.306824669918453,classical_20260919T110356Z,RBF-SVM,optimized,val,0.5847561880627183,1
seg_009927,sample_03408,The girl just faded - Los Llamarada,1,1.75140030379607,classical_20260919T110356Z,RBF-SVM,optimized,val,0.5847561880627183,1
seg_009928,sample_03408,The girl just faded - Los Llamarada,1,1.778781664211349,classical_20260919T110356Z,RBF-SVM,optimized,val,0.5847561880627183,1
seg_009929,sample_03408,The girl just faded - Los Llamarada,1,2.593931059423659,classical_20260919T110356Z,RBF-SVM,optimized,val,0.5847561880627183,1
seg_009954,sample_03417,The Stairway - WarpToken,1,1.771769175493803,classical_20260919T110356Z,RBF-SVM,optimized,val,0.5847561880627183,1
seg_009955,sample_03417,The Stairway - WarpToken,1,1.3088049734133738,classical_20260919T110356Z,RBF-SVM,optimized,val,0.5847561880627183,1
seg_009956,sample_03417,The Stairway - WarpToken,1,2.1310033936356096,classical_20260919T110356Z,RBF-SVM,optimized,val,0.5847561880627183,1
seg_009957,sample_03418,Three Bird - My brother Daniel,1,0.37399082770301395,classical_20260919T110356Z,RBF-SVM,optimized,val,0.5847561880627183,0
seg_009958,sample_03418,Three Bird - My brother Daniel,1,0.37682764984663963,classical_20260919T110356Z,RBF-SVM,optimized,val,0.5847561880627183,0
seg_009959,sample_03418,Three Bird - My brother Daniel,1,1.447793403518127,classical_20260919T110356Z,RBF-SVM,optimized,val,0.5847561880627183,1
seg_009960,sample_03419,Timen Passing By - Jason Shaw,1,2.546787551809788,classical_20260919T110356Z,RBF-SVM,optimized,val,0.5847561880627183,1
seg_009961,sample_03419,Timen Passing By - Jason Shaw,1,1.5712864052164077,classical_20260919T110356Z,RBF-SVM,optimized,val,0.5847561880627183,1
seg_009962,sample_03419,Timen Passing By - Jason Shaw,1,2.4336244121800297,classical_20260919T110356Z,RBF-SVM,optimized,val,0.5847561880627183,1
seg_009963,sample_03420,Time Is Love - Silence is full of birds,1,2.5319463679989527,classical_20260919T110356Z,RBF-SVM,optimized,val,0.5847561880627183,1
seg_009964,sample_03420,Time Is Love - Silence is full of birds,1,3.2853398552025768,classical_20260919T110356Z,RBF-SVM,optimized,val,0.5847561880627183,1
seg_009965,sample_03420,Time Is Love - Silence is full of birds,1,1.5097291907817554,classical_20260919T110356Z,RBF-SVM,optimized,val,0.5847561880627183,1
seg_009990,sample_03429,Understand That This Is A Dream - From the album Modulating Coil [RSVP008] - Forrest James,1,1.6006226001544854,classical_20260919T110356Z,RBF-SVM,optimized,val,0.5847561880627183,1
seg_009991,sample_03429,Understand That This Is A Dream - From the album Modulating Coil [RSVP008] - Forrest James,1,1.664670697251625,classical_20260919T110356Z,RBF-SVM,optimized,val,0.5847561880627183,1
seg_009992,sample_03429,Understand That This Is A Dream - From the album Modulating Coil [RSVP008] - Forrest James,1,1.7952036981450126,classical_20260919T110356Z,RBF-SVM,optimized,val,0.5847561880627183,1
seg_010005,sample_03434,Voxel - Andy G. Cohen,1,1.7960378659737304,classical_20260919T110356Z,RBF-SVM,optimized,val,0.5847561880627183,1
seg_010006,sample_03434,Voxel - Andy G. Cohen,1,2.132430447217442,classical_20260919T110356Z,RBF-SVM,optimized,val,0.5847561880627183,1
seg_010007,sample_03434,Voxel - Andy G. Cohen,1,1.8172513590563224,classical_20260919T110356Z,RBF-SVM,optimized,val,0.5847561880627183,1
seg_010011,sample_03436,Westside Chillers - Little Glass Men,1,3.749808743694712,classical_20260919T110356Z,RBF-SVM,optimized,val,0.5847561880627183,1
seg_010012,sample_03436,Westside Chillers - Little Glass Men,1,1.9579558412559166,classical_20260919T110356Z,RBF-SVM,optimized,val,0.5847561880627183,1
seg_010013,sample_03436,Westside Chillers - Little Glass Men,1,1.2228326943157586,classical_20260919T110356Z,RBF-SVM,optimized,val,0.5847561880627183,1
seg_010065,sample_03454,Новый Нью-Йорк 2 - Чокнутый Пропеллер,1,1.5109221250217943,classical_20260919T110356Z,RBF-SVM,optimized,val,0.5847561880627183,1
seg_010066,sample_03454,Новый Нью-Йорк 2 - Чокнутый Пропеллер,1,0.7539502822985924,classical_20260919T110356Z,RBF-SVM,optimized,val,0.5847561880627183,1
seg_010067,sample_03454,Новый Нью-Йорк 2 - Чокнутый Пропеллер,1,1.0013348563229219,classical_20260919T110356Z,RBF-SVM,optimized,val,0.5847561880627183,1
seg_010071,sample_03456,Windows of the Skull - Sarin,1,1.935869113925429,classical_20260919T110356Z,RBF-SVM,optimized,val,0.5847561880627183,1
seg_010072,sample_03456,Windows of the Skull - Sarin,1,2.0161781999487225,classical_20260919T110356Z,RBF-SVM,optimized,val,0.5847561880627183,1
seg_010073,sample_03456,Windows of the Skull - Sarin,1,1.5344158994094161,classical_20260919T110356Z,RBF-SVM,optimized,val,0.5847561880627183,1
