segment_id,track_id,original_audio_id,label,score,run_id,model,variant,split,threshold,prediction
seg_000006,sample_00002,2 (Wasn't There) - Isle of Pine,0,-1.0031849580175143,classical_20260919T110356Z,RBF-SVM,baseline,val,0.5196503294173163,0
seg_000007,sample_00002,2 (Wasn't There) - Isle of Pine,0,-0.19382821691562657,classical_20260919T110356Z,RBF-SVM,baseline,val,0.5196503294173163,0
seg_000008,sample_00002,2 (Wasn't There) - Isle of Pine,0,0.33432196929353636,classical_20260919T110356Z,RBF-SVM,baseline,val,0.5196503294173163,0
seg_000039,sample_00013,Agora - Malaventura,0,-0.30383433371645074,classical_20260919T110356Z,RBF-SVM,baseline,val,0.5196503294173163,0
seg_000040,sample_00013,Agora - Malaventura,0,0.49855691603873054,classical_20260919T110356Z,RBF-SVM,baseline,val,0.5196503294173163,0
seg_000041,sample_00013,Agora - Malaventura,0,-0.22446215713885243,classical_20260919T110356Z,RBF-SVM,baseline,val,0.5196503294173163,0
seg_000081,sample_00027,Beyond Luxury - Mors Ontologica,0,-2.184555798997958,classical_20260919T110356Z,RBF-SVM,baseline,val,0.5196503294173163,0
seg_000082,sample_00027,Beyond Luxury - Mors Ontologica,0,-0.6784182702172681,classical_20260919T110356Z,RBF-SVM,baseline,val,0.5196503294173163,0
seg_000083,sample_00027,Beyond Luxury - Mors Ontologica,0,-0.8783081013211989,classical_20260919T110356Z,RBF-SVM,baseline,val,0.5196503294173163,0
seg_000129,sample_00043,CopperNickle - UncleBibby,0,0.2512369180458106,classical_20260919T110356Z,RBF-SVM,baseline,val,0.5196503294173163,0
seg_000130,sample_00043,CopperNickle - UncleBibby,0,0.6611248076282075,classical_20260919T110356Z,RBF-SVM,baseline,val,0.5196503294173163,1
seg_000131,sample_00043,CopperNickle - UncleBibby,0,-0.03877581125054741,classical_20260919T110356Z,RBF-SVM,baseline,val,0.5196503294173163,0
seg_000141,sample_00047,Daylight Savings - My brother Daniel,0,0.20919881568171317,classical_20260919T110356Z,RBF-SVM,baseline,val,0.5196503294173163,0
seg_000142,sample_00047,Daylight Savings - My brother Daniel,0,0.43828254266338795,classical_20260919T110356Z,RBF-SVM,baseline,val,0.5196503294173163,0
seg_000143,sample_00047,Daylight Savings - My brother Daniel,0,0.7920995030848397,classical_20260919T110356Z,RBF-SVM,baseline,val,0.5196503294173163,1
seg_000177,sample_00059,Empty Pockets - Pete Prodoehl,0,-1.2068952292090382,classical_20260919T110356Z,RBF-SVM,baseline,val,0.5196503294173163,0
seg_000178,sample_00059,Empty Pockets - Pete Prodoehl,0,-0.41263305485622537,classical_20260919T110356Z,RBF-SVM,baseline,val,0.5196503294173163,0
seg_000179,sample_00059,Empty Pockets - Pete Prodoehl,0,-1.0685080671612461,classical_20260919T110356Z,RBF-SVM,baseline,val,0.5196503294173163,0
seg_000195,sample_00065,Evil Cannot Create - Caleb Lemond,0,-0.22005591602276087,classical_20260919T110356Z,RBF-SVM,baseline,val,0.5196503294173163,0
seg_000196,sample_00065,Evil Cannot Create - Caleb Lemond,0,0.5148578894598353,classical_20260919T110356Z,RBF-SVM,baseline,val,0.5196503294173163,0
seg_000197,sample_00065,Evil Cannot Create - Caleb Lemond,0,-0.49268931451965137,classical_20260919T110356Z,RBF-SVM,baseline,val,0.5196503294173163,0
seg_000201,sample_00067,Fear - Los Fancy Free,0,-1.0760810553325617,classical_20260919T110356Z,RBF-SVM,baseline,val,0.5196503294173163,0
seg_000202,sample_00067,Fear - Los Fancy Free,0,-0.18917207974018135,classical_20260919T110356Z,RBF-SVM,baseline,val,0.5196503294173163,0
seg_000203,sample_00067,Fear - Los Fancy Free,0,-1.2246737776664238,classical_20260919T110356Z,RBF-SVM,baseline,val,0.5196503294173163,0
seg_000204,sample_00068,Fifth Ramble - From the album Keith [RSVP007] - My brother Daniel,0,1.3148450402690013,classical_20260919T110356Z,RBF-SVM,baseline,val,0.5196503294173163,1
seg_000205,sample_00068,Fifth Ramble - From the album Keith [RSVP007] - My brother Daniel,0,1.089259818726124,classical_20260919T110356Z,RBF-SVM,baseline,val,0.5196503294173163,1
seg_000206,sample_00068,Fifth Ramble - From the album Keith [RSVP007] - My brother Daniel,0,1.2237117592971694,classical_20260919T110356Z,RBF-SVM,baseline,val,0.5196503294173163,1
seg_000240,sample_00080,Gila Monster Flop/Music History Lesson:The Sonics - The Crypts!,0,-0.39341683650666615,classical_20260919T110356Z,RBF-SVM,baseline,val,0.5196503294173163,0
seg_000241,sample_00080,Gila Monster Flop/Music History Lesson:The Sonics - The Crypts!,0,-0.35646229379292405,classical_20260919T110356Z,RBF-SVM,baseline,val,0.5196503294173163,0
seg_000242,sample_00080,Gila Monster Flop/Music History Lesson:The Sonics - The Crypts!,0,-0.7966873016600846,classical_20260919T110356Z,RBF-SVM,baseline,val,0.5196503294173163,0
seg_000285,sample_00095,I Fell - Mod Fun,0,-2.148276298229817,classical_20260919T110356Z,RBF-SVM,baseline,val,0.5196503294173163,0
seg_000286,sample_00095,I Fell - Mod Fun,0,-1.1823500458955811,classical_20260919T110356Z,RBF-SVM,baseline,val,0.5196503294173163,0
seg_000287,sample_00095,I Fell - Mod Fun,0,-1.1447737211160012,classical_20260919T110356Z,RBF-SVM,baseline,val,0.5196503294173163,0
seg_000297,sample_00099,If You're Ther - Nicola Ratti,0,-0.41875198489390875,classical_20260919T110356Z,RBF-SVM,baseline,val,0.5196503294173163,0
seg_000298,sample_00099,If You're Ther - Nicola Ratti,0,-0.42644108644926804,classical_20260919T110356Z,RBF-SVM,baseline,val,0.5196503294173163,0
seg_000299,sample_00099,If You're Ther - Nicola Ratti,0,-1.0667162620798538,classical_20260919T110356Z,RBF-SVM,baseline,val,0.5196503294173163,0
seg_000342,sample_00114,Kumorizoranohajimarutokoro - Hosomi,0,-0.27380384270861247,classical_20260919T110356Z,RBF-SVM,baseline,val,0.5196503294173163,0
seg_000343,sample_00114,Kumorizoranohajimarutokoro - Hosomi,0,-0.12947375779795844,classical_20260919T110356Z,RBF-SVM,baseline,val,0.5196503294173163,0
seg_000344,sample_00114,Kumorizoranohajimarutokoro - Hosomi,0,-0.7477173440563945,classical_20260919T110356Z,RBF-SVM,baseline,val,0.5196503294173163,0
seg_000384,sample_00128,Lights Up - Pipe Choir,0,-1.471989566857118,classical_20260919T110356Z,RBF-SVM,baseline,val,0.5196503294173163,0
seg_000385,sample_00128,Lights Up - Pipe Choir,0,-0.25125658054542654,classical_20260919T110356Z,RBF-SVM,baseline,val,0.5196503294173163,0
seg_000386,sample_00128,Lights Up - Pipe Choir,0,-1.1089270723222853,classical_20260919T110356Z,RBF-SVM,baseline,val,0.5196503294173163,0
seg_000399,sample_00133,Loved Ones - Rowan Box,0,0.037020600640761625,classical_20260919T110356Z,RBF-SVM,baseline,val,0.5196503294173163,0
seg_000400,sample_00133,Loved Ones - Rowan Box,0,0.6463539468531532,classical_20260919T110356Z,RBF-SVM,baseline,val,0.5196503294173163,1
seg_000401,sample_00133,Loved Ones - Rowan Box,0,0.1389489012171527,classical_20260919T110356Z,RBF-SVM,baseline,val,0.5196503294173163,0
seg_000408,sample_00136,March of the GPA Mechanics - [t]ghost,0,-0.40828071093228857,classical_20260919T110356Z,RBF-SVM,baseline,val,0.5196503294173163,0
seg_000409,sample_00136,March of the GPA Mechanics - [t]ghost,0,0.48391155033837696,classical_20260919T110356Z,RBF-SVM,baseline,val,0.5196503294173163,0
seg_000410,sample_00136,March of the GPA Mechanics - [t]ghost,0,0.12396381642979704,classical_20260919T110356Z,RBF-SVM,baseline,val,0.5196503294173163,0
seg_000426,sample_00142,Morning Bell - Nihilore,0,-0.698766143107654,classical_20260919T110356Z,RBF-SVM,baseline,val,0.5196503294173163,0
seg_000427,sample_00142,Morning Bell - Nihilore,0,-0.4817944080689316,classical_20260919T110356Z,RBF-SVM,baseline,val,0.5196503294173163,0
seg_000428,sample_00142,Morning Bell - Nihilore,0,-1.3723513872861397,classical_20260919T110356Z,RBF-SVM,baseline,val,0.5196503294173163,0
seg_000441,sample_00147,My Body Is A Weapon (Compromise Edit) - Silence is full of birds,0,-1.4352452710763552,classical_20260919T110356Z,RBF-SVM,baseline,val,0.5196503294173163,0
seg_000442,sample_00147,My Body Is A Weapon (Compromise Edit) - Silence is full of birds,0,-1.385788161098629,classical_20260919T110356Z,RBF-SVM,baseline,val,0.5196503294173163,0
seg_000443,sample_00147,My Body Is A Weapon (Compromise Edit) - Silence is full of birds,0,-2.141361109239792,classical_20260919T110356Z,RBF-SVM,baseline,val,0.5196503294173163,0
seg_000453,sample_00151,New Life (take 1) - Bird Names,0,-1.8614169781036964,classical_20260919T110356Z,RBF-SVM,baseline,val,0.5196503294173163,0
seg_000454,sample_00151,New Life (take 1) - Bird Names,0,-0.8343528218954581,classical_20260919T110356Z,RBF-SVM,baseline,val,0.5196503294173163,0
seg_000455,sample_00151,New Life (take 1) - Bird Names,0,-1.19121417883101,classical_20260919T110356Z,RBF-SVM,baseline,val,0.5196503294173163,0
seg_000459,sample_00153,Night Drive - Decktonic,0,0.6254359677668789,classical_20260919T110356Z,RBF-SVM,baseline,val,0.5196503294173163,1
seg_000460,sample_00153,Night Drive - Decktonic,0,0.426028603543777,classical_20260919T110356Z,RBF-SVM,baseline,val,0.5196503294173163,0
seg_000461,sample_00153,Night Drive - Decktonic,0,0.0532142431888315,classical_20260919T110356Z,RBF-SVM,baseline,val,0.5196503294173163,0
seg_000468,sample_00156,Norweigian Wood II - Bird Names,0,-2.3598991907944575,classical_20260919T110356Z,RBF-SVM,baseline,val,0.5196503294173163,0
seg_000469,sample_00156,Norweigian Wood II - Bird Names,0,-1.1316726646957092,classical_20260919T110356Z,RBF-SVM,baseline,val,0.5196503294173163,0
seg_000470,sample_00156,Norweigian Wood II - Bird Names,0,-1.385940646590425,classical_20260919T110356Z,RBF-SVM,baseline,val,0.5196503294173163,0
seg_000480,sample_00160,Nuo Maisemat - Paavoharju,0,0.8215055031251778,classical_20260919T110356Z,RBF-SVM,baseline,val,0.5196503294173163,1
seg_000481,sample_00160,Nuo Maisemat - Paavoharju,0,0.9003502440351255,classical_20260919T110356Z,RBF-SVM,baseline,val,0.5196503294173163,1
seg_000482,sample_00160,Nuo Maisemat - Paavoharju,0,0.049026651744587535,classical_20260919T110356Z,RBF-SVM,baseline,val,0.5196503294173163,0
seg_000537,sample_00179,Redlight - Room For A Ghost,0,-1.932715618108443,classical_20260919T110356Z,RBF-SVM,baseline,val,0.5196503294173163,0
seg_000538,sample_00179,Redlight - Room For A Ghost,0,-0.9745251456841395,classical_20260919T110356Z,RBF-SVM,baseline,val,0.5196503294173163,0
seg_000539,sample_00179,Redlight - Room For A Ghost,0,-1.2461120019214766,classical_20260919T110356Z,RBF-SVM,baseline,val,0.5196503294173163,0
seg_000555,sample_00185,Roller Star - Monroeville Music Center,0,-2.0759700151769076,classical_20260919T110356Z,RBF-SVM,baseline,val,0.5196503294173163,0
seg_000556,sample_00185,Roller Star - Monroeville Music Center,0,-0.5547108419317128,classical_20260919T110356Z,RBF-SVM,baseline,val,0.5196503294173163,0
seg_000557,sample_00185,Roller Star - Monroeville Music Center,0,-0.6547093665929109,classical_20260919T110356Z,RBF-SVM,baseline,val,0.5196503294173163,0
seg_000561,sample_00187,"Roundtrip - Oh Yeah, the Future",0,-1.3536708498303271,classical_20260919T110356Z,RBF-SVM,baseline,val,0.5196503294173163,0
seg_000562,sample_00187,"Roundtrip - Oh Yeah, the Future",0,-1.062561195783339,classical_20260919T110356Z,RBF-SVM,baseline,val,0.5196503294173163,0
seg_000563,sample_00187,"Roundtrip - Oh Yeah, the Future",0,-2.091036168619626,classical_20260919T110356Z,RBF-SVM,baseline,val,0.5196503294173163,0
seg_000570,sample_00190,SD (Ill Mix) - H-LR,0,-1.634894778840446,classical_20260919T110356Z,RBF-SVM,baseline,val,0.5196503294173163,0
seg_000571,sample_00190,SD (Ill Mix) - H-LR,0,0.5039448378166621,classical_20260919T110356Z,RBF-SVM,baseline,val,0.5196503294173163,0
seg_000572,sample_00190,SD (Ill Mix) - H-LR,0,-0.01564907530339177,classical_20260919T110356Z,RBF-SVM,baseline,val,0.5196503294173163,0
seg_000576,sample_00192,Scramby Eggs - Andy G. Cohen,0,-0.5069035274595517,classical_20260919T110356Z,RBF-SVM,baseline,val,0.5196503294173163,0
seg_000577,sample_00192,Scramby Eggs - Andy G. Cohen,0,0.5677052648931187,classical_20260919T110356Z,RBF-SVM,baseline,val,0.5196503294173163,1
seg_000578,sample_00192,Scramby Eggs - Andy G. Cohen,0,-0.6683819599343541,classical_20260919T110356Z,RBF-SVM,baseline,val,0.5196503294173163,0
seg_000600,sample_00200,Shipwrecked Crew - Pete Prodoehl,0,-0.5145907156527849,classical_20260919T110356Z,RBF-SVM,baseline,val,0.5196503294173163,0
seg_000601,sample_00200,Shipwrecked Crew - Pete Prodoehl,0,0.23640472531967244,classical_20260919T110356Z,RBF-SVM,baseline,val,0.5196503294173163,0
seg_000602,sample_00200,Shipwrecked Crew - Pete Prodoehl,0,0.4836371596684246,classical_20260919T110356Z,RBF-SVM,baseline,val,0.5196503294173163,0
seg_000615,sample_00205,Soleares&beats - Malaventura,0,0.12010137052879821,classical_20260919T110356Z,RBF-SVM,baseline,val,0.5196503294173163,0
seg_000616,sample_00205,Soleares&beats - Malaventura,0,0.8148941017038879,classical_20260919T110356Z,RBF-SVM,baseline,val,0.5196503294173163,1
seg_000617,sample_00205,Soleares&beats - Malaventura,0,-0.2549120866179191,classical_20260919T110356Z,RBF-SVM,baseline,val,0.5196503294173163,0
seg_000633,sample_00211,Stockholm Syndrome / People Should Be More Aware - Bird Names,0,-1.8322763977074334,classical_20260919T110356Z,RBF-SVM,baseline,val,0.5196503294173163,0
seg_000634,sample_00211,Stockholm Syndrome / People Should Be More Aware - Bird Names,0,-1.332865476239118,classical_20260919T110356Z,RBF-SVM,baseline,val,0.5196503294173163,0
seg_000635,sample_00211,Stockholm Syndrome / People Should Be More Aware - Bird Names,0,-2.136326717406403,classical_20260919T110356Z,RBF-SVM,baseline,val,0.5196503294173163,0
seg_000645,sample_00215,Sturgeon's Law - Nihilore,0,-1.05517585165827,classical_20260919T110356Z,RBF-SVM,baseline,val,0.5196503294173163,0
seg_000646,sample_00215,Sturgeon's Law - Nihilore,0,-0.10198723084789718,classical_20260919T110356Z,RBF-SVM,baseline,val,0.5196503294173163,0
seg_000647,sample_00215,Sturgeon's Law - Nihilore,0,0.11788238952189944,classical_20260919T110356Z,RBF-SVM,baseline,val,0.5196503294173163,0
seg_000726,sample_00242,The Stairway - WarpToken,0,0.39539582244595417,classical_20260919T110356Z,RBF-SVM,baseline,val,0.5196503294173163,0
seg_000727,sample_00242,The Stairway - WarpToken,0,1.3567958023770559,classical_20260919T110356Z,RBF-SVM,baseline,val,0.5196503294173163,1
seg_000728,sample_00242,The Stairway - WarpToken,0,0.16301117878420063,classical_20260919T110356Z,RBF-SVM,baseline,val,0.5196503294173163,0
seg_000729,sample_00243,The girl just faded - Los Llamarada,0,-0.8777654621079147,classical_20260919T110356Z,RBF-SVM,baseline,val,0.5196503294173163,0
seg_000730,sample_00243,The girl just faded - Los Llamarada,0,-0.31363951764547127,classical_20260919T110356Z,RBF-SVM,baseline,val,0.5196503294173163,0
seg_000731,sample_00243,The girl just faded - Los Llamarada,0,-1.2403429585292258,classical_20260919T110356Z,RBF-SVM,baseline,val,0.5196503294173163,0
seg_000735,sample_00245,Three Bird - My brother Daniel,0,0.8024740962522404,classical_20260919T110356Z,RBF-SVM,baseline,val,0.5196503294173163,1
seg_000736,sample_00245,Three Bird - My brother Daniel,0,0.8914564860841083,classical_20260919T110356Z,RBF-SVM,baseline,val,0.5196503294173163,1
seg_000737,sample_00245,Three Bird - My brother Daniel,0,-0.9924427038516106,classical_20260919T110356Z,RBF-SVM,baseline,val,0.5196503294173163,0
seg_000738,sample_00246,Time Is Love - Silence is full of birds,0,-1.123724625583505,classical_20260919T110356Z,RBF-SVM,baseline,val,0.5196503294173163,0
seg_000739,sample_00246,Time Is Love - Silence is full of birds,0,-0.7827546119803941,classical_20260919T110356Z,RBF-SVM,baseline,val,0.5196503294173163,0
seg_000740,sample_00246,Time Is Love - Silence is full of birds,0,-1.557952608374305,classical_20260919T110356Z,RBF-SVM,baseline,val,0.5196503294173163,0
seg_000744,sample_00248,Timen Passing By - Jason Shaw,0,0.7602611198475762,classical_20260919T110356Z,RBF-SVM,baseline,val,0.5196503294173163,1
seg_000745,sample_00248,Timen Passing By - Jason Shaw,0,0.7387555934462068,classical_20260919T110356Z,RBF-SVM,baseline,val,0.5196503294173163,1
seg_000746,sample_00248,Timen Passing By - Jason Shaw,0,0.47423507455070646,classical_20260919T110356Z,RBF-SVM,baseline,val,0.5196503294173163,0
seg_000765,sample_00255,Understand That This Is A Dream - From the album Modulating Coil [RSVP008] - Forrest James,0,-0.5199048961645394,classical_20260919T110356Z,RBF-SVM,baseline,val,0.5196503294173163,0
seg_000766,sample_00255,Understand That This Is A Dream - From the album Modulating Coil [RSVP008] - Forrest James,0,-0.24383595661210566,classical_20260919T110356Z,RBF-SVM,baseline,val,0.5196503294173163,0
seg_000767,sample_00255,Understand That This Is A Dream - From the album Modulating Coil [RSVP008] - Forrest James,0,-0.03899185003116379,classical_20260919T110356Z,RBF-SVM,baseline,val,0.5196503294173163,0
seg_000783,sample_00261,Voxel - Andy G. Cohen,0,-0.6251330085040547,classical_20260919T110356Z,RBF-SVM,baseline,val,0.5196503294173163,0
seg_000784,sample_00261,Voxel - Andy G. Cohen,0,-0.2273949044062511,classical_20260919T110356Z,RBF-SVM,baseline,val,0.5196503294173163,0
seg_000785,sample_00261,Voxel - Andy G. Cohen,0,-0.873184860983486,classical_20260919T110356Z,RBF-SVM,baseline,val,0.5196503294173163,0
seg_000801,sample_00267,Westside Chillers - Little Glass Men,0,-0.0301766415051129,classical_20260919T110356Z,RBF-SVM,baseline,val,0.5196503294173163,0
seg_000802,sample_00267,Westside Chillers - Little Glass Men,0,0.7316020627093923,classical_20260919T110356Z,RBF-SVM,baseline,val,0.5196503294173163,1
seg_000803,sample_00267,Westside Chillers - Little Glass Men,0,0.9159642708850118,classical_20260919T110356Z,RBF-SVM,baseline,val,0.5196503294173163,1
seg_000819,sample_00273,Windows of the Skull - Sarin,0,-0.8693877861772303,classical_20260919T110356Z,RBF-SVM,baseline,val,0.5196503294173163,0
seg_000820,sample_00273,Windows of the Skull - Sarin,0,0.17768991869680595,classical_20260919T110356Z,RBF-SVM,baseline,val,0.5196503294173163,0
seg_000821,sample_00273,Windows of the Skull - Sarin,0,-0.5349005173629566,classical_20260919T110356Z,RBF-SVM,baseline,val,0.5196503294173163,0
seg_000858,sample_00286,mystery team 2090 - Jesse Futerman,0,0.21309560512522735,classical_20260919T110356Z,RBF-SVM,baseline,val,0.5196503294173163,0
seg_000859,sample_00286,mystery team 2090 - Jesse Futerman,0,0.4202531243273615,classical_20260919T110356Z,RBF-SVM,baseline,val,0.5196503294173163,0
seg_000860,sample_00286,mystery team 2090 - Jesse Futerman,0,-0.395279638889221,classical_20260919T110356Z,RBF-SVM,baseline,val,0.5196503294173163,0
seg_000870,sample_00290,some dextromethorphan - Jeva,0,0.153287446957314,classical_20260919T110356Z,RBF-SVM,baseline,val,0.5196503294173163,0
seg_000871,sample_00290,some dextromethorphan - Jeva,0,0.6586845978897107,classical_20260919T110356Z,RBF-SVM,baseline,val,0.5196503294173163,1
seg_000872,sample_00290,some dextromethorphan - Jeva,0,-1.0988286132841594,classical_20260919T110356Z,RBF-SVM,baseline,val,0.5196503294173163,0
seg_000876,sample_00292,В Наших Сердцах - Чокнутый Пропеллер,0,-0.8497811344321065,classical_20260919T110356Z,RBF-SVM,baseline,val,0.5196503294173163,0
seg_000877,sample_00292,В Наших Сердцах - Чокнутый Пропеллер,0,-0.9192573105710409,classical_20260919T110356Z,RBF-SVM,baseline,val,0.5196503294173163,0
seg_000878,sample_00292,В Наших Сердцах - Чокнутый Пропеллер,0,-0.9124300212021619,classical_20260919T110356Z,RBF-SVM,baseline,val,0.5196503294173163,0
seg_000885,sample_00295,Новый Нью-Йорк 2 - Чокнутый Пропеллер,0,-1.0469605407001004,classical_20260919T110356Z,RBF-SVM,baseline,val,0.5196503294173163,0
seg_000886,sample_00295,Новый Нью-Йорк 2 - Чокнутый Пропеллер,0,-0.8250014135276917,classical_20260919T110356Z,RBF-SVM,baseline,val,0.5196503294173163,0
seg_000887,sample_00295,Новый Нью-Йорк 2 - Чокнутый Пропеллер,0,-0.7542564190372345,classical_20260919T110356Z,RBF-SVM,baseline,val,0.5196503294173163,0
seg_000897,sample_00299,2 (Wasn't There) - Isle of Pine,1,1.3557840141873703,classical_20260919T110356Z,RBF-SVM,baseline,val,0.5196503294173163,1
seg_000898,sample_00299,2 (Wasn't There) - Isle of Pine,1,0.38812463475190273,classical_20260919T110356Z,RBF-SVM,baseline,val,0.5196503294173163,0
seg_000899,sample_00299,2 (Wasn't There) - Isle of Pine,1,1.2769406941659072,classical_20260919T110356Z,RBF-SVM,baseline,val,0.5196503294173163,1
seg_000918,sample_00306,Agora - Malaventura,1,2.046002940317498,classical_20260919T110356Z,RBF-SVM,baseline,val,0.5196503294173163,1
seg_000919,sample_00306,Agora - Malaventura,1,1.184773596887417,classical_20260919T110356Z,RBF-SVM,baseline,val,0.5196503294173163,1
seg_000920,sample_00306,Agora - Malaventura,1,2.092485362800553,classical_20260919T110356Z,RBF-SVM,baseline,val,0.5196503294173163,1
seg_000969,sample_00323,Beyond Luxury - Mors Ontologica,1,1.0457172657243938,classical_20260919T110356Z,RBF-SVM,baseline,val,0.5196503294173163,1
seg_000970,sample_00323,Beyond Luxury - Mors Ontologica,1,1.5930781441920412,classical_20260919T110356Z,RBF-SVM,baseline,val,0.5196503294173163,1
seg_000971,sample_00323,Beyond Luxury - Mors Ontologica,1,2.3751433015749024,classical_20260919T110356Z,RBF-SVM,baseline,val,0.5196503294173163,1
seg_001014,sample_00338,CopperNickle - UncleBibby,1,1.2106891354671807,classical_20260919T110356Z,RBF-SVM,baseline,val,0.5196503294173163,1
seg_001015,sample_00338,CopperNickle - UncleBibby,1,1.1081253987369217,classical_20260919T110356Z,RBF-SVM,baseline,val,0.5196503294173163,1
seg_001016,sample_00338,CopperNickle - UncleBibby,1,1.623489540945891,classical_20260919T110356Z,RBF-SVM,baseline,val,0.5196503294173163,1
seg_001029,sample_00343,Daylight Savings - My brother Daniel,1,0.7784185378492402,classical_20260919T110356Z,RBF-SVM,baseline,val,0.5196503294173163,1
seg_001030,sample_00343,Daylight Savings - My brother Daniel,1,1.0558705345633665,classical_20260919T110356Z,RBF-SVM,baseline,val,0.5196503294173163,1
seg_001031,sample_00343,Daylight Savings - My brother Daniel,1,1.0506367521226776,classical_20260919T110356Z,RBF-SVM,baseline,val,0.5196503294173163,1
seg_001065,sample_00355,Empty Pockets - Pete Prodoehl,1,1.3463706954305494,classical_20260919T110356Z,RBF-SVM,baseline,val,0.5196503294173163,1
seg_001066,sample_00355,Empty Pockets - Pete Prodoehl,1,0.964351939487143,classical_20260919T110356Z,RBF-SVM,baseline,val,0.5196503294173163,1
seg_001067,sample_00355,Empty Pockets - Pete Prodoehl,1,0.7575800437373681,classical_20260919T110356Z,RBF-SVM,baseline,val,0.5196503294173163,1
seg_001083,sample_00361,Evil Cannot Create - Caleb Lemond,1,1.5385517990044608,classical_20260919T110356Z,RBF-SVM,baseline,val,0.5196503294173163,1
seg_001084,sample_00361,Evil Cannot Create - Caleb Lemond,1,0.9117792821600015,classical_20260919T110356Z,RBF-SVM,baseline,val,0.5196503294173163,1
seg_001085,sample_00361,Evil Cannot Create - Caleb Lemond,1,1.0954702789338278,classical_20260919T110356Z,RBF-SVM,baseline,val,0.5196503294173163,1
seg_001089,sample_00363,Fear - Los Fancy Free,1,1.1679101794525553,classical_20260919T110356Z,RBF-SVM,baseline,val,0.5196503294173163,1
seg_001090,sample_00363,Fear - Los Fancy Free,1,1.2561026182443715,classical_20260919T110356Z,RBF-SVM,baseline,val,0.5196503294173163,1
seg_001091,sample_00363,Fear - Los Fancy Free,1,1.3352805770680702,classical_20260919T110356Z,RBF-SVM,baseline,val,0.5196503294173163,1
seg_001092,sample_00364,Fifth Ramble - From the album Keith [RSVP007] - My brother Daniel,1,1.7925961551801475,classical_20260919T110356Z,RBF-SVM,baseline,val,0.5196503294173163,1
seg_001093,sample_00364,Fifth Ramble - From the album Keith [RSVP007] - My brother Daniel,1,0.8499764982044011,classical_20260919T110356Z,RBF-SVM,baseline,val,0.5196503294173163,1
seg_001094,sample_00364,Fifth Ramble - From the album Keith [RSVP007] - My brother Daniel,1,2.1803387135884966,classical_20260919T110356Z,RBF-SVM,baseline,val,0.5196503294173163,1
seg_001128,sample_00376,Gila Monster Flop/Music History Lesson:The Sonics - The Crypts!,1,1.4420908839233095,classical_20260919T110356Z,RBF-SVM,baseline,val,0.5196503294173163,1
seg_001129,sample_00376,Gila Monster Flop/Music History Lesson:The Sonics - The Crypts!,1,0.4207797542963724,classical_20260919T110356Z,RBF-SVM,baseline,val,0.5196503294173163,0
seg_001130,sample_00376,Gila Monster Flop/Music History Lesson:The Sonics - The Crypts!,1,-0.4043458721253841,classical_20260919T110356Z,RBF-SVM,baseline,val,0.5196503294173163,0
seg_001161,sample_00387,If You're Ther - Nicola Ratti,1,1.7294870928999138,classical_20260919T110356Z,RBF-SVM,baseline,val,0.5196503294173163,1
seg_001162,sample_00387,If You're Ther - Nicola Ratti,1,1.324537979054169,classical_20260919T110356Z,RBF-SVM,baseline,val,0.5196503294173163,1
seg_001163,sample_00387,If You're Ther - Nicola Ratti,1,1.2473038918107124,classical_20260919T110356Z,RBF-SVM,baseline,val,0.5196503294173163,1
seg_001191,sample_00397,I Fell - Mod Fun,1,2.0908341568232314,classical_20260919T110356Z,RBF-SVM,baseline,val,0.5196503294173163,1
seg_001192,sample_00397,I Fell - Mod Fun,1,1.5659341859464826,classical_20260919T110356Z,RBF-SVM,baseline,val,0.5196503294173163,1
seg_001193,sample_00397,I Fell - Mod Fun,1,1.5556581442425577,classical_20260919T110356Z,RBF-SVM,baseline,val,0.5196503294173163,1
seg_001239,sample_00413,Kumorizoranohajimarutokoro - Hosomi,1,2.127090563113075,classical_20260919T110356Z,RBF-SVM,baseline,val,0.5196503294173163,1
seg_001240,sample_00413,Kumorizoranohajimarutokoro - Hosomi,1,1.6538297536688977,classical_20260919T110356Z,RBF-SVM,baseline,val,0.5196503294173163,1
seg_001241,sample_00413,Kumorizoranohajimarutokoro - Hosomi,1,1.9334044845594487,classical_20260919T110356Z,RBF-SVM,baseline,val,0.5196503294173163,1
seg_001275,sample_00425,Lights Up - Pipe Choir,1,1.87573527384508,classical_20260919T110356Z,RBF-SVM,baseline,val,0.5196503294173163,1
seg_001276,sample_00425,Lights Up - Pipe Choir,1,-0.9579415441878996,classical_20260919T110356Z,RBF-SVM,baseline,val,0.5196503294173163,0
seg_001277,sample_00425,Lights Up - Pipe Choir,1,1.439189585994709,classical_20260919T110356Z,RBF-SVM,baseline,val,0.5196503294173163,1
seg_001293,sample_00431,Loved Ones - Rowan Box,1,1.8519865212219069,classical_20260919T110356Z,RBF-SVM,baseline,val,0.5196503294173163,1
seg_001294,sample_00431,Loved Ones - Rowan Box,1,1.1607768965712926,classical_20260919T110356Z,RBF-SVM,baseline,val,0.5196503294173163,1
seg_001295,sample_00431,Loved Ones - Rowan Box,1,1.4016439377282437,classical_20260919T110356Z,RBF-SVM,baseline,val,0.5196503294173163,1
seg_001305,sample_00435,March of the GPA Mechanics - [t]ghost,1,1.6521720034712286,classical_20260919T110356Z,RBF-SVM,baseline,val,0.5196503294173163,1
seg_001306,sample_00435,March of the GPA Mechanics - [t]ghost,1,0.2833963323589198,classical_20260919T110356Z,RBF-SVM,baseline,val,0.5196503294173163,0
seg_001307,sample_00435,March of the GPA Mechanics - [t]ghost,1,2.1382022778046332,classical_20260919T110356Z,RBF-SVM,baseline,val,0.5196503294173163,1
seg_001326,sample_00442,Morning Bell - Nihilore,1,1.0433011290615766,classical_20260919T110356Z,RBF-SVM,baseline,val,0.5196503294173163,1
seg_001327,sample_00442,Morning Bell - Nihilore,1,0.8851388422957178,classical_20260919T110356Z,RBF-SVM,baseline,val,0.5196503294173163,1
seg_001328,sample_00442,Morning Bell - Nihilore,1,1.5167310320871128,classical_20260919T110356Z,RBF-SVM,baseline,val,0.5196503294173163,1
seg_001341,sample_00447,mystery team 2090 - Jesse Futerman,1,0.6800374543617662,classical_20260919T110356Z,RBF-SVM,baseline,val,0.5196503294173163,1
seg_001342,sample_00447,mystery team 2090 - Jesse Futerman,1,1.4339827254339503,classical_20260919T110356Z,RBF-SVM,baseline,val,0.5196503294173163,1
seg_001343,sample_00447,mystery team 2090 - Jesse Futerman,1,2.1695218760207062,classical_20260919T110356Z,RBF-SVM,baseline,val,0.5196503294173163,1
seg_001344,sample_00448,My Body Is A Weapon (Compromise Edit) - Silence is full of birds,1,1.4020448596644033,classical_20260919T110356Z,RBF-SVM,baseline,val,0.5196503294173163,1
seg_001345,sample_00448,My Body Is A Weapon (Compromise Edit) - Silence is full of birds,1,1.1731431504071455,classical_20260919T110356Z,RBF-SVM,baseline,val,0.5196503294173163,1
seg_001346,sample_00448,My Body Is A Weapon (Compromise Edit) - Silence is full of birds,1,1.470429325281093,classical_20260919T110356Z,RBF-SVM,baseline,val,0.5196503294173163,1
seg_001356,sample_00452,New Life (take 1) - Bird Names,1,1.7238978200984332,classical_20260919T110356Z,RBF-SVM,baseline,val,0.5196503294173163,1
seg_001357,sample_00452,New Life (take 1) - Bird Names,1,2.0815004321794444,classical_20260919T110356Z,RBF-SVM,baseline,val,0.5196503294173163,1
seg_001358,sample_00452,New Life (take 1) - Bird Names,1,2.036483073270044,classical_20260919T110356Z,RBF-SVM,baseline,val,0.5196503294173163,1
seg_001362,sample_00454,Night Drive - Decktonic,1,1.3590026788900325,classical_20260919T110356Z,RBF-SVM,baseline,val,0.5196503294173163,1
seg_001363,sample_00454,Night Drive - Decktonic,1,1.1009694912223298,classical_20260919T110356Z,RBF-SVM,baseline,val,0.5196503294173163,1
seg_001364,sample_00454,Night Drive - Decktonic,1,0.9501623533100392,classical_20260919T110356Z,RBF-SVM,baseline,val,0.5196503294173163,1
seg_001371,sample_00457,Norweigian Wood II - Bird Names,1,1.1606528719136735,classical_20260919T110356Z,RBF-SVM,baseline,val,0.5196503294173163,1
seg_001372,sample_00457,Norweigian Wood II - Bird Names,1,0.9727501483086813,classical_20260919T110356Z,RBF-SVM,baseline,val,0.5196503294173163,1
seg_001373,sample_00457,Norweigian Wood II - Bird Names,1,1.029215746468107,classical_20260919T110356Z,RBF-SVM,baseline,val,0.5196503294173163,1
seg_001383,sample_00461,Nuo Maisemat - Paavoharju,1,1.2742409858705093,classical_20260919T110356Z,RBF-SVM,baseline,val,0.5196503294173163,1
seg_001384,sample_00461,Nuo Maisemat - Paavoharju,1,1.1679660651585002,classical_20260919T110356Z,RBF-SVM,baseline,val,0.5196503294173163,1
seg_001385,sample_00461,Nuo Maisemat - Paavoharju,1,0.9291830061606585,classical_20260919T110356Z,RBF-SVM,baseline,val,0.5196503294173163,1
seg_001446,sample_00482,Redlight - Room For A Ghost,1,0.9658561220569639,classical_20260919T110356Z,RBF-SVM,baseline,val,0.5196503294173163,1
seg_001447,sample_00482,Redlight - Room For A Ghost,1,0.7925600909968676,classical_20260919T110356Z,RBF-SVM,baseline,val,0.5196503294173163,1
seg_001448,sample_00482,Redlight - Room For A Ghost,1,0.6006813634993227,classical_20260919T110356Z,RBF-SVM,baseline,val,0.5196503294173163,1
seg_001464,sample_00488,Roller Star - Monroeville Music Center,1,2.357477256746047,classical_20260919T110356Z,RBF-SVM,baseline,val,0.5196503294173163,1
seg_001465,sample_00488,Roller Star - Monroeville Music Center,1,1.4462756294265913,classical_20260919T110356Z,RBF-SVM,baseline,val,0.5196503294173163,1
seg_001466,sample_00488,Roller Star - Monroeville Music Center,1,2.213110242410216,classical_20260919T110356Z,RBF-SVM,baseline,val,0.5196503294173163,1
seg_001470,sample_00490,"Roundtrip - Oh Yeah, the Future",1,0.9508678664671902,classical_20260919T110356Z,RBF-SVM,baseline,val,0.5196503294173163,1
seg_001471,sample_00490,"Roundtrip - Oh Yeah, the Future",1,1.1713766056489439,classical_20260919T110356Z,RBF-SVM,baseline,val,0.5196503294173163,1
seg_001472,sample_00490,"Roundtrip - Oh Yeah, the Future",1,2.067619286331034,classical_20260919T110356Z,RBF-SVM,baseline,val,0.5196503294173163,1
seg_001482,sample_00494,Scramby Eggs - Andy G. Cohen,1,1.4370176777874824,classical_20260919T110356Z,RBF-SVM,baseline,val,0.5196503294173163,1
seg_001483,sample_00494,Scramby Eggs - Andy G. Cohen,1,0.37890097546741175,classical_20260919T110356Z,RBF-SVM,baseline,val,0.5196503294173163,0
seg_001484,sample_00494,Scramby Eggs - Andy G. Cohen,1,0.20515013692615425,classical_20260919T110356Z,RBF-SVM,baseline,val,0.5196503294173163,0
seg_001485,sample_00495,SD (Ill Mix) - H-LR,1,0.8965621426696679,classical_20260919T110356Z,RBF-SVM,baseline,val,0.5196503294173163,1
seg_001486,sample_00495,SD (Ill Mix) - H-LR,1,0.8125692325736588,classical_20260919T110356Z,RBF-SVM,baseline,val,0.5196503294173163,1
seg_001487,sample_00495,SD (Ill Mix) - H-LR,1,1.290216130061591,classical_20260919T110356Z,RBF-SVM,baseline,val,0.5196503294173163,1
seg_001509,sample_00503,Shipwrecked Crew - Pete Prodoehl,1,1.2490797159299691,classical_20260919T110356Z,RBF-SVM,baseline,val,0.5196503294173163,1
seg_001510,sample_00503,Shipwrecked Crew - Pete Prodoehl,1,1.3621643340027263,classical_20260919T110356Z,RBF-SVM,baseline,val,0.5196503294173163,1
seg_001511,sample_00503,Shipwrecked Crew - Pete Prodoehl,1,1.2854596573387638,classical_20260919T110356Z,RBF-SVM,baseline,val,0.5196503294173163,1
seg_001527,sample_00509,Soleares&beats - Malaventura,1,0.7857390017264962,classical_20260919T110356Z,RBF-SVM,baseline,val,0.5196503294173163,1
seg_001528,sample_00509,Soleares&beats - Malaventura,1,0.9083862544928678,classical_20260919T110356Z,RBF-SVM,baseline,val,0.5196503294173163,1
seg_001529,sample_00509,Soleares&beats - Malaventura,1,1.157418838322426,classical_20260919T110356Z,RBF-SVM,baseline,val,0.5196503294173163,1
seg_001533,sample_00511,some dextromethorphan - Jeva,1,1.556213404481436,classical_20260919T110356Z,RBF-SVM,baseline,val,0.5196503294173163,1
seg_001534,sample_00511,some dextromethorphan - Jeva,1,0.9551071803491289,classical_20260919T110356Z,RBF-SVM,baseline,val,0.5196503294173163,1
seg_001535,sample_00511,some dextromethorphan - Jeva,1,2.1944674904243158,classical_20260919T110356Z,RBF-SVM,baseline,val,0.5196503294173163,1
seg_001548,sample_00516,Stockholm Syndrome / People Should Be More Aware - Bird Names,1,-0.03460046612000789,classical_20260919T110356Z,RBF-SVM,baseline,val,0.5196503294173163,0
seg_001549,sample_00516,Stockholm Syndrome / People Should Be More Aware - Bird Names,1,1.0485327349041569,classical_20260919T110356Z,RBF-SVM,baseline,val,0.5196503294173163,1
seg_001550,sample_00516,Stockholm Syndrome / People Should Be More Aware - Bird Names,1,2.533241533465506,classical_20260919T110356Z,RBF-SVM,baseline,val,0.5196503294173163,1
seg_001560,sample_00520,Sturgeon's Law - Nihilore,1,1.8854918888589725,classical_20260919T110356Z,RBF-SVM,baseline,val,0.5196503294173163,1
seg_001561,sample_00520,Sturgeon's Law - Nihilore,1,0.9629026252724262,classical_20260919T110356Z,RBF-SVM,baseline,val,0.5196503294173163,1
seg_001562,sample_00520,Sturgeon's Law - Nihilore,1,2.186393406922299,classical_20260919T110356Z,RBF-SVM,baseline,val,0.5196503294173163,1
seg_001617,sample_00539,The girl just faded - Los Llamarada,1,1.8522001201333007,classical_20260919T110356Z,RBF-SVM,baseline,val,0.5196503294173163,1
seg_001618,sample_00539,The girl just faded - Los Llamarada,1,1.5255243628054052,classical_20260919T110356Z,RBF-SVM,baseline,val,0.5196503294173163,1
seg_001619,sample_00539,The girl just faded - Los Llamarada,1,1.2691481225525156,classical_20260919T110356Z,RBF-SVM,baseline,val,0.5196503294173163,1
seg_001644,sample_00548,The Stairway - WarpToken,1,1.2629039170915943,classical_20260919T110356Z,RBF-SVM,baseline,val,0.5196503294173163,1
seg_001645,sample_00548,The Stairway - WarpToken,1,1.935281751322282,classical_20260919T110356Z,RBF-SVM,baseline,val,0.5196503294173163,1
seg_001646,sample_00548,The Stairway - WarpToken,1,0.990826464376434,classical_20260919T110356Z,RBF-SVM,baseline,val,0.5196503294173163,1
seg_001647,sample_00549,Three Bird - My brother Daniel,1,1.1459149614223358,classical_20260919T110356Z,RBF-SVM,baseline,val,0.5196503294173163,1
seg_001648,sample_00549,Three Bird - My brother Daniel,1,1.9021992105600245,classical_20260919T110356Z,RBF-SVM,baseline,val,0.5196503294173163,1
seg_001649,sample_00549,Three Bird - My brother Daniel,1,0.9514680839236261,classical_20260919T110356Z,RBF-SVM,baseline,val,0.5196503294173163,1
seg_001650,sample_00550,Timen Passing By - Jason Shaw,1,1.111737240736284,classical_20260919T110356Z,RBF-SVM,baseline,val,0.5196503294173163,1
seg_001651,sample_00550,Timen Passing By - Jason Shaw,1,1.2222638507097,classical_20260919T110356Z,RBF-SVM,baseline,val,0.5196503294173163,1
seg_001652,sample_00550,Timen Passing By - Jason Shaw,1,1.3318617949287022,classical_20260919T110356Z,RBF-SVM,baseline,val,0.5196503294173163,1
seg_001653,sample_00551,Time Is Love - Silence is full of birds,1,0.6460350074952077,classical_20260919T110356Z,RBF-SVM,baseline,val,0.5196503294173163,1
seg_001654,sample_00551,Time Is Love - Silence is full of birds,1,1.8730931615087925,classical_20260919T110356Z,RBF-SVM,baseline,val,0.5196503294173163,1
seg_001655,sample_00551,Time Is Love - Silence is full of birds,1,1.131161338897416,classical_20260919T110356Z,RBF-SVM,baseline,val,0.5196503294173163,1
seg_001680,sample_00560,Understand That This Is A Dream - From the album Modulating Coil [RSVP008] - Forrest James,1,1.3036342692044118,classical_20260919T110356Z,RBF-SVM,baseline,val,0.5196503294173163,1
seg_001681,sample_00560,Understand That This Is A Dream - From the album Modulating Coil [RSVP008] - Forrest James,1,1.5638226840274194,classical_20260919T110356Z,RBF-SVM,baseline,val,0.5196503294173163,1
seg_001682,sample_00560,Understand That This Is A Dream - From the album Modulating Coil [RSVP008] - Forrest James,1,2.0133389087259683,classical_20260919T110356Z,RBF-SVM,baseline,val,0.5196503294173163,1
seg_001695,sample_00565,Voxel - Andy G. Cohen,1,1.4537477348706724,classical_20260919T110356Z,RBF-SVM,baseline,val,0.5196503294173163,1
seg_001696,sample_00565,Voxel - Andy G. Cohen,1,1.2307716822682306,classical_20260919T110356Z,RBF-SVM,baseline,val,0.5196503294173163,1
seg_001697,sample_00565,Voxel - Andy G. Cohen,1,0.9115637536593657,classical_20260919T110356Z,RBF-SVM,baseline,val,0.5196503294173163,1
seg_001701,sample_00567,Westside Chillers - Little Glass Men,1,1.8068782431467307,classical_20260919T110356Z,RBF-SVM,baseline,val,0.5196503294173163,1
seg_001702,sample_00567,Westside Chillers - Little Glass Men,1,0.9423500085010774,classical_20260919T110356Z,RBF-SVM,baseline,val,0.5196503294173163,1
seg_001703,sample_00567,Westside Chillers - Little Glass Men,1,0.987361248042155,classical_20260919T110356Z,RBF-SVM,baseline,val,0.5196503294173163,1
seg_001758,sample_00586,В Наших Сердцах - Чокнутый Пропеллер,1,0.12408874075902276,classical_20260919T110356Z,RBF-SVM,baseline,val,0.5196503294173163,0
seg_001759,sample_00586,В Наших Сердцах - Чокнутый Пропеллер,1,0.870154023745896,classical_20260919T110356Z,RBF-SVM,baseline,val,0.5196503294173163,1
seg_001760,sample_00586,В Наших Сердцах - Чокнутый Пропеллер,1,-0.05456582009382083,classical_20260919T110356Z,RBF-SVM,baseline,val,0.5196503294173163,0
seg_001767,sample_00589,Новый Нью-Йорк 2 - Чокнутый Пропеллер,1,0.810092815502808,classical_20260919T110356Z,RBF-SVM,baseline,val,0.5196503294173163,1
seg_001768,sample_00589,Новый Нью-Йорк 2 - Чокнутый Пропеллер,1,1.505528536755269,classical_20260919T110356Z,RBF-SVM,baseline,val,0.5196503294173163,1
seg_001769,sample_00589,Новый Нью-Йорк 2 - Чокнутый Пропеллер,1,2.5641562925005967,classical_20260919T110356Z,RBF-SVM,baseline,val,0.5196503294173163,1
seg_001785,sample_00595,Daylight Savings - My brother Daniel,1,1.5301824340500179,classical_20260919T110356Z,RBF-SVM,baseline,val,0.5196503294173163,1
seg_001786,sample_00595,Daylight Savings - My brother Daniel,1,1.9977951093826722,classical_20260919T110356Z,RBF-SVM,baseline,val,0.5196503294173163,1
seg_001787,sample_00595,Daylight Savings - My brother Daniel,1,1.8541191438624305,classical_20260919T110356Z,RBF-SVM,baseline,val,0.5196503294173163,1
seg_001788,sample_00596,Three Bird - My brother Daniel,1,2.2257642970938347,classical_20260919T110356Z,RBF-SVM,baseline,val,0.5196503294173163,1
seg_001789,sample_00596,Three Bird - My brother Daniel,1,1.6591845910156204,classical_20260919T110356Z,RBF-SVM,baseline,val,0.5196503294173163,1
seg_001790,sample_00596,Three Bird - My brother Daniel,1,2.779379164232967,classical_20260919T110356Z,RBF-SVM,baseline,val,0.5196503294173163,1
seg_001827,sample_00609,Timen Passing By - Jason Shaw,1,1.2209383983921236,classical_20260919T110356Z,RBF-SVM,baseline,val,0.5196503294173163,1
seg_001828,sample_00609,Timen Passing By - Jason Shaw,1,1.2592257164308274,classical_20260919T110356Z,RBF-SVM,baseline,val,0.5196503294173163,1
seg_001829,sample_00609,Timen Passing By - Jason Shaw,1,1.9029703837935454,classical_20260919T110356Z,RBF-SVM,baseline,val,0.5196503294173163,1
seg_001830,sample_00610,Night Drive - Decktonic,1,1.184370425389512,classical_20260919T110356Z,RBF-SVM,baseline,val,0.5196503294173163,1
seg_001831,sample_00610,Night Drive - Decktonic,1,0.8965570757970549,classical_20260919T110356Z,RBF-SVM,baseline,val,0.5196503294173163,1
seg_001832,sample_00610,Night Drive - Decktonic,1,1.2594172939618271,classical_20260919T110356Z,RBF-SVM,baseline,val,0.5196503294173163,1
seg_001845,sample_00615,Sturgeon's Law - Nihilore,1,1.5342543546227296,classical_20260919T110356Z,RBF-SVM,baseline,val,0.5196503294173163,1
seg_001846,sample_00615,Sturgeon's Law - Nihilore,1,1.3841337470486892,classical_20260919T110356Z,RBF-SVM,baseline,val,0.5196503294173163,1
seg_001847,sample_00615,Sturgeon's Law - Nihilore,1,1.481594759247506,classical_20260919T110356Z,RBF-SVM,baseline,val,0.5196503294173163,1
seg_001851,sample_00617,mystery team 2090 - Jesse Futerman,1,1.8138820634556043,classical_20260919T110356Z,RBF-SVM,baseline,val,0.5196503294173163,1
seg_001852,sample_00617,mystery team 2090 - Jesse Futerman,1,1.9583864582018966,classical_20260919T110356Z,RBF-SVM,baseline,val,0.5196503294173163,1
seg_001853,sample_00617,mystery team 2090 - Jesse Futerman,1,1.646522346736923,classical_20260919T110356Z,RBF-SVM,baseline,val,0.5196503294173163,1
seg_001875,sample_00625,Loved Ones - Rowan Box,1,0.9799841313723314,classical_20260919T110356Z,RBF-SVM,baseline,val,0.5196503294173163,1
seg_001876,sample_00625,Loved Ones - Rowan Box,1,1.6686947832103614,classical_20260919T110356Z,RBF-SVM,baseline,val,0.5196503294173163,1
seg_001877,sample_00625,Loved Ones - Rowan Box,1,1.148418435727815,classical_20260919T110356Z,RBF-SVM,baseline,val,0.5196503294173163,1
seg_001917,sample_00639,CopperNickle - UncleBibby,1,1.2661361639699806,classical_20260919T110356Z,RBF-SVM,baseline,val,0.5196503294173163,1
seg_001918,sample_00639,CopperNickle - UncleBibby,1,1.2360668287279495,classical_20260919T110356Z,RBF-SVM,baseline,val,0.5196503294173163,1
seg_001919,sample_00639,CopperNickle - UncleBibby,1,1.3019815987155607,classical_20260919T110356Z,RBF-SVM,baseline,val,0.5196503294173163,1
seg_001953,sample_00651,Nuo Maisemat - Paavoharju,1,1.6414731815271226,classical_20260919T110356Z,RBF-SVM,baseline,val,0.5196503294173163,1
seg_001954,sample_00651,Nuo Maisemat - Paavoharju,1,1.551455513421292,classical_20260919T110356Z,RBF-SVM,baseline,val,0.5196503294173163,1
seg_001955,sample_00651,Nuo Maisemat - Paavoharju,1,1.1945206713315863,classical_20260919T110356Z,RBF-SVM,baseline,val,0.5196503294173163,1
seg_001986,sample_00662,SD (Ill Mix) - H-LR,1,1.521333657374818,classical_20260919T110356Z,RBF-SVM,baseline,val,0.5196503294173163,1
seg_001987,sample_00662,SD (Ill Mix) - H-LR,1,1.2133557811173417,classical_20260919T110356Z,RBF-SVM,baseline,val,0.5196503294173163,1
seg_001988,sample_00662,SD (Ill Mix) - H-LR,1,1.28409115495692,classical_20260919T110356Z,RBF-SVM,baseline,val,0.5196503294173163,1
seg_001998,sample_00666,Kumorizoranohajimarutokoro - Hosomi,1,1.2407701039510186,classical_20260919T110356Z,RBF-SVM,baseline,val,0.5196503294173163,1
seg_001999,sample_00666,Kumorizoranohajimarutokoro - Hosomi,1,1.0367221014906483,classical_20260919T110356Z,RBF-SVM,baseline,val,0.5196503294173163,1
seg_002000,sample_00666,Kumorizoranohajimarutokoro - Hosomi,1,0.987200087614691,classical_20260919T110356Z,RBF-SVM,baseline,val,0.5196503294173163,1
seg_002019,sample_00673,some dextromethorphan - Jeva,1,1.715524999443219,classical_20260919T110356Z,RBF-SVM,baseline,val,0.5196503294173163,1
seg_002020,sample_00673,some dextromethorphan - Jeva,1,1.3899728442577783,classical_20260919T110356Z,RBF-SVM,baseline,val,0.5196503294173163,1
seg_002021,sample_00673,some dextromethorphan - Jeva,1,0.985051425844442,classical_20260919T110356Z,RBF-SVM,baseline,val,0.5196503294173163,1
seg_002028,sample_00676,Fifth Ramble - From the album Keith [RSVP007] - My brother Daniel,1,1.9780005252676491,classical_20260919T110356Z,RBF-SVM,baseline,val,0.5196503294173163,1
seg_002029,sample_00676,Fifth Ramble - From the album Keith [RSVP007] - My brother Daniel,1,2.155552709413023,classical_20260919T110356Z,RBF-SVM,baseline,val,0.5196503294173163,1
seg_002030,sample_00676,Fifth Ramble - From the album Keith [RSVP007] - My brother Daniel,1,2.3151997352620097,classical_20260919T110356Z,RBF-SVM,baseline,val,0.5196503294173163,1
seg_002043,sample_00681,Westside Chillers - Little Glass Men,1,1.2767973014840104,classical_20260919T110356Z,RBF-SVM,baseline,val,0.5196503294173163,1
seg_002044,sample_00681,Westside Chillers - Little Glass Men,1,1.1782840925284763,classical_20260919T110356Z,RBF-SVM,baseline,val,0.5196503294173163,1
seg_002045,sample_00681,Westside Chillers - Little Glass Men,1,0.9286985277168796,classical_20260919T110356Z,RBF-SVM,baseline,val,0.5196503294173163,1
seg_002076,sample_00692,If You're Ther - Nicola Ratti,1,1.774709381663277,classical_20260919T110356Z,RBF-SVM,baseline,val,0.5196503294173163,1
seg_002077,sample_00692,If You're Ther - Nicola Ratti,1,2.4039784838477027,classical_20260919T110356Z,RBF-SVM,baseline,val,0.5196503294173163,1
seg_002078,sample_00692,If You're Ther - Nicola Ratti,1,2.4925851893673654,classical_20260919T110356Z,RBF-SVM,baseline,val,0.5196503294173163,1
seg_002079,sample_00693,Understand That This Is A Dream - From the album Modulating Coil [RSVP008] - Forrest James,1,1.1634289163712057,classical_20260919T110356Z,RBF-SVM,baseline,val,0.5196503294173163,1
seg_002080,sample_00693,Understand That This Is A Dream - From the album Modulating Coil [RSVP008] - Forrest James,1,1.371884266577932,classical_20260919T110356Z,RBF-SVM,baseline,val,0.5196503294173163,1
seg_002081,sample_00693,Understand That This Is A Dream - From the album Modulating Coil [RSVP008] - Forrest James,1,0.842885789339028,classical_20260919T110356Z,RBF-SVM,baseline,val,0.5196503294173163,1
seg_002100,sample_00700,The Stairway - WarpToken,1,2.066904389448193,classical_20260919T110356Z,RBF-SVM,baseline,val,0.5196503294173163,1
seg_002101,sample_00700,The Stairway - WarpToken,1,1.8410777757117136,classical_20260919T110356Z,RBF-SVM,baseline,val,0.5196503294173163,1
seg_002102,sample_00700,The Stairway - WarpToken,1,2.149374323906451,classical_20260919T110356Z,RBF-SVM,baseline,val,0.5196503294173163,1
seg_002112,sample_00704,Soleares&beats - Malaventura,1,1.9575147217818019,classical_20260919T110356Z,RBF-SVM,baseline,val,0.5196503294173163,1
seg_002113,sample_00704,Soleares&beats - Malaventura,1,1.7217817898702417,classical_20260919T110356Z,RBF-SVM,baseline,val,0.5196503294173163,1
seg_002114,sample_00704,Soleares&beats - Malaventura,1,1.83704518149314,classical_20260919T110356Z,RBF-SVM,baseline,val,0.5196503294173163,1
seg_002184,sample_00728,Evil Cannot Create - Caleb Lemond,1,1.3046927418165266,classical_20260919T110356Z,RBF-SVM,baseline,val,0.5196503294173163,1
seg_002185,sample_00728,Evil Cannot Create - Caleb Lemond,1,0.9531654379935748,classical_20260919T110356Z,RBF-SVM,baseline,val,0.5196503294173163,1
seg_002186,sample_00728,Evil Cannot Create - Caleb Lemond,1,1.501014339169003,classical_20260919T110356Z,RBF-SVM,baseline,val,0.5196503294173163,1
seg_002196,sample_00732,Norweigian Wood II - Bird Names,1,1.6736288045092336,classical_20260919T110356Z,RBF-SVM,baseline,val,0.5196503294173163,1
seg_002197,sample_00732,Norweigian Wood II - Bird Names,1,1.5475956532995112,classical_20260919T110356Z,RBF-SVM,baseline,val,0.5196503294173163,1
seg_002198,sample_00732,Norweigian Wood II - Bird Names,1,2.200795918630189,classical_20260919T110356Z,RBF-SVM,baseline,val,0.5196503294173163,1
seg_002214,sample_00738,Roller Star - Monroeville Music Center,1,2.936127087422255,classical_20260919T110356Z,RBF-SVM,baseline,val,0.5196503294173163,1
seg_002215,sample_00738,Roller Star - Monroeville Music Center,1,2.9718040032302944,classical_20260919T110356Z,RBF-SVM,baseline,val,0.5196503294173163,1
seg_002216,sample_00738,Roller Star - Monroeville Music Center,1,2.734337944964544,classical_20260919T110356Z,RBF-SVM,baseline,val,0.5196503294173163,1
seg_002229,sample_00743,Time Is Love - Silence is full of birds,1,1.6473079639230817,classical_20260919T110356Z,RBF-SVM,baseline,val,0.5196503294173163,1
seg_002230,sample_00743,Time Is Love - Silence is full of birds,1,1.9016317447691438,classical_20260919T110356Z,RBF-SVM,baseline,val,0.5196503294173163,1
seg_002231,sample_00743,Time Is Love - Silence is full of birds,1,2.131725670393659,classical_20260919T110356Z,RBF-SVM,baseline,val,0.5196503294173163,1
seg_002232,sample_00744,Stockholm Syndrome / People Should Be More Aware - Bird Names,1,1.0769766513878298,classical_20260919T110356Z,RBF-SVM,baseline,val,0.5196503294173163,1
seg_002233,sample_00744,Stockholm Syndrome / People Should Be More Aware - Bird Names,1,0.7220280793488894,classical_20260919T110356Z,RBF-SVM,baseline,val,0.5196503294173163,1
seg_002234,sample_00744,Stockholm Syndrome / People Should Be More Aware - Bird Names,1,1.3698386125721167,classical_20260919T110356Z,RBF-SVM,baseline,val,0.5196503294173163,1
seg_002244,sample_00748,"Roundtrip - Oh Yeah, the Future",1,1.3453049785206912,classical_20260919T110356Z,RBF-SVM,baseline,val,0.5196503294173163,1
seg_002245,sample_00748,"Roundtrip - Oh Yeah, the Future",1,1.3492712794318698,classical_20260919T110356Z,RBF-SVM,baseline,val,0.5196503294173163,1
seg_002246,sample_00748,"Roundtrip - Oh Yeah, the Future",1,1.3907072972399959,classical_20260919T110356Z,RBF-SVM,baseline,val,0.5196503294173163,1
seg_002247,sample_00749,New Life (take 1) - Bird Names,1,2.225088042065666,classical_20260919T110356Z,RBF-SVM,baseline,val,0.5196503294173163,1
seg_002248,sample_00749,New Life (take 1) - Bird Names,1,1.2465786140123938,classical_20260919T110356Z,RBF-SVM,baseline,val,0.5196503294173163,1
seg_002249,sample_00749,New Life (take 1) - Bird Names,1,2.2448449240060393,classical_20260919T110356Z,RBF-SVM,baseline,val,0.5196503294173163,1
seg_002253,sample_00751,My Body Is A Weapon (Compromise Edit) - Silence is full of birds,1,2.218406122529198,classical_20260919T110356Z,RBF-SVM,baseline,val,0.5196503294173163,1
seg_002254,sample_00751,My Body Is A Weapon (Compromise Edit) - Silence is full of birds,1,1.8059567591787904,classical_20260919T110356Z,RBF-SVM,baseline,val,0.5196503294173163,1
seg_002255,sample_00751,My Body Is A Weapon (Compromise Edit) - Silence is full of birds,1,2.244345496898643,classical_20260919T110356Z,RBF-SVM,baseline,val,0.5196503294173163,1
seg_002280,sample_00760,Agora - Malaventura,1,1.6562493457057306,classical_20260919T110356Z,RBF-SVM,baseline,val,0.5196503294173163,1
seg_002281,sample_00760,Agora - Malaventura,1,1.6608412981001521,classical_20260919T110356Z,RBF-SVM,baseline,val,0.5196503294173163,1
seg_002282,sample_00760,Agora - Malaventura,1,1.3021889149423096,classical_20260919T110356Z,RBF-SVM,baseline,val,0.5196503294173163,1
seg_002304,sample_00768,Empty Pockets - Pete Prodoehl,1,1.6643337657086263,classical_20260919T110356Z,RBF-SVM,baseline,val,0.5196503294173163,1
seg_002305,sample_00768,Empty Pockets - Pete Prodoehl,1,1.393165451182638,classical_20260919T110356Z,RBF-SVM,baseline,val,0.5196503294173163,1
seg_002306,sample_00768,Empty Pockets - Pete Prodoehl,1,1.5751398227564342,classical_20260919T110356Z,RBF-SVM,baseline,val,0.5196503294173163,1
seg_002310,sample_00770,Windows of the Skull - Sarin,1,1.7140472839042908,classical_20260919T110356Z,RBF-SVM,baseline,val,0.5196503294173163,1
seg_002311,sample_00770,Windows of the Skull - Sarin,1,1.7660973494941297,classical_20260919T110356Z,RBF-SVM,baseline,val,0.5196503294173163,1
seg_002312,sample_00770,Windows of the Skull - Sarin,1,1.3290915213902672,classical_20260919T110356Z,RBF-SVM,baseline,val,0.5196503294173163,1
seg_002319,sample_00773,Gila Monster Flop/Music History Lesson:The Sonics - The Crypts!,1,2.231945465193812,classical_20260919T110356Z,RBF-SVM,baseline,val,0.5196503294173163,1
seg_002320,sample_00773,Gila Monster Flop/Music History Lesson:The Sonics - The Crypts!,1,1.5906713974020257,classical_20260919T110356Z,RBF-SVM,baseline,val,0.5196503294173163,1
seg_002321,sample_00773,Gila Monster Flop/Music History Lesson:The Sonics - The Crypts!,1,1.9899809060805385,classical_20260919T110356Z,RBF-SVM,baseline,val,0.5196503294173163,1
seg_002343,sample_00781,Voxel - Andy G. Cohen,1,2.0010260439731695,classical_20260919T110356Z,RBF-SVM,baseline,val,0.5196503294173163,1
seg_002344,sample_00781,Voxel - Andy G. Cohen,1,1.9319938854494085,classical_20260919T110356Z,RBF-SVM,baseline,val,0.5196503294173163,1
seg_002345,sample_00781,Voxel - Andy G. Cohen,1,2.3221853658105696,classical_20260919T110356Z,RBF-SVM,baseline,val,0.5196503294173163,1
seg_002364,sample_00788,Scramby Eggs - Andy G. Cohen,1,2.7704473648226426,classical_20260919T110356Z,RBF-SVM,baseline,val,0.5196503294173163,1
seg_002365,sample_00788,Scramby Eggs - Andy G. Cohen,1,1.581313695724032,classical_20260919T110356Z,RBF-SVM,baseline,val,0.5196503294173163,1
seg_002366,sample_00788,Scramby Eggs - Andy G. Cohen,1,2.588461918286322,classical_20260919T110356Z,RBF-SVM,baseline,val,0.5196503294173163,1
seg_002406,sample_00802,I Fell - Mod Fun,1,2.0323226594649446,classical_20260919T110356Z,RBF-SVM,baseline,val,0.5196503294173163,1
seg_002407,sample_00802,I Fell - Mod Fun,1,1.3655889539918256,classical_20260919T110356Z,RBF-SVM,baseline,val,0.5196503294173163,1
seg_002408,sample_00802,I Fell - Mod Fun,1,1.975216353020051,classical_20260919T110356Z,RBF-SVM,baseline,val,0.5196503294173163,1
seg_002409,sample_00803,Новый Нью-Йорк 2 - Чокнутый Пропеллер,1,1.955286089125788,classical_20260919T110356Z,RBF-SVM,baseline,val,0.5196503294173163,1
seg_002410,sample_00803,Новый Нью-Йорк 2 - Чокнутый Пропеллер,1,1.847818121266667,classical_20260919T110356Z,RBF-SVM,baseline,val,0.5196503294173163,1
seg_002411,sample_00803,Новый Нью-Йорк 2 - Чокнутый Пропеллер,1,1.3458431250710328,classical_20260919T110356Z,RBF-SVM,baseline,val,0.5196503294173163,1
seg_002421,sample_00807,March of the GPA Mechanics - [t]ghost,1,1.8790324329945371,classical_20260919T110356Z,RBF-SVM,baseline,val,0.5196503294173163,1
seg_002422,sample_00807,March of the GPA Mechanics - [t]ghost,1,1.2897995696940745,classical_20260919T110356Z,RBF-SVM,baseline,val,0.5196503294173163,1
seg_002423,sample_00807,March of the GPA Mechanics - [t]ghost,1,1.4588635560081542,classical_20260919T110356Z,RBF-SVM,baseline,val,0.5196503294173163,1
seg_002436,sample_00812,2 (Wasn't There) - Isle of Pine,1,1.662165421873606,classical_20260919T110356Z,RBF-SVM,baseline,val,0.5196503294173163,1
seg_002437,sample_00812,2 (Wasn't There) - Isle of Pine,1,1.6013271098000834,classical_20260919T110356Z,RBF-SVM,baseline,val,0.5196503294173163,1
seg_002438,sample_00812,2 (Wasn't There) - Isle of Pine,1,2.425662873356346,classical_20260919T110356Z,RBF-SVM,baseline,val,0.5196503294173163,1
seg_002439,sample_00813,The girl just faded - Los Llamarada,1,0.7227090193434481,classical_20260919T110356Z,RBF-SVM,baseline,val,0.5196503294173163,1
seg_002440,sample_00813,The girl just faded - Los Llamarada,1,0.8112762922285583,classical_20260919T110356Z,RBF-SVM,baseline,val,0.5196503294173163,1
seg_002441,sample_00813,The girl just faded - Los Llamarada,1,0.8230860768644048,classical_20260919T110356Z,RBF-SVM,baseline,val,0.5196503294173163,1
seg_002457,sample_00819,В Наших Сердцах - Чокнутый Пропеллер,1,1.3554082741635824,classical_20260919T110356Z,RBF-SVM,baseline,val,0.5196503294173163,1
seg_002458,sample_00819,В Наших Сердцах - Чокнутый Пропеллер,1,1.3467595986735539,classical_20260919T110356Z,RBF-SVM,baseline,val,0.5196503294173163,1
seg_002459,sample_00819,В Наших Сердцах - Чокнутый Пропеллер,1,1.3760449080750228,classical_20260919T110356Z,RBF-SVM,baseline,val,0.5196503294173163,1
seg_002460,sample_00820,Lights Up - Pipe Choir,1,2.319715862337393,classical_20260919T110356Z,RBF-SVM,baseline,val,0.5196503294173163,1
seg_002461,sample_00820,Lights Up - Pipe Choir,1,1.637302274623835,classical_20260919T110356Z,RBF-SVM,baseline,val,0.5196503294173163,1
seg_002462,sample_00820,Lights Up - Pipe Choir,1,2.406409693436034,classical_20260919T110356Z,RBF-SVM,baseline,val,0.5196503294173163,1
seg_002466,sample_00822,Beyond Luxury - Mors Ontologica,1,2.3206558467798994,classical_20260919T110356Z,RBF-SVM,baseline,val,0.5196503294173163,1
seg_002467,sample_00822,Beyond Luxury - Mors Ontologica,1,1.6911207303560072,classical_20260919T110356Z,RBF-SVM,baseline,val,0.5196503294173163,1
seg_002468,sample_00822,Beyond Luxury - Mors Ontologica,1,2.5985868726736694,classical_20260919T110356Z,RBF-SVM,baseline,val,0.5196503294173163,1
seg_002529,sample_00843,Fear - Los Fancy Free,1,1.9797177467438507,classical_20260919T110356Z,RBF-SVM,baseline,val,0.5196503294173163,1
seg_002530,sample_00843,Fear - Los Fancy Free,1,2.0640872299680977,classical_20260919T110356Z,RBF-SVM,baseline,val,0.5196503294173163,1
seg_002531,sample_00843,Fear - Los Fancy Free,1,1.8680207558033557,classical_20260919T110356Z,RBF-SVM,baseline,val,0.5196503294173163,1
seg_002622,sample_00874,Redlight - Room For A Ghost,1,0.9912886855566081,classical_20260919T110356Z,RBF-SVM,baseline,val,0.5196503294173163,1
seg_002623,sample_00874,Redlight - Room For A Ghost,1,0.9850284730973888,classical_20260919T110356Z,RBF-SVM,baseline,val,0.5196503294173163,1
seg_002624,sample_00874,Redlight - Room For A Ghost,1,1.604291116846357,classical_20260919T110356Z,RBF-SVM,baseline,val,0.5196503294173163,1
seg_002625,sample_00875,Shipwrecked Crew - Pete Prodoehl,1,1.7382270281351617,classical_20260919T110356Z,RBF-SVM,baseline,val,0.5196503294173163,1
seg_002626,sample_00875,Shipwrecked Crew - Pete Prodoehl,1,1.4298142089109178,classical_20260919T110356Z,RBF-SVM,baseline,val,0.5196503294173163,1
seg_002627,sample_00875,Shipwrecked Crew - Pete Prodoehl,1,1.256906646737317,classical_20260919T110356Z,RBF-SVM,baseline,val,0.5196503294173163,1
seg_002640,sample_00880,Morning Bell - Nihilore,1,1.360743814698234,classical_20260919T110356Z,RBF-SVM,baseline,val,0.5196503294173163,1
seg_002641,sample_00880,Morning Bell - Nihilore,1,1.2759561523649616,classical_20260919T110356Z,RBF-SVM,baseline,val,0.5196503294173163,1
seg_002642,sample_00880,Morning Bell - Nihilore,1,1.4908800825391597,classical_20260919T110356Z,RBF-SVM,baseline,val,0.5196503294173163,1
seg_002694,sample_00898,CopperNickle - UncleBibby,1,0.6565258095572477,classical_20260919T110356Z,RBF-SVM,baseline,val,0.5196503294173163,1
seg_002695,sample_00898,CopperNickle - UncleBibby,1,0.8320568728180193,classical_20260919T110356Z,RBF-SVM,baseline,val,0.5196503294173163,1
seg_002696,sample_00898,CopperNickle - UncleBibby,1,1.358296070294129,classical_20260919T110356Z,RBF-SVM,baseline,val,0.5196503294173163,1
seg_002697,sample_00899,CopperNickle - UncleBibby,1,0.3950613723526015,classical_20260919T110356Z,RBF-SVM,baseline,val,0.5196503294173163,0
seg_002698,sample_00899,CopperNickle - UncleBibby,1,0.9234235248491738,classical_20260919T110356Z,RBF-SVM,baseline,val,0.5196503294173163,1
seg_002699,sample_00899,CopperNickle - UncleBibby,1,0.9262796166477869,classical_20260919T110356Z,RBF-SVM,baseline,val,0.5196503294173163,1
seg_002766,sample_00922,mystery team 2090 - Jesse Futerman,1,1.466981931418373,classical_20260919T110356Z,RBF-SVM,baseline,val,0.5196503294173163,1
seg_002767,sample_00922,mystery team 2090 - Jesse Futerman,1,0.5337922367630294,classical_20260919T110356Z,RBF-SVM,baseline,val,0.5196503294173163,1
seg_002768,sample_00922,mystery team 2090 - Jesse Futerman,1,1.3421207025820605,classical_20260919T110356Z,RBF-SVM,baseline,val,0.5196503294173163,1
seg_002769,sample_00923,mystery team 2090 - Jesse Futerman,1,0.807387856635333,classical_20260919T110356Z,RBF-SVM,baseline,val,0.5196503294173163,1
seg_002770,sample_00923,mystery team 2090 - Jesse Futerman,1,1.0323232658887505,classical_20260919T110356Z,RBF-SVM,baseline,val,0.5196503294173163,1
seg_002771,sample_00923,mystery team 2090 - Jesse Futerman,1,1.1974986770277627,classical_20260919T110356Z,RBF-SVM,baseline,val,0.5196503294173163,1
seg_002772,sample_00924,Night Drive - Decktonic,1,2.0470651535800517,classical_20260919T110356Z,RBF-SVM,baseline,val,0.5196503294173163,1
seg_002773,sample_00924,Night Drive - Decktonic,1,0.4926529549337727,classical_20260919T110356Z,RBF-SVM,baseline,val,0.5196503294173163,0
seg_002774,sample_00924,Night Drive - Decktonic,1,2.1398467302429474,classical_20260919T110356Z,RBF-SVM,baseline,val,0.5196503294173163,1
seg_002775,sample_00925,Night Drive - Decktonic,1,1.309787074919917,classical_20260919T110356Z,RBF-SVM,baseline,val,0.5196503294173163,1
seg_002776,sample_00925,Night Drive - Decktonic,1,0.8904663267470034,classical_20260919T110356Z,RBF-SVM,baseline,val,0.5196503294173163,1
seg_002777,sample_00925,Night Drive - Decktonic,1,2.78744787293748,classical_20260919T110356Z,RBF-SVM,baseline,val,0.5196503294173163,1
seg_002790,sample_00930,Nuo Maisemat - Paavoharju,1,0.8737058742367293,classical_20260919T110356Z,RBF-SVM,baseline,val,0.5196503294173163,1
seg_002791,sample_00930,Nuo Maisemat - Paavoharju,1,1.832688798868129,classical_20260919T110356Z,RBF-SVM,baseline,val,0.5196503294173163,1
seg_002792,sample_00930,Nuo Maisemat - Paavoharju,1,1.3604631386920172,classical_20260919T110356Z,RBF-SVM,baseline,val,0.5196503294173163,1
seg_002793,sample_00931,Nuo Maisemat - Paavoharju,1,1.4978736211173551,classical_20260919T110356Z,RBF-SVM,baseline,val,0.5196503294173163,1
seg_002794,sample_00931,Nuo Maisemat - Paavoharju,1,1.4412564673004935,classical_20260919T110356Z,RBF-SVM,baseline,val,0.5196503294173163,1
seg_002795,sample_00931,Nuo Maisemat - Paavoharju,1,1.784627040270466,classical_20260919T110356Z,RBF-SVM,baseline,val,0.5196503294173163,1
seg_002874,sample_00958,SD (Ill Mix) - H-LR,1,0.9955820952487245,classical_20260919T110356Z,RBF-SVM,baseline,val,0.5196503294173163,1
seg_002875,sample_00958,SD (Ill Mix) - H-LR,1,0.6882986052139013,classical_20260919T110356Z,RBF-SVM,baseline,val,0.5196503294173163,1
seg_002876,sample_00958,SD (Ill Mix) - H-LR,1,2.1974567801442415,classical_20260919T110356Z,RBF-SVM,baseline,val,0.5196503294173163,1
seg_002877,sample_00959,SD (Ill Mix) - H-LR,1,1.3426690605006741,classical_20260919T110356Z,RBF-SVM,baseline,val,0.5196503294173163,1
seg_002878,sample_00959,SD (Ill Mix) - H-LR,1,1.0413694580005641,classical_20260919T110356Z,RBF-SVM,baseline,val,0.5196503294173163,1
seg_002879,sample_00959,SD (Ill Mix) - H-LR,1,1.2790451905657165,classical_20260919T110356Z,RBF-SVM,baseline,val,0.5196503294173163,1
seg_002982,sample_00994,Evil Cannot Create - Caleb Lemond,1,1.2498732071688536,classical_20260919T110356Z,RBF-SVM,baseline,val,0.5196503294173163,1
seg_002983,sample_00994,Evil Cannot Create - Caleb Lemond,1,0.9798981214441698,classical_20260919T110356Z,RBF-SVM,baseline,val,0.5196503294173163,1
seg_002984,sample_00994,Evil Cannot Create - Caleb Lemond,1,1.2352898462134574,classical_20260919T110356Z,RBF-SVM,baseline,val,0.5196503294173163,1
seg_002985,sample_00995,Evil Cannot Create - Caleb Lemond,1,1.862097052659547,classical_20260919T110356Z,RBF-SVM,baseline,val,0.5196503294173163,1
seg_002986,sample_00995,Evil Cannot Create - Caleb Lemond,1,1.4252961858516613,classical_20260919T110356Z,RBF-SVM,baseline,val,0.5196503294173163,1
seg_002987,sample_00995,Evil Cannot Create - Caleb Lemond,1,1.7851039070205998,classical_20260919T110356Z,RBF-SVM,baseline,val,0.5196503294173163,1
seg_003090,sample_01030,New Life (take 1) - Bird Names,1,1.0978139215968121,classical_20260919T110356Z,RBF-SVM,baseline,val,0.5196503294173163,1
seg_003091,sample_01030,New Life (take 1) - Bird Names,1,0.4935225066634278,classical_20260919T110356Z,RBF-SVM,baseline,val,0.5196503294173163,0
seg_003092,sample_01030,New Life (take 1) - Bird Names,1,1.7241259086598917,classical_20260919T110356Z,RBF-SVM,baseline,val,0.5196503294173163,1
seg_003093,sample_01031,New Life (take 1) - Bird Names,1,0.4713976432738093,classical_20260919T110356Z,RBF-SVM,baseline,val,0.5196503294173163,0
seg_003094,sample_01031,New Life (take 1) - Bird Names,1,0.5825703549075413,classical_20260919T110356Z,RBF-SVM,baseline,val,0.5196503294173163,1
seg_003095,sample_01031,New Life (take 1) - Bird Names,1,1.9382614825934366,classical_20260919T110356Z,RBF-SVM,baseline,val,0.5196503294173163,1
seg_003096,sample_01032,Norweigian Wood II - Bird Names,1,0.4122425376319747,classical_20260919T110356Z,RBF-SVM,baseline,val,0.5196503294173163,0
seg_003097,sample_01032,Norweigian Wood II - Bird Names,1,0.770328499981654,classical_20260919T110356Z,RBF-SVM,baseline,val,0.5196503294173163,1
seg_003098,sample_01032,Norweigian Wood II - Bird Names,1,1.6729811238648955,classical_20260919T110356Z,RBF-SVM,baseline,val,0.5196503294173163,1
seg_003099,sample_01033,Norweigian Wood II - Bird Names,1,1.6082735394475887,classical_20260919T110356Z,RBF-SVM,baseline,val,0.5196503294173163,1
seg_003100,sample_01033,Norweigian Wood II - Bird Names,1,1.0521374904232146,classical_20260919T110356Z,RBF-SVM,baseline,val,0.5196503294173163,1
seg_003101,sample_01033,Norweigian Wood II - Bird Names,1,2.2737865221307376,classical_20260919T110356Z,RBF-SVM,baseline,val,0.5196503294173163,1
seg_003120,sample_01040,Roller Star - Monroeville Music Center,1,1.3725799308925533,classical_20260919T110356Z,RBF-SVM,baseline,val,0.5196503294173163,1
seg_003121,sample_01040,Roller Star - Monroeville Music Center,1,0.7855634332939065,classical_20260919T110356Z,RBF-SVM,baseline,val,0.5196503294173163,1
seg_003122,sample_01040,Roller Star - Monroeville Music Center,1,1.9031511191587538,classical_20260919T110356Z,RBF-SVM,baseline,val,0.5196503294173163,1
seg_003123,sample_01041,Roller Star - Monroeville Music Center,1,2.095187937351481,classical_20260919T110356Z,RBF-SVM,baseline,val,0.5196503294173163,1
seg_003124,sample_01041,Roller Star - Monroeville Music Center,1,1.6961564861712033,classical_20260919T110356Z,RBF-SVM,baseline,val,0.5196503294173163,1
seg_003125,sample_01041,Roller Star - Monroeville Music Center,1,1.5823792085354762,classical_20260919T110356Z,RBF-SVM,baseline,val,0.5196503294173163,1
seg_003126,sample_01042,"Roundtrip - Oh Yeah, the Future",1,1.86224318019452,classical_20260919T110356Z,RBF-SVM,baseline,val,0.5196503294173163,1
seg_003127,sample_01042,"Roundtrip - Oh Yeah, the Future",1,0.8560270080829523,classical_20260919T110356Z,RBF-SVM,baseline,val,0.5196503294173163,1
seg_003128,sample_01042,"Roundtrip - Oh Yeah, the Future",1,2.4910631782795174,classical_20260919T110356Z,RBF-SVM,baseline,val,0.5196503294173163,1
seg_003129,sample_01043,"Roundtrip - Oh Yeah, the Future",1,0.5525303142118517,classical_20260919T110356Z,RBF-SVM,baseline,val,0.5196503294173163,1
seg_003130,sample_01043,"Roundtrip - Oh Yeah, the Future",1,1.01366730038425,classical_20260919T110356Z,RBF-SVM,baseline,val,0.5196503294173163,1
seg_003131,sample_01043,"Roundtrip - Oh Yeah, the Future",1,1.6219294261100696,classical_20260919T110356Z,RBF-SVM,baseline,val,0.5196503294173163,1
seg_003144,sample_01048,Soleares&beats - Malaventura,1,1.9089164230764146,classical_20260919T110356Z,RBF-SVM,baseline,val,0.5196503294173163,1
seg_003145,sample_01048,Soleares&beats - Malaventura,1,0.8328201223111699,classical_20260919T110356Z,RBF-SVM,baseline,val,0.5196503294173163,1
seg_003146,sample_01048,Soleares&beats - Malaventura,1,1.3506126896966388,classical_20260919T110356Z,RBF-SVM,baseline,val,0.5196503294173163,1
seg_003147,sample_01049,Soleares&beats - Malaventura,1,0.5200537279427407,classical_20260919T110356Z,RBF-SVM,baseline,val,0.5196503294173163,1
seg_003148,sample_01049,Soleares&beats - Malaventura,1,0.958188296164582,classical_20260919T110356Z,RBF-SVM,baseline,val,0.5196503294173163,1
seg_003149,sample_01049,Soleares&beats - Malaventura,1,0.7104606620399759,classical_20260919T110356Z,RBF-SVM,baseline,val,0.5196503294173163,1
seg_003162,sample_01054,Stockholm Syndrome / People Should Be More Aware - Bird Names,1,0.33687443312485327,classical_20260919T110356Z,RBF-SVM,baseline,val,0.5196503294173163,0
seg_003163,sample_01054,Stockholm Syndrome / People Should Be More Aware - Bird Names,1,1.0750180451699964,classical_20260919T110356Z,RBF-SVM,baseline,val,0.5196503294173163,1
seg_003164,sample_01054,Stockholm Syndrome / People Should Be More Aware - Bird Names,1,0.845091048474847,classical_20260919T110356Z,RBF-SVM,baseline,val,0.5196503294173163,1
seg_003165,sample_01055,Stockholm Syndrome / People Should Be More Aware - Bird Names,1,1.4422876650701717,classical_20260919T110356Z,RBF-SVM,baseline,val,0.5196503294173163,1
seg_003166,sample_01055,Stockholm Syndrome / People Should Be More Aware - Bird Names,1,0.9879231179037931,classical_20260919T110356Z,RBF-SVM,baseline,val,0.5196503294173163,1
seg_003167,sample_01055,Stockholm Syndrome / People Should Be More Aware - Bird Names,1,1.3380379085918288,classical_20260919T110356Z,RBF-SVM,baseline,val,0.5196503294173163,1
seg_003204,sample_01068,Time Is Love - Silence is full of birds,1,1.884969693335135,classical_20260919T110356Z,RBF-SVM,baseline,val,0.5196503294173163,1
seg_003205,sample_01068,Time Is Love - Silence is full of birds,1,0.889015879846639,classical_20260919T110356Z,RBF-SVM,baseline,val,0.5196503294173163,1
seg_003206,sample_01068,Time Is Love - Silence is full of birds,1,1.734061992732368,classical_20260919T110356Z,RBF-SVM,baseline,val,0.5196503294173163,1
seg_003207,sample_01069,Time Is Love - Silence is full of birds,1,1.6942791078291326,classical_20260919T110356Z,RBF-SVM,baseline,val,0.5196503294173163,1
seg_003208,sample_01069,Time Is Love - Silence is full of birds,1,0.6506339592150687,classical_20260919T110356Z,RBF-SVM,baseline,val,0.5196503294173163,1
seg_003209,sample_01069,Time Is Love - Silence is full of birds,1,2.7365507197240024,classical_20260919T110356Z,RBF-SVM,baseline,val,0.5196503294173163,1
seg_003246,sample_01082,2 (Wasn't There) - Isle of Pine,1,1.4002708285628287,classical_20260919T110356Z,RBF-SVM,baseline,val,0.5196503294173163,1
seg_003247,sample_01082,2 (Wasn't There) - Isle of Pine,1,0.05294942393366764,classical_20260919T110356Z,RBF-SVM,baseline,val,0.5196503294173163,0
seg_003248,sample_01082,2 (Wasn't There) - Isle of Pine,1,1.1824190650442397,classical_20260919T110356Z,RBF-SVM,baseline,val,0.5196503294173163,1
seg_003249,sample_01083,2 (Wasn't There) - Isle of Pine,1,1.2884244683152326,classical_20260919T110356Z,RBF-SVM,baseline,val,0.5196503294173163,1
seg_003250,sample_01083,2 (Wasn't There) - Isle of Pine,1,-0.026332573535773562,classical_20260919T110356Z,RBF-SVM,baseline,val,0.5196503294173163,0
seg_003251,sample_01083,2 (Wasn't There) - Isle of Pine,1,2.3047056704835533,classical_20260919T110356Z,RBF-SVM,baseline,val,0.5196503294173163,1
seg_003276,sample_01092,Empty Pockets - Pete Prodoehl,1,1.4663458848422648,classical_20260919T110356Z,RBF-SVM,baseline,val,0.5196503294173163,1
seg_003277,sample_01092,Empty Pockets - Pete Prodoehl,1,0.0758078661952597,classical_20260919T110356Z,RBF-SVM,baseline,val,0.5196503294173163,0
seg_003278,sample_01092,Empty Pockets - Pete Prodoehl,1,1.4891961237677525,classical_20260919T110356Z,RBF-SVM,baseline,val,0.5196503294173163,1
seg_003279,sample_01093,Empty Pockets - Pete Prodoehl,1,1.4231116741464374,classical_20260919T110356Z,RBF-SVM,baseline,val,0.5196503294173163,1
seg_003280,sample_01093,Empty Pockets - Pete Prodoehl,1,0.6440524943148161,classical_20260919T110356Z,RBF-SVM,baseline,val,0.5196503294173163,1
seg_003281,sample_01093,Empty Pockets - Pete Prodoehl,1,1.9552305938293668,classical_20260919T110356Z,RBF-SVM,baseline,val,0.5196503294173163,1
seg_003294,sample_01098,Gila Monster Flop/Music History Lesson:The Sonics - The Crypts!,1,0.861148714065386,classical_20260919T110356Z,RBF-SVM,baseline,val,0.5196503294173163,1
seg_003295,sample_01098,Gila Monster Flop/Music History Lesson:The Sonics - The Crypts!,1,0.7635704285817342,classical_20260919T110356Z,RBF-SVM,baseline,val,0.5196503294173163,1
seg_003296,sample_01098,Gila Monster Flop/Music History Lesson:The Sonics - The Crypts!,1,1.447519218206319,classical_20260919T110356Z,RBF-SVM,baseline,val,0.5196503294173163,1
seg_003297,sample_01099,Gila Monster Flop/Music History Lesson:The Sonics - The Crypts!,1,1.0304806072077919,classical_20260919T110356Z,RBF-SVM,baseline,val,0.5196503294173163,1
seg_003298,sample_01099,Gila Monster Flop/Music History Lesson:The Sonics - The Crypts!,1,0.5523425051743086,classical_20260919T110356Z,RBF-SVM,baseline,val,0.5196503294173163,1
seg_003299,sample_01099,Gila Monster Flop/Music History Lesson:The Sonics - The Crypts!,1,1.3510944807043606,classical_20260919T110356Z,RBF-SVM,baseline,val,0.5196503294173163,1
seg_003312,sample_01104,I Fell - Mod Fun,1,1.2021873866765016,classical_20260919T110356Z,RBF-SVM,baseline,val,0.5196503294173163,1
seg_003313,sample_01104,I Fell - Mod Fun,1,0.8363781005950671,classical_20260919T110356Z,RBF-SVM,baseline,val,0.5196503294173163,1
seg_003314,sample_01104,I Fell - Mod Fun,1,2.576368343830549,classical_20260919T110356Z,RBF-SVM,baseline,val,0.5196503294173163,1
seg_003315,sample_01105,I Fell - Mod Fun,1,1.5243171960270734,classical_20260919T110356Z,RBF-SVM,baseline,val,0.5196503294173163,1
seg_003316,sample_01105,I Fell - Mod Fun,1,0.3959571501545249,classical_20260919T110356Z,RBF-SVM,baseline,val,0.5196503294173163,0
seg_003317,sample_01105,I Fell - Mod Fun,1,1.8983685253713902,classical_20260919T110356Z,RBF-SVM,baseline,val,0.5196503294173163,1
seg_003360,sample_01120,March of the GPA Mechanics - [t]ghost,1,0.37847014854758165,classical_20260919T110356Z,RBF-SVM,baseline,val,0.5196503294173163,0
seg_003361,sample_01120,March of the GPA Mechanics - [t]ghost,1,0.07292045191923602,classical_20260919T110356Z,RBF-SVM,baseline,val,0.5196503294173163,0
seg_003362,sample_01120,March of the GPA Mechanics - [t]ghost,1,2.277626151101395,classical_20260919T110356Z,RBF-SVM,baseline,val,0.5196503294173163,1
seg_003363,sample_01121,March of the GPA Mechanics - [t]ghost,1,1.0805970821607191,classical_20260919T110356Z,RBF-SVM,baseline,val,0.5196503294173163,1
seg_003364,sample_01121,March of the GPA Mechanics - [t]ghost,1,0.39518363879400953,classical_20260919T110356Z,RBF-SVM,baseline,val,0.5196503294173163,0
seg_003365,sample_01121,March of the GPA Mechanics - [t]ghost,1,0.7954761731327344,classical_20260919T110356Z,RBF-SVM,baseline,val,0.5196503294173163,1
seg_003420,sample_01140,Scramby Eggs - Andy G. Cohen,1,0.022145168482105126,classical_20260919T110356Z,RBF-SVM,baseline,val,0.5196503294173163,0
seg_003421,sample_01140,Scramby Eggs - Andy G. Cohen,1,0.5796108237274271,classical_20260919T110356Z,RBF-SVM,baseline,val,0.5196503294173163,1
seg_003422,sample_01140,Scramby Eggs - Andy G. Cohen,1,1.77676775933958,classical_20260919T110356Z,RBF-SVM,baseline,val,0.5196503294173163,1
seg_003423,sample_01141,Scramby Eggs - Andy G. Cohen,1,0.5018735840735435,classical_20260919T110356Z,RBF-SVM,baseline,val,0.5196503294173163,0
seg_003424,sample_01141,Scramby Eggs - Andy G. Cohen,1,-0.2741606489941554,classical_20260919T110356Z,RBF-SVM,baseline,val,0.5196503294173163,0
seg_003425,sample_01141,Scramby Eggs - Andy G. Cohen,1,2.469625140555963,classical_20260919T110356Z,RBF-SVM,baseline,val,0.5196503294173163,1
seg_003474,sample_01158,The girl just faded - Los Llamarada,1,0.7915962243616821,classical_20260919T110356Z,RBF-SVM,baseline,val,0.5196503294173163,1
seg_003475,sample_01158,The girl just faded - Los Llamarada,1,0.9509191969124129,classical_20260919T110356Z,RBF-SVM,baseline,val,0.5196503294173163,1
seg_003476,sample_01158,The girl just faded - Los Llamarada,1,1.5027567931570418,classical_20260919T110356Z,RBF-SVM,baseline,val,0.5196503294173163,1
seg_003477,sample_01159,The girl just faded - Los Llamarada,1,0.9966343379092004,classical_20260919T110356Z,RBF-SVM,baseline,val,0.5196503294173163,1
seg_003478,sample_01159,The girl just faded - Los Llamarada,1,0.5933671734230476,classical_20260919T110356Z,RBF-SVM,baseline,val,0.5196503294173163,1
seg_003479,sample_01159,The girl just faded - Los Llamarada,1,1.5104583812781078,classical_20260919T110356Z,RBF-SVM,baseline,val,0.5196503294173163,1
seg_003492,sample_01164,Voxel - Andy G. Cohen,1,0.40381596294203737,classical_20260919T110356Z,RBF-SVM,baseline,val,0.5196503294173163,0
seg_003493,sample_01164,Voxel - Andy G. Cohen,1,0.17005400093162076,classical_20260919T110356Z,RBF-SVM,baseline,val,0.5196503294173163,0
seg_003494,sample_01164,Voxel - Andy G. Cohen,1,-0.530274098393803,classical_20260919T110356Z,RBF-SVM,baseline,val,0.5196503294173163,0
seg_003495,sample_01165,Voxel - Andy G. Cohen,1,0.2067666794124589,classical_20260919T110356Z,RBF-SVM,baseline,val,0.5196503294173163,0
seg_003496,sample_01165,Voxel - Andy G. Cohen,1,0.9811962688217333,classical_20260919T110356Z,RBF-SVM,baseline,val,0.5196503294173163,1
seg_003497,sample_01165,Voxel - Andy G. Cohen,1,0.5898493340115848,classical_20260919T110356Z,RBF-SVM,baseline,val,0.5196503294173163,1
seg_003516,sample_01172,Windows of the Skull - Sarin,1,1.4883880673164676,classical_20260919T110356Z,RBF-SVM,baseline,val,0.5196503294173163,1
seg_003517,sample_01172,Windows of the Skull - Sarin,1,0.8025610675035793,classical_20260919T110356Z,RBF-SVM,baseline,val,0.5196503294173163,1
seg_003518,sample_01172,Windows of the Skull - Sarin,1,2.4564610414074886,classical_20260919T110356Z,RBF-SVM,baseline,val,0.5196503294173163,1
seg_003519,sample_01173,Windows of the Skull - Sarin,1,1.780370920528411,classical_20260919T110356Z,RBF-SVM,baseline,val,0.5196503294173163,1
seg_003520,sample_01173,Windows of the Skull - Sarin,1,0.7292758914294996,classical_20260919T110356Z,RBF-SVM,baseline,val,0.5196503294173163,1
seg_003521,sample_01173,Windows of the Skull - Sarin,1,2.410085015356252,classical_20260919T110356Z,RBF-SVM,baseline,val,0.5196503294173163,1
seg_003534,sample_01178,Новый Нью-Йорк 2 - Чокнутый Пропеллер,1,1.6698712047602267,classical_20260919T110356Z,RBF-SVM,baseline,val,0.5196503294173163,1
seg_003535,sample_01178,Новый Нью-Йорк 2 - Чокнутый Пропеллер,1,0.1504566989997817,classical_20260919T110356Z,RBF-SVM,baseline,val,0.5196503294173163,0
seg_003536,sample_01178,Новый Нью-Йорк 2 - Чокнутый Пропеллер,1,1.2256631248698662,classical_20260919T110356Z,RBF-SVM,baseline,val,0.5196503294173163,1
seg_003537,sample_01179,Новый Нью-Йорк 2 - Чокнутый Пропеллер,1,0.4783442393981934,classical_20260919T110356Z,RBF-SVM,baseline,val,0.5196503294173163,0
seg_003538,sample_01179,Новый Нью-Йорк 2 - Чокнутый Пропеллер,1,0.08593306170302306,classical_20260919T110356Z,RBF-SVM,baseline,val,0.5196503294173163,0
seg_003539,sample_01179,Новый Нью-Йорк 2 - Чокнутый Пропеллер,1,1.0323209184775046,classical_20260919T110356Z,RBF-SVM,baseline,val,0.5196503294173163,1
seg_003597,sample_01199,CopperNickle - UncleBibby,1,0.041856930473441634,classical_20260919T110356Z,RBF-SVM,baseline,val,0.5196503294173163,0
seg_003598,sample_01199,CopperNickle - UncleBibby,1,1.332663469921195,classical_20260919T110356Z,RBF-SVM,baseline,val,0.5196503294173163,1
seg_003599,sample_01199,CopperNickle - UncleBibby,1,2.402351184438534,classical_20260919T110356Z,RBF-SVM,baseline,val,0.5196503294173163,1
seg_003606,sample_01202,Daylight Savings - My brother Daniel,1,0.20043349204584626,classical_20260919T110356Z,RBF-SVM,baseline,val,0.5196503294173163,0
seg_003607,sample_01202,Daylight Savings - My brother Daniel,1,1.2176561879018535,classical_20260919T110356Z,RBF-SVM,baseline,val,0.5196503294173163,1
seg_003608,sample_01202,Daylight Savings - My brother Daniel,1,1.9028944355089215,classical_20260919T110356Z,RBF-SVM,baseline,val,0.5196503294173163,1
seg_003633,sample_01211,Fifth Ramble - From the album Keith [RSVP007] - My brother Daniel,1,1.4234435719102216,classical_20260919T110356Z,RBF-SVM,baseline,val,0.5196503294173163,1
seg_003634,sample_01211,Fifth Ramble - From the album Keith [RSVP007] - My brother Daniel,1,1.1079469084491962,classical_20260919T110356Z,RBF-SVM,baseline,val,0.5196503294173163,1
seg_003635,sample_01211,Fifth Ramble - From the album Keith [RSVP007] - My brother Daniel,1,1.5893947030070164,classical_20260919T110356Z,RBF-SVM,baseline,val,0.5196503294173163,1
seg_003657,sample_01219,If You're Ther - Nicola Ratti,1,1.3698905357983269,classical_20260919T110356Z,RBF-SVM,baseline,val,0.5196503294173163,1
seg_003658,sample_01219,If You're Ther - Nicola Ratti,1,1.9439678333170902,classical_20260919T110356Z,RBF-SVM,baseline,val,0.5196503294173163,1
seg_003659,sample_01219,If You're Ther - Nicola Ratti,1,2.1830389959335266,classical_20260919T110356Z,RBF-SVM,baseline,val,0.5196503294173163,1
seg_003681,sample_01227,Kumorizoranohajimarutokoro - Hosomi,1,1.3692008362365204,classical_20260919T110356Z,RBF-SVM,baseline,val,0.5196503294173163,1
seg_003682,sample_01227,Kumorizoranohajimarutokoro - Hosomi,1,1.6242244198196953,classical_20260919T110356Z,RBF-SVM,baseline,val,0.5196503294173163,1
seg_003683,sample_01227,Kumorizoranohajimarutokoro - Hosomi,1,1.4711804348356194,classical_20260919T110356Z,RBF-SVM,baseline,val,0.5196503294173163,1
seg_003708,sample_01236,Loved Ones - Rowan Box,1,1.2081047715306448,classical_20260919T110356Z,RBF-SVM,baseline,val,0.5196503294173163,1
seg_003709,sample_01236,Loved Ones - Rowan Box,1,1.0880261519981909,classical_20260919T110356Z,RBF-SVM,baseline,val,0.5196503294173163,1
seg_003710,sample_01236,Loved Ones - Rowan Box,1,1.5000382809787371,classical_20260919T110356Z,RBF-SVM,baseline,val,0.5196503294173163,1
seg_003711,sample_01237,Morning Bell - Nihilore,1,0.6332842898697635,classical_20260919T110356Z,RBF-SVM,baseline,val,0.5196503294173163,1
seg_003712,sample_01237,Morning Bell - Nihilore,1,0.5752001807338541,classical_20260919T110356Z,RBF-SVM,baseline,val,0.5196503294173163,1
seg_003713,sample_01237,Morning Bell - Nihilore,1,1.6126630740530492,classical_20260919T110356Z,RBF-SVM,baseline,val,0.5196503294173163,1
seg_003714,sample_01238,mystery team 2090 - Jesse Futerman,1,0.497112957295048,classical_20260919T110356Z,RBF-SVM,baseline,val,0.5196503294173163,0
seg_003715,sample_01238,mystery team 2090 - Jesse Futerman,1,0.542431885998728,classical_20260919T110356Z,RBF-SVM,baseline,val,0.5196503294173163,1
seg_003716,sample_01238,mystery team 2090 - Jesse Futerman,1,2.0720504420971,classical_20260919T110356Z,RBF-SVM,baseline,val,0.5196503294173163,1
seg_003717,sample_01239,Night Drive - Decktonic,1,1.103486047126209,classical_20260919T110356Z,RBF-SVM,baseline,val,0.5196503294173163,1
seg_003718,sample_01239,Night Drive - Decktonic,1,1.9626814168383186,classical_20260919T110356Z,RBF-SVM,baseline,val,0.5196503294173163,1
seg_003719,sample_01239,Night Drive - Decktonic,1,1.9478366485159169,classical_20260919T110356Z,RBF-SVM,baseline,val,0.5196503294173163,1
seg_003729,sample_01243,Nuo Maisemat - Paavoharju,1,0.8320138468597637,classical_20260919T110356Z,RBF-SVM,baseline,val,0.5196503294173163,1
seg_003730,sample_01243,Nuo Maisemat - Paavoharju,1,1.9723476558780075,classical_20260919T110356Z,RBF-SVM,baseline,val,0.5196503294173163,1
seg_003731,sample_01243,Nuo Maisemat - Paavoharju,1,2.135856094595021,classical_20260919T110356Z,RBF-SVM,baseline,val,0.5196503294173163,1
seg_003780,sample_01260,SD (Ill Mix) - H-LR,1,1.6126555685303838,classical_20260919T110356Z,RBF-SVM,baseline,val,0.5196503294173163,1
seg_003781,sample_01260,SD (Ill Mix) - H-LR,1,1.852045217610228,classical_20260919T110356Z,RBF-SVM,baseline,val,0.5196503294173163,1
seg_003782,sample_01260,SD (Ill Mix) - H-LR,1,2.6465479540098076,classical_20260919T110356Z,RBF-SVM,baseline,val,0.5196503294173163,1
seg_003795,sample_01265,some dextromethorphan - Jeva,1,0.7691084471253635,classical_20260919T110356Z,RBF-SVM,baseline,val,0.5196503294173163,1
seg_003796,sample_01265,some dextromethorphan - Jeva,1,1.5851546258166698,classical_20260919T110356Z,RBF-SVM,baseline,val,0.5196503294173163,1
seg_003797,sample_01265,some dextromethorphan - Jeva,1,2.005272979999585,classical_20260919T110356Z,RBF-SVM,baseline,val,0.5196503294173163,1
seg_003804,sample_01268,Sturgeon's Law - Nihilore,1,0.8411796982512234,classical_20260919T110356Z,RBF-SVM,baseline,val,0.5196503294173163,1
seg_003805,sample_01268,Sturgeon's Law - Nihilore,1,1.4531820386546488,classical_20260919T110356Z,RBF-SVM,baseline,val,0.5196503294173163,1
seg_003806,sample_01268,Sturgeon's Law - Nihilore,1,2.1988748717936466,classical_20260919T110356Z,RBF-SVM,baseline,val,0.5196503294173163,1
seg_003840,sample_01280,The Stairway - WarpToken,1,1.0273025605397397,classical_20260919T110356Z,RBF-SVM,baseline,val,0.5196503294173163,1
seg_003841,sample_01280,The Stairway - WarpToken,1,2.865969493608796,classical_20260919T110356Z,RBF-SVM,baseline,val,0.5196503294173163,1
seg_003842,sample_01280,The Stairway - WarpToken,1,1.7453022923646389,classical_20260919T110356Z,RBF-SVM,baseline,val,0.5196503294173163,1
seg_003843,sample_01281,Three Bird - My brother Daniel,1,2.2053971521504447,classical_20260919T110356Z,RBF-SVM,baseline,val,0.5196503294173163,1
seg_003844,sample_01281,Three Bird - My brother Daniel,1,1.5862285918599526,classical_20260919T110356Z,RBF-SVM,baseline,val,0.5196503294173163,1
seg_003845,sample_01281,Three Bird - My brother Daniel,1,2.326489224877734,classical_20260919T110356Z,RBF-SVM,baseline,val,0.5196503294173163,1
seg_003846,sample_01282,Timen Passing By - Jason Shaw,1,0.5976413817967257,classical_20260919T110356Z,RBF-SVM,baseline,val,0.5196503294173163,1
seg_003847,sample_01282,Timen Passing By - Jason Shaw,1,2.634108533475997,classical_20260919T110356Z,RBF-SVM,baseline,val,0.5196503294173163,1
seg_003848,sample_01282,Timen Passing By - Jason Shaw,1,3.1167188439332114,classical_20260919T110356Z,RBF-SVM,baseline,val,0.5196503294173163,1
seg_003864,sample_01288,Understand That This Is A Dream - From the album Modulating Coil [RSVP008] - Forrest James,1,1.3747887499342384,classical_20260919T110356Z,RBF-SVM,baseline,val,0.5196503294173163,1
seg_003865,sample_01288,Understand That This Is A Dream - From the album Modulating Coil [RSVP008] - Forrest James,1,1.0564024439059208,classical_20260919T110356Z,RBF-SVM,baseline,val,0.5196503294173163,1
seg_003866,sample_01288,Understand That This Is A Dream - From the album Modulating Coil [RSVP008] - Forrest James,1,1.8579372760267985,classical_20260919T110356Z,RBF-SVM,baseline,val,0.5196503294173163,1
seg_003873,sample_01291,Westside Chillers - Little Glass Men,1,0.736089213338091,classical_20260919T110356Z,RBF-SVM,baseline,val,0.5196503294173163,1
seg_003874,sample_01291,Westside Chillers - Little Glass Men,1,1.1690216417503345,classical_20260919T110356Z,RBF-SVM,baseline,val,0.5196503294173163,1
seg_003875,sample_01291,Westside Chillers - Little Glass Men,1,2.2786937044183064,classical_20260919T110356Z,RBF-SVM,baseline,val,0.5196503294173163,1
seg_003885,sample_01295,Agora - Malaventura,1,0.38054381370479307,classical_20260919T110356Z,RBF-SVM,baseline,val,0.5196503294173163,0
seg_003886,sample_01295,Agora - Malaventura,1,1.3576835829403868,classical_20260919T110356Z,RBF-SVM,baseline,val,0.5196503294173163,1
seg_003887,sample_01295,Agora - Malaventura,1,2.4682179285707995,classical_20260919T110356Z,RBF-SVM,baseline,val,0.5196503294173163,1
seg_003912,sample_01304,Evil Cannot Create - Caleb Lemond,1,1.2679641266695156,classical_20260919T110356Z,RBF-SVM,baseline,val,0.5196503294173163,1
seg_003913,sample_01304,Evil Cannot Create - Caleb Lemond,1,1.0278813632693222,classical_20260919T110356Z,RBF-SVM,baseline,val,0.5196503294173163,1
seg_003914,sample_01304,Evil Cannot Create - Caleb Lemond,1,2.130772326555447,classical_20260919T110356Z,RBF-SVM,baseline,val,0.5196503294173163,1
seg_003972,sample_01324,My Body Is A Weapon (Compromise Edit) - Silence is full of birds,1,1.9904285296225128,classical_20260919T110356Z,RBF-SVM,baseline,val,0.5196503294173163,1
seg_003973,sample_01324,My Body Is A Weapon (Compromise Edit) - Silence is full of birds,1,2.478874606347267,classical_20260919T110356Z,RBF-SVM,baseline,val,0.5196503294173163,1
seg_003974,sample_01324,My Body Is A Weapon (Compromise Edit) - Silence is full of birds,1,1.9544598401440618,classical_20260919T110356Z,RBF-SVM,baseline,val,0.5196503294173163,1
seg_003975,sample_01325,My Body Is A Weapon (Compromise Edit) - Silence is full of birds,1,2.0643697465162667,classical_20260919T110356Z,RBF-SVM,baseline,val,0.5196503294173163,1
seg_003976,sample_01325,My Body Is A Weapon (Compromise Edit) - Silence is full of birds,1,2.2169299727642158,classical_20260919T110356Z,RBF-SVM,baseline,val,0.5196503294173163,1
seg_003977,sample_01325,My Body Is A Weapon (Compromise Edit) - Silence is full of birds,1,2.1944722285758225,classical_20260919T110356Z,RBF-SVM,baseline,val,0.5196503294173163,1
seg_003987,sample_01329,New Life (take 1) - Bird Names,1,1.3331551045857513,classical_20260919T110356Z,RBF-SVM,baseline,val,0.5196503294173163,1
seg_003988,sample_01329,New Life (take 1) - Bird Names,1,0.9186296398868019,classical_20260919T110356Z,RBF-SVM,baseline,val,0.5196503294173163,1
seg_003989,sample_01329,New Life (take 1) - Bird Names,1,1.557955286642553,classical_20260919T110356Z,RBF-SVM,baseline,val,0.5196503294173163,1
seg_003990,sample_01330,New Life (take 1) - Bird Names,1,0.7023356560629349,classical_20260919T110356Z,RBF-SVM,baseline,val,0.5196503294173163,1
seg_003991,sample_01330,New Life (take 1) - Bird Names,1,2.091606682676215,classical_20260919T110356Z,RBF-SVM,baseline,val,0.5196503294173163,1
seg_003992,sample_01330,New Life (take 1) - Bird Names,1,2.082499639957111,classical_20260919T110356Z,RBF-SVM,baseline,val,0.5196503294173163,1
seg_003993,sample_01331,Norweigian Wood II - Bird Names,1,0.6150975933405937,classical_20260919T110356Z,RBF-SVM,baseline,val,0.5196503294173163,1
seg_003994,sample_01331,Norweigian Wood II - Bird Names,1,-0.059965429684537,classical_20260919T110356Z,RBF-SVM,baseline,val,0.5196503294173163,0
seg_003995,sample_01331,Norweigian Wood II - Bird Names,1,1.8429914026404213,classical_20260919T110356Z,RBF-SVM,baseline,val,0.5196503294173163,1
seg_004020,sample_01340,Roller Star - Monroeville Music Center,1,1.6183288096147752,classical_20260919T110356Z,RBF-SVM,baseline,val,0.5196503294173163,1
seg_004021,sample_01340,Roller Star - Monroeville Music Center,1,1.1265485596808467,classical_20260919T110356Z,RBF-SVM,baseline,val,0.5196503294173163,1
seg_004022,sample_01340,Roller Star - Monroeville Music Center,1,2.359672581733812,classical_20260919T110356Z,RBF-SVM,baseline,val,0.5196503294173163,1
seg_004023,sample_01341,"Roundtrip - Oh Yeah, the Future",1,2.180708697905639,classical_20260919T110356Z,RBF-SVM,baseline,val,0.5196503294173163,1
seg_004024,sample_01341,"Roundtrip - Oh Yeah, the Future",1,1.2642861211012266,classical_20260919T110356Z,RBF-SVM,baseline,val,0.5196503294173163,1
seg_004025,sample_01341,"Roundtrip - Oh Yeah, the Future",1,1.9037091479314368,classical_20260919T110356Z,RBF-SVM,baseline,val,0.5196503294173163,1
seg_004041,sample_01347,Soleares&beats - Malaventura,1,0.7320457626431263,classical_20260919T110356Z,RBF-SVM,baseline,val,0.5196503294173163,1
seg_004042,sample_01347,Soleares&beats - Malaventura,1,0.8488832313966987,classical_20260919T110356Z,RBF-SVM,baseline,val,0.5196503294173163,1
seg_004043,sample_01347,Soleares&beats - Malaventura,1,2.111138541529259,classical_20260919T110356Z,RBF-SVM,baseline,val,0.5196503294173163,1
seg_004053,sample_01351,Stockholm Syndrome / People Should Be More Aware - Bird Names,1,1.9778841498766246,classical_20260919T110356Z,RBF-SVM,baseline,val,0.5196503294173163,1
seg_004054,sample_01351,Stockholm Syndrome / People Should Be More Aware - Bird Names,1,0.5428532215218269,classical_20260919T110356Z,RBF-SVM,baseline,val,0.5196503294173163,1
seg_004055,sample_01351,Stockholm Syndrome / People Should Be More Aware - Bird Names,1,2.5385891583648466,classical_20260919T110356Z,RBF-SVM,baseline,val,0.5196503294173163,1
seg_004056,sample_01352,Stockholm Syndrome / People Should Be More Aware - Bird Names,1,0.023071425956064484,classical_20260919T110356Z,RBF-SVM,baseline,val,0.5196503294173163,0
seg_004057,sample_01352,Stockholm Syndrome / People Should Be More Aware - Bird Names,1,2.4374767973595706,classical_20260919T110356Z,RBF-SVM,baseline,val,0.5196503294173163,1
seg_004058,sample_01352,Stockholm Syndrome / People Should Be More Aware - Bird Names,1,1.6595581814278433,classical_20260919T110356Z,RBF-SVM,baseline,val,0.5196503294173163,1
seg_004086,sample_01362,Time Is Love - Silence is full of birds,1,0.896182101472048,classical_20260919T110356Z,RBF-SVM,baseline,val,0.5196503294173163,1
seg_004087,sample_01362,Time Is Love - Silence is full of birds,1,0.8198358889676871,classical_20260919T110356Z,RBF-SVM,baseline,val,0.5196503294173163,1
seg_004088,sample_01362,Time Is Love - Silence is full of birds,1,1.9376615030328996,classical_20260919T110356Z,RBF-SVM,baseline,val,0.5196503294173163,1
seg_004116,sample_01372,2 (Wasn't There) - Isle of Pine,1,1.1275386960028198,classical_20260919T110356Z,RBF-SVM,baseline,val,0.5196503294173163,1
seg_004117,sample_01372,2 (Wasn't There) - Isle of Pine,1,0.18024507254368105,classical_20260919T110356Z,RBF-SVM,baseline,val,0.5196503294173163,0
seg_004118,sample_01372,2 (Wasn't There) - Isle of Pine,1,1.6270582433914913,classical_20260919T110356Z,RBF-SVM,baseline,val,0.5196503294173163,1
seg_004146,sample_01382,Beyond Luxury - Mors Ontologica,1,0.6347892351756589,classical_20260919T110356Z,RBF-SVM,baseline,val,0.5196503294173163,1
seg_004147,sample_01382,Beyond Luxury - Mors Ontologica,1,1.2229204918112142,classical_20260919T110356Z,RBF-SVM,baseline,val,0.5196503294173163,1
seg_004148,sample_01382,Beyond Luxury - Mors Ontologica,1,1.9586515632885517,classical_20260919T110356Z,RBF-SVM,baseline,val,0.5196503294173163,1
seg_004182,sample_01394,Empty Pockets - Pete Prodoehl,1,-0.7591370938346058,classical_20260919T110356Z,RBF-SVM,baseline,val,0.5196503294173163,0
seg_004183,sample_01394,Empty Pockets - Pete Prodoehl,1,1.1603409069703963,classical_20260919T110356Z,RBF-SVM,baseline,val,0.5196503294173163,1
seg_004184,sample_01394,Empty Pockets - Pete Prodoehl,1,1.9588475937080647,classical_20260919T110356Z,RBF-SVM,baseline,val,0.5196503294173163,1
seg_004191,sample_01397,Fear - Los Fancy Free,1,1.38905146592461,classical_20260919T110356Z,RBF-SVM,baseline,val,0.5196503294173163,1
seg_004192,sample_01397,Fear - Los Fancy Free,1,0.5575960456745851,classical_20260919T110356Z,RBF-SVM,baseline,val,0.5196503294173163,1
seg_004193,sample_01397,Fear - Los Fancy Free,1,2.3851040335261886,classical_20260919T110356Z,RBF-SVM,baseline,val,0.5196503294173163,1
seg_004206,sample_01402,Gila Monster Flop/Music History Lesson:The Sonics - The Crypts!,1,2.0100935847431822,classical_20260919T110356Z,RBF-SVM,baseline,val,0.5196503294173163,1
seg_004207,sample_01402,Gila Monster Flop/Music History Lesson:The Sonics - The Crypts!,1,1.418237495342791,classical_20260919T110356Z,RBF-SVM,baseline,val,0.5196503294173163,1
seg_004208,sample_01402,Gila Monster Flop/Music History Lesson:The Sonics - The Crypts!,1,2.217819863799076,classical_20260919T110356Z,RBF-SVM,baseline,val,0.5196503294173163,1
seg_004245,sample_01415,I Fell - Mod Fun,1,1.0535419940203337,classical_20260919T110356Z,RBF-SVM,baseline,val,0.5196503294173163,1
seg_004246,sample_01415,I Fell - Mod Fun,1,1.071256705029045,classical_20260919T110356Z,RBF-SVM,baseline,val,0.5196503294173163,1
seg_004247,sample_01415,I Fell - Mod Fun,1,2.2878773048714267,classical_20260919T110356Z,RBF-SVM,baseline,val,0.5196503294173163,1
seg_004275,sample_01425,Lights Up - Pipe Choir,1,1.943344857132065,classical_20260919T110356Z,RBF-SVM,baseline,val,0.5196503294173163,1
seg_004276,sample_01425,Lights Up - Pipe Choir,1,2.02699968518572,classical_20260919T110356Z,RBF-SVM,baseline,val,0.5196503294173163,1
seg_004277,sample_01425,Lights Up - Pipe Choir,1,1.8178130124749754,classical_20260919T110356Z,RBF-SVM,baseline,val,0.5196503294173163,1
seg_004287,sample_01429,March of the GPA Mechanics - [t]ghost,1,2.120241537951282,classical_20260919T110356Z,RBF-SVM,baseline,val,0.5196503294173163,1
seg_004288,sample_01429,March of the GPA Mechanics - [t]ghost,1,1.8335358439435612,classical_20260919T110356Z,RBF-SVM,baseline,val,0.5196503294173163,1
seg_004289,sample_01429,March of the GPA Mechanics - [t]ghost,1,2.318321211257357,classical_20260919T110356Z,RBF-SVM,baseline,val,0.5196503294173163,1
seg_004326,sample_01442,Redlight - Room For A Ghost,1,0.7144104406648362,classical_20260919T110356Z,RBF-SVM,baseline,val,0.5196503294173163,1
seg_004327,sample_01442,Redlight - Room For A Ghost,1,1.2451568356794813,classical_20260919T110356Z,RBF-SVM,baseline,val,0.5196503294173163,1
seg_004328,sample_01442,Redlight - Room For A Ghost,1,2.1363222094124836,classical_20260919T110356Z,RBF-SVM,baseline,val,0.5196503294173163,1
seg_004341,sample_01447,Scramby Eggs - Andy G. Cohen,1,2.2726358807823157,classical_20260919T110356Z,RBF-SVM,baseline,val,0.5196503294173163,1
seg_004342,sample_01447,Scramby Eggs - Andy G. Cohen,1,0.718820725014927,classical_20260919T110356Z,RBF-SVM,baseline,val,0.5196503294173163,1
seg_004343,sample_01447,Scramby Eggs - Andy G. Cohen,1,2.0321378327508635,classical_20260919T110356Z,RBF-SVM,baseline,val,0.5196503294173163,1
seg_004353,sample_01451,Shipwrecked Crew - Pete Prodoehl,1,0.24439091300893273,classical_20260919T110356Z,RBF-SVM,baseline,val,0.5196503294173163,0
seg_004354,sample_01451,Shipwrecked Crew - Pete Prodoehl,1,1.574742537343945,classical_20260919T110356Z,RBF-SVM,baseline,val,0.5196503294173163,1
seg_004355,sample_01451,Shipwrecked Crew - Pete Prodoehl,1,1.94968739914979,classical_20260919T110356Z,RBF-SVM,baseline,val,0.5196503294173163,1
seg_004383,sample_01461,The girl just faded - Los Llamarada,1,0.34838899253635947,classical_20260919T110356Z,RBF-SVM,baseline,val,0.5196503294173163,0
seg_004384,sample_01461,The girl just faded - Los Llamarada,1,0.4893371457928584,classical_20260919T110356Z,RBF-SVM,baseline,val,0.5196503294173163,0
seg_004385,sample_01461,The girl just faded - Los Llamarada,1,0.891830342438977,classical_20260919T110356Z,RBF-SVM,baseline,val,0.5196503294173163,1
seg_004401,sample_01467,Voxel - Andy G. Cohen,1,1.8956308107540512,classical_20260919T110356Z,RBF-SVM,baseline,val,0.5196503294173163,1
seg_004402,sample_01467,Voxel - Andy G. Cohen,1,0.7471612926935698,classical_20260919T110356Z,RBF-SVM,baseline,val,0.5196503294173163,1
seg_004403,sample_01467,Voxel - Andy G. Cohen,1,1.9006267363159295,classical_20260919T110356Z,RBF-SVM,baseline,val,0.5196503294173163,1
seg_004425,sample_01475,Windows of the Skull - Sarin,1,2.4562915137466543,classical_20260919T110356Z,RBF-SVM,baseline,val,0.5196503294173163,1
seg_004426,sample_01475,Windows of the Skull - Sarin,1,0.5585547128372331,classical_20260919T110356Z,RBF-SVM,baseline,val,0.5196503294173163,1
seg_004427,sample_01475,Windows of the Skull - Sarin,1,1.380568279964054,classical_20260919T110356Z,RBF-SVM,baseline,val,0.5196503294173163,1
seg_004464,sample_01488,Night Drive - Decktonic,1,0.5238844537519679,classical_20260919T110356Z,RBF-SVM,baseline,val,0.5196503294173163,1
seg_004465,sample_01488,Night Drive - Decktonic,1,0.2612589194442836,classical_20260919T110356Z,RBF-SVM,baseline,val,0.5196503294173163,0
seg_004466,sample_01488,Night Drive - Decktonic,1,1.464385872579244,classical_20260919T110356Z,RBF-SVM,baseline,val,0.5196503294173163,1
seg_004521,sample_01507,Nuo Maisemat - Paavoharju,1,0.3962718597135034,classical_20260919T110356Z,RBF-SVM,baseline,val,0.5196503294173163,0
seg_004522,sample_01507,Nuo Maisemat - Paavoharju,1,-0.2913109014727271,classical_20260919T110356Z,RBF-SVM,baseline,val,0.5196503294173163,0
seg_004523,sample_01507,Nuo Maisemat - Paavoharju,1,0.5740131834312123,classical_20260919T110356Z,RBF-SVM,baseline,val,0.5196503294173163,1
seg_004536,sample_01512,CopperNickle - UncleBibby,1,-0.07220517738903398,classical_20260919T110356Z,RBF-SVM,baseline,val,0.5196503294173163,0
seg_004537,sample_01512,CopperNickle - UncleBibby,1,0.18572730597801573,classical_20260919T110356Z,RBF-SVM,baseline,val,0.5196503294173163,0
seg_004538,sample_01512,CopperNickle - UncleBibby,1,0.24527408330148248,classical_20260919T110356Z,RBF-SVM,baseline,val,0.5196503294173163,0
seg_004539,sample_01513,Daylight Savings - My brother Daniel,1,0.9040238825995496,classical_20260919T110356Z,RBF-SVM,baseline,val,0.5196503294173163,1
seg_004540,sample_01513,Daylight Savings - My brother Daniel,1,0.44274710042029947,classical_20260919T110356Z,RBF-SVM,baseline,val,0.5196503294173163,0
seg_004541,sample_01513,Daylight Savings - My brother Daniel,1,-0.06292657661212842,classical_20260919T110356Z,RBF-SVM,baseline,val,0.5196503294173163,0
seg_004542,sample_01514,mystery team 2090 - Jesse Futerman,1,0.9712132854744564,classical_20260919T110356Z,RBF-SVM,baseline,val,0.5196503294173163,1
seg_004543,sample_01514,mystery team 2090 - Jesse Futerman,1,0.9801360705063655,classical_20260919T110356Z,RBF-SVM,baseline,val,0.5196503294173163,1
seg_004544,sample_01514,mystery team 2090 - Jesse Futerman,1,0.9284193475439774,classical_20260919T110356Z,RBF-SVM,baseline,val,0.5196503294173163,1
seg_004575,sample_01525,SD (Ill Mix) - H-LR,1,0.47845106467201337,classical_20260919T110356Z,RBF-SVM,baseline,val,0.5196503294173163,0
seg_004576,sample_01525,SD (Ill Mix) - H-LR,1,0.4975629751058288,classical_20260919T110356Z,RBF-SVM,baseline,val,0.5196503294173163,0
seg_004577,sample_01525,SD (Ill Mix) - H-LR,1,0.934918617859338,classical_20260919T110356Z,RBF-SVM,baseline,val,0.5196503294173163,1
seg_004590,sample_01530,Stockholm Syndrome / People Should Be More Aware - Bird Names,1,0.7230275220122424,classical_20260919T110356Z,RBF-SVM,baseline,val,0.5196503294173163,1
seg_004591,sample_01530,Stockholm Syndrome / People Should Be More Aware - Bird Names,1,0.6639360120974263,classical_20260919T110356Z,RBF-SVM,baseline,val,0.5196503294173163,1
seg_004592,sample_01530,Stockholm Syndrome / People Should Be More Aware - Bird Names,1,1.3419746223377764,classical_20260919T110356Z,RBF-SVM,baseline,val,0.5196503294173163,1
seg_004596,sample_01532,Time Is Love - Silence is full of birds,1,0.04729609319440442,classical_20260919T110356Z,RBF-SVM,baseline,val,0.5196503294173163,0
seg_004597,sample_01532,Time Is Love - Silence is full of birds,1,-0.29243050878752275,classical_20260919T110356Z,RBF-SVM,baseline,val,0.5196503294173163,0
seg_004598,sample_01532,Time Is Love - Silence is full of birds,1,0.31428057593554587,classical_20260919T110356Z,RBF-SVM,baseline,val,0.5196503294173163,0
seg_004602,sample_01534,Roller Star - Monroeville Music Center,1,0.9318656843766138,classical_20260919T110356Z,RBF-SVM,baseline,val,0.5196503294173163,1
seg_004603,sample_01534,Roller Star - Monroeville Music Center,1,1.592570831993914,classical_20260919T110356Z,RBF-SVM,baseline,val,0.5196503294173163,1
seg_004604,sample_01534,Roller Star - Monroeville Music Center,1,1.2405393871544383,classical_20260919T110356Z,RBF-SVM,baseline,val,0.5196503294173163,1
seg_004611,sample_01537,Soleares&beats - Malaventura,1,0.7520361510631697,classical_20260919T110356Z,RBF-SVM,baseline,val,0.5196503294173163,1
seg_004612,sample_01537,Soleares&beats - Malaventura,1,0.9829594088933287,classical_20260919T110356Z,RBF-SVM,baseline,val,0.5196503294173163,1
seg_004613,sample_01537,Soleares&beats - Malaventura,1,0.20375308796617075,classical_20260919T110356Z,RBF-SVM,baseline,val,0.5196503294173163,0
seg_004629,sample_01543,Evil Cannot Create - Caleb Lemond,1,-0.12996104234929828,classical_20260919T110356Z,RBF-SVM,baseline,val,0.5196503294173163,0
seg_004630,sample_01543,Evil Cannot Create - Caleb Lemond,1,0.9115068600786882,classical_20260919T110356Z,RBF-SVM,baseline,val,0.5196503294173163,1
seg_004631,sample_01543,Evil Cannot Create - Caleb Lemond,1,1.2140627808687383,classical_20260919T110356Z,RBF-SVM,baseline,val,0.5196503294173163,1
seg_004647,sample_01549,"Roundtrip - Oh Yeah, the Future",1,0.9953298681963378,classical_20260919T110356Z,RBF-SVM,baseline,val,0.5196503294173163,1
seg_004648,sample_01549,"Roundtrip - Oh Yeah, the Future",1,1.4508804606194063,classical_20260919T110356Z,RBF-SVM,baseline,val,0.5196503294173163,1
seg_004649,sample_01549,"Roundtrip - Oh Yeah, the Future",1,1.8722640736652967,classical_20260919T110356Z,RBF-SVM,baseline,val,0.5196503294173163,1
seg_004692,sample_01564,Norweigian Wood II - Bird Names,1,0.5436884549491926,classical_20260919T110356Z,RBF-SVM,baseline,val,0.5196503294173163,1
seg_004693,sample_01564,Norweigian Wood II - Bird Names,1,0.7878156961380544,classical_20260919T110356Z,RBF-SVM,baseline,val,0.5196503294173163,1
seg_004694,sample_01564,Norweigian Wood II - Bird Names,1,0.8430799653312326,classical_20260919T110356Z,RBF-SVM,baseline,val,0.5196503294173163,1
seg_004695,sample_01565,New Life (take 1) - Bird Names,1,1.1975282955558497,classical_20260919T110356Z,RBF-SVM,baseline,val,0.5196503294173163,1
seg_004696,sample_01565,New Life (take 1) - Bird Names,1,1.1255254120269864,classical_20260919T110356Z,RBF-SVM,baseline,val,0.5196503294173163,1
seg_004697,sample_01565,New Life (take 1) - Bird Names,1,1.1571359094098912,classical_20260919T110356Z,RBF-SVM,baseline,val,0.5196503294173163,1
seg_004698,sample_01566,New Life (take 1) - Bird Names,1,0.6624818564450473,classical_20260919T110356Z,RBF-SVM,baseline,val,0.5196503294173163,1
seg_004699,sample_01566,New Life (take 1) - Bird Names,1,0.3912947188717373,classical_20260919T110356Z,RBF-SVM,baseline,val,0.5196503294173163,0
seg_004700,sample_01566,New Life (take 1) - Bird Names,1,0.519415775162086,classical_20260919T110356Z,RBF-SVM,baseline,val,0.5196503294173163,0
seg_004779,sample_01593,Gila Monster Flop/Music History Lesson:The Sonics - The Crypts!,1,1.4055362575885288,classical_20260919T110356Z,RBF-SVM,baseline,val,0.5196503294173163,1
seg_004780,sample_01593,Gila Monster Flop/Music History Lesson:The Sonics - The Crypts!,1,0.9140497741807996,classical_20260919T110356Z,RBF-SVM,baseline,val,0.5196503294173163,1
seg_004781,sample_01593,Gila Monster Flop/Music History Lesson:The Sonics - The Crypts!,1,1.065695022850332,classical_20260919T110356Z,RBF-SVM,baseline,val,0.5196503294173163,1
seg_004821,sample_01607,March of the GPA Mechanics - [t]ghost,1,0.00761577348869924,classical_20260919T110356Z,RBF-SVM,baseline,val,0.5196503294173163,0
seg_004822,sample_01607,March of the GPA Mechanics - [t]ghost,1,0.11170818215708855,classical_20260919T110356Z,RBF-SVM,baseline,val,0.5196503294173163,0
seg_004823,sample_01607,March of the GPA Mechanics - [t]ghost,1,-0.12605726256664707,classical_20260919T110356Z,RBF-SVM,baseline,val,0.5196503294173163,0
seg_004824,sample_01608,Windows of the Skull - Sarin,1,0.6698923154391896,classical_20260919T110356Z,RBF-SVM,baseline,val,0.5196503294173163,1
seg_004825,sample_01608,Windows of the Skull - Sarin,1,0.039505122334079545,classical_20260919T110356Z,RBF-SVM,baseline,val,0.5196503294173163,0
seg_004826,sample_01608,Windows of the Skull - Sarin,1,0.4676397156487271,classical_20260919T110356Z,RBF-SVM,baseline,val,0.5196503294173163,0
seg_004830,sample_01610,Empty Pockets - Pete Prodoehl,1,0.0911108789771482,classical_20260919T110356Z,RBF-SVM,baseline,val,0.5196503294173163,0
seg_004831,sample_01610,Empty Pockets - Pete Prodoehl,1,0.4664580701596214,classical_20260919T110356Z,RBF-SVM,baseline,val,0.5196503294173163,0
seg_004832,sample_01610,Empty Pockets - Pete Prodoehl,1,0.7996373050186618,classical_20260919T110356Z,RBF-SVM,baseline,val,0.5196503294173163,1
seg_004836,sample_01612,Scramby Eggs - Andy G. Cohen,1,0.7205049721908161,classical_20260919T110356Z,RBF-SVM,baseline,val,0.5196503294173163,1
seg_004837,sample_01612,Scramby Eggs - Andy G. Cohen,1,0.6824926744642674,classical_20260919T110356Z,RBF-SVM,baseline,val,0.5196503294173163,1
seg_004838,sample_01612,Scramby Eggs - Andy G. Cohen,1,0.6705025203740934,classical_20260919T110356Z,RBF-SVM,baseline,val,0.5196503294173163,1
seg_004839,sample_01613,Voxel - Andy G. Cohen,1,-0.359624380808632,classical_20260919T110356Z,RBF-SVM,baseline,val,0.5196503294173163,0
seg_004840,sample_01613,Voxel - Andy G. Cohen,1,0.3012025549118245,classical_20260919T110356Z,RBF-SVM,baseline,val,0.5196503294173163,0
seg_004841,sample_01613,Voxel - Andy G. Cohen,1,0.34966382254252076,classical_20260919T110356Z,RBF-SVM,baseline,val,0.5196503294173163,0
seg_004845,sample_01615,The girl just faded - Los Llamarada,1,0.7371993112905973,classical_20260919T110356Z,RBF-SVM,baseline,val,0.5196503294173163,1
seg_004846,sample_01615,The girl just faded - Los Llamarada,1,1.214043957506925,classical_20260919T110356Z,RBF-SVM,baseline,val,0.5196503294173163,1
seg_004847,sample_01615,The girl just faded - Los Llamarada,1,1.4447023294453591,classical_20260919T110356Z,RBF-SVM,baseline,val,0.5196503294173163,1
seg_004860,sample_01620,2 (Wasn't There) - Isle of Pine,1,0.543364385229348,classical_20260919T110356Z,RBF-SVM,baseline,val,0.5196503294173163,1
seg_004861,sample_01620,2 (Wasn't There) - Isle of Pine,1,0.7646639189109771,classical_20260919T110356Z,RBF-SVM,baseline,val,0.5196503294173163,1
seg_004862,sample_01620,2 (Wasn't There) - Isle of Pine,1,0.9489665033620135,classical_20260919T110356Z,RBF-SVM,baseline,val,0.5196503294173163,1
seg_004866,sample_01622,I Fell - Mod Fun,1,0.7886515598439717,classical_20260919T110356Z,RBF-SVM,baseline,val,0.5196503294173163,1
seg_004867,sample_01622,I Fell - Mod Fun,1,0.2406876346936389,classical_20260919T110356Z,RBF-SVM,baseline,val,0.5196503294173163,0
seg_004868,sample_01622,I Fell - Mod Fun,1,0.5888847527612636,classical_20260919T110356Z,RBF-SVM,baseline,val,0.5196503294173163,1
seg_004872,sample_01624,Новый Нью-Йорк 2 - Чокнутый Пропеллер,1,0.8292545916041458,classical_20260919T110356Z,RBF-SVM,baseline,val,0.5196503294173163,1
seg_004873,sample_01624,Новый Нью-Йорк 2 - Чокнутый Пропеллер,1,0.21813432258076132,classical_20260919T110356Z,RBF-SVM,baseline,val,0.5196503294173163,0
seg_004874,sample_01624,Новый Нью-Йорк 2 - Чокнутый Пропеллер,1,0.33423973802445633,classical_20260919T110356Z,RBF-SVM,baseline,val,0.5196503294173163,0
seg_004908,sample_01636,CopperNickle - UncleBibby,1,0.7848012891073549,classical_20260919T110356Z,RBF-SVM,baseline,val,0.5196503294173163,1
seg_004909,sample_01636,CopperNickle - UncleBibby,1,1.0575548875205738,classical_20260919T110356Z,RBF-SVM,baseline,val,0.5196503294173163,1
seg_004910,sample_01636,CopperNickle - UncleBibby,1,0.9483178147793478,classical_20260919T110356Z,RBF-SVM,baseline,val,0.5196503294173163,1
seg_004914,sample_01638,Daylight Savings - My brother Daniel,1,0.9699518375525938,classical_20260919T110356Z,RBF-SVM,baseline,val,0.5196503294173163,1
seg_004915,sample_01638,Daylight Savings - My brother Daniel,1,1.337351212817314,classical_20260919T110356Z,RBF-SVM,baseline,val,0.5196503294173163,1
seg_004916,sample_01638,Daylight Savings - My brother Daniel,1,0.6235943720246704,classical_20260919T110356Z,RBF-SVM,baseline,val,0.5196503294173163,1
seg_004947,sample_01649,mystery team 2090 - Jesse Futerman,1,0.9005366719305553,classical_20260919T110356Z,RBF-SVM,baseline,val,0.5196503294173163,1
seg_004948,sample_01649,mystery team 2090 - Jesse Futerman,1,1.5060226908491,classical_20260919T110356Z,RBF-SVM,baseline,val,0.5196503294173163,1
seg_004949,sample_01649,mystery team 2090 - Jesse Futerman,1,1.465163459549136,classical_20260919T110356Z,RBF-SVM,baseline,val,0.5196503294173163,1
seg_004950,sample_01650,Night Drive - Decktonic,1,1.0374128415692312,classical_20260919T110356Z,RBF-SVM,baseline,val,0.5196503294173163,1
seg_004951,sample_01650,Night Drive - Decktonic,1,0.8296179982505496,classical_20260919T110356Z,RBF-SVM,baseline,val,0.5196503294173163,1
seg_004952,sample_01650,Night Drive - Decktonic,1,1.634492363307797,classical_20260919T110356Z,RBF-SVM,baseline,val,0.5196503294173163,1
seg_004959,sample_01653,Nuo Maisemat - Paavoharju,1,1.6183190872139375,classical_20260919T110356Z,RBF-SVM,baseline,val,0.5196503294173163,1
seg_004960,sample_01653,Nuo Maisemat - Paavoharju,1,1.495550467179222,classical_20260919T110356Z,RBF-SVM,baseline,val,0.5196503294173163,1
seg_004961,sample_01653,Nuo Maisemat - Paavoharju,1,1.7077552320950675,classical_20260919T110356Z,RBF-SVM,baseline,val,0.5196503294173163,1
seg_005001,sample_01667,SD (Ill Mix) - H-LR,1,0.5737026904147063,classical_20260919T110356Z,RBF-SVM,baseline,val,0.5196503294173163,1
seg_005002,sample_01667,SD (Ill Mix) - H-LR,1,2.353348240532302,classical_20260919T110356Z,RBF-SVM,baseline,val,0.5196503294173163,1
seg_005003,sample_01667,SD (Ill Mix) - H-LR,1,1.6374443290483465,classical_20260919T110356Z,RBF-SVM,baseline,val,0.5196503294173163,1
seg_005055,sample_01685,Evil Cannot Create - Caleb Lemond,1,1.5711193064430522,classical_20260919T110356Z,RBF-SVM,baseline,val,0.5196503294173163,1
seg_005056,sample_01685,Evil Cannot Create - Caleb Lemond,1,1.208765081477527,classical_20260919T110356Z,RBF-SVM,baseline,val,0.5196503294173163,1
seg_005057,sample_01685,Evil Cannot Create - Caleb Lemond,1,1.21992139630375,classical_20260919T110356Z,RBF-SVM,baseline,val,0.5196503294173163,1
seg_005111,sample_01704,New Life (take 1) - Bird Names,1,0.8527151268215097,classical_20260919T110356Z,RBF-SVM,baseline,val,0.5196503294173163,1
seg_005112,sample_01704,New Life (take 1) - Bird Names,1,0.8556770700816518,classical_20260919T110356Z,RBF-SVM,baseline,val,0.5196503294173163,1
seg_005113,sample_01704,New Life (take 1) - Bird Names,1,0.7274572308425868,classical_20260919T110356Z,RBF-SVM,baseline,val,0.5196503294173163,1
seg_005114,sample_01705,Norweigian Wood II - Bird Names,1,0.9675587715448783,classical_20260919T110356Z,RBF-SVM,baseline,val,0.5196503294173163,1
seg_005115,sample_01705,Norweigian Wood II - Bird Names,1,0.6046988488563442,classical_20260919T110356Z,RBF-SVM,baseline,val,0.5196503294173163,1
seg_005116,sample_01705,Norweigian Wood II - Bird Names,1,1.482129623156431,classical_20260919T110356Z,RBF-SVM,baseline,val,0.5196503294173163,1
seg_005126,sample_01709,Roller Star - Monroeville Music Center,1,1.7467595220129721,classical_20260919T110356Z,RBF-SVM,baseline,val,0.5196503294173163,1
seg_005127,sample_01709,Roller Star - Monroeville Music Center,1,1.18778433573658,classical_20260919T110356Z,RBF-SVM,baseline,val,0.5196503294173163,1
seg_005128,sample_01709,Roller Star - Monroeville Music Center,1,1.490458486102827,classical_20260919T110356Z,RBF-SVM,baseline,val,0.5196503294173163,1
seg_005129,sample_01710,"Roundtrip - Oh Yeah, the Future",1,1.3989037103582125,classical_20260919T110356Z,RBF-SVM,baseline,val,0.5196503294173163,1
seg_005130,sample_01710,"Roundtrip - Oh Yeah, the Future",1,1.3555543643298895,classical_20260919T110356Z,RBF-SVM,baseline,val,0.5196503294173163,1
seg_005131,sample_01710,"Roundtrip - Oh Yeah, the Future",1,1.2111100935144035,classical_20260919T110356Z,RBF-SVM,baseline,val,0.5196503294173163,1
seg_005138,sample_01713,Soleares&beats - Malaventura,1,1.310372984071992,classical_20260919T110356Z,RBF-SVM,baseline,val,0.5196503294173163,1
seg_005139,sample_01713,Soleares&beats - Malaventura,1,0.8046194617099012,classical_20260919T110356Z,RBF-SVM,baseline,val,0.5196503294173163,1
seg_005140,sample_01713,Soleares&beats - Malaventura,1,1.376554112320219,classical_20260919T110356Z,RBF-SVM,baseline,val,0.5196503294173163,1
seg_005147,sample_01716,Stockholm Syndrome / People Should Be More Aware - Bird Names,1,1.714294602450812,classical_20260919T110356Z,RBF-SVM,baseline,val,0.5196503294173163,1
seg_005148,sample_01716,Stockholm Syndrome / People Should Be More Aware - Bird Names,1,1.8233221752961983,classical_20260919T110356Z,RBF-SVM,baseline,val,0.5196503294173163,1
seg_005149,sample_01716,Stockholm Syndrome / People Should Be More Aware - Bird Names,1,1.7449316222540188,classical_20260919T110356Z,RBF-SVM,baseline,val,0.5196503294173163,1
seg_005168,sample_01723,Time Is Love - Silence is full of birds,1,0.8048662226908231,classical_20260919T110356Z,RBF-SVM,baseline,val,0.5196503294173163,1
seg_005169,sample_01723,Time Is Love - Silence is full of birds,1,1.634591615712405,classical_20260919T110356Z,RBF-SVM,baseline,val,0.5196503294173163,1
seg_005170,sample_01723,Time Is Love - Silence is full of birds,1,1.6366042040448987,classical_20260919T110356Z,RBF-SVM,baseline,val,0.5196503294173163,1
seg_005188,sample_01730,2 (Wasn't There) - Isle of Pine,1,1.1826711939375916,classical_20260919T110356Z,RBF-SVM,baseline,val,0.5196503294173163,1
seg_005189,sample_01730,2 (Wasn't There) - Isle of Pine,1,0.5224770935507854,classical_20260919T110356Z,RBF-SVM,baseline,val,0.5196503294173163,1
seg_005190,sample_01730,2 (Wasn't There) - Isle of Pine,1,1.5094657249195271,classical_20260919T110356Z,RBF-SVM,baseline,val,0.5196503294173163,1
seg_005203,sample_01735,Empty Pockets - Pete Prodoehl,1,1.0767137695675022,classical_20260919T110356Z,RBF-SVM,baseline,val,0.5196503294173163,1
seg_005204,sample_01735,Empty Pockets - Pete Prodoehl,1,1.9814427810340456,classical_20260919T110356Z,RBF-SVM,baseline,val,0.5196503294173163,1
seg_005205,sample_01735,Empty Pockets - Pete Prodoehl,1,0.8746639844570337,classical_20260919T110356Z,RBF-SVM,baseline,val,0.5196503294173163,1
seg_005212,sample_01738,Gila Monster Flop/Music History Lesson:The Sonics - The Crypts!,1,0.9190993419908098,classical_20260919T110356Z,RBF-SVM,baseline,val,0.5196503294173163,1
seg_005213,sample_01738,Gila Monster Flop/Music History Lesson:The Sonics - The Crypts!,1,1.3851163292062818,classical_20260919T110356Z,RBF-SVM,baseline,val,0.5196503294173163,1
seg_005214,sample_01738,Gila Monster Flop/Music History Lesson:The Sonics - The Crypts!,1,1.4840589345312845,classical_20260919T110356Z,RBF-SVM,baseline,val,0.5196503294173163,1
seg_005221,sample_01741,I Fell - Mod Fun,1,1.468636771822419,classical_20260919T110356Z,RBF-SVM,baseline,val,0.5196503294173163,1
seg_005222,sample_01741,I Fell - Mod Fun,1,0.9831534876762014,classical_20260919T110356Z,RBF-SVM,baseline,val,0.5196503294173163,1
seg_005223,sample_01741,I Fell - Mod Fun,1,1.1750892146516825,classical_20260919T110356Z,RBF-SVM,baseline,val,0.5196503294173163,1
seg_005245,sample_01749,March of the GPA Mechanics - [t]ghost,1,1.1107840491037813,classical_20260919T110356Z,RBF-SVM,baseline,val,0.5196503294173163,1
seg_005246,sample_01749,March of the GPA Mechanics - [t]ghost,1,1.698870015335454,classical_20260919T110356Z,RBF-SVM,baseline,val,0.5196503294173163,1
seg_005247,sample_01749,March of the GPA Mechanics - [t]ghost,1,2.0642355839683244,classical_20260919T110356Z,RBF-SVM,baseline,val,0.5196503294173163,1
seg_005274,sample_01759,Scramby Eggs - Andy G. Cohen,1,0.7546333191308463,classical_20260919T110356Z,RBF-SVM,baseline,val,0.5196503294173163,1
seg_005275,sample_01759,Scramby Eggs - Andy G. Cohen,1,0.6219668170582857,classical_20260919T110356Z,RBF-SVM,baseline,val,0.5196503294173163,1
seg_005276,sample_01759,Scramby Eggs - Andy G. Cohen,1,1.7868333058991936,classical_20260919T110356Z,RBF-SVM,baseline,val,0.5196503294173163,1
seg_005301,sample_01768,The girl just faded - Los Llamarada,1,1.3639276871880055,classical_20260919T110356Z,RBF-SVM,baseline,val,0.5196503294173163,1
seg_005302,sample_01768,The girl just faded - Los Llamarada,1,1.8895379855002852,classical_20260919T110356Z,RBF-SVM,baseline,val,0.5196503294173163,1
seg_005303,sample_01768,The girl just faded - Los Llamarada,1,0.959170760897651,classical_20260919T110356Z,RBF-SVM,baseline,val,0.5196503294173163,1
seg_005310,sample_01771,Voxel - Andy G. Cohen,1,1.3652172953986503,classical_20260919T110356Z,RBF-SVM,baseline,val,0.5196503294173163,1
seg_005311,sample_01771,Voxel - Andy G. Cohen,1,1.509045154066257,classical_20260919T110356Z,RBF-SVM,baseline,val,0.5196503294173163,1
seg_005312,sample_01771,Voxel - Andy G. Cohen,1,1.8016552856357644,classical_20260919T110356Z,RBF-SVM,baseline,val,0.5196503294173163,1
seg_005322,sample_01775,Windows of the Skull - Sarin,1,1.3023169585614696,classical_20260919T110356Z,RBF-SVM,baseline,val,0.5196503294173163,1
seg_005323,sample_01775,Windows of the Skull - Sarin,1,2.7999909208962332,classical_20260919T110356Z,RBF-SVM,baseline,val,0.5196503294173163,1
seg_005324,sample_01775,Windows of the Skull - Sarin,1,1.6014905781178954,classical_20260919T110356Z,RBF-SVM,baseline,val,0.5196503294173163,1
seg_005331,sample_01778,Новый Нью-Йорк 2 - Чокнутый Пропеллер,1,0.9055947297361175,classical_20260919T110356Z,RBF-SVM,baseline,val,0.5196503294173163,1
seg_005332,sample_01778,Новый Нью-Йорк 2 - Чокнутый Пропеллер,1,0.9824135179375375,classical_20260919T110356Z,RBF-SVM,baseline,val,0.5196503294173163,1
seg_005333,sample_01778,Новый Нью-Йорк 2 - Чокнутый Пропеллер,1,0.7329290245754299,classical_20260919T110356Z,RBF-SVM,baseline,val,0.5196503294173163,1
seg_005372,sample_01798,CopperNickle - UncleBibby,1,1.0445708784650563,classical_20260919T110356Z,RBF-SVM,baseline,val,0.5196503294173163,1
seg_005373,sample_01798,CopperNickle - UncleBibby,1,1.257048819682111,classical_20260919T110356Z,RBF-SVM,baseline,val,0.5196503294173163,1
seg_005378,sample_01801,Daylight Savings - My brother Daniel,1,1.2152502205474587,classical_20260919T110356Z,RBF-SVM,baseline,val,0.5196503294173163,1
seg_005379,sample_01801,Daylight Savings - My brother Daniel,1,1.2218802350249813,classical_20260919T110356Z,RBF-SVM,baseline,val,0.5196503294173163,1
seg_005396,sample_01810,Fifth Ramble - From the album Keith [RSVP007] - My brother Daniel,1,1.0679912136867995,classical_20260919T110356Z,RBF-SVM,baseline,val,0.5196503294173163,1
seg_005397,sample_01810,Fifth Ramble - From the album Keith [RSVP007] - My brother Daniel,1,1.5033570659314985,classical_20260919T110356Z,RBF-SVM,baseline,val,0.5196503294173163,1
seg_005412,sample_01818,If You're Ther - Nicola Ratti,1,0.6618899780347249,classical_20260919T110356Z,RBF-SVM,baseline,val,0.5196503294173163,1
seg_005413,sample_01818,If You're Ther - Nicola Ratti,1,0.6318539975526889,classical_20260919T110356Z,RBF-SVM,baseline,val,0.5196503294173163,1
seg_005428,sample_01826,Kumorizoranohajimarutokoro - Hosomi,1,1.380930000879986,classical_20260919T110356Z,RBF-SVM,baseline,val,0.5196503294173163,1
seg_005429,sample_01826,Kumorizoranohajimarutokoro - Hosomi,1,1.615476347412752,classical_20260919T110356Z,RBF-SVM,baseline,val,0.5196503294173163,1
seg_005446,sample_01835,Loved Ones - Rowan Box,1,1.967448893444801,classical_20260919T110356Z,RBF-SVM,baseline,val,0.5196503294173163,1
seg_005447,sample_01835,Loved Ones - Rowan Box,1,1.653372808640793,classical_20260919T110356Z,RBF-SVM,baseline,val,0.5196503294173163,1
seg_005448,sample_01836,Morning Bell - Nihilore,1,1.0624976515762563,classical_20260919T110356Z,RBF-SVM,baseline,val,0.5196503294173163,1
seg_005449,sample_01836,Morning Bell - Nihilore,1,1.0676175012945195,classical_20260919T110356Z,RBF-SVM,baseline,val,0.5196503294173163,1
seg_005450,sample_01837,mystery team 2090 - Jesse Futerman,1,1.1531168337147064,classical_20260919T110356Z,RBF-SVM,baseline,val,0.5196503294173163,1
seg_005451,sample_01837,mystery team 2090 - Jesse Futerman,1,0.9115369995299121,classical_20260919T110356Z,RBF-SVM,baseline,val,0.5196503294173163,1
seg_005452,sample_01838,Night Drive - Decktonic,1,1.3637940403900202,classical_20260919T110356Z,RBF-SVM,baseline,val,0.5196503294173163,1
seg_005453,sample_01838,Night Drive - Decktonic,1,1.289780765570852,classical_20260919T110356Z,RBF-SVM,baseline,val,0.5196503294173163,1
seg_005460,sample_01842,Nuo Maisemat - Paavoharju,1,1.2778777964677461,classical_20260919T110356Z,RBF-SVM,baseline,val,0.5196503294173163,1
seg_005461,sample_01842,Nuo Maisemat - Paavoharju,1,1.4166482064467933,classical_20260919T110356Z,RBF-SVM,baseline,val,0.5196503294173163,1
seg_005494,sample_01859,SD (Ill Mix) - H-LR,1,1.426602962932272,classical_20260919T110356Z,RBF-SVM,baseline,val,0.5196503294173163,1
seg_005495,sample_01859,SD (Ill Mix) - H-LR,1,0.9391729239489437,classical_20260919T110356Z,RBF-SVM,baseline,val,0.5196503294173163,1
seg_005503,sample_01864,some dextromethorphan - Jeva,1,1.3416391385506938,classical_20260919T110356Z,RBF-SVM,baseline,val,0.5196503294173163,1
seg_005504,sample_01864,some dextromethorphan - Jeva,1,1.4606491616837598,classical_20260919T110356Z,RBF-SVM,baseline,val,0.5196503294173163,1
seg_005509,sample_01867,Sturgeon's Law - Nihilore,1,1.2022917722799726,classical_20260919T110356Z,RBF-SVM,baseline,val,0.5196503294173163,1
seg_005510,sample_01867,Sturgeon's Law - Nihilore,1,0.8511966846310617,classical_20260919T110356Z,RBF-SVM,baseline,val,0.5196503294173163,1
seg_005533,sample_01879,The Stairway - WarpToken,1,1.4270352289542396,classical_20260919T110356Z,RBF-SVM,baseline,val,0.5196503294173163,1
seg_005534,sample_01879,The Stairway - WarpToken,1,1.9287729433792167,classical_20260919T110356Z,RBF-SVM,baseline,val,0.5196503294173163,1
seg_005535,sample_01880,Three Bird - My brother Daniel,1,1.1698193445426677,classical_20260919T110356Z,RBF-SVM,baseline,val,0.5196503294173163,1
seg_005536,sample_01880,Three Bird - My brother Daniel,1,1.5296420331784724,classical_20260919T110356Z,RBF-SVM,baseline,val,0.5196503294173163,1
seg_005537,sample_01881,Timen Passing By - Jason Shaw,1,1.1584860861338884,classical_20260919T110356Z,RBF-SVM,baseline,val,0.5196503294173163,1
seg_005538,sample_01881,Timen Passing By - Jason Shaw,1,1.0149956209838447,classical_20260919T110356Z,RBF-SVM,baseline,val,0.5196503294173163,1
seg_005549,sample_01887,Understand That This Is A Dream - From the album Modulating Coil [RSVP008] - Forrest James,1,1.5034318379198455,classical_20260919T110356Z,RBF-SVM,baseline,val,0.5196503294173163,1
seg_005550,sample_01887,Understand That This Is A Dream - From the album Modulating Coil [RSVP008] - Forrest James,1,1.2576707367612951,classical_20260919T110356Z,RBF-SVM,baseline,val,0.5196503294173163,1
seg_005555,sample_01890,Westside Chillers - Little Glass Men,1,1.039562499856994,classical_20260919T110356Z,RBF-SVM,baseline,val,0.5196503294173163,1
seg_005556,sample_01890,Westside Chillers - Little Glass Men,1,0.9399153135799247,classical_20260919T110356Z,RBF-SVM,baseline,val,0.5196503294173163,1
seg_005565,sample_01895,Agora - Malaventura,1,1.7615609618656731,classical_20260919T110356Z,RBF-SVM,baseline,val,0.5196503294173163,1
seg_005566,sample_01895,Agora - Malaventura,1,1.4304428011849986,classical_20260919T110356Z,RBF-SVM,baseline,val,0.5196503294173163,1
seg_005583,sample_01904,Evil Cannot Create - Caleb Lemond,1,1.5743244730792072,classical_20260919T110356Z,RBF-SVM,baseline,val,0.5196503294173163,1
seg_005584,sample_01904,Evil Cannot Create - Caleb Lemond,1,1.3167199663369733,classical_20260919T110356Z,RBF-SVM,baseline,val,0.5196503294173163,1
seg_005621,sample_01923,My Body Is A Weapon (Compromise Edit) - Silence is full of birds,1,1.7249816410131387,classical_20260919T110356Z,RBF-SVM,baseline,val,0.5196503294173163,1
seg_005622,sample_01923,My Body Is A Weapon (Compromise Edit) - Silence is full of birds,1,1.5450799442899439,classical_20260919T110356Z,RBF-SVM,baseline,val,0.5196503294173163,1
seg_005627,sample_01926,New Life (take 1) - Bird Names,1,1.5779499485451127,classical_20260919T110356Z,RBF-SVM,baseline,val,0.5196503294173163,1
seg_005628,sample_01926,New Life (take 1) - Bird Names,1,1.4786997678240685,classical_20260919T110356Z,RBF-SVM,baseline,val,0.5196503294173163,1
seg_005629,sample_01927,Norweigian Wood II - Bird Names,1,1.6007127373355465,classical_20260919T110356Z,RBF-SVM,baseline,val,0.5196503294173163,1
seg_005630,sample_01927,Norweigian Wood II - Bird Names,1,1.4582053616606858,classical_20260919T110356Z,RBF-SVM,baseline,val,0.5196503294173163,1
seg_005645,sample_01935,Roller Star - Monroeville Music Center,1,1.5313574277624036,classical_20260919T110356Z,RBF-SVM,baseline,val,0.5196503294173163,1
seg_005646,sample_01935,Roller Star - Monroeville Music Center,1,1.2326250932347946,classical_20260919T110356Z,RBF-SVM,baseline,val,0.5196503294173163,1
seg_005647,sample_01936,"Roundtrip - Oh Yeah, the Future",1,0.9106229728426148,classical_20260919T110356Z,RBF-SVM,baseline,val,0.5196503294173163,1
seg_005648,sample_01936,"Roundtrip - Oh Yeah, the Future",1,1.0539716141652318,classical_20260919T110356Z,RBF-SVM,baseline,val,0.5196503294173163,1
seg_005657,sample_01941,Soleares&beats - Malaventura,1,1.8353467673521056,classical_20260919T110356Z,RBF-SVM,baseline,val,0.5196503294173163,1
seg_005658,sample_01941,Soleares&beats - Malaventura,1,1.8624865490422817,classical_20260919T110356Z,RBF-SVM,baseline,val,0.5196503294173163,1
seg_005665,sample_01945,Stockholm Syndrome / People Should Be More Aware - Bird Names,1,0.9824997866147998,classical_20260919T110356Z,RBF-SVM,baseline,val,0.5196503294173163,1
seg_005666,sample_01945,Stockholm Syndrome / People Should Be More Aware - Bird Names,1,0.7302787836647717,classical_20260919T110356Z,RBF-SVM,baseline,val,0.5196503294173163,1
seg_005685,sample_01955,Time Is Love - Silence is full of birds,1,1.2909190731973677,classical_20260919T110356Z,RBF-SVM,baseline,val,0.5196503294173163,1
seg_005686,sample_01955,Time Is Love - Silence is full of birds,1,1.552940495061553,classical_20260919T110356Z,RBF-SVM,baseline,val,0.5196503294173163,1
seg_005703,sample_01964,2 (Wasn't There) - Isle of Pine,1,0.963903723759215,classical_20260919T110356Z,RBF-SVM,baseline,val,0.5196503294173163,1
seg_005704,sample_01964,2 (Wasn't There) - Isle of Pine,1,0.985635105704953,classical_20260919T110356Z,RBF-SVM,baseline,val,0.5196503294173163,1
seg_005723,sample_01974,Beyond Luxury - Mors Ontologica,1,1.549047130204547,classical_20260919T110356Z,RBF-SVM,baseline,val,0.5196503294173163,1
seg_005724,sample_01974,Beyond Luxury - Mors Ontologica,1,1.3736317033849486,classical_20260919T110356Z,RBF-SVM,baseline,val,0.5196503294173163,1
seg_005747,sample_01986,Empty Pockets - Pete Prodoehl,1,0.8944275876459404,classical_20260919T110356Z,RBF-SVM,baseline,val,0.5196503294173163,1
seg_005748,sample_01986,Empty Pockets - Pete Prodoehl,1,1.2659513036495982,classical_20260919T110356Z,RBF-SVM,baseline,val,0.5196503294173163,1
seg_005753,sample_01989,Fear - Los Fancy Free,1,1.4640813632667453,classical_20260919T110356Z,RBF-SVM,baseline,val,0.5196503294173163,1
seg_005754,sample_01989,Fear - Los Fancy Free,1,1.3777286135865057,classical_20260919T110356Z,RBF-SVM,baseline,val,0.5196503294173163,1
seg_005763,sample_01994,Gila Monster Flop/Music History Lesson:The Sonics - The Crypts!,1,1.2106691629153044,classical_20260919T110356Z,RBF-SVM,baseline,val,0.5196503294173163,1
seg_005788,sample_02007,I Fell - Mod Fun,1,1.1456622338807967,classical_20260919T110356Z,RBF-SVM,baseline,val,0.5196503294173163,1
seg_005789,sample_02007,I Fell - Mod Fun,1,1.1469973064635863,classical_20260919T110356Z,RBF-SVM,baseline,val,0.5196503294173163,1
seg_005808,sample_02017,Lights Up - Pipe Choir,1,1.436151935454009,classical_20260919T110356Z,RBF-SVM,baseline,val,0.5196503294173163,1
seg_005809,sample_02017,Lights Up - Pipe Choir,1,1.2098374041686157,classical_20260919T110356Z,RBF-SVM,baseline,val,0.5196503294173163,1
seg_005816,sample_02021,March of the GPA Mechanics - [t]ghost,1,1.2584637009199504,classical_20260919T110356Z,RBF-SVM,baseline,val,0.5196503294173163,1
seg_005817,sample_02021,March of the GPA Mechanics - [t]ghost,1,1.1540354387711342,classical_20260919T110356Z,RBF-SVM,baseline,val,0.5196503294173163,1
seg_005842,sample_02034,Redlight - Room For A Ghost,1,1.2955755362364483,classical_20260919T110356Z,RBF-SVM,baseline,val,0.5196503294173163,1
seg_005843,sample_02034,Redlight - Room For A Ghost,1,1.148559433089447,classical_20260919T110356Z,RBF-SVM,baseline,val,0.5196503294173163,1
seg_005852,sample_02039,Scramby Eggs - Andy G. Cohen,1,1.0633327310754406,classical_20260919T110356Z,RBF-SVM,baseline,val,0.5196503294173163,1
seg_005853,sample_02039,Scramby Eggs - Andy G. Cohen,1,0.8551910232707685,classical_20260919T110356Z,RBF-SVM,baseline,val,0.5196503294173163,1
seg_005860,sample_02043,Shipwrecked Crew - Pete Prodoehl,1,0.8610640038755617,classical_20260919T110356Z,RBF-SVM,baseline,val,0.5196503294173163,1
seg_005861,sample_02043,Shipwrecked Crew - Pete Prodoehl,1,1.06710339255648,classical_20260919T110356Z,RBF-SVM,baseline,val,0.5196503294173163,1
seg_005880,sample_02053,The girl just faded - Los Llamarada,1,0.6645265458372921,classical_20260919T110356Z,RBF-SVM,baseline,val,0.5196503294173163,1
seg_005881,sample_02053,The girl just faded - Los Llamarada,1,0.9747086451844046,classical_20260919T110356Z,RBF-SVM,baseline,val,0.5196503294173163,1
seg_005892,sample_02059,Voxel - Andy G. Cohen,1,1.8379080380123463,classical_20260919T110356Z,RBF-SVM,baseline,val,0.5196503294173163,1
seg_005893,sample_02059,Voxel - Andy G. Cohen,1,1.5294918275522853,classical_20260919T110356Z,RBF-SVM,baseline,val,0.5196503294173163,1
seg_005908,sample_02067,Windows of the Skull - Sarin,1,1.1729933024832575,classical_20260919T110356Z,RBF-SVM,baseline,val,0.5196503294173163,1
seg_005909,sample_02067,Windows of the Skull - Sarin,1,1.5898148131304977,classical_20260919T110356Z,RBF-SVM,baseline,val,0.5196503294173163,1
seg_005964,sample_02087,CopperNickle - UncleBibby,1,2.04101981176611,classical_20260919T110356Z,RBF-SVM,baseline,val,0.5196503294173163,1
seg_005965,sample_02087,CopperNickle - UncleBibby,1,0.9142585601148276,classical_20260919T110356Z,RBF-SVM,baseline,val,0.5196503294173163,1
seg_005966,sample_02087,CopperNickle - UncleBibby,1,1.518991713764846,classical_20260919T110356Z,RBF-SVM,baseline,val,0.5196503294173163,1
seg_005967,sample_02088,CopperNickle - UncleBibby,1,0.4739020497071965,classical_20260919T110356Z,RBF-SVM,baseline,val,0.5196503294173163,0
seg_005968,sample_02088,CopperNickle - UncleBibby,1,0.8676124279909211,classical_20260919T110356Z,RBF-SVM,baseline,val,0.5196503294173163,1
seg_005969,sample_02088,CopperNickle - UncleBibby,1,0.88889645623316,classical_20260919T110356Z,RBF-SVM,baseline,val,0.5196503294173163,1
seg_005976,sample_02091,Daylight Savings - My brother Daniel,1,1.2490006521094112,classical_20260919T110356Z,RBF-SVM,baseline,val,0.5196503294173163,1
seg_005977,sample_02091,Daylight Savings - My brother Daniel,1,0.5879630036226623,classical_20260919T110356Z,RBF-SVM,baseline,val,0.5196503294173163,1
seg_005978,sample_02091,Daylight Savings - My brother Daniel,1,1.9143816577263297,classical_20260919T110356Z,RBF-SVM,baseline,val,0.5196503294173163,1
seg_005979,sample_02092,Daylight Savings - My brother Daniel,1,1.2114696423103801,classical_20260919T110356Z,RBF-SVM,baseline,val,0.5196503294173163,1
seg_005980,sample_02092,Daylight Savings - My brother Daniel,1,1.155992772227024,classical_20260919T110356Z,RBF-SVM,baseline,val,0.5196503294173163,1
seg_005981,sample_02092,Daylight Savings - My brother Daniel,1,1.7796862815593113,classical_20260919T110356Z,RBF-SVM,baseline,val,0.5196503294173163,1
seg_006042,sample_02113,mystery team 2090 - Jesse Futerman,1,0.7879238571322714,classical_20260919T110356Z,RBF-SVM,baseline,val,0.5196503294173163,1
seg_006043,sample_02113,mystery team 2090 - Jesse Futerman,1,1.1419314453783969,classical_20260919T110356Z,RBF-SVM,baseline,val,0.5196503294173163,1
seg_006044,sample_02113,mystery team 2090 - Jesse Futerman,1,1.731573115084448,classical_20260919T110356Z,RBF-SVM,baseline,val,0.5196503294173163,1
seg_006045,sample_02114,mystery team 2090 - Jesse Futerman,1,1.1517441162501867,classical_20260919T110356Z,RBF-SVM,baseline,val,0.5196503294173163,1
seg_006046,sample_02114,mystery team 2090 - Jesse Futerman,1,0.6670881990736506,classical_20260919T110356Z,RBF-SVM,baseline,val,0.5196503294173163,1
seg_006047,sample_02114,mystery team 2090 - Jesse Futerman,1,0.9166550194062753,classical_20260919T110356Z,RBF-SVM,baseline,val,0.5196503294173163,1
seg_006048,sample_02115,Night Drive - Decktonic,1,0.7479119015422042,classical_20260919T110356Z,RBF-SVM,baseline,val,0.5196503294173163,1
seg_006049,sample_02115,Night Drive - Decktonic,1,0.9820868785166859,classical_20260919T110356Z,RBF-SVM,baseline,val,0.5196503294173163,1
seg_006050,sample_02115,Night Drive - Decktonic,1,1.319181737087931,classical_20260919T110356Z,RBF-SVM,baseline,val,0.5196503294173163,1
seg_006051,sample_02116,Night Drive - Decktonic,1,1.254597400455853,classical_20260919T110356Z,RBF-SVM,baseline,val,0.5196503294173163,1
seg_006052,sample_02116,Night Drive - Decktonic,1,0.9680904911339371,classical_20260919T110356Z,RBF-SVM,baseline,val,0.5196503294173163,1
seg_006053,sample_02116,Night Drive - Decktonic,1,1.5055443424199142,classical_20260919T110356Z,RBF-SVM,baseline,val,0.5196503294173163,1
seg_006066,sample_02121,Nuo Maisemat - Paavoharju,1,1.4503168472807806,classical_20260919T110356Z,RBF-SVM,baseline,val,0.5196503294173163,1
seg_006067,sample_02121,Nuo Maisemat - Paavoharju,1,1.3556869384012438,classical_20260919T110356Z,RBF-SVM,baseline,val,0.5196503294173163,1
seg_006068,sample_02121,Nuo Maisemat - Paavoharju,1,1.6765670120433498,classical_20260919T110356Z,RBF-SVM,baseline,val,0.5196503294173163,1
seg_006069,sample_02122,Nuo Maisemat - Paavoharju,1,1.8828544295381082,classical_20260919T110356Z,RBF-SVM,baseline,val,0.5196503294173163,1
seg_006070,sample_02122,Nuo Maisemat - Paavoharju,1,1.383381258822192,classical_20260919T110356Z,RBF-SVM,baseline,val,0.5196503294173163,1
seg_006071,sample_02122,Nuo Maisemat - Paavoharju,1,2.040656389104408,classical_20260919T110356Z,RBF-SVM,baseline,val,0.5196503294173163,1
seg_006150,sample_02149,SD (Ill Mix) - H-LR,1,0.9485009162510201,classical_20260919T110356Z,RBF-SVM,baseline,val,0.5196503294173163,1
seg_006151,sample_02149,SD (Ill Mix) - H-LR,1,1.1421881869705786,classical_20260919T110356Z,RBF-SVM,baseline,val,0.5196503294173163,1
seg_006152,sample_02149,SD (Ill Mix) - H-LR,1,1.5218921896545978,classical_20260919T110356Z,RBF-SVM,baseline,val,0.5196503294173163,1
seg_006153,sample_02150,SD (Ill Mix) - H-LR,1,0.22968128390992854,classical_20260919T110356Z,RBF-SVM,baseline,val,0.5196503294173163,0
seg_006154,sample_02150,SD (Ill Mix) - H-LR,1,0.2668472570955811,classical_20260919T110356Z,RBF-SVM,baseline,val,0.5196503294173163,0
seg_006155,sample_02150,SD (Ill Mix) - H-LR,1,1.0945851211491382,classical_20260919T110356Z,RBF-SVM,baseline,val,0.5196503294173163,1
seg_006258,sample_02185,Evil Cannot Create - Caleb Lemond,1,1.6818859742062449,classical_20260919T110356Z,RBF-SVM,baseline,val,0.5196503294173163,1
seg_006259,sample_02185,Evil Cannot Create - Caleb Lemond,1,1.1809666791899498,classical_20260919T110356Z,RBF-SVM,baseline,val,0.5196503294173163,1
seg_006260,sample_02185,Evil Cannot Create - Caleb Lemond,1,1.8173293393798393,classical_20260919T110356Z,RBF-SVM,baseline,val,0.5196503294173163,1
seg_006261,sample_02186,Evil Cannot Create - Caleb Lemond,1,1.5914596918580863,classical_20260919T110356Z,RBF-SVM,baseline,val,0.5196503294173163,1
seg_006262,sample_02186,Evil Cannot Create - Caleb Lemond,1,1.0376272404206184,classical_20260919T110356Z,RBF-SVM,baseline,val,0.5196503294173163,1
seg_006263,sample_02186,Evil Cannot Create - Caleb Lemond,1,1.596420347528209,classical_20260919T110356Z,RBF-SVM,baseline,val,0.5196503294173163,1
seg_006366,sample_02221,New Life (take 1) - Bird Names,1,0.9825887326718543,classical_20260919T110356Z,RBF-SVM,baseline,val,0.5196503294173163,1
seg_006367,sample_02221,New Life (take 1) - Bird Names,1,0.3789080942151324,classical_20260919T110356Z,RBF-SVM,baseline,val,0.5196503294173163,0
seg_006368,sample_02221,New Life (take 1) - Bird Names,1,0.6155878727320934,classical_20260919T110356Z,RBF-SVM,baseline,val,0.5196503294173163,1
seg_006369,sample_02222,New Life (take 1) - Bird Names,1,1.474338567905835,classical_20260919T110356Z,RBF-SVM,baseline,val,0.5196503294173163,1
seg_006370,sample_02222,New Life (take 1) - Bird Names,1,1.036901033644751,classical_20260919T110356Z,RBF-SVM,baseline,val,0.5196503294173163,1
seg_006371,sample_02222,New Life (take 1) - Bird Names,1,1.5743307502565158,classical_20260919T110356Z,RBF-SVM,baseline,val,0.5196503294173163,1
seg_006372,sample_02223,Norweigian Wood II - Bird Names,1,1.1838800537743006,classical_20260919T110356Z,RBF-SVM,baseline,val,0.5196503294173163,1
seg_006373,sample_02223,Norweigian Wood II - Bird Names,1,0.10874635383913178,classical_20260919T110356Z,RBF-SVM,baseline,val,0.5196503294173163,0
seg_006374,sample_02223,Norweigian Wood II - Bird Names,1,1.1798530910518568,classical_20260919T110356Z,RBF-SVM,baseline,val,0.5196503294173163,1
seg_006375,sample_02224,Norweigian Wood II - Bird Names,1,0.6477670590433235,classical_20260919T110356Z,RBF-SVM,baseline,val,0.5196503294173163,1
seg_006376,sample_02224,Norweigian Wood II - Bird Names,1,0.7173802578024753,classical_20260919T110356Z,RBF-SVM,baseline,val,0.5196503294173163,1
seg_006377,sample_02224,Norweigian Wood II - Bird Names,1,1.6046108912463772,classical_20260919T110356Z,RBF-SVM,baseline,val,0.5196503294173163,1
seg_006396,sample_02231,Roller Star - Monroeville Music Center,1,0.5798930294363784,classical_20260919T110356Z,RBF-SVM,baseline,val,0.5196503294173163,1
seg_006397,sample_02231,Roller Star - Monroeville Music Center,1,1.1771095737399597,classical_20260919T110356Z,RBF-SVM,baseline,val,0.5196503294173163,1
seg_006398,sample_02231,Roller Star - Monroeville Music Center,1,1.6395267741359105,classical_20260919T110356Z,RBF-SVM,baseline,val,0.5196503294173163,1
seg_006399,sample_02232,Roller Star - Monroeville Music Center,1,1.300447429577729,classical_20260919T110356Z,RBF-SVM,baseline,val,0.5196503294173163,1
seg_006400,sample_02232,Roller Star - Monroeville Music Center,1,1.717885945831331,classical_20260919T110356Z,RBF-SVM,baseline,val,0.5196503294173163,1
seg_006401,sample_02232,Roller Star - Monroeville Music Center,1,1.4452131803508734,classical_20260919T110356Z,RBF-SVM,baseline,val,0.5196503294173163,1
seg_006402,sample_02233,"Roundtrip - Oh Yeah, the Future",1,1.4341284090947752,classical_20260919T110356Z,RBF-SVM,baseline,val,0.5196503294173163,1
seg_006403,sample_02233,"Roundtrip - Oh Yeah, the Future",1,1.0899722023057161,classical_20260919T110356Z,RBF-SVM,baseline,val,0.5196503294173163,1
seg_006404,sample_02233,"Roundtrip - Oh Yeah, the Future",1,1.9528270141190978,classical_20260919T110356Z,RBF-SVM,baseline,val,0.5196503294173163,1
seg_006405,sample_02234,"Roundtrip - Oh Yeah, the Future",1,1.4151161121900606,classical_20260919T110356Z,RBF-SVM,baseline,val,0.5196503294173163,1
seg_006406,sample_02234,"Roundtrip - Oh Yeah, the Future",1,0.22622973162590848,classical_20260919T110356Z,RBF-SVM,baseline,val,0.5196503294173163,0
seg_006407,sample_02234,"Roundtrip - Oh Yeah, the Future",1,2.0980390389192,classical_20260919T110356Z,RBF-SVM,baseline,val,0.5196503294173163,1
seg_006420,sample_02239,Soleares&beats - Malaventura,1,1.3188873897209878,classical_20260919T110356Z,RBF-SVM,baseline,val,0.5196503294173163,1
seg_006421,sample_02239,Soleares&beats - Malaventura,1,0.3606615899191788,classical_20260919T110356Z,RBF-SVM,baseline,val,0.5196503294173163,0
seg_006422,sample_02239,Soleares&beats - Malaventura,1,1.5521395700477383,classical_20260919T110356Z,RBF-SVM,baseline,val,0.5196503294173163,1
seg_006423,sample_02240,Soleares&beats - Malaventura,1,0.7346554496122139,classical_20260919T110356Z,RBF-SVM,baseline,val,0.5196503294173163,1
seg_006424,sample_02240,Soleares&beats - Malaventura,1,1.3831947151526403,classical_20260919T110356Z,RBF-SVM,baseline,val,0.5196503294173163,1
seg_006425,sample_02240,Soleares&beats - Malaventura,1,0.393531737738048,classical_20260919T110356Z,RBF-SVM,baseline,val,0.5196503294173163,0
seg_006438,sample_02245,Stockholm Syndrome / People Should Be More Aware - Bird Names,1,1.6854559703955587,classical_20260919T110356Z,RBF-SVM,baseline,val,0.5196503294173163,1
seg_006439,sample_02245,Stockholm Syndrome / People Should Be More Aware - Bird Names,1,0.9823143263261733,classical_20260919T110356Z,RBF-SVM,baseline,val,0.5196503294173163,1
seg_006440,sample_02245,Stockholm Syndrome / People Should Be More Aware - Bird Names,1,0.8152734768293413,classical_20260919T110356Z,RBF-SVM,baseline,val,0.5196503294173163,1
seg_006441,sample_02246,Stockholm Syndrome / People Should Be More Aware - Bird Names,1,1.1190884747484078,classical_20260919T110356Z,RBF-SVM,baseline,val,0.5196503294173163,1
seg_006442,sample_02246,Stockholm Syndrome / People Should Be More Aware - Bird Names,1,0.9881780251702412,classical_20260919T110356Z,RBF-SVM,baseline,val,0.5196503294173163,1
seg_006443,sample_02246,Stockholm Syndrome / People Should Be More Aware - Bird Names,1,1.6418334203373135,classical_20260919T110356Z,RBF-SVM,baseline,val,0.5196503294173163,1
seg_006480,sample_02259,Time Is Love - Silence is full of birds,1,2.809444917891105,classical_20260919T110356Z,RBF-SVM,baseline,val,0.5196503294173163,1
seg_006481,sample_02259,Time Is Love - Silence is full of birds,1,1.473069776486157,classical_20260919T110356Z,RBF-SVM,baseline,val,0.5196503294173163,1
seg_006482,sample_02259,Time Is Love - Silence is full of birds,1,1.642203894932829,classical_20260919T110356Z,RBF-SVM,baseline,val,0.5196503294173163,1
seg_006483,sample_02260,Time Is Love - Silence is full of birds,1,1.7920997017519615,classical_20260919T110356Z,RBF-SVM,baseline,val,0.5196503294173163,1
seg_006484,sample_02260,Time Is Love - Silence is full of birds,1,0.5643482779130915,classical_20260919T110356Z,RBF-SVM,baseline,val,0.5196503294173163,1
seg_006485,sample_02260,Time Is Love - Silence is full of birds,1,1.8920190687572112,classical_20260919T110356Z,RBF-SVM,baseline,val,0.5196503294173163,1
seg_006522,sample_02273,2 (Wasn't There) - Isle of Pine,1,1.4348359267344653,classical_20260919T110356Z,RBF-SVM,baseline,val,0.5196503294173163,1
seg_006523,sample_02273,2 (Wasn't There) - Isle of Pine,1,0.8145909113120028,classical_20260919T110356Z,RBF-SVM,baseline,val,0.5196503294173163,1
seg_006524,sample_02273,2 (Wasn't There) - Isle of Pine,1,1.0626204214810837,classical_20260919T110356Z,RBF-SVM,baseline,val,0.5196503294173163,1
seg_006525,sample_02274,2 (Wasn't There) - Isle of Pine,1,2.2653635898339064,classical_20260919T110356Z,RBF-SVM,baseline,val,0.5196503294173163,1
seg_006526,sample_02274,2 (Wasn't There) - Isle of Pine,1,0.6272236687770685,classical_20260919T110356Z,RBF-SVM,baseline,val,0.5196503294173163,1
seg_006527,sample_02274,2 (Wasn't There) - Isle of Pine,1,2.3769563043416633,classical_20260919T110356Z,RBF-SVM,baseline,val,0.5196503294173163,1
seg_006552,sample_02283,Empty Pockets - Pete Prodoehl,1,1.2143198597362397,classical_20260919T110356Z,RBF-SVM,baseline,val,0.5196503294173163,1
seg_006553,sample_02283,Empty Pockets - Pete Prodoehl,1,0.27746749782609814,classical_20260919T110356Z,RBF-SVM,baseline,val,0.5196503294173163,0
seg_006554,sample_02283,Empty Pockets - Pete Prodoehl,1,1.2214642992170979,classical_20260919T110356Z,RBF-SVM,baseline,val,0.5196503294173163,1
seg_006555,sample_02284,Empty Pockets - Pete Prodoehl,1,1.3028932088388108,classical_20260919T110356Z,RBF-SVM,baseline,val,0.5196503294173163,1
seg_006556,sample_02284,Empty Pockets - Pete Prodoehl,1,0.7602871475585978,classical_20260919T110356Z,RBF-SVM,baseline,val,0.5196503294173163,1
seg_006557,sample_02284,Empty Pockets - Pete Prodoehl,1,1.2500615664975108,classical_20260919T110356Z,RBF-SVM,baseline,val,0.5196503294173163,1
seg_006570,sample_02289,Gila Monster Flop/Music History Lesson:The Sonics - The Crypts!,1,1.0348694269774517,classical_20260919T110356Z,RBF-SVM,baseline,val,0.5196503294173163,1
seg_006571,sample_02289,Gila Monster Flop/Music History Lesson:The Sonics - The Crypts!,1,0.7843380425070872,classical_20260919T110356Z,RBF-SVM,baseline,val,0.5196503294173163,1
seg_006572,sample_02289,Gila Monster Flop/Music History Lesson:The Sonics - The Crypts!,1,1.6967840961195415,classical_20260919T110356Z,RBF-SVM,baseline,val,0.5196503294173163,1
seg_006573,sample_02290,Gila Monster Flop/Music History Lesson:The Sonics - The Crypts!,1,0.5370362365695623,classical_20260919T110356Z,RBF-SVM,baseline,val,0.5196503294173163,1
seg_006574,sample_02290,Gila Monster Flop/Music History Lesson:The Sonics - The Crypts!,1,0.7268810524043351,classical_20260919T110356Z,RBF-SVM,baseline,val,0.5196503294173163,1
seg_006575,sample_02290,Gila Monster Flop/Music History Lesson:The Sonics - The Crypts!,1,1.369221722587472,classical_20260919T110356Z,RBF-SVM,baseline,val,0.5196503294173163,1
seg_006588,sample_02295,I Fell - Mod Fun,1,1.150450338600188,classical_20260919T110356Z,RBF-SVM,baseline,val,0.5196503294173163,1
seg_006589,sample_02295,I Fell - Mod Fun,1,1.3098686638829198,classical_20260919T110356Z,RBF-SVM,baseline,val,0.5196503294173163,1
seg_006590,sample_02295,I Fell - Mod Fun,1,2.594390100676698,classical_20260919T110356Z,RBF-SVM,baseline,val,0.5196503294173163,1
seg_006591,sample_02296,I Fell - Mod Fun,1,1.2849554274405581,classical_20260919T110356Z,RBF-SVM,baseline,val,0.5196503294173163,1
seg_006592,sample_02296,I Fell - Mod Fun,1,0.6380770279963343,classical_20260919T110356Z,RBF-SVM,baseline,val,0.5196503294173163,1
seg_006593,sample_02296,I Fell - Mod Fun,1,1.4760323587354436,classical_20260919T110356Z,RBF-SVM,baseline,val,0.5196503294173163,1
seg_006636,sample_02311,March of the GPA Mechanics - [t]ghost,1,2.1144881288516846,classical_20260919T110356Z,RBF-SVM,baseline,val,0.5196503294173163,1
seg_006637,sample_02311,March of the GPA Mechanics - [t]ghost,1,0.5196503294173163,classical_20260919T110356Z,RBF-SVM,baseline,val,0.5196503294173163,1
seg_006638,sample_02311,March of the GPA Mechanics - [t]ghost,1,1.2731733080913705,classical_20260919T110356Z,RBF-SVM,baseline,val,0.5196503294173163,1
seg_006639,sample_02312,March of the GPA Mechanics - [t]ghost,1,2.479029486903772,classical_20260919T110356Z,RBF-SVM,baseline,val,0.5196503294173163,1
seg_006640,sample_02312,March of the GPA Mechanics - [t]ghost,1,1.0034998392225098,classical_20260919T110356Z,RBF-SVM,baseline,val,0.5196503294173163,1
seg_006641,sample_02312,March of the GPA Mechanics - [t]ghost,1,2.1747462059018132,classical_20260919T110356Z,RBF-SVM,baseline,val,0.5196503294173163,1
seg_006696,sample_02331,Scramby Eggs - Andy G. Cohen,1,0.7528612191005897,classical_20260919T110356Z,RBF-SVM,baseline,val,0.5196503294173163,1
seg_006697,sample_02331,Scramby Eggs - Andy G. Cohen,1,0.7904608963212352,classical_20260919T110356Z,RBF-SVM,baseline,val,0.5196503294173163,1
seg_006698,sample_02331,Scramby Eggs - Andy G. Cohen,1,1.8725732666499475,classical_20260919T110356Z,RBF-SVM,baseline,val,0.5196503294173163,1
seg_006699,sample_02332,Scramby Eggs - Andy G. Cohen,1,0.513031337777947,classical_20260919T110356Z,RBF-SVM,baseline,val,0.5196503294173163,0
seg_006700,sample_02332,Scramby Eggs - Andy G. Cohen,1,0.9117351564163367,classical_20260919T110356Z,RBF-SVM,baseline,val,0.5196503294173163,1
seg_006701,sample_02332,Scramby Eggs - Andy G. Cohen,1,1.0635683601742907,classical_20260919T110356Z,RBF-SVM,baseline,val,0.5196503294173163,1
seg_006750,sample_02349,The girl just faded - Los Llamarada,1,1.6489566952114096,classical_20260919T110356Z,RBF-SVM,baseline,val,0.5196503294173163,1
seg_006751,sample_02349,The girl just faded - Los Llamarada,1,2.2381419526453707,classical_20260919T110356Z,RBF-SVM,baseline,val,0.5196503294173163,1
seg_006752,sample_02349,The girl just faded - Los Llamarada,1,0.9173191744485107,classical_20260919T110356Z,RBF-SVM,baseline,val,0.5196503294173163,1
seg_006753,sample_02350,The girl just faded - Los Llamarada,1,1.4009403180636197,classical_20260919T110356Z,RBF-SVM,baseline,val,0.5196503294173163,1
seg_006754,sample_02350,The girl just faded - Los Llamarada,1,0.7798918115811254,classical_20260919T110356Z,RBF-SVM,baseline,val,0.5196503294173163,1
seg_006755,sample_02350,The girl just faded - Los Llamarada,1,1.792613445752632,classical_20260919T110356Z,RBF-SVM,baseline,val,0.5196503294173163,1
seg_006768,sample_02355,Voxel - Andy G. Cohen,1,1.211470098687713,classical_20260919T110356Z,RBF-SVM,baseline,val,0.5196503294173163,1
seg_006769,sample_02355,Voxel - Andy G. Cohen,1,1.500025737412518,classical_20260919T110356Z,RBF-SVM,baseline,val,0.5196503294173163,1
seg_006770,sample_02355,Voxel - Andy G. Cohen,1,1.581128868045199,classical_20260919T110356Z,RBF-SVM,baseline,val,0.5196503294173163,1
seg_006771,sample_02356,Voxel - Andy G. Cohen,1,0.8473905729323927,classical_20260919T110356Z,RBF-SVM,baseline,val,0.5196503294173163,1
seg_006772,sample_02356,Voxel - Andy G. Cohen,1,0.35109336641427286,classical_20260919T110356Z,RBF-SVM,baseline,val,0.5196503294173163,0
seg_006773,sample_02356,Voxel - Andy G. Cohen,1,0.8748865441470508,classical_20260919T110356Z,RBF-SVM,baseline,val,0.5196503294173163,1
seg_006792,sample_02363,Windows of the Skull - Sarin,1,2.5553888942454583,classical_20260919T110356Z,RBF-SVM,baseline,val,0.5196503294173163,1
seg_006793,sample_02363,Windows of the Skull - Sarin,1,0.39991488899966765,classical_20260919T110356Z,RBF-SVM,baseline,val,0.5196503294173163,0
seg_006794,sample_02363,Windows of the Skull - Sarin,1,0.6123646491495,classical_20260919T110356Z,RBF-SVM,baseline,val,0.5196503294173163,1
seg_006795,sample_02364,Windows of the Skull - Sarin,1,2.7170728317568935,classical_20260919T110356Z,RBF-SVM,baseline,val,0.5196503294173163,1
seg_006796,sample_02364,Windows of the Skull - Sarin,1,0.4598529711152676,classical_20260919T110356Z,RBF-SVM,baseline,val,0.5196503294173163,0
seg_006797,sample_02364,Windows of the Skull - Sarin,1,1.6144384910850484,classical_20260919T110356Z,RBF-SVM,baseline,val,0.5196503294173163,1
seg_006810,sample_02369,Новый Нью-Йорк 2 - Чокнутый Пропеллер,1,0.8918836802726755,classical_20260919T110356Z,RBF-SVM,baseline,val,0.5196503294173163,1
seg_006811,sample_02369,Новый Нью-Йорк 2 - Чокнутый Пропеллер,1,0.7995333445905612,classical_20260919T110356Z,RBF-SVM,baseline,val,0.5196503294173163,1
seg_006812,sample_02369,Новый Нью-Йорк 2 - Чокнутый Пропеллер,1,2.3429701289523748,classical_20260919T110356Z,RBF-SVM,baseline,val,0.5196503294173163,1
seg_006813,sample_02370,Новый Нью-Йорк 2 - Чокнутый Пропеллер,1,1.5122662269568639,classical_20260919T110356Z,RBF-SVM,baseline,val,0.5196503294173163,1
seg_006814,sample_02370,Новый Нью-Йорк 2 - Чокнутый Пропеллер,1,1.0069292924057498,classical_20260919T110356Z,RBF-SVM,baseline,val,0.5196503294173163,1
seg_006815,sample_02370,Новый Нью-Йорк 2 - Чокнутый Пропеллер,1,1.6059835498448245,classical_20260919T110356Z,RBF-SVM,baseline,val,0.5196503294173163,1
seg_006864,sample_02387,CopperNickle - UncleBibby,1,1.1086528074712871,classical_20260919T110356Z,RBF-SVM,baseline,val,0.5196503294173163,1
seg_006865,sample_02387,CopperNickle - UncleBibby,1,1.1193858600197624,classical_20260919T110356Z,RBF-SVM,baseline,val,0.5196503294173163,1
seg_006866,sample_02387,CopperNickle - UncleBibby,1,2.3118872167898727,classical_20260919T110356Z,RBF-SVM,baseline,val,0.5196503294173163,1
seg_006867,sample_02388,CopperNickle - UncleBibby,1,0.7469427775846974,classical_20260919T110356Z,RBF-SVM,baseline,val,0.5196503294173163,1
seg_006868,sample_02388,CopperNickle - UncleBibby,1,0.5826589258835358,classical_20260919T110356Z,RBF-SVM,baseline,val,0.5196503294173163,1
seg_006869,sample_02388,CopperNickle - UncleBibby,1,0.854253475178892,classical_20260919T110356Z,RBF-SVM,baseline,val,0.5196503294173163,1
seg_006876,sample_02391,Daylight Savings - My brother Daniel,1,0.7357731418976079,classical_20260919T110356Z,RBF-SVM,baseline,val,0.5196503294173163,1
seg_006877,sample_02391,Daylight Savings - My brother Daniel,1,0.4209380549022723,classical_20260919T110356Z,RBF-SVM,baseline,val,0.5196503294173163,0
seg_006878,sample_02391,Daylight Savings - My brother Daniel,1,2.535626287535231,classical_20260919T110356Z,RBF-SVM,baseline,val,0.5196503294173163,1
seg_006879,sample_02392,Daylight Savings - My brother Daniel,1,0.4234457742910883,classical_20260919T110356Z,RBF-SVM,baseline,val,0.5196503294173163,0
seg_006880,sample_02392,Daylight Savings - My brother Daniel,1,1.107148117615134,classical_20260919T110356Z,RBF-SVM,baseline,val,0.5196503294173163,1
seg_006881,sample_02392,Daylight Savings - My brother Daniel,1,1.9331932662246416,classical_20260919T110356Z,RBF-SVM,baseline,val,0.5196503294173163,1
seg_006942,sample_02413,mystery team 2090 - Jesse Futerman,1,0.7632622548720226,classical_20260919T110356Z,RBF-SVM,baseline,val,0.5196503294173163,1
seg_006943,sample_02413,mystery team 2090 - Jesse Futerman,1,0.8292212792033944,classical_20260919T110356Z,RBF-SVM,baseline,val,0.5196503294173163,1
seg_006944,sample_02413,mystery team 2090 - Jesse Futerman,1,1.199921643646459,classical_20260919T110356Z,RBF-SVM,baseline,val,0.5196503294173163,1
seg_006945,sample_02414,mystery team 2090 - Jesse Futerman,1,0.9245409820346799,classical_20260919T110356Z,RBF-SVM,baseline,val,0.5196503294173163,1
seg_006946,sample_02414,mystery team 2090 - Jesse Futerman,1,0.7642533086551158,classical_20260919T110356Z,RBF-SVM,baseline,val,0.5196503294173163,1
seg_006947,sample_02414,mystery team 2090 - Jesse Futerman,1,1.9030555902421482,classical_20260919T110356Z,RBF-SVM,baseline,val,0.5196503294173163,1
seg_006948,sample_02415,Night Drive - Decktonic,1,0.03137014027405283,classical_20260919T110356Z,RBF-SVM,baseline,val,0.5196503294173163,0
seg_006949,sample_02415,Night Drive - Decktonic,1,0.4816941036050203,classical_20260919T110356Z,RBF-SVM,baseline,val,0.5196503294173163,0
seg_006950,sample_02415,Night Drive - Decktonic,1,1.416597664695218,classical_20260919T110356Z,RBF-SVM,baseline,val,0.5196503294173163,1
seg_006951,sample_02416,Night Drive - Decktonic,1,1.1096517706525693,classical_20260919T110356Z,RBF-SVM,baseline,val,0.5196503294173163,1
seg_006952,sample_02416,Night Drive - Decktonic,1,0.7052641429760688,classical_20260919T110356Z,RBF-SVM,baseline,val,0.5196503294173163,1
seg_006953,sample_02416,Night Drive - Decktonic,1,2.5727160981010453,classical_20260919T110356Z,RBF-SVM,baseline,val,0.5196503294173163,1
seg_006966,sample_02421,Nuo Maisemat - Paavoharju,1,1.2147023192963946,classical_20260919T110356Z,RBF-SVM,baseline,val,0.5196503294173163,1
seg_006967,sample_02421,Nuo Maisemat - Paavoharju,1,0.7566286705870104,classical_20260919T110356Z,RBF-SVM,baseline,val,0.5196503294173163,1
seg_006968,sample_02421,Nuo Maisemat - Paavoharju,1,1.5679750741898455,classical_20260919T110356Z,RBF-SVM,baseline,val,0.5196503294173163,1
seg_006969,sample_02422,Nuo Maisemat - Paavoharju,1,0.641338921244835,classical_20260919T110356Z,RBF-SVM,baseline,val,0.5196503294173163,1
seg_006970,sample_02422,Nuo Maisemat - Paavoharju,1,0.5379043379606938,classical_20260919T110356Z,RBF-SVM,baseline,val,0.5196503294173163,1
seg_006971,sample_02422,Nuo Maisemat - Paavoharju,1,1.5489320849744725,classical_20260919T110356Z,RBF-SVM,baseline,val,0.5196503294173163,1
seg_007050,sample_02449,SD (Ill Mix) - H-LR,1,0.9264852717817669,classical_20260919T110356Z,RBF-SVM,baseline,val,0.5196503294173163,1
seg_007051,sample_02449,SD (Ill Mix) - H-LR,1,0.780543916732609,classical_20260919T110356Z,RBF-SVM,baseline,val,0.5196503294173163,1
seg_007052,sample_02449,SD (Ill Mix) - H-LR,1,0.9206297696615173,classical_20260919T110356Z,RBF-SVM,baseline,val,0.5196503294173163,1
seg_007053,sample_02450,SD (Ill Mix) - H-LR,1,1.2780213037642407,classical_20260919T110356Z,RBF-SVM,baseline,val,0.5196503294173163,1
seg_007054,sample_02450,SD (Ill Mix) - H-LR,1,1.1519995134697427,classical_20260919T110356Z,RBF-SVM,baseline,val,0.5196503294173163,1
seg_007055,sample_02450,SD (Ill Mix) - H-LR,1,2.37293501544342,classical_20260919T110356Z,RBF-SVM,baseline,val,0.5196503294173163,1
seg_007158,sample_02485,Evil Cannot Create - Caleb Lemond,1,0.5353439691491928,classical_20260919T110356Z,RBF-SVM,baseline,val,0.5196503294173163,1
seg_007159,sample_02485,Evil Cannot Create - Caleb Lemond,1,1.3435478299927488,classical_20260919T110356Z,RBF-SVM,baseline,val,0.5196503294173163,1
seg_007160,sample_02485,Evil Cannot Create - Caleb Lemond,1,1.0552802008201274,classical_20260919T110356Z,RBF-SVM,baseline,val,0.5196503294173163,1
seg_007161,sample_02486,Evil Cannot Create - Caleb Lemond,1,0.8725508741649175,classical_20260919T110356Z,RBF-SVM,baseline,val,0.5196503294173163,1
seg_007162,sample_02486,Evil Cannot Create - Caleb Lemond,1,1.014860553869856,classical_20260919T110356Z,RBF-SVM,baseline,val,0.5196503294173163,1
seg_007163,sample_02486,Evil Cannot Create - Caleb Lemond,1,0.8550221855284658,classical_20260919T110356Z,RBF-SVM,baseline,val,0.5196503294173163,1
seg_007266,sample_02521,New Life (take 1) - Bird Names,1,1.5447594400552993,classical_20260919T110356Z,RBF-SVM,baseline,val,0.5196503294173163,1
seg_007267,sample_02521,New Life (take 1) - Bird Names,1,0.9839860833484338,classical_20260919T110356Z,RBF-SVM,baseline,val,0.5196503294173163,1
seg_007268,sample_02521,New Life (take 1) - Bird Names,1,1.2979219852007857,classical_20260919T110356Z,RBF-SVM,baseline,val,0.5196503294173163,1
seg_007269,sample_02522,New Life (take 1) - Bird Names,1,0.48745903507364957,classical_20260919T110356Z,RBF-SVM,baseline,val,0.5196503294173163,0
seg_007270,sample_02522,New Life (take 1) - Bird Names,1,0.14324255760193821,classical_20260919T110356Z,RBF-SVM,baseline,val,0.5196503294173163,0
seg_007271,sample_02522,New Life (take 1) - Bird Names,1,0.6845738039268257,classical_20260919T110356Z,RBF-SVM,baseline,val,0.5196503294173163,1
seg_007272,sample_02523,Norweigian Wood II - Bird Names,1,1.5470038431245774,classical_20260919T110356Z,RBF-SVM,baseline,val,0.5196503294173163,1
seg_007273,sample_02523,Norweigian Wood II - Bird Names,1,1.2296936148435218,classical_20260919T110356Z,RBF-SVM,baseline,val,0.5196503294173163,1
seg_007274,sample_02523,Norweigian Wood II - Bird Names,1,1.4995994480617825,classical_20260919T110356Z,RBF-SVM,baseline,val,0.5196503294173163,1
seg_007275,sample_02524,Norweigian Wood II - Bird Names,1,1.2680704631531459,classical_20260919T110356Z,RBF-SVM,baseline,val,0.5196503294173163,1
seg_007276,sample_02524,Norweigian Wood II - Bird Names,1,0.6509299844291696,classical_20260919T110356Z,RBF-SVM,baseline,val,0.5196503294173163,1
seg_007277,sample_02524,Norweigian Wood II - Bird Names,1,0.26948964236587497,classical_20260919T110356Z,RBF-SVM,baseline,val,0.5196503294173163,0
seg_007296,sample_02531,Roller Star - Monroeville Music Center,1,1.5362665422366624,classical_20260919T110356Z,RBF-SVM,baseline,val,0.5196503294173163,1
seg_007297,sample_02531,Roller Star - Monroeville Music Center,1,1.0298644931095768,classical_20260919T110356Z,RBF-SVM,baseline,val,0.5196503294173163,1
seg_007298,sample_02531,Roller Star - Monroeville Music Center,1,1.5589000078933943,classical_20260919T110356Z,RBF-SVM,baseline,val,0.5196503294173163,1
seg_007299,sample_02532,Roller Star - Monroeville Music Center,1,1.3465204922204008,classical_20260919T110356Z,RBF-SVM,baseline,val,0.5196503294173163,1
seg_007300,sample_02532,Roller Star - Monroeville Music Center,1,1.3133623156817322,classical_20260919T110356Z,RBF-SVM,baseline,val,0.5196503294173163,1
seg_007301,sample_02532,Roller Star - Monroeville Music Center,1,1.7265625213886366,classical_20260919T110356Z,RBF-SVM,baseline,val,0.5196503294173163,1
seg_007302,sample_02533,"Roundtrip - Oh Yeah, the Future",1,0.8762229730857225,classical_20260919T110356Z,RBF-SVM,baseline,val,0.5196503294173163,1
seg_007303,sample_02533,"Roundtrip - Oh Yeah, the Future",1,0.7279980540400844,classical_20260919T110356Z,RBF-SVM,baseline,val,0.5196503294173163,1
seg_007304,sample_02533,"Roundtrip - Oh Yeah, the Future",1,2.2783138037443518,classical_20260919T110356Z,RBF-SVM,baseline,val,0.5196503294173163,1
seg_007305,sample_02534,"Roundtrip - Oh Yeah, the Future",1,0.40934117705622963,classical_20260919T110356Z,RBF-SVM,baseline,val,0.5196503294173163,0
seg_007306,sample_02534,"Roundtrip - Oh Yeah, the Future",1,0.2636015878180674,classical_20260919T110356Z,RBF-SVM,baseline,val,0.5196503294173163,0
seg_007307,sample_02534,"Roundtrip - Oh Yeah, the Future",1,0.31897855032242756,classical_20260919T110356Z,RBF-SVM,baseline,val,0.5196503294173163,0
seg_007320,sample_02539,Soleares&beats - Malaventura,1,1.7588186385046256,classical_20260919T110356Z,RBF-SVM,baseline,val,0.5196503294173163,1
seg_007321,sample_02539,Soleares&beats - Malaventura,1,1.3548835369689534,classical_20260919T110356Z,RBF-SVM,baseline,val,0.5196503294173163,1
seg_007322,sample_02539,Soleares&beats - Malaventura,1,0.5467772835391072,classical_20260919T110356Z,RBF-SVM,baseline,val,0.5196503294173163,1
seg_007323,sample_02540,Soleares&beats - Malaventura,1,0.9296826591710035,classical_20260919T110356Z,RBF-SVM,baseline,val,0.5196503294173163,1
seg_007324,sample_02540,Soleares&beats - Malaventura,1,0.7204710346981555,classical_20260919T110356Z,RBF-SVM,baseline,val,0.5196503294173163,1
seg_007325,sample_02540,Soleares&beats - Malaventura,1,1.8732617685119455,classical_20260919T110356Z,RBF-SVM,baseline,val,0.5196503294173163,1
seg_007338,sample_02545,Stockholm Syndrome / People Should Be More Aware - Bird Names,1,-0.04386098921604076,classical_20260919T110356Z,RBF-SVM,baseline,val,0.5196503294173163,0
seg_007339,sample_02545,Stockholm Syndrome / People Should Be More Aware - Bird Names,1,0.3827029187855617,classical_20260919T110356Z,RBF-SVM,baseline,val,0.5196503294173163,0
seg_007340,sample_02545,Stockholm Syndrome / People Should Be More Aware - Bird Names,1,0.6113523137930109,classical_20260919T110356Z,RBF-SVM,baseline,val,0.5196503294173163,1
seg_007341,sample_02546,Stockholm Syndrome / People Should Be More Aware - Bird Names,1,0.5059863752892718,classical_20260919T110356Z,RBF-SVM,baseline,val,0.5196503294173163,0
seg_007342,sample_02546,Stockholm Syndrome / People Should Be More Aware - Bird Names,1,-0.9829357064542799,classical_20260919T110356Z,RBF-SVM,baseline,val,0.5196503294173163,0
seg_007343,sample_02546,Stockholm Syndrome / People Should Be More Aware - Bird Names,1,-0.6955758604190416,classical_20260919T110356Z,RBF-SVM,baseline,val,0.5196503294173163,0
seg_007380,sample_02559,Time Is Love - Silence is full of birds,1,-0.19289824183316817,classical_20260919T110356Z,RBF-SVM,baseline,val,0.5196503294173163,0
seg_007381,sample_02559,Time Is Love - Silence is full of birds,1,-0.14394603054609012,classical_20260919T110356Z,RBF-SVM,baseline,val,0.5196503294173163,0
seg_007382,sample_02559,Time Is Love - Silence is full of birds,1,1.8256804009797685,classical_20260919T110356Z,RBF-SVM,baseline,val,0.5196503294173163,1
seg_007383,sample_02560,Time Is Love - Silence is full of birds,1,0.8260466976042391,classical_20260919T110356Z,RBF-SVM,baseline,val,0.5196503294173163,1
seg_007384,sample_02560,Time Is Love - Silence is full of birds,1,0.8356616747368415,classical_20260919T110356Z,RBF-SVM,baseline,val,0.5196503294173163,1
seg_007385,sample_02560,Time Is Love - Silence is full of birds,1,1.7163400411549283,classical_20260919T110356Z,RBF-SVM,baseline,val,0.5196503294173163,1
seg_007422,sample_02573,2 (Wasn't There) - Isle of Pine,1,1.4687939068565965,classical_20260919T110356Z,RBF-SVM,baseline,val,0.5196503294173163,1
seg_007423,sample_02573,2 (Wasn't There) - Isle of Pine,1,1.2426789561086284,classical_20260919T110356Z,RBF-SVM,baseline,val,0.5196503294173163,1
seg_007424,sample_02573,2 (Wasn't There) - Isle of Pine,1,1.388562682101345,classical_20260919T110356Z,RBF-SVM,baseline,val,0.5196503294173163,1
seg_007425,sample_02574,2 (Wasn't There) - Isle of Pine,1,0.4958432049877402,classical_20260919T110356Z,RBF-SVM,baseline,val,0.5196503294173163,0
seg_007426,sample_02574,2 (Wasn't There) - Isle of Pine,1,0.15562629494217511,classical_20260919T110356Z,RBF-SVM,baseline,val,0.5196503294173163,0
seg_007427,sample_02574,2 (Wasn't There) - Isle of Pine,1,1.6735457378576377,classical_20260919T110356Z,RBF-SVM,baseline,val,0.5196503294173163,1
seg_007452,sample_02583,Empty Pockets - Pete Prodoehl,1,1.2927076806695827,classical_20260919T110356Z,RBF-SVM,baseline,val,0.5196503294173163,1
seg_007453,sample_02583,Empty Pockets - Pete Prodoehl,1,-0.0837387664037027,classical_20260919T110356Z,RBF-SVM,baseline,val,0.5196503294173163,0
seg_007454,sample_02583,Empty Pockets - Pete Prodoehl,1,1.6545651855768222,classical_20260919T110356Z,RBF-SVM,baseline,val,0.5196503294173163,1
seg_007455,sample_02584,Empty Pockets - Pete Prodoehl,1,0.14666453353769165,classical_20260919T110356Z,RBF-SVM,baseline,val,0.5196503294173163,0
seg_007456,sample_02584,Empty Pockets - Pete Prodoehl,1,-0.2929262099938763,classical_20260919T110356Z,RBF-SVM,baseline,val,0.5196503294173163,0
seg_007457,sample_02584,Empty Pockets - Pete Prodoehl,1,1.2858325693407793,classical_20260919T110356Z,RBF-SVM,baseline,val,0.5196503294173163,1
seg_007470,sample_02589,Gila Monster Flop/Music History Lesson:The Sonics - The Crypts!,1,1.6109627496040124,classical_20260919T110356Z,RBF-SVM,baseline,val,0.5196503294173163,1
seg_007471,sample_02589,Gila Monster Flop/Music History Lesson:The Sonics - The Crypts!,1,-0.030129630200921964,classical_20260919T110356Z,RBF-SVM,baseline,val,0.5196503294173163,0
seg_007472,sample_02589,Gila Monster Flop/Music History Lesson:The Sonics - The Crypts!,1,2.1056379696294956,classical_20260919T110356Z,RBF-SVM,baseline,val,0.5196503294173163,1
seg_007473,sample_02590,Gila Monster Flop/Music History Lesson:The Sonics - The Crypts!,1,0.00653909597682889,classical_20260919T110356Z,RBF-SVM,baseline,val,0.5196503294173163,0
seg_007474,sample_02590,Gila Monster Flop/Music History Lesson:The Sonics - The Crypts!,1,-0.894737294115836,classical_20260919T110356Z,RBF-SVM,baseline,val,0.5196503294173163,0
seg_007475,sample_02590,Gila Monster Flop/Music History Lesson:The Sonics - The Crypts!,1,1.6415841173006902,classical_20260919T110356Z,RBF-SVM,baseline,val,0.5196503294173163,1
seg_007488,sample_02595,I Fell - Mod Fun,1,1.3591397003954206,classical_20260919T110356Z,RBF-SVM,baseline,val,0.5196503294173163,1
seg_007489,sample_02595,I Fell - Mod Fun,1,0.7414415797241064,classical_20260919T110356Z,RBF-SVM,baseline,val,0.5196503294173163,1
seg_007490,sample_02595,I Fell - Mod Fun,1,2.0362192301864424,classical_20260919T110356Z,RBF-SVM,baseline,val,0.5196503294173163,1
seg_007491,sample_02596,I Fell - Mod Fun,1,-0.6631178214600586,classical_20260919T110356Z,RBF-SVM,baseline,val,0.5196503294173163,0
seg_007492,sample_02596,I Fell - Mod Fun,1,-0.6149356996510229,classical_20260919T110356Z,RBF-SVM,baseline,val,0.5196503294173163,0
seg_007493,sample_02596,I Fell - Mod Fun,1,2.421469687139897,classical_20260919T110356Z,RBF-SVM,baseline,val,0.5196503294173163,1
seg_007536,sample_02611,March of the GPA Mechanics - [t]ghost,1,1.5277809329850005,classical_20260919T110356Z,RBF-SVM,baseline,val,0.5196503294173163,1
seg_007537,sample_02611,March of the GPA Mechanics - [t]ghost,1,-0.48900509997195685,classical_20260919T110356Z,RBF-SVM,baseline,val,0.5196503294173163,0
seg_007538,sample_02611,March of the GPA Mechanics - [t]ghost,1,1.6160835903220625,classical_20260919T110356Z,RBF-SVM,baseline,val,0.5196503294173163,1
seg_007539,sample_02612,March of the GPA Mechanics - [t]ghost,1,0.08868948297268453,classical_20260919T110356Z,RBF-SVM,baseline,val,0.5196503294173163,0
seg_007540,sample_02612,March of the GPA Mechanics - [t]ghost,1,0.08383327945042096,classical_20260919T110356Z,RBF-SVM,baseline,val,0.5196503294173163,0
seg_007541,sample_02612,March of the GPA Mechanics - [t]ghost,1,1.5818791379369177,classical_20260919T110356Z,RBF-SVM,baseline,val,0.5196503294173163,1
seg_007596,sample_02631,Scramby Eggs - Andy G. Cohen,1,2.2851686227978467,classical_20260919T110356Z,RBF-SVM,baseline,val,0.5196503294173163,1
seg_007597,sample_02631,Scramby Eggs - Andy G. Cohen,1,-0.08073193158438186,classical_20260919T110356Z,RBF-SVM,baseline,val,0.5196503294173163,0
seg_007598,sample_02631,Scramby Eggs - Andy G. Cohen,1,0.9979359225585178,classical_20260919T110356Z,RBF-SVM,baseline,val,0.5196503294173163,1
seg_007599,sample_02632,Scramby Eggs - Andy G. Cohen,1,-0.0533339313282819,classical_20260919T110356Z,RBF-SVM,baseline,val,0.5196503294173163,0
seg_007600,sample_02632,Scramby Eggs - Andy G. Cohen,1,0.1378579101511091,classical_20260919T110356Z,RBF-SVM,baseline,val,0.5196503294173163,0
seg_007601,sample_02632,Scramby Eggs - Andy G. Cohen,1,1.4736711929681494,classical_20260919T110356Z,RBF-SVM,baseline,val,0.5196503294173163,1
seg_007650,sample_02649,The girl just faded - Los Llamarada,1,1.062901069538085,classical_20260919T110356Z,RBF-SVM,baseline,val,0.5196503294173163,1
seg_007651,sample_02649,The girl just faded - Los Llamarada,1,1.9868661630496633,classical_20260919T110356Z,RBF-SVM,baseline,val,0.5196503294173163,1
seg_007652,sample_02649,The girl just faded - Los Llamarada,1,1.8669314400721144,classical_20260919T110356Z,RBF-SVM,baseline,val,0.5196503294173163,1
seg_007653,sample_02650,The girl just faded - Los Llamarada,1,1.2352225483637567,classical_20260919T110356Z,RBF-SVM,baseline,val,0.5196503294173163,1
seg_007654,sample_02650,The girl just faded - Los Llamarada,1,1.249175545887928,classical_20260919T110356Z,RBF-SVM,baseline,val,0.5196503294173163,1
seg_007655,sample_02650,The girl just faded - Los Llamarada,1,2.3004983586709007,classical_20260919T110356Z,RBF-SVM,baseline,val,0.5196503294173163,1
seg_007668,sample_02655,Voxel - Andy G. Cohen,1,-0.38115135580719217,classical_20260919T110356Z,RBF-SVM,baseline,val,0.5196503294173163,0
seg_007669,sample_02655,Voxel - Andy G. Cohen,1,0.2886393121247456,classical_20260919T110356Z,RBF-SVM,baseline,val,0.5196503294173163,0
seg_007670,sample_02655,Voxel - Andy G. Cohen,1,-0.8378749465114241,classical_20260919T110356Z,RBF-SVM,baseline,val,0.5196503294173163,0
seg_007671,sample_02656,Voxel - Andy G. Cohen,1,1.285791488906843,classical_20260919T110356Z,RBF-SVM,baseline,val,0.5196503294173163,1
seg_007672,sample_02656,Voxel - Andy G. Cohen,1,0.49950282297717713,classical_20260919T110356Z,RBF-SVM,baseline,val,0.5196503294173163,0
seg_007673,sample_02656,Voxel - Andy G. Cohen,1,1.9269674129040766,classical_20260919T110356Z,RBF-SVM,baseline,val,0.5196503294173163,1
seg_007692,sample_02663,Windows of the Skull - Sarin,1,1.6862913069979844,classical_20260919T110356Z,RBF-SVM,baseline,val,0.5196503294173163,1
seg_007693,sample_02663,Windows of the Skull - Sarin,1,0.27164687101935825,classical_20260919T110356Z,RBF-SVM,baseline,val,0.5196503294173163,0
seg_007694,sample_02663,Windows of the Skull - Sarin,1,2.8012630863105517,classical_20260919T110356Z,RBF-SVM,baseline,val,0.5196503294173163,1
seg_007695,sample_02664,Windows of the Skull - Sarin,1,1.29642689116954,classical_20260919T110356Z,RBF-SVM,baseline,val,0.5196503294173163,1
seg_007696,sample_02664,Windows of the Skull - Sarin,1,0.5963048677178939,classical_20260919T110356Z,RBF-SVM,baseline,val,0.5196503294173163,1
seg_007697,sample_02664,Windows of the Skull - Sarin,1,2.710687777810891,classical_20260919T110356Z,RBF-SVM,baseline,val,0.5196503294173163,1
seg_007710,sample_02669,Новый Нью-Йорк 2 - Чокнутый Пропеллер,1,1.2837314061678589,classical_20260919T110356Z,RBF-SVM,baseline,val,0.5196503294173163,1
seg_007711,sample_02669,Новый Нью-Йорк 2 - Чокнутый Пропеллер,1,0.7629225228269608,classical_20260919T110356Z,RBF-SVM,baseline,val,0.5196503294173163,1
seg_007712,sample_02669,Новый Нью-Йорк 2 - Чокнутый Пропеллер,1,0.6842984474860018,classical_20260919T110356Z,RBF-SVM,baseline,val,0.5196503294173163,1
seg_007713,sample_02670,Новый Нью-Йорк 2 - Чокнутый Пропеллер,1,0.2848030126684766,classical_20260919T110356Z,RBF-SVM,baseline,val,0.5196503294173163,0
seg_007714,sample_02670,Новый Нью-Йорк 2 - Чокнутый Пропеллер,1,0.7905267043481367,classical_20260919T110356Z,RBF-SVM,baseline,val,0.5196503294173163,1
seg_007715,sample_02670,Новый Нью-Йорк 2 - Чокнутый Пропеллер,1,1.3453498062835298,classical_20260919T110356Z,RBF-SVM,baseline,val,0.5196503294173163,1
seg_007737,sample_02678,CopperNickle - UncleBibby,1,0.9254630974244754,classical_20260919T110356Z,RBF-SVM,baseline,val,0.5196503294173163,1
seg_007738,sample_02678,CopperNickle - UncleBibby,1,-0.02474896742493493,classical_20260919T110356Z,RBF-SVM,baseline,val,0.5196503294173163,0
seg_007739,sample_02678,CopperNickle - UncleBibby,1,1.831486561304978,classical_20260919T110356Z,RBF-SVM,baseline,val,0.5196503294173163,1
seg_007743,sample_02680,Daylight Savings - My brother Daniel,1,0.6921553886447478,classical_20260919T110356Z,RBF-SVM,baseline,val,0.5196503294173163,1
seg_007744,sample_02680,Daylight Savings - My brother Daniel,1,0.6208419738579266,classical_20260919T110356Z,RBF-SVM,baseline,val,0.5196503294173163,1
seg_007745,sample_02680,Daylight Savings - My brother Daniel,1,1.8209177544135269,classical_20260919T110356Z,RBF-SVM,baseline,val,0.5196503294173163,1
seg_007770,sample_02689,mystery team 2090 - Jesse Futerman,1,0.27478382529746975,classical_20260919T110356Z,RBF-SVM,baseline,val,0.5196503294173163,0
seg_007771,sample_02689,mystery team 2090 - Jesse Futerman,1,0.20621916856670192,classical_20260919T110356Z,RBF-SVM,baseline,val,0.5196503294173163,0
seg_007772,sample_02689,mystery team 2090 - Jesse Futerman,1,1.5907673143440901,classical_20260919T110356Z,RBF-SVM,baseline,val,0.5196503294173163,1
seg_007773,sample_02690,Night Drive - Decktonic,1,0.45873806192947564,classical_20260919T110356Z,RBF-SVM,baseline,val,0.5196503294173163,0
seg_007774,sample_02690,Night Drive - Decktonic,1,1.008775831412673,classical_20260919T110356Z,RBF-SVM,baseline,val,0.5196503294173163,1
seg_007775,sample_02690,Night Drive - Decktonic,1,1.1038800028043678,classical_20260919T110356Z,RBF-SVM,baseline,val,0.5196503294173163,1
seg_007854,sample_02717,Agora - Malaventura,1,2.4753015964893823,classical_20260919T110356Z,RBF-SVM,baseline,val,0.5196503294173163,1
seg_007855,sample_02717,Agora - Malaventura,1,0.8400153116489902,classical_20260919T110356Z,RBF-SVM,baseline,val,0.5196503294173163,1
seg_007856,sample_02717,Agora - Malaventura,1,1.6573551766963877,classical_20260919T110356Z,RBF-SVM,baseline,val,0.5196503294173163,1
seg_007878,sample_02725,Evil Cannot Create - Caleb Lemond,1,1.6498908991257453,classical_20260919T110356Z,RBF-SVM,baseline,val,0.5196503294173163,1
seg_007879,sample_02725,Evil Cannot Create - Caleb Lemond,1,-0.630132238483091,classical_20260919T110356Z,RBF-SVM,baseline,val,0.5196503294173163,0
seg_007880,sample_02725,Evil Cannot Create - Caleb Lemond,1,1.2249306207237352,classical_20260919T110356Z,RBF-SVM,baseline,val,0.5196503294173163,1
seg_007932,sample_02743,My Body Is A Weapon (Compromise Edit) - Silence is full of birds,1,1.2721467276379592,classical_20260919T110356Z,RBF-SVM,baseline,val,0.5196503294173163,1
seg_007933,sample_02743,My Body Is A Weapon (Compromise Edit) - Silence is full of birds,1,0.8422413895622015,classical_20260919T110356Z,RBF-SVM,baseline,val,0.5196503294173163,1
seg_007934,sample_02743,My Body Is A Weapon (Compromise Edit) - Silence is full of birds,1,1.5959302574713765,classical_20260919T110356Z,RBF-SVM,baseline,val,0.5196503294173163,1
seg_007938,sample_02745,New Life (take 1) - Bird Names,1,0.41235738995369575,classical_20260919T110356Z,RBF-SVM,baseline,val,0.5196503294173163,0
seg_007939,sample_02745,New Life (take 1) - Bird Names,1,0.4365687984361636,classical_20260919T110356Z,RBF-SVM,baseline,val,0.5196503294173163,0
seg_007940,sample_02745,New Life (take 1) - Bird Names,1,2.0794524129063348,classical_20260919T110356Z,RBF-SVM,baseline,val,0.5196503294173163,1
seg_007941,sample_02746,Norweigian Wood II - Bird Names,1,0.9172032695850718,classical_20260919T110356Z,RBF-SVM,baseline,val,0.5196503294173163,1
seg_007942,sample_02746,Norweigian Wood II - Bird Names,1,0.5347971584706211,classical_20260919T110356Z,RBF-SVM,baseline,val,0.5196503294173163,1
seg_007943,sample_02746,Norweigian Wood II - Bird Names,1,2.226444126218201,classical_20260919T110356Z,RBF-SVM,baseline,val,0.5196503294173163,1
seg_007965,sample_02754,Roller Star - Monroeville Music Center,1,1.1058114023756063,classical_20260919T110356Z,RBF-SVM,baseline,val,0.5196503294173163,1
seg_007966,sample_02754,Roller Star - Monroeville Music Center,1,0.44856755919459057,classical_20260919T110356Z,RBF-SVM,baseline,val,0.5196503294173163,0
seg_007967,sample_02754,Roller Star - Monroeville Music Center,1,1.907910371866639,classical_20260919T110356Z,RBF-SVM,baseline,val,0.5196503294173163,1
seg_007977,sample_02758,Soleares&beats - Malaventura,1,0.28795236873534863,classical_20260919T110356Z,RBF-SVM,baseline,val,0.5196503294173163,0
seg_007978,sample_02758,Soleares&beats - Malaventura,1,0.8290590032465042,classical_20260919T110356Z,RBF-SVM,baseline,val,0.5196503294173163,1
seg_007979,sample_02758,Soleares&beats - Malaventura,1,1.6577071046584986,classical_20260919T110356Z,RBF-SVM,baseline,val,0.5196503294173163,1
seg_007989,sample_02762,Stockholm Syndrome / People Should Be More Aware - Bird Names,1,0.8667322737052934,classical_20260919T110356Z,RBF-SVM,baseline,val,0.5196503294173163,1
seg_007990,sample_02762,Stockholm Syndrome / People Should Be More Aware - Bird Names,1,0.6572469199313569,classical_20260919T110356Z,RBF-SVM,baseline,val,0.5196503294173163,1
seg_007991,sample_02762,Stockholm Syndrome / People Should Be More Aware - Bird Names,1,2.925186182757136,classical_20260919T110356Z,RBF-SVM,baseline,val,0.5196503294173163,1
seg_008019,sample_02772,Time Is Love - Silence is full of birds,1,0.8438164009207083,classical_20260919T110356Z,RBF-SVM,baseline,val,0.5196503294173163,1
seg_008020,sample_02772,Time Is Love - Silence is full of birds,1,0.3013258464309123,classical_20260919T110356Z,RBF-SVM,baseline,val,0.5196503294173163,0
seg_008021,sample_02772,Time Is Love - Silence is full of birds,1,1.7350808220981264,classical_20260919T110356Z,RBF-SVM,baseline,val,0.5196503294173163,1
seg_008043,sample_02780,2 (Wasn't There) - Isle of Pine,1,0.838300107040044,classical_20260919T110356Z,RBF-SVM,baseline,val,0.5196503294173163,1
seg_008044,sample_02780,2 (Wasn't There) - Isle of Pine,1,1.0450346790562122,classical_20260919T110356Z,RBF-SVM,baseline,val,0.5196503294173163,1
seg_008045,sample_02780,2 (Wasn't There) - Isle of Pine,1,2.075189543221506,classical_20260919T110356Z,RBF-SVM,baseline,val,0.5196503294173163,1
seg_008073,sample_02790,Beyond Luxury - Mors Ontologica,1,2.0744900806364015,classical_20260919T110356Z,RBF-SVM,baseline,val,0.5196503294173163,1
seg_008074,sample_02790,Beyond Luxury - Mors Ontologica,1,1.3991403448588562,classical_20260919T110356Z,RBF-SVM,baseline,val,0.5196503294173163,1
seg_008075,sample_02790,Beyond Luxury - Mors Ontologica,1,2.256019957029429,classical_20260919T110356Z,RBF-SVM,baseline,val,0.5196503294173163,1
seg_008106,sample_02801,Empty Pockets - Pete Prodoehl,1,1.5232795911041919,classical_20260919T110356Z,RBF-SVM,baseline,val,0.5196503294173163,1
seg_008107,sample_02801,Empty Pockets - Pete Prodoehl,1,1.0661025825503032,classical_20260919T110356Z,RBF-SVM,baseline,val,0.5196503294173163,1
seg_008108,sample_02801,Empty Pockets - Pete Prodoehl,1,1.0002167353030111,classical_20260919T110356Z,RBF-SVM,baseline,val,0.5196503294173163,1
seg_008121,sample_02806,Gila Monster Flop/Music History Lesson:The Sonics - The Crypts!,1,1.414384236259779,classical_20260919T110356Z,RBF-SVM,baseline,val,0.5196503294173163,1
seg_008122,sample_02806,Gila Monster Flop/Music History Lesson:The Sonics - The Crypts!,1,-0.396621342570308,classical_20260919T110356Z,RBF-SVM,baseline,val,0.5196503294173163,0
seg_008123,sample_02806,Gila Monster Flop/Music History Lesson:The Sonics - The Crypts!,1,2.2104619244411503,classical_20260919T110356Z,RBF-SVM,baseline,val,0.5196503294173163,1
seg_008166,sample_02821,Lights Up - Pipe Choir,1,1.4933054786911861,classical_20260919T110356Z,RBF-SVM,baseline,val,0.5196503294173163,1
seg_008167,sample_02821,Lights Up - Pipe Choir,1,0.09804921785463772,classical_20260919T110356Z,RBF-SVM,baseline,val,0.5196503294173163,0
seg_008168,sample_02821,Lights Up - Pipe Choir,1,1.5237470983737285,classical_20260919T110356Z,RBF-SVM,baseline,val,0.5196503294173163,1
seg_008178,sample_02825,March of the GPA Mechanics - [t]ghost,1,2.3783976978190813,classical_20260919T110356Z,RBF-SVM,baseline,val,0.5196503294173163,1
seg_008179,sample_02825,March of the GPA Mechanics - [t]ghost,1,0.2027345477686558,classical_20260919T110356Z,RBF-SVM,baseline,val,0.5196503294173163,0
seg_008180,sample_02825,March of the GPA Mechanics - [t]ghost,1,1.0557713555244994,classical_20260919T110356Z,RBF-SVM,baseline,val,0.5196503294173163,1
seg_008205,sample_02834,Redlight - Room For A Ghost,1,0.8760871862009763,classical_20260919T110356Z,RBF-SVM,baseline,val,0.5196503294173163,1
seg_008206,sample_02834,Redlight - Room For A Ghost,1,0.0033665466014816126,classical_20260919T110356Z,RBF-SVM,baseline,val,0.5196503294173163,0
seg_008207,sample_02834,Redlight - Room For A Ghost,1,1.7375806380830956,classical_20260919T110356Z,RBF-SVM,baseline,val,0.5196503294173163,1
seg_008217,sample_02838,Scramby Eggs - Andy G. Cohen,1,0.22269654104403874,classical_20260919T110356Z,RBF-SVM,baseline,val,0.5196503294173163,0
seg_008218,sample_02838,Scramby Eggs - Andy G. Cohen,1,0.736274405101792,classical_20260919T110356Z,RBF-SVM,baseline,val,0.5196503294173163,1
seg_008219,sample_02838,Scramby Eggs - Andy G. Cohen,1,1.7678455922772682,classical_20260919T110356Z,RBF-SVM,baseline,val,0.5196503294173163,1
seg_008226,sample_02841,Shipwrecked Crew - Pete Prodoehl,1,1.887192929351053,classical_20260919T110356Z,RBF-SVM,baseline,val,0.5196503294173163,1
seg_008227,sample_02841,Shipwrecked Crew - Pete Prodoehl,1,1.6594024822431597,classical_20260919T110356Z,RBF-SVM,baseline,val,0.5196503294173163,1
seg_008228,sample_02841,Shipwrecked Crew - Pete Prodoehl,1,2.0582960208894634,classical_20260919T110356Z,RBF-SVM,baseline,val,0.5196503294173163,1
seg_008244,sample_02847,В Наших Сердцах - Чокнутый Пропеллер,1,0.6462710763627906,classical_20260919T110356Z,RBF-SVM,baseline,val,0.5196503294173163,1
seg_008245,sample_02847,В Наших Сердцах - Чокнутый Пропеллер,1,-0.4416077822137867,classical_20260919T110356Z,RBF-SVM,baseline,val,0.5196503294173163,0
seg_008246,sample_02847,В Наших Сердцах - Чокнутый Пропеллер,1,2.389875814115893,classical_20260919T110356Z,RBF-SVM,baseline,val,0.5196503294173163,1
seg_008253,sample_02850,The girl just faded - Los Llamarada,1,0.6769824815366715,classical_20260919T110356Z,RBF-SVM,baseline,val,0.5196503294173163,1
seg_008254,sample_02850,The girl just faded - Los Llamarada,1,1.2152067466510137,classical_20260919T110356Z,RBF-SVM,baseline,val,0.5196503294173163,1
seg_008255,sample_02850,The girl just faded - Los Llamarada,1,2.3574892308958995,classical_20260919T110356Z,RBF-SVM,baseline,val,0.5196503294173163,1
seg_008265,sample_02854,Voxel - Andy G. Cohen,1,0.6891694694644313,classical_20260919T110356Z,RBF-SVM,baseline,val,0.5196503294173163,1
seg_008266,sample_02854,Voxel - Andy G. Cohen,1,0.2425778437295617,classical_20260919T110356Z,RBF-SVM,baseline,val,0.5196503294173163,0
seg_008267,sample_02854,Voxel - Andy G. Cohen,1,1.5945638793695105,classical_20260919T110356Z,RBF-SVM,baseline,val,0.5196503294173163,1
seg_008289,sample_02862,В Наших Сердцах - Чокнутый Пропеллер,1,0.6428822057990924,classical_20260919T110356Z,RBF-SVM,baseline,val,0.5196503294173163,1
seg_008290,sample_02862,В Наших Сердцах - Чокнутый Пропеллер,1,0.665658803688393,classical_20260919T110356Z,RBF-SVM,baseline,val,0.5196503294173163,1
seg_008291,sample_02862,В Наших Сердцах - Чокнутый Пропеллер,1,2.626940777538647,classical_20260919T110356Z,RBF-SVM,baseline,val,0.5196503294173163,1
seg_008295,sample_02864,В Наших Сердцах - Чокнутый Пропеллер,1,1.0093554253751043,classical_20260919T110356Z,RBF-SVM,baseline,val,0.5196503294173163,1
seg_008296,sample_02864,В Наших Сердцах - Чокнутый Пропеллер,1,-0.1817843312323303,classical_20260919T110356Z,RBF-SVM,baseline,val,0.5196503294173163,0
seg_008297,sample_02864,В Наших Сердцах - Чокнутый Пропеллер,1,2.1867154403940647,classical_20260919T110356Z,RBF-SVM,baseline,val,0.5196503294173163,1
seg_008304,sample_02867,2 (Wasn't There) - Isle of Pine,1,1.3849893041564822,classical_20260919T110356Z,RBF-SVM,baseline,val,0.5196503294173163,1
seg_008305,sample_02867,2 (Wasn't There) - Isle of Pine,1,-1.040607781621179,classical_20260919T110356Z,RBF-SVM,baseline,val,0.5196503294173163,0
seg_008306,sample_02867,2 (Wasn't There) - Isle of Pine,1,1.767923279782394,classical_20260919T110356Z,RBF-SVM,baseline,val,0.5196503294173163,1
seg_008307,sample_02868,2 (Wasn't There) - Isle of Pine,1,1.5110013179652468,classical_20260919T110356Z,RBF-SVM,baseline,val,0.5196503294173163,1
seg_008308,sample_02868,2 (Wasn't There) - Isle of Pine,1,0.23716924934757938,classical_20260919T110356Z,RBF-SVM,baseline,val,0.5196503294173163,0
seg_008309,sample_02868,2 (Wasn't There) - Isle of Pine,1,1.9761819503195117,classical_20260919T110356Z,RBF-SVM,baseline,val,0.5196503294173163,1
seg_008400,sample_02899,CopperNickle - UncleBibby,1,0.6961217944041713,classical_20260919T110356Z,RBF-SVM,baseline,val,0.5196503294173163,1
seg_008401,sample_02899,CopperNickle - UncleBibby,1,-0.1314377648706394,classical_20260919T110356Z,RBF-SVM,baseline,val,0.5196503294173163,0
seg_008402,sample_02899,CopperNickle - UncleBibby,1,1.8860796861119629,classical_20260919T110356Z,RBF-SVM,baseline,val,0.5196503294173163,1
seg_008403,sample_02900,CopperNickle - UncleBibby,1,0.7336703846271408,classical_20260919T110356Z,RBF-SVM,baseline,val,0.5196503294173163,1
seg_008404,sample_02900,CopperNickle - UncleBibby,1,0.15439874171038542,classical_20260919T110356Z,RBF-SVM,baseline,val,0.5196503294173163,0
seg_008405,sample_02900,CopperNickle - UncleBibby,1,2.2277607207953958,classical_20260919T110356Z,RBF-SVM,baseline,val,0.5196503294173163,1
seg_008418,sample_02905,Daylight Savings - My brother Daniel,1,0.7375510130412186,classical_20260919T110356Z,RBF-SVM,baseline,val,0.5196503294173163,1
seg_008419,sample_02905,Daylight Savings - My brother Daniel,1,0.2892487072787111,classical_20260919T110356Z,RBF-SVM,baseline,val,0.5196503294173163,0
seg_008420,sample_02905,Daylight Savings - My brother Daniel,1,1.5882703774765963,classical_20260919T110356Z,RBF-SVM,baseline,val,0.5196503294173163,1
seg_008421,sample_02906,Daylight Savings - My brother Daniel,1,0.6317086643159977,classical_20260919T110356Z,RBF-SVM,baseline,val,0.5196503294173163,1
seg_008422,sample_02906,Daylight Savings - My brother Daniel,1,0.48708294118762685,classical_20260919T110356Z,RBF-SVM,baseline,val,0.5196503294173163,0
seg_008423,sample_02906,Daylight Savings - My brother Daniel,1,1.83304303292187,classical_20260919T110356Z,RBF-SVM,baseline,val,0.5196503294173163,1
seg_008448,sample_02915,Empty Pockets - Pete Prodoehl,1,2.6339286703531077,classical_20260919T110356Z,RBF-SVM,baseline,val,0.5196503294173163,1
seg_008449,sample_02915,Empty Pockets - Pete Prodoehl,1,1.1101071824259514,classical_20260919T110356Z,RBF-SVM,baseline,val,0.5196503294173163,1
seg_008450,sample_02915,Empty Pockets - Pete Prodoehl,1,1.4438152680812895,classical_20260919T110356Z,RBF-SVM,baseline,val,0.5196503294173163,1
seg_008451,sample_02916,Empty Pockets - Pete Prodoehl,1,1.614241646484437,classical_20260919T110356Z,RBF-SVM,baseline,val,0.5196503294173163,1
seg_008452,sample_02916,Empty Pockets - Pete Prodoehl,1,0.2706956654538989,classical_20260919T110356Z,RBF-SVM,baseline,val,0.5196503294173163,0
seg_008453,sample_02916,Empty Pockets - Pete Prodoehl,1,1.8419128357012038,classical_20260919T110356Z,RBF-SVM,baseline,val,0.5196503294173163,1
seg_008460,sample_02919,Evil Cannot Create - Caleb Lemond,1,0.8605320356007028,classical_20260919T110356Z,RBF-SVM,baseline,val,0.5196503294173163,1
seg_008461,sample_02919,Evil Cannot Create - Caleb Lemond,1,0.6749551105593187,classical_20260919T110356Z,RBF-SVM,baseline,val,0.5196503294173163,1
seg_008462,sample_02919,Evil Cannot Create - Caleb Lemond,1,2.2513458946289333,classical_20260919T110356Z,RBF-SVM,baseline,val,0.5196503294173163,1
seg_008463,sample_02920,Evil Cannot Create - Caleb Lemond,1,0.8676377437122255,classical_20260919T110356Z,RBF-SVM,baseline,val,0.5196503294173163,1
seg_008464,sample_02920,Evil Cannot Create - Caleb Lemond,1,0.5320975024175734,classical_20260919T110356Z,RBF-SVM,baseline,val,0.5196503294173163,1
seg_008465,sample_02920,Evil Cannot Create - Caleb Lemond,1,1.4252235903185282,classical_20260919T110356Z,RBF-SVM,baseline,val,0.5196503294173163,1
seg_008502,sample_02933,Gila Monster Flop/Music History Lesson:The Sonics - The Crypts!,1,-0.34683246015777924,classical_20260919T110356Z,RBF-SVM,baseline,val,0.5196503294173163,0
seg_008503,sample_02933,Gila Monster Flop/Music History Lesson:The Sonics - The Crypts!,1,-0.11185406387306673,classical_20260919T110356Z,RBF-SVM,baseline,val,0.5196503294173163,0
seg_008504,sample_02933,Gila Monster Flop/Music History Lesson:The Sonics - The Crypts!,1,0.727636392372413,classical_20260919T110356Z,RBF-SVM,baseline,val,0.5196503294173163,1
seg_008505,sample_02934,Gila Monster Flop/Music History Lesson:The Sonics - The Crypts!,1,-0.2103052202036858,classical_20260919T110356Z,RBF-SVM,baseline,val,0.5196503294173163,0
seg_008506,sample_02934,Gila Monster Flop/Music History Lesson:The Sonics - The Crypts!,1,-0.6182407374135015,classical_20260919T110356Z,RBF-SVM,baseline,val,0.5196503294173163,0
seg_008507,sample_02934,Gila Monster Flop/Music History Lesson:The Sonics - The Crypts!,1,0.1723915492467718,classical_20260919T110356Z,RBF-SVM,baseline,val,0.5196503294173163,0
seg_008538,sample_02945,I Fell - Mod Fun,1,0.7174503281972285,classical_20260919T110356Z,RBF-SVM,baseline,val,0.5196503294173163,1
seg_008539,sample_02945,I Fell - Mod Fun,1,-0.33683346142419457,classical_20260919T110356Z,RBF-SVM,baseline,val,0.5196503294173163,0
seg_008540,sample_02945,I Fell - Mod Fun,1,2.231108748414393,classical_20260919T110356Z,RBF-SVM,baseline,val,0.5196503294173163,1
seg_008541,sample_02946,I Fell - Mod Fun,1,0.12890897802501666,classical_20260919T110356Z,RBF-SVM,baseline,val,0.5196503294173163,0
seg_008542,sample_02946,I Fell - Mod Fun,1,0.1061909218824334,classical_20260919T110356Z,RBF-SVM,baseline,val,0.5196503294173163,0
seg_008543,sample_02946,I Fell - Mod Fun,1,2.1390788712318605,classical_20260919T110356Z,RBF-SVM,baseline,val,0.5196503294173163,1
seg_008652,sample_02983,March of the GPA Mechanics - [t]ghost,1,-0.3408064340418866,classical_20260919T110356Z,RBF-SVM,baseline,val,0.5196503294173163,0
seg_008653,sample_02983,March of the GPA Mechanics - [t]ghost,1,0.8478980311352264,classical_20260919T110356Z,RBF-SVM,baseline,val,0.5196503294173163,1
seg_008654,sample_02983,March of the GPA Mechanics - [t]ghost,1,1.8789585706151872,classical_20260919T110356Z,RBF-SVM,baseline,val,0.5196503294173163,1
seg_008655,sample_02984,March of the GPA Mechanics - [t]ghost,1,-0.24678899619103234,classical_20260919T110356Z,RBF-SVM,baseline,val,0.5196503294173163,0
seg_008656,sample_02984,March of the GPA Mechanics - [t]ghost,1,0.10149723071821792,classical_20260919T110356Z,RBF-SVM,baseline,val,0.5196503294173163,0
seg_008657,sample_02984,March of the GPA Mechanics - [t]ghost,1,2.7135855998019065,classical_20260919T110356Z,RBF-SVM,baseline,val,0.5196503294173163,1
seg_008700,sample_02999,New Life (take 1) - Bird Names,1,0.6350256913634216,classical_20260919T110356Z,RBF-SVM,baseline,val,0.5196503294173163,1
seg_008701,sample_02999,New Life (take 1) - Bird Names,1,0.5606877723823446,classical_20260919T110356Z,RBF-SVM,baseline,val,0.5196503294173163,1
seg_008702,sample_02999,New Life (take 1) - Bird Names,1,1.9442034001134147,classical_20260919T110356Z,RBF-SVM,baseline,val,0.5196503294173163,1
seg_008703,sample_03000,New Life (take 1) - Bird Names,1,1.1371533225687829,classical_20260919T110356Z,RBF-SVM,baseline,val,0.5196503294173163,1
seg_008704,sample_03000,New Life (take 1) - Bird Names,1,0.8269816637204228,classical_20260919T110356Z,RBF-SVM,baseline,val,0.5196503294173163,1
seg_008705,sample_03000,New Life (take 1) - Bird Names,1,0.9279307829149648,classical_20260919T110356Z,RBF-SVM,baseline,val,0.5196503294173163,1
seg_008706,sample_03001,Night Drive - Decktonic,1,0.49359066276660307,classical_20260919T110356Z,RBF-SVM,baseline,val,0.5196503294173163,0
seg_008707,sample_03001,Night Drive - Decktonic,1,0.7011492116949523,classical_20260919T110356Z,RBF-SVM,baseline,val,0.5196503294173163,1
seg_008708,sample_03001,Night Drive - Decktonic,1,1.08745552775967,classical_20260919T110356Z,RBF-SVM,baseline,val,0.5196503294173163,1
seg_008709,sample_03002,Night Drive - Decktonic,1,0.8686242337057382,classical_20260919T110356Z,RBF-SVM,baseline,val,0.5196503294173163,1
seg_008710,sample_03002,Night Drive - Decktonic,1,0.6387660032252792,classical_20260919T110356Z,RBF-SVM,baseline,val,0.5196503294173163,1
seg_008711,sample_03002,Night Drive - Decktonic,1,1.4029464596660042,classical_20260919T110356Z,RBF-SVM,baseline,val,0.5196503294173163,1
seg_008724,sample_03007,Norweigian Wood II - Bird Names,1,0.2753917697004635,classical_20260919T110356Z,RBF-SVM,baseline,val,0.5196503294173163,0
seg_008725,sample_03007,Norweigian Wood II - Bird Names,1,0.1067643298668779,classical_20260919T110356Z,RBF-SVM,baseline,val,0.5196503294173163,0
seg_008726,sample_03007,Norweigian Wood II - Bird Names,1,2.0018966001815075,classical_20260919T110356Z,RBF-SVM,baseline,val,0.5196503294173163,1
seg_008727,sample_03008,Norweigian Wood II - Bird Names,1,0.5352626582535175,classical_20260919T110356Z,RBF-SVM,baseline,val,0.5196503294173163,1
seg_008728,sample_03008,Norweigian Wood II - Bird Names,1,1.2746077252875505,classical_20260919T110356Z,RBF-SVM,baseline,val,0.5196503294173163,1
seg_008729,sample_03008,Norweigian Wood II - Bird Names,1,1.872801226280053,classical_20260919T110356Z,RBF-SVM,baseline,val,0.5196503294173163,1
seg_008736,sample_03011,Nuo Maisemat - Paavoharju,1,1.1429357322490354,classical_20260919T110356Z,RBF-SVM,baseline,val,0.5196503294173163,1
seg_008737,sample_03011,Nuo Maisemat - Paavoharju,1,0.11626627870197159,classical_20260919T110356Z,RBF-SVM,baseline,val,0.5196503294173163,0
seg_008738,sample_03011,Nuo Maisemat - Paavoharju,1,1.802861941413554,classical_20260919T110356Z,RBF-SVM,baseline,val,0.5196503294173163,1
seg_008739,sample_03012,Nuo Maisemat - Paavoharju,1,1.6292727735714645,classical_20260919T110356Z,RBF-SVM,baseline,val,0.5196503294173163,1
seg_008740,sample_03012,Nuo Maisemat - Paavoharju,1,1.0001770731309807,classical_20260919T110356Z,RBF-SVM,baseline,val,0.5196503294173163,1
seg_008741,sample_03012,Nuo Maisemat - Paavoharju,1,1.0583545131772147,classical_20260919T110356Z,RBF-SVM,baseline,val,0.5196503294173163,1
seg_008844,sample_03047,Roller Star - Monroeville Music Center,1,0.11935677910386633,classical_20260919T110356Z,RBF-SVM,baseline,val,0.5196503294173163,0
seg_008845,sample_03047,Roller Star - Monroeville Music Center,1,0.2805208105917302,classical_20260919T110356Z,RBF-SVM,baseline,val,0.5196503294173163,0
seg_008846,sample_03047,Roller Star - Monroeville Music Center,1,1.6911810279813702,classical_20260919T110356Z,RBF-SVM,baseline,val,0.5196503294173163,1
seg_008847,sample_03048,Roller Star - Monroeville Music Center,1,0.7239251695717163,classical_20260919T110356Z,RBF-SVM,baseline,val,0.5196503294173163,1
seg_008848,sample_03048,Roller Star - Monroeville Music Center,1,-0.019130850720401438,classical_20260919T110356Z,RBF-SVM,baseline,val,0.5196503294173163,0
seg_008849,sample_03048,Roller Star - Monroeville Music Center,1,1.961130917418983,classical_20260919T110356Z,RBF-SVM,baseline,val,0.5196503294173163,1
seg_008850,sample_03049,"Roundtrip - Oh Yeah, the Future",1,0.8058011819450701,classical_20260919T110356Z,RBF-SVM,baseline,val,0.5196503294173163,1
seg_008851,sample_03049,"Roundtrip - Oh Yeah, the Future",1,0.40785631288916546,classical_20260919T110356Z,RBF-SVM,baseline,val,0.5196503294173163,0
seg_008852,sample_03049,"Roundtrip - Oh Yeah, the Future",1,2.492000687862263,classical_20260919T110356Z,RBF-SVM,baseline,val,0.5196503294173163,1
seg_008853,sample_03050,"Roundtrip - Oh Yeah, the Future",1,1.0053745509655432,classical_20260919T110356Z,RBF-SVM,baseline,val,0.5196503294173163,1
seg_008854,sample_03050,"Roundtrip - Oh Yeah, the Future",1,0.042133234639687545,classical_20260919T110356Z,RBF-SVM,baseline,val,0.5196503294173163,0
seg_008855,sample_03050,"Roundtrip - Oh Yeah, the Future",1,1.8794859137578541,classical_20260919T110356Z,RBF-SVM,baseline,val,0.5196503294173163,1
seg_008862,sample_03053,SD (Ill Mix) - H-LR,1,-0.2988386710243337,classical_20260919T110356Z,RBF-SVM,baseline,val,0.5196503294173163,0
seg_008863,sample_03053,SD (Ill Mix) - H-LR,1,-0.10770619379946433,classical_20260919T110356Z,RBF-SVM,baseline,val,0.5196503294173163,0
seg_008864,sample_03053,SD (Ill Mix) - H-LR,1,1.9383705554535966,classical_20260919T110356Z,RBF-SVM,baseline,val,0.5196503294173163,1
seg_008865,sample_03054,SD (Ill Mix) - H-LR,1,1.9499757926298407,classical_20260919T110356Z,RBF-SVM,baseline,val,0.5196503294173163,1
seg_008866,sample_03054,SD (Ill Mix) - H-LR,1,0.7206235718472853,classical_20260919T110356Z,RBF-SVM,baseline,val,0.5196503294173163,1
seg_008867,sample_03054,SD (Ill Mix) - H-LR,1,1.4636631386101642,classical_20260919T110356Z,RBF-SVM,baseline,val,0.5196503294173163,1
seg_008868,sample_03055,Scramby Eggs - Andy G. Cohen,1,1.0672770376745675,classical_20260919T110356Z,RBF-SVM,baseline,val,0.5196503294173163,1
seg_008869,sample_03055,Scramby Eggs - Andy G. Cohen,1,0.022113984298218203,classical_20260919T110356Z,RBF-SVM,baseline,val,0.5196503294173163,0
seg_008870,sample_03055,Scramby Eggs - Andy G. Cohen,1,1.1203031592528203,classical_20260919T110356Z,RBF-SVM,baseline,val,0.5196503294173163,1
seg_008871,sample_03056,Scramby Eggs - Andy G. Cohen,1,0.5971016041450702,classical_20260919T110356Z,RBF-SVM,baseline,val,0.5196503294173163,1
seg_008872,sample_03056,Scramby Eggs - Andy G. Cohen,1,0.2119503857604736,classical_20260919T110356Z,RBF-SVM,baseline,val,0.5196503294173163,0
seg_008873,sample_03056,Scramby Eggs - Andy G. Cohen,1,0.37188513235554943,classical_20260919T110356Z,RBF-SVM,baseline,val,0.5196503294173163,0
seg_008910,sample_03069,Soleares&beats - Malaventura,1,1.0995612716494596,classical_20260919T110356Z,RBF-SVM,baseline,val,0.5196503294173163,1
seg_008911,sample_03069,Soleares&beats - Malaventura,1,0.5414653045135069,classical_20260919T110356Z,RBF-SVM,baseline,val,0.5196503294173163,1
seg_008912,sample_03069,Soleares&beats - Malaventura,1,2.3417884819510535,classical_20260919T110356Z,RBF-SVM,baseline,val,0.5196503294173163,1
seg_008913,sample_03070,Soleares&beats - Malaventura,1,1.5331288477931593,classical_20260919T110356Z,RBF-SVM,baseline,val,0.5196503294173163,1
seg_008914,sample_03070,Soleares&beats - Malaventura,1,0.6944858066847113,classical_20260919T110356Z,RBF-SVM,baseline,val,0.5196503294173163,1
seg_008915,sample_03070,Soleares&beats - Malaventura,1,1.680623284995985,classical_20260919T110356Z,RBF-SVM,baseline,val,0.5196503294173163,1
seg_008934,sample_03077,Stockholm Syndrome / People Should Be More Aware - Bird Names,1,0.7096807919889485,classical_20260919T110356Z,RBF-SVM,baseline,val,0.5196503294173163,1
seg_008935,sample_03077,Stockholm Syndrome / People Should Be More Aware - Bird Names,1,1.3655530317856763,classical_20260919T110356Z,RBF-SVM,baseline,val,0.5196503294173163,1
seg_008936,sample_03077,Stockholm Syndrome / People Should Be More Aware - Bird Names,1,2.209407660239474,classical_20260919T110356Z,RBF-SVM,baseline,val,0.5196503294173163,1
seg_008937,sample_03078,Stockholm Syndrome / People Should Be More Aware - Bird Names,1,-0.1418982174082679,classical_20260919T110356Z,RBF-SVM,baseline,val,0.5196503294173163,0
seg_008938,sample_03078,Stockholm Syndrome / People Should Be More Aware - Bird Names,1,0.20937042971851122,classical_20260919T110356Z,RBF-SVM,baseline,val,0.5196503294173163,0
seg_008939,sample_03078,Stockholm Syndrome / People Should Be More Aware - Bird Names,1,0.9108839515450021,classical_20260919T110356Z,RBF-SVM,baseline,val,0.5196503294173163,1
seg_009030,sample_03109,The girl just faded - Los Llamarada,1,0.8229611829807926,classical_20260919T110356Z,RBF-SVM,baseline,val,0.5196503294173163,1
seg_009031,sample_03109,The girl just faded - Los Llamarada,1,-0.11848737315708247,classical_20260919T110356Z,RBF-SVM,baseline,val,0.5196503294173163,0
seg_009032,sample_03109,The girl just faded - Los Llamarada,1,0.7357411320765318,classical_20260919T110356Z,RBF-SVM,baseline,val,0.5196503294173163,1
seg_009033,sample_03110,The girl just faded - Los Llamarada,1,0.500360792795519,classical_20260919T110356Z,RBF-SVM,baseline,val,0.5196503294173163,0
seg_009034,sample_03110,The girl just faded - Los Llamarada,1,0.0332863941805448,classical_20260919T110356Z,RBF-SVM,baseline,val,0.5196503294173163,0
seg_009035,sample_03110,The girl just faded - Los Llamarada,1,1.4877375731459292,classical_20260919T110356Z,RBF-SVM,baseline,val,0.5196503294173163,1
seg_009042,sample_03113,Time Is Love - Silence is full of birds,1,0.6558872854906944,classical_20260919T110356Z,RBF-SVM,baseline,val,0.5196503294173163,1
seg_009043,sample_03113,Time Is Love - Silence is full of birds,1,0.5550967803055343,classical_20260919T110356Z,RBF-SVM,baseline,val,0.5196503294173163,1
seg_009044,sample_03113,Time Is Love - Silence is full of birds,1,1.616645385646122,classical_20260919T110356Z,RBF-SVM,baseline,val,0.5196503294173163,1
seg_009045,sample_03114,Time Is Love - Silence is full of birds,1,0.8804714412213244,classical_20260919T110356Z,RBF-SVM,baseline,val,0.5196503294173163,1
seg_009046,sample_03114,Time Is Love - Silence is full of birds,1,0.10140263396667992,classical_20260919T110356Z,RBF-SVM,baseline,val,0.5196503294173163,0
seg_009047,sample_03114,Time Is Love - Silence is full of birds,1,1.0795371401175402,classical_20260919T110356Z,RBF-SVM,baseline,val,0.5196503294173163,1
seg_009078,sample_03125,Voxel - Andy G. Cohen,1,1.0596149856516082,classical_20260919T110356Z,RBF-SVM,baseline,val,0.5196503294173163,1
seg_009079,sample_03125,Voxel - Andy G. Cohen,1,-0.5546257375642052,classical_20260919T110356Z,RBF-SVM,baseline,val,0.5196503294173163,0
seg_009080,sample_03125,Voxel - Andy G. Cohen,1,0.9103973948684332,classical_20260919T110356Z,RBF-SVM,baseline,val,0.5196503294173163,1
seg_009081,sample_03126,Voxel - Andy G. Cohen,1,1.7432018603038661,classical_20260919T110356Z,RBF-SVM,baseline,val,0.5196503294173163,1
seg_009082,sample_03126,Voxel - Andy G. Cohen,1,0.03457732583845319,classical_20260919T110356Z,RBF-SVM,baseline,val,0.5196503294173163,0
seg_009083,sample_03126,Voxel - Andy G. Cohen,1,1.2924343081900882,classical_20260919T110356Z,RBF-SVM,baseline,val,0.5196503294173163,1
seg_009114,sample_03137,Windows of the Skull - Sarin,1,1.320248796961336,classical_20260919T110356Z,RBF-SVM,baseline,val,0.5196503294173163,1
seg_009115,sample_03137,Windows of the Skull - Sarin,1,-0.47776781273884117,classical_20260919T110356Z,RBF-SVM,baseline,val,0.5196503294173163,0
seg_009116,sample_03137,Windows of the Skull - Sarin,1,2.7759570945132492,classical_20260919T110356Z,RBF-SVM,baseline,val,0.5196503294173163,1
seg_009117,sample_03138,Windows of the Skull - Sarin,1,1.0978060628584487,classical_20260919T110356Z,RBF-SVM,baseline,val,0.5196503294173163,1
seg_009118,sample_03138,Windows of the Skull - Sarin,1,-0.170583871319967,classical_20260919T110356Z,RBF-SVM,baseline,val,0.5196503294173163,0
seg_009119,sample_03138,Windows of the Skull - Sarin,1,0.3819874941513593,classical_20260919T110356Z,RBF-SVM,baseline,val,0.5196503294173163,0
seg_009168,sample_03155,mystery team 2090 - Jesse Futerman,1,2.1434258327701405,classical_20260919T110356Z,RBF-SVM,baseline,val,0.5196503294173163,1
seg_009169,sample_03155,mystery team 2090 - Jesse Futerman,1,0.4927578256059718,classical_20260919T110356Z,RBF-SVM,baseline,val,0.5196503294173163,0
seg_009170,sample_03155,mystery team 2090 - Jesse Futerman,1,1.980981207328136,classical_20260919T110356Z,RBF-SVM,baseline,val,0.5196503294173163,1
seg_009171,sample_03156,mystery team 2090 - Jesse Futerman,1,1.1619502208461592,classical_20260919T110356Z,RBF-SVM,baseline,val,0.5196503294173163,1
seg_009172,sample_03156,mystery team 2090 - Jesse Futerman,1,0.7654346005343782,classical_20260919T110356Z,RBF-SVM,baseline,val,0.5196503294173163,1
seg_009173,sample_03156,mystery team 2090 - Jesse Futerman,1,1.0469149309703543,classical_20260919T110356Z,RBF-SVM,baseline,val,0.5196503294173163,1
seg_009192,sample_03163,Новый Нью-Йорк 2 - Чокнутый Пропеллер,1,-0.3234314990300394,classical_20260919T110356Z,RBF-SVM,baseline,val,0.5196503294173163,0
seg_009193,sample_03163,Новый Нью-Йорк 2 - Чокнутый Пропеллер,1,-0.6765849427930168,classical_20260919T110356Z,RBF-SVM,baseline,val,0.5196503294173163,0
seg_009194,sample_03163,Новый Нью-Йорк 2 - Чокнутый Пропеллер,1,-0.19331679794274037,classical_20260919T110356Z,RBF-SVM,baseline,val,0.5196503294173163,0
seg_009195,sample_03164,Новый Нью-Йорк 2 - Чокнутый Пропеллер,1,0.7298795675987704,classical_20260919T110356Z,RBF-SVM,baseline,val,0.5196503294173163,1
seg_009196,sample_03164,Новый Нью-Йорк 2 - Чокнутый Пропеллер,1,-0.37833937941755624,classical_20260919T110356Z,RBF-SVM,baseline,val,0.5196503294173163,0
seg_009197,sample_03164,Новый Нью-Йорк 2 - Чокнутый Пропеллер,1,0.6646327996496638,classical_20260919T110356Z,RBF-SVM,baseline,val,0.5196503294173163,1
seg_009207,sample_03168,2 (Wasn't There) - Isle of Pine,1,1.3136334348660261,classical_20260919T110356Z,RBF-SVM,baseline,val,0.5196503294173163,1
seg_009208,sample_03168,2 (Wasn't There) - Isle of Pine,1,0.6766540438452935,classical_20260919T110356Z,RBF-SVM,baseline,val,0.5196503294173163,1
seg_009209,sample_03168,2 (Wasn't There) - Isle of Pine,1,1.4269374729802853,classical_20260919T110356Z,RBF-SVM,baseline,val,0.5196503294173163,1
seg_009228,sample_03175,Agora - Malaventura,1,0.1522214943550812,classical_20260919T110356Z,RBF-SVM,baseline,val,0.5196503294173163,0
seg_009229,sample_03175,Agora - Malaventura,1,1.4554596134474687,classical_20260919T110356Z,RBF-SVM,baseline,val,0.5196503294173163,1
seg_009230,sample_03175,Agora - Malaventura,1,1.8823214521229152,classical_20260919T110356Z,RBF-SVM,baseline,val,0.5196503294173163,1
seg_009279,sample_03192,Beyond Luxury - Mors Ontologica,1,0.010118386743210639,classical_20260919T110356Z,RBF-SVM,baseline,val,0.5196503294173163,0
seg_009280,sample_03192,Beyond Luxury - Mors Ontologica,1,1.1953916118196262,classical_20260919T110356Z,RBF-SVM,baseline,val,0.5196503294173163,1
seg_009281,sample_03192,Beyond Luxury - Mors Ontologica,1,1.7317483510926783,classical_20260919T110356Z,RBF-SVM,baseline,val,0.5196503294173163,1
seg_009324,sample_03207,CopperNickle - UncleBibby,1,-0.9612486864283596,classical_20260919T110356Z,RBF-SVM,baseline,val,0.5196503294173163,0
seg_009325,sample_03207,CopperNickle - UncleBibby,1,1.4849329275766834,classical_20260919T110356Z,RBF-SVM,baseline,val,0.5196503294173163,1
seg_009326,sample_03207,CopperNickle - UncleBibby,1,2.0180423864661168,classical_20260919T110356Z,RBF-SVM,baseline,val,0.5196503294173163,1
seg_009339,sample_03212,Daylight Savings - My brother Daniel,1,1.72542787831379,classical_20260919T110356Z,RBF-SVM,baseline,val,0.5196503294173163,1
seg_009340,sample_03212,Daylight Savings - My brother Daniel,1,0.6785601559021183,classical_20260919T110356Z,RBF-SVM,baseline,val,0.5196503294173163,1
seg_009341,sample_03212,Daylight Savings - My brother Daniel,1,1.205289387707622,classical_20260919T110356Z,RBF-SVM,baseline,val,0.5196503294173163,1
seg_009375,sample_03224,Empty Pockets - Pete Prodoehl,1,1.4084808274591811,classical_20260919T110356Z,RBF-SVM,baseline,val,0.5196503294173163,1
seg_009376,sample_03224,Empty Pockets - Pete Prodoehl,1,1.3441720107612012,classical_20260919T110356Z,RBF-SVM,baseline,val,0.5196503294173163,1
seg_009377,sample_03224,Empty Pockets - Pete Prodoehl,1,1.1661784392679462,classical_20260919T110356Z,RBF-SVM,baseline,val,0.5196503294173163,1
seg_009393,sample_03230,Evil Cannot Create - Caleb Lemond,1,1.1651413777905857,classical_20260919T110356Z,RBF-SVM,baseline,val,0.5196503294173163,1
seg_009394,sample_03230,Evil Cannot Create - Caleb Lemond,1,1.4318420879369032,classical_20260919T110356Z,RBF-SVM,baseline,val,0.5196503294173163,1
seg_009395,sample_03230,Evil Cannot Create - Caleb Lemond,1,2.2498941463484385,classical_20260919T110356Z,RBF-SVM,baseline,val,0.5196503294173163,1
seg_009399,sample_03232,Fear - Los Fancy Free,1,1.4881836806186466,classical_20260919T110356Z,RBF-SVM,baseline,val,0.5196503294173163,1
seg_009400,sample_03232,Fear - Los Fancy Free,1,2.2172470585137036,classical_20260919T110356Z,RBF-SVM,baseline,val,0.5196503294173163,1
seg_009401,sample_03232,Fear - Los Fancy Free,1,1.5966573736857688,classical_20260919T110356Z,RBF-SVM,baseline,val,0.5196503294173163,1
seg_009402,sample_03233,Fifth Ramble - From the album Keith [RSVP007] - My brother Daniel,1,1.2438512782112958,classical_20260919T110356Z,RBF-SVM,baseline,val,0.5196503294173163,1
seg_009403,sample_03233,Fifth Ramble - From the album Keith [RSVP007] - My brother Daniel,1,1.443537125298357,classical_20260919T110356Z,RBF-SVM,baseline,val,0.5196503294173163,1
seg_009404,sample_03233,Fifth Ramble - From the album Keith [RSVP007] - My brother Daniel,1,1.1310264443129951,classical_20260919T110356Z,RBF-SVM,baseline,val,0.5196503294173163,1
seg_009438,sample_03245,Gila Monster Flop/Music History Lesson:The Sonics - The Crypts!,1,-0.12999043370872376,classical_20260919T110356Z,RBF-SVM,baseline,val,0.5196503294173163,0
seg_009439,sample_03245,Gila Monster Flop/Music History Lesson:The Sonics - The Crypts!,1,-0.09877643715365003,classical_20260919T110356Z,RBF-SVM,baseline,val,0.5196503294173163,0
seg_009440,sample_03245,Gila Monster Flop/Music History Lesson:The Sonics - The Crypts!,1,2.42815934619644,classical_20260919T110356Z,RBF-SVM,baseline,val,0.5196503294173163,1
seg_009471,sample_03256,If You're Ther - Nicola Ratti,1,1.6535514776370044,classical_20260919T110356Z,RBF-SVM,baseline,val,0.5196503294173163,1
seg_009472,sample_03256,If You're Ther - Nicola Ratti,1,0.5720462816800885,classical_20260919T110356Z,RBF-SVM,baseline,val,0.5196503294173163,1
seg_009473,sample_03256,If You're Ther - Nicola Ratti,1,1.3511870494814815,classical_20260919T110356Z,RBF-SVM,baseline,val,0.5196503294173163,1
seg_009501,sample_03266,I Fell - Mod Fun,1,1.2654574453448508,classical_20260919T110356Z,RBF-SVM,baseline,val,0.5196503294173163,1
seg_009502,sample_03266,I Fell - Mod Fun,1,1.2507752602734836,classical_20260919T110356Z,RBF-SVM,baseline,val,0.5196503294173163,1
seg_009503,sample_03266,I Fell - Mod Fun,1,1.2398310669165649,classical_20260919T110356Z,RBF-SVM,baseline,val,0.5196503294173163,1
seg_009549,sample_03282,Kumorizoranohajimarutokoro - Hosomi,1,1.7302084217295515,classical_20260919T110356Z,RBF-SVM,baseline,val,0.5196503294173163,1
seg_009550,sample_03282,Kumorizoranohajimarutokoro - Hosomi,1,1.5299755428489628,classical_20260919T110356Z,RBF-SVM,baseline,val,0.5196503294173163,1
seg_009551,sample_03282,Kumorizoranohajimarutokoro - Hosomi,1,1.7080146100314793,classical_20260919T110356Z,RBF-SVM,baseline,val,0.5196503294173163,1
seg_009585,sample_03294,Lights Up - Pipe Choir,1,1.2174091430543634,classical_20260919T110356Z,RBF-SVM,baseline,val,0.5196503294173163,1
seg_009586,sample_03294,Lights Up - Pipe Choir,1,1.7820425061233414,classical_20260919T110356Z,RBF-SVM,baseline,val,0.5196503294173163,1
seg_009587,sample_03294,Lights Up - Pipe Choir,1,1.5143182778293562,classical_20260919T110356Z,RBF-SVM,baseline,val,0.5196503294173163,1
seg_009603,sample_03300,Loved Ones - Rowan Box,1,0.9870712047459209,classical_20260919T110356Z,RBF-SVM,baseline,val,0.5196503294173163,1
seg_009604,sample_03300,Loved Ones - Rowan Box,1,0.9426384659636406,classical_20260919T110356Z,RBF-SVM,baseline,val,0.5196503294173163,1
seg_009605,sample_03300,Loved Ones - Rowan Box,1,1.46368113091852,classical_20260919T110356Z,RBF-SVM,baseline,val,0.5196503294173163,1
seg_009615,sample_03304,March of the GPA Mechanics - [t]ghost,1,1.5256004453534102,classical_20260919T110356Z,RBF-SVM,baseline,val,0.5196503294173163,1
seg_009616,sample_03304,March of the GPA Mechanics - [t]ghost,1,1.5447372812860616,classical_20260919T110356Z,RBF-SVM,baseline,val,0.5196503294173163,1
seg_009617,sample_03304,March of the GPA Mechanics - [t]ghost,1,0.5934481937008579,classical_20260919T110356Z,RBF-SVM,baseline,val,0.5196503294173163,1
seg_009636,sample_03311,Morning Bell - Nihilore,1,1.2440835856797183,classical_20260919T110356Z,RBF-SVM,baseline,val,0.5196503294173163,1
seg_009637,sample_03311,Morning Bell - Nihilore,1,1.8638993181636208,classical_20260919T110356Z,RBF-SVM,baseline,val,0.5196503294173163,1
seg_009638,sample_03311,Morning Bell - Nihilore,1,1.8025495434936059,classical_20260919T110356Z,RBF-SVM,baseline,val,0.5196503294173163,1
seg_009651,sample_03316,mystery team 2090 - Jesse Futerman,1,0.8192795210451858,classical_20260919T110356Z,RBF-SVM,baseline,val,0.5196503294173163,1
seg_009652,sample_03316,mystery team 2090 - Jesse Futerman,1,1.611357158990118,classical_20260919T110356Z,RBF-SVM,baseline,val,0.5196503294173163,1
seg_009653,sample_03316,mystery team 2090 - Jesse Futerman,1,1.5111312995282415,classical_20260919T110356Z,RBF-SVM,baseline,val,0.5196503294173163,1
seg_009654,sample_03317,My Body Is A Weapon (Compromise Edit) - Silence is full of birds,1,0.9205771775954292,classical_20260919T110356Z,RBF-SVM,baseline,val,0.5196503294173163,1
seg_009655,sample_03317,My Body Is A Weapon (Compromise Edit) - Silence is full of birds,1,1.0718824222922192,classical_20260919T110356Z,RBF-SVM,baseline,val,0.5196503294173163,1
seg_009656,sample_03317,My Body Is A Weapon (Compromise Edit) - Silence is full of birds,1,1.5008265870605018,classical_20260919T110356Z,RBF-SVM,baseline,val,0.5196503294173163,1
seg_009666,sample_03321,New Life (take 1) - Bird Names,1,1.8829102885434177,classical_20260919T110356Z,RBF-SVM,baseline,val,0.5196503294173163,1
seg_009667,sample_03321,New Life (take 1) - Bird Names,1,2.1015084715835632,classical_20260919T110356Z,RBF-SVM,baseline,val,0.5196503294173163,1
seg_009668,sample_03321,New Life (take 1) - Bird Names,1,1.2567789060201449,classical_20260919T110356Z,RBF-SVM,baseline,val,0.5196503294173163,1
seg_009672,sample_03323,Night Drive - Decktonic,1,0.5766258469299519,classical_20260919T110356Z,RBF-SVM,baseline,val,0.5196503294173163,1
seg_009673,sample_03323,Night Drive - Decktonic,1,1.374662595929169,classical_20260919T110356Z,RBF-SVM,baseline,val,0.5196503294173163,1
seg_009674,sample_03323,Night Drive - Decktonic,1,1.7109270736547988,classical_20260919T110356Z,RBF-SVM,baseline,val,0.5196503294173163,1
seg_009681,sample_03326,Norweigian Wood II - Bird Names,1,0.3875870639654423,classical_20260919T110356Z,RBF-SVM,baseline,val,0.5196503294173163,0
seg_009682,sample_03326,Norweigian Wood II - Bird Names,1,0.6730537013192961,classical_20260919T110356Z,RBF-SVM,baseline,val,0.5196503294173163,1
seg_009683,sample_03326,Norweigian Wood II - Bird Names,1,1.2462351400186369,classical_20260919T110356Z,RBF-SVM,baseline,val,0.5196503294173163,1
seg_009693,sample_03330,Nuo Maisemat - Paavoharju,1,0.7923136785406766,classical_20260919T110356Z,RBF-SVM,baseline,val,0.5196503294173163,1
seg_009694,sample_03330,Nuo Maisemat - Paavoharju,1,0.8651672266683331,classical_20260919T110356Z,RBF-SVM,baseline,val,0.5196503294173163,1
seg_009695,sample_03330,Nuo Maisemat - Paavoharju,1,1.2731851438470438,classical_20260919T110356Z,RBF-SVM,baseline,val,0.5196503294173163,1
seg_009756,sample_03351,Redlight - Room For A Ghost,1,2.4511772515860364,classical_20260919T110356Z,RBF-SVM,baseline,val,0.5196503294173163,1
seg_009757,sample_03351,Redlight - Room For A Ghost,1,2.3449715547425933,classical_20260919T110356Z,RBF-SVM,baseline,val,0.5196503294173163,1
seg_009758,sample_03351,Redlight - Room For A Ghost,1,1.6579420091145003,classical_20260919T110356Z,RBF-SVM,baseline,val,0.5196503294173163,1
seg_009774,sample_03357,Roller Star - Monroeville Music Center,1,1.7852095271554855,classical_20260919T110356Z,RBF-SVM,baseline,val,0.5196503294173163,1
seg_009775,sample_03357,Roller Star - Monroeville Music Center,1,1.8437642839511836,classical_20260919T110356Z,RBF-SVM,baseline,val,0.5196503294173163,1
seg_009776,sample_03357,Roller Star - Monroeville Music Center,1,2.1561494020033436,classical_20260919T110356Z,RBF-SVM,baseline,val,0.5196503294173163,1
seg_009780,sample_03359,"Roundtrip - Oh Yeah, the Future",1,0.8624055517019422,classical_20260919T110356Z,RBF-SVM,baseline,val,0.5196503294173163,1
seg_009781,sample_03359,"Roundtrip - Oh Yeah, the Future",1,2.3504080303556805,classical_20260919T110356Z,RBF-SVM,baseline,val,0.5196503294173163,1
seg_009782,sample_03359,"Roundtrip - Oh Yeah, the Future",1,1.7425772856095934,classical_20260919T110356Z,RBF-SVM,baseline,val,0.5196503294173163,1
seg_009792,sample_03363,Scramby Eggs - Andy G. Cohen,1,1.7113469651677682,classical_20260919T110356Z,RBF-SVM,baseline,val,0.5196503294173163,1
seg_009793,sample_03363,Scramby Eggs - Andy G. Cohen,1,1.8556851203986002,classical_20260919T110356Z,RBF-SVM,baseline,val,0.5196503294173163,1
seg_009794,sample_03363,Scramby Eggs - Andy G. Cohen,1,1.2846188086912504,classical_20260919T110356Z,RBF-SVM,baseline,val,0.5196503294173163,1
seg_009795,sample_03364,SD (Ill Mix) - H-LR,1,1.3004826207814304,classical_20260919T110356Z,RBF-SVM,baseline,val,0.5196503294173163,1
seg_009796,sample_03364,SD (Ill Mix) - H-LR,1,2.3070872836938543,classical_20260919T110356Z,RBF-SVM,baseline,val,0.5196503294173163,1
seg_009797,sample_03364,SD (Ill Mix) - H-LR,1,1.4815919830831963,classical_20260919T110356Z,RBF-SVM,baseline,val,0.5196503294173163,1
seg_009819,sample_03372,Shipwrecked Crew - Pete Prodoehl,1,0.7775479327501353,classical_20260919T110356Z,RBF-SVM,baseline,val,0.5196503294173163,1
seg_009820,sample_03372,Shipwrecked Crew - Pete Prodoehl,1,1.6929313160251684,classical_20260919T110356Z,RBF-SVM,baseline,val,0.5196503294173163,1
seg_009821,sample_03372,Shipwrecked Crew - Pete Prodoehl,1,1.1909528415425563,classical_20260919T110356Z,RBF-SVM,baseline,val,0.5196503294173163,1
seg_009837,sample_03378,Soleares&beats - Malaventura,1,1.8329745918830873,classical_20260919T110356Z,RBF-SVM,baseline,val,0.5196503294173163,1
seg_009838,sample_03378,Soleares&beats - Malaventura,1,1.222872641758078,classical_20260919T110356Z,RBF-SVM,baseline,val,0.5196503294173163,1
seg_009839,sample_03378,Soleares&beats - Malaventura,1,0.507656797924236,classical_20260919T110356Z,RBF-SVM,baseline,val,0.5196503294173163,0
seg_009843,sample_03380,some dextromethorphan - Jeva,1,1.493238728573059,classical_20260919T110356Z,RBF-SVM,baseline,val,0.5196503294173163,1
seg_009844,sample_03380,some dextromethorphan - Jeva,1,0.8972011425408883,classical_20260919T110356Z,RBF-SVM,baseline,val,0.5196503294173163,1
seg_009845,sample_03380,some dextromethorphan - Jeva,1,1.4793733736224324,classical_20260919T110356Z,RBF-SVM,baseline,val,0.5196503294173163,1
seg_009858,sample_03385,Stockholm Syndrome / People Should Be More Aware - Bird Names,1,1.1119233156543245,classical_20260919T110356Z,RBF-SVM,baseline,val,0.5196503294173163,1
seg_009859,sample_03385,Stockholm Syndrome / People Should Be More Aware - Bird Names,1,2.3307649546713627,classical_20260919T110356Z,RBF-SVM,baseline,val,0.5196503294173163,1
seg_009860,sample_03385,Stockholm Syndrome / People Should Be More Aware - Bird Names,1,2.479856105402726,classical_20260919T110356Z,RBF-SVM,baseline,val,0.5196503294173163,1
seg_009870,sample_03389,Sturgeon's Law - Nihilore,1,0.11458835099348275,classical_20260919T110356Z,RBF-SVM,baseline,val,0.5196503294173163,0
seg_009871,sample_03389,Sturgeon's Law - Nihilore,1,0.7501364039718728,classical_20260919T110356Z,RBF-SVM,baseline,val,0.5196503294173163,1
seg_009872,sample_03389,Sturgeon's Law - Nihilore,1,1.7179120967446486,classical_20260919T110356Z,RBF-SVM,baseline,val,0.5196503294173163,1
seg_009927,sample_03408,The girl just faded - Los Llamarada,1,0.9644322534879886,classical_20260919T110356Z,RBF-SVM,baseline,val,0.5196503294173163,1
seg_009928,sample_03408,The girl just faded - Los Llamarada,1,1.1475742186757527,classical_20260919T110356Z,RBF-SVM,baseline,val,0.5196503294173163,1
seg_009929,sample_03408,The girl just faded - Los Llamarada,1,1.7516332706699607,classical_20260919T110356Z,RBF-SVM,baseline,val,0.5196503294173163,1
seg_009954,sample_03417,The Stairway - WarpToken,1,1.2202296113401223,classical_20260919T110356Z,RBF-SVM,baseline,val,0.5196503294173163,1
seg_009955,sample_03417,The Stairway - WarpToken,1,0.7660993370565647,classical_20260919T110356Z,RBF-SVM,baseline,val,0.5196503294173163,1
seg_009956,sample_03417,The Stairway - WarpToken,1,1.58344442883008,classical_20260919T110356Z,RBF-SVM,baseline,val,0.5196503294173163,1
seg_009957,sample_03418,Three Bird - My brother Daniel,1,0.47364281174185313,classical_20260919T110356Z,RBF-SVM,baseline,val,0.5196503294173163,0
seg_009958,sample_03418,Three Bird - My brother Daniel,1,0.6337730464024728,classical_20260919T110356Z,RBF-SVM,baseline,val,0.5196503294173163,1
seg_009959,sample_03418,Three Bird - My brother Daniel,1,1.2236609407360426,classical_20260919T110356Z,RBF-SVM,baseline,val,0.5196503294173163,1
seg_009960,sample_03419,Timen Passing By - Jason Shaw,1,1.5246464464820035,classical_20260919T110356Z,RBF-SVM,baseline,val,0.5196503294173163,1
seg_009961,sample_03419,Timen Passing By - Jason Shaw,1,0.844191128424736,classical_20260919T110356Z,RBF-SVM,baseline,val,0.5196503294173163,1
seg_009962,sample_03419,Timen Passing By - Jason Shaw,1,1.2946829499887715,classical_20260919T110356Z,RBF-SVM,baseline,val,0.5196503294173163,1
seg_009963,sample_03420,Time Is Love - Silence is full of birds,1,1.7906677187638105,classical_20260919T110356Z,RBF-SVM,baseline,val,0.5196503294173163,1
seg_009964,sample_03420,Time Is Love - Silence is full of birds,1,2.238240304465127,classical_20260919T110356Z,RBF-SVM,baseline,val,0.5196503294173163,1
seg_009965,sample_03420,Time Is Love - Silence is full of birds,1,1.1073578423234183,classical_20260919T110356Z,RBF-SVM,baseline,val,0.5196503294173163,1
seg_009990,sample_03429,Understand That This Is A Dream - From the album Modulating Coil [RSVP008] - Forrest James,1,1.236079151493358,classical_20260919T110356Z,RBF-SVM,baseline,val,0.5196503294173163,1
seg_009991,sample_03429,Understand That This Is A Dream - From the album Modulating Coil [RSVP008] - Forrest James,1,1.2184743340895408,classical_20260919T110356Z,RBF-SVM,baseline,val,0.5196503294173163,1
seg_009992,sample_03429,Understand That This Is A Dream - From the album Modulating Coil [RSVP008] - Forrest James,1,1.3192487855792296,classical_20260919T110356Z,RBF-SVM,baseline,val,0.5196503294173163,1
seg_010005,sample_03434,Voxel - Andy G. Cohen,1,1.2708145918684386,classical_20260919T110356Z,RBF-SVM,baseline,val,0.5196503294173163,1
seg_010006,sample_03434,Voxel - Andy G. Cohen,1,1.2918894516247899,classical_20260919T110356Z,RBF-SVM,baseline,val,0.5196503294173163,1
seg_010007,sample_03434,Voxel - Andy G. Cohen,1,1.4787732544272518,classical_20260919T110356Z,RBF-SVM,baseline,val,0.5196503294173163,1
seg_010011,sample_03436,Westside Chillers - Little Glass Men,1,2.3093418026711565,classical_20260919T110356Z,RBF-SVM,baseline,val,0.5196503294173163,1
seg_010012,sample_03436,Westside Chillers - Little Glass Men,1,1.115396130766773,classical_20260919T110356Z,RBF-SVM,baseline,val,0.5196503294173163,1
seg_010013,sample_03436,Westside Chillers - Little Glass Men,1,1.1076684270560264,classical_20260919T110356Z,RBF-SVM,baseline,val,0.5196503294173163,1
seg_010065,sample_03454,Новый Нью-Йорк 2 - Чокнутый Пропеллер,1,1.183631504703819,classical_20260919T110356Z,RBF-SVM,baseline,val,0.5196503294173163,1
seg_010066,sample_03454,Новый Нью-Йорк 2 - Чокнутый Пропеллер,1,0.5154266537294547,classical_20260919T110356Z,RBF-SVM,baseline,val,0.5196503294173163,0
seg_010067,sample_03454,Новый Нью-Йорк 2 - Чокнутый Пропеллер,1,0.6101832505658178,classical_20260919T110356Z,RBF-SVM,baseline,val,0.5196503294173163,1
seg_010071,sample_03456,Windows of the Skull - Sarin,1,1.3447914257149134,classical_20260919T110356Z,RBF-SVM,baseline,val,0.5196503294173163,1
seg_010072,sample_03456,Windows of the Skull - Sarin,1,1.2194177571769083,classical_20260919T110356Z,RBF-SVM,baseline,val,0.5196503294173163,1
seg_010073,sample_03456,Windows of the Skull - Sarin,1,0.8042240969421013,classical_20260919T110356Z,RBF-SVM,baseline,val,0.5196503294173163,1
