segment_id,track_id,original_audio_id,label,score,run_id,model,variant,split,threshold,prediction
seg_000006,sample_00002,2 (Wasn't There) - Isle of Pine,0,0.004279331570483366,classical_20260919T110356Z,LogisticRegression,baseline,val,0.6663391213946953,0
seg_000007,sample_00002,2 (Wasn't There) - Isle of Pine,0,0.196529486283076,classical_20260919T110356Z,LogisticRegression,baseline,val,0.6663391213946953,0
seg_000008,sample_00002,2 (Wasn't There) - Isle of Pine,0,0.10536132247440143,classical_20260919T110356Z,LogisticRegression,baseline,val,0.6663391213946953,0
seg_000039,sample_00013,Agora - Malaventura,0,0.6845115922848787,classical_20260919T110356Z,LogisticRegression,baseline,val,0.6663391213946953,1
seg_000040,sample_00013,Agora - Malaventura,0,0.984374619812457,classical_20260919T110356Z,LogisticRegression,baseline,val,0.6663391213946953,1
seg_000041,sample_00013,Agora - Malaventura,0,0.8090641020915829,classical_20260919T110356Z,LogisticRegression,baseline,val,0.6663391213946953,1
seg_000081,sample_00027,Beyond Luxury - Mors Ontologica,0,8.683957027398321e-05,classical_20260919T110356Z,LogisticRegression,baseline,val,0.6663391213946953,0
seg_000082,sample_00027,Beyond Luxury - Mors Ontologica,0,0.06950696929882237,classical_20260919T110356Z,LogisticRegression,baseline,val,0.6663391213946953,0
seg_000083,sample_00027,Beyond Luxury - Mors Ontologica,0,0.050616076578265015,classical_20260919T110356Z,LogisticRegression,baseline,val,0.6663391213946953,0
seg_000129,sample_00043,CopperNickle - UncleBibby,0,0.8741871739708423,classical_20260919T110356Z,LogisticRegression,baseline,val,0.6663391213946953,1
seg_000130,sample_00043,CopperNickle - UncleBibby,0,0.9321893436305543,classical_20260919T110356Z,LogisticRegression,baseline,val,0.6663391213946953,1
seg_000131,sample_00043,CopperNickle - UncleBibby,0,0.004318647305019243,classical_20260919T110356Z,LogisticRegression,baseline,val,0.6663391213946953,0
seg_000141,sample_00047,Daylight Savings - My brother Daniel,0,0.14887237437912854,classical_20260919T110356Z,LogisticRegression,baseline,val,0.6663391213946953,0
seg_000142,sample_00047,Daylight Savings - My brother Daniel,0,0.018229671220058054,classical_20260919T110356Z,LogisticRegression,baseline,val,0.6663391213946953,0
seg_000143,sample_00047,Daylight Savings - My brother Daniel,0,0.41802535751870873,classical_20260919T110356Z,LogisticRegression,baseline,val,0.6663391213946953,0
seg_000177,sample_00059,Empty Pockets - Pete Prodoehl,0,0.07556273591662226,classical_20260919T110356Z,LogisticRegression,baseline,val,0.6663391213946953,0
seg_000178,sample_00059,Empty Pockets - Pete Prodoehl,0,0.6179536289145208,classical_20260919T110356Z,LogisticRegression,baseline,val,0.6663391213946953,0
seg_000179,sample_00059,Empty Pockets - Pete Prodoehl,0,0.08615799285698797,classical_20260919T110356Z,LogisticRegression,baseline,val,0.6663391213946953,0
seg_000195,sample_00065,Evil Cannot Create - Caleb Lemond,0,0.006243637666571826,classical_20260919T110356Z,LogisticRegression,baseline,val,0.6663391213946953,0
seg_000196,sample_00065,Evil Cannot Create - Caleb Lemond,0,0.5659737056526977,classical_20260919T110356Z,LogisticRegression,baseline,val,0.6663391213946953,0
seg_000197,sample_00065,Evil Cannot Create - Caleb Lemond,0,0.007551873174972399,classical_20260919T110356Z,LogisticRegression,baseline,val,0.6663391213946953,0
seg_000201,sample_00067,Fear - Los Fancy Free,0,0.02739734345797106,classical_20260919T110356Z,LogisticRegression,baseline,val,0.6663391213946953,0
seg_000202,sample_00067,Fear - Los Fancy Free,0,0.7468994613563518,classical_20260919T110356Z,LogisticRegression,baseline,val,0.6663391213946953,1
seg_000203,sample_00067,Fear - Los Fancy Free,0,0.0016915875566805348,classical_20260919T110356Z,LogisticRegression,baseline,val,0.6663391213946953,0
seg_000204,sample_00068,Fifth Ramble - From the album Keith [RSVP007] - My brother Daniel,0,0.9938594386321815,classical_20260919T110356Z,LogisticRegression,baseline,val,0.6663391213946953,1
seg_000205,sample_00068,Fifth Ramble - From the album Keith [RSVP007] - My brother Daniel,0,0.7702465087958368,classical_20260919T110356Z,LogisticRegression,baseline,val,0.6663391213946953,1
seg_000206,sample_00068,Fifth Ramble - From the album Keith [RSVP007] - My brother Daniel,0,0.9775654681082018,classical_20260919T110356Z,LogisticRegression,baseline,val,0.6663391213946953,1
seg_000240,sample_00080,Gila Monster Flop/Music History Lesson:The Sonics - The Crypts!,0,0.16003515289244888,classical_20260919T110356Z,LogisticRegression,baseline,val,0.6663391213946953,0
seg_000241,sample_00080,Gila Monster Flop/Music History Lesson:The Sonics - The Crypts!,0,0.43855029541800455,classical_20260919T110356Z,LogisticRegression,baseline,val,0.6663391213946953,0
seg_000242,sample_00080,Gila Monster Flop/Music History Lesson:The Sonics - The Crypts!,0,0.25435039992474073,classical_20260919T110356Z,LogisticRegression,baseline,val,0.6663391213946953,0
seg_000285,sample_00095,I Fell - Mod Fun,0,0.06580107923915753,classical_20260919T110356Z,LogisticRegression,baseline,val,0.6663391213946953,0
seg_000286,sample_00095,I Fell - Mod Fun,0,0.22422476015639461,classical_20260919T110356Z,LogisticRegression,baseline,val,0.6663391213946953,0
seg_000287,sample_00095,I Fell - Mod Fun,0,0.042754023643828694,classical_20260919T110356Z,LogisticRegression,baseline,val,0.6663391213946953,0
seg_000297,sample_00099,If You're Ther - Nicola Ratti,0,0.4067073786513286,classical_20260919T110356Z,LogisticRegression,baseline,val,0.6663391213946953,0
seg_000298,sample_00099,If You're Ther - Nicola Ratti,0,0.046153109610717585,classical_20260919T110356Z,LogisticRegression,baseline,val,0.6663391213946953,0
seg_000299,sample_00099,If You're Ther - Nicola Ratti,0,0.0022536945648002197,classical_20260919T110356Z,LogisticRegression,baseline,val,0.6663391213946953,0
seg_000342,sample_00114,Kumorizoranohajimarutokoro - Hosomi,0,0.0055331564825984005,classical_20260919T110356Z,LogisticRegression,baseline,val,0.6663391213946953,0
seg_000343,sample_00114,Kumorizoranohajimarutokoro - Hosomi,0,0.01588249490715818,classical_20260919T110356Z,LogisticRegression,baseline,val,0.6663391213946953,0
seg_000344,sample_00114,Kumorizoranohajimarutokoro - Hosomi,0,0.0005492347849927939,classical_20260919T110356Z,LogisticRegression,baseline,val,0.6663391213946953,0
seg_000384,sample_00128,Lights Up - Pipe Choir,0,0.0022929347527811143,classical_20260919T110356Z,LogisticRegression,baseline,val,0.6663391213946953,0
seg_000385,sample_00128,Lights Up - Pipe Choir,0,0.24120789739613574,classical_20260919T110356Z,LogisticRegression,baseline,val,0.6663391213946953,0
seg_000386,sample_00128,Lights Up - Pipe Choir,0,0.02467354314794823,classical_20260919T110356Z,LogisticRegression,baseline,val,0.6663391213946953,0
seg_000399,sample_00133,Loved Ones - Rowan Box,0,0.18914284868461248,classical_20260919T110356Z,LogisticRegression,baseline,val,0.6663391213946953,0
seg_000400,sample_00133,Loved Ones - Rowan Box,0,0.7577119746086205,classical_20260919T110356Z,LogisticRegression,baseline,val,0.6663391213946953,1
seg_000401,sample_00133,Loved Ones - Rowan Box,0,0.09595380660807776,classical_20260919T110356Z,LogisticRegression,baseline,val,0.6663391213946953,0
seg_000408,sample_00136,March of the GPA Mechanics - [t]ghost,0,0.04442417596762826,classical_20260919T110356Z,LogisticRegression,baseline,val,0.6663391213946953,0
seg_000409,sample_00136,March of the GPA Mechanics - [t]ghost,0,0.6382483817970072,classical_20260919T110356Z,LogisticRegression,baseline,val,0.6663391213946953,0
seg_000410,sample_00136,March of the GPA Mechanics - [t]ghost,0,0.4411063866639578,classical_20260919T110356Z,LogisticRegression,baseline,val,0.6663391213946953,0
seg_000426,sample_00142,Morning Bell - Nihilore,0,0.04852157267099344,classical_20260919T110356Z,LogisticRegression,baseline,val,0.6663391213946953,0
seg_000427,sample_00142,Morning Bell - Nihilore,0,0.24017982419043055,classical_20260919T110356Z,LogisticRegression,baseline,val,0.6663391213946953,0
seg_000428,sample_00142,Morning Bell - Nihilore,0,0.002696116110528803,classical_20260919T110356Z,LogisticRegression,baseline,val,0.6663391213946953,0
seg_000441,sample_00147,My Body Is A Weapon (Compromise Edit) - Silence is full of birds,0,0.08943950869339717,classical_20260919T110356Z,LogisticRegression,baseline,val,0.6663391213946953,0
seg_000442,sample_00147,My Body Is A Weapon (Compromise Edit) - Silence is full of birds,0,0.01448004096891376,classical_20260919T110356Z,LogisticRegression,baseline,val,0.6663391213946953,0
seg_000443,sample_00147,My Body Is A Weapon (Compromise Edit) - Silence is full of birds,0,0.0022362799901830075,classical_20260919T110356Z,LogisticRegression,baseline,val,0.6663391213946953,0
seg_000453,sample_00151,New Life (take 1) - Bird Names,0,0.00023441764807593697,classical_20260919T110356Z,LogisticRegression,baseline,val,0.6663391213946953,0
seg_000454,sample_00151,New Life (take 1) - Bird Names,0,0.009053306585260148,classical_20260919T110356Z,LogisticRegression,baseline,val,0.6663391213946953,0
seg_000455,sample_00151,New Life (take 1) - Bird Names,0,0.020149528774099052,classical_20260919T110356Z,LogisticRegression,baseline,val,0.6663391213946953,0
seg_000459,sample_00153,Night Drive - Decktonic,0,1.0884157232549357e-06,classical_20260919T110356Z,LogisticRegression,baseline,val,0.6663391213946953,0
seg_000460,sample_00153,Night Drive - Decktonic,0,4.714201557264292e-08,classical_20260919T110356Z,LogisticRegression,baseline,val,0.6663391213946953,0
seg_000461,sample_00153,Night Drive - Decktonic,0,1.8059927269372047e-06,classical_20260919T110356Z,LogisticRegression,baseline,val,0.6663391213946953,0
seg_000468,sample_00156,Norweigian Wood II - Bird Names,0,0.0016061242044169198,classical_20260919T110356Z,LogisticRegression,baseline,val,0.6663391213946953,0
seg_000469,sample_00156,Norweigian Wood II - Bird Names,0,0.1502387909141014,classical_20260919T110356Z,LogisticRegression,baseline,val,0.6663391213946953,0
seg_000470,sample_00156,Norweigian Wood II - Bird Names,0,0.025263872448693225,classical_20260919T110356Z,LogisticRegression,baseline,val,0.6663391213946953,0
seg_000480,sample_00160,Nuo Maisemat - Paavoharju,0,0.7337590601719121,classical_20260919T110356Z,LogisticRegression,baseline,val,0.6663391213946953,1
seg_000481,sample_00160,Nuo Maisemat - Paavoharju,0,0.944822817945107,classical_20260919T110356Z,LogisticRegression,baseline,val,0.6663391213946953,1
seg_000482,sample_00160,Nuo Maisemat - Paavoharju,0,0.5089308895314404,classical_20260919T110356Z,LogisticRegression,baseline,val,0.6663391213946953,0
seg_000537,sample_00179,Redlight - Room For A Ghost,0,0.0011239216592986664,classical_20260919T110356Z,LogisticRegression,baseline,val,0.6663391213946953,0
seg_000538,sample_00179,Redlight - Room For A Ghost,0,0.012245837001771705,classical_20260919T110356Z,LogisticRegression,baseline,val,0.6663391213946953,0
seg_000539,sample_00179,Redlight - Room For A Ghost,0,0.00483897248168517,classical_20260919T110356Z,LogisticRegression,baseline,val,0.6663391213946953,0
seg_000555,sample_00185,Roller Star - Monroeville Music Center,0,0.000459246675116996,classical_20260919T110356Z,LogisticRegression,baseline,val,0.6663391213946953,0
seg_000556,sample_00185,Roller Star - Monroeville Music Center,0,0.004262678349264961,classical_20260919T110356Z,LogisticRegression,baseline,val,0.6663391213946953,0
seg_000557,sample_00185,Roller Star - Monroeville Music Center,0,0.0010063361091303478,classical_20260919T110356Z,LogisticRegression,baseline,val,0.6663391213946953,0
seg_000561,sample_00187,"Roundtrip - Oh Yeah, the Future",0,0.001024466532530841,classical_20260919T110356Z,LogisticRegression,baseline,val,0.6663391213946953,0
seg_000562,sample_00187,"Roundtrip - Oh Yeah, the Future",0,0.26445265038363813,classical_20260919T110356Z,LogisticRegression,baseline,val,0.6663391213946953,0
seg_000563,sample_00187,"Roundtrip - Oh Yeah, the Future",0,0.0004408839279563939,classical_20260919T110356Z,LogisticRegression,baseline,val,0.6663391213946953,0
seg_000570,sample_00190,SD (Ill Mix) - H-LR,0,0.00033010464723864756,classical_20260919T110356Z,LogisticRegression,baseline,val,0.6663391213946953,0
seg_000571,sample_00190,SD (Ill Mix) - H-LR,0,0.5742996728266252,classical_20260919T110356Z,LogisticRegression,baseline,val,0.6663391213946953,0
seg_000572,sample_00190,SD (Ill Mix) - H-LR,0,0.12404522246993765,classical_20260919T110356Z,LogisticRegression,baseline,val,0.6663391213946953,0
seg_000576,sample_00192,Scramby Eggs - Andy G. Cohen,0,0.026844990490905395,classical_20260919T110356Z,LogisticRegression,baseline,val,0.6663391213946953,0
seg_000577,sample_00192,Scramby Eggs - Andy G. Cohen,0,0.7784539504873542,classical_20260919T110356Z,LogisticRegression,baseline,val,0.6663391213946953,1
seg_000578,sample_00192,Scramby Eggs - Andy G. Cohen,0,0.029870139210328994,classical_20260919T110356Z,LogisticRegression,baseline,val,0.6663391213946953,0
seg_000600,sample_00200,Shipwrecked Crew - Pete Prodoehl,0,0.04862570053314252,classical_20260919T110356Z,LogisticRegression,baseline,val,0.6663391213946953,0
seg_000601,sample_00200,Shipwrecked Crew - Pete Prodoehl,0,0.6663391213946953,classical_20260919T110356Z,LogisticRegression,baseline,val,0.6663391213946953,1
seg_000602,sample_00200,Shipwrecked Crew - Pete Prodoehl,0,0.2892834389398169,classical_20260919T110356Z,LogisticRegression,baseline,val,0.6663391213946953,0
seg_000615,sample_00205,Soleares&beats - Malaventura,0,0.05633355536071685,classical_20260919T110356Z,LogisticRegression,baseline,val,0.6663391213946953,0
seg_000616,sample_00205,Soleares&beats - Malaventura,0,0.9298370522461255,classical_20260919T110356Z,LogisticRegression,baseline,val,0.6663391213946953,1
seg_000617,sample_00205,Soleares&beats - Malaventura,0,0.055851176359739005,classical_20260919T110356Z,LogisticRegression,baseline,val,0.6663391213946953,0
seg_000633,sample_00211,Stockholm Syndrome / People Should Be More Aware - Bird Names,0,0.009388924838328457,classical_20260919T110356Z,LogisticRegression,baseline,val,0.6663391213946953,0
seg_000634,sample_00211,Stockholm Syndrome / People Should Be More Aware - Bird Names,0,0.19446832585099164,classical_20260919T110356Z,LogisticRegression,baseline,val,0.6663391213946953,0
seg_000635,sample_00211,Stockholm Syndrome / People Should Be More Aware - Bird Names,0,0.000673740248813056,classical_20260919T110356Z,LogisticRegression,baseline,val,0.6663391213946953,0
seg_000645,sample_00215,Sturgeon's Law - Nihilore,0,0.016043692425756303,classical_20260919T110356Z,LogisticRegression,baseline,val,0.6663391213946953,0
seg_000646,sample_00215,Sturgeon's Law - Nihilore,0,0.1629434086129612,classical_20260919T110356Z,LogisticRegression,baseline,val,0.6663391213946953,0
seg_000647,sample_00215,Sturgeon's Law - Nihilore,0,0.2104211642153201,classical_20260919T110356Z,LogisticRegression,baseline,val,0.6663391213946953,0
seg_000726,sample_00242,The Stairway - WarpToken,0,0.6615850390631739,classical_20260919T110356Z,LogisticRegression,baseline,val,0.6663391213946953,0
seg_000727,sample_00242,The Stairway - WarpToken,0,0.9977541283723039,classical_20260919T110356Z,LogisticRegression,baseline,val,0.6663391213946953,1
seg_000728,sample_00242,The Stairway - WarpToken,0,0.13246569943623382,classical_20260919T110356Z,LogisticRegression,baseline,val,0.6663391213946953,0
seg_000729,sample_00243,The girl just faded - Los Llamarada,0,0.0030509121058902642,classical_20260919T110356Z,LogisticRegression,baseline,val,0.6663391213946953,0
seg_000730,sample_00243,The girl just faded - Los Llamarada,0,0.02248554047639818,classical_20260919T110356Z,LogisticRegression,baseline,val,0.6663391213946953,0
seg_000731,sample_00243,The girl just faded - Los Llamarada,0,0.00445835326933479,classical_20260919T110356Z,LogisticRegression,baseline,val,0.6663391213946953,0
seg_000735,sample_00245,Three Bird - My brother Daniel,0,0.9994619462774251,classical_20260919T110356Z,LogisticRegression,baseline,val,0.6663391213946953,1
seg_000736,sample_00245,Three Bird - My brother Daniel,0,0.9999878080249728,classical_20260919T110356Z,LogisticRegression,baseline,val,0.6663391213946953,1
seg_000737,sample_00245,Three Bird - My brother Daniel,0,0.0033700161333650477,classical_20260919T110356Z,LogisticRegression,baseline,val,0.6663391213946953,0
seg_000738,sample_00246,Time Is Love - Silence is full of birds,0,0.0035649514308274334,classical_20260919T110356Z,LogisticRegression,baseline,val,0.6663391213946953,0
seg_000739,sample_00246,Time Is Love - Silence is full of birds,0,0.005648831264214797,classical_20260919T110356Z,LogisticRegression,baseline,val,0.6663391213946953,0
seg_000740,sample_00246,Time Is Love - Silence is full of birds,0,0.0003294950647585758,classical_20260919T110356Z,LogisticRegression,baseline,val,0.6663391213946953,0
seg_000744,sample_00248,Timen Passing By - Jason Shaw,0,0.03884688584176089,classical_20260919T110356Z,LogisticRegression,baseline,val,0.6663391213946953,0
seg_000745,sample_00248,Timen Passing By - Jason Shaw,0,0.5915575065904183,classical_20260919T110356Z,LogisticRegression,baseline,val,0.6663391213946953,0
seg_000746,sample_00248,Timen Passing By - Jason Shaw,0,0.3209328800844327,classical_20260919T110356Z,LogisticRegression,baseline,val,0.6663391213946953,0
seg_000765,sample_00255,Understand That This Is A Dream - From the album Modulating Coil [RSVP008] - Forrest James,0,0.010362487473455001,classical_20260919T110356Z,LogisticRegression,baseline,val,0.6663391213946953,0
seg_000766,sample_00255,Understand That This Is A Dream - From the album Modulating Coil [RSVP008] - Forrest James,0,0.1846381362898648,classical_20260919T110356Z,LogisticRegression,baseline,val,0.6663391213946953,0
seg_000767,sample_00255,Understand That This Is A Dream - From the album Modulating Coil [RSVP008] - Forrest James,0,0.2852091165269373,classical_20260919T110356Z,LogisticRegression,baseline,val,0.6663391213946953,0
seg_000783,sample_00261,Voxel - Andy G. Cohen,0,0.03752839771651235,classical_20260919T110356Z,LogisticRegression,baseline,val,0.6663391213946953,0
seg_000784,sample_00261,Voxel - Andy G. Cohen,0,0.5078117166141994,classical_20260919T110356Z,LogisticRegression,baseline,val,0.6663391213946953,0
seg_000785,sample_00261,Voxel - Andy G. Cohen,0,0.10128662336763243,classical_20260919T110356Z,LogisticRegression,baseline,val,0.6663391213946953,0
seg_000801,sample_00267,Westside Chillers - Little Glass Men,0,0.009546880201898698,classical_20260919T110356Z,LogisticRegression,baseline,val,0.6663391213946953,0
seg_000802,sample_00267,Westside Chillers - Little Glass Men,0,0.157334935488771,classical_20260919T110356Z,LogisticRegression,baseline,val,0.6663391213946953,0
seg_000803,sample_00267,Westside Chillers - Little Glass Men,0,0.7784603357097987,classical_20260919T110356Z,LogisticRegression,baseline,val,0.6663391213946953,1
seg_000819,sample_00273,Windows of the Skull - Sarin,0,0.0014065370537751057,classical_20260919T110356Z,LogisticRegression,baseline,val,0.6663391213946953,0
seg_000820,sample_00273,Windows of the Skull - Sarin,0,0.09667078756013461,classical_20260919T110356Z,LogisticRegression,baseline,val,0.6663391213946953,0
seg_000821,sample_00273,Windows of the Skull - Sarin,0,0.002624675594302183,classical_20260919T110356Z,LogisticRegression,baseline,val,0.6663391213946953,0
seg_000858,sample_00286,mystery team 2090 - Jesse Futerman,0,0.7556492069484192,classical_20260919T110356Z,LogisticRegression,baseline,val,0.6663391213946953,1
seg_000859,sample_00286,mystery team 2090 - Jesse Futerman,0,0.9676711065494616,classical_20260919T110356Z,LogisticRegression,baseline,val,0.6663391213946953,1
seg_000860,sample_00286,mystery team 2090 - Jesse Futerman,0,0.3388649875291783,classical_20260919T110356Z,LogisticRegression,baseline,val,0.6663391213946953,0
seg_000870,sample_00290,some dextromethorphan - Jeva,0,0.0019004636119956536,classical_20260919T110356Z,LogisticRegression,baseline,val,0.6663391213946953,0
seg_000871,sample_00290,some dextromethorphan - Jeva,0,0.012472031923671295,classical_20260919T110356Z,LogisticRegression,baseline,val,0.6663391213946953,0
seg_000872,sample_00290,some dextromethorphan - Jeva,0,6.895476866517543e-06,classical_20260919T110356Z,LogisticRegression,baseline,val,0.6663391213946953,0
seg_000876,sample_00292,В Наших Сердцах - Чокнутый Пропеллер,0,0.004205167436472132,classical_20260919T110356Z,LogisticRegression,baseline,val,0.6663391213946953,0
seg_000877,sample_00292,В Наших Сердцах - Чокнутый Пропеллер,0,0.01503270752508456,classical_20260919T110356Z,LogisticRegression,baseline,val,0.6663391213946953,0
seg_000878,sample_00292,В Наших Сердцах - Чокнутый Пропеллер,0,0.13890989726492892,classical_20260919T110356Z,LogisticRegression,baseline,val,0.6663391213946953,0
seg_000885,sample_00295,Новый Нью-Йорк 2 - Чокнутый Пропеллер,0,0.0007946524110466,classical_20260919T110356Z,LogisticRegression,baseline,val,0.6663391213946953,0
seg_000886,sample_00295,Новый Нью-Йорк 2 - Чокнутый Пропеллер,0,0.02211821690531748,classical_20260919T110356Z,LogisticRegression,baseline,val,0.6663391213946953,0
seg_000887,sample_00295,Новый Нью-Йорк 2 - Чокнутый Пропеллер,0,0.004281973831380669,classical_20260919T110356Z,LogisticRegression,baseline,val,0.6663391213946953,0
seg_000897,sample_00299,2 (Wasn't There) - Isle of Pine,1,0.31913243913112416,classical_20260919T110356Z,LogisticRegression,baseline,val,0.6663391213946953,0
seg_000898,sample_00299,2 (Wasn't There) - Isle of Pine,1,0.0028353313673555097,classical_20260919T110356Z,LogisticRegression,baseline,val,0.6663391213946953,0
seg_000899,sample_00299,2 (Wasn't There) - Isle of Pine,1,0.9847031122366193,classical_20260919T110356Z,LogisticRegression,baseline,val,0.6663391213946953,1
seg_000918,sample_00306,Agora - Malaventura,1,0.9999947376125048,classical_20260919T110356Z,LogisticRegression,baseline,val,0.6663391213946953,1
seg_000919,sample_00306,Agora - Malaventura,1,0.988359187490114,classical_20260919T110356Z,LogisticRegression,baseline,val,0.6663391213946953,1
seg_000920,sample_00306,Agora - Malaventura,1,0.9998168298687988,classical_20260919T110356Z,LogisticRegression,baseline,val,0.6663391213946953,1
seg_000969,sample_00323,Beyond Luxury - Mors Ontologica,1,0.8923255112594571,classical_20260919T110356Z,LogisticRegression,baseline,val,0.6663391213946953,1
seg_000970,sample_00323,Beyond Luxury - Mors Ontologica,1,0.9790508403769199,classical_20260919T110356Z,LogisticRegression,baseline,val,0.6663391213946953,1
seg_000971,sample_00323,Beyond Luxury - Mors Ontologica,1,0.9998474193830024,classical_20260919T110356Z,LogisticRegression,baseline,val,0.6663391213946953,1
seg_001014,sample_00338,CopperNickle - UncleBibby,1,0.30857276659479616,classical_20260919T110356Z,LogisticRegression,baseline,val,0.6663391213946953,0
seg_001015,sample_00338,CopperNickle - UncleBibby,1,0.9889785480775954,classical_20260919T110356Z,LogisticRegression,baseline,val,0.6663391213946953,1
seg_001016,sample_00338,CopperNickle - UncleBibby,1,0.9973321777624532,classical_20260919T110356Z,LogisticRegression,baseline,val,0.6663391213946953,1
seg_001029,sample_00343,Daylight Savings - My brother Daniel,1,0.9551418933761551,classical_20260919T110356Z,LogisticRegression,baseline,val,0.6663391213946953,1
seg_001030,sample_00343,Daylight Savings - My brother Daniel,1,0.9691316545120602,classical_20260919T110356Z,LogisticRegression,baseline,val,0.6663391213946953,1
seg_001031,sample_00343,Daylight Savings - My brother Daniel,1,0.999071829261273,classical_20260919T110356Z,LogisticRegression,baseline,val,0.6663391213946953,1
seg_001065,sample_00355,Empty Pockets - Pete Prodoehl,1,0.9934167058441842,classical_20260919T110356Z,LogisticRegression,baseline,val,0.6663391213946953,1
seg_001066,sample_00355,Empty Pockets - Pete Prodoehl,1,0.9892818456072473,classical_20260919T110356Z,LogisticRegression,baseline,val,0.6663391213946953,1
seg_001067,sample_00355,Empty Pockets - Pete Prodoehl,1,0.9766876499761374,classical_20260919T110356Z,LogisticRegression,baseline,val,0.6663391213946953,1
seg_001083,sample_00361,Evil Cannot Create - Caleb Lemond,1,0.9797555419760727,classical_20260919T110356Z,LogisticRegression,baseline,val,0.6663391213946953,1
seg_001084,sample_00361,Evil Cannot Create - Caleb Lemond,1,0.8022079976285466,classical_20260919T110356Z,LogisticRegression,baseline,val,0.6663391213946953,1
seg_001085,sample_00361,Evil Cannot Create - Caleb Lemond,1,0.9925462460737536,classical_20260919T110356Z,LogisticRegression,baseline,val,0.6663391213946953,1
seg_001089,sample_00363,Fear - Los Fancy Free,1,0.9527826744684654,classical_20260919T110356Z,LogisticRegression,baseline,val,0.6663391213946953,1
seg_001090,sample_00363,Fear - Los Fancy Free,1,0.9929784842844096,classical_20260919T110356Z,LogisticRegression,baseline,val,0.6663391213946953,1
seg_001091,sample_00363,Fear - Los Fancy Free,1,0.9984040932711518,classical_20260919T110356Z,LogisticRegression,baseline,val,0.6663391213946953,1
seg_001092,sample_00364,Fifth Ramble - From the album Keith [RSVP007] - My brother Daniel,1,0.9963324867374145,classical_20260919T110356Z,LogisticRegression,baseline,val,0.6663391213946953,1
seg_001093,sample_00364,Fifth Ramble - From the album Keith [RSVP007] - My brother Daniel,1,0.8300673557786546,classical_20260919T110356Z,LogisticRegression,baseline,val,0.6663391213946953,1
seg_001094,sample_00364,Fifth Ramble - From the album Keith [RSVP007] - My brother Daniel,1,0.9998852483927833,classical_20260919T110356Z,LogisticRegression,baseline,val,0.6663391213946953,1
seg_001128,sample_00376,Gila Monster Flop/Music History Lesson:The Sonics - The Crypts!,1,0.950515474939156,classical_20260919T110356Z,LogisticRegression,baseline,val,0.6663391213946953,1
seg_001129,sample_00376,Gila Monster Flop/Music History Lesson:The Sonics - The Crypts!,1,0.5415000884944456,classical_20260919T110356Z,LogisticRegression,baseline,val,0.6663391213946953,0
seg_001130,sample_00376,Gila Monster Flop/Music History Lesson:The Sonics - The Crypts!,1,0.06484162532376814,classical_20260919T110356Z,LogisticRegression,baseline,val,0.6663391213946953,0
seg_001161,sample_00387,If You're Ther - Nicola Ratti,1,0.9999590048900319,classical_20260919T110356Z,LogisticRegression,baseline,val,0.6663391213946953,1
seg_001162,sample_00387,If You're Ther - Nicola Ratti,1,0.9999877815678928,classical_20260919T110356Z,LogisticRegression,baseline,val,0.6663391213946953,1
seg_001163,sample_00387,If You're Ther - Nicola Ratti,1,0.9937751051178301,classical_20260919T110356Z,LogisticRegression,baseline,val,0.6663391213946953,1
seg_001191,sample_00397,I Fell - Mod Fun,1,0.9997899497898012,classical_20260919T110356Z,LogisticRegression,baseline,val,0.6663391213946953,1
seg_001192,sample_00397,I Fell - Mod Fun,1,0.9999676973692543,classical_20260919T110356Z,LogisticRegression,baseline,val,0.6663391213946953,1
seg_001193,sample_00397,I Fell - Mod Fun,1,0.9986120741588549,classical_20260919T110356Z,LogisticRegression,baseline,val,0.6663391213946953,1
seg_001239,sample_00413,Kumorizoranohajimarutokoro - Hosomi,1,0.9996139742873773,classical_20260919T110356Z,LogisticRegression,baseline,val,0.6663391213946953,1
seg_001240,sample_00413,Kumorizoranohajimarutokoro - Hosomi,1,0.9895642737353735,classical_20260919T110356Z,LogisticRegression,baseline,val,0.6663391213946953,1
seg_001241,sample_00413,Kumorizoranohajimarutokoro - Hosomi,1,0.9999129699344027,classical_20260919T110356Z,LogisticRegression,baseline,val,0.6663391213946953,1
seg_001275,sample_00425,Lights Up - Pipe Choir,1,0.9990296694239644,classical_20260919T110356Z,LogisticRegression,baseline,val,0.6663391213946953,1
seg_001276,sample_00425,Lights Up - Pipe Choir,1,0.03544447756636276,classical_20260919T110356Z,LogisticRegression,baseline,val,0.6663391213946953,0
seg_001277,sample_00425,Lights Up - Pipe Choir,1,0.9891941980731308,classical_20260919T110356Z,LogisticRegression,baseline,val,0.6663391213946953,1
seg_001293,sample_00431,Loved Ones - Rowan Box,1,0.9973480464858253,classical_20260919T110356Z,LogisticRegression,baseline,val,0.6663391213946953,1
seg_001294,sample_00431,Loved Ones - Rowan Box,1,0.9999608354683577,classical_20260919T110356Z,LogisticRegression,baseline,val,0.6663391213946953,1
seg_001295,sample_00431,Loved Ones - Rowan Box,1,0.9959597839680069,classical_20260919T110356Z,LogisticRegression,baseline,val,0.6663391213946953,1
seg_001305,sample_00435,March of the GPA Mechanics - [t]ghost,1,0.9991886395531374,classical_20260919T110356Z,LogisticRegression,baseline,val,0.6663391213946953,1
seg_001306,sample_00435,March of the GPA Mechanics - [t]ghost,1,0.8135953088894616,classical_20260919T110356Z,LogisticRegression,baseline,val,0.6663391213946953,1
seg_001307,sample_00435,March of the GPA Mechanics - [t]ghost,1,0.9997178038387056,classical_20260919T110356Z,LogisticRegression,baseline,val,0.6663391213946953,1
seg_001326,sample_00442,Morning Bell - Nihilore,1,0.998649382240121,classical_20260919T110356Z,LogisticRegression,baseline,val,0.6663391213946953,1
seg_001327,sample_00442,Morning Bell - Nihilore,1,0.8347483170995075,classical_20260919T110356Z,LogisticRegression,baseline,val,0.6663391213946953,1
seg_001328,sample_00442,Morning Bell - Nihilore,1,0.9975691881250962,classical_20260919T110356Z,LogisticRegression,baseline,val,0.6663391213946953,1
seg_001341,sample_00447,mystery team 2090 - Jesse Futerman,1,0.9291961051581272,classical_20260919T110356Z,LogisticRegression,baseline,val,0.6663391213946953,1
seg_001342,sample_00447,mystery team 2090 - Jesse Futerman,1,0.9984151619724355,classical_20260919T110356Z,LogisticRegression,baseline,val,0.6663391213946953,1
seg_001343,sample_00447,mystery team 2090 - Jesse Futerman,1,0.9982946733226349,classical_20260919T110356Z,LogisticRegression,baseline,val,0.6663391213946953,1
seg_001344,sample_00448,My Body Is A Weapon (Compromise Edit) - Silence is full of birds,1,0.9878042811905254,classical_20260919T110356Z,LogisticRegression,baseline,val,0.6663391213946953,1
seg_001345,sample_00448,My Body Is A Weapon (Compromise Edit) - Silence is full of birds,1,0.9826904024277411,classical_20260919T110356Z,LogisticRegression,baseline,val,0.6663391213946953,1
seg_001346,sample_00448,My Body Is A Weapon (Compromise Edit) - Silence is full of birds,1,0.9985204457005227,classical_20260919T110356Z,LogisticRegression,baseline,val,0.6663391213946953,1
seg_001356,sample_00452,New Life (take 1) - Bird Names,1,0.9985823998819024,classical_20260919T110356Z,LogisticRegression,baseline,val,0.6663391213946953,1
seg_001357,sample_00452,New Life (take 1) - Bird Names,1,0.999999999312494,classical_20260919T110356Z,LogisticRegression,baseline,val,0.6663391213946953,1
seg_001358,sample_00452,New Life (take 1) - Bird Names,1,0.9966201675241028,classical_20260919T110356Z,LogisticRegression,baseline,val,0.6663391213946953,1
seg_001362,sample_00454,Night Drive - Decktonic,1,0.9999306128172164,classical_20260919T110356Z,LogisticRegression,baseline,val,0.6663391213946953,1
seg_001363,sample_00454,Night Drive - Decktonic,1,0.9999717874583556,classical_20260919T110356Z,LogisticRegression,baseline,val,0.6663391213946953,1
seg_001364,sample_00454,Night Drive - Decktonic,1,0.9999957679400396,classical_20260919T110356Z,LogisticRegression,baseline,val,0.6663391213946953,1
seg_001371,sample_00457,Norweigian Wood II - Bird Names,1,0.9729200701400462,classical_20260919T110356Z,LogisticRegression,baseline,val,0.6663391213946953,1
seg_001372,sample_00457,Norweigian Wood II - Bird Names,1,0.9824091687531226,classical_20260919T110356Z,LogisticRegression,baseline,val,0.6663391213946953,1
seg_001373,sample_00457,Norweigian Wood II - Bird Names,1,0.9978482231830914,classical_20260919T110356Z,LogisticRegression,baseline,val,0.6663391213946953,1
seg_001383,sample_00461,Nuo Maisemat - Paavoharju,1,0.9983405450901884,classical_20260919T110356Z,LogisticRegression,baseline,val,0.6663391213946953,1
seg_001384,sample_00461,Nuo Maisemat - Paavoharju,1,0.9906948275650566,classical_20260919T110356Z,LogisticRegression,baseline,val,0.6663391213946953,1
seg_001385,sample_00461,Nuo Maisemat - Paavoharju,1,0.9277513670776124,classical_20260919T110356Z,LogisticRegression,baseline,val,0.6663391213946953,1
seg_001446,sample_00482,Redlight - Room For A Ghost,1,0.9697188038364256,classical_20260919T110356Z,LogisticRegression,baseline,val,0.6663391213946953,1
seg_001447,sample_00482,Redlight - Room For A Ghost,1,0.8471426290281389,classical_20260919T110356Z,LogisticRegression,baseline,val,0.6663391213946953,1
seg_001448,sample_00482,Redlight - Room For A Ghost,1,0.9390232913920771,classical_20260919T110356Z,LogisticRegression,baseline,val,0.6663391213946953,1
seg_001464,sample_00488,Roller Star - Monroeville Music Center,1,0.9998832626933898,classical_20260919T110356Z,LogisticRegression,baseline,val,0.6663391213946953,1
seg_001465,sample_00488,Roller Star - Monroeville Music Center,1,0.9987219910327916,classical_20260919T110356Z,LogisticRegression,baseline,val,0.6663391213946953,1
seg_001466,sample_00488,Roller Star - Monroeville Music Center,1,0.9997974497855104,classical_20260919T110356Z,LogisticRegression,baseline,val,0.6663391213946953,1
seg_001470,sample_00490,"Roundtrip - Oh Yeah, the Future",1,0.36256605441707523,classical_20260919T110356Z,LogisticRegression,baseline,val,0.6663391213946953,0
seg_001471,sample_00490,"Roundtrip - Oh Yeah, the Future",1,0.8381403013099482,classical_20260919T110356Z,LogisticRegression,baseline,val,0.6663391213946953,1
seg_001472,sample_00490,"Roundtrip - Oh Yeah, the Future",1,0.9998690659790546,classical_20260919T110356Z,LogisticRegression,baseline,val,0.6663391213946953,1
seg_001482,sample_00494,Scramby Eggs - Andy G. Cohen,1,0.9949451533231197,classical_20260919T110356Z,LogisticRegression,baseline,val,0.6663391213946953,1
seg_001483,sample_00494,Scramby Eggs - Andy G. Cohen,1,0.4297363094810361,classical_20260919T110356Z,LogisticRegression,baseline,val,0.6663391213946953,0
seg_001484,sample_00494,Scramby Eggs - Andy G. Cohen,1,0.18011717682832257,classical_20260919T110356Z,LogisticRegression,baseline,val,0.6663391213946953,0
seg_001485,sample_00495,SD (Ill Mix) - H-LR,1,0.920053176753071,classical_20260919T110356Z,LogisticRegression,baseline,val,0.6663391213946953,1
seg_001486,sample_00495,SD (Ill Mix) - H-LR,1,0.8615587783835331,classical_20260919T110356Z,LogisticRegression,baseline,val,0.6663391213946953,1
seg_001487,sample_00495,SD (Ill Mix) - H-LR,1,0.9917808654575421,classical_20260919T110356Z,LogisticRegression,baseline,val,0.6663391213946953,1
seg_001509,sample_00503,Shipwrecked Crew - Pete Prodoehl,1,0.9641805108449931,classical_20260919T110356Z,LogisticRegression,baseline,val,0.6663391213946953,1
seg_001510,sample_00503,Shipwrecked Crew - Pete Prodoehl,1,0.27243730546930606,classical_20260919T110356Z,LogisticRegression,baseline,val,0.6663391213946953,0
seg_001511,sample_00503,Shipwrecked Crew - Pete Prodoehl,1,0.9964388083159761,classical_20260919T110356Z,LogisticRegression,baseline,val,0.6663391213946953,1
seg_001527,sample_00509,Soleares&beats - Malaventura,1,0.6182351664905038,classical_20260919T110356Z,LogisticRegression,baseline,val,0.6663391213946953,0
seg_001528,sample_00509,Soleares&beats - Malaventura,1,0.9807394933408328,classical_20260919T110356Z,LogisticRegression,baseline,val,0.6663391213946953,1
seg_001529,sample_00509,Soleares&beats - Malaventura,1,0.9857871557717359,classical_20260919T110356Z,LogisticRegression,baseline,val,0.6663391213946953,1
seg_001533,sample_00511,some dextromethorphan - Jeva,1,0.999844300615485,classical_20260919T110356Z,LogisticRegression,baseline,val,0.6663391213946953,1
seg_001534,sample_00511,some dextromethorphan - Jeva,1,0.9973076615281132,classical_20260919T110356Z,LogisticRegression,baseline,val,0.6663391213946953,1
seg_001535,sample_00511,some dextromethorphan - Jeva,1,0.9996824060837066,classical_20260919T110356Z,LogisticRegression,baseline,val,0.6663391213946953,1
seg_001548,sample_00516,Stockholm Syndrome / People Should Be More Aware - Bird Names,1,0.7839388898006401,classical_20260919T110356Z,LogisticRegression,baseline,val,0.6663391213946953,1
seg_001549,sample_00516,Stockholm Syndrome / People Should Be More Aware - Bird Names,1,0.7095079355083631,classical_20260919T110356Z,LogisticRegression,baseline,val,0.6663391213946953,1
seg_001550,sample_00516,Stockholm Syndrome / People Should Be More Aware - Bird Names,1,0.9999834931938938,classical_20260919T110356Z,LogisticRegression,baseline,val,0.6663391213946953,1
seg_001560,sample_00520,Sturgeon's Law - Nihilore,1,0.9999542493309793,classical_20260919T110356Z,LogisticRegression,baseline,val,0.6663391213946953,1
seg_001561,sample_00520,Sturgeon's Law - Nihilore,1,0.826387687834142,classical_20260919T110356Z,LogisticRegression,baseline,val,0.6663391213946953,1
seg_001562,sample_00520,Sturgeon's Law - Nihilore,1,0.9999814222240075,classical_20260919T110356Z,LogisticRegression,baseline,val,0.6663391213946953,1
seg_001617,sample_00539,The girl just faded - Los Llamarada,1,0.9999120401060698,classical_20260919T110356Z,LogisticRegression,baseline,val,0.6663391213946953,1
seg_001618,sample_00539,The girl just faded - Los Llamarada,1,0.9992645430308151,classical_20260919T110356Z,LogisticRegression,baseline,val,0.6663391213946953,1
seg_001619,sample_00539,The girl just faded - Los Llamarada,1,0.9561250576156773,classical_20260919T110356Z,LogisticRegression,baseline,val,0.6663391213946953,1
seg_001644,sample_00548,The Stairway - WarpToken,1,0.9812277365497639,classical_20260919T110356Z,LogisticRegression,baseline,val,0.6663391213946953,1
seg_001645,sample_00548,The Stairway - WarpToken,1,0.9999601879530576,classical_20260919T110356Z,LogisticRegression,baseline,val,0.6663391213946953,1
seg_001646,sample_00548,The Stairway - WarpToken,1,0.8626708192255095,classical_20260919T110356Z,LogisticRegression,baseline,val,0.6663391213946953,1
seg_001647,sample_00549,Three Bird - My brother Daniel,1,0.9993347707032336,classical_20260919T110356Z,LogisticRegression,baseline,val,0.6663391213946953,1
seg_001648,sample_00549,Three Bird - My brother Daniel,1,0.9998343956375311,classical_20260919T110356Z,LogisticRegression,baseline,val,0.6663391213946953,1
seg_001649,sample_00549,Three Bird - My brother Daniel,1,0.9916166837872791,classical_20260919T110356Z,LogisticRegression,baseline,val,0.6663391213946953,1
seg_001650,sample_00550,Timen Passing By - Jason Shaw,1,0.9883463756388875,classical_20260919T110356Z,LogisticRegression,baseline,val,0.6663391213946953,1
seg_001651,sample_00550,Timen Passing By - Jason Shaw,1,0.9983758950030173,classical_20260919T110356Z,LogisticRegression,baseline,val,0.6663391213946953,1
seg_001652,sample_00550,Timen Passing By - Jason Shaw,1,0.9531855027497391,classical_20260919T110356Z,LogisticRegression,baseline,val,0.6663391213946953,1
seg_001653,sample_00551,Time Is Love - Silence is full of birds,1,0.8538084520759199,classical_20260919T110356Z,LogisticRegression,baseline,val,0.6663391213946953,1
seg_001654,sample_00551,Time Is Love - Silence is full of birds,1,0.9997987794517936,classical_20260919T110356Z,LogisticRegression,baseline,val,0.6663391213946953,1
seg_001655,sample_00551,Time Is Love - Silence is full of birds,1,0.9977171819828221,classical_20260919T110356Z,LogisticRegression,baseline,val,0.6663391213946953,1
seg_001680,sample_00560,Understand That This Is A Dream - From the album Modulating Coil [RSVP008] - Forrest James,1,0.9954810663144188,classical_20260919T110356Z,LogisticRegression,baseline,val,0.6663391213946953,1
seg_001681,sample_00560,Understand That This Is A Dream - From the album Modulating Coil [RSVP008] - Forrest James,1,0.9876438471303941,classical_20260919T110356Z,LogisticRegression,baseline,val,0.6663391213946953,1
seg_001682,sample_00560,Understand That This Is A Dream - From the album Modulating Coil [RSVP008] - Forrest James,1,0.9999301359556504,classical_20260919T110356Z,LogisticRegression,baseline,val,0.6663391213946953,1
seg_001695,sample_00565,Voxel - Andy G. Cohen,1,0.9927876597250834,classical_20260919T110356Z,LogisticRegression,baseline,val,0.6663391213946953,1
seg_001696,sample_00565,Voxel - Andy G. Cohen,1,0.983986612384786,classical_20260919T110356Z,LogisticRegression,baseline,val,0.6663391213946953,1
seg_001697,sample_00565,Voxel - Andy G. Cohen,1,0.9525005425630713,classical_20260919T110356Z,LogisticRegression,baseline,val,0.6663391213946953,1
seg_001701,sample_00567,Westside Chillers - Little Glass Men,1,0.9990341953207627,classical_20260919T110356Z,LogisticRegression,baseline,val,0.6663391213946953,1
seg_001702,sample_00567,Westside Chillers - Little Glass Men,1,0.9970280175286643,classical_20260919T110356Z,LogisticRegression,baseline,val,0.6663391213946953,1
seg_001703,sample_00567,Westside Chillers - Little Glass Men,1,0.8936529352316294,classical_20260919T110356Z,LogisticRegression,baseline,val,0.6663391213946953,1
seg_001758,sample_00586,В Наших Сердцах - Чокнутый Пропеллер,1,0.19181123316555285,classical_20260919T110356Z,LogisticRegression,baseline,val,0.6663391213946953,0
seg_001759,sample_00586,В Наших Сердцах - Чокнутый Пропеллер,1,0.9444001293154113,classical_20260919T110356Z,LogisticRegression,baseline,val,0.6663391213946953,1
seg_001760,sample_00586,В Наших Сердцах - Чокнутый Пропеллер,1,0.5598419822135803,classical_20260919T110356Z,LogisticRegression,baseline,val,0.6663391213946953,0
seg_001767,sample_00589,Новый Нью-Йорк 2 - Чокнутый Пропеллер,1,0.2956876974940911,classical_20260919T110356Z,LogisticRegression,baseline,val,0.6663391213946953,0
seg_001768,sample_00589,Новый Нью-Йорк 2 - Чокнутый Пропеллер,1,0.9977920332875835,classical_20260919T110356Z,LogisticRegression,baseline,val,0.6663391213946953,1
seg_001769,sample_00589,Новый Нью-Йорк 2 - Чокнутый Пропеллер,1,0.9999083010705921,classical_20260919T110356Z,LogisticRegression,baseline,val,0.6663391213946953,1
seg_001785,sample_00595,Daylight Savings - My brother Daniel,1,0.9999110530330609,classical_20260919T110356Z,LogisticRegression,baseline,val,0.6663391213946953,1
seg_001786,sample_00595,Daylight Savings - My brother Daniel,1,0.9999685145478973,classical_20260919T110356Z,LogisticRegression,baseline,val,0.6663391213946953,1
seg_001787,sample_00595,Daylight Savings - My brother Daniel,1,0.9999849118866009,classical_20260919T110356Z,LogisticRegression,baseline,val,0.6663391213946953,1
seg_001788,sample_00596,Three Bird - My brother Daniel,1,0.9998820508676542,classical_20260919T110356Z,LogisticRegression,baseline,val,0.6663391213946953,1
seg_001789,sample_00596,Three Bird - My brother Daniel,1,0.9988790475012636,classical_20260919T110356Z,LogisticRegression,baseline,val,0.6663391213946953,1
seg_001790,sample_00596,Three Bird - My brother Daniel,1,0.9999996107533292,classical_20260919T110356Z,LogisticRegression,baseline,val,0.6663391213946953,1
seg_001827,sample_00609,Timen Passing By - Jason Shaw,1,0.998177753400136,classical_20260919T110356Z,LogisticRegression,baseline,val,0.6663391213946953,1
seg_001828,sample_00609,Timen Passing By - Jason Shaw,1,0.9867949791808155,classical_20260919T110356Z,LogisticRegression,baseline,val,0.6663391213946953,1
seg_001829,sample_00609,Timen Passing By - Jason Shaw,1,0.9999796038051771,classical_20260919T110356Z,LogisticRegression,baseline,val,0.6663391213946953,1
seg_001830,sample_00610,Night Drive - Decktonic,1,0.9991674752023233,classical_20260919T110356Z,LogisticRegression,baseline,val,0.6663391213946953,1
seg_001831,sample_00610,Night Drive - Decktonic,1,0.9972091005033751,classical_20260919T110356Z,LogisticRegression,baseline,val,0.6663391213946953,1
seg_001832,sample_00610,Night Drive - Decktonic,1,0.9959032867299819,classical_20260919T110356Z,LogisticRegression,baseline,val,0.6663391213946953,1
seg_001845,sample_00615,Sturgeon's Law - Nihilore,1,0.9982892475853131,classical_20260919T110356Z,LogisticRegression,baseline,val,0.6663391213946953,1
seg_001846,sample_00615,Sturgeon's Law - Nihilore,1,0.9899555453101204,classical_20260919T110356Z,LogisticRegression,baseline,val,0.6663391213946953,1
seg_001847,sample_00615,Sturgeon's Law - Nihilore,1,0.997009849522285,classical_20260919T110356Z,LogisticRegression,baseline,val,0.6663391213946953,1
seg_001851,sample_00617,mystery team 2090 - Jesse Futerman,1,0.9949436781711244,classical_20260919T110356Z,LogisticRegression,baseline,val,0.6663391213946953,1
seg_001852,sample_00617,mystery team 2090 - Jesse Futerman,1,0.9992252521730673,classical_20260919T110356Z,LogisticRegression,baseline,val,0.6663391213946953,1
seg_001853,sample_00617,mystery team 2090 - Jesse Futerman,1,0.9997648055027217,classical_20260919T110356Z,LogisticRegression,baseline,val,0.6663391213946953,1
seg_001875,sample_00625,Loved Ones - Rowan Box,1,0.9881204057516264,classical_20260919T110356Z,LogisticRegression,baseline,val,0.6663391213946953,1
seg_001876,sample_00625,Loved Ones - Rowan Box,1,0.9974892003243223,classical_20260919T110356Z,LogisticRegression,baseline,val,0.6663391213946953,1
seg_001877,sample_00625,Loved Ones - Rowan Box,1,0.9996335771922136,classical_20260919T110356Z,LogisticRegression,baseline,val,0.6663391213946953,1
seg_001917,sample_00639,CopperNickle - UncleBibby,1,0.9999773812345958,classical_20260919T110356Z,LogisticRegression,baseline,val,0.6663391213946953,1
seg_001918,sample_00639,CopperNickle - UncleBibby,1,0.995550133033821,classical_20260919T110356Z,LogisticRegression,baseline,val,0.6663391213946953,1
seg_001919,sample_00639,CopperNickle - UncleBibby,1,0.9999636876523444,classical_20260919T110356Z,LogisticRegression,baseline,val,0.6663391213946953,1
seg_001953,sample_00651,Nuo Maisemat - Paavoharju,1,0.9998174014903235,classical_20260919T110356Z,LogisticRegression,baseline,val,0.6663391213946953,1
seg_001954,sample_00651,Nuo Maisemat - Paavoharju,1,0.9999563129720811,classical_20260919T110356Z,LogisticRegression,baseline,val,0.6663391213946953,1
seg_001955,sample_00651,Nuo Maisemat - Paavoharju,1,0.9997066587687046,classical_20260919T110356Z,LogisticRegression,baseline,val,0.6663391213946953,1
seg_001986,sample_00662,SD (Ill Mix) - H-LR,1,0.9978015667917373,classical_20260919T110356Z,LogisticRegression,baseline,val,0.6663391213946953,1
seg_001987,sample_00662,SD (Ill Mix) - H-LR,1,0.9541856442570037,classical_20260919T110356Z,LogisticRegression,baseline,val,0.6663391213946953,1
seg_001988,sample_00662,SD (Ill Mix) - H-LR,1,0.9931440746435044,classical_20260919T110356Z,LogisticRegression,baseline,val,0.6663391213946953,1
seg_001998,sample_00666,Kumorizoranohajimarutokoro - Hosomi,1,0.967285269932167,classical_20260919T110356Z,LogisticRegression,baseline,val,0.6663391213946953,1
seg_001999,sample_00666,Kumorizoranohajimarutokoro - Hosomi,1,0.8959736471314171,classical_20260919T110356Z,LogisticRegression,baseline,val,0.6663391213946953,1
seg_002000,sample_00666,Kumorizoranohajimarutokoro - Hosomi,1,0.9871727172379581,classical_20260919T110356Z,LogisticRegression,baseline,val,0.6663391213946953,1
seg_002019,sample_00673,some dextromethorphan - Jeva,1,0.9975469163196263,classical_20260919T110356Z,LogisticRegression,baseline,val,0.6663391213946953,1
seg_002020,sample_00673,some dextromethorphan - Jeva,1,0.9972695554710527,classical_20260919T110356Z,LogisticRegression,baseline,val,0.6663391213946953,1
seg_002021,sample_00673,some dextromethorphan - Jeva,1,0.9942233406806363,classical_20260919T110356Z,LogisticRegression,baseline,val,0.6663391213946953,1
seg_002028,sample_00676,Fifth Ramble - From the album Keith [RSVP007] - My brother Daniel,1,0.9996442532174163,classical_20260919T110356Z,LogisticRegression,baseline,val,0.6663391213946953,1
seg_002029,sample_00676,Fifth Ramble - From the album Keith [RSVP007] - My brother Daniel,1,0.9998113235115367,classical_20260919T110356Z,LogisticRegression,baseline,val,0.6663391213946953,1
seg_002030,sample_00676,Fifth Ramble - From the album Keith [RSVP007] - My brother Daniel,1,0.9999882582641111,classical_20260919T110356Z,LogisticRegression,baseline,val,0.6663391213946953,1
seg_002043,sample_00681,Westside Chillers - Little Glass Men,1,0.8025820436902233,classical_20260919T110356Z,LogisticRegression,baseline,val,0.6663391213946953,1
seg_002044,sample_00681,Westside Chillers - Little Glass Men,1,0.9953016106718795,classical_20260919T110356Z,LogisticRegression,baseline,val,0.6663391213946953,1
seg_002045,sample_00681,Westside Chillers - Little Glass Men,1,0.9599315208143115,classical_20260919T110356Z,LogisticRegression,baseline,val,0.6663391213946953,1
seg_002076,sample_00692,If You're Ther - Nicola Ratti,1,0.9999920920069068,classical_20260919T110356Z,LogisticRegression,baseline,val,0.6663391213946953,1
seg_002077,sample_00692,If You're Ther - Nicola Ratti,1,0.999603539763661,classical_20260919T110356Z,LogisticRegression,baseline,val,0.6663391213946953,1
seg_002078,sample_00692,If You're Ther - Nicola Ratti,1,0.9999984682382645,classical_20260919T110356Z,LogisticRegression,baseline,val,0.6663391213946953,1
seg_002079,sample_00693,Understand That This Is A Dream - From the album Modulating Coil [RSVP008] - Forrest James,1,0.9682135690693071,classical_20260919T110356Z,LogisticRegression,baseline,val,0.6663391213946953,1
seg_002080,sample_00693,Understand That This Is A Dream - From the album Modulating Coil [RSVP008] - Forrest James,1,0.9994806240534516,classical_20260919T110356Z,LogisticRegression,baseline,val,0.6663391213946953,1
seg_002081,sample_00693,Understand That This Is A Dream - From the album Modulating Coil [RSVP008] - Forrest James,1,0.9897007825858467,classical_20260919T110356Z,LogisticRegression,baseline,val,0.6663391213946953,1
seg_002100,sample_00700,The Stairway - WarpToken,1,0.9999830013513774,classical_20260919T110356Z,LogisticRegression,baseline,val,0.6663391213946953,1
seg_002101,sample_00700,The Stairway - WarpToken,1,0.9976222511763159,classical_20260919T110356Z,LogisticRegression,baseline,val,0.6663391213946953,1
seg_002102,sample_00700,The Stairway - WarpToken,1,0.9999982459035599,classical_20260919T110356Z,LogisticRegression,baseline,val,0.6663391213946953,1
seg_002112,sample_00704,Soleares&beats - Malaventura,1,0.999481770462895,classical_20260919T110356Z,LogisticRegression,baseline,val,0.6663391213946953,1
seg_002113,sample_00704,Soleares&beats - Malaventura,1,0.9976243399817261,classical_20260919T110356Z,LogisticRegression,baseline,val,0.6663391213946953,1
seg_002114,sample_00704,Soleares&beats - Malaventura,1,0.9986330645370701,classical_20260919T110356Z,LogisticRegression,baseline,val,0.6663391213946953,1
seg_002184,sample_00728,Evil Cannot Create - Caleb Lemond,1,0.9996783616113235,classical_20260919T110356Z,LogisticRegression,baseline,val,0.6663391213946953,1
seg_002185,sample_00728,Evil Cannot Create - Caleb Lemond,1,0.9904267784643136,classical_20260919T110356Z,LogisticRegression,baseline,val,0.6663391213946953,1
seg_002186,sample_00728,Evil Cannot Create - Caleb Lemond,1,0.9819313820359086,classical_20260919T110356Z,LogisticRegression,baseline,val,0.6663391213946953,1
seg_002196,sample_00732,Norweigian Wood II - Bird Names,1,0.9994693442180796,classical_20260919T110356Z,LogisticRegression,baseline,val,0.6663391213946953,1
seg_002197,sample_00732,Norweigian Wood II - Bird Names,1,0.9997402707803542,classical_20260919T110356Z,LogisticRegression,baseline,val,0.6663391213946953,1
seg_002198,sample_00732,Norweigian Wood II - Bird Names,1,0.9999992740583906,classical_20260919T110356Z,LogisticRegression,baseline,val,0.6663391213946953,1
seg_002214,sample_00738,Roller Star - Monroeville Music Center,1,0.9994356024776844,classical_20260919T110356Z,LogisticRegression,baseline,val,0.6663391213946953,1
seg_002215,sample_00738,Roller Star - Monroeville Music Center,1,0.9998602931161422,classical_20260919T110356Z,LogisticRegression,baseline,val,0.6663391213946953,1
seg_002216,sample_00738,Roller Star - Monroeville Music Center,1,0.9999082145905108,classical_20260919T110356Z,LogisticRegression,baseline,val,0.6663391213946953,1
seg_002229,sample_00743,Time Is Love - Silence is full of birds,1,0.9997773184134542,classical_20260919T110356Z,LogisticRegression,baseline,val,0.6663391213946953,1
seg_002230,sample_00743,Time Is Love - Silence is full of birds,1,0.9999940027886431,classical_20260919T110356Z,LogisticRegression,baseline,val,0.6663391213946953,1
seg_002231,sample_00743,Time Is Love - Silence is full of birds,1,0.9999958370093036,classical_20260919T110356Z,LogisticRegression,baseline,val,0.6663391213946953,1
seg_002232,sample_00744,Stockholm Syndrome / People Should Be More Aware - Bird Names,1,0.9851907119670057,classical_20260919T110356Z,LogisticRegression,baseline,val,0.6663391213946953,1
seg_002233,sample_00744,Stockholm Syndrome / People Should Be More Aware - Bird Names,1,0.9287318470686775,classical_20260919T110356Z,LogisticRegression,baseline,val,0.6663391213946953,1
seg_002234,sample_00744,Stockholm Syndrome / People Should Be More Aware - Bird Names,1,0.99594203741767,classical_20260919T110356Z,LogisticRegression,baseline,val,0.6663391213946953,1
seg_002244,sample_00748,"Roundtrip - Oh Yeah, the Future",1,0.9996966541194869,classical_20260919T110356Z,LogisticRegression,baseline,val,0.6663391213946953,1
seg_002245,sample_00748,"Roundtrip - Oh Yeah, the Future",1,0.9990773670439164,classical_20260919T110356Z,LogisticRegression,baseline,val,0.6663391213946953,1
seg_002246,sample_00748,"Roundtrip - Oh Yeah, the Future",1,0.9998725713949892,classical_20260919T110356Z,LogisticRegression,baseline,val,0.6663391213946953,1
seg_002247,sample_00749,New Life (take 1) - Bird Names,1,0.9999004292198118,classical_20260919T110356Z,LogisticRegression,baseline,val,0.6663391213946953,1
seg_002248,sample_00749,New Life (take 1) - Bird Names,1,0.9999056017446606,classical_20260919T110356Z,LogisticRegression,baseline,val,0.6663391213946953,1
seg_002249,sample_00749,New Life (take 1) - Bird Names,1,0.9999986522605032,classical_20260919T110356Z,LogisticRegression,baseline,val,0.6663391213946953,1
seg_002253,sample_00751,My Body Is A Weapon (Compromise Edit) - Silence is full of birds,1,0.9994585914999506,classical_20260919T110356Z,LogisticRegression,baseline,val,0.6663391213946953,1
seg_002254,sample_00751,My Body Is A Weapon (Compromise Edit) - Silence is full of birds,1,0.9944816719740636,classical_20260919T110356Z,LogisticRegression,baseline,val,0.6663391213946953,1
seg_002255,sample_00751,My Body Is A Weapon (Compromise Edit) - Silence is full of birds,1,0.9999944600665982,classical_20260919T110356Z,LogisticRegression,baseline,val,0.6663391213946953,1
seg_002280,sample_00760,Agora - Malaventura,1,0.9996957241160771,classical_20260919T110356Z,LogisticRegression,baseline,val,0.6663391213946953,1
seg_002281,sample_00760,Agora - Malaventura,1,0.999338603119925,classical_20260919T110356Z,LogisticRegression,baseline,val,0.6663391213946953,1
seg_002282,sample_00760,Agora - Malaventura,1,0.9998322092788282,classical_20260919T110356Z,LogisticRegression,baseline,val,0.6663391213946953,1
seg_002304,sample_00768,Empty Pockets - Pete Prodoehl,1,0.9998824821654171,classical_20260919T110356Z,LogisticRegression,baseline,val,0.6663391213946953,1
seg_002305,sample_00768,Empty Pockets - Pete Prodoehl,1,0.9990931261030538,classical_20260919T110356Z,LogisticRegression,baseline,val,0.6663391213946953,1
seg_002306,sample_00768,Empty Pockets - Pete Prodoehl,1,0.999999432456114,classical_20260919T110356Z,LogisticRegression,baseline,val,0.6663391213946953,1
seg_002310,sample_00770,Windows of the Skull - Sarin,1,0.9959579403762789,classical_20260919T110356Z,LogisticRegression,baseline,val,0.6663391213946953,1
seg_002311,sample_00770,Windows of the Skull - Sarin,1,0.9934851181777969,classical_20260919T110356Z,LogisticRegression,baseline,val,0.6663391213946953,1
seg_002312,sample_00770,Windows of the Skull - Sarin,1,0.9952262579802427,classical_20260919T110356Z,LogisticRegression,baseline,val,0.6663391213946953,1
seg_002319,sample_00773,Gila Monster Flop/Music History Lesson:The Sonics - The Crypts!,1,0.9998374000117797,classical_20260919T110356Z,LogisticRegression,baseline,val,0.6663391213946953,1
seg_002320,sample_00773,Gila Monster Flop/Music History Lesson:The Sonics - The Crypts!,1,0.9955464162115277,classical_20260919T110356Z,LogisticRegression,baseline,val,0.6663391213946953,1
seg_002321,sample_00773,Gila Monster Flop/Music History Lesson:The Sonics - The Crypts!,1,0.9999349890482024,classical_20260919T110356Z,LogisticRegression,baseline,val,0.6663391213946953,1
seg_002343,sample_00781,Voxel - Andy G. Cohen,1,0.9999819179446974,classical_20260919T110356Z,LogisticRegression,baseline,val,0.6663391213946953,1
seg_002344,sample_00781,Voxel - Andy G. Cohen,1,0.9995095736854098,classical_20260919T110356Z,LogisticRegression,baseline,val,0.6663391213946953,1
seg_002345,sample_00781,Voxel - Andy G. Cohen,1,0.9999987409476565,classical_20260919T110356Z,LogisticRegression,baseline,val,0.6663391213946953,1
seg_002364,sample_00788,Scramby Eggs - Andy G. Cohen,1,0.9999987255086774,classical_20260919T110356Z,LogisticRegression,baseline,val,0.6663391213946953,1
seg_002365,sample_00788,Scramby Eggs - Andy G. Cohen,1,0.9840955326413585,classical_20260919T110356Z,LogisticRegression,baseline,val,0.6663391213946953,1
seg_002366,sample_00788,Scramby Eggs - Andy G. Cohen,1,0.9999997793788071,classical_20260919T110356Z,LogisticRegression,baseline,val,0.6663391213946953,1
seg_002406,sample_00802,I Fell - Mod Fun,1,0.9999094427582003,classical_20260919T110356Z,LogisticRegression,baseline,val,0.6663391213946953,1
seg_002407,sample_00802,I Fell - Mod Fun,1,0.9777405718259987,classical_20260919T110356Z,LogisticRegression,baseline,val,0.6663391213946953,1
seg_002408,sample_00802,I Fell - Mod Fun,1,0.9999999957137562,classical_20260919T110356Z,LogisticRegression,baseline,val,0.6663391213946953,1
seg_002409,sample_00803,Новый Нью-Йорк 2 - Чокнутый Пропеллер,1,0.9999161077295045,classical_20260919T110356Z,LogisticRegression,baseline,val,0.6663391213946953,1
seg_002410,sample_00803,Новый Нью-Йорк 2 - Чокнутый Пропеллер,1,0.9992854687734439,classical_20260919T110356Z,LogisticRegression,baseline,val,0.6663391213946953,1
seg_002411,sample_00803,Новый Нью-Йорк 2 - Чокнутый Пропеллер,1,0.9998983403793993,classical_20260919T110356Z,LogisticRegression,baseline,val,0.6663391213946953,1
seg_002421,sample_00807,March of the GPA Mechanics - [t]ghost,1,0.9991273182171243,classical_20260919T110356Z,LogisticRegression,baseline,val,0.6663391213946953,1
seg_002422,sample_00807,March of the GPA Mechanics - [t]ghost,1,0.9939481209928193,classical_20260919T110356Z,LogisticRegression,baseline,val,0.6663391213946953,1
seg_002423,sample_00807,March of the GPA Mechanics - [t]ghost,1,0.9968824494867212,classical_20260919T110356Z,LogisticRegression,baseline,val,0.6663391213946953,1
seg_002436,sample_00812,2 (Wasn't There) - Isle of Pine,1,0.9998725512789794,classical_20260919T110356Z,LogisticRegression,baseline,val,0.6663391213946953,1
seg_002437,sample_00812,2 (Wasn't There) - Isle of Pine,1,0.9999428187785906,classical_20260919T110356Z,LogisticRegression,baseline,val,0.6663391213946953,1
seg_002438,sample_00812,2 (Wasn't There) - Isle of Pine,1,0.9999998042500567,classical_20260919T110356Z,LogisticRegression,baseline,val,0.6663391213946953,1
seg_002439,sample_00813,The girl just faded - Los Llamarada,1,0.9564183603975613,classical_20260919T110356Z,LogisticRegression,baseline,val,0.6663391213946953,1
seg_002440,sample_00813,The girl just faded - Los Llamarada,1,0.570704280221935,classical_20260919T110356Z,LogisticRegression,baseline,val,0.6663391213946953,0
seg_002441,sample_00813,The girl just faded - Los Llamarada,1,0.9934542099060385,classical_20260919T110356Z,LogisticRegression,baseline,val,0.6663391213946953,1
seg_002457,sample_00819,В Наших Сердцах - Чокнутый Пропеллер,1,0.9996260195151018,classical_20260919T110356Z,LogisticRegression,baseline,val,0.6663391213946953,1
seg_002458,sample_00819,В Наших Сердцах - Чокнутый Пропеллер,1,0.9999680752789765,classical_20260919T110356Z,LogisticRegression,baseline,val,0.6663391213946953,1
seg_002459,sample_00819,В Наших Сердцах - Чокнутый Пропеллер,1,0.9999825566374265,classical_20260919T110356Z,LogisticRegression,baseline,val,0.6663391213946953,1
seg_002460,sample_00820,Lights Up - Pipe Choir,1,0.9999207180079502,classical_20260919T110356Z,LogisticRegression,baseline,val,0.6663391213946953,1
seg_002461,sample_00820,Lights Up - Pipe Choir,1,0.9995047370966537,classical_20260919T110356Z,LogisticRegression,baseline,val,0.6663391213946953,1
seg_002462,sample_00820,Lights Up - Pipe Choir,1,0.9999996469400437,classical_20260919T110356Z,LogisticRegression,baseline,val,0.6663391213946953,1
seg_002466,sample_00822,Beyond Luxury - Mors Ontologica,1,0.9999933328743824,classical_20260919T110356Z,LogisticRegression,baseline,val,0.6663391213946953,1
seg_002467,sample_00822,Beyond Luxury - Mors Ontologica,1,0.9975318595278448,classical_20260919T110356Z,LogisticRegression,baseline,val,0.6663391213946953,1
seg_002468,sample_00822,Beyond Luxury - Mors Ontologica,1,0.999999961867292,classical_20260919T110356Z,LogisticRegression,baseline,val,0.6663391213946953,1
seg_002529,sample_00843,Fear - Los Fancy Free,1,0.9995203790084294,classical_20260919T110356Z,LogisticRegression,baseline,val,0.6663391213946953,1
seg_002530,sample_00843,Fear - Los Fancy Free,1,0.9980783981579535,classical_20260919T110356Z,LogisticRegression,baseline,val,0.6663391213946953,1
seg_002531,sample_00843,Fear - Los Fancy Free,1,0.9998718082943501,classical_20260919T110356Z,LogisticRegression,baseline,val,0.6663391213946953,1
seg_002622,sample_00874,Redlight - Room For A Ghost,1,0.9753156093984597,classical_20260919T110356Z,LogisticRegression,baseline,val,0.6663391213946953,1
seg_002623,sample_00874,Redlight - Room For A Ghost,1,0.9624167681978055,classical_20260919T110356Z,LogisticRegression,baseline,val,0.6663391213946953,1
seg_002624,sample_00874,Redlight - Room For A Ghost,1,0.9999859548157211,classical_20260919T110356Z,LogisticRegression,baseline,val,0.6663391213946953,1
seg_002625,sample_00875,Shipwrecked Crew - Pete Prodoehl,1,0.9999951660816162,classical_20260919T110356Z,LogisticRegression,baseline,val,0.6663391213946953,1
seg_002626,sample_00875,Shipwrecked Crew - Pete Prodoehl,1,0.9995883090557725,classical_20260919T110356Z,LogisticRegression,baseline,val,0.6663391213946953,1
seg_002627,sample_00875,Shipwrecked Crew - Pete Prodoehl,1,0.9999148504879611,classical_20260919T110356Z,LogisticRegression,baseline,val,0.6663391213946953,1
seg_002640,sample_00880,Morning Bell - Nihilore,1,0.9992089541101741,classical_20260919T110356Z,LogisticRegression,baseline,val,0.6663391213946953,1
seg_002641,sample_00880,Morning Bell - Nihilore,1,0.9936964823034656,classical_20260919T110356Z,LogisticRegression,baseline,val,0.6663391213946953,1
seg_002642,sample_00880,Morning Bell - Nihilore,1,0.9997549229315482,classical_20260919T110356Z,LogisticRegression,baseline,val,0.6663391213946953,1
seg_002694,sample_00898,CopperNickle - UncleBibby,1,0.9885124579936516,classical_20260919T110356Z,LogisticRegression,baseline,val,0.6663391213946953,1
seg_002695,sample_00898,CopperNickle - UncleBibby,1,0.9895208292697084,classical_20260919T110356Z,LogisticRegression,baseline,val,0.6663391213946953,1
seg_002696,sample_00898,CopperNickle - UncleBibby,1,0.9997411676562492,classical_20260919T110356Z,LogisticRegression,baseline,val,0.6663391213946953,1
seg_002697,sample_00899,CopperNickle - UncleBibby,1,0.6014073152977171,classical_20260919T110356Z,LogisticRegression,baseline,val,0.6663391213946953,0
seg_002698,sample_00899,CopperNickle - UncleBibby,1,0.25191840127756565,classical_20260919T110356Z,LogisticRegression,baseline,val,0.6663391213946953,0
seg_002699,sample_00899,CopperNickle - UncleBibby,1,0.9999995930818685,classical_20260919T110356Z,LogisticRegression,baseline,val,0.6663391213946953,1
seg_002766,sample_00922,mystery team 2090 - Jesse Futerman,1,0.9860276666116201,classical_20260919T110356Z,LogisticRegression,baseline,val,0.6663391213946953,1
seg_002767,sample_00922,mystery team 2090 - Jesse Futerman,1,0.8587946248351723,classical_20260919T110356Z,LogisticRegression,baseline,val,0.6663391213946953,1
seg_002768,sample_00922,mystery team 2090 - Jesse Futerman,1,0.999651242577573,classical_20260919T110356Z,LogisticRegression,baseline,val,0.6663391213946953,1
seg_002769,sample_00923,mystery team 2090 - Jesse Futerman,1,0.9695790757506412,classical_20260919T110356Z,LogisticRegression,baseline,val,0.6663391213946953,1
seg_002770,sample_00923,mystery team 2090 - Jesse Futerman,1,0.8500001085360626,classical_20260919T110356Z,LogisticRegression,baseline,val,0.6663391213946953,1
seg_002771,sample_00923,mystery team 2090 - Jesse Futerman,1,0.9920186798103704,classical_20260919T110356Z,LogisticRegression,baseline,val,0.6663391213946953,1
seg_002772,sample_00924,Night Drive - Decktonic,1,0.9996541712088043,classical_20260919T110356Z,LogisticRegression,baseline,val,0.6663391213946953,1
seg_002773,sample_00924,Night Drive - Decktonic,1,0.9810547178792416,classical_20260919T110356Z,LogisticRegression,baseline,val,0.6663391213946953,1
seg_002774,sample_00924,Night Drive - Decktonic,1,0.9996919192639476,classical_20260919T110356Z,LogisticRegression,baseline,val,0.6663391213946953,1
seg_002775,sample_00925,Night Drive - Decktonic,1,0.8756083905886927,classical_20260919T110356Z,LogisticRegression,baseline,val,0.6663391213946953,1
seg_002776,sample_00925,Night Drive - Decktonic,1,0.8834325748555769,classical_20260919T110356Z,LogisticRegression,baseline,val,0.6663391213946953,1
seg_002777,sample_00925,Night Drive - Decktonic,1,0.9999857564015494,classical_20260919T110356Z,LogisticRegression,baseline,val,0.6663391213946953,1
seg_002790,sample_00930,Nuo Maisemat - Paavoharju,1,0.96908163226026,classical_20260919T110356Z,LogisticRegression,baseline,val,0.6663391213946953,1
seg_002791,sample_00930,Nuo Maisemat - Paavoharju,1,0.9987530495485062,classical_20260919T110356Z,LogisticRegression,baseline,val,0.6663391213946953,1
seg_002792,sample_00930,Nuo Maisemat - Paavoharju,1,0.9985329655339997,classical_20260919T110356Z,LogisticRegression,baseline,val,0.6663391213946953,1
seg_002793,sample_00931,Nuo Maisemat - Paavoharju,1,0.9925115411068988,classical_20260919T110356Z,LogisticRegression,baseline,val,0.6663391213946953,1
seg_002794,sample_00931,Nuo Maisemat - Paavoharju,1,0.9999899117757038,classical_20260919T110356Z,LogisticRegression,baseline,val,0.6663391213946953,1
seg_002795,sample_00931,Nuo Maisemat - Paavoharju,1,0.9999114984103136,classical_20260919T110356Z,LogisticRegression,baseline,val,0.6663391213946953,1
seg_002874,sample_00958,SD (Ill Mix) - H-LR,1,0.9873296630423912,classical_20260919T110356Z,LogisticRegression,baseline,val,0.6663391213946953,1
seg_002875,sample_00958,SD (Ill Mix) - H-LR,1,0.9922725689320334,classical_20260919T110356Z,LogisticRegression,baseline,val,0.6663391213946953,1
seg_002876,sample_00958,SD (Ill Mix) - H-LR,1,0.999623868633473,classical_20260919T110356Z,LogisticRegression,baseline,val,0.6663391213946953,1
seg_002877,sample_00959,SD (Ill Mix) - H-LR,1,0.9998113302264114,classical_20260919T110356Z,LogisticRegression,baseline,val,0.6663391213946953,1
seg_002878,sample_00959,SD (Ill Mix) - H-LR,1,0.9724256658021507,classical_20260919T110356Z,LogisticRegression,baseline,val,0.6663391213946953,1
seg_002879,sample_00959,SD (Ill Mix) - H-LR,1,0.9954995524579093,classical_20260919T110356Z,LogisticRegression,baseline,val,0.6663391213946953,1
seg_002982,sample_00994,Evil Cannot Create - Caleb Lemond,1,0.9990156501642401,classical_20260919T110356Z,LogisticRegression,baseline,val,0.6663391213946953,1
seg_002983,sample_00994,Evil Cannot Create - Caleb Lemond,1,0.9952688565936558,classical_20260919T110356Z,LogisticRegression,baseline,val,0.6663391213946953,1
seg_002984,sample_00994,Evil Cannot Create - Caleb Lemond,1,0.9984451202542529,classical_20260919T110356Z,LogisticRegression,baseline,val,0.6663391213946953,1
seg_002985,sample_00995,Evil Cannot Create - Caleb Lemond,1,0.9997786172955401,classical_20260919T110356Z,LogisticRegression,baseline,val,0.6663391213946953,1
seg_002986,sample_00995,Evil Cannot Create - Caleb Lemond,1,0.9579362857100183,classical_20260919T110356Z,LogisticRegression,baseline,val,0.6663391213946953,1
seg_002987,sample_00995,Evil Cannot Create - Caleb Lemond,1,0.9992831690556143,classical_20260919T110356Z,LogisticRegression,baseline,val,0.6663391213946953,1
seg_003090,sample_01030,New Life (take 1) - Bird Names,1,0.9913088750701955,classical_20260919T110356Z,LogisticRegression,baseline,val,0.6663391213946953,1
seg_003091,sample_01030,New Life (take 1) - Bird Names,1,0.9586162415173997,classical_20260919T110356Z,LogisticRegression,baseline,val,0.6663391213946953,1
seg_003092,sample_01030,New Life (take 1) - Bird Names,1,0.9892268781228387,classical_20260919T110356Z,LogisticRegression,baseline,val,0.6663391213946953,1
seg_003093,sample_01031,New Life (take 1) - Bird Names,1,0.8660477738904677,classical_20260919T110356Z,LogisticRegression,baseline,val,0.6663391213946953,1
seg_003094,sample_01031,New Life (take 1) - Bird Names,1,0.9037634184659002,classical_20260919T110356Z,LogisticRegression,baseline,val,0.6663391213946953,1
seg_003095,sample_01031,New Life (take 1) - Bird Names,1,0.9999658636600662,classical_20260919T110356Z,LogisticRegression,baseline,val,0.6663391213946953,1
seg_003096,sample_01032,Norweigian Wood II - Bird Names,1,0.5022160186220972,classical_20260919T110356Z,LogisticRegression,baseline,val,0.6663391213946953,0
seg_003097,sample_01032,Norweigian Wood II - Bird Names,1,0.9183681227672738,classical_20260919T110356Z,LogisticRegression,baseline,val,0.6663391213946953,1
seg_003098,sample_01032,Norweigian Wood II - Bird Names,1,0.9886120447671067,classical_20260919T110356Z,LogisticRegression,baseline,val,0.6663391213946953,1
seg_003099,sample_01033,Norweigian Wood II - Bird Names,1,0.876417836011174,classical_20260919T110356Z,LogisticRegression,baseline,val,0.6663391213946953,1
seg_003100,sample_01033,Norweigian Wood II - Bird Names,1,0.9783740197671884,classical_20260919T110356Z,LogisticRegression,baseline,val,0.6663391213946953,1
seg_003101,sample_01033,Norweigian Wood II - Bird Names,1,0.9999962820087201,classical_20260919T110356Z,LogisticRegression,baseline,val,0.6663391213946953,1
seg_003120,sample_01040,Roller Star - Monroeville Music Center,1,0.9892755959900903,classical_20260919T110356Z,LogisticRegression,baseline,val,0.6663391213946953,1
seg_003121,sample_01040,Roller Star - Monroeville Music Center,1,0.938240616346783,classical_20260919T110356Z,LogisticRegression,baseline,val,0.6663391213946953,1
seg_003122,sample_01040,Roller Star - Monroeville Music Center,1,0.9998900108721105,classical_20260919T110356Z,LogisticRegression,baseline,val,0.6663391213946953,1
seg_003123,sample_01041,Roller Star - Monroeville Music Center,1,0.9987122274150473,classical_20260919T110356Z,LogisticRegression,baseline,val,0.6663391213946953,1
seg_003124,sample_01041,Roller Star - Monroeville Music Center,1,0.9931637435799152,classical_20260919T110356Z,LogisticRegression,baseline,val,0.6663391213946953,1
seg_003125,sample_01041,Roller Star - Monroeville Music Center,1,0.9997677248396982,classical_20260919T110356Z,LogisticRegression,baseline,val,0.6663391213946953,1
seg_003126,sample_01042,"Roundtrip - Oh Yeah, the Future",1,0.9165221448510182,classical_20260919T110356Z,LogisticRegression,baseline,val,0.6663391213946953,1
seg_003127,sample_01042,"Roundtrip - Oh Yeah, the Future",1,0.8532725063204365,classical_20260919T110356Z,LogisticRegression,baseline,val,0.6663391213946953,1
seg_003128,sample_01042,"Roundtrip - Oh Yeah, the Future",1,0.9999782561645887,classical_20260919T110356Z,LogisticRegression,baseline,val,0.6663391213946953,1
seg_003129,sample_01043,"Roundtrip - Oh Yeah, the Future",1,0.8350529346295578,classical_20260919T110356Z,LogisticRegression,baseline,val,0.6663391213946953,1
seg_003130,sample_01043,"Roundtrip - Oh Yeah, the Future",1,0.6305790483337808,classical_20260919T110356Z,LogisticRegression,baseline,val,0.6663391213946953,0
seg_003131,sample_01043,"Roundtrip - Oh Yeah, the Future",1,0.9996326979200522,classical_20260919T110356Z,LogisticRegression,baseline,val,0.6663391213946953,1
seg_003144,sample_01048,Soleares&beats - Malaventura,1,0.9999284901150814,classical_20260919T110356Z,LogisticRegression,baseline,val,0.6663391213946953,1
seg_003145,sample_01048,Soleares&beats - Malaventura,1,0.90722859776143,classical_20260919T110356Z,LogisticRegression,baseline,val,0.6663391213946953,1
seg_003146,sample_01048,Soleares&beats - Malaventura,1,0.999972687794573,classical_20260919T110356Z,LogisticRegression,baseline,val,0.6663391213946953,1
seg_003147,sample_01049,Soleares&beats - Malaventura,1,0.747174256830965,classical_20260919T110356Z,LogisticRegression,baseline,val,0.6663391213946953,1
seg_003148,sample_01049,Soleares&beats - Malaventura,1,0.8162339188254656,classical_20260919T110356Z,LogisticRegression,baseline,val,0.6663391213946953,1
seg_003149,sample_01049,Soleares&beats - Malaventura,1,0.9394582524271701,classical_20260919T110356Z,LogisticRegression,baseline,val,0.6663391213946953,1
seg_003162,sample_01054,Stockholm Syndrome / People Should Be More Aware - Bird Names,1,0.035233735516536836,classical_20260919T110356Z,LogisticRegression,baseline,val,0.6663391213946953,0
seg_003163,sample_01054,Stockholm Syndrome / People Should Be More Aware - Bird Names,1,0.9019252755162731,classical_20260919T110356Z,LogisticRegression,baseline,val,0.6663391213946953,1
seg_003164,sample_01054,Stockholm Syndrome / People Should Be More Aware - Bird Names,1,0.462582133662965,classical_20260919T110356Z,LogisticRegression,baseline,val,0.6663391213946953,0
seg_003165,sample_01055,Stockholm Syndrome / People Should Be More Aware - Bird Names,1,0.9973140788554193,classical_20260919T110356Z,LogisticRegression,baseline,val,0.6663391213946953,1
seg_003166,sample_01055,Stockholm Syndrome / People Should Be More Aware - Bird Names,1,0.804250229242441,classical_20260919T110356Z,LogisticRegression,baseline,val,0.6663391213946953,1
seg_003167,sample_01055,Stockholm Syndrome / People Should Be More Aware - Bird Names,1,0.9984833654999177,classical_20260919T110356Z,LogisticRegression,baseline,val,0.6663391213946953,1
seg_003204,sample_01068,Time Is Love - Silence is full of birds,1,0.9999138368803352,classical_20260919T110356Z,LogisticRegression,baseline,val,0.6663391213946953,1
seg_003205,sample_01068,Time Is Love - Silence is full of birds,1,0.9388732756214749,classical_20260919T110356Z,LogisticRegression,baseline,val,0.6663391213946953,1
seg_003206,sample_01068,Time Is Love - Silence is full of birds,1,0.9991113102982204,classical_20260919T110356Z,LogisticRegression,baseline,val,0.6663391213946953,1
seg_003207,sample_01069,Time Is Love - Silence is full of birds,1,0.965846420819112,classical_20260919T110356Z,LogisticRegression,baseline,val,0.6663391213946953,1
seg_003208,sample_01069,Time Is Love - Silence is full of birds,1,0.6707679801835151,classical_20260919T110356Z,LogisticRegression,baseline,val,0.6663391213946953,1
seg_003209,sample_01069,Time Is Love - Silence is full of birds,1,0.9997904429216345,classical_20260919T110356Z,LogisticRegression,baseline,val,0.6663391213946953,1
seg_003246,sample_01082,2 (Wasn't There) - Isle of Pine,1,0.9625967196244029,classical_20260919T110356Z,LogisticRegression,baseline,val,0.6663391213946953,1
seg_003247,sample_01082,2 (Wasn't There) - Isle of Pine,1,0.3659787945467004,classical_20260919T110356Z,LogisticRegression,baseline,val,0.6663391213946953,0
seg_003248,sample_01082,2 (Wasn't There) - Isle of Pine,1,0.9998974880210852,classical_20260919T110356Z,LogisticRegression,baseline,val,0.6663391213946953,1
seg_003249,sample_01083,2 (Wasn't There) - Isle of Pine,1,0.9988786077535856,classical_20260919T110356Z,LogisticRegression,baseline,val,0.6663391213946953,1
seg_003250,sample_01083,2 (Wasn't There) - Isle of Pine,1,0.9649654522718806,classical_20260919T110356Z,LogisticRegression,baseline,val,0.6663391213946953,1
seg_003251,sample_01083,2 (Wasn't There) - Isle of Pine,1,0.9999825719501719,classical_20260919T110356Z,LogisticRegression,baseline,val,0.6663391213946953,1
seg_003276,sample_01092,Empty Pockets - Pete Prodoehl,1,0.9999487290752156,classical_20260919T110356Z,LogisticRegression,baseline,val,0.6663391213946953,1
seg_003277,sample_01092,Empty Pockets - Pete Prodoehl,1,0.0753172449729253,classical_20260919T110356Z,LogisticRegression,baseline,val,0.6663391213946953,0
seg_003278,sample_01092,Empty Pockets - Pete Prodoehl,1,0.9999949968791351,classical_20260919T110356Z,LogisticRegression,baseline,val,0.6663391213946953,1
seg_003279,sample_01093,Empty Pockets - Pete Prodoehl,1,0.9982774126987789,classical_20260919T110356Z,LogisticRegression,baseline,val,0.6663391213946953,1
seg_003280,sample_01093,Empty Pockets - Pete Prodoehl,1,0.8535536729348521,classical_20260919T110356Z,LogisticRegression,baseline,val,0.6663391213946953,1
seg_003281,sample_01093,Empty Pockets - Pete Prodoehl,1,0.9956543683758605,classical_20260919T110356Z,LogisticRegression,baseline,val,0.6663391213946953,1
seg_003294,sample_01098,Gila Monster Flop/Music History Lesson:The Sonics - The Crypts!,1,0.9791330308267662,classical_20260919T110356Z,LogisticRegression,baseline,val,0.6663391213946953,1
seg_003295,sample_01098,Gila Monster Flop/Music History Lesson:The Sonics - The Crypts!,1,0.8907197363527392,classical_20260919T110356Z,LogisticRegression,baseline,val,0.6663391213946953,1
seg_003296,sample_01098,Gila Monster Flop/Music History Lesson:The Sonics - The Crypts!,1,0.9933411315352834,classical_20260919T110356Z,LogisticRegression,baseline,val,0.6663391213946953,1
seg_003297,sample_01099,Gila Monster Flop/Music History Lesson:The Sonics - The Crypts!,1,0.9152785222056808,classical_20260919T110356Z,LogisticRegression,baseline,val,0.6663391213946953,1
seg_003298,sample_01099,Gila Monster Flop/Music History Lesson:The Sonics - The Crypts!,1,0.6508293072299726,classical_20260919T110356Z,LogisticRegression,baseline,val,0.6663391213946953,0
seg_003299,sample_01099,Gila Monster Flop/Music History Lesson:The Sonics - The Crypts!,1,0.9973715160561926,classical_20260919T110356Z,LogisticRegression,baseline,val,0.6663391213946953,1
seg_003312,sample_01104,I Fell - Mod Fun,1,0.9229013232113378,classical_20260919T110356Z,LogisticRegression,baseline,val,0.6663391213946953,1
seg_003313,sample_01104,I Fell - Mod Fun,1,0.9627548209982505,classical_20260919T110356Z,LogisticRegression,baseline,val,0.6663391213946953,1
seg_003314,sample_01104,I Fell - Mod Fun,1,0.9998780464472579,classical_20260919T110356Z,LogisticRegression,baseline,val,0.6663391213946953,1
seg_003315,sample_01105,I Fell - Mod Fun,1,0.9761538003158349,classical_20260919T110356Z,LogisticRegression,baseline,val,0.6663391213946953,1
seg_003316,sample_01105,I Fell - Mod Fun,1,0.9581230598211716,classical_20260919T110356Z,LogisticRegression,baseline,val,0.6663391213946953,1
seg_003317,sample_01105,I Fell - Mod Fun,1,0.999896163459502,classical_20260919T110356Z,LogisticRegression,baseline,val,0.6663391213946953,1
seg_003360,sample_01120,March of the GPA Mechanics - [t]ghost,1,0.9455335190145994,classical_20260919T110356Z,LogisticRegression,baseline,val,0.6663391213946953,1
seg_003361,sample_01120,March of the GPA Mechanics - [t]ghost,1,0.8932226395209055,classical_20260919T110356Z,LogisticRegression,baseline,val,0.6663391213946953,1
seg_003362,sample_01120,March of the GPA Mechanics - [t]ghost,1,0.9999853737516081,classical_20260919T110356Z,LogisticRegression,baseline,val,0.6663391213946953,1
seg_003363,sample_01121,March of the GPA Mechanics - [t]ghost,1,0.9911559270709756,classical_20260919T110356Z,LogisticRegression,baseline,val,0.6663391213946953,1
seg_003364,sample_01121,March of the GPA Mechanics - [t]ghost,1,0.9356274185647813,classical_20260919T110356Z,LogisticRegression,baseline,val,0.6663391213946953,1
seg_003365,sample_01121,March of the GPA Mechanics - [t]ghost,1,0.9942039561980702,classical_20260919T110356Z,LogisticRegression,baseline,val,0.6663391213946953,1
seg_003420,sample_01140,Scramby Eggs - Andy G. Cohen,1,0.4956653459582562,classical_20260919T110356Z,LogisticRegression,baseline,val,0.6663391213946953,0
seg_003421,sample_01140,Scramby Eggs - Andy G. Cohen,1,0.9211530974954083,classical_20260919T110356Z,LogisticRegression,baseline,val,0.6663391213946953,1
seg_003422,sample_01140,Scramby Eggs - Andy G. Cohen,1,0.9992815732610453,classical_20260919T110356Z,LogisticRegression,baseline,val,0.6663391213946953,1
seg_003423,sample_01141,Scramby Eggs - Andy G. Cohen,1,0.8882378910747601,classical_20260919T110356Z,LogisticRegression,baseline,val,0.6663391213946953,1
seg_003424,sample_01141,Scramby Eggs - Andy G. Cohen,1,0.2667892551837021,classical_20260919T110356Z,LogisticRegression,baseline,val,0.6663391213946953,0
seg_003425,sample_01141,Scramby Eggs - Andy G. Cohen,1,0.9999877346461012,classical_20260919T110356Z,LogisticRegression,baseline,val,0.6663391213946953,1
seg_003474,sample_01158,The girl just faded - Los Llamarada,1,0.9709729041560148,classical_20260919T110356Z,LogisticRegression,baseline,val,0.6663391213946953,1
seg_003475,sample_01158,The girl just faded - Los Llamarada,1,0.8393502116299993,classical_20260919T110356Z,LogisticRegression,baseline,val,0.6663391213946953,1
seg_003476,sample_01158,The girl just faded - Los Llamarada,1,0.8303104635192554,classical_20260919T110356Z,LogisticRegression,baseline,val,0.6663391213946953,1
seg_003477,sample_01159,The girl just faded - Los Llamarada,1,0.9916118471331999,classical_20260919T110356Z,LogisticRegression,baseline,val,0.6663391213946953,1
seg_003478,sample_01159,The girl just faded - Los Llamarada,1,0.5505092464124459,classical_20260919T110356Z,LogisticRegression,baseline,val,0.6663391213946953,0
seg_003479,sample_01159,The girl just faded - Los Llamarada,1,0.9539884338714185,classical_20260919T110356Z,LogisticRegression,baseline,val,0.6663391213946953,1
seg_003492,sample_01164,Voxel - Andy G. Cohen,1,0.9867565589175945,classical_20260919T110356Z,LogisticRegression,baseline,val,0.6663391213946953,1
seg_003493,sample_01164,Voxel - Andy G. Cohen,1,0.640276324501405,classical_20260919T110356Z,LogisticRegression,baseline,val,0.6663391213946953,0
seg_003494,sample_01164,Voxel - Andy G. Cohen,1,0.09946444890427825,classical_20260919T110356Z,LogisticRegression,baseline,val,0.6663391213946953,0
seg_003495,sample_01165,Voxel - Andy G. Cohen,1,0.16866845499220148,classical_20260919T110356Z,LogisticRegression,baseline,val,0.6663391213946953,0
seg_003496,sample_01165,Voxel - Andy G. Cohen,1,0.9995184995962395,classical_20260919T110356Z,LogisticRegression,baseline,val,0.6663391213946953,1
seg_003497,sample_01165,Voxel - Andy G. Cohen,1,0.4973519957089118,classical_20260919T110356Z,LogisticRegression,baseline,val,0.6663391213946953,0
seg_003516,sample_01172,Windows of the Skull - Sarin,1,0.9967399098020201,classical_20260919T110356Z,LogisticRegression,baseline,val,0.6663391213946953,1
seg_003517,sample_01172,Windows of the Skull - Sarin,1,0.9625885266168351,classical_20260919T110356Z,LogisticRegression,baseline,val,0.6663391213946953,1
seg_003518,sample_01172,Windows of the Skull - Sarin,1,0.999660089213449,classical_20260919T110356Z,LogisticRegression,baseline,val,0.6663391213946953,1
seg_003519,sample_01173,Windows of the Skull - Sarin,1,0.9998963760250639,classical_20260919T110356Z,LogisticRegression,baseline,val,0.6663391213946953,1
seg_003520,sample_01173,Windows of the Skull - Sarin,1,0.8841195990323056,classical_20260919T110356Z,LogisticRegression,baseline,val,0.6663391213946953,1
seg_003521,sample_01173,Windows of the Skull - Sarin,1,0.9999290169734016,classical_20260919T110356Z,LogisticRegression,baseline,val,0.6663391213946953,1
seg_003534,sample_01178,Новый Нью-Йорк 2 - Чокнутый Пропеллер,1,0.9951778204555225,classical_20260919T110356Z,LogisticRegression,baseline,val,0.6663391213946953,1
seg_003535,sample_01178,Новый Нью-Йорк 2 - Чокнутый Пропеллер,1,0.051746544071882374,classical_20260919T110356Z,LogisticRegression,baseline,val,0.6663391213946953,0
seg_003536,sample_01178,Новый Нью-Йорк 2 - Чокнутый Пропеллер,1,0.9668254958417145,classical_20260919T110356Z,LogisticRegression,baseline,val,0.6663391213946953,1
seg_003537,sample_01179,Новый Нью-Йорк 2 - Чокнутый Пропеллер,1,0.5698340288879693,classical_20260919T110356Z,LogisticRegression,baseline,val,0.6663391213946953,0
seg_003538,sample_01179,Новый Нью-Йорк 2 - Чокнутый Пропеллер,1,0.11664477322383197,classical_20260919T110356Z,LogisticRegression,baseline,val,0.6663391213946953,0
seg_003539,sample_01179,Новый Нью-Йорк 2 - Чокнутый Пропеллер,1,0.9501725924290226,classical_20260919T110356Z,LogisticRegression,baseline,val,0.6663391213946953,1
seg_003597,sample_01199,CopperNickle - UncleBibby,1,0.1328852005571858,classical_20260919T110356Z,LogisticRegression,baseline,val,0.6663391213946953,0
seg_003598,sample_01199,CopperNickle - UncleBibby,1,0.517050123610325,classical_20260919T110356Z,LogisticRegression,baseline,val,0.6663391213946953,0
seg_003599,sample_01199,CopperNickle - UncleBibby,1,0.9999850676803709,classical_20260919T110356Z,LogisticRegression,baseline,val,0.6663391213946953,1
seg_003606,sample_01202,Daylight Savings - My brother Daniel,1,0.3482675501388614,classical_20260919T110356Z,LogisticRegression,baseline,val,0.6663391213946953,0
seg_003607,sample_01202,Daylight Savings - My brother Daniel,1,0.9962402776361946,classical_20260919T110356Z,LogisticRegression,baseline,val,0.6663391213946953,1
seg_003608,sample_01202,Daylight Savings - My brother Daniel,1,0.9998339170951723,classical_20260919T110356Z,LogisticRegression,baseline,val,0.6663391213946953,1
seg_003633,sample_01211,Fifth Ramble - From the album Keith [RSVP007] - My brother Daniel,1,0.9959582708510627,classical_20260919T110356Z,LogisticRegression,baseline,val,0.6663391213946953,1
seg_003634,sample_01211,Fifth Ramble - From the album Keith [RSVP007] - My brother Daniel,1,0.6792745815666968,classical_20260919T110356Z,LogisticRegression,baseline,val,0.6663391213946953,1
seg_003635,sample_01211,Fifth Ramble - From the album Keith [RSVP007] - My brother Daniel,1,0.9852473872177446,classical_20260919T110356Z,LogisticRegression,baseline,val,0.6663391213946953,1
seg_003657,sample_01219,If You're Ther - Nicola Ratti,1,0.9956943971460096,classical_20260919T110356Z,LogisticRegression,baseline,val,0.6663391213946953,1
seg_003658,sample_01219,If You're Ther - Nicola Ratti,1,0.9999936948679379,classical_20260919T110356Z,LogisticRegression,baseline,val,0.6663391213946953,1
seg_003659,sample_01219,If You're Ther - Nicola Ratti,1,0.9999758221923974,classical_20260919T110356Z,LogisticRegression,baseline,val,0.6663391213946953,1
seg_003681,sample_01227,Kumorizoranohajimarutokoro - Hosomi,1,0.9942534492933425,classical_20260919T110356Z,LogisticRegression,baseline,val,0.6663391213946953,1
seg_003682,sample_01227,Kumorizoranohajimarutokoro - Hosomi,1,0.9868991119459655,classical_20260919T110356Z,LogisticRegression,baseline,val,0.6663391213946953,1
seg_003683,sample_01227,Kumorizoranohajimarutokoro - Hosomi,1,0.9993246058645414,classical_20260919T110356Z,LogisticRegression,baseline,val,0.6663391213946953,1
seg_003708,sample_01236,Loved Ones - Rowan Box,1,0.9856872205669046,classical_20260919T110356Z,LogisticRegression,baseline,val,0.6663391213946953,1
seg_003709,sample_01236,Loved Ones - Rowan Box,1,0.8911429258871971,classical_20260919T110356Z,LogisticRegression,baseline,val,0.6663391213946953,1
seg_003710,sample_01236,Loved Ones - Rowan Box,1,0.9813176634022983,classical_20260919T110356Z,LogisticRegression,baseline,val,0.6663391213946953,1
seg_003711,sample_01237,Morning Bell - Nihilore,1,0.19628835278713944,classical_20260919T110356Z,LogisticRegression,baseline,val,0.6663391213946953,0
seg_003712,sample_01237,Morning Bell - Nihilore,1,0.6561480474852169,classical_20260919T110356Z,LogisticRegression,baseline,val,0.6663391213946953,0
seg_003713,sample_01237,Morning Bell - Nihilore,1,0.999929974679518,classical_20260919T110356Z,LogisticRegression,baseline,val,0.6663391213946953,1
seg_003714,sample_01238,mystery team 2090 - Jesse Futerman,1,0.9966023762712505,classical_20260919T110356Z,LogisticRegression,baseline,val,0.6663391213946953,1
seg_003715,sample_01238,mystery team 2090 - Jesse Futerman,1,0.17710131423059458,classical_20260919T110356Z,LogisticRegression,baseline,val,0.6663391213946953,0
seg_003716,sample_01238,mystery team 2090 - Jesse Futerman,1,0.9994265222075981,classical_20260919T110356Z,LogisticRegression,baseline,val,0.6663391213946953,1
seg_003717,sample_01239,Night Drive - Decktonic,1,0.9602022558604437,classical_20260919T110356Z,LogisticRegression,baseline,val,0.6663391213946953,1
seg_003718,sample_01239,Night Drive - Decktonic,1,0.9999935587592333,classical_20260919T110356Z,LogisticRegression,baseline,val,0.6663391213946953,1
seg_003719,sample_01239,Night Drive - Decktonic,1,0.999997323760961,classical_20260919T110356Z,LogisticRegression,baseline,val,0.6663391213946953,1
seg_003729,sample_01243,Nuo Maisemat - Paavoharju,1,0.999964127241674,classical_20260919T110356Z,LogisticRegression,baseline,val,0.6663391213946953,1
seg_003730,sample_01243,Nuo Maisemat - Paavoharju,1,0.999998941921262,classical_20260919T110356Z,LogisticRegression,baseline,val,0.6663391213946953,1
seg_003731,sample_01243,Nuo Maisemat - Paavoharju,1,0.9997233753166391,classical_20260919T110356Z,LogisticRegression,baseline,val,0.6663391213946953,1
seg_003780,sample_01260,SD (Ill Mix) - H-LR,1,0.9094510933245034,classical_20260919T110356Z,LogisticRegression,baseline,val,0.6663391213946953,1
seg_003781,sample_01260,SD (Ill Mix) - H-LR,1,0.9086822391374333,classical_20260919T110356Z,LogisticRegression,baseline,val,0.6663391213946953,1
seg_003782,sample_01260,SD (Ill Mix) - H-LR,1,0.9977333460419617,classical_20260919T110356Z,LogisticRegression,baseline,val,0.6663391213946953,1
seg_003795,sample_01265,some dextromethorphan - Jeva,1,0.5154164208477564,classical_20260919T110356Z,LogisticRegression,baseline,val,0.6663391213946953,0
seg_003796,sample_01265,some dextromethorphan - Jeva,1,0.9993612836656779,classical_20260919T110356Z,LogisticRegression,baseline,val,0.6663391213946953,1
seg_003797,sample_01265,some dextromethorphan - Jeva,1,0.9999928237729621,classical_20260919T110356Z,LogisticRegression,baseline,val,0.6663391213946953,1
seg_003804,sample_01268,Sturgeon's Law - Nihilore,1,0.7659627658393847,classical_20260919T110356Z,LogisticRegression,baseline,val,0.6663391213946953,1
seg_003805,sample_01268,Sturgeon's Law - Nihilore,1,0.8739360645610699,classical_20260919T110356Z,LogisticRegression,baseline,val,0.6663391213946953,1
seg_003806,sample_01268,Sturgeon's Law - Nihilore,1,0.9999857938060486,classical_20260919T110356Z,LogisticRegression,baseline,val,0.6663391213946953,1
seg_003840,sample_01280,The Stairway - WarpToken,1,0.3654894107023274,classical_20260919T110356Z,LogisticRegression,baseline,val,0.6663391213946953,0
seg_003841,sample_01280,The Stairway - WarpToken,1,0.9999879451960275,classical_20260919T110356Z,LogisticRegression,baseline,val,0.6663391213946953,1
seg_003842,sample_01280,The Stairway - WarpToken,1,0.9999151266338362,classical_20260919T110356Z,LogisticRegression,baseline,val,0.6663391213946953,1
seg_003843,sample_01281,Three Bird - My brother Daniel,1,0.9991882601139702,classical_20260919T110356Z,LogisticRegression,baseline,val,0.6663391213946953,1
seg_003844,sample_01281,Three Bird - My brother Daniel,1,0.9158640075162721,classical_20260919T110356Z,LogisticRegression,baseline,val,0.6663391213946953,1
seg_003845,sample_01281,Three Bird - My brother Daniel,1,0.9999093407529164,classical_20260919T110356Z,LogisticRegression,baseline,val,0.6663391213946953,1
seg_003846,sample_01282,Timen Passing By - Jason Shaw,1,0.5243645030675413,classical_20260919T110356Z,LogisticRegression,baseline,val,0.6663391213946953,0
seg_003847,sample_01282,Timen Passing By - Jason Shaw,1,0.986861533542451,classical_20260919T110356Z,LogisticRegression,baseline,val,0.6663391213946953,1
seg_003848,sample_01282,Timen Passing By - Jason Shaw,1,0.9999638356796643,classical_20260919T110356Z,LogisticRegression,baseline,val,0.6663391213946953,1
seg_003864,sample_01288,Understand That This Is A Dream - From the album Modulating Coil [RSVP008] - Forrest James,1,0.9953956783007055,classical_20260919T110356Z,LogisticRegression,baseline,val,0.6663391213946953,1
seg_003865,sample_01288,Understand That This Is A Dream - From the album Modulating Coil [RSVP008] - Forrest James,1,0.9481557602596311,classical_20260919T110356Z,LogisticRegression,baseline,val,0.6663391213946953,1
seg_003866,sample_01288,Understand That This Is A Dream - From the album Modulating Coil [RSVP008] - Forrest James,1,0.9999905435050421,classical_20260919T110356Z,LogisticRegression,baseline,val,0.6663391213946953,1
seg_003873,sample_01291,Westside Chillers - Little Glass Men,1,0.9666360668855668,classical_20260919T110356Z,LogisticRegression,baseline,val,0.6663391213946953,1
seg_003874,sample_01291,Westside Chillers - Little Glass Men,1,0.9389713771781831,classical_20260919T110356Z,LogisticRegression,baseline,val,0.6663391213946953,1
seg_003875,sample_01291,Westside Chillers - Little Glass Men,1,0.9999472018717086,classical_20260919T110356Z,LogisticRegression,baseline,val,0.6663391213946953,1
seg_003885,sample_01295,Agora - Malaventura,1,0.0373570567076815,classical_20260919T110356Z,LogisticRegression,baseline,val,0.6663391213946953,0
seg_003886,sample_01295,Agora - Malaventura,1,0.9552851799967529,classical_20260919T110356Z,LogisticRegression,baseline,val,0.6663391213946953,1
seg_003887,sample_01295,Agora - Malaventura,1,0.9990944585258548,classical_20260919T110356Z,LogisticRegression,baseline,val,0.6663391213946953,1
seg_003912,sample_01304,Evil Cannot Create - Caleb Lemond,1,0.8821246124003612,classical_20260919T110356Z,LogisticRegression,baseline,val,0.6663391213946953,1
seg_003913,sample_01304,Evil Cannot Create - Caleb Lemond,1,0.7911871584703439,classical_20260919T110356Z,LogisticRegression,baseline,val,0.6663391213946953,1
seg_003914,sample_01304,Evil Cannot Create - Caleb Lemond,1,0.999982998918796,classical_20260919T110356Z,LogisticRegression,baseline,val,0.6663391213946953,1
seg_003972,sample_01324,My Body Is A Weapon (Compromise Edit) - Silence is full of birds,1,0.9993081560266787,classical_20260919T110356Z,LogisticRegression,baseline,val,0.6663391213946953,1
seg_003973,sample_01324,My Body Is A Weapon (Compromise Edit) - Silence is full of birds,1,0.9999955966409582,classical_20260919T110356Z,LogisticRegression,baseline,val,0.6663391213946953,1
seg_003974,sample_01324,My Body Is A Weapon (Compromise Edit) - Silence is full of birds,1,0.9999750394902666,classical_20260919T110356Z,LogisticRegression,baseline,val,0.6663391213946953,1
seg_003975,sample_01325,My Body Is A Weapon (Compromise Edit) - Silence is full of birds,1,0.9170021425711133,classical_20260919T110356Z,LogisticRegression,baseline,val,0.6663391213946953,1
seg_003976,sample_01325,My Body Is A Weapon (Compromise Edit) - Silence is full of birds,1,0.9999482189391755,classical_20260919T110356Z,LogisticRegression,baseline,val,0.6663391213946953,1
seg_003977,sample_01325,My Body Is A Weapon (Compromise Edit) - Silence is full of birds,1,0.9999934253102895,classical_20260919T110356Z,LogisticRegression,baseline,val,0.6663391213946953,1
seg_003987,sample_01329,New Life (take 1) - Bird Names,1,0.99838593888013,classical_20260919T110356Z,LogisticRegression,baseline,val,0.6663391213946953,1
seg_003988,sample_01329,New Life (take 1) - Bird Names,1,0.6748275306435779,classical_20260919T110356Z,LogisticRegression,baseline,val,0.6663391213946953,1
seg_003989,sample_01329,New Life (take 1) - Bird Names,1,0.9963766996912531,classical_20260919T110356Z,LogisticRegression,baseline,val,0.6663391213946953,1
seg_003990,sample_01330,New Life (take 1) - Bird Names,1,0.9860295648300652,classical_20260919T110356Z,LogisticRegression,baseline,val,0.6663391213946953,1
seg_003991,sample_01330,New Life (take 1) - Bird Names,1,0.9996847710246695,classical_20260919T110356Z,LogisticRegression,baseline,val,0.6663391213946953,1
seg_003992,sample_01330,New Life (take 1) - Bird Names,1,0.9999940171938032,classical_20260919T110356Z,LogisticRegression,baseline,val,0.6663391213946953,1
seg_003993,sample_01331,Norweigian Wood II - Bird Names,1,0.05526907967053783,classical_20260919T110356Z,LogisticRegression,baseline,val,0.6663391213946953,0
seg_003994,sample_01331,Norweigian Wood II - Bird Names,1,0.5368244114950649,classical_20260919T110356Z,LogisticRegression,baseline,val,0.6663391213946953,0
seg_003995,sample_01331,Norweigian Wood II - Bird Names,1,0.9999422765967378,classical_20260919T110356Z,LogisticRegression,baseline,val,0.6663391213946953,1
seg_004020,sample_01340,Roller Star - Monroeville Music Center,1,0.9752718890458281,classical_20260919T110356Z,LogisticRegression,baseline,val,0.6663391213946953,1
seg_004021,sample_01340,Roller Star - Monroeville Music Center,1,0.9582433049806629,classical_20260919T110356Z,LogisticRegression,baseline,val,0.6663391213946953,1
seg_004022,sample_01340,Roller Star - Monroeville Music Center,1,0.9997113253074226,classical_20260919T110356Z,LogisticRegression,baseline,val,0.6663391213946953,1
seg_004023,sample_01341,"Roundtrip - Oh Yeah, the Future",1,0.9965757761775753,classical_20260919T110356Z,LogisticRegression,baseline,val,0.6663391213946953,1
seg_004024,sample_01341,"Roundtrip - Oh Yeah, the Future",1,0.9605739697776463,classical_20260919T110356Z,LogisticRegression,baseline,val,0.6663391213946953,1
seg_004025,sample_01341,"Roundtrip - Oh Yeah, the Future",1,0.9999247102377096,classical_20260919T110356Z,LogisticRegression,baseline,val,0.6663391213946953,1
seg_004041,sample_01347,Soleares&beats - Malaventura,1,0.6878909709177202,classical_20260919T110356Z,LogisticRegression,baseline,val,0.6663391213946953,1
seg_004042,sample_01347,Soleares&beats - Malaventura,1,0.7736670416449101,classical_20260919T110356Z,LogisticRegression,baseline,val,0.6663391213946953,1
seg_004043,sample_01347,Soleares&beats - Malaventura,1,0.9999859884991775,classical_20260919T110356Z,LogisticRegression,baseline,val,0.6663391213946953,1
seg_004053,sample_01351,Stockholm Syndrome / People Should Be More Aware - Bird Names,1,0.9994949947988104,classical_20260919T110356Z,LogisticRegression,baseline,val,0.6663391213946953,1
seg_004054,sample_01351,Stockholm Syndrome / People Should Be More Aware - Bird Names,1,0.8140746732503817,classical_20260919T110356Z,LogisticRegression,baseline,val,0.6663391213946953,1
seg_004055,sample_01351,Stockholm Syndrome / People Should Be More Aware - Bird Names,1,0.9999981784569654,classical_20260919T110356Z,LogisticRegression,baseline,val,0.6663391213946953,1
seg_004056,sample_01352,Stockholm Syndrome / People Should Be More Aware - Bird Names,1,0.5001089951800459,classical_20260919T110356Z,LogisticRegression,baseline,val,0.6663391213946953,0
seg_004057,sample_01352,Stockholm Syndrome / People Should Be More Aware - Bird Names,1,0.9921105162990893,classical_20260919T110356Z,LogisticRegression,baseline,val,0.6663391213946953,1
seg_004058,sample_01352,Stockholm Syndrome / People Should Be More Aware - Bird Names,1,0.970579542565803,classical_20260919T110356Z,LogisticRegression,baseline,val,0.6663391213946953,1
seg_004086,sample_01362,Time Is Love - Silence is full of birds,1,0.735125071905055,classical_20260919T110356Z,LogisticRegression,baseline,val,0.6663391213946953,1
seg_004087,sample_01362,Time Is Love - Silence is full of birds,1,0.9425733084119661,classical_20260919T110356Z,LogisticRegression,baseline,val,0.6663391213946953,1
seg_004088,sample_01362,Time Is Love - Silence is full of birds,1,0.9999787660252429,classical_20260919T110356Z,LogisticRegression,baseline,val,0.6663391213946953,1
seg_004116,sample_01372,2 (Wasn't There) - Isle of Pine,1,0.9652437820308878,classical_20260919T110356Z,LogisticRegression,baseline,val,0.6663391213946953,1
seg_004117,sample_01372,2 (Wasn't There) - Isle of Pine,1,0.5488847588335747,classical_20260919T110356Z,LogisticRegression,baseline,val,0.6663391213946953,0
seg_004118,sample_01372,2 (Wasn't There) - Isle of Pine,1,0.9444491775661314,classical_20260919T110356Z,LogisticRegression,baseline,val,0.6663391213946953,1
seg_004146,sample_01382,Beyond Luxury - Mors Ontologica,1,0.06873885179334363,classical_20260919T110356Z,LogisticRegression,baseline,val,0.6663391213946953,0
seg_004147,sample_01382,Beyond Luxury - Mors Ontologica,1,0.9872276393632731,classical_20260919T110356Z,LogisticRegression,baseline,val,0.6663391213946953,1
seg_004148,sample_01382,Beyond Luxury - Mors Ontologica,1,0.999827759584629,classical_20260919T110356Z,LogisticRegression,baseline,val,0.6663391213946953,1
seg_004182,sample_01394,Empty Pockets - Pete Prodoehl,1,0.0017978302073119114,classical_20260919T110356Z,LogisticRegression,baseline,val,0.6663391213946953,0
seg_004183,sample_01394,Empty Pockets - Pete Prodoehl,1,0.9965264512063523,classical_20260919T110356Z,LogisticRegression,baseline,val,0.6663391213946953,1
seg_004184,sample_01394,Empty Pockets - Pete Prodoehl,1,0.9999765710360607,classical_20260919T110356Z,LogisticRegression,baseline,val,0.6663391213946953,1
seg_004191,sample_01397,Fear - Los Fancy Free,1,0.997715834640264,classical_20260919T110356Z,LogisticRegression,baseline,val,0.6663391213946953,1
seg_004192,sample_01397,Fear - Los Fancy Free,1,0.9403689780182538,classical_20260919T110356Z,LogisticRegression,baseline,val,0.6663391213946953,1
seg_004193,sample_01397,Fear - Los Fancy Free,1,0.9999803078105253,classical_20260919T110356Z,LogisticRegression,baseline,val,0.6663391213946953,1
seg_004206,sample_01402,Gila Monster Flop/Music History Lesson:The Sonics - The Crypts!,1,0.9969260586663224,classical_20260919T110356Z,LogisticRegression,baseline,val,0.6663391213946953,1
seg_004207,sample_01402,Gila Monster Flop/Music History Lesson:The Sonics - The Crypts!,1,0.7753218392126902,classical_20260919T110356Z,LogisticRegression,baseline,val,0.6663391213946953,1
seg_004208,sample_01402,Gila Monster Flop/Music History Lesson:The Sonics - The Crypts!,1,0.9999973976228087,classical_20260919T110356Z,LogisticRegression,baseline,val,0.6663391213946953,1
seg_004245,sample_01415,I Fell - Mod Fun,1,0.9474978803655884,classical_20260919T110356Z,LogisticRegression,baseline,val,0.6663391213946953,1
seg_004246,sample_01415,I Fell - Mod Fun,1,0.9855698470964918,classical_20260919T110356Z,LogisticRegression,baseline,val,0.6663391213946953,1
seg_004247,sample_01415,I Fell - Mod Fun,1,0.9999932972741202,classical_20260919T110356Z,LogisticRegression,baseline,val,0.6663391213946953,1
seg_004275,sample_01425,Lights Up - Pipe Choir,1,0.9803667978769717,classical_20260919T110356Z,LogisticRegression,baseline,val,0.6663391213946953,1
seg_004276,sample_01425,Lights Up - Pipe Choir,1,0.999748596792771,classical_20260919T110356Z,LogisticRegression,baseline,val,0.6663391213946953,1
seg_004277,sample_01425,Lights Up - Pipe Choir,1,0.9999733340332817,classical_20260919T110356Z,LogisticRegression,baseline,val,0.6663391213946953,1
seg_004287,sample_01429,March of the GPA Mechanics - [t]ghost,1,0.9940954538469995,classical_20260919T110356Z,LogisticRegression,baseline,val,0.6663391213946953,1
seg_004288,sample_01429,March of the GPA Mechanics - [t]ghost,1,0.9779589548696717,classical_20260919T110356Z,LogisticRegression,baseline,val,0.6663391213946953,1
seg_004289,sample_01429,March of the GPA Mechanics - [t]ghost,1,0.9999965956649154,classical_20260919T110356Z,LogisticRegression,baseline,val,0.6663391213946953,1
seg_004326,sample_01442,Redlight - Room For A Ghost,1,0.9040811027939207,classical_20260919T110356Z,LogisticRegression,baseline,val,0.6663391213946953,1
seg_004327,sample_01442,Redlight - Room For A Ghost,1,0.7590425900480942,classical_20260919T110356Z,LogisticRegression,baseline,val,0.6663391213946953,1
seg_004328,sample_01442,Redlight - Room For A Ghost,1,0.9999853280311375,classical_20260919T110356Z,LogisticRegression,baseline,val,0.6663391213946953,1
seg_004341,sample_01447,Scramby Eggs - Andy G. Cohen,1,0.9918080580872255,classical_20260919T110356Z,LogisticRegression,baseline,val,0.6663391213946953,1
seg_004342,sample_01447,Scramby Eggs - Andy G. Cohen,1,0.9647509702272625,classical_20260919T110356Z,LogisticRegression,baseline,val,0.6663391213946953,1
seg_004343,sample_01447,Scramby Eggs - Andy G. Cohen,1,0.999984784959402,classical_20260919T110356Z,LogisticRegression,baseline,val,0.6663391213946953,1
seg_004353,sample_01451,Shipwrecked Crew - Pete Prodoehl,1,0.05614966311756758,classical_20260919T110356Z,LogisticRegression,baseline,val,0.6663391213946953,0
seg_004354,sample_01451,Shipwrecked Crew - Pete Prodoehl,1,0.40087348499663705,classical_20260919T110356Z,LogisticRegression,baseline,val,0.6663391213946953,0
seg_004355,sample_01451,Shipwrecked Crew - Pete Prodoehl,1,0.99995371685818,classical_20260919T110356Z,LogisticRegression,baseline,val,0.6663391213946953,1
seg_004383,sample_01461,The girl just faded - Los Llamarada,1,0.295803110644089,classical_20260919T110356Z,LogisticRegression,baseline,val,0.6663391213946953,0
seg_004384,sample_01461,The girl just faded - Los Llamarada,1,0.9034994652183846,classical_20260919T110356Z,LogisticRegression,baseline,val,0.6663391213946953,1
seg_004385,sample_01461,The girl just faded - Los Llamarada,1,0.9220925188413625,classical_20260919T110356Z,LogisticRegression,baseline,val,0.6663391213946953,1
seg_004401,sample_01467,Voxel - Andy G. Cohen,1,0.9972640870357435,classical_20260919T110356Z,LogisticRegression,baseline,val,0.6663391213946953,1
seg_004402,sample_01467,Voxel - Andy G. Cohen,1,0.9005058868746835,classical_20260919T110356Z,LogisticRegression,baseline,val,0.6663391213946953,1
seg_004403,sample_01467,Voxel - Andy G. Cohen,1,0.9999948376960954,classical_20260919T110356Z,LogisticRegression,baseline,val,0.6663391213946953,1
seg_004425,sample_01475,Windows of the Skull - Sarin,1,0.9998706210502236,classical_20260919T110356Z,LogisticRegression,baseline,val,0.6663391213946953,1
seg_004426,sample_01475,Windows of the Skull - Sarin,1,0.5302737686176346,classical_20260919T110356Z,LogisticRegression,baseline,val,0.6663391213946953,0
seg_004427,sample_01475,Windows of the Skull - Sarin,1,0.8560570117557457,classical_20260919T110356Z,LogisticRegression,baseline,val,0.6663391213946953,1
seg_004464,sample_01488,Night Drive - Decktonic,1,0.39476596130689623,classical_20260919T110356Z,LogisticRegression,baseline,val,0.6663391213946953,0
seg_004465,sample_01488,Night Drive - Decktonic,1,0.30049637034132654,classical_20260919T110356Z,LogisticRegression,baseline,val,0.6663391213946953,0
seg_004466,sample_01488,Night Drive - Decktonic,1,0.9754252266077976,classical_20260919T110356Z,LogisticRegression,baseline,val,0.6663391213946953,1
seg_004521,sample_01507,Nuo Maisemat - Paavoharju,1,0.31389777781297074,classical_20260919T110356Z,LogisticRegression,baseline,val,0.6663391213946953,0
seg_004522,sample_01507,Nuo Maisemat - Paavoharju,1,0.835784311974377,classical_20260919T110356Z,LogisticRegression,baseline,val,0.6663391213946953,1
seg_004523,sample_01507,Nuo Maisemat - Paavoharju,1,0.7513115935366016,classical_20260919T110356Z,LogisticRegression,baseline,val,0.6663391213946953,1
seg_004536,sample_01512,CopperNickle - UncleBibby,1,0.09494971011815648,classical_20260919T110356Z,LogisticRegression,baseline,val,0.6663391213946953,0
seg_004537,sample_01512,CopperNickle - UncleBibby,1,0.010326324423041506,classical_20260919T110356Z,LogisticRegression,baseline,val,0.6663391213946953,0
seg_004538,sample_01512,CopperNickle - UncleBibby,1,0.23274830037289385,classical_20260919T110356Z,LogisticRegression,baseline,val,0.6663391213946953,0
seg_004539,sample_01513,Daylight Savings - My brother Daniel,1,0.9885055739904903,classical_20260919T110356Z,LogisticRegression,baseline,val,0.6663391213946953,1
seg_004540,sample_01513,Daylight Savings - My brother Daniel,1,0.5474333647009124,classical_20260919T110356Z,LogisticRegression,baseline,val,0.6663391213946953,0
seg_004541,sample_01513,Daylight Savings - My brother Daniel,1,0.45781224797399067,classical_20260919T110356Z,LogisticRegression,baseline,val,0.6663391213946953,0
seg_004542,sample_01514,mystery team 2090 - Jesse Futerman,1,0.9057998236829743,classical_20260919T110356Z,LogisticRegression,baseline,val,0.6663391213946953,1
seg_004543,sample_01514,mystery team 2090 - Jesse Futerman,1,0.8774043844619026,classical_20260919T110356Z,LogisticRegression,baseline,val,0.6663391213946953,1
seg_004544,sample_01514,mystery team 2090 - Jesse Futerman,1,0.9643647487807435,classical_20260919T110356Z,LogisticRegression,baseline,val,0.6663391213946953,1
seg_004575,sample_01525,SD (Ill Mix) - H-LR,1,0.04487165650697866,classical_20260919T110356Z,LogisticRegression,baseline,val,0.6663391213946953,0
seg_004576,sample_01525,SD (Ill Mix) - H-LR,1,0.0004368397614949619,classical_20260919T110356Z,LogisticRegression,baseline,val,0.6663391213946953,0
seg_004577,sample_01525,SD (Ill Mix) - H-LR,1,0.8559764637421542,classical_20260919T110356Z,LogisticRegression,baseline,val,0.6663391213946953,1
seg_004590,sample_01530,Stockholm Syndrome / People Should Be More Aware - Bird Names,1,0.8808156410389651,classical_20260919T110356Z,LogisticRegression,baseline,val,0.6663391213946953,1
seg_004591,sample_01530,Stockholm Syndrome / People Should Be More Aware - Bird Names,1,0.4447835810559516,classical_20260919T110356Z,LogisticRegression,baseline,val,0.6663391213946953,0
seg_004592,sample_01530,Stockholm Syndrome / People Should Be More Aware - Bird Names,1,0.9640359407130075,classical_20260919T110356Z,LogisticRegression,baseline,val,0.6663391213946953,1
seg_004596,sample_01532,Time Is Love - Silence is full of birds,1,0.01356185158941731,classical_20260919T110356Z,LogisticRegression,baseline,val,0.6663391213946953,0
seg_004597,sample_01532,Time Is Love - Silence is full of birds,1,0.0014852904439704947,classical_20260919T110356Z,LogisticRegression,baseline,val,0.6663391213946953,0
seg_004598,sample_01532,Time Is Love - Silence is full of birds,1,0.2571650381183412,classical_20260919T110356Z,LogisticRegression,baseline,val,0.6663391213946953,0
seg_004602,sample_01534,Roller Star - Monroeville Music Center,1,0.19764620452946344,classical_20260919T110356Z,LogisticRegression,baseline,val,0.6663391213946953,0
seg_004603,sample_01534,Roller Star - Monroeville Music Center,1,0.9999999350333024,classical_20260919T110356Z,LogisticRegression,baseline,val,0.6663391213946953,1
seg_004604,sample_01534,Roller Star - Monroeville Music Center,1,0.9938178562404018,classical_20260919T110356Z,LogisticRegression,baseline,val,0.6663391213946953,1
seg_004611,sample_01537,Soleares&beats - Malaventura,1,0.008028427219942508,classical_20260919T110356Z,LogisticRegression,baseline,val,0.6663391213946953,0
seg_004612,sample_01537,Soleares&beats - Malaventura,1,0.9576619361764686,classical_20260919T110356Z,LogisticRegression,baseline,val,0.6663391213946953,1
seg_004613,sample_01537,Soleares&beats - Malaventura,1,0.010416380148653627,classical_20260919T110356Z,LogisticRegression,baseline,val,0.6663391213946953,0
seg_004629,sample_01543,Evil Cannot Create - Caleb Lemond,1,0.12402059336324762,classical_20260919T110356Z,LogisticRegression,baseline,val,0.6663391213946953,0
seg_004630,sample_01543,Evil Cannot Create - Caleb Lemond,1,0.990560299446071,classical_20260919T110356Z,LogisticRegression,baseline,val,0.6663391213946953,1
seg_004631,sample_01543,Evil Cannot Create - Caleb Lemond,1,0.9999439763825476,classical_20260919T110356Z,LogisticRegression,baseline,val,0.6663391213946953,1
seg_004647,sample_01549,"Roundtrip - Oh Yeah, the Future",1,0.9836024743253214,classical_20260919T110356Z,LogisticRegression,baseline,val,0.6663391213946953,1
seg_004648,sample_01549,"Roundtrip - Oh Yeah, the Future",1,0.9995858495192723,classical_20260919T110356Z,LogisticRegression,baseline,val,0.6663391213946953,1
seg_004649,sample_01549,"Roundtrip - Oh Yeah, the Future",1,0.9998092660099073,classical_20260919T110356Z,LogisticRegression,baseline,val,0.6663391213946953,1
seg_004692,sample_01564,Norweigian Wood II - Bird Names,1,0.8460882192865508,classical_20260919T110356Z,LogisticRegression,baseline,val,0.6663391213946953,1
seg_004693,sample_01564,Norweigian Wood II - Bird Names,1,0.7848735790678316,classical_20260919T110356Z,LogisticRegression,baseline,val,0.6663391213946953,1
seg_004694,sample_01564,Norweigian Wood II - Bird Names,1,0.9694381268962008,classical_20260919T110356Z,LogisticRegression,baseline,val,0.6663391213946953,1
seg_004695,sample_01565,New Life (take 1) - Bird Names,1,0.9972259642817681,classical_20260919T110356Z,LogisticRegression,baseline,val,0.6663391213946953,1
seg_004696,sample_01565,New Life (take 1) - Bird Names,1,0.9523558396688573,classical_20260919T110356Z,LogisticRegression,baseline,val,0.6663391213946953,1
seg_004697,sample_01565,New Life (take 1) - Bird Names,1,0.9964951906379709,classical_20260919T110356Z,LogisticRegression,baseline,val,0.6663391213946953,1
seg_004698,sample_01566,New Life (take 1) - Bird Names,1,0.35979569205471956,classical_20260919T110356Z,LogisticRegression,baseline,val,0.6663391213946953,0
seg_004699,sample_01566,New Life (take 1) - Bird Names,1,0.3197828771823302,classical_20260919T110356Z,LogisticRegression,baseline,val,0.6663391213946953,0
seg_004700,sample_01566,New Life (take 1) - Bird Names,1,0.8230455776167727,classical_20260919T110356Z,LogisticRegression,baseline,val,0.6663391213946953,1
seg_004779,sample_01593,Gila Monster Flop/Music History Lesson:The Sonics - The Crypts!,1,0.6965533457802888,classical_20260919T110356Z,LogisticRegression,baseline,val,0.6663391213946953,1
seg_004780,sample_01593,Gila Monster Flop/Music History Lesson:The Sonics - The Crypts!,1,0.5326567650978976,classical_20260919T110356Z,LogisticRegression,baseline,val,0.6663391213946953,0
seg_004781,sample_01593,Gila Monster Flop/Music History Lesson:The Sonics - The Crypts!,1,0.8912668316802397,classical_20260919T110356Z,LogisticRegression,baseline,val,0.6663391213946953,1
seg_004821,sample_01607,March of the GPA Mechanics - [t]ghost,1,0.6684896598436632,classical_20260919T110356Z,LogisticRegression,baseline,val,0.6663391213946953,1
seg_004822,sample_01607,March of the GPA Mechanics - [t]ghost,1,0.03868506596323064,classical_20260919T110356Z,LogisticRegression,baseline,val,0.6663391213946953,0
seg_004823,sample_01607,March of the GPA Mechanics - [t]ghost,1,0.6457794283771338,classical_20260919T110356Z,LogisticRegression,baseline,val,0.6663391213946953,0
seg_004824,sample_01608,Windows of the Skull - Sarin,1,0.6173566238345046,classical_20260919T110356Z,LogisticRegression,baseline,val,0.6663391213946953,0
seg_004825,sample_01608,Windows of the Skull - Sarin,1,0.6243224313063026,classical_20260919T110356Z,LogisticRegression,baseline,val,0.6663391213946953,0
seg_004826,sample_01608,Windows of the Skull - Sarin,1,0.2794137475994353,classical_20260919T110356Z,LogisticRegression,baseline,val,0.6663391213946953,0
seg_004830,sample_01610,Empty Pockets - Pete Prodoehl,1,0.19442257337854846,classical_20260919T110356Z,LogisticRegression,baseline,val,0.6663391213946953,0
seg_004831,sample_01610,Empty Pockets - Pete Prodoehl,1,0.7109233772667046,classical_20260919T110356Z,LogisticRegression,baseline,val,0.6663391213946953,1
seg_004832,sample_01610,Empty Pockets - Pete Prodoehl,1,0.7459181502691276,classical_20260919T110356Z,LogisticRegression,baseline,val,0.6663391213946953,1
seg_004836,sample_01612,Scramby Eggs - Andy G. Cohen,1,0.018611607396510587,classical_20260919T110356Z,LogisticRegression,baseline,val,0.6663391213946953,0
seg_004837,sample_01612,Scramby Eggs - Andy G. Cohen,1,0.32367366439357986,classical_20260919T110356Z,LogisticRegression,baseline,val,0.6663391213946953,0
seg_004838,sample_01612,Scramby Eggs - Andy G. Cohen,1,0.03696586453984348,classical_20260919T110356Z,LogisticRegression,baseline,val,0.6663391213946953,0
seg_004839,sample_01613,Voxel - Andy G. Cohen,1,0.6384378895554925,classical_20260919T110356Z,LogisticRegression,baseline,val,0.6663391213946953,0
seg_004840,sample_01613,Voxel - Andy G. Cohen,1,0.2770621487049868,classical_20260919T110356Z,LogisticRegression,baseline,val,0.6663391213946953,0
seg_004841,sample_01613,Voxel - Andy G. Cohen,1,0.5789496150054254,classical_20260919T110356Z,LogisticRegression,baseline,val,0.6663391213946953,0
seg_004845,sample_01615,The girl just faded - Los Llamarada,1,0.8083389781770014,classical_20260919T110356Z,LogisticRegression,baseline,val,0.6663391213946953,1
seg_004846,sample_01615,The girl just faded - Los Llamarada,1,0.8398324584336788,classical_20260919T110356Z,LogisticRegression,baseline,val,0.6663391213946953,1
seg_004847,sample_01615,The girl just faded - Los Llamarada,1,0.87031453380284,classical_20260919T110356Z,LogisticRegression,baseline,val,0.6663391213946953,1
seg_004860,sample_01620,2 (Wasn't There) - Isle of Pine,1,0.9458078864966794,classical_20260919T110356Z,LogisticRegression,baseline,val,0.6663391213946953,1
seg_004861,sample_01620,2 (Wasn't There) - Isle of Pine,1,0.44493217615413944,classical_20260919T110356Z,LogisticRegression,baseline,val,0.6663391213946953,0
seg_004862,sample_01620,2 (Wasn't There) - Isle of Pine,1,0.9477507503334042,classical_20260919T110356Z,LogisticRegression,baseline,val,0.6663391213946953,1
seg_004866,sample_01622,I Fell - Mod Fun,1,0.9623208734451062,classical_20260919T110356Z,LogisticRegression,baseline,val,0.6663391213946953,1
seg_004867,sample_01622,I Fell - Mod Fun,1,0.31598383916582734,classical_20260919T110356Z,LogisticRegression,baseline,val,0.6663391213946953,0
seg_004868,sample_01622,I Fell - Mod Fun,1,0.7340200451644276,classical_20260919T110356Z,LogisticRegression,baseline,val,0.6663391213946953,1
seg_004872,sample_01624,Новый Нью-Йорк 2 - Чокнутый Пропеллер,1,0.886620157431167,classical_20260919T110356Z,LogisticRegression,baseline,val,0.6663391213946953,1
seg_004873,sample_01624,Новый Нью-Йорк 2 - Чокнутый Пропеллер,1,0.13412175271560411,classical_20260919T110356Z,LogisticRegression,baseline,val,0.6663391213946953,0
seg_004874,sample_01624,Новый Нью-Йорк 2 - Чокнутый Пропеллер,1,0.09553755536989794,classical_20260919T110356Z,LogisticRegression,baseline,val,0.6663391213946953,0
seg_004908,sample_01636,CopperNickle - UncleBibby,1,0.9573705708224981,classical_20260919T110356Z,LogisticRegression,baseline,val,0.6663391213946953,1
seg_004909,sample_01636,CopperNickle - UncleBibby,1,0.9999999962901118,classical_20260919T110356Z,LogisticRegression,baseline,val,0.6663391213946953,1
seg_004910,sample_01636,CopperNickle - UncleBibby,1,0.9192647465127983,classical_20260919T110356Z,LogisticRegression,baseline,val,0.6663391213946953,1
seg_004914,sample_01638,Daylight Savings - My brother Daniel,1,0.9999473429267302,classical_20260919T110356Z,LogisticRegression,baseline,val,0.6663391213946953,1
seg_004915,sample_01638,Daylight Savings - My brother Daniel,1,0.9412762861774455,classical_20260919T110356Z,LogisticRegression,baseline,val,0.6663391213946953,1
seg_004916,sample_01638,Daylight Savings - My brother Daniel,1,0.9984580474210413,classical_20260919T110356Z,LogisticRegression,baseline,val,0.6663391213946953,1
seg_004947,sample_01649,mystery team 2090 - Jesse Futerman,1,0.6714786964542212,classical_20260919T110356Z,LogisticRegression,baseline,val,0.6663391213946953,1
seg_004948,sample_01649,mystery team 2090 - Jesse Futerman,1,0.9986117772682704,classical_20260919T110356Z,LogisticRegression,baseline,val,0.6663391213946953,1
seg_004949,sample_01649,mystery team 2090 - Jesse Futerman,1,0.9876343135137667,classical_20260919T110356Z,LogisticRegression,baseline,val,0.6663391213946953,1
seg_004950,sample_01650,Night Drive - Decktonic,1,0.46207146253425585,classical_20260919T110356Z,LogisticRegression,baseline,val,0.6663391213946953,0
seg_004951,sample_01650,Night Drive - Decktonic,1,0.9747576763756599,classical_20260919T110356Z,LogisticRegression,baseline,val,0.6663391213946953,1
seg_004952,sample_01650,Night Drive - Decktonic,1,0.9979190462738156,classical_20260919T110356Z,LogisticRegression,baseline,val,0.6663391213946953,1
seg_004959,sample_01653,Nuo Maisemat - Paavoharju,1,0.9996853240466312,classical_20260919T110356Z,LogisticRegression,baseline,val,0.6663391213946953,1
seg_004960,sample_01653,Nuo Maisemat - Paavoharju,1,0.9914578316595769,classical_20260919T110356Z,LogisticRegression,baseline,val,0.6663391213946953,1
seg_004961,sample_01653,Nuo Maisemat - Paavoharju,1,0.9999465015750445,classical_20260919T110356Z,LogisticRegression,baseline,val,0.6663391213946953,1
seg_005001,sample_01667,SD (Ill Mix) - H-LR,1,0.9999225080576503,classical_20260919T110356Z,LogisticRegression,baseline,val,0.6663391213946953,1
seg_005002,sample_01667,SD (Ill Mix) - H-LR,1,0.9995006210250678,classical_20260919T110356Z,LogisticRegression,baseline,val,0.6663391213946953,1
seg_005003,sample_01667,SD (Ill Mix) - H-LR,1,0.9999995667950494,classical_20260919T110356Z,LogisticRegression,baseline,val,0.6663391213946953,1
seg_005055,sample_01685,Evil Cannot Create - Caleb Lemond,1,0.9965535614693755,classical_20260919T110356Z,LogisticRegression,baseline,val,0.6663391213946953,1
seg_005056,sample_01685,Evil Cannot Create - Caleb Lemond,1,0.6928888399885121,classical_20260919T110356Z,LogisticRegression,baseline,val,0.6663391213946953,1
seg_005057,sample_01685,Evil Cannot Create - Caleb Lemond,1,0.33617901516706306,classical_20260919T110356Z,LogisticRegression,baseline,val,0.6663391213946953,0
seg_005111,sample_01704,New Life (take 1) - Bird Names,1,0.8686103602998,classical_20260919T110356Z,LogisticRegression,baseline,val,0.6663391213946953,1
seg_005112,sample_01704,New Life (take 1) - Bird Names,1,0.9345738952228031,classical_20260919T110356Z,LogisticRegression,baseline,val,0.6663391213946953,1
seg_005113,sample_01704,New Life (take 1) - Bird Names,1,0.9983026820826897,classical_20260919T110356Z,LogisticRegression,baseline,val,0.6663391213946953,1
seg_005114,sample_01705,Norweigian Wood II - Bird Names,1,0.9038067417977331,classical_20260919T110356Z,LogisticRegression,baseline,val,0.6663391213946953,1
seg_005115,sample_01705,Norweigian Wood II - Bird Names,1,0.9643919004251978,classical_20260919T110356Z,LogisticRegression,baseline,val,0.6663391213946953,1
seg_005116,sample_01705,Norweigian Wood II - Bird Names,1,0.998002416433297,classical_20260919T110356Z,LogisticRegression,baseline,val,0.6663391213946953,1
seg_005126,sample_01709,Roller Star - Monroeville Music Center,1,0.9999030503608385,classical_20260919T110356Z,LogisticRegression,baseline,val,0.6663391213946953,1
seg_005127,sample_01709,Roller Star - Monroeville Music Center,1,0.9831175473344125,classical_20260919T110356Z,LogisticRegression,baseline,val,0.6663391213946953,1
seg_005128,sample_01709,Roller Star - Monroeville Music Center,1,0.997833770900779,classical_20260919T110356Z,LogisticRegression,baseline,val,0.6663391213946953,1
seg_005129,sample_01710,"Roundtrip - Oh Yeah, the Future",1,0.9986291650637461,classical_20260919T110356Z,LogisticRegression,baseline,val,0.6663391213946953,1
seg_005130,sample_01710,"Roundtrip - Oh Yeah, the Future",1,0.9949270062750318,classical_20260919T110356Z,LogisticRegression,baseline,val,0.6663391213946953,1
seg_005131,sample_01710,"Roundtrip - Oh Yeah, the Future",1,0.8985311827129927,classical_20260919T110356Z,LogisticRegression,baseline,val,0.6663391213946953,1
seg_005138,sample_01713,Soleares&beats - Malaventura,1,0.9126899591670169,classical_20260919T110356Z,LogisticRegression,baseline,val,0.6663391213946953,1
seg_005139,sample_01713,Soleares&beats - Malaventura,1,0.8620092006580868,classical_20260919T110356Z,LogisticRegression,baseline,val,0.6663391213946953,1
seg_005140,sample_01713,Soleares&beats - Malaventura,1,0.9966375323681168,classical_20260919T110356Z,LogisticRegression,baseline,val,0.6663391213946953,1
seg_005147,sample_01716,Stockholm Syndrome / People Should Be More Aware - Bird Names,1,0.9683709953576998,classical_20260919T110356Z,LogisticRegression,baseline,val,0.6663391213946953,1
seg_005148,sample_01716,Stockholm Syndrome / People Should Be More Aware - Bird Names,1,0.9998019184515763,classical_20260919T110356Z,LogisticRegression,baseline,val,0.6663391213946953,1
seg_005149,sample_01716,Stockholm Syndrome / People Should Be More Aware - Bird Names,1,0.9992325982858972,classical_20260919T110356Z,LogisticRegression,baseline,val,0.6663391213946953,1
seg_005168,sample_01723,Time Is Love - Silence is full of birds,1,0.9856445073749386,classical_20260919T110356Z,LogisticRegression,baseline,val,0.6663391213946953,1
seg_005169,sample_01723,Time Is Love - Silence is full of birds,1,0.9999370561717392,classical_20260919T110356Z,LogisticRegression,baseline,val,0.6663391213946953,1
seg_005170,sample_01723,Time Is Love - Silence is full of birds,1,0.999790437591071,classical_20260919T110356Z,LogisticRegression,baseline,val,0.6663391213946953,1
seg_005188,sample_01730,2 (Wasn't There) - Isle of Pine,1,0.9990238547668451,classical_20260919T110356Z,LogisticRegression,baseline,val,0.6663391213946953,1
seg_005189,sample_01730,2 (Wasn't There) - Isle of Pine,1,0.7472247747037882,classical_20260919T110356Z,LogisticRegression,baseline,val,0.6663391213946953,1
seg_005190,sample_01730,2 (Wasn't There) - Isle of Pine,1,0.9997567816916217,classical_20260919T110356Z,LogisticRegression,baseline,val,0.6663391213946953,1
seg_005203,sample_01735,Empty Pockets - Pete Prodoehl,1,0.9333643373388453,classical_20260919T110356Z,LogisticRegression,baseline,val,0.6663391213946953,1
seg_005204,sample_01735,Empty Pockets - Pete Prodoehl,1,0.9996976026937888,classical_20260919T110356Z,LogisticRegression,baseline,val,0.6663391213946953,1
seg_005205,sample_01735,Empty Pockets - Pete Prodoehl,1,0.7087572391925435,classical_20260919T110356Z,LogisticRegression,baseline,val,0.6663391213946953,1
seg_005212,sample_01738,Gila Monster Flop/Music History Lesson:The Sonics - The Crypts!,1,0.9724362823260878,classical_20260919T110356Z,LogisticRegression,baseline,val,0.6663391213946953,1
seg_005213,sample_01738,Gila Monster Flop/Music History Lesson:The Sonics - The Crypts!,1,0.9556053561238826,classical_20260919T110356Z,LogisticRegression,baseline,val,0.6663391213946953,1
seg_005214,sample_01738,Gila Monster Flop/Music History Lesson:The Sonics - The Crypts!,1,0.9981680769223077,classical_20260919T110356Z,LogisticRegression,baseline,val,0.6663391213946953,1
seg_005221,sample_01741,I Fell - Mod Fun,1,0.9925554490205516,classical_20260919T110356Z,LogisticRegression,baseline,val,0.6663391213946953,1
seg_005222,sample_01741,I Fell - Mod Fun,1,0.9995713683557437,classical_20260919T110356Z,LogisticRegression,baseline,val,0.6663391213946953,1
seg_005223,sample_01741,I Fell - Mod Fun,1,0.987604193705172,classical_20260919T110356Z,LogisticRegression,baseline,val,0.6663391213946953,1
seg_005245,sample_01749,March of the GPA Mechanics - [t]ghost,1,0.9898593541050152,classical_20260919T110356Z,LogisticRegression,baseline,val,0.6663391213946953,1
seg_005246,sample_01749,March of the GPA Mechanics - [t]ghost,1,0.9976524678682454,classical_20260919T110356Z,LogisticRegression,baseline,val,0.6663391213946953,1
seg_005247,sample_01749,March of the GPA Mechanics - [t]ghost,1,0.9996034417879578,classical_20260919T110356Z,LogisticRegression,baseline,val,0.6663391213946953,1
seg_005274,sample_01759,Scramby Eggs - Andy G. Cohen,1,0.9579580887606572,classical_20260919T110356Z,LogisticRegression,baseline,val,0.6663391213946953,1
seg_005275,sample_01759,Scramby Eggs - Andy G. Cohen,1,0.40209223720720955,classical_20260919T110356Z,LogisticRegression,baseline,val,0.6663391213946953,0
seg_005276,sample_01759,Scramby Eggs - Andy G. Cohen,1,0.9994120191411062,classical_20260919T110356Z,LogisticRegression,baseline,val,0.6663391213946953,1
seg_005301,sample_01768,The girl just faded - Los Llamarada,1,0.9999624999669331,classical_20260919T110356Z,LogisticRegression,baseline,val,0.6663391213946953,1
seg_005302,sample_01768,The girl just faded - Los Llamarada,1,0.9963341471374937,classical_20260919T110356Z,LogisticRegression,baseline,val,0.6663391213946953,1
seg_005303,sample_01768,The girl just faded - Los Llamarada,1,0.9568608492083522,classical_20260919T110356Z,LogisticRegression,baseline,val,0.6663391213946953,1
seg_005310,sample_01771,Voxel - Andy G. Cohen,1,0.9728684814599969,classical_20260919T110356Z,LogisticRegression,baseline,val,0.6663391213946953,1
seg_005311,sample_01771,Voxel - Andy G. Cohen,1,0.9810097218395288,classical_20260919T110356Z,LogisticRegression,baseline,val,0.6663391213946953,1
seg_005312,sample_01771,Voxel - Andy G. Cohen,1,0.9831541375932903,classical_20260919T110356Z,LogisticRegression,baseline,val,0.6663391213946953,1
seg_005322,sample_01775,Windows of the Skull - Sarin,1,0.999702663313401,classical_20260919T110356Z,LogisticRegression,baseline,val,0.6663391213946953,1
seg_005323,sample_01775,Windows of the Skull - Sarin,1,0.9985840957243665,classical_20260919T110356Z,LogisticRegression,baseline,val,0.6663391213946953,1
seg_005324,sample_01775,Windows of the Skull - Sarin,1,0.9916586884730465,classical_20260919T110356Z,LogisticRegression,baseline,val,0.6663391213946953,1
seg_005331,sample_01778,Новый Нью-Йорк 2 - Чокнутый Пропеллер,1,0.9719210431483106,classical_20260919T110356Z,LogisticRegression,baseline,val,0.6663391213946953,1
seg_005332,sample_01778,Новый Нью-Йорк 2 - Чокнутый Пропеллер,1,0.9641946126183824,classical_20260919T110356Z,LogisticRegression,baseline,val,0.6663391213946953,1
seg_005333,sample_01778,Новый Нью-Йорк 2 - Чокнутый Пропеллер,1,0.6636986423545793,classical_20260919T110356Z,LogisticRegression,baseline,val,0.6663391213946953,0
seg_005372,sample_01798,CopperNickle - UncleBibby,1,0.995020554024992,classical_20260919T110356Z,LogisticRegression,baseline,val,0.6663391213946953,1
seg_005373,sample_01798,CopperNickle - UncleBibby,1,0.9989835416369138,classical_20260919T110356Z,LogisticRegression,baseline,val,0.6663391213946953,1
seg_005378,sample_01801,Daylight Savings - My brother Daniel,1,0.9999888781802425,classical_20260919T110356Z,LogisticRegression,baseline,val,0.6663391213946953,1
seg_005379,sample_01801,Daylight Savings - My brother Daniel,1,0.9999173641594827,classical_20260919T110356Z,LogisticRegression,baseline,val,0.6663391213946953,1
seg_005396,sample_01810,Fifth Ramble - From the album Keith [RSVP007] - My brother Daniel,1,0.9562846544900809,classical_20260919T110356Z,LogisticRegression,baseline,val,0.6663391213946953,1
seg_005397,sample_01810,Fifth Ramble - From the album Keith [RSVP007] - My brother Daniel,1,0.9886778884423606,classical_20260919T110356Z,LogisticRegression,baseline,val,0.6663391213946953,1
seg_005412,sample_01818,If You're Ther - Nicola Ratti,1,0.9024020370723297,classical_20260919T110356Z,LogisticRegression,baseline,val,0.6663391213946953,1
seg_005413,sample_01818,If You're Ther - Nicola Ratti,1,0.7473957379803228,classical_20260919T110356Z,LogisticRegression,baseline,val,0.6663391213946953,1
seg_005428,sample_01826,Kumorizoranohajimarutokoro - Hosomi,1,0.9932816405375898,classical_20260919T110356Z,LogisticRegression,baseline,val,0.6663391213946953,1
seg_005429,sample_01826,Kumorizoranohajimarutokoro - Hosomi,1,0.9999380564202822,classical_20260919T110356Z,LogisticRegression,baseline,val,0.6663391213946953,1
seg_005446,sample_01835,Loved Ones - Rowan Box,1,0.9999995446971927,classical_20260919T110356Z,LogisticRegression,baseline,val,0.6663391213946953,1
seg_005447,sample_01835,Loved Ones - Rowan Box,1,0.9999507768244779,classical_20260919T110356Z,LogisticRegression,baseline,val,0.6663391213946953,1
seg_005448,sample_01836,Morning Bell - Nihilore,1,0.9531413394149949,classical_20260919T110356Z,LogisticRegression,baseline,val,0.6663391213946953,1
seg_005449,sample_01836,Morning Bell - Nihilore,1,0.7040994209845831,classical_20260919T110356Z,LogisticRegression,baseline,val,0.6663391213946953,1
seg_005450,sample_01837,mystery team 2090 - Jesse Futerman,1,0.9992033418693564,classical_20260919T110356Z,LogisticRegression,baseline,val,0.6663391213946953,1
seg_005451,sample_01837,mystery team 2090 - Jesse Futerman,1,0.8571231923255165,classical_20260919T110356Z,LogisticRegression,baseline,val,0.6663391213946953,1
seg_005452,sample_01838,Night Drive - Decktonic,1,0.9891434780221012,classical_20260919T110356Z,LogisticRegression,baseline,val,0.6663391213946953,1
seg_005453,sample_01838,Night Drive - Decktonic,1,0.9498423539658691,classical_20260919T110356Z,LogisticRegression,baseline,val,0.6663391213946953,1
seg_005460,sample_01842,Nuo Maisemat - Paavoharju,1,0.9166298375842147,classical_20260919T110356Z,LogisticRegression,baseline,val,0.6663391213946953,1
seg_005461,sample_01842,Nuo Maisemat - Paavoharju,1,0.9783606750054016,classical_20260919T110356Z,LogisticRegression,baseline,val,0.6663391213946953,1
seg_005494,sample_01859,SD (Ill Mix) - H-LR,1,0.9999990214373956,classical_20260919T110356Z,LogisticRegression,baseline,val,0.6663391213946953,1
seg_005495,sample_01859,SD (Ill Mix) - H-LR,1,0.0066302083957324055,classical_20260919T110356Z,LogisticRegression,baseline,val,0.6663391213946953,0
seg_005503,sample_01864,some dextromethorphan - Jeva,1,0.947072666393282,classical_20260919T110356Z,LogisticRegression,baseline,val,0.6663391213946953,1
seg_005504,sample_01864,some dextromethorphan - Jeva,1,0.9897566486508421,classical_20260919T110356Z,LogisticRegression,baseline,val,0.6663391213946953,1
seg_005509,sample_01867,Sturgeon's Law - Nihilore,1,0.9832743521074485,classical_20260919T110356Z,LogisticRegression,baseline,val,0.6663391213946953,1
seg_005510,sample_01867,Sturgeon's Law - Nihilore,1,0.9706888841177852,classical_20260919T110356Z,LogisticRegression,baseline,val,0.6663391213946953,1
seg_005533,sample_01879,The Stairway - WarpToken,1,0.9946242429306171,classical_20260919T110356Z,LogisticRegression,baseline,val,0.6663391213946953,1
seg_005534,sample_01879,The Stairway - WarpToken,1,0.9999588987872814,classical_20260919T110356Z,LogisticRegression,baseline,val,0.6663391213946953,1
seg_005535,sample_01880,Three Bird - My brother Daniel,1,0.9573635256032292,classical_20260919T110356Z,LogisticRegression,baseline,val,0.6663391213946953,1
seg_005536,sample_01880,Three Bird - My brother Daniel,1,0.9527570153865145,classical_20260919T110356Z,LogisticRegression,baseline,val,0.6663391213946953,1
seg_005537,sample_01881,Timen Passing By - Jason Shaw,1,0.9998970058939521,classical_20260919T110356Z,LogisticRegression,baseline,val,0.6663391213946953,1
seg_005538,sample_01881,Timen Passing By - Jason Shaw,1,0.9996714047481724,classical_20260919T110356Z,LogisticRegression,baseline,val,0.6663391213946953,1
seg_005549,sample_01887,Understand That This Is A Dream - From the album Modulating Coil [RSVP008] - Forrest James,1,0.9998754998028898,classical_20260919T110356Z,LogisticRegression,baseline,val,0.6663391213946953,1
seg_005550,sample_01887,Understand That This Is A Dream - From the album Modulating Coil [RSVP008] - Forrest James,1,0.9978575061203693,classical_20260919T110356Z,LogisticRegression,baseline,val,0.6663391213946953,1
seg_005555,sample_01890,Westside Chillers - Little Glass Men,1,0.7021241847957371,classical_20260919T110356Z,LogisticRegression,baseline,val,0.6663391213946953,1
seg_005556,sample_01890,Westside Chillers - Little Glass Men,1,0.9856267128454956,classical_20260919T110356Z,LogisticRegression,baseline,val,0.6663391213946953,1
seg_005565,sample_01895,Agora - Malaventura,1,0.9993343928326959,classical_20260919T110356Z,LogisticRegression,baseline,val,0.6663391213946953,1
seg_005566,sample_01895,Agora - Malaventura,1,0.9998826277981183,classical_20260919T110356Z,LogisticRegression,baseline,val,0.6663391213946953,1
seg_005583,sample_01904,Evil Cannot Create - Caleb Lemond,1,0.9998161340593801,classical_20260919T110356Z,LogisticRegression,baseline,val,0.6663391213946953,1
seg_005584,sample_01904,Evil Cannot Create - Caleb Lemond,1,0.9999234349354243,classical_20260919T110356Z,LogisticRegression,baseline,val,0.6663391213946953,1
seg_005621,sample_01923,My Body Is A Weapon (Compromise Edit) - Silence is full of birds,1,0.9999963731533649,classical_20260919T110356Z,LogisticRegression,baseline,val,0.6663391213946953,1
seg_005622,sample_01923,My Body Is A Weapon (Compromise Edit) - Silence is full of birds,1,0.9999944321803682,classical_20260919T110356Z,LogisticRegression,baseline,val,0.6663391213946953,1
seg_005627,sample_01926,New Life (take 1) - Bird Names,1,0.9999967566213241,classical_20260919T110356Z,LogisticRegression,baseline,val,0.6663391213946953,1
seg_005628,sample_01926,New Life (take 1) - Bird Names,1,0.9732550423902164,classical_20260919T110356Z,LogisticRegression,baseline,val,0.6663391213946953,1
seg_005629,sample_01927,Norweigian Wood II - Bird Names,1,0.9981828359278722,classical_20260919T110356Z,LogisticRegression,baseline,val,0.6663391213946953,1
seg_005630,sample_01927,Norweigian Wood II - Bird Names,1,0.9980758051498562,classical_20260919T110356Z,LogisticRegression,baseline,val,0.6663391213946953,1
seg_005645,sample_01935,Roller Star - Monroeville Music Center,1,0.9996534788113293,classical_20260919T110356Z,LogisticRegression,baseline,val,0.6663391213946953,1
seg_005646,sample_01935,Roller Star - Monroeville Music Center,1,0.9999999901992586,classical_20260919T110356Z,LogisticRegression,baseline,val,0.6663391213946953,1
seg_005647,sample_01936,"Roundtrip - Oh Yeah, the Future",1,0.9999915335787157,classical_20260919T110356Z,LogisticRegression,baseline,val,0.6663391213946953,1
seg_005648,sample_01936,"Roundtrip - Oh Yeah, the Future",1,0.9998924912956527,classical_20260919T110356Z,LogisticRegression,baseline,val,0.6663391213946953,1
seg_005657,sample_01941,Soleares&beats - Malaventura,1,0.9998346714907768,classical_20260919T110356Z,LogisticRegression,baseline,val,0.6663391213946953,1
seg_005658,sample_01941,Soleares&beats - Malaventura,1,0.9997181872492005,classical_20260919T110356Z,LogisticRegression,baseline,val,0.6663391213946953,1
seg_005665,sample_01945,Stockholm Syndrome / People Should Be More Aware - Bird Names,1,0.9924350742811547,classical_20260919T110356Z,LogisticRegression,baseline,val,0.6663391213946953,1
seg_005666,sample_01945,Stockholm Syndrome / People Should Be More Aware - Bird Names,1,0.958575697502935,classical_20260919T110356Z,LogisticRegression,baseline,val,0.6663391213946953,1
seg_005685,sample_01955,Time Is Love - Silence is full of birds,1,0.9983964271767377,classical_20260919T110356Z,LogisticRegression,baseline,val,0.6663391213946953,1
seg_005686,sample_01955,Time Is Love - Silence is full of birds,1,0.9999664713256929,classical_20260919T110356Z,LogisticRegression,baseline,val,0.6663391213946953,1
seg_005703,sample_01964,2 (Wasn't There) - Isle of Pine,1,0.9944404823359119,classical_20260919T110356Z,LogisticRegression,baseline,val,0.6663391213946953,1
seg_005704,sample_01964,2 (Wasn't There) - Isle of Pine,1,0.968208443471779,classical_20260919T110356Z,LogisticRegression,baseline,val,0.6663391213946953,1
seg_005723,sample_01974,Beyond Luxury - Mors Ontologica,1,0.9810572490115023,classical_20260919T110356Z,LogisticRegression,baseline,val,0.6663391213946953,1
seg_005724,sample_01974,Beyond Luxury - Mors Ontologica,1,0.9819201946505934,classical_20260919T110356Z,LogisticRegression,baseline,val,0.6663391213946953,1
seg_005747,sample_01986,Empty Pockets - Pete Prodoehl,1,0.6589613767619017,classical_20260919T110356Z,LogisticRegression,baseline,val,0.6663391213946953,0
seg_005748,sample_01986,Empty Pockets - Pete Prodoehl,1,0.9179899979722016,classical_20260919T110356Z,LogisticRegression,baseline,val,0.6663391213946953,1
seg_005753,sample_01989,Fear - Los Fancy Free,1,0.999863500510814,classical_20260919T110356Z,LogisticRegression,baseline,val,0.6663391213946953,1
seg_005754,sample_01989,Fear - Los Fancy Free,1,0.9998721468117052,classical_20260919T110356Z,LogisticRegression,baseline,val,0.6663391213946953,1
seg_005763,sample_01994,Gila Monster Flop/Music History Lesson:The Sonics - The Crypts!,1,0.7634307105220797,classical_20260919T110356Z,LogisticRegression,baseline,val,0.6663391213946953,1
seg_005788,sample_02007,I Fell - Mod Fun,1,0.9626114781144642,classical_20260919T110356Z,LogisticRegression,baseline,val,0.6663391213946953,1
seg_005789,sample_02007,I Fell - Mod Fun,1,0.9930431848793315,classical_20260919T110356Z,LogisticRegression,baseline,val,0.6663391213946953,1
seg_005808,sample_02017,Lights Up - Pipe Choir,1,0.9961442306369188,classical_20260919T110356Z,LogisticRegression,baseline,val,0.6663391213946953,1
seg_005809,sample_02017,Lights Up - Pipe Choir,1,0.9670604717629279,classical_20260919T110356Z,LogisticRegression,baseline,val,0.6663391213946953,1
seg_005816,sample_02021,March of the GPA Mechanics - [t]ghost,1,0.999775977535513,classical_20260919T110356Z,LogisticRegression,baseline,val,0.6663391213946953,1
seg_005817,sample_02021,March of the GPA Mechanics - [t]ghost,1,0.999991957328003,classical_20260919T110356Z,LogisticRegression,baseline,val,0.6663391213946953,1
seg_005842,sample_02034,Redlight - Room For A Ghost,1,0.9803525089089203,classical_20260919T110356Z,LogisticRegression,baseline,val,0.6663391213946953,1
seg_005843,sample_02034,Redlight - Room For A Ghost,1,0.9987826475160407,classical_20260919T110356Z,LogisticRegression,baseline,val,0.6663391213946953,1
seg_005852,sample_02039,Scramby Eggs - Andy G. Cohen,1,0.9999743997964904,classical_20260919T110356Z,LogisticRegression,baseline,val,0.6663391213946953,1
seg_005853,sample_02039,Scramby Eggs - Andy G. Cohen,1,0.999999284027912,classical_20260919T110356Z,LogisticRegression,baseline,val,0.6663391213946953,1
seg_005860,sample_02043,Shipwrecked Crew - Pete Prodoehl,1,0.9908656348133308,classical_20260919T110356Z,LogisticRegression,baseline,val,0.6663391213946953,1
seg_005861,sample_02043,Shipwrecked Crew - Pete Prodoehl,1,0.9951059948812292,classical_20260919T110356Z,LogisticRegression,baseline,val,0.6663391213946953,1
seg_005880,sample_02053,The girl just faded - Los Llamarada,1,0.9847624307198534,classical_20260919T110356Z,LogisticRegression,baseline,val,0.6663391213946953,1
seg_005881,sample_02053,The girl just faded - Los Llamarada,1,0.9942234825015636,classical_20260919T110356Z,LogisticRegression,baseline,val,0.6663391213946953,1
seg_005892,sample_02059,Voxel - Andy G. Cohen,1,0.9904055247511806,classical_20260919T110356Z,LogisticRegression,baseline,val,0.6663391213946953,1
seg_005893,sample_02059,Voxel - Andy G. Cohen,1,0.9999971305016617,classical_20260919T110356Z,LogisticRegression,baseline,val,0.6663391213946953,1
seg_005908,sample_02067,Windows of the Skull - Sarin,1,0.9999941820181597,classical_20260919T110356Z,LogisticRegression,baseline,val,0.6663391213946953,1
seg_005909,sample_02067,Windows of the Skull - Sarin,1,0.9992423521656196,classical_20260919T110356Z,LogisticRegression,baseline,val,0.6663391213946953,1
seg_005964,sample_02087,CopperNickle - UncleBibby,1,0.9623642432221025,classical_20260919T110356Z,LogisticRegression,baseline,val,0.6663391213946953,1
seg_005965,sample_02087,CopperNickle - UncleBibby,1,0.9687376387678555,classical_20260919T110356Z,LogisticRegression,baseline,val,0.6663391213946953,1
seg_005966,sample_02087,CopperNickle - UncleBibby,1,0.994195682465905,classical_20260919T110356Z,LogisticRegression,baseline,val,0.6663391213946953,1
seg_005967,sample_02088,CopperNickle - UncleBibby,1,0.7286601498432079,classical_20260919T110356Z,LogisticRegression,baseline,val,0.6663391213946953,1
seg_005968,sample_02088,CopperNickle - UncleBibby,1,0.982430395872959,classical_20260919T110356Z,LogisticRegression,baseline,val,0.6663391213946953,1
seg_005969,sample_02088,CopperNickle - UncleBibby,1,0.9534311254818058,classical_20260919T110356Z,LogisticRegression,baseline,val,0.6663391213946953,1
seg_005976,sample_02091,Daylight Savings - My brother Daniel,1,0.8700935995614383,classical_20260919T110356Z,LogisticRegression,baseline,val,0.6663391213946953,1
seg_005977,sample_02091,Daylight Savings - My brother Daniel,1,0.8707419610728437,classical_20260919T110356Z,LogisticRegression,baseline,val,0.6663391213946953,1
seg_005978,sample_02091,Daylight Savings - My brother Daniel,1,0.9999977071161987,classical_20260919T110356Z,LogisticRegression,baseline,val,0.6663391213946953,1
seg_005979,sample_02092,Daylight Savings - My brother Daniel,1,0.853143232758408,classical_20260919T110356Z,LogisticRegression,baseline,val,0.6663391213946953,1
seg_005980,sample_02092,Daylight Savings - My brother Daniel,1,0.8625016675867666,classical_20260919T110356Z,LogisticRegression,baseline,val,0.6663391213946953,1
seg_005981,sample_02092,Daylight Savings - My brother Daniel,1,0.9998783803455392,classical_20260919T110356Z,LogisticRegression,baseline,val,0.6663391213946953,1
seg_006042,sample_02113,mystery team 2090 - Jesse Futerman,1,0.9873395677683086,classical_20260919T110356Z,LogisticRegression,baseline,val,0.6663391213946953,1
seg_006043,sample_02113,mystery team 2090 - Jesse Futerman,1,0.7134114638102425,classical_20260919T110356Z,LogisticRegression,baseline,val,0.6663391213946953,1
seg_006044,sample_02113,mystery team 2090 - Jesse Futerman,1,0.9998273253355446,classical_20260919T110356Z,LogisticRegression,baseline,val,0.6663391213946953,1
seg_006045,sample_02114,mystery team 2090 - Jesse Futerman,1,0.9856518990243051,classical_20260919T110356Z,LogisticRegression,baseline,val,0.6663391213946953,1
seg_006046,sample_02114,mystery team 2090 - Jesse Futerman,1,0.6084869506354413,classical_20260919T110356Z,LogisticRegression,baseline,val,0.6663391213946953,0
seg_006047,sample_02114,mystery team 2090 - Jesse Futerman,1,0.9961517216899667,classical_20260919T110356Z,LogisticRegression,baseline,val,0.6663391213946953,1
seg_006048,sample_02115,Night Drive - Decktonic,1,0.8654382538766058,classical_20260919T110356Z,LogisticRegression,baseline,val,0.6663391213946953,1
seg_006049,sample_02115,Night Drive - Decktonic,1,0.9279201105057614,classical_20260919T110356Z,LogisticRegression,baseline,val,0.6663391213946953,1
seg_006050,sample_02115,Night Drive - Decktonic,1,0.9970495799438411,classical_20260919T110356Z,LogisticRegression,baseline,val,0.6663391213946953,1
seg_006051,sample_02116,Night Drive - Decktonic,1,0.9903951733430814,classical_20260919T110356Z,LogisticRegression,baseline,val,0.6663391213946953,1
seg_006052,sample_02116,Night Drive - Decktonic,1,0.7707919663958385,classical_20260919T110356Z,LogisticRegression,baseline,val,0.6663391213946953,1
seg_006053,sample_02116,Night Drive - Decktonic,1,0.9998589264151773,classical_20260919T110356Z,LogisticRegression,baseline,val,0.6663391213946953,1
seg_006066,sample_02121,Nuo Maisemat - Paavoharju,1,0.9315335068304975,classical_20260919T110356Z,LogisticRegression,baseline,val,0.6663391213946953,1
seg_006067,sample_02121,Nuo Maisemat - Paavoharju,1,0.9881578912128269,classical_20260919T110356Z,LogisticRegression,baseline,val,0.6663391213946953,1
seg_006068,sample_02121,Nuo Maisemat - Paavoharju,1,0.9999959932728645,classical_20260919T110356Z,LogisticRegression,baseline,val,0.6663391213946953,1
seg_006069,sample_02122,Nuo Maisemat - Paavoharju,1,0.9999836384056765,classical_20260919T110356Z,LogisticRegression,baseline,val,0.6663391213946953,1
seg_006070,sample_02122,Nuo Maisemat - Paavoharju,1,0.9870502814210648,classical_20260919T110356Z,LogisticRegression,baseline,val,0.6663391213946953,1
seg_006071,sample_02122,Nuo Maisemat - Paavoharju,1,0.9999908788750387,classical_20260919T110356Z,LogisticRegression,baseline,val,0.6663391213946953,1
seg_006150,sample_02149,SD (Ill Mix) - H-LR,1,0.9482961249522462,classical_20260919T110356Z,LogisticRegression,baseline,val,0.6663391213946953,1
seg_006151,sample_02149,SD (Ill Mix) - H-LR,1,0.8739689597924265,classical_20260919T110356Z,LogisticRegression,baseline,val,0.6663391213946953,1
seg_006152,sample_02149,SD (Ill Mix) - H-LR,1,0.95296973142959,classical_20260919T110356Z,LogisticRegression,baseline,val,0.6663391213946953,1
seg_006153,sample_02150,SD (Ill Mix) - H-LR,1,0.7149891233833046,classical_20260919T110356Z,LogisticRegression,baseline,val,0.6663391213946953,1
seg_006154,sample_02150,SD (Ill Mix) - H-LR,1,0.7161617223287566,classical_20260919T110356Z,LogisticRegression,baseline,val,0.6663391213946953,1
seg_006155,sample_02150,SD (Ill Mix) - H-LR,1,0.9944607622875821,classical_20260919T110356Z,LogisticRegression,baseline,val,0.6663391213946953,1
seg_006258,sample_02185,Evil Cannot Create - Caleb Lemond,1,0.9906151970235944,classical_20260919T110356Z,LogisticRegression,baseline,val,0.6663391213946953,1
seg_006259,sample_02185,Evil Cannot Create - Caleb Lemond,1,0.9700591834297165,classical_20260919T110356Z,LogisticRegression,baseline,val,0.6663391213946953,1
seg_006260,sample_02185,Evil Cannot Create - Caleb Lemond,1,0.9999931866991919,classical_20260919T110356Z,LogisticRegression,baseline,val,0.6663391213946953,1
seg_006261,sample_02186,Evil Cannot Create - Caleb Lemond,1,0.977506782060738,classical_20260919T110356Z,LogisticRegression,baseline,val,0.6663391213946953,1
seg_006262,sample_02186,Evil Cannot Create - Caleb Lemond,1,0.8619672318946656,classical_20260919T110356Z,LogisticRegression,baseline,val,0.6663391213946953,1
seg_006263,sample_02186,Evil Cannot Create - Caleb Lemond,1,0.9998733497956614,classical_20260919T110356Z,LogisticRegression,baseline,val,0.6663391213946953,1
seg_006366,sample_02221,New Life (take 1) - Bird Names,1,0.9745681563743235,classical_20260919T110356Z,LogisticRegression,baseline,val,0.6663391213946953,1
seg_006367,sample_02221,New Life (take 1) - Bird Names,1,0.7134595417504717,classical_20260919T110356Z,LogisticRegression,baseline,val,0.6663391213946953,1
seg_006368,sample_02221,New Life (take 1) - Bird Names,1,0.9974160239291163,classical_20260919T110356Z,LogisticRegression,baseline,val,0.6663391213946953,1
seg_006369,sample_02222,New Life (take 1) - Bird Names,1,0.9991273230319989,classical_20260919T110356Z,LogisticRegression,baseline,val,0.6663391213946953,1
seg_006370,sample_02222,New Life (take 1) - Bird Names,1,0.9312155121116277,classical_20260919T110356Z,LogisticRegression,baseline,val,0.6663391213946953,1
seg_006371,sample_02222,New Life (take 1) - Bird Names,1,0.9999572772059776,classical_20260919T110356Z,LogisticRegression,baseline,val,0.6663391213946953,1
seg_006372,sample_02223,Norweigian Wood II - Bird Names,1,0.6672247811015091,classical_20260919T110356Z,LogisticRegression,baseline,val,0.6663391213946953,1
seg_006373,sample_02223,Norweigian Wood II - Bird Names,1,0.9336448694097537,classical_20260919T110356Z,LogisticRegression,baseline,val,0.6663391213946953,1
seg_006374,sample_02223,Norweigian Wood II - Bird Names,1,0.998258150769709,classical_20260919T110356Z,LogisticRegression,baseline,val,0.6663391213946953,1
seg_006375,sample_02224,Norweigian Wood II - Bird Names,1,0.9805363311965314,classical_20260919T110356Z,LogisticRegression,baseline,val,0.6663391213946953,1
seg_006376,sample_02224,Norweigian Wood II - Bird Names,1,0.9951616875208282,classical_20260919T110356Z,LogisticRegression,baseline,val,0.6663391213946953,1
seg_006377,sample_02224,Norweigian Wood II - Bird Names,1,0.9973535683113253,classical_20260919T110356Z,LogisticRegression,baseline,val,0.6663391213946953,1
seg_006396,sample_02231,Roller Star - Monroeville Music Center,1,0.7615892978735566,classical_20260919T110356Z,LogisticRegression,baseline,val,0.6663391213946953,1
seg_006397,sample_02231,Roller Star - Monroeville Music Center,1,0.9802731275637524,classical_20260919T110356Z,LogisticRegression,baseline,val,0.6663391213946953,1
seg_006398,sample_02231,Roller Star - Monroeville Music Center,1,0.997331440467062,classical_20260919T110356Z,LogisticRegression,baseline,val,0.6663391213946953,1
seg_006399,sample_02232,Roller Star - Monroeville Music Center,1,0.992480979428521,classical_20260919T110356Z,LogisticRegression,baseline,val,0.6663391213946953,1
seg_006400,sample_02232,Roller Star - Monroeville Music Center,1,0.9929867975622161,classical_20260919T110356Z,LogisticRegression,baseline,val,0.6663391213946953,1
seg_006401,sample_02232,Roller Star - Monroeville Music Center,1,0.999430508155097,classical_20260919T110356Z,LogisticRegression,baseline,val,0.6663391213946953,1
seg_006402,sample_02233,"Roundtrip - Oh Yeah, the Future",1,0.9993990693406808,classical_20260919T110356Z,LogisticRegression,baseline,val,0.6663391213946953,1
seg_006403,sample_02233,"Roundtrip - Oh Yeah, the Future",1,0.9419902558304859,classical_20260919T110356Z,LogisticRegression,baseline,val,0.6663391213946953,1
seg_006404,sample_02233,"Roundtrip - Oh Yeah, the Future",1,0.9998634250580906,classical_20260919T110356Z,LogisticRegression,baseline,val,0.6663391213946953,1
seg_006405,sample_02234,"Roundtrip - Oh Yeah, the Future",1,0.9988118779496276,classical_20260919T110356Z,LogisticRegression,baseline,val,0.6663391213946953,1
seg_006406,sample_02234,"Roundtrip - Oh Yeah, the Future",1,0.7510823759204367,classical_20260919T110356Z,LogisticRegression,baseline,val,0.6663391213946953,1
seg_006407,sample_02234,"Roundtrip - Oh Yeah, the Future",1,0.9999652783020573,classical_20260919T110356Z,LogisticRegression,baseline,val,0.6663391213946953,1
seg_006420,sample_02239,Soleares&beats - Malaventura,1,0.9993637267952051,classical_20260919T110356Z,LogisticRegression,baseline,val,0.6663391213946953,1
seg_006421,sample_02239,Soleares&beats - Malaventura,1,0.8517960325195498,classical_20260919T110356Z,LogisticRegression,baseline,val,0.6663391213946953,1
seg_006422,sample_02239,Soleares&beats - Malaventura,1,0.9982977747872747,classical_20260919T110356Z,LogisticRegression,baseline,val,0.6663391213946953,1
seg_006423,sample_02240,Soleares&beats - Malaventura,1,0.9830164876658926,classical_20260919T110356Z,LogisticRegression,baseline,val,0.6663391213946953,1
seg_006424,sample_02240,Soleares&beats - Malaventura,1,0.9928624647049922,classical_20260919T110356Z,LogisticRegression,baseline,val,0.6663391213946953,1
seg_006425,sample_02240,Soleares&beats - Malaventura,1,0.7348739961318894,classical_20260919T110356Z,LogisticRegression,baseline,val,0.6663391213946953,1
seg_006438,sample_02245,Stockholm Syndrome / People Should Be More Aware - Bird Names,1,0.9997481089791392,classical_20260919T110356Z,LogisticRegression,baseline,val,0.6663391213946953,1
seg_006439,sample_02245,Stockholm Syndrome / People Should Be More Aware - Bird Names,1,0.6943317092199688,classical_20260919T110356Z,LogisticRegression,baseline,val,0.6663391213946953,1
seg_006440,sample_02245,Stockholm Syndrome / People Should Be More Aware - Bird Names,1,0.58953042430363,classical_20260919T110356Z,LogisticRegression,baseline,val,0.6663391213946953,0
seg_006441,sample_02246,Stockholm Syndrome / People Should Be More Aware - Bird Names,1,0.9917905458230986,classical_20260919T110356Z,LogisticRegression,baseline,val,0.6663391213946953,1
seg_006442,sample_02246,Stockholm Syndrome / People Should Be More Aware - Bird Names,1,0.966649841216849,classical_20260919T110356Z,LogisticRegression,baseline,val,0.6663391213946953,1
seg_006443,sample_02246,Stockholm Syndrome / People Should Be More Aware - Bird Names,1,0.9752311391937013,classical_20260919T110356Z,LogisticRegression,baseline,val,0.6663391213946953,1
seg_006480,sample_02259,Time Is Love - Silence is full of birds,1,0.9999999541065302,classical_20260919T110356Z,LogisticRegression,baseline,val,0.6663391213946953,1
seg_006481,sample_02259,Time Is Love - Silence is full of birds,1,0.9996902240708498,classical_20260919T110356Z,LogisticRegression,baseline,val,0.6663391213946953,1
seg_006482,sample_02259,Time Is Love - Silence is full of birds,1,0.9997657937665887,classical_20260919T110356Z,LogisticRegression,baseline,val,0.6663391213946953,1
seg_006483,sample_02260,Time Is Love - Silence is full of birds,1,0.9984047934148087,classical_20260919T110356Z,LogisticRegression,baseline,val,0.6663391213946953,1
seg_006484,sample_02260,Time Is Love - Silence is full of birds,1,0.7267775551102651,classical_20260919T110356Z,LogisticRegression,baseline,val,0.6663391213946953,1
seg_006485,sample_02260,Time Is Love - Silence is full of birds,1,0.9999450046323214,classical_20260919T110356Z,LogisticRegression,baseline,val,0.6663391213946953,1
seg_006522,sample_02273,2 (Wasn't There) - Isle of Pine,1,0.9962144269199319,classical_20260919T110356Z,LogisticRegression,baseline,val,0.6663391213946953,1
seg_006523,sample_02273,2 (Wasn't There) - Isle of Pine,1,0.8096511340761692,classical_20260919T110356Z,LogisticRegression,baseline,val,0.6663391213946953,1
seg_006524,sample_02273,2 (Wasn't There) - Isle of Pine,1,0.9794201713985808,classical_20260919T110356Z,LogisticRegression,baseline,val,0.6663391213946953,1
seg_006525,sample_02274,2 (Wasn't There) - Isle of Pine,1,0.9998328721241001,classical_20260919T110356Z,LogisticRegression,baseline,val,0.6663391213946953,1
seg_006526,sample_02274,2 (Wasn't There) - Isle of Pine,1,0.6824728030148716,classical_20260919T110356Z,LogisticRegression,baseline,val,0.6663391213946953,1
seg_006527,sample_02274,2 (Wasn't There) - Isle of Pine,1,0.9999986980600013,classical_20260919T110356Z,LogisticRegression,baseline,val,0.6663391213946953,1
seg_006552,sample_02283,Empty Pockets - Pete Prodoehl,1,0.998212127836306,classical_20260919T110356Z,LogisticRegression,baseline,val,0.6663391213946953,1
seg_006553,sample_02283,Empty Pockets - Pete Prodoehl,1,0.7508603234514134,classical_20260919T110356Z,LogisticRegression,baseline,val,0.6663391213946953,1
seg_006554,sample_02283,Empty Pockets - Pete Prodoehl,1,0.9968074138870882,classical_20260919T110356Z,LogisticRegression,baseline,val,0.6663391213946953,1
seg_006555,sample_02284,Empty Pockets - Pete Prodoehl,1,0.9999530434505148,classical_20260919T110356Z,LogisticRegression,baseline,val,0.6663391213946953,1
seg_006556,sample_02284,Empty Pockets - Pete Prodoehl,1,0.6925068290847474,classical_20260919T110356Z,LogisticRegression,baseline,val,0.6663391213946953,1
seg_006557,sample_02284,Empty Pockets - Pete Prodoehl,1,0.9997523509330108,classical_20260919T110356Z,LogisticRegression,baseline,val,0.6663391213946953,1
seg_006570,sample_02289,Gila Monster Flop/Music History Lesson:The Sonics - The Crypts!,1,0.9402982680820536,classical_20260919T110356Z,LogisticRegression,baseline,val,0.6663391213946953,1
seg_006571,sample_02289,Gila Monster Flop/Music History Lesson:The Sonics - The Crypts!,1,0.9312139411108079,classical_20260919T110356Z,LogisticRegression,baseline,val,0.6663391213946953,1
seg_006572,sample_02289,Gila Monster Flop/Music History Lesson:The Sonics - The Crypts!,1,0.998969617707906,classical_20260919T110356Z,LogisticRegression,baseline,val,0.6663391213946953,1
seg_006573,sample_02290,Gila Monster Flop/Music History Lesson:The Sonics - The Crypts!,1,0.6920489414822157,classical_20260919T110356Z,LogisticRegression,baseline,val,0.6663391213946953,1
seg_006574,sample_02290,Gila Monster Flop/Music History Lesson:The Sonics - The Crypts!,1,0.9681565272224986,classical_20260919T110356Z,LogisticRegression,baseline,val,0.6663391213946953,1
seg_006575,sample_02290,Gila Monster Flop/Music History Lesson:The Sonics - The Crypts!,1,0.9900532925781808,classical_20260919T110356Z,LogisticRegression,baseline,val,0.6663391213946953,1
seg_006588,sample_02295,I Fell - Mod Fun,1,0.77080122273132,classical_20260919T110356Z,LogisticRegression,baseline,val,0.6663391213946953,1
seg_006589,sample_02295,I Fell - Mod Fun,1,0.9852088401375296,classical_20260919T110356Z,LogisticRegression,baseline,val,0.6663391213946953,1
seg_006590,sample_02295,I Fell - Mod Fun,1,0.9999980358587781,classical_20260919T110356Z,LogisticRegression,baseline,val,0.6663391213946953,1
seg_006591,sample_02296,I Fell - Mod Fun,1,0.9808112670497581,classical_20260919T110356Z,LogisticRegression,baseline,val,0.6663391213946953,1
seg_006592,sample_02296,I Fell - Mod Fun,1,0.9621693719287262,classical_20260919T110356Z,LogisticRegression,baseline,val,0.6663391213946953,1
seg_006593,sample_02296,I Fell - Mod Fun,1,0.9930854998642429,classical_20260919T110356Z,LogisticRegression,baseline,val,0.6663391213946953,1
seg_006636,sample_02311,March of the GPA Mechanics - [t]ghost,1,0.9996734978370235,classical_20260919T110356Z,LogisticRegression,baseline,val,0.6663391213946953,1
seg_006637,sample_02311,March of the GPA Mechanics - [t]ghost,1,0.676053820301414,classical_20260919T110356Z,LogisticRegression,baseline,val,0.6663391213946953,1
seg_006638,sample_02311,March of the GPA Mechanics - [t]ghost,1,0.9918165617981102,classical_20260919T110356Z,LogisticRegression,baseline,val,0.6663391213946953,1
seg_006639,sample_02312,March of the GPA Mechanics - [t]ghost,1,0.9998601385874792,classical_20260919T110356Z,LogisticRegression,baseline,val,0.6663391213946953,1
seg_006640,sample_02312,March of the GPA Mechanics - [t]ghost,1,0.986799884972825,classical_20260919T110356Z,LogisticRegression,baseline,val,0.6663391213946953,1
seg_006641,sample_02312,March of the GPA Mechanics - [t]ghost,1,0.9998517277842984,classical_20260919T110356Z,LogisticRegression,baseline,val,0.6663391213946953,1
seg_006696,sample_02331,Scramby Eggs - Andy G. Cohen,1,0.9279845845364801,classical_20260919T110356Z,LogisticRegression,baseline,val,0.6663391213946953,1
seg_006697,sample_02331,Scramby Eggs - Andy G. Cohen,1,0.9014916086615054,classical_20260919T110356Z,LogisticRegression,baseline,val,0.6663391213946953,1
seg_006698,sample_02331,Scramby Eggs - Andy G. Cohen,1,0.9972408381504276,classical_20260919T110356Z,LogisticRegression,baseline,val,0.6663391213946953,1
seg_006699,sample_02332,Scramby Eggs - Andy G. Cohen,1,0.6740473150636362,classical_20260919T110356Z,LogisticRegression,baseline,val,0.6663391213946953,1
seg_006700,sample_02332,Scramby Eggs - Andy G. Cohen,1,0.971551950689297,classical_20260919T110356Z,LogisticRegression,baseline,val,0.6663391213946953,1
seg_006701,sample_02332,Scramby Eggs - Andy G. Cohen,1,0.9874520994606969,classical_20260919T110356Z,LogisticRegression,baseline,val,0.6663391213946953,1
seg_006750,sample_02349,The girl just faded - Los Llamarada,1,0.9998941721009053,classical_20260919T110356Z,LogisticRegression,baseline,val,0.6663391213946953,1
seg_006751,sample_02349,The girl just faded - Los Llamarada,1,0.9987760502040433,classical_20260919T110356Z,LogisticRegression,baseline,val,0.6663391213946953,1
seg_006752,sample_02349,The girl just faded - Los Llamarada,1,0.9977711334529138,classical_20260919T110356Z,LogisticRegression,baseline,val,0.6663391213946953,1
seg_006753,sample_02350,The girl just faded - Los Llamarada,1,0.9843105260813445,classical_20260919T110356Z,LogisticRegression,baseline,val,0.6663391213946953,1
seg_006754,sample_02350,The girl just faded - Los Llamarada,1,0.7136702079753805,classical_20260919T110356Z,LogisticRegression,baseline,val,0.6663391213946953,1
seg_006755,sample_02350,The girl just faded - Los Llamarada,1,0.9995921960608397,classical_20260919T110356Z,LogisticRegression,baseline,val,0.6663391213946953,1
seg_006768,sample_02355,Voxel - Andy G. Cohen,1,0.8973168639493548,classical_20260919T110356Z,LogisticRegression,baseline,val,0.6663391213946953,1
seg_006769,sample_02355,Voxel - Andy G. Cohen,1,0.9811713275016856,classical_20260919T110356Z,LogisticRegression,baseline,val,0.6663391213946953,1
seg_006770,sample_02355,Voxel - Andy G. Cohen,1,0.9999853561244676,classical_20260919T110356Z,LogisticRegression,baseline,val,0.6663391213946953,1
seg_006771,sample_02356,Voxel - Andy G. Cohen,1,0.9597397828860221,classical_20260919T110356Z,LogisticRegression,baseline,val,0.6663391213946953,1
seg_006772,sample_02356,Voxel - Andy G. Cohen,1,0.8104075745761506,classical_20260919T110356Z,LogisticRegression,baseline,val,0.6663391213946953,1
seg_006773,sample_02356,Voxel - Andy G. Cohen,1,0.9463556638950702,classical_20260919T110356Z,LogisticRegression,baseline,val,0.6663391213946953,1
seg_006792,sample_02363,Windows of the Skull - Sarin,1,0.9999997022585869,classical_20260919T110356Z,LogisticRegression,baseline,val,0.6663391213946953,1
seg_006793,sample_02363,Windows of the Skull - Sarin,1,0.9457095282313875,classical_20260919T110356Z,LogisticRegression,baseline,val,0.6663391213946953,1
seg_006794,sample_02363,Windows of the Skull - Sarin,1,0.6899991547860539,classical_20260919T110356Z,LogisticRegression,baseline,val,0.6663391213946953,1
seg_006795,sample_02364,Windows of the Skull - Sarin,1,0.999999621704028,classical_20260919T110356Z,LogisticRegression,baseline,val,0.6663391213946953,1
seg_006796,sample_02364,Windows of the Skull - Sarin,1,0.6430545019119063,classical_20260919T110356Z,LogisticRegression,baseline,val,0.6663391213946953,0
seg_006797,sample_02364,Windows of the Skull - Sarin,1,0.9999976701583736,classical_20260919T110356Z,LogisticRegression,baseline,val,0.6663391213946953,1
seg_006810,sample_02369,Новый Нью-Йорк 2 - Чокнутый Пропеллер,1,0.9537476385334183,classical_20260919T110356Z,LogisticRegression,baseline,val,0.6663391213946953,1
seg_006811,sample_02369,Новый Нью-Йорк 2 - Чокнутый Пропеллер,1,0.839508090242986,classical_20260919T110356Z,LogisticRegression,baseline,val,0.6663391213946953,1
seg_006812,sample_02369,Новый Нью-Йорк 2 - Чокнутый Пропеллер,1,0.9999157012194038,classical_20260919T110356Z,LogisticRegression,baseline,val,0.6663391213946953,1
seg_006813,sample_02370,Новый Нью-Йорк 2 - Чокнутый Пропеллер,1,0.9314403765358027,classical_20260919T110356Z,LogisticRegression,baseline,val,0.6663391213946953,1
seg_006814,sample_02370,Новый Нью-Йорк 2 - Чокнутый Пропеллер,1,0.8912731904593848,classical_20260919T110356Z,LogisticRegression,baseline,val,0.6663391213946953,1
seg_006815,sample_02370,Новый Нью-Йорк 2 - Чокнутый Пропеллер,1,0.9987529622541518,classical_20260919T110356Z,LogisticRegression,baseline,val,0.6663391213946953,1
seg_006864,sample_02387,CopperNickle - UncleBibby,1,0.997675852962007,classical_20260919T110356Z,LogisticRegression,baseline,val,0.6663391213946953,1
seg_006865,sample_02387,CopperNickle - UncleBibby,1,0.9025555108492058,classical_20260919T110356Z,LogisticRegression,baseline,val,0.6663391213946953,1
seg_006866,sample_02387,CopperNickle - UncleBibby,1,0.9974602311488497,classical_20260919T110356Z,LogisticRegression,baseline,val,0.6663391213946953,1
seg_006867,sample_02388,CopperNickle - UncleBibby,1,0.5723798653185593,classical_20260919T110356Z,LogisticRegression,baseline,val,0.6663391213946953,0
seg_006868,sample_02388,CopperNickle - UncleBibby,1,0.9953448665551584,classical_20260919T110356Z,LogisticRegression,baseline,val,0.6663391213946953,1
seg_006869,sample_02388,CopperNickle - UncleBibby,1,0.9998373889807836,classical_20260919T110356Z,LogisticRegression,baseline,val,0.6663391213946953,1
seg_006876,sample_02391,Daylight Savings - My brother Daniel,1,0.9995295826379821,classical_20260919T110356Z,LogisticRegression,baseline,val,0.6663391213946953,1
seg_006877,sample_02391,Daylight Savings - My brother Daniel,1,0.015311692723903647,classical_20260919T110356Z,LogisticRegression,baseline,val,0.6663391213946953,0
seg_006878,sample_02391,Daylight Savings - My brother Daniel,1,0.9997881253457587,classical_20260919T110356Z,LogisticRegression,baseline,val,0.6663391213946953,1
seg_006879,sample_02392,Daylight Savings - My brother Daniel,1,0.8783989917999868,classical_20260919T110356Z,LogisticRegression,baseline,val,0.6663391213946953,1
seg_006880,sample_02392,Daylight Savings - My brother Daniel,1,0.9692297874399741,classical_20260919T110356Z,LogisticRegression,baseline,val,0.6663391213946953,1
seg_006881,sample_02392,Daylight Savings - My brother Daniel,1,0.9977414482425648,classical_20260919T110356Z,LogisticRegression,baseline,val,0.6663391213946953,1
seg_006942,sample_02413,mystery team 2090 - Jesse Futerman,1,0.988186111238659,classical_20260919T110356Z,LogisticRegression,baseline,val,0.6663391213946953,1
seg_006943,sample_02413,mystery team 2090 - Jesse Futerman,1,0.9813985490381977,classical_20260919T110356Z,LogisticRegression,baseline,val,0.6663391213946953,1
seg_006944,sample_02413,mystery team 2090 - Jesse Futerman,1,0.9688878721716054,classical_20260919T110356Z,LogisticRegression,baseline,val,0.6663391213946953,1
seg_006945,sample_02414,mystery team 2090 - Jesse Futerman,1,0.970334960681297,classical_20260919T110356Z,LogisticRegression,baseline,val,0.6663391213946953,1
seg_006946,sample_02414,mystery team 2090 - Jesse Futerman,1,0.7288492428577122,classical_20260919T110356Z,LogisticRegression,baseline,val,0.6663391213946953,1
seg_006947,sample_02414,mystery team 2090 - Jesse Futerman,1,0.9996335900590694,classical_20260919T110356Z,LogisticRegression,baseline,val,0.6663391213946953,1
seg_006948,sample_02415,Night Drive - Decktonic,1,0.1541763384366431,classical_20260919T110356Z,LogisticRegression,baseline,val,0.6663391213946953,0
seg_006949,sample_02415,Night Drive - Decktonic,1,0.9178566580778329,classical_20260919T110356Z,LogisticRegression,baseline,val,0.6663391213946953,1
seg_006950,sample_02415,Night Drive - Decktonic,1,0.9994102403543257,classical_20260919T110356Z,LogisticRegression,baseline,val,0.6663391213946953,1
seg_006951,sample_02416,Night Drive - Decktonic,1,0.39706072118023605,classical_20260919T110356Z,LogisticRegression,baseline,val,0.6663391213946953,0
seg_006952,sample_02416,Night Drive - Decktonic,1,0.12821180263147178,classical_20260919T110356Z,LogisticRegression,baseline,val,0.6663391213946953,0
seg_006953,sample_02416,Night Drive - Decktonic,1,0.9919329931610885,classical_20260919T110356Z,LogisticRegression,baseline,val,0.6663391213946953,1
seg_006966,sample_02421,Nuo Maisemat - Paavoharju,1,0.8280196142994505,classical_20260919T110356Z,LogisticRegression,baseline,val,0.6663391213946953,1
seg_006967,sample_02421,Nuo Maisemat - Paavoharju,1,0.938793415874661,classical_20260919T110356Z,LogisticRegression,baseline,val,0.6663391213946953,1
seg_006968,sample_02421,Nuo Maisemat - Paavoharju,1,0.9996321782753649,classical_20260919T110356Z,LogisticRegression,baseline,val,0.6663391213946953,1
seg_006969,sample_02422,Nuo Maisemat - Paavoharju,1,0.9995187896989148,classical_20260919T110356Z,LogisticRegression,baseline,val,0.6663391213946953,1
seg_006970,sample_02422,Nuo Maisemat - Paavoharju,1,0.9298099458739422,classical_20260919T110356Z,LogisticRegression,baseline,val,0.6663391213946953,1
seg_006971,sample_02422,Nuo Maisemat - Paavoharju,1,0.9999927911693337,classical_20260919T110356Z,LogisticRegression,baseline,val,0.6663391213946953,1
seg_007050,sample_02449,SD (Ill Mix) - H-LR,1,0.9998695800079149,classical_20260919T110356Z,LogisticRegression,baseline,val,0.6663391213946953,1
seg_007051,sample_02449,SD (Ill Mix) - H-LR,1,0.9926163643737539,classical_20260919T110356Z,LogisticRegression,baseline,val,0.6663391213946953,1
seg_007052,sample_02449,SD (Ill Mix) - H-LR,1,0.9999769362043938,classical_20260919T110356Z,LogisticRegression,baseline,val,0.6663391213946953,1
seg_007053,sample_02450,SD (Ill Mix) - H-LR,1,0.762442467616631,classical_20260919T110356Z,LogisticRegression,baseline,val,0.6663391213946953,1
seg_007054,sample_02450,SD (Ill Mix) - H-LR,1,0.8941751669620366,classical_20260919T110356Z,LogisticRegression,baseline,val,0.6663391213946953,1
seg_007055,sample_02450,SD (Ill Mix) - H-LR,1,0.9986733341161088,classical_20260919T110356Z,LogisticRegression,baseline,val,0.6663391213946953,1
seg_007158,sample_02485,Evil Cannot Create - Caleb Lemond,1,0.9656076776917866,classical_20260919T110356Z,LogisticRegression,baseline,val,0.6663391213946953,1
seg_007159,sample_02485,Evil Cannot Create - Caleb Lemond,1,0.9999940091672571,classical_20260919T110356Z,LogisticRegression,baseline,val,0.6663391213946953,1
seg_007160,sample_02485,Evil Cannot Create - Caleb Lemond,1,0.9973842415339961,classical_20260919T110356Z,LogisticRegression,baseline,val,0.6663391213946953,1
seg_007161,sample_02486,Evil Cannot Create - Caleb Lemond,1,0.7621472743750449,classical_20260919T110356Z,LogisticRegression,baseline,val,0.6663391213946953,1
seg_007162,sample_02486,Evil Cannot Create - Caleb Lemond,1,0.9813390826162209,classical_20260919T110356Z,LogisticRegression,baseline,val,0.6663391213946953,1
seg_007163,sample_02486,Evil Cannot Create - Caleb Lemond,1,0.2511632175629547,classical_20260919T110356Z,LogisticRegression,baseline,val,0.6663391213946953,0
seg_007266,sample_02521,New Life (take 1) - Bird Names,1,0.9944457692491471,classical_20260919T110356Z,LogisticRegression,baseline,val,0.6663391213946953,1
seg_007267,sample_02521,New Life (take 1) - Bird Names,1,0.6693694311164069,classical_20260919T110356Z,LogisticRegression,baseline,val,0.6663391213946953,1
seg_007268,sample_02521,New Life (take 1) - Bird Names,1,0.9993775828548025,classical_20260919T110356Z,LogisticRegression,baseline,val,0.6663391213946953,1
seg_007269,sample_02522,New Life (take 1) - Bird Names,1,0.9852841180581132,classical_20260919T110356Z,LogisticRegression,baseline,val,0.6663391213946953,1
seg_007270,sample_02522,New Life (take 1) - Bird Names,1,0.2533252985027656,classical_20260919T110356Z,LogisticRegression,baseline,val,0.6663391213946953,0
seg_007271,sample_02522,New Life (take 1) - Bird Names,1,0.9879655311571103,classical_20260919T110356Z,LogisticRegression,baseline,val,0.6663391213946953,1
seg_007272,sample_02523,Norweigian Wood II - Bird Names,1,0.9959448752265231,classical_20260919T110356Z,LogisticRegression,baseline,val,0.6663391213946953,1
seg_007273,sample_02523,Norweigian Wood II - Bird Names,1,0.9835887037113015,classical_20260919T110356Z,LogisticRegression,baseline,val,0.6663391213946953,1
seg_007274,sample_02523,Norweigian Wood II - Bird Names,1,0.9992658995224222,classical_20260919T110356Z,LogisticRegression,baseline,val,0.6663391213946953,1
seg_007275,sample_02524,Norweigian Wood II - Bird Names,1,0.9255320427305824,classical_20260919T110356Z,LogisticRegression,baseline,val,0.6663391213946953,1
seg_007276,sample_02524,Norweigian Wood II - Bird Names,1,0.9356797714795383,classical_20260919T110356Z,LogisticRegression,baseline,val,0.6663391213946953,1
seg_007277,sample_02524,Norweigian Wood II - Bird Names,1,0.9534483600535298,classical_20260919T110356Z,LogisticRegression,baseline,val,0.6663391213946953,1
seg_007296,sample_02531,Roller Star - Monroeville Music Center,1,0.9996370649213884,classical_20260919T110356Z,LogisticRegression,baseline,val,0.6663391213946953,1
seg_007297,sample_02531,Roller Star - Monroeville Music Center,1,0.9583123953869168,classical_20260919T110356Z,LogisticRegression,baseline,val,0.6663391213946953,1
seg_007298,sample_02531,Roller Star - Monroeville Music Center,1,0.9961966829935792,classical_20260919T110356Z,LogisticRegression,baseline,val,0.6663391213946953,1
seg_007299,sample_02532,Roller Star - Monroeville Music Center,1,0.9964653507633506,classical_20260919T110356Z,LogisticRegression,baseline,val,0.6663391213946953,1
seg_007300,sample_02532,Roller Star - Monroeville Music Center,1,0.9997555392771744,classical_20260919T110356Z,LogisticRegression,baseline,val,0.6663391213946953,1
seg_007301,sample_02532,Roller Star - Monroeville Music Center,1,0.9999178756907365,classical_20260919T110356Z,LogisticRegression,baseline,val,0.6663391213946953,1
seg_007302,sample_02533,"Roundtrip - Oh Yeah, the Future",1,0.9800191137136393,classical_20260919T110356Z,LogisticRegression,baseline,val,0.6663391213946953,1
seg_007303,sample_02533,"Roundtrip - Oh Yeah, the Future",1,0.051914094244850696,classical_20260919T110356Z,LogisticRegression,baseline,val,0.6663391213946953,0
seg_007304,sample_02533,"Roundtrip - Oh Yeah, the Future",1,0.9999294484558267,classical_20260919T110356Z,LogisticRegression,baseline,val,0.6663391213946953,1
seg_007305,sample_02534,"Roundtrip - Oh Yeah, the Future",1,0.9672491412788985,classical_20260919T110356Z,LogisticRegression,baseline,val,0.6663391213946953,1
seg_007306,sample_02534,"Roundtrip - Oh Yeah, the Future",1,0.15682564436668073,classical_20260919T110356Z,LogisticRegression,baseline,val,0.6663391213946953,0
seg_007307,sample_02534,"Roundtrip - Oh Yeah, the Future",1,0.925150621502943,classical_20260919T110356Z,LogisticRegression,baseline,val,0.6663391213946953,1
seg_007320,sample_02539,Soleares&beats - Malaventura,1,0.9977213331260175,classical_20260919T110356Z,LogisticRegression,baseline,val,0.6663391213946953,1
seg_007321,sample_02539,Soleares&beats - Malaventura,1,0.9983567300512112,classical_20260919T110356Z,LogisticRegression,baseline,val,0.6663391213946953,1
seg_007322,sample_02539,Soleares&beats - Malaventura,1,0.9382472803123155,classical_20260919T110356Z,LogisticRegression,baseline,val,0.6663391213946953,1
seg_007323,sample_02540,Soleares&beats - Malaventura,1,0.9988815932988501,classical_20260919T110356Z,LogisticRegression,baseline,val,0.6663391213946953,1
seg_007324,sample_02540,Soleares&beats - Malaventura,1,0.9131988430349289,classical_20260919T110356Z,LogisticRegression,baseline,val,0.6663391213946953,1
seg_007325,sample_02540,Soleares&beats - Malaventura,1,0.9999559451250869,classical_20260919T110356Z,LogisticRegression,baseline,val,0.6663391213946953,1
seg_007338,sample_02545,Stockholm Syndrome / People Should Be More Aware - Bird Names,1,0.2682834097209936,classical_20260919T110356Z,LogisticRegression,baseline,val,0.6663391213946953,0
seg_007339,sample_02545,Stockholm Syndrome / People Should Be More Aware - Bird Names,1,0.7953334521431155,classical_20260919T110356Z,LogisticRegression,baseline,val,0.6663391213946953,1
seg_007340,sample_02545,Stockholm Syndrome / People Should Be More Aware - Bird Names,1,0.9919611812134371,classical_20260919T110356Z,LogisticRegression,baseline,val,0.6663391213946953,1
seg_007341,sample_02546,Stockholm Syndrome / People Should Be More Aware - Bird Names,1,0.055523829990439755,classical_20260919T110356Z,LogisticRegression,baseline,val,0.6663391213946953,0
seg_007342,sample_02546,Stockholm Syndrome / People Should Be More Aware - Bird Names,1,0.0023263274257197667,classical_20260919T110356Z,LogisticRegression,baseline,val,0.6663391213946953,0
seg_007343,sample_02546,Stockholm Syndrome / People Should Be More Aware - Bird Names,1,0.7662109448687772,classical_20260919T110356Z,LogisticRegression,baseline,val,0.6663391213946953,1
seg_007380,sample_02559,Time Is Love - Silence is full of birds,1,0.10982363827765337,classical_20260919T110356Z,LogisticRegression,baseline,val,0.6663391213946953,0
seg_007381,sample_02559,Time Is Love - Silence is full of birds,1,0.1481832950207114,classical_20260919T110356Z,LogisticRegression,baseline,val,0.6663391213946953,0
seg_007382,sample_02559,Time Is Love - Silence is full of birds,1,0.9999702296192308,classical_20260919T110356Z,LogisticRegression,baseline,val,0.6663391213946953,1
seg_007383,sample_02560,Time Is Love - Silence is full of birds,1,0.9747325014754903,classical_20260919T110356Z,LogisticRegression,baseline,val,0.6663391213946953,1
seg_007384,sample_02560,Time Is Love - Silence is full of birds,1,0.6035359950843093,classical_20260919T110356Z,LogisticRegression,baseline,val,0.6663391213946953,0
seg_007385,sample_02560,Time Is Love - Silence is full of birds,1,0.999677242670808,classical_20260919T110356Z,LogisticRegression,baseline,val,0.6663391213946953,1
seg_007422,sample_02573,2 (Wasn't There) - Isle of Pine,1,0.999548246391868,classical_20260919T110356Z,LogisticRegression,baseline,val,0.6663391213946953,1
seg_007423,sample_02573,2 (Wasn't There) - Isle of Pine,1,0.9963103401757841,classical_20260919T110356Z,LogisticRegression,baseline,val,0.6663391213946953,1
seg_007424,sample_02573,2 (Wasn't There) - Isle of Pine,1,0.9999950729119029,classical_20260919T110356Z,LogisticRegression,baseline,val,0.6663391213946953,1
seg_007425,sample_02574,2 (Wasn't There) - Isle of Pine,1,0.2873518388042901,classical_20260919T110356Z,LogisticRegression,baseline,val,0.6663391213946953,0
seg_007426,sample_02574,2 (Wasn't There) - Isle of Pine,1,0.5466888965426785,classical_20260919T110356Z,LogisticRegression,baseline,val,0.6663391213946953,0
seg_007427,sample_02574,2 (Wasn't There) - Isle of Pine,1,0.9996285713204605,classical_20260919T110356Z,LogisticRegression,baseline,val,0.6663391213946953,1
seg_007452,sample_02583,Empty Pockets - Pete Prodoehl,1,0.993435512128696,classical_20260919T110356Z,LogisticRegression,baseline,val,0.6663391213946953,1
seg_007453,sample_02583,Empty Pockets - Pete Prodoehl,1,0.07635703914501284,classical_20260919T110356Z,LogisticRegression,baseline,val,0.6663391213946953,0
seg_007454,sample_02583,Empty Pockets - Pete Prodoehl,1,0.9998051442778643,classical_20260919T110356Z,LogisticRegression,baseline,val,0.6663391213946953,1
seg_007455,sample_02584,Empty Pockets - Pete Prodoehl,1,0.8246775481316313,classical_20260919T110356Z,LogisticRegression,baseline,val,0.6663391213946953,1
seg_007456,sample_02584,Empty Pockets - Pete Prodoehl,1,0.3104364659416231,classical_20260919T110356Z,LogisticRegression,baseline,val,0.6663391213946953,0
seg_007457,sample_02584,Empty Pockets - Pete Prodoehl,1,0.9950411714456151,classical_20260919T110356Z,LogisticRegression,baseline,val,0.6663391213946953,1
seg_007470,sample_02589,Gila Monster Flop/Music History Lesson:The Sonics - The Crypts!,1,0.9997018778976651,classical_20260919T110356Z,LogisticRegression,baseline,val,0.6663391213946953,1
seg_007471,sample_02589,Gila Monster Flop/Music History Lesson:The Sonics - The Crypts!,1,0.9313271250612349,classical_20260919T110356Z,LogisticRegression,baseline,val,0.6663391213946953,1
seg_007472,sample_02589,Gila Monster Flop/Music History Lesson:The Sonics - The Crypts!,1,0.9999344012732078,classical_20260919T110356Z,LogisticRegression,baseline,val,0.6663391213946953,1
seg_007473,sample_02590,Gila Monster Flop/Music History Lesson:The Sonics - The Crypts!,1,0.7566648180305927,classical_20260919T110356Z,LogisticRegression,baseline,val,0.6663391213946953,1
seg_007474,sample_02590,Gila Monster Flop/Music History Lesson:The Sonics - The Crypts!,1,0.049186484361589,classical_20260919T110356Z,LogisticRegression,baseline,val,0.6663391213946953,0
seg_007475,sample_02590,Gila Monster Flop/Music History Lesson:The Sonics - The Crypts!,1,0.9999854164343752,classical_20260919T110356Z,LogisticRegression,baseline,val,0.6663391213946953,1
seg_007488,sample_02595,I Fell - Mod Fun,1,0.8852582339804465,classical_20260919T110356Z,LogisticRegression,baseline,val,0.6663391213946953,1
seg_007489,sample_02595,I Fell - Mod Fun,1,0.9395786156721305,classical_20260919T110356Z,LogisticRegression,baseline,val,0.6663391213946953,1
seg_007490,sample_02595,I Fell - Mod Fun,1,0.9999173455345589,classical_20260919T110356Z,LogisticRegression,baseline,val,0.6663391213946953,1
seg_007491,sample_02596,I Fell - Mod Fun,1,0.24467779912058352,classical_20260919T110356Z,LogisticRegression,baseline,val,0.6663391213946953,0
seg_007492,sample_02596,I Fell - Mod Fun,1,0.07965958759085498,classical_20260919T110356Z,LogisticRegression,baseline,val,0.6663391213946953,0
seg_007493,sample_02596,I Fell - Mod Fun,1,0.9995131481041072,classical_20260919T110356Z,LogisticRegression,baseline,val,0.6663391213946953,1
seg_007536,sample_02611,March of the GPA Mechanics - [t]ghost,1,0.9958402080298216,classical_20260919T110356Z,LogisticRegression,baseline,val,0.6663391213946953,1
seg_007537,sample_02611,March of the GPA Mechanics - [t]ghost,1,0.3095150466147732,classical_20260919T110356Z,LogisticRegression,baseline,val,0.6663391213946953,0
seg_007538,sample_02611,March of the GPA Mechanics - [t]ghost,1,0.9999567104388786,classical_20260919T110356Z,LogisticRegression,baseline,val,0.6663391213946953,1
seg_007539,sample_02612,March of the GPA Mechanics - [t]ghost,1,0.224461869079914,classical_20260919T110356Z,LogisticRegression,baseline,val,0.6663391213946953,0
seg_007540,sample_02612,March of the GPA Mechanics - [t]ghost,1,0.0083894303052395,classical_20260919T110356Z,LogisticRegression,baseline,val,0.6663391213946953,0
seg_007541,sample_02612,March of the GPA Mechanics - [t]ghost,1,0.9866952684882955,classical_20260919T110356Z,LogisticRegression,baseline,val,0.6663391213946953,1
seg_007596,sample_02631,Scramby Eggs - Andy G. Cohen,1,0.9999190094524741,classical_20260919T110356Z,LogisticRegression,baseline,val,0.6663391213946953,1
seg_007597,sample_02631,Scramby Eggs - Andy G. Cohen,1,0.5582048349154022,classical_20260919T110356Z,LogisticRegression,baseline,val,0.6663391213946953,0
seg_007598,sample_02631,Scramby Eggs - Andy G. Cohen,1,0.9869736737892024,classical_20260919T110356Z,LogisticRegression,baseline,val,0.6663391213946953,1
seg_007599,sample_02632,Scramby Eggs - Andy G. Cohen,1,0.17004218327424042,classical_20260919T110356Z,LogisticRegression,baseline,val,0.6663391213946953,0
seg_007600,sample_02632,Scramby Eggs - Andy G. Cohen,1,0.31149500371757927,classical_20260919T110356Z,LogisticRegression,baseline,val,0.6663391213946953,0
seg_007601,sample_02632,Scramby Eggs - Andy G. Cohen,1,0.9827989566200708,classical_20260919T110356Z,LogisticRegression,baseline,val,0.6663391213946953,1
seg_007650,sample_02649,The girl just faded - Los Llamarada,1,0.9980399324289599,classical_20260919T110356Z,LogisticRegression,baseline,val,0.6663391213946953,1
seg_007651,sample_02649,The girl just faded - Los Llamarada,1,0.99978278756988,classical_20260919T110356Z,LogisticRegression,baseline,val,0.6663391213946953,1
seg_007652,sample_02649,The girl just faded - Los Llamarada,1,0.9965699139842491,classical_20260919T110356Z,LogisticRegression,baseline,val,0.6663391213946953,1
seg_007653,sample_02650,The girl just faded - Los Llamarada,1,0.9975807891626596,classical_20260919T110356Z,LogisticRegression,baseline,val,0.6663391213946953,1
seg_007654,sample_02650,The girl just faded - Los Llamarada,1,0.9969809934876342,classical_20260919T110356Z,LogisticRegression,baseline,val,0.6663391213946953,1
seg_007655,sample_02650,The girl just faded - Los Llamarada,1,0.9999677960694132,classical_20260919T110356Z,LogisticRegression,baseline,val,0.6663391213946953,1
seg_007668,sample_02655,Voxel - Andy G. Cohen,1,0.024127511236112172,classical_20260919T110356Z,LogisticRegression,baseline,val,0.6663391213946953,0
seg_007669,sample_02655,Voxel - Andy G. Cohen,1,0.8640746130249688,classical_20260919T110356Z,LogisticRegression,baseline,val,0.6663391213946953,1
seg_007670,sample_02655,Voxel - Andy G. Cohen,1,0.003877744779401509,classical_20260919T110356Z,LogisticRegression,baseline,val,0.6663391213946953,0
seg_007671,sample_02656,Voxel - Andy G. Cohen,1,0.9947989412371309,classical_20260919T110356Z,LogisticRegression,baseline,val,0.6663391213946953,1
seg_007672,sample_02656,Voxel - Andy G. Cohen,1,0.9767088411980565,classical_20260919T110356Z,LogisticRegression,baseline,val,0.6663391213946953,1
seg_007673,sample_02656,Voxel - Andy G. Cohen,1,0.9912951012841867,classical_20260919T110356Z,LogisticRegression,baseline,val,0.6663391213946953,1
seg_007692,sample_02663,Windows of the Skull - Sarin,1,0.9621415004201204,classical_20260919T110356Z,LogisticRegression,baseline,val,0.6663391213946953,1
seg_007693,sample_02663,Windows of the Skull - Sarin,1,0.8057310374434109,classical_20260919T110356Z,LogisticRegression,baseline,val,0.6663391213946953,1
seg_007694,sample_02663,Windows of the Skull - Sarin,1,0.9999878281688268,classical_20260919T110356Z,LogisticRegression,baseline,val,0.6663391213946953,1
seg_007695,sample_02664,Windows of the Skull - Sarin,1,0.9948894839986387,classical_20260919T110356Z,LogisticRegression,baseline,val,0.6663391213946953,1
seg_007696,sample_02664,Windows of the Skull - Sarin,1,0.9507978219115196,classical_20260919T110356Z,LogisticRegression,baseline,val,0.6663391213946953,1
seg_007697,sample_02664,Windows of the Skull - Sarin,1,0.9999705053015132,classical_20260919T110356Z,LogisticRegression,baseline,val,0.6663391213946953,1
seg_007710,sample_02669,Новый Нью-Йорк 2 - Чокнутый Пропеллер,1,0.987183712473903,classical_20260919T110356Z,LogisticRegression,baseline,val,0.6663391213946953,1
seg_007711,sample_02669,Новый Нью-Йорк 2 - Чокнутый Пропеллер,1,0.4671811420323582,classical_20260919T110356Z,LogisticRegression,baseline,val,0.6663391213946953,0
seg_007712,sample_02669,Новый Нью-Йорк 2 - Чокнутый Пропеллер,1,0.9487816879311386,classical_20260919T110356Z,LogisticRegression,baseline,val,0.6663391213946953,1
seg_007713,sample_02670,Новый Нью-Йорк 2 - Чокнутый Пропеллер,1,0.8327601974870898,classical_20260919T110356Z,LogisticRegression,baseline,val,0.6663391213946953,1
seg_007714,sample_02670,Новый Нью-Йорк 2 - Чокнутый Пропеллер,1,0.9680409729952079,classical_20260919T110356Z,LogisticRegression,baseline,val,0.6663391213946953,1
seg_007715,sample_02670,Новый Нью-Йорк 2 - Чокнутый Пропеллер,1,0.9966903584817357,classical_20260919T110356Z,LogisticRegression,baseline,val,0.6663391213946953,1
seg_007737,sample_02678,CopperNickle - UncleBibby,1,0.9893582470590414,classical_20260919T110356Z,LogisticRegression,baseline,val,0.6663391213946953,1
seg_007738,sample_02678,CopperNickle - UncleBibby,1,0.6196446797975307,classical_20260919T110356Z,LogisticRegression,baseline,val,0.6663391213946953,0
seg_007739,sample_02678,CopperNickle - UncleBibby,1,0.9425617109372938,classical_20260919T110356Z,LogisticRegression,baseline,val,0.6663391213946953,1
seg_007743,sample_02680,Daylight Savings - My brother Daniel,1,0.3400450673153321,classical_20260919T110356Z,LogisticRegression,baseline,val,0.6663391213946953,0
seg_007744,sample_02680,Daylight Savings - My brother Daniel,1,0.9369829856896993,classical_20260919T110356Z,LogisticRegression,baseline,val,0.6663391213946953,1
seg_007745,sample_02680,Daylight Savings - My brother Daniel,1,0.9411689838300961,classical_20260919T110356Z,LogisticRegression,baseline,val,0.6663391213946953,1
seg_007770,sample_02689,mystery team 2090 - Jesse Futerman,1,0.26850158312586686,classical_20260919T110356Z,LogisticRegression,baseline,val,0.6663391213946953,0
seg_007771,sample_02689,mystery team 2090 - Jesse Futerman,1,0.23489765543172622,classical_20260919T110356Z,LogisticRegression,baseline,val,0.6663391213946953,0
seg_007772,sample_02689,mystery team 2090 - Jesse Futerman,1,0.9205968152206307,classical_20260919T110356Z,LogisticRegression,baseline,val,0.6663391213946953,1
seg_007773,sample_02690,Night Drive - Decktonic,1,0.4683104944404336,classical_20260919T110356Z,LogisticRegression,baseline,val,0.6663391213946953,0
seg_007774,sample_02690,Night Drive - Decktonic,1,0.9813598879062967,classical_20260919T110356Z,LogisticRegression,baseline,val,0.6663391213946953,1
seg_007775,sample_02690,Night Drive - Decktonic,1,0.9788854905168106,classical_20260919T110356Z,LogisticRegression,baseline,val,0.6663391213946953,1
seg_007854,sample_02717,Agora - Malaventura,1,0.9998513970290527,classical_20260919T110356Z,LogisticRegression,baseline,val,0.6663391213946953,1
seg_007855,sample_02717,Agora - Malaventura,1,0.6542827792539474,classical_20260919T110356Z,LogisticRegression,baseline,val,0.6663391213946953,0
seg_007856,sample_02717,Agora - Malaventura,1,0.9835687115192351,classical_20260919T110356Z,LogisticRegression,baseline,val,0.6663391213946953,1
seg_007878,sample_02725,Evil Cannot Create - Caleb Lemond,1,0.985825446855098,classical_20260919T110356Z,LogisticRegression,baseline,val,0.6663391213946953,1
seg_007879,sample_02725,Evil Cannot Create - Caleb Lemond,1,0.6868065066015521,classical_20260919T110356Z,LogisticRegression,baseline,val,0.6663391213946953,1
seg_007880,sample_02725,Evil Cannot Create - Caleb Lemond,1,0.9999893744993108,classical_20260919T110356Z,LogisticRegression,baseline,val,0.6663391213946953,1
seg_007932,sample_02743,My Body Is A Weapon (Compromise Edit) - Silence is full of birds,1,0.9739212389920693,classical_20260919T110356Z,LogisticRegression,baseline,val,0.6663391213946953,1
seg_007933,sample_02743,My Body Is A Weapon (Compromise Edit) - Silence is full of birds,1,0.923989320413977,classical_20260919T110356Z,LogisticRegression,baseline,val,0.6663391213946953,1
seg_007934,sample_02743,My Body Is A Weapon (Compromise Edit) - Silence is full of birds,1,0.8462943467702588,classical_20260919T110356Z,LogisticRegression,baseline,val,0.6663391213946953,1
seg_007938,sample_02745,New Life (take 1) - Bird Names,1,0.4654164347236093,classical_20260919T110356Z,LogisticRegression,baseline,val,0.6663391213946953,0
seg_007939,sample_02745,New Life (take 1) - Bird Names,1,0.8573567207777782,classical_20260919T110356Z,LogisticRegression,baseline,val,0.6663391213946953,1
seg_007940,sample_02745,New Life (take 1) - Bird Names,1,0.9999818183555178,classical_20260919T110356Z,LogisticRegression,baseline,val,0.6663391213946953,1
seg_007941,sample_02746,Norweigian Wood II - Bird Names,1,0.8855798338658943,classical_20260919T110356Z,LogisticRegression,baseline,val,0.6663391213946953,1
seg_007942,sample_02746,Norweigian Wood II - Bird Names,1,0.952542236627806,classical_20260919T110356Z,LogisticRegression,baseline,val,0.6663391213946953,1
seg_007943,sample_02746,Norweigian Wood II - Bird Names,1,0.9998179987393047,classical_20260919T110356Z,LogisticRegression,baseline,val,0.6663391213946953,1
seg_007965,sample_02754,Roller Star - Monroeville Music Center,1,0.9941396745369306,classical_20260919T110356Z,LogisticRegression,baseline,val,0.6663391213946953,1
seg_007966,sample_02754,Roller Star - Monroeville Music Center,1,0.7912659785904347,classical_20260919T110356Z,LogisticRegression,baseline,val,0.6663391213946953,1
seg_007967,sample_02754,Roller Star - Monroeville Music Center,1,0.9896868797772013,classical_20260919T110356Z,LogisticRegression,baseline,val,0.6663391213946953,1
seg_007977,sample_02758,Soleares&beats - Malaventura,1,0.26130383651324185,classical_20260919T110356Z,LogisticRegression,baseline,val,0.6663391213946953,0
seg_007978,sample_02758,Soleares&beats - Malaventura,1,0.786949027356616,classical_20260919T110356Z,LogisticRegression,baseline,val,0.6663391213946953,1
seg_007979,sample_02758,Soleares&beats - Malaventura,1,0.999990079863693,classical_20260919T110356Z,LogisticRegression,baseline,val,0.6663391213946953,1
seg_007989,sample_02762,Stockholm Syndrome / People Should Be More Aware - Bird Names,1,0.9847347812681457,classical_20260919T110356Z,LogisticRegression,baseline,val,0.6663391213946953,1
seg_007990,sample_02762,Stockholm Syndrome / People Should Be More Aware - Bird Names,1,0.92228280324226,classical_20260919T110356Z,LogisticRegression,baseline,val,0.6663391213946953,1
seg_007991,sample_02762,Stockholm Syndrome / People Should Be More Aware - Bird Names,1,0.9999996344514315,classical_20260919T110356Z,LogisticRegression,baseline,val,0.6663391213946953,1
seg_008019,sample_02772,Time Is Love - Silence is full of birds,1,0.26306219221100424,classical_20260919T110356Z,LogisticRegression,baseline,val,0.6663391213946953,0
seg_008020,sample_02772,Time Is Love - Silence is full of birds,1,0.7409782242827414,classical_20260919T110356Z,LogisticRegression,baseline,val,0.6663391213946953,1
seg_008021,sample_02772,Time Is Love - Silence is full of birds,1,0.9999901593804674,classical_20260919T110356Z,LogisticRegression,baseline,val,0.6663391213946953,1
seg_008043,sample_02780,2 (Wasn't There) - Isle of Pine,1,0.9997317838526744,classical_20260919T110356Z,LogisticRegression,baseline,val,0.6663391213946953,1
seg_008044,sample_02780,2 (Wasn't There) - Isle of Pine,1,0.7794999616646769,classical_20260919T110356Z,LogisticRegression,baseline,val,0.6663391213946953,1
seg_008045,sample_02780,2 (Wasn't There) - Isle of Pine,1,0.9999999968762463,classical_20260919T110356Z,LogisticRegression,baseline,val,0.6663391213946953,1
seg_008073,sample_02790,Beyond Luxury - Mors Ontologica,1,0.9992183266367871,classical_20260919T110356Z,LogisticRegression,baseline,val,0.6663391213946953,1
seg_008074,sample_02790,Beyond Luxury - Mors Ontologica,1,0.9903979908574994,classical_20260919T110356Z,LogisticRegression,baseline,val,0.6663391213946953,1
seg_008075,sample_02790,Beyond Luxury - Mors Ontologica,1,0.999802474217863,classical_20260919T110356Z,LogisticRegression,baseline,val,0.6663391213946953,1
seg_008106,sample_02801,Empty Pockets - Pete Prodoehl,1,0.9996476320288288,classical_20260919T110356Z,LogisticRegression,baseline,val,0.6663391213946953,1
seg_008107,sample_02801,Empty Pockets - Pete Prodoehl,1,0.965746566006364,classical_20260919T110356Z,LogisticRegression,baseline,val,0.6663391213946953,1
seg_008108,sample_02801,Empty Pockets - Pete Prodoehl,1,0.999925476335079,classical_20260919T110356Z,LogisticRegression,baseline,val,0.6663391213946953,1
seg_008121,sample_02806,Gila Monster Flop/Music History Lesson:The Sonics - The Crypts!,1,0.9999786705959621,classical_20260919T110356Z,LogisticRegression,baseline,val,0.6663391213946953,1
seg_008122,sample_02806,Gila Monster Flop/Music History Lesson:The Sonics - The Crypts!,1,0.03559813348463689,classical_20260919T110356Z,LogisticRegression,baseline,val,0.6663391213946953,0
seg_008123,sample_02806,Gila Monster Flop/Music History Lesson:The Sonics - The Crypts!,1,0.9999999292557252,classical_20260919T110356Z,LogisticRegression,baseline,val,0.6663391213946953,1
seg_008166,sample_02821,Lights Up - Pipe Choir,1,0.946797281912455,classical_20260919T110356Z,LogisticRegression,baseline,val,0.6663391213946953,1
seg_008167,sample_02821,Lights Up - Pipe Choir,1,0.7014116846314798,classical_20260919T110356Z,LogisticRegression,baseline,val,0.6663391213946953,1
seg_008168,sample_02821,Lights Up - Pipe Choir,1,0.9988343592255954,classical_20260919T110356Z,LogisticRegression,baseline,val,0.6663391213946953,1
seg_008178,sample_02825,March of the GPA Mechanics - [t]ghost,1,0.9999421210907208,classical_20260919T110356Z,LogisticRegression,baseline,val,0.6663391213946953,1
seg_008179,sample_02825,March of the GPA Mechanics - [t]ghost,1,0.5537118399195748,classical_20260919T110356Z,LogisticRegression,baseline,val,0.6663391213946953,0
seg_008180,sample_02825,March of the GPA Mechanics - [t]ghost,1,0.9803395249728676,classical_20260919T110356Z,LogisticRegression,baseline,val,0.6663391213946953,1
seg_008205,sample_02834,Redlight - Room For A Ghost,1,0.9134187169896022,classical_20260919T110356Z,LogisticRegression,baseline,val,0.6663391213946953,1
seg_008206,sample_02834,Redlight - Room For A Ghost,1,0.19319119996903467,classical_20260919T110356Z,LogisticRegression,baseline,val,0.6663391213946953,0
seg_008207,sample_02834,Redlight - Room For A Ghost,1,0.9999999263206619,classical_20260919T110356Z,LogisticRegression,baseline,val,0.6663391213946953,1
seg_008217,sample_02838,Scramby Eggs - Andy G. Cohen,1,0.6585589968535103,classical_20260919T110356Z,LogisticRegression,baseline,val,0.6663391213946953,0
seg_008218,sample_02838,Scramby Eggs - Andy G. Cohen,1,0.8971479478674075,classical_20260919T110356Z,LogisticRegression,baseline,val,0.6663391213946953,1
seg_008219,sample_02838,Scramby Eggs - Andy G. Cohen,1,0.9988418429332606,classical_20260919T110356Z,LogisticRegression,baseline,val,0.6663391213946953,1
seg_008226,sample_02841,Shipwrecked Crew - Pete Prodoehl,1,0.9997572008960958,classical_20260919T110356Z,LogisticRegression,baseline,val,0.6663391213946953,1
seg_008227,sample_02841,Shipwrecked Crew - Pete Prodoehl,1,0.9999293938140346,classical_20260919T110356Z,LogisticRegression,baseline,val,0.6663391213946953,1
seg_008228,sample_02841,Shipwrecked Crew - Pete Prodoehl,1,0.9998150824153801,classical_20260919T110356Z,LogisticRegression,baseline,val,0.6663391213946953,1
seg_008244,sample_02847,В Наших Сердцах - Чокнутый Пропеллер,1,0.274234223951182,classical_20260919T110356Z,LogisticRegression,baseline,val,0.6663391213946953,0
seg_008245,sample_02847,В Наших Сердцах - Чокнутый Пропеллер,1,0.15095297963795973,classical_20260919T110356Z,LogisticRegression,baseline,val,0.6663391213946953,0
seg_008246,sample_02847,В Наших Сердцах - Чокнутый Пропеллер,1,0.9997913383277651,classical_20260919T110356Z,LogisticRegression,baseline,val,0.6663391213946953,1
seg_008253,sample_02850,The girl just faded - Los Llamarada,1,0.9875166039532333,classical_20260919T110356Z,LogisticRegression,baseline,val,0.6663391213946953,1
seg_008254,sample_02850,The girl just faded - Los Llamarada,1,0.9822960858837138,classical_20260919T110356Z,LogisticRegression,baseline,val,0.6663391213946953,1
seg_008255,sample_02850,The girl just faded - Los Llamarada,1,0.9999998699528929,classical_20260919T110356Z,LogisticRegression,baseline,val,0.6663391213946953,1
seg_008265,sample_02854,Voxel - Andy G. Cohen,1,0.9907899063397814,classical_20260919T110356Z,LogisticRegression,baseline,val,0.6663391213946953,1
seg_008266,sample_02854,Voxel - Andy G. Cohen,1,0.9430316756890186,classical_20260919T110356Z,LogisticRegression,baseline,val,0.6663391213946953,1
seg_008267,sample_02854,Voxel - Andy G. Cohen,1,0.9996546851341791,classical_20260919T110356Z,LogisticRegression,baseline,val,0.6663391213946953,1
seg_008289,sample_02862,В Наших Сердцах - Чокнутый Пропеллер,1,0.37356569227459474,classical_20260919T110356Z,LogisticRegression,baseline,val,0.6663391213946953,0
seg_008290,sample_02862,В Наших Сердцах - Чокнутый Пропеллер,1,0.9195886329692766,classical_20260919T110356Z,LogisticRegression,baseline,val,0.6663391213946953,1
seg_008291,sample_02862,В Наших Сердцах - Чокнутый Пропеллер,1,0.9999994561104057,classical_20260919T110356Z,LogisticRegression,baseline,val,0.6663391213946953,1
seg_008295,sample_02864,В Наших Сердцах - Чокнутый Пропеллер,1,0.8999736405521905,classical_20260919T110356Z,LogisticRegression,baseline,val,0.6663391213946953,1
seg_008296,sample_02864,В Наших Сердцах - Чокнутый Пропеллер,1,0.9054031279465121,classical_20260919T110356Z,LogisticRegression,baseline,val,0.6663391213946953,1
seg_008297,sample_02864,В Наших Сердцах - Чокнутый Пропеллер,1,0.9999984521595544,classical_20260919T110356Z,LogisticRegression,baseline,val,0.6663391213946953,1
seg_008304,sample_02867,2 (Wasn't There) - Isle of Pine,1,0.9907439364857263,classical_20260919T110356Z,LogisticRegression,baseline,val,0.6663391213946953,1
seg_008305,sample_02867,2 (Wasn't There) - Isle of Pine,1,0.20186748002640195,classical_20260919T110356Z,LogisticRegression,baseline,val,0.6663391213946953,0
seg_008306,sample_02867,2 (Wasn't There) - Isle of Pine,1,0.979174938146848,classical_20260919T110356Z,LogisticRegression,baseline,val,0.6663391213946953,1
seg_008307,sample_02868,2 (Wasn't There) - Isle of Pine,1,0.9635525942925135,classical_20260919T110356Z,LogisticRegression,baseline,val,0.6663391213946953,1
seg_008308,sample_02868,2 (Wasn't There) - Isle of Pine,1,0.29763040172263017,classical_20260919T110356Z,LogisticRegression,baseline,val,0.6663391213946953,0
seg_008309,sample_02868,2 (Wasn't There) - Isle of Pine,1,0.9999368267194236,classical_20260919T110356Z,LogisticRegression,baseline,val,0.6663391213946953,1
seg_008400,sample_02899,CopperNickle - UncleBibby,1,0.9244986073419901,classical_20260919T110356Z,LogisticRegression,baseline,val,0.6663391213946953,1
seg_008401,sample_02899,CopperNickle - UncleBibby,1,0.005813994182100704,classical_20260919T110356Z,LogisticRegression,baseline,val,0.6663391213946953,0
seg_008402,sample_02899,CopperNickle - UncleBibby,1,0.9998604600093411,classical_20260919T110356Z,LogisticRegression,baseline,val,0.6663391213946953,1
seg_008403,sample_02900,CopperNickle - UncleBibby,1,0.21460700062047802,classical_20260919T110356Z,LogisticRegression,baseline,val,0.6663391213946953,0
seg_008404,sample_02900,CopperNickle - UncleBibby,1,0.12258518753088397,classical_20260919T110356Z,LogisticRegression,baseline,val,0.6663391213946953,0
seg_008405,sample_02900,CopperNickle - UncleBibby,1,0.9999983211661604,classical_20260919T110356Z,LogisticRegression,baseline,val,0.6663391213946953,1
seg_008418,sample_02905,Daylight Savings - My brother Daniel,1,0.2801308190071944,classical_20260919T110356Z,LogisticRegression,baseline,val,0.6663391213946953,0
seg_008419,sample_02905,Daylight Savings - My brother Daniel,1,0.03794880389664875,classical_20260919T110356Z,LogisticRegression,baseline,val,0.6663391213946953,0
seg_008420,sample_02905,Daylight Savings - My brother Daniel,1,0.9994603668647595,classical_20260919T110356Z,LogisticRegression,baseline,val,0.6663391213946953,1
seg_008421,sample_02906,Daylight Savings - My brother Daniel,1,0.0985479566164187,classical_20260919T110356Z,LogisticRegression,baseline,val,0.6663391213946953,0
seg_008422,sample_02906,Daylight Savings - My brother Daniel,1,0.03244786183288508,classical_20260919T110356Z,LogisticRegression,baseline,val,0.6663391213946953,0
seg_008423,sample_02906,Daylight Savings - My brother Daniel,1,0.9983860425956633,classical_20260919T110356Z,LogisticRegression,baseline,val,0.6663391213946953,1
seg_008448,sample_02915,Empty Pockets - Pete Prodoehl,1,0.9998077058431041,classical_20260919T110356Z,LogisticRegression,baseline,val,0.6663391213946953,1
seg_008449,sample_02915,Empty Pockets - Pete Prodoehl,1,0.8145761035330434,classical_20260919T110356Z,LogisticRegression,baseline,val,0.6663391213946953,1
seg_008450,sample_02915,Empty Pockets - Pete Prodoehl,1,0.9958779577961693,classical_20260919T110356Z,LogisticRegression,baseline,val,0.6663391213946953,1
seg_008451,sample_02916,Empty Pockets - Pete Prodoehl,1,0.9999638765436396,classical_20260919T110356Z,LogisticRegression,baseline,val,0.6663391213946953,1
seg_008452,sample_02916,Empty Pockets - Pete Prodoehl,1,0.5190787407625397,classical_20260919T110356Z,LogisticRegression,baseline,val,0.6663391213946953,0
seg_008453,sample_02916,Empty Pockets - Pete Prodoehl,1,0.9986289755490034,classical_20260919T110356Z,LogisticRegression,baseline,val,0.6663391213946953,1
seg_008460,sample_02919,Evil Cannot Create - Caleb Lemond,1,0.6970470382356924,classical_20260919T110356Z,LogisticRegression,baseline,val,0.6663391213946953,1
seg_008461,sample_02919,Evil Cannot Create - Caleb Lemond,1,0.9948559221597859,classical_20260919T110356Z,LogisticRegression,baseline,val,0.6663391213946953,1
seg_008462,sample_02919,Evil Cannot Create - Caleb Lemond,1,0.9999352816507701,classical_20260919T110356Z,LogisticRegression,baseline,val,0.6663391213946953,1
seg_008463,sample_02920,Evil Cannot Create - Caleb Lemond,1,0.8916338685254558,classical_20260919T110356Z,LogisticRegression,baseline,val,0.6663391213946953,1
seg_008464,sample_02920,Evil Cannot Create - Caleb Lemond,1,0.87621460882702,classical_20260919T110356Z,LogisticRegression,baseline,val,0.6663391213946953,1
seg_008465,sample_02920,Evil Cannot Create - Caleb Lemond,1,0.9952023074968416,classical_20260919T110356Z,LogisticRegression,baseline,val,0.6663391213946953,1
seg_008502,sample_02933,Gila Monster Flop/Music History Lesson:The Sonics - The Crypts!,1,0.000351963031903059,classical_20260919T110356Z,LogisticRegression,baseline,val,0.6663391213946953,0
seg_008503,sample_02933,Gila Monster Flop/Music History Lesson:The Sonics - The Crypts!,1,0.38222720732203685,classical_20260919T110356Z,LogisticRegression,baseline,val,0.6663391213946953,0
seg_008504,sample_02933,Gila Monster Flop/Music History Lesson:The Sonics - The Crypts!,1,0.9873855631232561,classical_20260919T110356Z,LogisticRegression,baseline,val,0.6663391213946953,1
seg_008505,sample_02934,Gila Monster Flop/Music History Lesson:The Sonics - The Crypts!,1,0.2305254951935077,classical_20260919T110356Z,LogisticRegression,baseline,val,0.6663391213946953,0
seg_008506,sample_02934,Gila Monster Flop/Music History Lesson:The Sonics - The Crypts!,1,0.19615292043823335,classical_20260919T110356Z,LogisticRegression,baseline,val,0.6663391213946953,0
seg_008507,sample_02934,Gila Monster Flop/Music History Lesson:The Sonics - The Crypts!,1,0.3884442734566245,classical_20260919T110356Z,LogisticRegression,baseline,val,0.6663391213946953,0
seg_008538,sample_02945,I Fell - Mod Fun,1,0.9510595859667256,classical_20260919T110356Z,LogisticRegression,baseline,val,0.6663391213946953,1
seg_008539,sample_02945,I Fell - Mod Fun,1,0.15283552563685623,classical_20260919T110356Z,LogisticRegression,baseline,val,0.6663391213946953,0
seg_008540,sample_02945,I Fell - Mod Fun,1,0.9955481893409563,classical_20260919T110356Z,LogisticRegression,baseline,val,0.6663391213946953,1
seg_008541,sample_02946,I Fell - Mod Fun,1,0.8124434570353606,classical_20260919T110356Z,LogisticRegression,baseline,val,0.6663391213946953,1
seg_008542,sample_02946,I Fell - Mod Fun,1,0.25375040503033347,classical_20260919T110356Z,LogisticRegression,baseline,val,0.6663391213946953,0
seg_008543,sample_02946,I Fell - Mod Fun,1,0.9999709973157979,classical_20260919T110356Z,LogisticRegression,baseline,val,0.6663391213946953,1
seg_008652,sample_02983,March of the GPA Mechanics - [t]ghost,1,0.09581992762108761,classical_20260919T110356Z,LogisticRegression,baseline,val,0.6663391213946953,0
seg_008653,sample_02983,March of the GPA Mechanics - [t]ghost,1,0.8094303410769214,classical_20260919T110356Z,LogisticRegression,baseline,val,0.6663391213946953,1
seg_008654,sample_02983,March of the GPA Mechanics - [t]ghost,1,0.9977393672661748,classical_20260919T110356Z,LogisticRegression,baseline,val,0.6663391213946953,1
seg_008655,sample_02984,March of the GPA Mechanics - [t]ghost,1,0.08522330540459624,classical_20260919T110356Z,LogisticRegression,baseline,val,0.6663391213946953,0
seg_008656,sample_02984,March of the GPA Mechanics - [t]ghost,1,0.37415270103884535,classical_20260919T110356Z,LogisticRegression,baseline,val,0.6663391213946953,0
seg_008657,sample_02984,March of the GPA Mechanics - [t]ghost,1,0.9999866288284897,classical_20260919T110356Z,LogisticRegression,baseline,val,0.6663391213946953,1
seg_008700,sample_02999,New Life (take 1) - Bird Names,1,0.8759286977318381,classical_20260919T110356Z,LogisticRegression,baseline,val,0.6663391213946953,1
seg_008701,sample_02999,New Life (take 1) - Bird Names,1,0.18058391902778206,classical_20260919T110356Z,LogisticRegression,baseline,val,0.6663391213946953,0
seg_008702,sample_02999,New Life (take 1) - Bird Names,1,0.9988372253549281,classical_20260919T110356Z,LogisticRegression,baseline,val,0.6663391213946953,1
seg_008703,sample_03000,New Life (take 1) - Bird Names,1,0.9193461960399737,classical_20260919T110356Z,LogisticRegression,baseline,val,0.6663391213946953,1
seg_008704,sample_03000,New Life (take 1) - Bird Names,1,0.7415444784869949,classical_20260919T110356Z,LogisticRegression,baseline,val,0.6663391213946953,1
seg_008705,sample_03000,New Life (take 1) - Bird Names,1,0.92257033707486,classical_20260919T110356Z,LogisticRegression,baseline,val,0.6663391213946953,1
seg_008706,sample_03001,Night Drive - Decktonic,1,0.7534779293242603,classical_20260919T110356Z,LogisticRegression,baseline,val,0.6663391213946953,1
seg_008707,sample_03001,Night Drive - Decktonic,1,0.6076166899790282,classical_20260919T110356Z,LogisticRegression,baseline,val,0.6663391213946953,0
seg_008708,sample_03001,Night Drive - Decktonic,1,0.9982285040978908,classical_20260919T110356Z,LogisticRegression,baseline,val,0.6663391213946953,1
seg_008709,sample_03002,Night Drive - Decktonic,1,0.9998665835008216,classical_20260919T110356Z,LogisticRegression,baseline,val,0.6663391213946953,1
seg_008710,sample_03002,Night Drive - Decktonic,1,0.8299621996651941,classical_20260919T110356Z,LogisticRegression,baseline,val,0.6663391213946953,1
seg_008711,sample_03002,Night Drive - Decktonic,1,0.9999972535931213,classical_20260919T110356Z,LogisticRegression,baseline,val,0.6663391213946953,1
seg_008724,sample_03007,Norweigian Wood II - Bird Names,1,0.3401605979540016,classical_20260919T110356Z,LogisticRegression,baseline,val,0.6663391213946953,0
seg_008725,sample_03007,Norweigian Wood II - Bird Names,1,0.7487663911852651,classical_20260919T110356Z,LogisticRegression,baseline,val,0.6663391213946953,1
seg_008726,sample_03007,Norweigian Wood II - Bird Names,1,0.9980230899267183,classical_20260919T110356Z,LogisticRegression,baseline,val,0.6663391213946953,1
seg_008727,sample_03008,Norweigian Wood II - Bird Names,1,0.524129476741995,classical_20260919T110356Z,LogisticRegression,baseline,val,0.6663391213946953,0
seg_008728,sample_03008,Norweigian Wood II - Bird Names,1,0.9922493027758219,classical_20260919T110356Z,LogisticRegression,baseline,val,0.6663391213946953,1
seg_008729,sample_03008,Norweigian Wood II - Bird Names,1,0.9961325944376682,classical_20260919T110356Z,LogisticRegression,baseline,val,0.6663391213946953,1
seg_008736,sample_03011,Nuo Maisemat - Paavoharju,1,0.8782821519250432,classical_20260919T110356Z,LogisticRegression,baseline,val,0.6663391213946953,1
seg_008737,sample_03011,Nuo Maisemat - Paavoharju,1,0.07637262380882363,classical_20260919T110356Z,LogisticRegression,baseline,val,0.6663391213946953,0
seg_008738,sample_03011,Nuo Maisemat - Paavoharju,1,0.9993948530795674,classical_20260919T110356Z,LogisticRegression,baseline,val,0.6663391213946953,1
seg_008739,sample_03012,Nuo Maisemat - Paavoharju,1,0.9964933270548204,classical_20260919T110356Z,LogisticRegression,baseline,val,0.6663391213946953,1
seg_008740,sample_03012,Nuo Maisemat - Paavoharju,1,0.5604729148278726,classical_20260919T110356Z,LogisticRegression,baseline,val,0.6663391213946953,0
seg_008741,sample_03012,Nuo Maisemat - Paavoharju,1,0.9646932455292946,classical_20260919T110356Z,LogisticRegression,baseline,val,0.6663391213946953,1
seg_008844,sample_03047,Roller Star - Monroeville Music Center,1,0.8853057945108108,classical_20260919T110356Z,LogisticRegression,baseline,val,0.6663391213946953,1
seg_008845,sample_03047,Roller Star - Monroeville Music Center,1,0.7400466366484258,classical_20260919T110356Z,LogisticRegression,baseline,val,0.6663391213946953,1
seg_008846,sample_03047,Roller Star - Monroeville Music Center,1,0.9960110392287131,classical_20260919T110356Z,LogisticRegression,baseline,val,0.6663391213946953,1
seg_008847,sample_03048,Roller Star - Monroeville Music Center,1,0.9426476432721225,classical_20260919T110356Z,LogisticRegression,baseline,val,0.6663391213946953,1
seg_008848,sample_03048,Roller Star - Monroeville Music Center,1,0.27590980051719055,classical_20260919T110356Z,LogisticRegression,baseline,val,0.6663391213946953,0
seg_008849,sample_03048,Roller Star - Monroeville Music Center,1,0.9975762042252605,classical_20260919T110356Z,LogisticRegression,baseline,val,0.6663391213946953,1
seg_008850,sample_03049,"Roundtrip - Oh Yeah, the Future",1,0.9611243790637971,classical_20260919T110356Z,LogisticRegression,baseline,val,0.6663391213946953,1
seg_008851,sample_03049,"Roundtrip - Oh Yeah, the Future",1,0.11465591514304688,classical_20260919T110356Z,LogisticRegression,baseline,val,0.6663391213946953,0
seg_008852,sample_03049,"Roundtrip - Oh Yeah, the Future",1,0.9999821748179568,classical_20260919T110356Z,LogisticRegression,baseline,val,0.6663391213946953,1
seg_008853,sample_03050,"Roundtrip - Oh Yeah, the Future",1,0.9989191555594156,classical_20260919T110356Z,LogisticRegression,baseline,val,0.6663391213946953,1
seg_008854,sample_03050,"Roundtrip - Oh Yeah, the Future",1,0.7161359796638009,classical_20260919T110356Z,LogisticRegression,baseline,val,0.6663391213946953,1
seg_008855,sample_03050,"Roundtrip - Oh Yeah, the Future",1,0.9984730118993671,classical_20260919T110356Z,LogisticRegression,baseline,val,0.6663391213946953,1
seg_008862,sample_03053,SD (Ill Mix) - H-LR,1,0.026601780174817857,classical_20260919T110356Z,LogisticRegression,baseline,val,0.6663391213946953,0
seg_008863,sample_03053,SD (Ill Mix) - H-LR,1,0.1251084437131251,classical_20260919T110356Z,LogisticRegression,baseline,val,0.6663391213946953,0
seg_008864,sample_03053,SD (Ill Mix) - H-LR,1,0.9998266106103562,classical_20260919T110356Z,LogisticRegression,baseline,val,0.6663391213946953,1
seg_008865,sample_03054,SD (Ill Mix) - H-LR,1,0.9992358779284972,classical_20260919T110356Z,LogisticRegression,baseline,val,0.6663391213946953,1
seg_008866,sample_03054,SD (Ill Mix) - H-LR,1,0.8137926224513194,classical_20260919T110356Z,LogisticRegression,baseline,val,0.6663391213946953,1
seg_008867,sample_03054,SD (Ill Mix) - H-LR,1,0.9976724504280925,classical_20260919T110356Z,LogisticRegression,baseline,val,0.6663391213946953,1
seg_008868,sample_03055,Scramby Eggs - Andy G. Cohen,1,0.9750824731692638,classical_20260919T110356Z,LogisticRegression,baseline,val,0.6663391213946953,1
seg_008869,sample_03055,Scramby Eggs - Andy G. Cohen,1,0.1304198336244686,classical_20260919T110356Z,LogisticRegression,baseline,val,0.6663391213946953,0
seg_008870,sample_03055,Scramby Eggs - Andy G. Cohen,1,0.9981700797928278,classical_20260919T110356Z,LogisticRegression,baseline,val,0.6663391213946953,1
seg_008871,sample_03056,Scramby Eggs - Andy G. Cohen,1,0.02240368259791432,classical_20260919T110356Z,LogisticRegression,baseline,val,0.6663391213946953,0
seg_008872,sample_03056,Scramby Eggs - Andy G. Cohen,1,0.8461537110673517,classical_20260919T110356Z,LogisticRegression,baseline,val,0.6663391213946953,1
seg_008873,sample_03056,Scramby Eggs - Andy G. Cohen,1,0.9191262602480026,classical_20260919T110356Z,LogisticRegression,baseline,val,0.6663391213946953,1
seg_008910,sample_03069,Soleares&beats - Malaventura,1,0.8789480104864534,classical_20260919T110356Z,LogisticRegression,baseline,val,0.6663391213946953,1
seg_008911,sample_03069,Soleares&beats - Malaventura,1,0.2171767357832389,classical_20260919T110356Z,LogisticRegression,baseline,val,0.6663391213946953,0
seg_008912,sample_03069,Soleares&beats - Malaventura,1,0.9998407708131278,classical_20260919T110356Z,LogisticRegression,baseline,val,0.6663391213946953,1
seg_008913,sample_03070,Soleares&beats - Malaventura,1,0.9797903878593015,classical_20260919T110356Z,LogisticRegression,baseline,val,0.6663391213946953,1
seg_008914,sample_03070,Soleares&beats - Malaventura,1,0.5929215568332488,classical_20260919T110356Z,LogisticRegression,baseline,val,0.6663391213946953,0
seg_008915,sample_03070,Soleares&beats - Malaventura,1,0.9800206245300803,classical_20260919T110356Z,LogisticRegression,baseline,val,0.6663391213946953,1
seg_008934,sample_03077,Stockholm Syndrome / People Should Be More Aware - Bird Names,1,0.9949998557762524,classical_20260919T110356Z,LogisticRegression,baseline,val,0.6663391213946953,1
seg_008935,sample_03077,Stockholm Syndrome / People Should Be More Aware - Bird Names,1,0.999912621562586,classical_20260919T110356Z,LogisticRegression,baseline,val,0.6663391213946953,1
seg_008936,sample_03077,Stockholm Syndrome / People Should Be More Aware - Bird Names,1,0.9990704078598248,classical_20260919T110356Z,LogisticRegression,baseline,val,0.6663391213946953,1
seg_008937,sample_03078,Stockholm Syndrome / People Should Be More Aware - Bird Names,1,0.09141187723570367,classical_20260919T110356Z,LogisticRegression,baseline,val,0.6663391213946953,0
seg_008938,sample_03078,Stockholm Syndrome / People Should Be More Aware - Bird Names,1,0.9359811604638146,classical_20260919T110356Z,LogisticRegression,baseline,val,0.6663391213946953,1
seg_008939,sample_03078,Stockholm Syndrome / People Should Be More Aware - Bird Names,1,0.9270952316123451,classical_20260919T110356Z,LogisticRegression,baseline,val,0.6663391213946953,1
seg_009030,sample_03109,The girl just faded - Los Llamarada,1,0.9694178278533236,classical_20260919T110356Z,LogisticRegression,baseline,val,0.6663391213946953,1
seg_009031,sample_03109,The girl just faded - Los Llamarada,1,0.6370731840315136,classical_20260919T110356Z,LogisticRegression,baseline,val,0.6663391213946953,0
seg_009032,sample_03109,The girl just faded - Los Llamarada,1,0.8324481237446958,classical_20260919T110356Z,LogisticRegression,baseline,val,0.6663391213946953,1
seg_009033,sample_03110,The girl just faded - Los Llamarada,1,0.5172994882695242,classical_20260919T110356Z,LogisticRegression,baseline,val,0.6663391213946953,0
seg_009034,sample_03110,The girl just faded - Los Llamarada,1,0.5043268529626894,classical_20260919T110356Z,LogisticRegression,baseline,val,0.6663391213946953,0
seg_009035,sample_03110,The girl just faded - Los Llamarada,1,0.970689798987594,classical_20260919T110356Z,LogisticRegression,baseline,val,0.6663391213946953,1
seg_009042,sample_03113,Time Is Love - Silence is full of birds,1,0.30206606729931257,classical_20260919T110356Z,LogisticRegression,baseline,val,0.6663391213946953,0
seg_009043,sample_03113,Time Is Love - Silence is full of birds,1,0.9300401961301069,classical_20260919T110356Z,LogisticRegression,baseline,val,0.6663391213946953,1
seg_009044,sample_03113,Time Is Love - Silence is full of birds,1,0.9999928407653256,classical_20260919T110356Z,LogisticRegression,baseline,val,0.6663391213946953,1
seg_009045,sample_03114,Time Is Love - Silence is full of birds,1,0.14684103848836452,classical_20260919T110356Z,LogisticRegression,baseline,val,0.6663391213946953,0
seg_009046,sample_03114,Time Is Love - Silence is full of birds,1,0.5466954212770855,classical_20260919T110356Z,LogisticRegression,baseline,val,0.6663391213946953,0
seg_009047,sample_03114,Time Is Love - Silence is full of birds,1,0.9985133272204437,classical_20260919T110356Z,LogisticRegression,baseline,val,0.6663391213946953,1
seg_009078,sample_03125,Voxel - Andy G. Cohen,1,0.9968123807130276,classical_20260919T110356Z,LogisticRegression,baseline,val,0.6663391213946953,1
seg_009079,sample_03125,Voxel - Andy G. Cohen,1,0.07181844347101216,classical_20260919T110356Z,LogisticRegression,baseline,val,0.6663391213946953,0
seg_009080,sample_03125,Voxel - Andy G. Cohen,1,0.966772697506167,classical_20260919T110356Z,LogisticRegression,baseline,val,0.6663391213946953,1
seg_009081,sample_03126,Voxel - Andy G. Cohen,1,0.996477480005726,classical_20260919T110356Z,LogisticRegression,baseline,val,0.6663391213946953,1
seg_009082,sample_03126,Voxel - Andy G. Cohen,1,0.17988622067639695,classical_20260919T110356Z,LogisticRegression,baseline,val,0.6663391213946953,0
seg_009083,sample_03126,Voxel - Andy G. Cohen,1,0.977533557221009,classical_20260919T110356Z,LogisticRegression,baseline,val,0.6663391213946953,1
seg_009114,sample_03137,Windows of the Skull - Sarin,1,0.9930560412488967,classical_20260919T110356Z,LogisticRegression,baseline,val,0.6663391213946953,1
seg_009115,sample_03137,Windows of the Skull - Sarin,1,0.22429627809656535,classical_20260919T110356Z,LogisticRegression,baseline,val,0.6663391213946953,0
seg_009116,sample_03137,Windows of the Skull - Sarin,1,0.9999626734367497,classical_20260919T110356Z,LogisticRegression,baseline,val,0.6663391213946953,1
seg_009117,sample_03138,Windows of the Skull - Sarin,1,0.964808783247789,classical_20260919T110356Z,LogisticRegression,baseline,val,0.6663391213946953,1
seg_009118,sample_03138,Windows of the Skull - Sarin,1,0.010893806393630459,classical_20260919T110356Z,LogisticRegression,baseline,val,0.6663391213946953,0
seg_009119,sample_03138,Windows of the Skull - Sarin,1,0.4349100562055118,classical_20260919T110356Z,LogisticRegression,baseline,val,0.6663391213946953,0
seg_009168,sample_03155,mystery team 2090 - Jesse Futerman,1,0.9925782843639562,classical_20260919T110356Z,LogisticRegression,baseline,val,0.6663391213946953,1
seg_009169,sample_03155,mystery team 2090 - Jesse Futerman,1,0.7076906662481319,classical_20260919T110356Z,LogisticRegression,baseline,val,0.6663391213946953,1
seg_009170,sample_03155,mystery team 2090 - Jesse Futerman,1,0.9998360579759085,classical_20260919T110356Z,LogisticRegression,baseline,val,0.6663391213946953,1
seg_009171,sample_03156,mystery team 2090 - Jesse Futerman,1,0.42857614417401935,classical_20260919T110356Z,LogisticRegression,baseline,val,0.6663391213946953,0
seg_009172,sample_03156,mystery team 2090 - Jesse Futerman,1,0.7592621151545718,classical_20260919T110356Z,LogisticRegression,baseline,val,0.6663391213946953,1
seg_009173,sample_03156,mystery team 2090 - Jesse Futerman,1,0.9784268326591211,classical_20260919T110356Z,LogisticRegression,baseline,val,0.6663391213946953,1
seg_009192,sample_03163,Новый Нью-Йорк 2 - Чокнутый Пропеллер,1,0.06996743920750806,classical_20260919T110356Z,LogisticRegression,baseline,val,0.6663391213946953,0
seg_009193,sample_03163,Новый Нью-Йорк 2 - Чокнутый Пропеллер,1,0.1264332460345927,classical_20260919T110356Z,LogisticRegression,baseline,val,0.6663391213946953,0
seg_009194,sample_03163,Новый Нью-Йорк 2 - Чокнутый Пропеллер,1,0.47650576965887664,classical_20260919T110356Z,LogisticRegression,baseline,val,0.6663391213946953,0
seg_009195,sample_03164,Новый Нью-Йорк 2 - Чокнутый Пропеллер,1,0.7039178478041703,classical_20260919T110356Z,LogisticRegression,baseline,val,0.6663391213946953,1
seg_009196,sample_03164,Новый Нью-Йорк 2 - Чокнутый Пропеллер,1,0.32656919795421874,classical_20260919T110356Z,LogisticRegression,baseline,val,0.6663391213946953,0
seg_009197,sample_03164,Новый Нью-Йорк 2 - Чокнутый Пропеллер,1,0.9830871913548461,classical_20260919T110356Z,LogisticRegression,baseline,val,0.6663391213946953,1
seg_009207,sample_03168,2 (Wasn't There) - Isle of Pine,1,0.9984588951958754,classical_20260919T110356Z,LogisticRegression,baseline,val,0.6663391213946953,1
seg_009208,sample_03168,2 (Wasn't There) - Isle of Pine,1,0.40714719921591597,classical_20260919T110356Z,LogisticRegression,baseline,val,0.6663391213946953,0
seg_009209,sample_03168,2 (Wasn't There) - Isle of Pine,1,0.8454846744717185,classical_20260919T110356Z,LogisticRegression,baseline,val,0.6663391213946953,1
seg_009228,sample_03175,Agora - Malaventura,1,0.11713442098922777,classical_20260919T110356Z,LogisticRegression,baseline,val,0.6663391213946953,0
seg_009229,sample_03175,Agora - Malaventura,1,0.8784624807402527,classical_20260919T110356Z,LogisticRegression,baseline,val,0.6663391213946953,1
seg_009230,sample_03175,Agora - Malaventura,1,0.9942750439632866,classical_20260919T110356Z,LogisticRegression,baseline,val,0.6663391213946953,1
seg_009279,sample_03192,Beyond Luxury - Mors Ontologica,1,0.71487620749546,classical_20260919T110356Z,LogisticRegression,baseline,val,0.6663391213946953,1
seg_009280,sample_03192,Beyond Luxury - Mors Ontologica,1,0.9986605455564822,classical_20260919T110356Z,LogisticRegression,baseline,val,0.6663391213946953,1
seg_009281,sample_03192,Beyond Luxury - Mors Ontologica,1,0.994467898730109,classical_20260919T110356Z,LogisticRegression,baseline,val,0.6663391213946953,1
seg_009324,sample_03207,CopperNickle - UncleBibby,1,0.03635726674829556,classical_20260919T110356Z,LogisticRegression,baseline,val,0.6663391213946953,0
seg_009325,sample_03207,CopperNickle - UncleBibby,1,0.9993553794360963,classical_20260919T110356Z,LogisticRegression,baseline,val,0.6663391213946953,1
seg_009326,sample_03207,CopperNickle - UncleBibby,1,0.9999855550323834,classical_20260919T110356Z,LogisticRegression,baseline,val,0.6663391213946953,1
seg_009339,sample_03212,Daylight Savings - My brother Daniel,1,0.9996051616270727,classical_20260919T110356Z,LogisticRegression,baseline,val,0.6663391213946953,1
seg_009340,sample_03212,Daylight Savings - My brother Daniel,1,0.7396984168002927,classical_20260919T110356Z,LogisticRegression,baseline,val,0.6663391213946953,1
seg_009341,sample_03212,Daylight Savings - My brother Daniel,1,0.7961726792805289,classical_20260919T110356Z,LogisticRegression,baseline,val,0.6663391213946953,1
seg_009375,sample_03224,Empty Pockets - Pete Prodoehl,1,0.9792456081593571,classical_20260919T110356Z,LogisticRegression,baseline,val,0.6663391213946953,1
seg_009376,sample_03224,Empty Pockets - Pete Prodoehl,1,0.7245062767359857,classical_20260919T110356Z,LogisticRegression,baseline,val,0.6663391213946953,1
seg_009377,sample_03224,Empty Pockets - Pete Prodoehl,1,0.11405437727657647,classical_20260919T110356Z,LogisticRegression,baseline,val,0.6663391213946953,0
seg_009393,sample_03230,Evil Cannot Create - Caleb Lemond,1,0.9939985460613497,classical_20260919T110356Z,LogisticRegression,baseline,val,0.6663391213946953,1
seg_009394,sample_03230,Evil Cannot Create - Caleb Lemond,1,0.9999764687691802,classical_20260919T110356Z,LogisticRegression,baseline,val,0.6663391213946953,1
seg_009395,sample_03230,Evil Cannot Create - Caleb Lemond,1,0.9999612183343545,classical_20260919T110356Z,LogisticRegression,baseline,val,0.6663391213946953,1
seg_009399,sample_03232,Fear - Los Fancy Free,1,0.9952639025031422,classical_20260919T110356Z,LogisticRegression,baseline,val,0.6663391213946953,1
seg_009400,sample_03232,Fear - Los Fancy Free,1,0.9993478936772163,classical_20260919T110356Z,LogisticRegression,baseline,val,0.6663391213946953,1
seg_009401,sample_03232,Fear - Los Fancy Free,1,0.9986552093230954,classical_20260919T110356Z,LogisticRegression,baseline,val,0.6663391213946953,1
seg_009402,sample_03233,Fifth Ramble - From the album Keith [RSVP007] - My brother Daniel,1,0.9503335625996687,classical_20260919T110356Z,LogisticRegression,baseline,val,0.6663391213946953,1
seg_009403,sample_03233,Fifth Ramble - From the album Keith [RSVP007] - My brother Daniel,1,0.9831524680489856,classical_20260919T110356Z,LogisticRegression,baseline,val,0.6663391213946953,1
seg_009404,sample_03233,Fifth Ramble - From the album Keith [RSVP007] - My brother Daniel,1,0.27225421532483834,classical_20260919T110356Z,LogisticRegression,baseline,val,0.6663391213946953,0
seg_009438,sample_03245,Gila Monster Flop/Music History Lesson:The Sonics - The Crypts!,1,0.07794962765844926,classical_20260919T110356Z,LogisticRegression,baseline,val,0.6663391213946953,0
seg_009439,sample_03245,Gila Monster Flop/Music History Lesson:The Sonics - The Crypts!,1,0.12530717884216785,classical_20260919T110356Z,LogisticRegression,baseline,val,0.6663391213946953,0
seg_009440,sample_03245,Gila Monster Flop/Music History Lesson:The Sonics - The Crypts!,1,0.999981371684479,classical_20260919T110356Z,LogisticRegression,baseline,val,0.6663391213946953,1
seg_009471,sample_03256,If You're Ther - Nicola Ratti,1,0.9850595751507609,classical_20260919T110356Z,LogisticRegression,baseline,val,0.6663391213946953,1
seg_009472,sample_03256,If You're Ther - Nicola Ratti,1,0.9095279414973211,classical_20260919T110356Z,LogisticRegression,baseline,val,0.6663391213946953,1
seg_009473,sample_03256,If You're Ther - Nicola Ratti,1,0.8287515675406184,classical_20260919T110356Z,LogisticRegression,baseline,val,0.6663391213946953,1
seg_009501,sample_03266,I Fell - Mod Fun,1,0.47651526477842937,classical_20260919T110356Z,LogisticRegression,baseline,val,0.6663391213946953,0
seg_009502,sample_03266,I Fell - Mod Fun,1,0.9999942669364792,classical_20260919T110356Z,LogisticRegression,baseline,val,0.6663391213946953,1
seg_009503,sample_03266,I Fell - Mod Fun,1,0.9990874316963732,classical_20260919T110356Z,LogisticRegression,baseline,val,0.6663391213946953,1
seg_009549,sample_03282,Kumorizoranohajimarutokoro - Hosomi,1,0.9628330228234605,classical_20260919T110356Z,LogisticRegression,baseline,val,0.6663391213946953,1
seg_009550,sample_03282,Kumorizoranohajimarutokoro - Hosomi,1,0.9985971726343646,classical_20260919T110356Z,LogisticRegression,baseline,val,0.6663391213946953,1
seg_009551,sample_03282,Kumorizoranohajimarutokoro - Hosomi,1,0.991784151365671,classical_20260919T110356Z,LogisticRegression,baseline,val,0.6663391213946953,1
seg_009585,sample_03294,Lights Up - Pipe Choir,1,0.9920063005838636,classical_20260919T110356Z,LogisticRegression,baseline,val,0.6663391213946953,1
seg_009586,sample_03294,Lights Up - Pipe Choir,1,0.9947569805007499,classical_20260919T110356Z,LogisticRegression,baseline,val,0.6663391213946953,1
seg_009587,sample_03294,Lights Up - Pipe Choir,1,0.9668940593337013,classical_20260919T110356Z,LogisticRegression,baseline,val,0.6663391213946953,1
seg_009603,sample_03300,Loved Ones - Rowan Box,1,0.9784460949001281,classical_20260919T110356Z,LogisticRegression,baseline,val,0.6663391213946953,1
seg_009604,sample_03300,Loved Ones - Rowan Box,1,0.9648693562132621,classical_20260919T110356Z,LogisticRegression,baseline,val,0.6663391213946953,1
seg_009605,sample_03300,Loved Ones - Rowan Box,1,0.6883002233787047,classical_20260919T110356Z,LogisticRegression,baseline,val,0.6663391213946953,1
seg_009615,sample_03304,March of the GPA Mechanics - [t]ghost,1,0.9961355708355498,classical_20260919T110356Z,LogisticRegression,baseline,val,0.6663391213946953,1
seg_009616,sample_03304,March of the GPA Mechanics - [t]ghost,1,0.9992762870275472,classical_20260919T110356Z,LogisticRegression,baseline,val,0.6663391213946953,1
seg_009617,sample_03304,March of the GPA Mechanics - [t]ghost,1,0.6366793262716662,classical_20260919T110356Z,LogisticRegression,baseline,val,0.6663391213946953,0
seg_009636,sample_03311,Morning Bell - Nihilore,1,0.9667924761618756,classical_20260919T110356Z,LogisticRegression,baseline,val,0.6663391213946953,1
seg_009637,sample_03311,Morning Bell - Nihilore,1,0.9915599688198027,classical_20260919T110356Z,LogisticRegression,baseline,val,0.6663391213946953,1
seg_009638,sample_03311,Morning Bell - Nihilore,1,0.999936050511692,classical_20260919T110356Z,LogisticRegression,baseline,val,0.6663391213946953,1
seg_009651,sample_03316,mystery team 2090 - Jesse Futerman,1,0.9847128950402569,classical_20260919T110356Z,LogisticRegression,baseline,val,0.6663391213946953,1
seg_009652,sample_03316,mystery team 2090 - Jesse Futerman,1,0.9975928274665764,classical_20260919T110356Z,LogisticRegression,baseline,val,0.6663391213946953,1
seg_009653,sample_03316,mystery team 2090 - Jesse Futerman,1,0.9766263113026916,classical_20260919T110356Z,LogisticRegression,baseline,val,0.6663391213946953,1
seg_009654,sample_03317,My Body Is A Weapon (Compromise Edit) - Silence is full of birds,1,0.9998873101448862,classical_20260919T110356Z,LogisticRegression,baseline,val,0.6663391213946953,1
seg_009655,sample_03317,My Body Is A Weapon (Compromise Edit) - Silence is full of birds,1,0.9450815768125485,classical_20260919T110356Z,LogisticRegression,baseline,val,0.6663391213946953,1
seg_009656,sample_03317,My Body Is A Weapon (Compromise Edit) - Silence is full of birds,1,0.924894803668488,classical_20260919T110356Z,LogisticRegression,baseline,val,0.6663391213946953,1
seg_009666,sample_03321,New Life (take 1) - Bird Names,1,0.9862612397322991,classical_20260919T110356Z,LogisticRegression,baseline,val,0.6663391213946953,1
seg_009667,sample_03321,New Life (take 1) - Bird Names,1,0.9980201142618547,classical_20260919T110356Z,LogisticRegression,baseline,val,0.6663391213946953,1
seg_009668,sample_03321,New Life (take 1) - Bird Names,1,0.9829073549123598,classical_20260919T110356Z,LogisticRegression,baseline,val,0.6663391213946953,1
seg_009672,sample_03323,Night Drive - Decktonic,1,0.0998550264830307,classical_20260919T110356Z,LogisticRegression,baseline,val,0.6663391213946953,0
seg_009673,sample_03323,Night Drive - Decktonic,1,0.9988430647707571,classical_20260919T110356Z,LogisticRegression,baseline,val,0.6663391213946953,1
seg_009674,sample_03323,Night Drive - Decktonic,1,0.9163132344055848,classical_20260919T110356Z,LogisticRegression,baseline,val,0.6663391213946953,1
seg_009681,sample_03326,Norweigian Wood II - Bird Names,1,0.5338423661575487,classical_20260919T110356Z,LogisticRegression,baseline,val,0.6663391213946953,0
seg_009682,sample_03326,Norweigian Wood II - Bird Names,1,0.2981435647812242,classical_20260919T110356Z,LogisticRegression,baseline,val,0.6663391213946953,0
seg_009683,sample_03326,Norweigian Wood II - Bird Names,1,0.6587119084134271,classical_20260919T110356Z,LogisticRegression,baseline,val,0.6663391213946953,0
seg_009693,sample_03330,Nuo Maisemat - Paavoharju,1,0.851654435714138,classical_20260919T110356Z,LogisticRegression,baseline,val,0.6663391213946953,1
seg_009694,sample_03330,Nuo Maisemat - Paavoharju,1,0.9969219786776063,classical_20260919T110356Z,LogisticRegression,baseline,val,0.6663391213946953,1
seg_009695,sample_03330,Nuo Maisemat - Paavoharju,1,0.9981456651389785,classical_20260919T110356Z,LogisticRegression,baseline,val,0.6663391213946953,1
seg_009756,sample_03351,Redlight - Room For A Ghost,1,0.9990146843228953,classical_20260919T110356Z,LogisticRegression,baseline,val,0.6663391213946953,1
seg_009757,sample_03351,Redlight - Room For A Ghost,1,0.9999936670642275,classical_20260919T110356Z,LogisticRegression,baseline,val,0.6663391213946953,1
seg_009758,sample_03351,Redlight - Room For A Ghost,1,0.5584005428631558,classical_20260919T110356Z,LogisticRegression,baseline,val,0.6663391213946953,0
seg_009774,sample_03357,Roller Star - Monroeville Music Center,1,0.9995532805086638,classical_20260919T110356Z,LogisticRegression,baseline,val,0.6663391213946953,1
seg_009775,sample_03357,Roller Star - Monroeville Music Center,1,0.999678019326438,classical_20260919T110356Z,LogisticRegression,baseline,val,0.6663391213946953,1
seg_009776,sample_03357,Roller Star - Monroeville Music Center,1,0.9995897290305551,classical_20260919T110356Z,LogisticRegression,baseline,val,0.6663391213946953,1
seg_009780,sample_03359,"Roundtrip - Oh Yeah, the Future",1,0.5622071417469586,classical_20260919T110356Z,LogisticRegression,baseline,val,0.6663391213946953,0
seg_009781,sample_03359,"Roundtrip - Oh Yeah, the Future",1,0.9986913914350554,classical_20260919T110356Z,LogisticRegression,baseline,val,0.6663391213946953,1
seg_009782,sample_03359,"Roundtrip - Oh Yeah, the Future",1,0.9950621165917585,classical_20260919T110356Z,LogisticRegression,baseline,val,0.6663391213946953,1
seg_009792,sample_03363,Scramby Eggs - Andy G. Cohen,1,0.9345883340010503,classical_20260919T110356Z,LogisticRegression,baseline,val,0.6663391213946953,1
seg_009793,sample_03363,Scramby Eggs - Andy G. Cohen,1,0.9999769579574944,classical_20260919T110356Z,LogisticRegression,baseline,val,0.6663391213946953,1
seg_009794,sample_03363,Scramby Eggs - Andy G. Cohen,1,0.015049312455840768,classical_20260919T110356Z,LogisticRegression,baseline,val,0.6663391213946953,0
seg_009795,sample_03364,SD (Ill Mix) - H-LR,1,0.9573987108467964,classical_20260919T110356Z,LogisticRegression,baseline,val,0.6663391213946953,1
seg_009796,sample_03364,SD (Ill Mix) - H-LR,1,0.9999995108617804,classical_20260919T110356Z,LogisticRegression,baseline,val,0.6663391213946953,1
seg_009797,sample_03364,SD (Ill Mix) - H-LR,1,0.9996975907188121,classical_20260919T110356Z,LogisticRegression,baseline,val,0.6663391213946953,1
seg_009819,sample_03372,Shipwrecked Crew - Pete Prodoehl,1,0.9597041780866984,classical_20260919T110356Z,LogisticRegression,baseline,val,0.6663391213946953,1
seg_009820,sample_03372,Shipwrecked Crew - Pete Prodoehl,1,0.9985969502791102,classical_20260919T110356Z,LogisticRegression,baseline,val,0.6663391213946953,1
seg_009821,sample_03372,Shipwrecked Crew - Pete Prodoehl,1,0.5882021226001384,classical_20260919T110356Z,LogisticRegression,baseline,val,0.6663391213946953,0
seg_009837,sample_03378,Soleares&beats - Malaventura,1,0.9743252573378554,classical_20260919T110356Z,LogisticRegression,baseline,val,0.6663391213946953,1
seg_009838,sample_03378,Soleares&beats - Malaventura,1,0.9431147629678444,classical_20260919T110356Z,LogisticRegression,baseline,val,0.6663391213946953,1
seg_009839,sample_03378,Soleares&beats - Malaventura,1,0.5388309227756841,classical_20260919T110356Z,LogisticRegression,baseline,val,0.6663391213946953,0
seg_009843,sample_03380,some dextromethorphan - Jeva,1,0.9946213765010884,classical_20260919T110356Z,LogisticRegression,baseline,val,0.6663391213946953,1
seg_009844,sample_03380,some dextromethorphan - Jeva,1,0.9945410846582605,classical_20260919T110356Z,LogisticRegression,baseline,val,0.6663391213946953,1
seg_009845,sample_03380,some dextromethorphan - Jeva,1,0.6310900509202866,classical_20260919T110356Z,LogisticRegression,baseline,val,0.6663391213946953,0
seg_009858,sample_03385,Stockholm Syndrome / People Should Be More Aware - Bird Names,1,0.9717746880676705,classical_20260919T110356Z,LogisticRegression,baseline,val,0.6663391213946953,1
seg_009859,sample_03385,Stockholm Syndrome / People Should Be More Aware - Bird Names,1,0.9997278730107718,classical_20260919T110356Z,LogisticRegression,baseline,val,0.6663391213946953,1
seg_009860,sample_03385,Stockholm Syndrome / People Should Be More Aware - Bird Names,1,0.9998688445779262,classical_20260919T110356Z,LogisticRegression,baseline,val,0.6663391213946953,1
seg_009870,sample_03389,Sturgeon's Law - Nihilore,1,0.006845519970452346,classical_20260919T110356Z,LogisticRegression,baseline,val,0.6663391213946953,0
seg_009871,sample_03389,Sturgeon's Law - Nihilore,1,0.8504906221125228,classical_20260919T110356Z,LogisticRegression,baseline,val,0.6663391213946953,1
seg_009872,sample_03389,Sturgeon's Law - Nihilore,1,0.9887911039847032,classical_20260919T110356Z,LogisticRegression,baseline,val,0.6663391213946953,1
seg_009927,sample_03408,The girl just faded - Los Llamarada,1,0.9666480714251086,classical_20260919T110356Z,LogisticRegression,baseline,val,0.6663391213946953,1
seg_009928,sample_03408,The girl just faded - Los Llamarada,1,0.9964186247946494,classical_20260919T110356Z,LogisticRegression,baseline,val,0.6663391213946953,1
seg_009929,sample_03408,The girl just faded - Los Llamarada,1,0.9957399247976544,classical_20260919T110356Z,LogisticRegression,baseline,val,0.6663391213946953,1
seg_009954,sample_03417,The Stairway - WarpToken,1,0.9975784046967122,classical_20260919T110356Z,LogisticRegression,baseline,val,0.6663391213946953,1
seg_009955,sample_03417,The Stairway - WarpToken,1,0.9957332982687259,classical_20260919T110356Z,LogisticRegression,baseline,val,0.6663391213946953,1
seg_009956,sample_03417,The Stairway - WarpToken,1,0.854096758968994,classical_20260919T110356Z,LogisticRegression,baseline,val,0.6663391213946953,1
seg_009957,sample_03418,Three Bird - My brother Daniel,1,0.5203634518708009,classical_20260919T110356Z,LogisticRegression,baseline,val,0.6663391213946953,0
seg_009958,sample_03418,Three Bird - My brother Daniel,1,0.02406186615309188,classical_20260919T110356Z,LogisticRegression,baseline,val,0.6663391213946953,0
seg_009959,sample_03418,Three Bird - My brother Daniel,1,0.8307891784703393,classical_20260919T110356Z,LogisticRegression,baseline,val,0.6663391213946953,1
seg_009960,sample_03419,Timen Passing By - Jason Shaw,1,0.9946131702764541,classical_20260919T110356Z,LogisticRegression,baseline,val,0.6663391213946953,1
seg_009961,sample_03419,Timen Passing By - Jason Shaw,1,0.8684203536754173,classical_20260919T110356Z,LogisticRegression,baseline,val,0.6663391213946953,1
seg_009962,sample_03419,Timen Passing By - Jason Shaw,1,0.999790870498559,classical_20260919T110356Z,LogisticRegression,baseline,val,0.6663391213946953,1
seg_009963,sample_03420,Time Is Love - Silence is full of birds,1,0.9953101008301736,classical_20260919T110356Z,LogisticRegression,baseline,val,0.6663391213946953,1
seg_009964,sample_03420,Time Is Love - Silence is full of birds,1,0.9986052939013215,classical_20260919T110356Z,LogisticRegression,baseline,val,0.6663391213946953,1
seg_009965,sample_03420,Time Is Love - Silence is full of birds,1,0.2000865774284221,classical_20260919T110356Z,LogisticRegression,baseline,val,0.6663391213946953,0
seg_009990,sample_03429,Understand That This Is A Dream - From the album Modulating Coil [RSVP008] - Forrest James,1,0.5903531069235723,classical_20260919T110356Z,LogisticRegression,baseline,val,0.6663391213946953,0
seg_009991,sample_03429,Understand That This Is A Dream - From the album Modulating Coil [RSVP008] - Forrest James,1,0.9036930350373424,classical_20260919T110356Z,LogisticRegression,baseline,val,0.6663391213946953,1
seg_009992,sample_03429,Understand That This Is A Dream - From the album Modulating Coil [RSVP008] - Forrest James,1,0.9960082086044942,classical_20260919T110356Z,LogisticRegression,baseline,val,0.6663391213946953,1
seg_010005,sample_03434,Voxel - Andy G. Cohen,1,0.9453001651520118,classical_20260919T110356Z,LogisticRegression,baseline,val,0.6663391213946953,1
seg_010006,sample_03434,Voxel - Andy G. Cohen,1,0.9991392477280512,classical_20260919T110356Z,LogisticRegression,baseline,val,0.6663391213946953,1
seg_010007,sample_03434,Voxel - Andy G. Cohen,1,0.9412056145327059,classical_20260919T110356Z,LogisticRegression,baseline,val,0.6663391213946953,1
seg_010011,sample_03436,Westside Chillers - Little Glass Men,1,0.999640754083224,classical_20260919T110356Z,LogisticRegression,baseline,val,0.6663391213946953,1
seg_010012,sample_03436,Westside Chillers - Little Glass Men,1,0.9954158090800309,classical_20260919T110356Z,LogisticRegression,baseline,val,0.6663391213946953,1
seg_010013,sample_03436,Westside Chillers - Little Glass Men,1,0.8097970833266713,classical_20260919T110356Z,LogisticRegression,baseline,val,0.6663391213946953,1
seg_010065,sample_03454,Новый Нью-Йорк 2 - Чокнутый Пропеллер,1,0.9617099037330605,classical_20260919T110356Z,LogisticRegression,baseline,val,0.6663391213946953,1
seg_010066,sample_03454,Новый Нью-Йорк 2 - Чокнутый Пропеллер,1,0.04361057607348773,classical_20260919T110356Z,LogisticRegression,baseline,val,0.6663391213946953,0
seg_010067,sample_03454,Новый Нью-Йорк 2 - Чокнутый Пропеллер,1,0.8036735390490078,classical_20260919T110356Z,LogisticRegression,baseline,val,0.6663391213946953,1
seg_010071,sample_03456,Windows of the Skull - Sarin,1,0.9969471628445652,classical_20260919T110356Z,LogisticRegression,baseline,val,0.6663391213946953,1
seg_010072,sample_03456,Windows of the Skull - Sarin,1,0.9835610227889737,classical_20260919T110356Z,LogisticRegression,baseline,val,0.6663391213946953,1
seg_010073,sample_03456,Windows of the Skull - Sarin,1,0.9986746107609691,classical_20260919T110356Z,LogisticRegression,baseline,val,0.6663391213946953,1
