segment_id,track_id,original_audio_id,label,score,run_id,model,variant,split,threshold,prediction
seg_000006,sample_00002,2 (Wasn't There) - Isle of Pine,0,0.032728289777650764,classical_20260919T110356Z,LogisticRegression,optimized,val,0.5676900245181252,0
seg_000007,sample_00002,2 (Wasn't There) - Isle of Pine,0,0.1938868569532793,classical_20260919T110356Z,LogisticRegression,optimized,val,0.5676900245181252,0
seg_000008,sample_00002,2 (Wasn't There) - Isle of Pine,0,0.2565844868840153,classical_20260919T110356Z,LogisticRegression,optimized,val,0.5676900245181252,0
seg_000039,sample_00013,Agora - Malaventura,0,0.41481789815866266,classical_20260919T110356Z,LogisticRegression,optimized,val,0.5676900245181252,0
seg_000040,sample_00013,Agora - Malaventura,0,0.8125002724820373,classical_20260919T110356Z,LogisticRegression,optimized,val,0.5676900245181252,1
seg_000041,sample_00013,Agora - Malaventura,0,0.4975578639036981,classical_20260919T110356Z,LogisticRegression,optimized,val,0.5676900245181252,0
seg_000081,sample_00027,Beyond Luxury - Mors Ontologica,0,0.008506592355420233,classical_20260919T110356Z,LogisticRegression,optimized,val,0.5676900245181252,0
seg_000082,sample_00027,Beyond Luxury - Mors Ontologica,0,0.1785432441135987,classical_20260919T110356Z,LogisticRegression,optimized,val,0.5676900245181252,0
seg_000083,sample_00027,Beyond Luxury - Mors Ontologica,0,0.19821502384911993,classical_20260919T110356Z,LogisticRegression,optimized,val,0.5676900245181252,0
seg_000129,sample_00043,CopperNickle - UncleBibby,0,0.3904165143233484,classical_20260919T110356Z,LogisticRegression,optimized,val,0.5676900245181252,0
seg_000130,sample_00043,CopperNickle - UncleBibby,0,0.5787743774273034,classical_20260919T110356Z,LogisticRegression,optimized,val,0.5676900245181252,1
seg_000131,sample_00043,CopperNickle - UncleBibby,0,0.14384570747955178,classical_20260919T110356Z,LogisticRegression,optimized,val,0.5676900245181252,0
seg_000141,sample_00047,Daylight Savings - My brother Daniel,0,0.3695616361568525,classical_20260919T110356Z,LogisticRegression,optimized,val,0.5676900245181252,0
seg_000142,sample_00047,Daylight Savings - My brother Daniel,0,0.5157396435170382,classical_20260919T110356Z,LogisticRegression,optimized,val,0.5676900245181252,0
seg_000143,sample_00047,Daylight Savings - My brother Daniel,0,0.8050671915105561,classical_20260919T110356Z,LogisticRegression,optimized,val,0.5676900245181252,1
seg_000177,sample_00059,Empty Pockets - Pete Prodoehl,0,0.13239297607435532,classical_20260919T110356Z,LogisticRegression,optimized,val,0.5676900245181252,0
seg_000178,sample_00059,Empty Pockets - Pete Prodoehl,0,0.5324041624376074,classical_20260919T110356Z,LogisticRegression,optimized,val,0.5676900245181252,0
seg_000179,sample_00059,Empty Pockets - Pete Prodoehl,0,0.1529096438541816,classical_20260919T110356Z,LogisticRegression,optimized,val,0.5676900245181252,0
seg_000195,sample_00065,Evil Cannot Create - Caleb Lemond,0,0.02667532207965295,classical_20260919T110356Z,LogisticRegression,optimized,val,0.5676900245181252,0
seg_000196,sample_00065,Evil Cannot Create - Caleb Lemond,0,0.4026289183924799,classical_20260919T110356Z,LogisticRegression,optimized,val,0.5676900245181252,0
seg_000197,sample_00065,Evil Cannot Create - Caleb Lemond,0,0.014830093011026274,classical_20260919T110356Z,LogisticRegression,optimized,val,0.5676900245181252,0
seg_000201,sample_00067,Fear - Los Fancy Free,0,0.05066747228591389,classical_20260919T110356Z,LogisticRegression,optimized,val,0.5676900245181252,0
seg_000202,sample_00067,Fear - Los Fancy Free,0,0.5817312240512532,classical_20260919T110356Z,LogisticRegression,optimized,val,0.5676900245181252,1
seg_000203,sample_00067,Fear - Los Fancy Free,0,0.02074990953446771,classical_20260919T110356Z,LogisticRegression,optimized,val,0.5676900245181252,0
seg_000204,sample_00068,Fifth Ramble - From the album Keith [RSVP007] - My brother Daniel,0,0.9334362583999408,classical_20260919T110356Z,LogisticRegression,optimized,val,0.5676900245181252,1
seg_000205,sample_00068,Fifth Ramble - From the album Keith [RSVP007] - My brother Daniel,0,0.8000120422983555,classical_20260919T110356Z,LogisticRegression,optimized,val,0.5676900245181252,1
seg_000206,sample_00068,Fifth Ramble - From the album Keith [RSVP007] - My brother Daniel,0,0.9379669002229439,classical_20260919T110356Z,LogisticRegression,optimized,val,0.5676900245181252,1
seg_000240,sample_00080,Gila Monster Flop/Music History Lesson:The Sonics - The Crypts!,0,0.49004451468133703,classical_20260919T110356Z,LogisticRegression,optimized,val,0.5676900245181252,0
seg_000241,sample_00080,Gila Monster Flop/Music History Lesson:The Sonics - The Crypts!,0,0.5958702183573921,classical_20260919T110356Z,LogisticRegression,optimized,val,0.5676900245181252,1
seg_000242,sample_00080,Gila Monster Flop/Music History Lesson:The Sonics - The Crypts!,0,0.2138471133352323,classical_20260919T110356Z,LogisticRegression,optimized,val,0.5676900245181252,0
seg_000285,sample_00095,I Fell - Mod Fun,0,0.10762674583297592,classical_20260919T110356Z,LogisticRegression,optimized,val,0.5676900245181252,0
seg_000286,sample_00095,I Fell - Mod Fun,0,0.23245285456765546,classical_20260919T110356Z,LogisticRegression,optimized,val,0.5676900245181252,0
seg_000287,sample_00095,I Fell - Mod Fun,0,0.10746576527312865,classical_20260919T110356Z,LogisticRegression,optimized,val,0.5676900245181252,0
seg_000297,sample_00099,If You're Ther - Nicola Ratti,0,0.41756145987922316,classical_20260919T110356Z,LogisticRegression,optimized,val,0.5676900245181252,0
seg_000298,sample_00099,If You're Ther - Nicola Ratti,0,0.15406241981926916,classical_20260919T110356Z,LogisticRegression,optimized,val,0.5676900245181252,0
seg_000299,sample_00099,If You're Ther - Nicola Ratti,0,0.08229852406939982,classical_20260919T110356Z,LogisticRegression,optimized,val,0.5676900245181252,0
seg_000342,sample_00114,Kumorizoranohajimarutokoro - Hosomi,0,0.01738455948743692,classical_20260919T110356Z,LogisticRegression,optimized,val,0.5676900245181252,0
seg_000343,sample_00114,Kumorizoranohajimarutokoro - Hosomi,0,0.04628179662601215,classical_20260919T110356Z,LogisticRegression,optimized,val,0.5676900245181252,0
seg_000344,sample_00114,Kumorizoranohajimarutokoro - Hosomi,0,0.0034928051304820916,classical_20260919T110356Z,LogisticRegression,optimized,val,0.5676900245181252,0
seg_000384,sample_00128,Lights Up - Pipe Choir,0,0.011913072377756233,classical_20260919T110356Z,LogisticRegression,optimized,val,0.5676900245181252,0
seg_000385,sample_00128,Lights Up - Pipe Choir,0,0.19496828335394753,classical_20260919T110356Z,LogisticRegression,optimized,val,0.5676900245181252,0
seg_000386,sample_00128,Lights Up - Pipe Choir,0,0.02753060327102927,classical_20260919T110356Z,LogisticRegression,optimized,val,0.5676900245181252,0
seg_000399,sample_00133,Loved Ones - Rowan Box,0,0.2701700790825142,classical_20260919T110356Z,LogisticRegression,optimized,val,0.5676900245181252,0
seg_000400,sample_00133,Loved Ones - Rowan Box,0,0.8486541630944231,classical_20260919T110356Z,LogisticRegression,optimized,val,0.5676900245181252,1
seg_000401,sample_00133,Loved Ones - Rowan Box,0,0.48576514778654784,classical_20260919T110356Z,LogisticRegression,optimized,val,0.5676900245181252,0
seg_000408,sample_00136,March of the GPA Mechanics - [t]ghost,0,0.11197528244201747,classical_20260919T110356Z,LogisticRegression,optimized,val,0.5676900245181252,0
seg_000409,sample_00136,March of the GPA Mechanics - [t]ghost,0,0.5973949885120664,classical_20260919T110356Z,LogisticRegression,optimized,val,0.5676900245181252,1
seg_000410,sample_00136,March of the GPA Mechanics - [t]ghost,0,0.30118314428643844,classical_20260919T110356Z,LogisticRegression,optimized,val,0.5676900245181252,0
seg_000426,sample_00142,Morning Bell - Nihilore,0,0.03854784314286159,classical_20260919T110356Z,LogisticRegression,optimized,val,0.5676900245181252,0
seg_000427,sample_00142,Morning Bell - Nihilore,0,0.1562595928977461,classical_20260919T110356Z,LogisticRegression,optimized,val,0.5676900245181252,0
seg_000428,sample_00142,Morning Bell - Nihilore,0,0.010035202275427705,classical_20260919T110356Z,LogisticRegression,optimized,val,0.5676900245181252,0
seg_000441,sample_00147,My Body Is A Weapon (Compromise Edit) - Silence is full of birds,0,0.07212401286931296,classical_20260919T110356Z,LogisticRegression,optimized,val,0.5676900245181252,0
seg_000442,sample_00147,My Body Is A Weapon (Compromise Edit) - Silence is full of birds,0,0.03515243137266026,classical_20260919T110356Z,LogisticRegression,optimized,val,0.5676900245181252,0
seg_000443,sample_00147,My Body Is A Weapon (Compromise Edit) - Silence is full of birds,0,0.007362342242207986,classical_20260919T110356Z,LogisticRegression,optimized,val,0.5676900245181252,0
seg_000453,sample_00151,New Life (take 1) - Bird Names,0,0.0032547046216601884,classical_20260919T110356Z,LogisticRegression,optimized,val,0.5676900245181252,0
seg_000454,sample_00151,New Life (take 1) - Bird Names,0,0.07571407969972795,classical_20260919T110356Z,LogisticRegression,optimized,val,0.5676900245181252,0
seg_000455,sample_00151,New Life (take 1) - Bird Names,0,0.042001523685236256,classical_20260919T110356Z,LogisticRegression,optimized,val,0.5676900245181252,0
seg_000459,sample_00153,Night Drive - Decktonic,0,0.0017796235485154064,classical_20260919T110356Z,LogisticRegression,optimized,val,0.5676900245181252,0
seg_000460,sample_00153,Night Drive - Decktonic,0,0.001053907989976824,classical_20260919T110356Z,LogisticRegression,optimized,val,0.5676900245181252,0
seg_000461,sample_00153,Night Drive - Decktonic,0,0.003832231649420376,classical_20260919T110356Z,LogisticRegression,optimized,val,0.5676900245181252,0
seg_000468,sample_00156,Norweigian Wood II - Bird Names,0,0.016169244690976164,classical_20260919T110356Z,LogisticRegression,optimized,val,0.5676900245181252,0
seg_000469,sample_00156,Norweigian Wood II - Bird Names,0,0.18496572945051318,classical_20260919T110356Z,LogisticRegression,optimized,val,0.5676900245181252,0
seg_000470,sample_00156,Norweigian Wood II - Bird Names,0,0.0746129627132614,classical_20260919T110356Z,LogisticRegression,optimized,val,0.5676900245181252,0
seg_000480,sample_00160,Nuo Maisemat - Paavoharju,0,0.6570162617353915,classical_20260919T110356Z,LogisticRegression,optimized,val,0.5676900245181252,1
seg_000481,sample_00160,Nuo Maisemat - Paavoharju,0,0.6567308758547523,classical_20260919T110356Z,LogisticRegression,optimized,val,0.5676900245181252,1
seg_000482,sample_00160,Nuo Maisemat - Paavoharju,0,0.2004660741785925,classical_20260919T110356Z,LogisticRegression,optimized,val,0.5676900245181252,0
seg_000537,sample_00179,Redlight - Room For A Ghost,0,0.018312657897218976,classical_20260919T110356Z,LogisticRegression,optimized,val,0.5676900245181252,0
seg_000538,sample_00179,Redlight - Room For A Ghost,0,0.11972879025092197,classical_20260919T110356Z,LogisticRegression,optimized,val,0.5676900245181252,0
seg_000539,sample_00179,Redlight - Room For A Ghost,0,0.033813121970400865,classical_20260919T110356Z,LogisticRegression,optimized,val,0.5676900245181252,0
seg_000555,sample_00185,Roller Star - Monroeville Music Center,0,0.0059841435540547135,classical_20260919T110356Z,LogisticRegression,optimized,val,0.5676900245181252,0
seg_000556,sample_00185,Roller Star - Monroeville Music Center,0,0.0639862288382559,classical_20260919T110356Z,LogisticRegression,optimized,val,0.5676900245181252,0
seg_000557,sample_00185,Roller Star - Monroeville Music Center,0,0.04733193814723707,classical_20260919T110356Z,LogisticRegression,optimized,val,0.5676900245181252,0
seg_000561,sample_00187,"Roundtrip - Oh Yeah, the Future",0,0.014344952455366915,classical_20260919T110356Z,LogisticRegression,optimized,val,0.5676900245181252,0
seg_000562,sample_00187,"Roundtrip - Oh Yeah, the Future",0,0.17983495683845374,classical_20260919T110356Z,LogisticRegression,optimized,val,0.5676900245181252,0
seg_000563,sample_00187,"Roundtrip - Oh Yeah, the Future",0,0.007845298823797028,classical_20260919T110356Z,LogisticRegression,optimized,val,0.5676900245181252,0
seg_000570,sample_00190,SD (Ill Mix) - H-LR,0,0.008111575965139851,classical_20260919T110356Z,LogisticRegression,optimized,val,0.5676900245181252,0
seg_000571,sample_00190,SD (Ill Mix) - H-LR,0,0.6940250338812902,classical_20260919T110356Z,LogisticRegression,optimized,val,0.5676900245181252,1
seg_000572,sample_00190,SD (Ill Mix) - H-LR,0,0.43876331729006607,classical_20260919T110356Z,LogisticRegression,optimized,val,0.5676900245181252,0
seg_000576,sample_00192,Scramby Eggs - Andy G. Cohen,0,0.07571726506205273,classical_20260919T110356Z,LogisticRegression,optimized,val,0.5676900245181252,0
seg_000577,sample_00192,Scramby Eggs - Andy G. Cohen,0,0.6212118102038311,classical_20260919T110356Z,LogisticRegression,optimized,val,0.5676900245181252,1
seg_000578,sample_00192,Scramby Eggs - Andy G. Cohen,0,0.08422119715262787,classical_20260919T110356Z,LogisticRegression,optimized,val,0.5676900245181252,0
seg_000600,sample_00200,Shipwrecked Crew - Pete Prodoehl,0,0.09184216565991997,classical_20260919T110356Z,LogisticRegression,optimized,val,0.5676900245181252,0
seg_000601,sample_00200,Shipwrecked Crew - Pete Prodoehl,0,0.5860620023253241,classical_20260919T110356Z,LogisticRegression,optimized,val,0.5676900245181252,1
seg_000602,sample_00200,Shipwrecked Crew - Pete Prodoehl,0,0.6124806305288997,classical_20260919T110356Z,LogisticRegression,optimized,val,0.5676900245181252,1
seg_000615,sample_00205,Soleares&beats - Malaventura,0,0.36714738982822676,classical_20260919T110356Z,LogisticRegression,optimized,val,0.5676900245181252,0
seg_000616,sample_00205,Soleares&beats - Malaventura,0,0.8652776902645586,classical_20260919T110356Z,LogisticRegression,optimized,val,0.5676900245181252,1
seg_000617,sample_00205,Soleares&beats - Malaventura,0,0.16916585121045388,classical_20260919T110356Z,LogisticRegression,optimized,val,0.5676900245181252,0
seg_000633,sample_00211,Stockholm Syndrome / People Should Be More Aware - Bird Names,0,0.022083117736621225,classical_20260919T110356Z,LogisticRegression,optimized,val,0.5676900245181252,0
seg_000634,sample_00211,Stockholm Syndrome / People Should Be More Aware - Bird Names,0,0.2448344576881596,classical_20260919T110356Z,LogisticRegression,optimized,val,0.5676900245181252,0
seg_000635,sample_00211,Stockholm Syndrome / People Should Be More Aware - Bird Names,0,0.014304650391980553,classical_20260919T110356Z,LogisticRegression,optimized,val,0.5676900245181252,0
seg_000645,sample_00215,Sturgeon's Law - Nihilore,0,0.05645551302418686,classical_20260919T110356Z,LogisticRegression,optimized,val,0.5676900245181252,0
seg_000646,sample_00215,Sturgeon's Law - Nihilore,0,0.23061309036397212,classical_20260919T110356Z,LogisticRegression,optimized,val,0.5676900245181252,0
seg_000647,sample_00215,Sturgeon's Law - Nihilore,0,0.3686184743094584,classical_20260919T110356Z,LogisticRegression,optimized,val,0.5676900245181252,0
seg_000726,sample_00242,The Stairway - WarpToken,0,0.3842675876886184,classical_20260919T110356Z,LogisticRegression,optimized,val,0.5676900245181252,0
seg_000727,sample_00242,The Stairway - WarpToken,0,0.975148392176914,classical_20260919T110356Z,LogisticRegression,optimized,val,0.5676900245181252,1
seg_000728,sample_00242,The Stairway - WarpToken,0,0.2819038884451588,classical_20260919T110356Z,LogisticRegression,optimized,val,0.5676900245181252,0
seg_000729,sample_00243,The girl just faded - Los Llamarada,0,0.02897695589532591,classical_20260919T110356Z,LogisticRegression,optimized,val,0.5676900245181252,0
seg_000730,sample_00243,The girl just faded - Los Llamarada,0,0.17043737304074033,classical_20260919T110356Z,LogisticRegression,optimized,val,0.5676900245181252,0
seg_000731,sample_00243,The girl just faded - Los Llamarada,0,0.04783004715898184,classical_20260919T110356Z,LogisticRegression,optimized,val,0.5676900245181252,0
seg_000735,sample_00245,Three Bird - My brother Daniel,0,0.8588182851933703,classical_20260919T110356Z,LogisticRegression,optimized,val,0.5676900245181252,1
seg_000736,sample_00245,Three Bird - My brother Daniel,0,0.9672766107260097,classical_20260919T110356Z,LogisticRegression,optimized,val,0.5676900245181252,1
seg_000737,sample_00245,Three Bird - My brother Daniel,0,0.015052272893508247,classical_20260919T110356Z,LogisticRegression,optimized,val,0.5676900245181252,0
seg_000738,sample_00246,Time Is Love - Silence is full of birds,0,0.0716716226256732,classical_20260919T110356Z,LogisticRegression,optimized,val,0.5676900245181252,0
seg_000739,sample_00246,Time Is Love - Silence is full of birds,0,0.1616953648397229,classical_20260919T110356Z,LogisticRegression,optimized,val,0.5676900245181252,0
seg_000740,sample_00246,Time Is Love - Silence is full of birds,0,0.01733265730407268,classical_20260919T110356Z,LogisticRegression,optimized,val,0.5676900245181252,0
seg_000744,sample_00248,Timen Passing By - Jason Shaw,0,0.11023431444413029,classical_20260919T110356Z,LogisticRegression,optimized,val,0.5676900245181252,0
seg_000745,sample_00248,Timen Passing By - Jason Shaw,0,0.5662702440005309,classical_20260919T110356Z,LogisticRegression,optimized,val,0.5676900245181252,0
seg_000746,sample_00248,Timen Passing By - Jason Shaw,0,0.4730454757118472,classical_20260919T110356Z,LogisticRegression,optimized,val,0.5676900245181252,0
seg_000765,sample_00255,Understand That This Is A Dream - From the album Modulating Coil [RSVP008] - Forrest James,0,0.04585551776659885,classical_20260919T110356Z,LogisticRegression,optimized,val,0.5676900245181252,0
seg_000766,sample_00255,Understand That This Is A Dream - From the album Modulating Coil [RSVP008] - Forrest James,0,0.21022462455500657,classical_20260919T110356Z,LogisticRegression,optimized,val,0.5676900245181252,0
seg_000767,sample_00255,Understand That This Is A Dream - From the album Modulating Coil [RSVP008] - Forrest James,0,0.19279437563377075,classical_20260919T110356Z,LogisticRegression,optimized,val,0.5676900245181252,0
seg_000783,sample_00261,Voxel - Andy G. Cohen,0,0.03953000001821649,classical_20260919T110356Z,LogisticRegression,optimized,val,0.5676900245181252,0
seg_000784,sample_00261,Voxel - Andy G. Cohen,0,0.39920978582211586,classical_20260919T110356Z,LogisticRegression,optimized,val,0.5676900245181252,0
seg_000785,sample_00261,Voxel - Andy G. Cohen,0,0.13822505007362432,classical_20260919T110356Z,LogisticRegression,optimized,val,0.5676900245181252,0
seg_000801,sample_00267,Westside Chillers - Little Glass Men,0,0.190391277929508,classical_20260919T110356Z,LogisticRegression,optimized,val,0.5676900245181252,0
seg_000802,sample_00267,Westside Chillers - Little Glass Men,0,0.5626017015032798,classical_20260919T110356Z,LogisticRegression,optimized,val,0.5676900245181252,0
seg_000803,sample_00267,Westside Chillers - Little Glass Men,0,0.7356304459331251,classical_20260919T110356Z,LogisticRegression,optimized,val,0.5676900245181252,1
seg_000819,sample_00273,Windows of the Skull - Sarin,0,0.02825394955537447,classical_20260919T110356Z,LogisticRegression,optimized,val,0.5676900245181252,0
seg_000820,sample_00273,Windows of the Skull - Sarin,0,0.251187590940847,classical_20260919T110356Z,LogisticRegression,optimized,val,0.5676900245181252,0
seg_000821,sample_00273,Windows of the Skull - Sarin,0,0.03190142504113503,classical_20260919T110356Z,LogisticRegression,optimized,val,0.5676900245181252,0
seg_000858,sample_00286,mystery team 2090 - Jesse Futerman,0,0.7036575975726991,classical_20260919T110356Z,LogisticRegression,optimized,val,0.5676900245181252,1
seg_000859,sample_00286,mystery team 2090 - Jesse Futerman,0,0.8699751834511055,classical_20260919T110356Z,LogisticRegression,optimized,val,0.5676900245181252,1
seg_000860,sample_00286,mystery team 2090 - Jesse Futerman,0,0.2894666576909973,classical_20260919T110356Z,LogisticRegression,optimized,val,0.5676900245181252,0
seg_000870,sample_00290,some dextromethorphan - Jeva,0,0.018581718449455775,classical_20260919T110356Z,LogisticRegression,optimized,val,0.5676900245181252,0
seg_000871,sample_00290,some dextromethorphan - Jeva,0,0.08954030942310054,classical_20260919T110356Z,LogisticRegression,optimized,val,0.5676900245181252,0
seg_000872,sample_00290,some dextromethorphan - Jeva,0,0.0007913340299524177,classical_20260919T110356Z,LogisticRegression,optimized,val,0.5676900245181252,0
seg_000876,sample_00292,В Наших Сердцах - Чокнутый Пропеллер,0,0.03026416665327509,classical_20260919T110356Z,LogisticRegression,optimized,val,0.5676900245181252,0
seg_000877,sample_00292,В Наших Сердцах - Чокнутый Пропеллер,0,0.10352565864972765,classical_20260919T110356Z,LogisticRegression,optimized,val,0.5676900245181252,0
seg_000878,sample_00292,В Наших Сердцах - Чокнутый Пропеллер,0,0.20370989413623494,classical_20260919T110356Z,LogisticRegression,optimized,val,0.5676900245181252,0
seg_000885,sample_00295,Новый Нью-Йорк 2 - Чокнутый Пропеллер,0,0.034773800088439576,classical_20260919T110356Z,LogisticRegression,optimized,val,0.5676900245181252,0
seg_000886,sample_00295,Новый Нью-Йорк 2 - Чокнутый Пропеллер,0,0.09345047664025426,classical_20260919T110356Z,LogisticRegression,optimized,val,0.5676900245181252,0
seg_000887,sample_00295,Новый Нью-Йорк 2 - Чокнутый Пропеллер,0,0.07344239915201688,classical_20260919T110356Z,LogisticRegression,optimized,val,0.5676900245181252,0
seg_000897,sample_00299,2 (Wasn't There) - Isle of Pine,1,0.6164507213202434,classical_20260919T110356Z,LogisticRegression,optimized,val,0.5676900245181252,1
seg_000898,sample_00299,2 (Wasn't There) - Isle of Pine,1,0.09108357390969736,classical_20260919T110356Z,LogisticRegression,optimized,val,0.5676900245181252,0
seg_000899,sample_00299,2 (Wasn't There) - Isle of Pine,1,0.9585659901029955,classical_20260919T110356Z,LogisticRegression,optimized,val,0.5676900245181252,1
seg_000918,sample_00306,Agora - Malaventura,1,0.9903823139444093,classical_20260919T110356Z,LogisticRegression,optimized,val,0.5676900245181252,1
seg_000919,sample_00306,Agora - Malaventura,1,0.9150528138115788,classical_20260919T110356Z,LogisticRegression,optimized,val,0.5676900245181252,1
seg_000920,sample_00306,Agora - Malaventura,1,0.9841074736747472,classical_20260919T110356Z,LogisticRegression,optimized,val,0.5676900245181252,1
seg_000969,sample_00323,Beyond Luxury - Mors Ontologica,1,0.7707697279565174,classical_20260919T110356Z,LogisticRegression,optimized,val,0.5676900245181252,1
seg_000970,sample_00323,Beyond Luxury - Mors Ontologica,1,0.8912924592473886,classical_20260919T110356Z,LogisticRegression,optimized,val,0.5676900245181252,1
seg_000971,sample_00323,Beyond Luxury - Mors Ontologica,1,0.9864399370166078,classical_20260919T110356Z,LogisticRegression,optimized,val,0.5676900245181252,1
seg_001014,sample_00338,CopperNickle - UncleBibby,1,0.545481008540193,classical_20260919T110356Z,LogisticRegression,optimized,val,0.5676900245181252,0
seg_001015,sample_00338,CopperNickle - UncleBibby,1,0.8879112376283834,classical_20260919T110356Z,LogisticRegression,optimized,val,0.5676900245181252,1
seg_001016,sample_00338,CopperNickle - UncleBibby,1,0.9725371202088942,classical_20260919T110356Z,LogisticRegression,optimized,val,0.5676900245181252,1
seg_001029,sample_00343,Daylight Savings - My brother Daniel,1,0.8479282855076785,classical_20260919T110356Z,LogisticRegression,optimized,val,0.5676900245181252,1
seg_001030,sample_00343,Daylight Savings - My brother Daniel,1,0.9183662379452339,classical_20260919T110356Z,LogisticRegression,optimized,val,0.5676900245181252,1
seg_001031,sample_00343,Daylight Savings - My brother Daniel,1,0.9869683591736312,classical_20260919T110356Z,LogisticRegression,optimized,val,0.5676900245181252,1
seg_001065,sample_00355,Empty Pockets - Pete Prodoehl,1,0.9460935278120921,classical_20260919T110356Z,LogisticRegression,optimized,val,0.5676900245181252,1
seg_001066,sample_00355,Empty Pockets - Pete Prodoehl,1,0.9402949487022125,classical_20260919T110356Z,LogisticRegression,optimized,val,0.5676900245181252,1
seg_001067,sample_00355,Empty Pockets - Pete Prodoehl,1,0.7504251603995337,classical_20260919T110356Z,LogisticRegression,optimized,val,0.5676900245181252,1
seg_001083,sample_00361,Evil Cannot Create - Caleb Lemond,1,0.9206600050212256,classical_20260919T110356Z,LogisticRegression,optimized,val,0.5676900245181252,1
seg_001084,sample_00361,Evil Cannot Create - Caleb Lemond,1,0.812607197838886,classical_20260919T110356Z,LogisticRegression,optimized,val,0.5676900245181252,1
seg_001085,sample_00361,Evil Cannot Create - Caleb Lemond,1,0.9507301093216514,classical_20260919T110356Z,LogisticRegression,optimized,val,0.5676900245181252,1
seg_001089,sample_00363,Fear - Los Fancy Free,1,0.8563469327593244,classical_20260919T110356Z,LogisticRegression,optimized,val,0.5676900245181252,1
seg_001090,sample_00363,Fear - Los Fancy Free,1,0.909391926306219,classical_20260919T110356Z,LogisticRegression,optimized,val,0.5676900245181252,1
seg_001091,sample_00363,Fear - Los Fancy Free,1,0.9856441434641383,classical_20260919T110356Z,LogisticRegression,optimized,val,0.5676900245181252,1
seg_001092,sample_00364,Fifth Ramble - From the album Keith [RSVP007] - My brother Daniel,1,0.9378172215295231,classical_20260919T110356Z,LogisticRegression,optimized,val,0.5676900245181252,1
seg_001093,sample_00364,Fifth Ramble - From the album Keith [RSVP007] - My brother Daniel,1,0.677793975243655,classical_20260919T110356Z,LogisticRegression,optimized,val,0.5676900245181252,1
seg_001094,sample_00364,Fifth Ramble - From the album Keith [RSVP007] - My brother Daniel,1,0.995529748164683,classical_20260919T110356Z,LogisticRegression,optimized,val,0.5676900245181252,1
seg_001128,sample_00376,Gila Monster Flop/Music History Lesson:The Sonics - The Crypts!,1,0.8628173629278164,classical_20260919T110356Z,LogisticRegression,optimized,val,0.5676900245181252,1
seg_001129,sample_00376,Gila Monster Flop/Music History Lesson:The Sonics - The Crypts!,1,0.5740183909466797,classical_20260919T110356Z,LogisticRegression,optimized,val,0.5676900245181252,1
seg_001130,sample_00376,Gila Monster Flop/Music History Lesson:The Sonics - The Crypts!,1,0.1400973491974372,classical_20260919T110356Z,LogisticRegression,optimized,val,0.5676900245181252,0
seg_001161,sample_00387,If You're Ther - Nicola Ratti,1,0.9519148140809285,classical_20260919T110356Z,LogisticRegression,optimized,val,0.5676900245181252,1
seg_001162,sample_00387,If You're Ther - Nicola Ratti,1,0.9832296797027988,classical_20260919T110356Z,LogisticRegression,optimized,val,0.5676900245181252,1
seg_001163,sample_00387,If You're Ther - Nicola Ratti,1,0.9277558246578399,classical_20260919T110356Z,LogisticRegression,optimized,val,0.5676900245181252,1
seg_001191,sample_00397,I Fell - Mod Fun,1,0.9941893006567981,classical_20260919T110356Z,LogisticRegression,optimized,val,0.5676900245181252,1
seg_001192,sample_00397,I Fell - Mod Fun,1,0.9946799422782768,classical_20260919T110356Z,LogisticRegression,optimized,val,0.5676900245181252,1
seg_001193,sample_00397,I Fell - Mod Fun,1,0.9747811266026749,classical_20260919T110356Z,LogisticRegression,optimized,val,0.5676900245181252,1
seg_001239,sample_00413,Kumorizoranohajimarutokoro - Hosomi,1,0.9892377799289497,classical_20260919T110356Z,LogisticRegression,optimized,val,0.5676900245181252,1
seg_001240,sample_00413,Kumorizoranohajimarutokoro - Hosomi,1,0.9334722347643172,classical_20260919T110356Z,LogisticRegression,optimized,val,0.5676900245181252,1
seg_001241,sample_00413,Kumorizoranohajimarutokoro - Hosomi,1,0.9945267657130524,classical_20260919T110356Z,LogisticRegression,optimized,val,0.5676900245181252,1
seg_001275,sample_00425,Lights Up - Pipe Choir,1,0.9592924331656848,classical_20260919T110356Z,LogisticRegression,optimized,val,0.5676900245181252,1
seg_001276,sample_00425,Lights Up - Pipe Choir,1,0.10489821625723977,classical_20260919T110356Z,LogisticRegression,optimized,val,0.5676900245181252,0
seg_001277,sample_00425,Lights Up - Pipe Choir,1,0.9630935531205597,classical_20260919T110356Z,LogisticRegression,optimized,val,0.5676900245181252,1
seg_001293,sample_00431,Loved Ones - Rowan Box,1,0.9719138664247892,classical_20260919T110356Z,LogisticRegression,optimized,val,0.5676900245181252,1
seg_001294,sample_00431,Loved Ones - Rowan Box,1,0.9892657194458438,classical_20260919T110356Z,LogisticRegression,optimized,val,0.5676900245181252,1
seg_001295,sample_00431,Loved Ones - Rowan Box,1,0.9874628683411489,classical_20260919T110356Z,LogisticRegression,optimized,val,0.5676900245181252,1
seg_001305,sample_00435,March of the GPA Mechanics - [t]ghost,1,0.9862980434873674,classical_20260919T110356Z,LogisticRegression,optimized,val,0.5676900245181252,1
seg_001306,sample_00435,March of the GPA Mechanics - [t]ghost,1,0.5512762093870729,classical_20260919T110356Z,LogisticRegression,optimized,val,0.5676900245181252,0
seg_001307,sample_00435,March of the GPA Mechanics - [t]ghost,1,0.9785059588391668,classical_20260919T110356Z,LogisticRegression,optimized,val,0.5676900245181252,1
seg_001326,sample_00442,Morning Bell - Nihilore,1,0.9637915256128621,classical_20260919T110356Z,LogisticRegression,optimized,val,0.5676900245181252,1
seg_001327,sample_00442,Morning Bell - Nihilore,1,0.6895406003366428,classical_20260919T110356Z,LogisticRegression,optimized,val,0.5676900245181252,1
seg_001328,sample_00442,Morning Bell - Nihilore,1,0.973487267795249,classical_20260919T110356Z,LogisticRegression,optimized,val,0.5676900245181252,1
seg_001341,sample_00447,mystery team 2090 - Jesse Futerman,1,0.6688006920127727,classical_20260919T110356Z,LogisticRegression,optimized,val,0.5676900245181252,1
seg_001342,sample_00447,mystery team 2090 - Jesse Futerman,1,0.9699589435837581,classical_20260919T110356Z,LogisticRegression,optimized,val,0.5676900245181252,1
seg_001343,sample_00447,mystery team 2090 - Jesse Futerman,1,0.9788630476279023,classical_20260919T110356Z,LogisticRegression,optimized,val,0.5676900245181252,1
seg_001344,sample_00448,My Body Is A Weapon (Compromise Edit) - Silence is full of birds,1,0.8080623887850477,classical_20260919T110356Z,LogisticRegression,optimized,val,0.5676900245181252,1
seg_001345,sample_00448,My Body Is A Weapon (Compromise Edit) - Silence is full of birds,1,0.9112833683280157,classical_20260919T110356Z,LogisticRegression,optimized,val,0.5676900245181252,1
seg_001346,sample_00448,My Body Is A Weapon (Compromise Edit) - Silence is full of birds,1,0.9642846704474456,classical_20260919T110356Z,LogisticRegression,optimized,val,0.5676900245181252,1
seg_001356,sample_00452,New Life (take 1) - Bird Names,1,0.9790447072681057,classical_20260919T110356Z,LogisticRegression,optimized,val,0.5676900245181252,1
seg_001357,sample_00452,New Life (take 1) - Bird Names,1,0.9998771489721261,classical_20260919T110356Z,LogisticRegression,optimized,val,0.5676900245181252,1
seg_001358,sample_00452,New Life (take 1) - Bird Names,1,0.9545099146614725,classical_20260919T110356Z,LogisticRegression,optimized,val,0.5676900245181252,1
seg_001362,sample_00454,Night Drive - Decktonic,1,0.9899318300714833,classical_20260919T110356Z,LogisticRegression,optimized,val,0.5676900245181252,1
seg_001363,sample_00454,Night Drive - Decktonic,1,0.9928791541202069,classical_20260919T110356Z,LogisticRegression,optimized,val,0.5676900245181252,1
seg_001364,sample_00454,Night Drive - Decktonic,1,0.9928621557230651,classical_20260919T110356Z,LogisticRegression,optimized,val,0.5676900245181252,1
seg_001371,sample_00457,Norweigian Wood II - Bird Names,1,0.914227759965179,classical_20260919T110356Z,LogisticRegression,optimized,val,0.5676900245181252,1
seg_001372,sample_00457,Norweigian Wood II - Bird Names,1,0.9378750190829521,classical_20260919T110356Z,LogisticRegression,optimized,val,0.5676900245181252,1
seg_001373,sample_00457,Norweigian Wood II - Bird Names,1,0.979594697414566,classical_20260919T110356Z,LogisticRegression,optimized,val,0.5676900245181252,1
seg_001383,sample_00461,Nuo Maisemat - Paavoharju,1,0.9844755938537568,classical_20260919T110356Z,LogisticRegression,optimized,val,0.5676900245181252,1
seg_001384,sample_00461,Nuo Maisemat - Paavoharju,1,0.9694446208392933,classical_20260919T110356Z,LogisticRegression,optimized,val,0.5676900245181252,1
seg_001385,sample_00461,Nuo Maisemat - Paavoharju,1,0.9027817526839471,classical_20260919T110356Z,LogisticRegression,optimized,val,0.5676900245181252,1
seg_001446,sample_00482,Redlight - Room For A Ghost,1,0.7262167198970844,classical_20260919T110356Z,LogisticRegression,optimized,val,0.5676900245181252,1
seg_001447,sample_00482,Redlight - Room For A Ghost,1,0.758226266176089,classical_20260919T110356Z,LogisticRegression,optimized,val,0.5676900245181252,1
seg_001448,sample_00482,Redlight - Room For A Ghost,1,0.7886716221258543,classical_20260919T110356Z,LogisticRegression,optimized,val,0.5676900245181252,1
seg_001464,sample_00488,Roller Star - Monroeville Music Center,1,0.9943470538855128,classical_20260919T110356Z,LogisticRegression,optimized,val,0.5676900245181252,1
seg_001465,sample_00488,Roller Star - Monroeville Music Center,1,0.9610448249894004,classical_20260919T110356Z,LogisticRegression,optimized,val,0.5676900245181252,1
seg_001466,sample_00488,Roller Star - Monroeville Music Center,1,0.9965379256307119,classical_20260919T110356Z,LogisticRegression,optimized,val,0.5676900245181252,1
seg_001470,sample_00490,"Roundtrip - Oh Yeah, the Future",1,0.2803500549913819,classical_20260919T110356Z,LogisticRegression,optimized,val,0.5676900245181252,0
seg_001471,sample_00490,"Roundtrip - Oh Yeah, the Future",1,0.6142324858807068,classical_20260919T110356Z,LogisticRegression,optimized,val,0.5676900245181252,1
seg_001472,sample_00490,"Roundtrip - Oh Yeah, the Future",1,0.9922991503272087,classical_20260919T110356Z,LogisticRegression,optimized,val,0.5676900245181252,1
seg_001482,sample_00494,Scramby Eggs - Andy G. Cohen,1,0.9497508946937202,classical_20260919T110356Z,LogisticRegression,optimized,val,0.5676900245181252,1
seg_001483,sample_00494,Scramby Eggs - Andy G. Cohen,1,0.4922933718104209,classical_20260919T110356Z,LogisticRegression,optimized,val,0.5676900245181252,0
seg_001484,sample_00494,Scramby Eggs - Andy G. Cohen,1,0.3709720718442742,classical_20260919T110356Z,LogisticRegression,optimized,val,0.5676900245181252,0
seg_001485,sample_00495,SD (Ill Mix) - H-LR,1,0.7218981395677971,classical_20260919T110356Z,LogisticRegression,optimized,val,0.5676900245181252,1
seg_001486,sample_00495,SD (Ill Mix) - H-LR,1,0.5313105331092866,classical_20260919T110356Z,LogisticRegression,optimized,val,0.5676900245181252,0
seg_001487,sample_00495,SD (Ill Mix) - H-LR,1,0.9405058155992608,classical_20260919T110356Z,LogisticRegression,optimized,val,0.5676900245181252,1
seg_001509,sample_00503,Shipwrecked Crew - Pete Prodoehl,1,0.8736079709190822,classical_20260919T110356Z,LogisticRegression,optimized,val,0.5676900245181252,1
seg_001510,sample_00503,Shipwrecked Crew - Pete Prodoehl,1,0.6292842141965519,classical_20260919T110356Z,LogisticRegression,optimized,val,0.5676900245181252,1
seg_001511,sample_00503,Shipwrecked Crew - Pete Prodoehl,1,0.9417888015475007,classical_20260919T110356Z,LogisticRegression,optimized,val,0.5676900245181252,1
seg_001527,sample_00509,Soleares&beats - Malaventura,1,0.43560178715397174,classical_20260919T110356Z,LogisticRegression,optimized,val,0.5676900245181252,0
seg_001528,sample_00509,Soleares&beats - Malaventura,1,0.7007088760129336,classical_20260919T110356Z,LogisticRegression,optimized,val,0.5676900245181252,1
seg_001529,sample_00509,Soleares&beats - Malaventura,1,0.8926979011360725,classical_20260919T110356Z,LogisticRegression,optimized,val,0.5676900245181252,1
seg_001533,sample_00511,some dextromethorphan - Jeva,1,0.9964615829695899,classical_20260919T110356Z,LogisticRegression,optimized,val,0.5676900245181252,1
seg_001534,sample_00511,some dextromethorphan - Jeva,1,0.8885905409809788,classical_20260919T110356Z,LogisticRegression,optimized,val,0.5676900245181252,1
seg_001535,sample_00511,some dextromethorphan - Jeva,1,0.9956615171514741,classical_20260919T110356Z,LogisticRegression,optimized,val,0.5676900245181252,1
seg_001548,sample_00516,Stockholm Syndrome / People Should Be More Aware - Bird Names,1,0.5848198353222525,classical_20260919T110356Z,LogisticRegression,optimized,val,0.5676900245181252,1
seg_001549,sample_00516,Stockholm Syndrome / People Should Be More Aware - Bird Names,1,0.7496276815969548,classical_20260919T110356Z,LogisticRegression,optimized,val,0.5676900245181252,1
seg_001550,sample_00516,Stockholm Syndrome / People Should Be More Aware - Bird Names,1,0.9959428662597233,classical_20260919T110356Z,LogisticRegression,optimized,val,0.5676900245181252,1
seg_001560,sample_00520,Sturgeon's Law - Nihilore,1,0.9802024507136324,classical_20260919T110356Z,LogisticRegression,optimized,val,0.5676900245181252,1
seg_001561,sample_00520,Sturgeon's Law - Nihilore,1,0.5941438161504699,classical_20260919T110356Z,LogisticRegression,optimized,val,0.5676900245181252,1
seg_001562,sample_00520,Sturgeon's Law - Nihilore,1,0.9973058714472773,classical_20260919T110356Z,LogisticRegression,optimized,val,0.5676900245181252,1
seg_001617,sample_00539,The girl just faded - Los Llamarada,1,0.9937002192374056,classical_20260919T110356Z,LogisticRegression,optimized,val,0.5676900245181252,1
seg_001618,sample_00539,The girl just faded - Los Llamarada,1,0.984674558919986,classical_20260919T110356Z,LogisticRegression,optimized,val,0.5676900245181252,1
seg_001619,sample_00539,The girl just faded - Los Llamarada,1,0.8880837019649213,classical_20260919T110356Z,LogisticRegression,optimized,val,0.5676900245181252,1
seg_001644,sample_00548,The Stairway - WarpToken,1,0.8990489124184307,classical_20260919T110356Z,LogisticRegression,optimized,val,0.5676900245181252,1
seg_001645,sample_00548,The Stairway - WarpToken,1,0.9955762189183518,classical_20260919T110356Z,LogisticRegression,optimized,val,0.5676900245181252,1
seg_001646,sample_00548,The Stairway - WarpToken,1,0.9489281215324555,classical_20260919T110356Z,LogisticRegression,optimized,val,0.5676900245181252,1
seg_001647,sample_00549,Three Bird - My brother Daniel,1,0.9234492274498408,classical_20260919T110356Z,LogisticRegression,optimized,val,0.5676900245181252,1
seg_001648,sample_00549,Three Bird - My brother Daniel,1,0.992013601439008,classical_20260919T110356Z,LogisticRegression,optimized,val,0.5676900245181252,1
seg_001649,sample_00549,Three Bird - My brother Daniel,1,0.8227365633108976,classical_20260919T110356Z,LogisticRegression,optimized,val,0.5676900245181252,1
seg_001650,sample_00550,Timen Passing By - Jason Shaw,1,0.8166117699253711,classical_20260919T110356Z,LogisticRegression,optimized,val,0.5676900245181252,1
seg_001651,sample_00550,Timen Passing By - Jason Shaw,1,0.9220263364494848,classical_20260919T110356Z,LogisticRegression,optimized,val,0.5676900245181252,1
seg_001652,sample_00550,Timen Passing By - Jason Shaw,1,0.8209984015150958,classical_20260919T110356Z,LogisticRegression,optimized,val,0.5676900245181252,1
seg_001653,sample_00551,Time Is Love - Silence is full of birds,1,0.6167487381297106,classical_20260919T110356Z,LogisticRegression,optimized,val,0.5676900245181252,1
seg_001654,sample_00551,Time Is Love - Silence is full of birds,1,0.9766306563447841,classical_20260919T110356Z,LogisticRegression,optimized,val,0.5676900245181252,1
seg_001655,sample_00551,Time Is Love - Silence is full of birds,1,0.9450700029273735,classical_20260919T110356Z,LogisticRegression,optimized,val,0.5676900245181252,1
seg_001680,sample_00560,Understand That This Is A Dream - From the album Modulating Coil [RSVP008] - Forrest James,1,0.8861815496919507,classical_20260919T110356Z,LogisticRegression,optimized,val,0.5676900245181252,1
seg_001681,sample_00560,Understand That This Is A Dream - From the album Modulating Coil [RSVP008] - Forrest James,1,0.9316395739947192,classical_20260919T110356Z,LogisticRegression,optimized,val,0.5676900245181252,1
seg_001682,sample_00560,Understand That This Is A Dream - From the album Modulating Coil [RSVP008] - Forrest James,1,0.9906541027984095,classical_20260919T110356Z,LogisticRegression,optimized,val,0.5676900245181252,1
seg_001695,sample_00565,Voxel - Andy G. Cohen,1,0.9556777307132871,classical_20260919T110356Z,LogisticRegression,optimized,val,0.5676900245181252,1
seg_001696,sample_00565,Voxel - Andy G. Cohen,1,0.9025657492997882,classical_20260919T110356Z,LogisticRegression,optimized,val,0.5676900245181252,1
seg_001697,sample_00565,Voxel - Andy G. Cohen,1,0.6406666491543334,classical_20260919T110356Z,LogisticRegression,optimized,val,0.5676900245181252,1
seg_001701,sample_00567,Westside Chillers - Little Glass Men,1,0.9839068372141642,classical_20260919T110356Z,LogisticRegression,optimized,val,0.5676900245181252,1
seg_001702,sample_00567,Westside Chillers - Little Glass Men,1,0.8725165900521726,classical_20260919T110356Z,LogisticRegression,optimized,val,0.5676900245181252,1
seg_001703,sample_00567,Westside Chillers - Little Glass Men,1,0.7045573612916265,classical_20260919T110356Z,LogisticRegression,optimized,val,0.5676900245181252,1
seg_001758,sample_00586,В Наших Сердцах - Чокнутый Пропеллер,1,0.17659368469579667,classical_20260919T110356Z,LogisticRegression,optimized,val,0.5676900245181252,0
seg_001759,sample_00586,В Наших Сердцах - Чокнутый Пропеллер,1,0.757948088472499,classical_20260919T110356Z,LogisticRegression,optimized,val,0.5676900245181252,1
seg_001760,sample_00586,В Наших Сердцах - Чокнутый Пропеллер,1,0.34626886179994754,classical_20260919T110356Z,LogisticRegression,optimized,val,0.5676900245181252,0
seg_001767,sample_00589,Новый Нью-Йорк 2 - Чокнутый Пропеллер,1,0.5407974914357226,classical_20260919T110356Z,LogisticRegression,optimized,val,0.5676900245181252,0
seg_001768,sample_00589,Новый Нью-Йорк 2 - Чокнутый Пропеллер,1,0.966742481086916,classical_20260919T110356Z,LogisticRegression,optimized,val,0.5676900245181252,1
seg_001769,sample_00589,Новый Нью-Йорк 2 - Чокнутый Пропеллер,1,0.9897517383035846,classical_20260919T110356Z,LogisticRegression,optimized,val,0.5676900245181252,1
seg_001785,sample_00595,Daylight Savings - My brother Daniel,1,0.9922789028927625,classical_20260919T110356Z,LogisticRegression,optimized,val,0.5676900245181252,1
seg_001786,sample_00595,Daylight Savings - My brother Daniel,1,0.995993719637289,classical_20260919T110356Z,LogisticRegression,optimized,val,0.5676900245181252,1
seg_001787,sample_00595,Daylight Savings - My brother Daniel,1,0.9943925379354064,classical_20260919T110356Z,LogisticRegression,optimized,val,0.5676900245181252,1
seg_001788,sample_00596,Three Bird - My brother Daniel,1,0.9918151324854436,classical_20260919T110356Z,LogisticRegression,optimized,val,0.5676900245181252,1
seg_001789,sample_00596,Three Bird - My brother Daniel,1,0.9815841920110114,classical_20260919T110356Z,LogisticRegression,optimized,val,0.5676900245181252,1
seg_001790,sample_00596,Three Bird - My brother Daniel,1,0.9992937017311039,classical_20260919T110356Z,LogisticRegression,optimized,val,0.5676900245181252,1
seg_001827,sample_00609,Timen Passing By - Jason Shaw,1,0.9870884286291995,classical_20260919T110356Z,LogisticRegression,optimized,val,0.5676900245181252,1
seg_001828,sample_00609,Timen Passing By - Jason Shaw,1,0.9823967982706115,classical_20260919T110356Z,LogisticRegression,optimized,val,0.5676900245181252,1
seg_001829,sample_00609,Timen Passing By - Jason Shaw,1,0.9981213151331924,classical_20260919T110356Z,LogisticRegression,optimized,val,0.5676900245181252,1
seg_001830,sample_00610,Night Drive - Decktonic,1,0.9752771707710011,classical_20260919T110356Z,LogisticRegression,optimized,val,0.5676900245181252,1
seg_001831,sample_00610,Night Drive - Decktonic,1,0.9642063290689751,classical_20260919T110356Z,LogisticRegression,optimized,val,0.5676900245181252,1
seg_001832,sample_00610,Night Drive - Decktonic,1,0.933676869064195,classical_20260919T110356Z,LogisticRegression,optimized,val,0.5676900245181252,1
seg_001845,sample_00615,Sturgeon's Law - Nihilore,1,0.9599698293198421,classical_20260919T110356Z,LogisticRegression,optimized,val,0.5676900245181252,1
seg_001846,sample_00615,Sturgeon's Law - Nihilore,1,0.9336763623009057,classical_20260919T110356Z,LogisticRegression,optimized,val,0.5676900245181252,1
seg_001847,sample_00615,Sturgeon's Law - Nihilore,1,0.9545803167035265,classical_20260919T110356Z,LogisticRegression,optimized,val,0.5676900245181252,1
seg_001851,sample_00617,mystery team 2090 - Jesse Futerman,1,0.954471803967688,classical_20260919T110356Z,LogisticRegression,optimized,val,0.5676900245181252,1
seg_001852,sample_00617,mystery team 2090 - Jesse Futerman,1,0.9825529622365416,classical_20260919T110356Z,LogisticRegression,optimized,val,0.5676900245181252,1
seg_001853,sample_00617,mystery team 2090 - Jesse Futerman,1,0.9846214122185699,classical_20260919T110356Z,LogisticRegression,optimized,val,0.5676900245181252,1
seg_001875,sample_00625,Loved Ones - Rowan Box,1,0.8618259532486024,classical_20260919T110356Z,LogisticRegression,optimized,val,0.5676900245181252,1
seg_001876,sample_00625,Loved Ones - Rowan Box,1,0.9476078464181961,classical_20260919T110356Z,LogisticRegression,optimized,val,0.5676900245181252,1
seg_001877,sample_00625,Loved Ones - Rowan Box,1,0.9764387242640938,classical_20260919T110356Z,LogisticRegression,optimized,val,0.5676900245181252,1
seg_001917,sample_00639,CopperNickle - UncleBibby,1,0.9919386682787547,classical_20260919T110356Z,LogisticRegression,optimized,val,0.5676900245181252,1
seg_001918,sample_00639,CopperNickle - UncleBibby,1,0.9352503805547623,classical_20260919T110356Z,LogisticRegression,optimized,val,0.5676900245181252,1
seg_001919,sample_00639,CopperNickle - UncleBibby,1,0.9919878100137687,classical_20260919T110356Z,LogisticRegression,optimized,val,0.5676900245181252,1
seg_001953,sample_00651,Nuo Maisemat - Paavoharju,1,0.9846075709222336,classical_20260919T110356Z,LogisticRegression,optimized,val,0.5676900245181252,1
seg_001954,sample_00651,Nuo Maisemat - Paavoharju,1,0.9969207269946445,classical_20260919T110356Z,LogisticRegression,optimized,val,0.5676900245181252,1
seg_001955,sample_00651,Nuo Maisemat - Paavoharju,1,0.9818730017870435,classical_20260919T110356Z,LogisticRegression,optimized,val,0.5676900245181252,1
seg_001986,sample_00662,SD (Ill Mix) - H-LR,1,0.9731481316717702,classical_20260919T110356Z,LogisticRegression,optimized,val,0.5676900245181252,1
seg_001987,sample_00662,SD (Ill Mix) - H-LR,1,0.9182643182577807,classical_20260919T110356Z,LogisticRegression,optimized,val,0.5676900245181252,1
seg_001988,sample_00662,SD (Ill Mix) - H-LR,1,0.9404131097366534,classical_20260919T110356Z,LogisticRegression,optimized,val,0.5676900245181252,1
seg_001998,sample_00666,Kumorizoranohajimarutokoro - Hosomi,1,0.8693401944855341,classical_20260919T110356Z,LogisticRegression,optimized,val,0.5676900245181252,1
seg_001999,sample_00666,Kumorizoranohajimarutokoro - Hosomi,1,0.8771146108437515,classical_20260919T110356Z,LogisticRegression,optimized,val,0.5676900245181252,1
seg_002000,sample_00666,Kumorizoranohajimarutokoro - Hosomi,1,0.9557334406130599,classical_20260919T110356Z,LogisticRegression,optimized,val,0.5676900245181252,1
seg_002019,sample_00673,some dextromethorphan - Jeva,1,0.9680498337831652,classical_20260919T110356Z,LogisticRegression,optimized,val,0.5676900245181252,1
seg_002020,sample_00673,some dextromethorphan - Jeva,1,0.965965464774599,classical_20260919T110356Z,LogisticRegression,optimized,val,0.5676900245181252,1
seg_002021,sample_00673,some dextromethorphan - Jeva,1,0.863370178111223,classical_20260919T110356Z,LogisticRegression,optimized,val,0.5676900245181252,1
seg_002028,sample_00676,Fifth Ramble - From the album Keith [RSVP007] - My brother Daniel,1,0.9873542124666492,classical_20260919T110356Z,LogisticRegression,optimized,val,0.5676900245181252,1
seg_002029,sample_00676,Fifth Ramble - From the album Keith [RSVP007] - My brother Daniel,1,0.9916443789869108,classical_20260919T110356Z,LogisticRegression,optimized,val,0.5676900245181252,1
seg_002030,sample_00676,Fifth Ramble - From the album Keith [RSVP007] - My brother Daniel,1,0.9973550717209899,classical_20260919T110356Z,LogisticRegression,optimized,val,0.5676900245181252,1
seg_002043,sample_00681,Westside Chillers - Little Glass Men,1,0.7319831076953115,classical_20260919T110356Z,LogisticRegression,optimized,val,0.5676900245181252,1
seg_002044,sample_00681,Westside Chillers - Little Glass Men,1,0.9459487929125814,classical_20260919T110356Z,LogisticRegression,optimized,val,0.5676900245181252,1
seg_002045,sample_00681,Westside Chillers - Little Glass Men,1,0.7883383137559689,classical_20260919T110356Z,LogisticRegression,optimized,val,0.5676900245181252,1
seg_002076,sample_00692,If You're Ther - Nicola Ratti,1,0.9972363888604463,classical_20260919T110356Z,LogisticRegression,optimized,val,0.5676900245181252,1
seg_002077,sample_00692,If You're Ther - Nicola Ratti,1,0.9916132142497948,classical_20260919T110356Z,LogisticRegression,optimized,val,0.5676900245181252,1
seg_002078,sample_00692,If You're Ther - Nicola Ratti,1,0.9992724115919578,classical_20260919T110356Z,LogisticRegression,optimized,val,0.5676900245181252,1
seg_002079,sample_00693,Understand That This Is A Dream - From the album Modulating Coil [RSVP008] - Forrest James,1,0.8766719940278959,classical_20260919T110356Z,LogisticRegression,optimized,val,0.5676900245181252,1
seg_002080,sample_00693,Understand That This Is A Dream - From the album Modulating Coil [RSVP008] - Forrest James,1,0.9850162867742406,classical_20260919T110356Z,LogisticRegression,optimized,val,0.5676900245181252,1
seg_002081,sample_00693,Understand That This Is A Dream - From the album Modulating Coil [RSVP008] - Forrest James,1,0.8171471360643718,classical_20260919T110356Z,LogisticRegression,optimized,val,0.5676900245181252,1
seg_002100,sample_00700,The Stairway - WarpToken,1,0.996249572823853,classical_20260919T110356Z,LogisticRegression,optimized,val,0.5676900245181252,1
seg_002101,sample_00700,The Stairway - WarpToken,1,0.9856248533665014,classical_20260919T110356Z,LogisticRegression,optimized,val,0.5676900245181252,1
seg_002102,sample_00700,The Stairway - WarpToken,1,0.999482264256182,classical_20260919T110356Z,LogisticRegression,optimized,val,0.5676900245181252,1
seg_002112,sample_00704,Soleares&beats - Malaventura,1,0.9860623377780201,classical_20260919T110356Z,LogisticRegression,optimized,val,0.5676900245181252,1
seg_002113,sample_00704,Soleares&beats - Malaventura,1,0.9735639371521184,classical_20260919T110356Z,LogisticRegression,optimized,val,0.5676900245181252,1
seg_002114,sample_00704,Soleares&beats - Malaventura,1,0.9773485418287459,classical_20260919T110356Z,LogisticRegression,optimized,val,0.5676900245181252,1
seg_002184,sample_00728,Evil Cannot Create - Caleb Lemond,1,0.9897565674904191,classical_20260919T110356Z,LogisticRegression,optimized,val,0.5676900245181252,1
seg_002185,sample_00728,Evil Cannot Create - Caleb Lemond,1,0.9589182150085762,classical_20260919T110356Z,LogisticRegression,optimized,val,0.5676900245181252,1
seg_002186,sample_00728,Evil Cannot Create - Caleb Lemond,1,0.9468590677614778,classical_20260919T110356Z,LogisticRegression,optimized,val,0.5676900245181252,1
seg_002196,sample_00732,Norweigian Wood II - Bird Names,1,0.9906769157556432,classical_20260919T110356Z,LogisticRegression,optimized,val,0.5676900245181252,1
seg_002197,sample_00732,Norweigian Wood II - Bird Names,1,0.981712460026598,classical_20260919T110356Z,LogisticRegression,optimized,val,0.5676900245181252,1
seg_002198,sample_00732,Norweigian Wood II - Bird Names,1,0.9995539952290126,classical_20260919T110356Z,LogisticRegression,optimized,val,0.5676900245181252,1
seg_002214,sample_00738,Roller Star - Monroeville Music Center,1,0.9946996428880536,classical_20260919T110356Z,LogisticRegression,optimized,val,0.5676900245181252,1
seg_002215,sample_00738,Roller Star - Monroeville Music Center,1,0.997834355057064,classical_20260919T110356Z,LogisticRegression,optimized,val,0.5676900245181252,1
seg_002216,sample_00738,Roller Star - Monroeville Music Center,1,0.9970360014528395,classical_20260919T110356Z,LogisticRegression,optimized,val,0.5676900245181252,1
seg_002229,sample_00743,Time Is Love - Silence is full of birds,1,0.9841406204425565,classical_20260919T110356Z,LogisticRegression,optimized,val,0.5676900245181252,1
seg_002230,sample_00743,Time Is Love - Silence is full of birds,1,0.9991105007130954,classical_20260919T110356Z,LogisticRegression,optimized,val,0.5676900245181252,1
seg_002231,sample_00743,Time Is Love - Silence is full of birds,1,0.9995606391619027,classical_20260919T110356Z,LogisticRegression,optimized,val,0.5676900245181252,1
seg_002232,sample_00744,Stockholm Syndrome / People Should Be More Aware - Bird Names,1,0.8953346172582202,classical_20260919T110356Z,LogisticRegression,optimized,val,0.5676900245181252,1
seg_002233,sample_00744,Stockholm Syndrome / People Should Be More Aware - Bird Names,1,0.784300933921017,classical_20260919T110356Z,LogisticRegression,optimized,val,0.5676900245181252,1
seg_002234,sample_00744,Stockholm Syndrome / People Should Be More Aware - Bird Names,1,0.9287482618649037,classical_20260919T110356Z,LogisticRegression,optimized,val,0.5676900245181252,1
seg_002244,sample_00748,"Roundtrip - Oh Yeah, the Future",1,0.9925280225746423,classical_20260919T110356Z,LogisticRegression,optimized,val,0.5676900245181252,1
seg_002245,sample_00748,"Roundtrip - Oh Yeah, the Future",1,0.9948635779234687,classical_20260919T110356Z,LogisticRegression,optimized,val,0.5676900245181252,1
seg_002246,sample_00748,"Roundtrip - Oh Yeah, the Future",1,0.9957367428135668,classical_20260919T110356Z,LogisticRegression,optimized,val,0.5676900245181252,1
seg_002247,sample_00749,New Life (take 1) - Bird Names,1,0.9953060629865849,classical_20260919T110356Z,LogisticRegression,optimized,val,0.5676900245181252,1
seg_002248,sample_00749,New Life (take 1) - Bird Names,1,0.9932748399998093,classical_20260919T110356Z,LogisticRegression,optimized,val,0.5676900245181252,1
seg_002249,sample_00749,New Life (take 1) - Bird Names,1,0.9989340836959957,classical_20260919T110356Z,LogisticRegression,optimized,val,0.5676900245181252,1
seg_002253,sample_00751,My Body Is A Weapon (Compromise Edit) - Silence is full of birds,1,0.9784569259313974,classical_20260919T110356Z,LogisticRegression,optimized,val,0.5676900245181252,1
seg_002254,sample_00751,My Body Is A Weapon (Compromise Edit) - Silence is full of birds,1,0.9371762807963536,classical_20260919T110356Z,LogisticRegression,optimized,val,0.5676900245181252,1
seg_002255,sample_00751,My Body Is A Weapon (Compromise Edit) - Silence is full of birds,1,0.9964848774006295,classical_20260919T110356Z,LogisticRegression,optimized,val,0.5676900245181252,1
seg_002280,sample_00760,Agora - Malaventura,1,0.9790738868310889,classical_20260919T110356Z,LogisticRegression,optimized,val,0.5676900245181252,1
seg_002281,sample_00760,Agora - Malaventura,1,0.9828108051691279,classical_20260919T110356Z,LogisticRegression,optimized,val,0.5676900245181252,1
seg_002282,sample_00760,Agora - Malaventura,1,0.9867752240140373,classical_20260919T110356Z,LogisticRegression,optimized,val,0.5676900245181252,1
seg_002304,sample_00768,Empty Pockets - Pete Prodoehl,1,0.9905371065359749,classical_20260919T110356Z,LogisticRegression,optimized,val,0.5676900245181252,1
seg_002305,sample_00768,Empty Pockets - Pete Prodoehl,1,0.9888396191338931,classical_20260919T110356Z,LogisticRegression,optimized,val,0.5676900245181252,1
seg_002306,sample_00768,Empty Pockets - Pete Prodoehl,1,0.9987381547579851,classical_20260919T110356Z,LogisticRegression,optimized,val,0.5676900245181252,1
seg_002310,sample_00770,Windows of the Skull - Sarin,1,0.9700021968813758,classical_20260919T110356Z,LogisticRegression,optimized,val,0.5676900245181252,1
seg_002311,sample_00770,Windows of the Skull - Sarin,1,0.9603803621732164,classical_20260919T110356Z,LogisticRegression,optimized,val,0.5676900245181252,1
seg_002312,sample_00770,Windows of the Skull - Sarin,1,0.9598672172193411,classical_20260919T110356Z,LogisticRegression,optimized,val,0.5676900245181252,1
seg_002319,sample_00773,Gila Monster Flop/Music History Lesson:The Sonics - The Crypts!,1,0.9930928365439634,classical_20260919T110356Z,LogisticRegression,optimized,val,0.5676900245181252,1
seg_002320,sample_00773,Gila Monster Flop/Music History Lesson:The Sonics - The Crypts!,1,0.966595783685046,classical_20260919T110356Z,LogisticRegression,optimized,val,0.5676900245181252,1
seg_002321,sample_00773,Gila Monster Flop/Music History Lesson:The Sonics - The Crypts!,1,0.9959067272950711,classical_20260919T110356Z,LogisticRegression,optimized,val,0.5676900245181252,1
seg_002343,sample_00781,Voxel - Andy G. Cohen,1,0.9938878804885146,classical_20260919T110356Z,LogisticRegression,optimized,val,0.5676900245181252,1
seg_002344,sample_00781,Voxel - Andy G. Cohen,1,0.984753046703502,classical_20260919T110356Z,LogisticRegression,optimized,val,0.5676900245181252,1
seg_002345,sample_00781,Voxel - Andy G. Cohen,1,0.9984942134450308,classical_20260919T110356Z,LogisticRegression,optimized,val,0.5676900245181252,1
seg_002364,sample_00788,Scramby Eggs - Andy G. Cohen,1,0.9986642241788782,classical_20260919T110356Z,LogisticRegression,optimized,val,0.5676900245181252,1
seg_002365,sample_00788,Scramby Eggs - Andy G. Cohen,1,0.967709714270926,classical_20260919T110356Z,LogisticRegression,optimized,val,0.5676900245181252,1
seg_002366,sample_00788,Scramby Eggs - Andy G. Cohen,1,0.9994703693303206,classical_20260919T110356Z,LogisticRegression,optimized,val,0.5676900245181252,1
seg_002406,sample_00802,I Fell - Mod Fun,1,0.9965932417467452,classical_20260919T110356Z,LogisticRegression,optimized,val,0.5676900245181252,1
seg_002407,sample_00802,I Fell - Mod Fun,1,0.9550368984434406,classical_20260919T110356Z,LogisticRegression,optimized,val,0.5676900245181252,1
seg_002408,sample_00802,I Fell - Mod Fun,1,0.9998851811432298,classical_20260919T110356Z,LogisticRegression,optimized,val,0.5676900245181252,1
seg_002409,sample_00803,Новый Нью-Йорк 2 - Чокнутый Пропеллер,1,0.9953258922675385,classical_20260919T110356Z,LogisticRegression,optimized,val,0.5676900245181252,1
seg_002410,sample_00803,Новый Нью-Йорк 2 - Чокнутый Пропеллер,1,0.9885292122407567,classical_20260919T110356Z,LogisticRegression,optimized,val,0.5676900245181252,1
seg_002411,sample_00803,Новый Нью-Йорк 2 - Чокнутый Пропеллер,1,0.9936067927431392,classical_20260919T110356Z,LogisticRegression,optimized,val,0.5676900245181252,1
seg_002421,sample_00807,March of the GPA Mechanics - [t]ghost,1,0.9872299143144899,classical_20260919T110356Z,LogisticRegression,optimized,val,0.5676900245181252,1
seg_002422,sample_00807,March of the GPA Mechanics - [t]ghost,1,0.9675140225387988,classical_20260919T110356Z,LogisticRegression,optimized,val,0.5676900245181252,1
seg_002423,sample_00807,March of the GPA Mechanics - [t]ghost,1,0.9527276943528841,classical_20260919T110356Z,LogisticRegression,optimized,val,0.5676900245181252,1
seg_002436,sample_00812,2 (Wasn't There) - Isle of Pine,1,0.990895584542944,classical_20260919T110356Z,LogisticRegression,optimized,val,0.5676900245181252,1
seg_002437,sample_00812,2 (Wasn't There) - Isle of Pine,1,0.9956947688434343,classical_20260919T110356Z,LogisticRegression,optimized,val,0.5676900245181252,1
seg_002438,sample_00812,2 (Wasn't There) - Isle of Pine,1,0.9996313182129875,classical_20260919T110356Z,LogisticRegression,optimized,val,0.5676900245181252,1
seg_002439,sample_00813,The girl just faded - Los Llamarada,1,0.8334459376306527,classical_20260919T110356Z,LogisticRegression,optimized,val,0.5676900245181252,1
seg_002440,sample_00813,The girl just faded - Los Llamarada,1,0.7192629944426941,classical_20260919T110356Z,LogisticRegression,optimized,val,0.5676900245181252,1
seg_002441,sample_00813,The girl just faded - Los Llamarada,1,0.9378506455359048,classical_20260919T110356Z,LogisticRegression,optimized,val,0.5676900245181252,1
seg_002457,sample_00819,В Наших Сердцах - Чокнутый Пропеллер,1,0.9894795161876718,classical_20260919T110356Z,LogisticRegression,optimized,val,0.5676900245181252,1
seg_002458,sample_00819,В Наших Сердцах - Чокнутый Пропеллер,1,0.9972796482643338,classical_20260919T110356Z,LogisticRegression,optimized,val,0.5676900245181252,1
seg_002459,sample_00819,В Наших Сердцах - Чокнутый Пропеллер,1,0.9965397865357871,classical_20260919T110356Z,LogisticRegression,optimized,val,0.5676900245181252,1
seg_002460,sample_00820,Lights Up - Pipe Choir,1,0.9954971048003571,classical_20260919T110356Z,LogisticRegression,optimized,val,0.5676900245181252,1
seg_002461,sample_00820,Lights Up - Pipe Choir,1,0.9903952652165776,classical_20260919T110356Z,LogisticRegression,optimized,val,0.5676900245181252,1
seg_002462,sample_00820,Lights Up - Pipe Choir,1,0.9995950119591661,classical_20260919T110356Z,LogisticRegression,optimized,val,0.5676900245181252,1
seg_002466,sample_00822,Beyond Luxury - Mors Ontologica,1,0.9978071060815311,classical_20260919T110356Z,LogisticRegression,optimized,val,0.5676900245181252,1
seg_002467,sample_00822,Beyond Luxury - Mors Ontologica,1,0.9874921946479874,classical_20260919T110356Z,LogisticRegression,optimized,val,0.5676900245181252,1
seg_002468,sample_00822,Beyond Luxury - Mors Ontologica,1,0.999859179385309,classical_20260919T110356Z,LogisticRegression,optimized,val,0.5676900245181252,1
seg_002529,sample_00843,Fear - Los Fancy Free,1,0.9903073595197652,classical_20260919T110356Z,LogisticRegression,optimized,val,0.5676900245181252,1
seg_002530,sample_00843,Fear - Los Fancy Free,1,0.9839499133134771,classical_20260919T110356Z,LogisticRegression,optimized,val,0.5676900245181252,1
seg_002531,sample_00843,Fear - Los Fancy Free,1,0.9936579529256064,classical_20260919T110356Z,LogisticRegression,optimized,val,0.5676900245181252,1
seg_002622,sample_00874,Redlight - Room For A Ghost,1,0.8843638569005147,classical_20260919T110356Z,LogisticRegression,optimized,val,0.5676900245181252,1
seg_002623,sample_00874,Redlight - Room For A Ghost,1,0.8954940978827043,classical_20260919T110356Z,LogisticRegression,optimized,val,0.5676900245181252,1
seg_002624,sample_00874,Redlight - Room For A Ghost,1,0.9933604612562231,classical_20260919T110356Z,LogisticRegression,optimized,val,0.5676900245181252,1
seg_002625,sample_00875,Shipwrecked Crew - Pete Prodoehl,1,0.9982980355340043,classical_20260919T110356Z,LogisticRegression,optimized,val,0.5676900245181252,1
seg_002626,sample_00875,Shipwrecked Crew - Pete Prodoehl,1,0.9927401117972654,classical_20260919T110356Z,LogisticRegression,optimized,val,0.5676900245181252,1
seg_002627,sample_00875,Shipwrecked Crew - Pete Prodoehl,1,0.9920001129086367,classical_20260919T110356Z,LogisticRegression,optimized,val,0.5676900245181252,1
seg_002640,sample_00880,Morning Bell - Nihilore,1,0.9780304477217405,classical_20260919T110356Z,LogisticRegression,optimized,val,0.5676900245181252,1
seg_002641,sample_00880,Morning Bell - Nihilore,1,0.9710883684004953,classical_20260919T110356Z,LogisticRegression,optimized,val,0.5676900245181252,1
seg_002642,sample_00880,Morning Bell - Nihilore,1,0.9802340472264578,classical_20260919T110356Z,LogisticRegression,optimized,val,0.5676900245181252,1
seg_002694,sample_00898,CopperNickle - UncleBibby,1,0.8121298724380741,classical_20260919T110356Z,LogisticRegression,optimized,val,0.5676900245181252,1
seg_002695,sample_00898,CopperNickle - UncleBibby,1,0.7237732093750617,classical_20260919T110356Z,LogisticRegression,optimized,val,0.5676900245181252,1
seg_002696,sample_00898,CopperNickle - UncleBibby,1,0.9869281298301142,classical_20260919T110356Z,LogisticRegression,optimized,val,0.5676900245181252,1
seg_002697,sample_00899,CopperNickle - UncleBibby,1,0.6305662294715807,classical_20260919T110356Z,LogisticRegression,optimized,val,0.5676900245181252,1
seg_002698,sample_00899,CopperNickle - UncleBibby,1,0.3661883661873058,classical_20260919T110356Z,LogisticRegression,optimized,val,0.5676900245181252,0
seg_002699,sample_00899,CopperNickle - UncleBibby,1,0.9997282704579271,classical_20260919T110356Z,LogisticRegression,optimized,val,0.5676900245181252,1
seg_002766,sample_00922,mystery team 2090 - Jesse Futerman,1,0.9591180069226799,classical_20260919T110356Z,LogisticRegression,optimized,val,0.5676900245181252,1
seg_002767,sample_00922,mystery team 2090 - Jesse Futerman,1,0.860493677413598,classical_20260919T110356Z,LogisticRegression,optimized,val,0.5676900245181252,1
seg_002768,sample_00922,mystery team 2090 - Jesse Futerman,1,0.9884189207384293,classical_20260919T110356Z,LogisticRegression,optimized,val,0.5676900245181252,1
seg_002769,sample_00923,mystery team 2090 - Jesse Futerman,1,0.8109991388194332,classical_20260919T110356Z,LogisticRegression,optimized,val,0.5676900245181252,1
seg_002770,sample_00923,mystery team 2090 - Jesse Futerman,1,0.7946934758005991,classical_20260919T110356Z,LogisticRegression,optimized,val,0.5676900245181252,1
seg_002771,sample_00923,mystery team 2090 - Jesse Futerman,1,0.9060536721170034,classical_20260919T110356Z,LogisticRegression,optimized,val,0.5676900245181252,1
seg_002772,sample_00924,Night Drive - Decktonic,1,0.9858601613538478,classical_20260919T110356Z,LogisticRegression,optimized,val,0.5676900245181252,1
seg_002773,sample_00924,Night Drive - Decktonic,1,0.6517252697531273,classical_20260919T110356Z,LogisticRegression,optimized,val,0.5676900245181252,1
seg_002774,sample_00924,Night Drive - Decktonic,1,0.9753436055314105,classical_20260919T110356Z,LogisticRegression,optimized,val,0.5676900245181252,1
seg_002775,sample_00925,Night Drive - Decktonic,1,0.8191487199014902,classical_20260919T110356Z,LogisticRegression,optimized,val,0.5676900245181252,1
seg_002776,sample_00925,Night Drive - Decktonic,1,0.6862466424004732,classical_20260919T110356Z,LogisticRegression,optimized,val,0.5676900245181252,1
seg_002777,sample_00925,Night Drive - Decktonic,1,0.9962768363424572,classical_20260919T110356Z,LogisticRegression,optimized,val,0.5676900245181252,1
seg_002790,sample_00930,Nuo Maisemat - Paavoharju,1,0.9468259011324107,classical_20260919T110356Z,LogisticRegression,optimized,val,0.5676900245181252,1
seg_002791,sample_00930,Nuo Maisemat - Paavoharju,1,0.9743878672359775,classical_20260919T110356Z,LogisticRegression,optimized,val,0.5676900245181252,1
seg_002792,sample_00930,Nuo Maisemat - Paavoharju,1,0.9961709396296238,classical_20260919T110356Z,LogisticRegression,optimized,val,0.5676900245181252,1
seg_002793,sample_00931,Nuo Maisemat - Paavoharju,1,0.9383986566021262,classical_20260919T110356Z,LogisticRegression,optimized,val,0.5676900245181252,1
seg_002794,sample_00931,Nuo Maisemat - Paavoharju,1,0.9981333265645324,classical_20260919T110356Z,LogisticRegression,optimized,val,0.5676900245181252,1
seg_002795,sample_00931,Nuo Maisemat - Paavoharju,1,0.9962468522886155,classical_20260919T110356Z,LogisticRegression,optimized,val,0.5676900245181252,1
seg_002874,sample_00958,SD (Ill Mix) - H-LR,1,0.7808907707667069,classical_20260919T110356Z,LogisticRegression,optimized,val,0.5676900245181252,1
seg_002875,sample_00958,SD (Ill Mix) - H-LR,1,0.824233568251561,classical_20260919T110356Z,LogisticRegression,optimized,val,0.5676900245181252,1
seg_002876,sample_00958,SD (Ill Mix) - H-LR,1,0.9816163862478318,classical_20260919T110356Z,LogisticRegression,optimized,val,0.5676900245181252,1
seg_002877,sample_00959,SD (Ill Mix) - H-LR,1,0.9490384295992551,classical_20260919T110356Z,LogisticRegression,optimized,val,0.5676900245181252,1
seg_002878,sample_00959,SD (Ill Mix) - H-LR,1,0.839541061565219,classical_20260919T110356Z,LogisticRegression,optimized,val,0.5676900245181252,1
seg_002879,sample_00959,SD (Ill Mix) - H-LR,1,0.9336274172064667,classical_20260919T110356Z,LogisticRegression,optimized,val,0.5676900245181252,1
seg_002982,sample_00994,Evil Cannot Create - Caleb Lemond,1,0.9898069703028614,classical_20260919T110356Z,LogisticRegression,optimized,val,0.5676900245181252,1
seg_002983,sample_00994,Evil Cannot Create - Caleb Lemond,1,0.9637456990358766,classical_20260919T110356Z,LogisticRegression,optimized,val,0.5676900245181252,1
seg_002984,sample_00994,Evil Cannot Create - Caleb Lemond,1,0.9948729529810888,classical_20260919T110356Z,LogisticRegression,optimized,val,0.5676900245181252,1
seg_002985,sample_00995,Evil Cannot Create - Caleb Lemond,1,0.993071704351092,classical_20260919T110356Z,LogisticRegression,optimized,val,0.5676900245181252,1
seg_002986,sample_00995,Evil Cannot Create - Caleb Lemond,1,0.9638167416830031,classical_20260919T110356Z,LogisticRegression,optimized,val,0.5676900245181252,1
seg_002987,sample_00995,Evil Cannot Create - Caleb Lemond,1,0.983222913189125,classical_20260919T110356Z,LogisticRegression,optimized,val,0.5676900245181252,1
seg_003090,sample_01030,New Life (take 1) - Bird Names,1,0.8966056551217633,classical_20260919T110356Z,LogisticRegression,optimized,val,0.5676900245181252,1
seg_003091,sample_01030,New Life (take 1) - Bird Names,1,0.7638740517158777,classical_20260919T110356Z,LogisticRegression,optimized,val,0.5676900245181252,1
seg_003092,sample_01030,New Life (take 1) - Bird Names,1,0.9850424149260838,classical_20260919T110356Z,LogisticRegression,optimized,val,0.5676900245181252,1
seg_003093,sample_01031,New Life (take 1) - Bird Names,1,0.7368723398047571,classical_20260919T110356Z,LogisticRegression,optimized,val,0.5676900245181252,1
seg_003094,sample_01031,New Life (take 1) - Bird Names,1,0.6200473935146072,classical_20260919T110356Z,LogisticRegression,optimized,val,0.5676900245181252,1
seg_003095,sample_01031,New Life (take 1) - Bird Names,1,0.9984385261004878,classical_20260919T110356Z,LogisticRegression,optimized,val,0.5676900245181252,1
seg_003096,sample_01032,Norweigian Wood II - Bird Names,1,0.5243774942237523,classical_20260919T110356Z,LogisticRegression,optimized,val,0.5676900245181252,0
seg_003097,sample_01032,Norweigian Wood II - Bird Names,1,0.5982980078703825,classical_20260919T110356Z,LogisticRegression,optimized,val,0.5676900245181252,1
seg_003098,sample_01032,Norweigian Wood II - Bird Names,1,0.9578760422286975,classical_20260919T110356Z,LogisticRegression,optimized,val,0.5676900245181252,1
seg_003099,sample_01033,Norweigian Wood II - Bird Names,1,0.8110021220186928,classical_20260919T110356Z,LogisticRegression,optimized,val,0.5676900245181252,1
seg_003100,sample_01033,Norweigian Wood II - Bird Names,1,0.8300964390779223,classical_20260919T110356Z,LogisticRegression,optimized,val,0.5676900245181252,1
seg_003101,sample_01033,Norweigian Wood II - Bird Names,1,0.9966604207073717,classical_20260919T110356Z,LogisticRegression,optimized,val,0.5676900245181252,1
seg_003120,sample_01040,Roller Star - Monroeville Music Center,1,0.9451411662427227,classical_20260919T110356Z,LogisticRegression,optimized,val,0.5676900245181252,1
seg_003121,sample_01040,Roller Star - Monroeville Music Center,1,0.8281862117568091,classical_20260919T110356Z,LogisticRegression,optimized,val,0.5676900245181252,1
seg_003122,sample_01040,Roller Star - Monroeville Music Center,1,0.9802075808017947,classical_20260919T110356Z,LogisticRegression,optimized,val,0.5676900245181252,1
seg_003123,sample_01041,Roller Star - Monroeville Music Center,1,0.9591759906904616,classical_20260919T110356Z,LogisticRegression,optimized,val,0.5676900245181252,1
seg_003124,sample_01041,Roller Star - Monroeville Music Center,1,0.8419221252152813,classical_20260919T110356Z,LogisticRegression,optimized,val,0.5676900245181252,1
seg_003125,sample_01041,Roller Star - Monroeville Music Center,1,0.9389572317208437,classical_20260919T110356Z,LogisticRegression,optimized,val,0.5676900245181252,1
seg_003126,sample_01042,"Roundtrip - Oh Yeah, the Future",1,0.8987469148931737,classical_20260919T110356Z,LogisticRegression,optimized,val,0.5676900245181252,1
seg_003127,sample_01042,"Roundtrip - Oh Yeah, the Future",1,0.5919849993937608,classical_20260919T110356Z,LogisticRegression,optimized,val,0.5676900245181252,1
seg_003128,sample_01042,"Roundtrip - Oh Yeah, the Future",1,0.9945690739422651,classical_20260919T110356Z,LogisticRegression,optimized,val,0.5676900245181252,1
seg_003129,sample_01043,"Roundtrip - Oh Yeah, the Future",1,0.6990764633800886,classical_20260919T110356Z,LogisticRegression,optimized,val,0.5676900245181252,1
seg_003130,sample_01043,"Roundtrip - Oh Yeah, the Future",1,0.41788938431707234,classical_20260919T110356Z,LogisticRegression,optimized,val,0.5676900245181252,0
seg_003131,sample_01043,"Roundtrip - Oh Yeah, the Future",1,0.9507666139653067,classical_20260919T110356Z,LogisticRegression,optimized,val,0.5676900245181252,1
seg_003144,sample_01048,Soleares&beats - Malaventura,1,0.9861409268283567,classical_20260919T110356Z,LogisticRegression,optimized,val,0.5676900245181252,1
seg_003145,sample_01048,Soleares&beats - Malaventura,1,0.8268828577647847,classical_20260919T110356Z,LogisticRegression,optimized,val,0.5676900245181252,1
seg_003146,sample_01048,Soleares&beats - Malaventura,1,0.9875115665354801,classical_20260919T110356Z,LogisticRegression,optimized,val,0.5676900245181252,1
seg_003147,sample_01049,Soleares&beats - Malaventura,1,0.4065950639795186,classical_20260919T110356Z,LogisticRegression,optimized,val,0.5676900245181252,0
seg_003148,sample_01049,Soleares&beats - Malaventura,1,0.7914321493679781,classical_20260919T110356Z,LogisticRegression,optimized,val,0.5676900245181252,1
seg_003149,sample_01049,Soleares&beats - Malaventura,1,0.6376980026643534,classical_20260919T110356Z,LogisticRegression,optimized,val,0.5676900245181252,1
seg_003162,sample_01054,Stockholm Syndrome / People Should Be More Aware - Bird Names,1,0.3035555383380777,classical_20260919T110356Z,LogisticRegression,optimized,val,0.5676900245181252,0
seg_003163,sample_01054,Stockholm Syndrome / People Should Be More Aware - Bird Names,1,0.7238234921164204,classical_20260919T110356Z,LogisticRegression,optimized,val,0.5676900245181252,1
seg_003164,sample_01054,Stockholm Syndrome / People Should Be More Aware - Bird Names,1,0.6986443709800019,classical_20260919T110356Z,LogisticRegression,optimized,val,0.5676900245181252,1
seg_003165,sample_01055,Stockholm Syndrome / People Should Be More Aware - Bird Names,1,0.912340517727752,classical_20260919T110356Z,LogisticRegression,optimized,val,0.5676900245181252,1
seg_003166,sample_01055,Stockholm Syndrome / People Should Be More Aware - Bird Names,1,0.6877701167616412,classical_20260919T110356Z,LogisticRegression,optimized,val,0.5676900245181252,1
seg_003167,sample_01055,Stockholm Syndrome / People Should Be More Aware - Bird Names,1,0.9508361485498674,classical_20260919T110356Z,LogisticRegression,optimized,val,0.5676900245181252,1
seg_003204,sample_01068,Time Is Love - Silence is full of birds,1,0.9806081765847565,classical_20260919T110356Z,LogisticRegression,optimized,val,0.5676900245181252,1
seg_003205,sample_01068,Time Is Love - Silence is full of birds,1,0.6463025418261118,classical_20260919T110356Z,LogisticRegression,optimized,val,0.5676900245181252,1
seg_003206,sample_01068,Time Is Love - Silence is full of birds,1,0.9644917116571219,classical_20260919T110356Z,LogisticRegression,optimized,val,0.5676900245181252,1
seg_003207,sample_01069,Time Is Love - Silence is full of birds,1,0.9500818139729948,classical_20260919T110356Z,LogisticRegression,optimized,val,0.5676900245181252,1
seg_003208,sample_01069,Time Is Love - Silence is full of birds,1,0.773241839732331,classical_20260919T110356Z,LogisticRegression,optimized,val,0.5676900245181252,1
seg_003209,sample_01069,Time Is Love - Silence is full of birds,1,0.9946309325464332,classical_20260919T110356Z,LogisticRegression,optimized,val,0.5676900245181252,1
seg_003246,sample_01082,2 (Wasn't There) - Isle of Pine,1,0.8715947998793034,classical_20260919T110356Z,LogisticRegression,optimized,val,0.5676900245181252,1
seg_003247,sample_01082,2 (Wasn't There) - Isle of Pine,1,0.3262067309571265,classical_20260919T110356Z,LogisticRegression,optimized,val,0.5676900245181252,0
seg_003248,sample_01082,2 (Wasn't There) - Isle of Pine,1,0.9925091598841325,classical_20260919T110356Z,LogisticRegression,optimized,val,0.5676900245181252,1
seg_003249,sample_01083,2 (Wasn't There) - Isle of Pine,1,0.982951783877835,classical_20260919T110356Z,LogisticRegression,optimized,val,0.5676900245181252,1
seg_003250,sample_01083,2 (Wasn't There) - Isle of Pine,1,0.7727210335892484,classical_20260919T110356Z,LogisticRegression,optimized,val,0.5676900245181252,1
seg_003251,sample_01083,2 (Wasn't There) - Isle of Pine,1,0.9964756829937758,classical_20260919T110356Z,LogisticRegression,optimized,val,0.5676900245181252,1
seg_003276,sample_01092,Empty Pockets - Pete Prodoehl,1,0.9854415485321901,classical_20260919T110356Z,LogisticRegression,optimized,val,0.5676900245181252,1
seg_003277,sample_01092,Empty Pockets - Pete Prodoehl,1,0.33141739079376764,classical_20260919T110356Z,LogisticRegression,optimized,val,0.5676900245181252,0
seg_003278,sample_01092,Empty Pockets - Pete Prodoehl,1,0.9917970800232886,classical_20260919T110356Z,LogisticRegression,optimized,val,0.5676900245181252,1
seg_003279,sample_01093,Empty Pockets - Pete Prodoehl,1,0.9454062578998091,classical_20260919T110356Z,LogisticRegression,optimized,val,0.5676900245181252,1
seg_003280,sample_01093,Empty Pockets - Pete Prodoehl,1,0.6007079831198197,classical_20260919T110356Z,LogisticRegression,optimized,val,0.5676900245181252,1
seg_003281,sample_01093,Empty Pockets - Pete Prodoehl,1,0.9368805459823263,classical_20260919T110356Z,LogisticRegression,optimized,val,0.5676900245181252,1
seg_003294,sample_01098,Gila Monster Flop/Music History Lesson:The Sonics - The Crypts!,1,0.7985599150985212,classical_20260919T110356Z,LogisticRegression,optimized,val,0.5676900245181252,1
seg_003295,sample_01098,Gila Monster Flop/Music History Lesson:The Sonics - The Crypts!,1,0.6404344347495097,classical_20260919T110356Z,LogisticRegression,optimized,val,0.5676900245181252,1
seg_003296,sample_01098,Gila Monster Flop/Music History Lesson:The Sonics - The Crypts!,1,0.9208413965862638,classical_20260919T110356Z,LogisticRegression,optimized,val,0.5676900245181252,1
seg_003297,sample_01099,Gila Monster Flop/Music History Lesson:The Sonics - The Crypts!,1,0.7454502330750498,classical_20260919T110356Z,LogisticRegression,optimized,val,0.5676900245181252,1
seg_003298,sample_01099,Gila Monster Flop/Music History Lesson:The Sonics - The Crypts!,1,0.594020798045357,classical_20260919T110356Z,LogisticRegression,optimized,val,0.5676900245181252,1
seg_003299,sample_01099,Gila Monster Flop/Music History Lesson:The Sonics - The Crypts!,1,0.943938328226453,classical_20260919T110356Z,LogisticRegression,optimized,val,0.5676900245181252,1
seg_003312,sample_01104,I Fell - Mod Fun,1,0.9088958225031614,classical_20260919T110356Z,LogisticRegression,optimized,val,0.5676900245181252,1
seg_003313,sample_01104,I Fell - Mod Fun,1,0.6194656383966692,classical_20260919T110356Z,LogisticRegression,optimized,val,0.5676900245181252,1
seg_003314,sample_01104,I Fell - Mod Fun,1,0.9952564993639922,classical_20260919T110356Z,LogisticRegression,optimized,val,0.5676900245181252,1
seg_003315,sample_01105,I Fell - Mod Fun,1,0.7954644008590952,classical_20260919T110356Z,LogisticRegression,optimized,val,0.5676900245181252,1
seg_003316,sample_01105,I Fell - Mod Fun,1,0.7630471266983258,classical_20260919T110356Z,LogisticRegression,optimized,val,0.5676900245181252,1
seg_003317,sample_01105,I Fell - Mod Fun,1,0.9712950070997369,classical_20260919T110356Z,LogisticRegression,optimized,val,0.5676900245181252,1
seg_003360,sample_01120,March of the GPA Mechanics - [t]ghost,1,0.4909382403312798,classical_20260919T110356Z,LogisticRegression,optimized,val,0.5676900245181252,0
seg_003361,sample_01120,March of the GPA Mechanics - [t]ghost,1,0.5534479392535855,classical_20260919T110356Z,LogisticRegression,optimized,val,0.5676900245181252,0
seg_003362,sample_01120,March of the GPA Mechanics - [t]ghost,1,0.9926643446232346,classical_20260919T110356Z,LogisticRegression,optimized,val,0.5676900245181252,1
seg_003363,sample_01121,March of the GPA Mechanics - [t]ghost,1,0.9045542525316674,classical_20260919T110356Z,LogisticRegression,optimized,val,0.5676900245181252,1
seg_003364,sample_01121,March of the GPA Mechanics - [t]ghost,1,0.6181315983819354,classical_20260919T110356Z,LogisticRegression,optimized,val,0.5676900245181252,1
seg_003365,sample_01121,March of the GPA Mechanics - [t]ghost,1,0.8977700402265203,classical_20260919T110356Z,LogisticRegression,optimized,val,0.5676900245181252,1
seg_003420,sample_01140,Scramby Eggs - Andy G. Cohen,1,0.24297690477088374,classical_20260919T110356Z,LogisticRegression,optimized,val,0.5676900245181252,0
seg_003421,sample_01140,Scramby Eggs - Andy G. Cohen,1,0.6354758758501075,classical_20260919T110356Z,LogisticRegression,optimized,val,0.5676900245181252,1
seg_003422,sample_01140,Scramby Eggs - Andy G. Cohen,1,0.9607791958946451,classical_20260919T110356Z,LogisticRegression,optimized,val,0.5676900245181252,1
seg_003423,sample_01141,Scramby Eggs - Andy G. Cohen,1,0.7121712474073781,classical_20260919T110356Z,LogisticRegression,optimized,val,0.5676900245181252,1
seg_003424,sample_01141,Scramby Eggs - Andy G. Cohen,1,0.3905587814714259,classical_20260919T110356Z,LogisticRegression,optimized,val,0.5676900245181252,0
seg_003425,sample_01141,Scramby Eggs - Andy G. Cohen,1,0.9917186310869017,classical_20260919T110356Z,LogisticRegression,optimized,val,0.5676900245181252,1
seg_003474,sample_01158,The girl just faded - Los Llamarada,1,0.7634692837277024,classical_20260919T110356Z,LogisticRegression,optimized,val,0.5676900245181252,1
seg_003475,sample_01158,The girl just faded - Los Llamarada,1,0.7613902420898734,classical_20260919T110356Z,LogisticRegression,optimized,val,0.5676900245181252,1
seg_003476,sample_01158,The girl just faded - Los Llamarada,1,0.7862047759684555,classical_20260919T110356Z,LogisticRegression,optimized,val,0.5676900245181252,1
seg_003477,sample_01159,The girl just faded - Los Llamarada,1,0.9157659311316103,classical_20260919T110356Z,LogisticRegression,optimized,val,0.5676900245181252,1
seg_003478,sample_01159,The girl just faded - Los Llamarada,1,0.5948535457761366,classical_20260919T110356Z,LogisticRegression,optimized,val,0.5676900245181252,1
seg_003479,sample_01159,The girl just faded - Los Llamarada,1,0.891415439329415,classical_20260919T110356Z,LogisticRegression,optimized,val,0.5676900245181252,1
seg_003492,sample_01164,Voxel - Andy G. Cohen,1,0.7108596231604808,classical_20260919T110356Z,LogisticRegression,optimized,val,0.5676900245181252,1
seg_003493,sample_01164,Voxel - Andy G. Cohen,1,0.5235847277810048,classical_20260919T110356Z,LogisticRegression,optimized,val,0.5676900245181252,0
seg_003494,sample_01164,Voxel - Andy G. Cohen,1,0.19826609426309916,classical_20260919T110356Z,LogisticRegression,optimized,val,0.5676900245181252,0
seg_003495,sample_01165,Voxel - Andy G. Cohen,1,0.17932940188037585,classical_20260919T110356Z,LogisticRegression,optimized,val,0.5676900245181252,0
seg_003496,sample_01165,Voxel - Andy G. Cohen,1,0.9447665878919929,classical_20260919T110356Z,LogisticRegression,optimized,val,0.5676900245181252,1
seg_003497,sample_01165,Voxel - Andy G. Cohen,1,0.4547435847867611,classical_20260919T110356Z,LogisticRegression,optimized,val,0.5676900245181252,0
seg_003516,sample_01172,Windows of the Skull - Sarin,1,0.9823662695343309,classical_20260919T110356Z,LogisticRegression,optimized,val,0.5676900245181252,1
seg_003517,sample_01172,Windows of the Skull - Sarin,1,0.8058660657170479,classical_20260919T110356Z,LogisticRegression,optimized,val,0.5676900245181252,1
seg_003518,sample_01172,Windows of the Skull - Sarin,1,0.9852493961870322,classical_20260919T110356Z,LogisticRegression,optimized,val,0.5676900245181252,1
seg_003519,sample_01173,Windows of the Skull - Sarin,1,0.9894340035422674,classical_20260919T110356Z,LogisticRegression,optimized,val,0.5676900245181252,1
seg_003520,sample_01173,Windows of the Skull - Sarin,1,0.6857990464027236,classical_20260919T110356Z,LogisticRegression,optimized,val,0.5676900245181252,1
seg_003521,sample_01173,Windows of the Skull - Sarin,1,0.9952854153621984,classical_20260919T110356Z,LogisticRegression,optimized,val,0.5676900245181252,1
seg_003534,sample_01178,Новый Нью-Йорк 2 - Чокнутый Пропеллер,1,0.9404870429262059,classical_20260919T110356Z,LogisticRegression,optimized,val,0.5676900245181252,1
seg_003535,sample_01178,Новый Нью-Йорк 2 - Чокнутый Пропеллер,1,0.1344454947356874,classical_20260919T110356Z,LogisticRegression,optimized,val,0.5676900245181252,0
seg_003536,sample_01178,Новый Нью-Йорк 2 - Чокнутый Пропеллер,1,0.7874563519623202,classical_20260919T110356Z,LogisticRegression,optimized,val,0.5676900245181252,1
seg_003537,sample_01179,Новый Нью-Йорк 2 - Чокнутый Пропеллер,1,0.4593707719270461,classical_20260919T110356Z,LogisticRegression,optimized,val,0.5676900245181252,0
seg_003538,sample_01179,Новый Нью-Йорк 2 - Чокнутый Пропеллер,1,0.2251584288067569,classical_20260919T110356Z,LogisticRegression,optimized,val,0.5676900245181252,0
seg_003539,sample_01179,Новый Нью-Йорк 2 - Чокнутый Пропеллер,1,0.8267359636372864,classical_20260919T110356Z,LogisticRegression,optimized,val,0.5676900245181252,1
seg_003597,sample_01199,CopperNickle - UncleBibby,1,0.15868285919538214,classical_20260919T110356Z,LogisticRegression,optimized,val,0.5676900245181252,0
seg_003598,sample_01199,CopperNickle - UncleBibby,1,0.4537726440687516,classical_20260919T110356Z,LogisticRegression,optimized,val,0.5676900245181252,0
seg_003599,sample_01199,CopperNickle - UncleBibby,1,0.9984673974260108,classical_20260919T110356Z,LogisticRegression,optimized,val,0.5676900245181252,1
seg_003606,sample_01202,Daylight Savings - My brother Daniel,1,0.24768595518725525,classical_20260919T110356Z,LogisticRegression,optimized,val,0.5676900245181252,0
seg_003607,sample_01202,Daylight Savings - My brother Daniel,1,0.848016251083354,classical_20260919T110356Z,LogisticRegression,optimized,val,0.5676900245181252,1
seg_003608,sample_01202,Daylight Savings - My brother Daniel,1,0.9802497170135737,classical_20260919T110356Z,LogisticRegression,optimized,val,0.5676900245181252,1
seg_003633,sample_01211,Fifth Ramble - From the album Keith [RSVP007] - My brother Daniel,1,0.9243059370760555,classical_20260919T110356Z,LogisticRegression,optimized,val,0.5676900245181252,1
seg_003634,sample_01211,Fifth Ramble - From the album Keith [RSVP007] - My brother Daniel,1,0.6473181097808703,classical_20260919T110356Z,LogisticRegression,optimized,val,0.5676900245181252,1
seg_003635,sample_01211,Fifth Ramble - From the album Keith [RSVP007] - My brother Daniel,1,0.8206400768582407,classical_20260919T110356Z,LogisticRegression,optimized,val,0.5676900245181252,1
seg_003657,sample_01219,If You're Ther - Nicola Ratti,1,0.9153407511919179,classical_20260919T110356Z,LogisticRegression,optimized,val,0.5676900245181252,1
seg_003658,sample_01219,If You're Ther - Nicola Ratti,1,0.9929738512940319,classical_20260919T110356Z,LogisticRegression,optimized,val,0.5676900245181252,1
seg_003659,sample_01219,If You're Ther - Nicola Ratti,1,0.9976067528264814,classical_20260919T110356Z,LogisticRegression,optimized,val,0.5676900245181252,1
seg_003681,sample_01227,Kumorizoranohajimarutokoro - Hosomi,1,0.841835065538607,classical_20260919T110356Z,LogisticRegression,optimized,val,0.5676900245181252,1
seg_003682,sample_01227,Kumorizoranohajimarutokoro - Hosomi,1,0.8910527493759717,classical_20260919T110356Z,LogisticRegression,optimized,val,0.5676900245181252,1
seg_003683,sample_01227,Kumorizoranohajimarutokoro - Hosomi,1,0.9783736024552259,classical_20260919T110356Z,LogisticRegression,optimized,val,0.5676900245181252,1
seg_003708,sample_01236,Loved Ones - Rowan Box,1,0.9388170673983695,classical_20260919T110356Z,LogisticRegression,optimized,val,0.5676900245181252,1
seg_003709,sample_01236,Loved Ones - Rowan Box,1,0.554471360332515,classical_20260919T110356Z,LogisticRegression,optimized,val,0.5676900245181252,0
seg_003710,sample_01236,Loved Ones - Rowan Box,1,0.9728058560406363,classical_20260919T110356Z,LogisticRegression,optimized,val,0.5676900245181252,1
seg_003711,sample_01237,Morning Bell - Nihilore,1,0.35099984702413334,classical_20260919T110356Z,LogisticRegression,optimized,val,0.5676900245181252,0
seg_003712,sample_01237,Morning Bell - Nihilore,1,0.6048948442363784,classical_20260919T110356Z,LogisticRegression,optimized,val,0.5676900245181252,1
seg_003713,sample_01237,Morning Bell - Nihilore,1,0.9953415925246526,classical_20260919T110356Z,LogisticRegression,optimized,val,0.5676900245181252,1
seg_003714,sample_01238,mystery team 2090 - Jesse Futerman,1,0.9691027274477054,classical_20260919T110356Z,LogisticRegression,optimized,val,0.5676900245181252,1
seg_003715,sample_01238,mystery team 2090 - Jesse Futerman,1,0.7768779332727859,classical_20260919T110356Z,LogisticRegression,optimized,val,0.5676900245181252,1
seg_003716,sample_01238,mystery team 2090 - Jesse Futerman,1,0.9943363441392754,classical_20260919T110356Z,LogisticRegression,optimized,val,0.5676900245181252,1
seg_003717,sample_01239,Night Drive - Decktonic,1,0.917080373864898,classical_20260919T110356Z,LogisticRegression,optimized,val,0.5676900245181252,1
seg_003718,sample_01239,Night Drive - Decktonic,1,0.9989086446497795,classical_20260919T110356Z,LogisticRegression,optimized,val,0.5676900245181252,1
seg_003719,sample_01239,Night Drive - Decktonic,1,0.9992944662986514,classical_20260919T110356Z,LogisticRegression,optimized,val,0.5676900245181252,1
seg_003729,sample_01243,Nuo Maisemat - Paavoharju,1,0.9944125478630883,classical_20260919T110356Z,LogisticRegression,optimized,val,0.5676900245181252,1
seg_003730,sample_01243,Nuo Maisemat - Paavoharju,1,0.9995411327596826,classical_20260919T110356Z,LogisticRegression,optimized,val,0.5676900245181252,1
seg_003731,sample_01243,Nuo Maisemat - Paavoharju,1,0.9832756135631309,classical_20260919T110356Z,LogisticRegression,optimized,val,0.5676900245181252,1
seg_003780,sample_01260,SD (Ill Mix) - H-LR,1,0.8762363602156823,classical_20260919T110356Z,LogisticRegression,optimized,val,0.5676900245181252,1
seg_003781,sample_01260,SD (Ill Mix) - H-LR,1,0.8991068836114327,classical_20260919T110356Z,LogisticRegression,optimized,val,0.5676900245181252,1
seg_003782,sample_01260,SD (Ill Mix) - H-LR,1,0.9781749161674236,classical_20260919T110356Z,LogisticRegression,optimized,val,0.5676900245181252,1
seg_003795,sample_01265,some dextromethorphan - Jeva,1,0.4600954017007209,classical_20260919T110356Z,LogisticRegression,optimized,val,0.5676900245181252,0
seg_003796,sample_01265,some dextromethorphan - Jeva,1,0.9868639847327831,classical_20260919T110356Z,LogisticRegression,optimized,val,0.5676900245181252,1
seg_003797,sample_01265,some dextromethorphan - Jeva,1,0.9980336925379014,classical_20260919T110356Z,LogisticRegression,optimized,val,0.5676900245181252,1
seg_003804,sample_01268,Sturgeon's Law - Nihilore,1,0.47566787387759224,classical_20260919T110356Z,LogisticRegression,optimized,val,0.5676900245181252,0
seg_003805,sample_01268,Sturgeon's Law - Nihilore,1,0.8212189560965558,classical_20260919T110356Z,LogisticRegression,optimized,val,0.5676900245181252,1
seg_003806,sample_01268,Sturgeon's Law - Nihilore,1,0.997281203434128,classical_20260919T110356Z,LogisticRegression,optimized,val,0.5676900245181252,1
seg_003840,sample_01280,The Stairway - WarpToken,1,0.4786094022789353,classical_20260919T110356Z,LogisticRegression,optimized,val,0.5676900245181252,0
seg_003841,sample_01280,The Stairway - WarpToken,1,0.9986808722731366,classical_20260919T110356Z,LogisticRegression,optimized,val,0.5676900245181252,1
seg_003842,sample_01280,The Stairway - WarpToken,1,0.9949958474366242,classical_20260919T110356Z,LogisticRegression,optimized,val,0.5676900245181252,1
seg_003843,sample_01281,Three Bird - My brother Daniel,1,0.9819658471358258,classical_20260919T110356Z,LogisticRegression,optimized,val,0.5676900245181252,1
seg_003844,sample_01281,Three Bird - My brother Daniel,1,0.7259285508805366,classical_20260919T110356Z,LogisticRegression,optimized,val,0.5676900245181252,1
seg_003845,sample_01281,Three Bird - My brother Daniel,1,0.9859445370851709,classical_20260919T110356Z,LogisticRegression,optimized,val,0.5676900245181252,1
seg_003846,sample_01282,Timen Passing By - Jason Shaw,1,0.5074756504650092,classical_20260919T110356Z,LogisticRegression,optimized,val,0.5676900245181252,0
seg_003847,sample_01282,Timen Passing By - Jason Shaw,1,0.9637049466683749,classical_20260919T110356Z,LogisticRegression,optimized,val,0.5676900245181252,1
seg_003848,sample_01282,Timen Passing By - Jason Shaw,1,0.9962253008898994,classical_20260919T110356Z,LogisticRegression,optimized,val,0.5676900245181252,1
seg_003864,sample_01288,Understand That This Is A Dream - From the album Modulating Coil [RSVP008] - Forrest James,1,0.9062651688559801,classical_20260919T110356Z,LogisticRegression,optimized,val,0.5676900245181252,1
seg_003865,sample_01288,Understand That This Is A Dream - From the album Modulating Coil [RSVP008] - Forrest James,1,0.6981882877738236,classical_20260919T110356Z,LogisticRegression,optimized,val,0.5676900245181252,1
seg_003866,sample_01288,Understand That This Is A Dream - From the album Modulating Coil [RSVP008] - Forrest James,1,0.99849381184617,classical_20260919T110356Z,LogisticRegression,optimized,val,0.5676900245181252,1
seg_003873,sample_01291,Westside Chillers - Little Glass Men,1,0.7465516181884994,classical_20260919T110356Z,LogisticRegression,optimized,val,0.5676900245181252,1
seg_003874,sample_01291,Westside Chillers - Little Glass Men,1,0.8060621130437498,classical_20260919T110356Z,LogisticRegression,optimized,val,0.5676900245181252,1
seg_003875,sample_01291,Westside Chillers - Little Glass Men,1,0.9989937080676814,classical_20260919T110356Z,LogisticRegression,optimized,val,0.5676900245181252,1
seg_003885,sample_01295,Agora - Malaventura,1,0.22194421146164584,classical_20260919T110356Z,LogisticRegression,optimized,val,0.5676900245181252,0
seg_003886,sample_01295,Agora - Malaventura,1,0.9143943973246317,classical_20260919T110356Z,LogisticRegression,optimized,val,0.5676900245181252,1
seg_003887,sample_01295,Agora - Malaventura,1,0.9796012134709168,classical_20260919T110356Z,LogisticRegression,optimized,val,0.5676900245181252,1
seg_003912,sample_01304,Evil Cannot Create - Caleb Lemond,1,0.9057766528923786,classical_20260919T110356Z,LogisticRegression,optimized,val,0.5676900245181252,1
seg_003913,sample_01304,Evil Cannot Create - Caleb Lemond,1,0.6650045233095273,classical_20260919T110356Z,LogisticRegression,optimized,val,0.5676900245181252,1
seg_003914,sample_01304,Evil Cannot Create - Caleb Lemond,1,0.9983271900477747,classical_20260919T110356Z,LogisticRegression,optimized,val,0.5676900245181252,1
seg_003972,sample_01324,My Body Is A Weapon (Compromise Edit) - Silence is full of birds,1,0.9791462867200297,classical_20260919T110356Z,LogisticRegression,optimized,val,0.5676900245181252,1
seg_003973,sample_01324,My Body Is A Weapon (Compromise Edit) - Silence is full of birds,1,0.9986412486015409,classical_20260919T110356Z,LogisticRegression,optimized,val,0.5676900245181252,1
seg_003974,sample_01324,My Body Is A Weapon (Compromise Edit) - Silence is full of birds,1,0.9973594327176563,classical_20260919T110356Z,LogisticRegression,optimized,val,0.5676900245181252,1
seg_003975,sample_01325,My Body Is A Weapon (Compromise Edit) - Silence is full of birds,1,0.940530045664662,classical_20260919T110356Z,LogisticRegression,optimized,val,0.5676900245181252,1
seg_003976,sample_01325,My Body Is A Weapon (Compromise Edit) - Silence is full of birds,1,0.9990449046341418,classical_20260919T110356Z,LogisticRegression,optimized,val,0.5676900245181252,1
seg_003977,sample_01325,My Body Is A Weapon (Compromise Edit) - Silence is full of birds,1,0.9987583893629378,classical_20260919T110356Z,LogisticRegression,optimized,val,0.5676900245181252,1
seg_003987,sample_01329,New Life (take 1) - Bird Names,1,0.9400917687932536,classical_20260919T110356Z,LogisticRegression,optimized,val,0.5676900245181252,1
seg_003988,sample_01329,New Life (take 1) - Bird Names,1,0.5810365906579926,classical_20260919T110356Z,LogisticRegression,optimized,val,0.5676900245181252,1
seg_003989,sample_01329,New Life (take 1) - Bird Names,1,0.912269986961529,classical_20260919T110356Z,LogisticRegression,optimized,val,0.5676900245181252,1
seg_003990,sample_01330,New Life (take 1) - Bird Names,1,0.8331172364433808,classical_20260919T110356Z,LogisticRegression,optimized,val,0.5676900245181252,1
seg_003991,sample_01330,New Life (take 1) - Bird Names,1,0.9872940388387487,classical_20260919T110356Z,LogisticRegression,optimized,val,0.5676900245181252,1
seg_003992,sample_01330,New Life (take 1) - Bird Names,1,0.9984173947427014,classical_20260919T110356Z,LogisticRegression,optimized,val,0.5676900245181252,1
seg_003993,sample_01331,Norweigian Wood II - Bird Names,1,0.357871326039699,classical_20260919T110356Z,LogisticRegression,optimized,val,0.5676900245181252,0
seg_003994,sample_01331,Norweigian Wood II - Bird Names,1,0.4560309966768192,classical_20260919T110356Z,LogisticRegression,optimized,val,0.5676900245181252,0
seg_003995,sample_01331,Norweigian Wood II - Bird Names,1,0.9866276317182844,classical_20260919T110356Z,LogisticRegression,optimized,val,0.5676900245181252,1
seg_004020,sample_01340,Roller Star - Monroeville Music Center,1,0.808207877173597,classical_20260919T110356Z,LogisticRegression,optimized,val,0.5676900245181252,1
seg_004021,sample_01340,Roller Star - Monroeville Music Center,1,0.6840691144747083,classical_20260919T110356Z,LogisticRegression,optimized,val,0.5676900245181252,1
seg_004022,sample_01340,Roller Star - Monroeville Music Center,1,0.9827611546193661,classical_20260919T110356Z,LogisticRegression,optimized,val,0.5676900245181252,1
seg_004023,sample_01341,"Roundtrip - Oh Yeah, the Future",1,0.9557361833608771,classical_20260919T110356Z,LogisticRegression,optimized,val,0.5676900245181252,1
seg_004024,sample_01341,"Roundtrip - Oh Yeah, the Future",1,0.8420914076654006,classical_20260919T110356Z,LogisticRegression,optimized,val,0.5676900245181252,1
seg_004025,sample_01341,"Roundtrip - Oh Yeah, the Future",1,0.996347307975186,classical_20260919T110356Z,LogisticRegression,optimized,val,0.5676900245181252,1
seg_004041,sample_01347,Soleares&beats - Malaventura,1,0.35256079005781554,classical_20260919T110356Z,LogisticRegression,optimized,val,0.5676900245181252,0
seg_004042,sample_01347,Soleares&beats - Malaventura,1,0.47522767850504966,classical_20260919T110356Z,LogisticRegression,optimized,val,0.5676900245181252,0
seg_004043,sample_01347,Soleares&beats - Malaventura,1,0.99829917052038,classical_20260919T110356Z,LogisticRegression,optimized,val,0.5676900245181252,1
seg_004053,sample_01351,Stockholm Syndrome / People Should Be More Aware - Bird Names,1,0.9170930175111967,classical_20260919T110356Z,LogisticRegression,optimized,val,0.5676900245181252,1
seg_004054,sample_01351,Stockholm Syndrome / People Should Be More Aware - Bird Names,1,0.6206720422838965,classical_20260919T110356Z,LogisticRegression,optimized,val,0.5676900245181252,1
seg_004055,sample_01351,Stockholm Syndrome / People Should Be More Aware - Bird Names,1,0.9992308731651949,classical_20260919T110356Z,LogisticRegression,optimized,val,0.5676900245181252,1
seg_004056,sample_01352,Stockholm Syndrome / People Should Be More Aware - Bird Names,1,0.34047875634103614,classical_20260919T110356Z,LogisticRegression,optimized,val,0.5676900245181252,0
seg_004057,sample_01352,Stockholm Syndrome / People Should Be More Aware - Bird Names,1,0.9450359469278689,classical_20260919T110356Z,LogisticRegression,optimized,val,0.5676900245181252,1
seg_004058,sample_01352,Stockholm Syndrome / People Should Be More Aware - Bird Names,1,0.9653607976507649,classical_20260919T110356Z,LogisticRegression,optimized,val,0.5676900245181252,1
seg_004086,sample_01362,Time Is Love - Silence is full of birds,1,0.6551962257616546,classical_20260919T110356Z,LogisticRegression,optimized,val,0.5676900245181252,1
seg_004087,sample_01362,Time Is Love - Silence is full of birds,1,0.8047560546979823,classical_20260919T110356Z,LogisticRegression,optimized,val,0.5676900245181252,1
seg_004088,sample_01362,Time Is Love - Silence is full of birds,1,0.9974377360478949,classical_20260919T110356Z,LogisticRegression,optimized,val,0.5676900245181252,1
seg_004116,sample_01372,2 (Wasn't There) - Isle of Pine,1,0.9036069022284243,classical_20260919T110356Z,LogisticRegression,optimized,val,0.5676900245181252,1
seg_004117,sample_01372,2 (Wasn't There) - Isle of Pine,1,0.4276646140224539,classical_20260919T110356Z,LogisticRegression,optimized,val,0.5676900245181252,0
seg_004118,sample_01372,2 (Wasn't There) - Isle of Pine,1,0.7807462293309716,classical_20260919T110356Z,LogisticRegression,optimized,val,0.5676900245181252,1
seg_004146,sample_01382,Beyond Luxury - Mors Ontologica,1,0.2840037445593907,classical_20260919T110356Z,LogisticRegression,optimized,val,0.5676900245181252,0
seg_004147,sample_01382,Beyond Luxury - Mors Ontologica,1,0.8589505879869966,classical_20260919T110356Z,LogisticRegression,optimized,val,0.5676900245181252,1
seg_004148,sample_01382,Beyond Luxury - Mors Ontologica,1,0.9790612203402344,classical_20260919T110356Z,LogisticRegression,optimized,val,0.5676900245181252,1
seg_004182,sample_01394,Empty Pockets - Pete Prodoehl,1,0.05509438129345544,classical_20260919T110356Z,LogisticRegression,optimized,val,0.5676900245181252,0
seg_004183,sample_01394,Empty Pockets - Pete Prodoehl,1,0.9173451104215333,classical_20260919T110356Z,LogisticRegression,optimized,val,0.5676900245181252,1
seg_004184,sample_01394,Empty Pockets - Pete Prodoehl,1,0.9972214543180702,classical_20260919T110356Z,LogisticRegression,optimized,val,0.5676900245181252,1
seg_004191,sample_01397,Fear - Los Fancy Free,1,0.9592635173916819,classical_20260919T110356Z,LogisticRegression,optimized,val,0.5676900245181252,1
seg_004192,sample_01397,Fear - Los Fancy Free,1,0.7016872389308639,classical_20260919T110356Z,LogisticRegression,optimized,val,0.5676900245181252,1
seg_004193,sample_01397,Fear - Los Fancy Free,1,0.995777798520694,classical_20260919T110356Z,LogisticRegression,optimized,val,0.5676900245181252,1
seg_004206,sample_01402,Gila Monster Flop/Music History Lesson:The Sonics - The Crypts!,1,0.9179459723095144,classical_20260919T110356Z,LogisticRegression,optimized,val,0.5676900245181252,1
seg_004207,sample_01402,Gila Monster Flop/Music History Lesson:The Sonics - The Crypts!,1,0.6988377391905298,classical_20260919T110356Z,LogisticRegression,optimized,val,0.5676900245181252,1
seg_004208,sample_01402,Gila Monster Flop/Music History Lesson:The Sonics - The Crypts!,1,0.9991491787818253,classical_20260919T110356Z,LogisticRegression,optimized,val,0.5676900245181252,1
seg_004245,sample_01415,I Fell - Mod Fun,1,0.829293880820235,classical_20260919T110356Z,LogisticRegression,optimized,val,0.5676900245181252,1
seg_004246,sample_01415,I Fell - Mod Fun,1,0.7747548920603006,classical_20260919T110356Z,LogisticRegression,optimized,val,0.5676900245181252,1
seg_004247,sample_01415,I Fell - Mod Fun,1,0.9986599411343495,classical_20260919T110356Z,LogisticRegression,optimized,val,0.5676900245181252,1
seg_004275,sample_01425,Lights Up - Pipe Choir,1,0.933777443820948,classical_20260919T110356Z,LogisticRegression,optimized,val,0.5676900245181252,1
seg_004276,sample_01425,Lights Up - Pipe Choir,1,0.9840038490379399,classical_20260919T110356Z,LogisticRegression,optimized,val,0.5676900245181252,1
seg_004277,sample_01425,Lights Up - Pipe Choir,1,0.9971350549967981,classical_20260919T110356Z,LogisticRegression,optimized,val,0.5676900245181252,1
seg_004287,sample_01429,March of the GPA Mechanics - [t]ghost,1,0.9445925933054353,classical_20260919T110356Z,LogisticRegression,optimized,val,0.5676900245181252,1
seg_004288,sample_01429,March of the GPA Mechanics - [t]ghost,1,0.8812422272015522,classical_20260919T110356Z,LogisticRegression,optimized,val,0.5676900245181252,1
seg_004289,sample_01429,March of the GPA Mechanics - [t]ghost,1,0.9973052184683896,classical_20260919T110356Z,LogisticRegression,optimized,val,0.5676900245181252,1
seg_004326,sample_01442,Redlight - Room For A Ghost,1,0.6886116347335897,classical_20260919T110356Z,LogisticRegression,optimized,val,0.5676900245181252,1
seg_004327,sample_01442,Redlight - Room For A Ghost,1,0.5750858792946228,classical_20260919T110356Z,LogisticRegression,optimized,val,0.5676900245181252,1
seg_004328,sample_01442,Redlight - Room For A Ghost,1,0.9986063325095564,classical_20260919T110356Z,LogisticRegression,optimized,val,0.5676900245181252,1
seg_004341,sample_01447,Scramby Eggs - Andy G. Cohen,1,0.9552460593938553,classical_20260919T110356Z,LogisticRegression,optimized,val,0.5676900245181252,1
seg_004342,sample_01447,Scramby Eggs - Andy G. Cohen,1,0.7490436249048855,classical_20260919T110356Z,LogisticRegression,optimized,val,0.5676900245181252,1
seg_004343,sample_01447,Scramby Eggs - Andy G. Cohen,1,0.997563377371716,classical_20260919T110356Z,LogisticRegression,optimized,val,0.5676900245181252,1
seg_004353,sample_01451,Shipwrecked Crew - Pete Prodoehl,1,0.09455338693741026,classical_20260919T110356Z,LogisticRegression,optimized,val,0.5676900245181252,0
seg_004354,sample_01451,Shipwrecked Crew - Pete Prodoehl,1,0.6745391501877296,classical_20260919T110356Z,LogisticRegression,optimized,val,0.5676900245181252,1
seg_004355,sample_01451,Shipwrecked Crew - Pete Prodoehl,1,0.9966354362129837,classical_20260919T110356Z,LogisticRegression,optimized,val,0.5676900245181252,1
seg_004383,sample_01461,The girl just faded - Los Llamarada,1,0.3069529451130306,classical_20260919T110356Z,LogisticRegression,optimized,val,0.5676900245181252,0
seg_004384,sample_01461,The girl just faded - Los Llamarada,1,0.7018065309436861,classical_20260919T110356Z,LogisticRegression,optimized,val,0.5676900245181252,1
seg_004385,sample_01461,The girl just faded - Los Llamarada,1,0.7945111762037491,classical_20260919T110356Z,LogisticRegression,optimized,val,0.5676900245181252,1
seg_004401,sample_01467,Voxel - Andy G. Cohen,1,0.9477118955668462,classical_20260919T110356Z,LogisticRegression,optimized,val,0.5676900245181252,1
seg_004402,sample_01467,Voxel - Andy G. Cohen,1,0.7116109889773782,classical_20260919T110356Z,LogisticRegression,optimized,val,0.5676900245181252,1
seg_004403,sample_01467,Voxel - Andy G. Cohen,1,0.9984906114307147,classical_20260919T110356Z,LogisticRegression,optimized,val,0.5676900245181252,1
seg_004425,sample_01475,Windows of the Skull - Sarin,1,0.9917903433247319,classical_20260919T110356Z,LogisticRegression,optimized,val,0.5676900245181252,1
seg_004426,sample_01475,Windows of the Skull - Sarin,1,0.30659492388880594,classical_20260919T110356Z,LogisticRegression,optimized,val,0.5676900245181252,0
seg_004427,sample_01475,Windows of the Skull - Sarin,1,0.6795551188543943,classical_20260919T110356Z,LogisticRegression,optimized,val,0.5676900245181252,1
seg_004464,sample_01488,Night Drive - Decktonic,1,0.5198381749440726,classical_20260919T110356Z,LogisticRegression,optimized,val,0.5676900245181252,0
seg_004465,sample_01488,Night Drive - Decktonic,1,0.4002086677592211,classical_20260919T110356Z,LogisticRegression,optimized,val,0.5676900245181252,0
seg_004466,sample_01488,Night Drive - Decktonic,1,0.9131603627131487,classical_20260919T110356Z,LogisticRegression,optimized,val,0.5676900245181252,1
seg_004521,sample_01507,Nuo Maisemat - Paavoharju,1,0.7008612187948103,classical_20260919T110356Z,LogisticRegression,optimized,val,0.5676900245181252,1
seg_004522,sample_01507,Nuo Maisemat - Paavoharju,1,0.4279696865665626,classical_20260919T110356Z,LogisticRegression,optimized,val,0.5676900245181252,0
seg_004523,sample_01507,Nuo Maisemat - Paavoharju,1,0.6838999559770693,classical_20260919T110356Z,LogisticRegression,optimized,val,0.5676900245181252,1
seg_004536,sample_01512,CopperNickle - UncleBibby,1,0.17945303776433916,classical_20260919T110356Z,LogisticRegression,optimized,val,0.5676900245181252,0
seg_004537,sample_01512,CopperNickle - UncleBibby,1,0.14521331430574688,classical_20260919T110356Z,LogisticRegression,optimized,val,0.5676900245181252,0
seg_004538,sample_01512,CopperNickle - UncleBibby,1,0.44279010253131634,classical_20260919T110356Z,LogisticRegression,optimized,val,0.5676900245181252,0
seg_004539,sample_01513,Daylight Savings - My brother Daniel,1,0.8724405783477307,classical_20260919T110356Z,LogisticRegression,optimized,val,0.5676900245181252,1
seg_004540,sample_01513,Daylight Savings - My brother Daniel,1,0.5721020036195102,classical_20260919T110356Z,LogisticRegression,optimized,val,0.5676900245181252,1
seg_004541,sample_01513,Daylight Savings - My brother Daniel,1,0.6492865831396084,classical_20260919T110356Z,LogisticRegression,optimized,val,0.5676900245181252,1
seg_004542,sample_01514,mystery team 2090 - Jesse Futerman,1,0.7127684507000357,classical_20260919T110356Z,LogisticRegression,optimized,val,0.5676900245181252,1
seg_004543,sample_01514,mystery team 2090 - Jesse Futerman,1,0.7565542450749188,classical_20260919T110356Z,LogisticRegression,optimized,val,0.5676900245181252,1
seg_004544,sample_01514,mystery team 2090 - Jesse Futerman,1,0.8039588357019742,classical_20260919T110356Z,LogisticRegression,optimized,val,0.5676900245181252,1
seg_004575,sample_01525,SD (Ill Mix) - H-LR,1,0.3521323910922246,classical_20260919T110356Z,LogisticRegression,optimized,val,0.5676900245181252,0
seg_004576,sample_01525,SD (Ill Mix) - H-LR,1,0.3343123946570912,classical_20260919T110356Z,LogisticRegression,optimized,val,0.5676900245181252,0
seg_004577,sample_01525,SD (Ill Mix) - H-LR,1,0.8658240782272179,classical_20260919T110356Z,LogisticRegression,optimized,val,0.5676900245181252,1
seg_004590,sample_01530,Stockholm Syndrome / People Should Be More Aware - Bird Names,1,0.7469002966442663,classical_20260919T110356Z,LogisticRegression,optimized,val,0.5676900245181252,1
seg_004591,sample_01530,Stockholm Syndrome / People Should Be More Aware - Bird Names,1,0.5619136433853968,classical_20260919T110356Z,LogisticRegression,optimized,val,0.5676900245181252,0
seg_004592,sample_01530,Stockholm Syndrome / People Should Be More Aware - Bird Names,1,0.8401722189827172,classical_20260919T110356Z,LogisticRegression,optimized,val,0.5676900245181252,1
seg_004596,sample_01532,Time Is Love - Silence is full of birds,1,0.02610205353884144,classical_20260919T110356Z,LogisticRegression,optimized,val,0.5676900245181252,0
seg_004597,sample_01532,Time Is Love - Silence is full of birds,1,0.06685541454339505,classical_20260919T110356Z,LogisticRegression,optimized,val,0.5676900245181252,0
seg_004598,sample_01532,Time Is Love - Silence is full of birds,1,0.26381649090556103,classical_20260919T110356Z,LogisticRegression,optimized,val,0.5676900245181252,0
seg_004602,sample_01534,Roller Star - Monroeville Music Center,1,0.2582277170340349,classical_20260919T110356Z,LogisticRegression,optimized,val,0.5676900245181252,0
seg_004603,sample_01534,Roller Star - Monroeville Music Center,1,0.9967157596057217,classical_20260919T110356Z,LogisticRegression,optimized,val,0.5676900245181252,1
seg_004604,sample_01534,Roller Star - Monroeville Music Center,1,0.7374495275480183,classical_20260919T110356Z,LogisticRegression,optimized,val,0.5676900245181252,1
seg_004611,sample_01537,Soleares&beats - Malaventura,1,0.068036044675716,classical_20260919T110356Z,LogisticRegression,optimized,val,0.5676900245181252,0
seg_004612,sample_01537,Soleares&beats - Malaventura,1,0.7335718074264143,classical_20260919T110356Z,LogisticRegression,optimized,val,0.5676900245181252,1
seg_004613,sample_01537,Soleares&beats - Malaventura,1,0.13473066645106507,classical_20260919T110356Z,LogisticRegression,optimized,val,0.5676900245181252,0
seg_004629,sample_01543,Evil Cannot Create - Caleb Lemond,1,0.454345202947333,classical_20260919T110356Z,LogisticRegression,optimized,val,0.5676900245181252,0
seg_004630,sample_01543,Evil Cannot Create - Caleb Lemond,1,0.9289888576142551,classical_20260919T110356Z,LogisticRegression,optimized,val,0.5676900245181252,1
seg_004631,sample_01543,Evil Cannot Create - Caleb Lemond,1,0.9634287568275574,classical_20260919T110356Z,LogisticRegression,optimized,val,0.5676900245181252,1
seg_004647,sample_01549,"Roundtrip - Oh Yeah, the Future",1,0.8184721182465055,classical_20260919T110356Z,LogisticRegression,optimized,val,0.5676900245181252,1
seg_004648,sample_01549,"Roundtrip - Oh Yeah, the Future",1,0.9334106243551747,classical_20260919T110356Z,LogisticRegression,optimized,val,0.5676900245181252,1
seg_004649,sample_01549,"Roundtrip - Oh Yeah, the Future",1,0.9800863762366655,classical_20260919T110356Z,LogisticRegression,optimized,val,0.5676900245181252,1
seg_004692,sample_01564,Norweigian Wood II - Bird Names,1,0.33572214176079623,classical_20260919T110356Z,LogisticRegression,optimized,val,0.5676900245181252,0
seg_004693,sample_01564,Norweigian Wood II - Bird Names,1,0.6970634811942648,classical_20260919T110356Z,LogisticRegression,optimized,val,0.5676900245181252,1
seg_004694,sample_01564,Norweigian Wood II - Bird Names,1,0.6747086697308506,classical_20260919T110356Z,LogisticRegression,optimized,val,0.5676900245181252,1
seg_004695,sample_01565,New Life (take 1) - Bird Names,1,0.919237531325947,classical_20260919T110356Z,LogisticRegression,optimized,val,0.5676900245181252,1
seg_004696,sample_01565,New Life (take 1) - Bird Names,1,0.8743792078129917,classical_20260919T110356Z,LogisticRegression,optimized,val,0.5676900245181252,1
seg_004697,sample_01565,New Life (take 1) - Bird Names,1,0.9310184485671869,classical_20260919T110356Z,LogisticRegression,optimized,val,0.5676900245181252,1
seg_004698,sample_01566,New Life (take 1) - Bird Names,1,0.40822356169889834,classical_20260919T110356Z,LogisticRegression,optimized,val,0.5676900245181252,0
seg_004699,sample_01566,New Life (take 1) - Bird Names,1,0.32473453209551933,classical_20260919T110356Z,LogisticRegression,optimized,val,0.5676900245181252,0
seg_004700,sample_01566,New Life (take 1) - Bird Names,1,0.4734922215842785,classical_20260919T110356Z,LogisticRegression,optimized,val,0.5676900245181252,0
seg_004779,sample_01593,Gila Monster Flop/Music History Lesson:The Sonics - The Crypts!,1,0.7246191718592697,classical_20260919T110356Z,LogisticRegression,optimized,val,0.5676900245181252,1
seg_004780,sample_01593,Gila Monster Flop/Music History Lesson:The Sonics - The Crypts!,1,0.7135933082247689,classical_20260919T110356Z,LogisticRegression,optimized,val,0.5676900245181252,1
seg_004781,sample_01593,Gila Monster Flop/Music History Lesson:The Sonics - The Crypts!,1,0.6990142701960016,classical_20260919T110356Z,LogisticRegression,optimized,val,0.5676900245181252,1
seg_004821,sample_01607,March of the GPA Mechanics - [t]ghost,1,0.47889852681612716,classical_20260919T110356Z,LogisticRegression,optimized,val,0.5676900245181252,0
seg_004822,sample_01607,March of the GPA Mechanics - [t]ghost,1,0.202535812895561,classical_20260919T110356Z,LogisticRegression,optimized,val,0.5676900245181252,0
seg_004823,sample_01607,March of the GPA Mechanics - [t]ghost,1,0.6273728703973256,classical_20260919T110356Z,LogisticRegression,optimized,val,0.5676900245181252,1
seg_004824,sample_01608,Windows of the Skull - Sarin,1,0.5853522073045829,classical_20260919T110356Z,LogisticRegression,optimized,val,0.5676900245181252,1
seg_004825,sample_01608,Windows of the Skull - Sarin,1,0.5153211489487802,classical_20260919T110356Z,LogisticRegression,optimized,val,0.5676900245181252,0
seg_004826,sample_01608,Windows of the Skull - Sarin,1,0.4169183760426981,classical_20260919T110356Z,LogisticRegression,optimized,val,0.5676900245181252,0
seg_004830,sample_01610,Empty Pockets - Pete Prodoehl,1,0.37140450288890214,classical_20260919T110356Z,LogisticRegression,optimized,val,0.5676900245181252,0
seg_004831,sample_01610,Empty Pockets - Pete Prodoehl,1,0.6805962530283547,classical_20260919T110356Z,LogisticRegression,optimized,val,0.5676900245181252,1
seg_004832,sample_01610,Empty Pockets - Pete Prodoehl,1,0.5808242210546982,classical_20260919T110356Z,LogisticRegression,optimized,val,0.5676900245181252,1
seg_004836,sample_01612,Scramby Eggs - Andy G. Cohen,1,0.23874314910910507,classical_20260919T110356Z,LogisticRegression,optimized,val,0.5676900245181252,0
seg_004837,sample_01612,Scramby Eggs - Andy G. Cohen,1,0.4243934006481139,classical_20260919T110356Z,LogisticRegression,optimized,val,0.5676900245181252,0
seg_004838,sample_01612,Scramby Eggs - Andy G. Cohen,1,0.21071286437301937,classical_20260919T110356Z,LogisticRegression,optimized,val,0.5676900245181252,0
seg_004839,sample_01613,Voxel - Andy G. Cohen,1,0.20188981027853364,classical_20260919T110356Z,LogisticRegression,optimized,val,0.5676900245181252,0
seg_004840,sample_01613,Voxel - Andy G. Cohen,1,0.14940047764062153,classical_20260919T110356Z,LogisticRegression,optimized,val,0.5676900245181252,0
seg_004841,sample_01613,Voxel - Andy G. Cohen,1,0.35750697106626544,classical_20260919T110356Z,LogisticRegression,optimized,val,0.5676900245181252,0
seg_004845,sample_01615,The girl just faded - Los Llamarada,1,0.6897611341893223,classical_20260919T110356Z,LogisticRegression,optimized,val,0.5676900245181252,1
seg_004846,sample_01615,The girl just faded - Los Llamarada,1,0.864044887026417,classical_20260919T110356Z,LogisticRegression,optimized,val,0.5676900245181252,1
seg_004847,sample_01615,The girl just faded - Los Llamarada,1,0.8665589487309305,classical_20260919T110356Z,LogisticRegression,optimized,val,0.5676900245181252,1
seg_004860,sample_01620,2 (Wasn't There) - Isle of Pine,1,0.6610825077243964,classical_20260919T110356Z,LogisticRegression,optimized,val,0.5676900245181252,1
seg_004861,sample_01620,2 (Wasn't There) - Isle of Pine,1,0.5676900245181252,classical_20260919T110356Z,LogisticRegression,optimized,val,0.5676900245181252,1
seg_004862,sample_01620,2 (Wasn't There) - Isle of Pine,1,0.6802057929959882,classical_20260919T110356Z,LogisticRegression,optimized,val,0.5676900245181252,1
seg_004866,sample_01622,I Fell - Mod Fun,1,0.6425649885497818,classical_20260919T110356Z,LogisticRegression,optimized,val,0.5676900245181252,1
seg_004867,sample_01622,I Fell - Mod Fun,1,0.2352111710503168,classical_20260919T110356Z,LogisticRegression,optimized,val,0.5676900245181252,0
seg_004868,sample_01622,I Fell - Mod Fun,1,0.557846755431899,classical_20260919T110356Z,LogisticRegression,optimized,val,0.5676900245181252,0
seg_004872,sample_01624,Новый Нью-Йорк 2 - Чокнутый Пропеллер,1,0.6216909030986393,classical_20260919T110356Z,LogisticRegression,optimized,val,0.5676900245181252,1
seg_004873,sample_01624,Новый Нью-Йорк 2 - Чокнутый Пропеллер,1,0.18435853878137892,classical_20260919T110356Z,LogisticRegression,optimized,val,0.5676900245181252,0
seg_004874,sample_01624,Новый Нью-Йорк 2 - Чокнутый Пропеллер,1,0.23116739525106036,classical_20260919T110356Z,LogisticRegression,optimized,val,0.5676900245181252,0
seg_004908,sample_01636,CopperNickle - UncleBibby,1,0.9472943244254843,classical_20260919T110356Z,LogisticRegression,optimized,val,0.5676900245181252,1
seg_004909,sample_01636,CopperNickle - UncleBibby,1,0.9988630185444916,classical_20260919T110356Z,LogisticRegression,optimized,val,0.5676900245181252,1
seg_004910,sample_01636,CopperNickle - UncleBibby,1,0.5438543108841835,classical_20260919T110356Z,LogisticRegression,optimized,val,0.5676900245181252,0
seg_004914,sample_01638,Daylight Savings - My brother Daniel,1,0.9919654471603303,classical_20260919T110356Z,LogisticRegression,optimized,val,0.5676900245181252,1
seg_004915,sample_01638,Daylight Savings - My brother Daniel,1,0.6523890424720615,classical_20260919T110356Z,LogisticRegression,optimized,val,0.5676900245181252,1
seg_004916,sample_01638,Daylight Savings - My brother Daniel,1,0.8829951165778344,classical_20260919T110356Z,LogisticRegression,optimized,val,0.5676900245181252,1
seg_004947,sample_01649,mystery team 2090 - Jesse Futerman,1,0.6975065282257362,classical_20260919T110356Z,LogisticRegression,optimized,val,0.5676900245181252,1
seg_004948,sample_01649,mystery team 2090 - Jesse Futerman,1,0.9886299331318734,classical_20260919T110356Z,LogisticRegression,optimized,val,0.5676900245181252,1
seg_004949,sample_01649,mystery team 2090 - Jesse Futerman,1,0.9743772333344627,classical_20260919T110356Z,LogisticRegression,optimized,val,0.5676900245181252,1
seg_004950,sample_01650,Night Drive - Decktonic,1,0.5004247277798624,classical_20260919T110356Z,LogisticRegression,optimized,val,0.5676900245181252,0
seg_004951,sample_01650,Night Drive - Decktonic,1,0.6508056499152259,classical_20260919T110356Z,LogisticRegression,optimized,val,0.5676900245181252,1
seg_004952,sample_01650,Night Drive - Decktonic,1,0.9347274684139032,classical_20260919T110356Z,LogisticRegression,optimized,val,0.5676900245181252,1
seg_004959,sample_01653,Nuo Maisemat - Paavoharju,1,0.9957066346728651,classical_20260919T110356Z,LogisticRegression,optimized,val,0.5676900245181252,1
seg_004960,sample_01653,Nuo Maisemat - Paavoharju,1,0.9667441863005457,classical_20260919T110356Z,LogisticRegression,optimized,val,0.5676900245181252,1
seg_004961,sample_01653,Nuo Maisemat - Paavoharju,1,0.9952963829473801,classical_20260919T110356Z,LogisticRegression,optimized,val,0.5676900245181252,1
seg_005001,sample_01667,SD (Ill Mix) - H-LR,1,0.8375855700673808,classical_20260919T110356Z,LogisticRegression,optimized,val,0.5676900245181252,1
seg_005002,sample_01667,SD (Ill Mix) - H-LR,1,0.9357871154600409,classical_20260919T110356Z,LogisticRegression,optimized,val,0.5676900245181252,1
seg_005003,sample_01667,SD (Ill Mix) - H-LR,1,0.9860666403822473,classical_20260919T110356Z,LogisticRegression,optimized,val,0.5676900245181252,1
seg_005055,sample_01685,Evil Cannot Create - Caleb Lemond,1,0.9483295554254657,classical_20260919T110356Z,LogisticRegression,optimized,val,0.5676900245181252,1
seg_005056,sample_01685,Evil Cannot Create - Caleb Lemond,1,0.4620904895629825,classical_20260919T110356Z,LogisticRegression,optimized,val,0.5676900245181252,0
seg_005057,sample_01685,Evil Cannot Create - Caleb Lemond,1,0.5544991660223415,classical_20260919T110356Z,LogisticRegression,optimized,val,0.5676900245181252,0
seg_005111,sample_01704,New Life (take 1) - Bird Names,1,0.5740058374376683,classical_20260919T110356Z,LogisticRegression,optimized,val,0.5676900245181252,1
seg_005112,sample_01704,New Life (take 1) - Bird Names,1,0.8430952988247508,classical_20260919T110356Z,LogisticRegression,optimized,val,0.5676900245181252,1
seg_005113,sample_01704,New Life (take 1) - Bird Names,1,0.8839966200837938,classical_20260919T110356Z,LogisticRegression,optimized,val,0.5676900245181252,1
seg_005114,sample_01705,Norweigian Wood II - Bird Names,1,0.8355193172556474,classical_20260919T110356Z,LogisticRegression,optimized,val,0.5676900245181252,1
seg_005115,sample_01705,Norweigian Wood II - Bird Names,1,0.776636120658123,classical_20260919T110356Z,LogisticRegression,optimized,val,0.5676900245181252,1
seg_005116,sample_01705,Norweigian Wood II - Bird Names,1,0.9691620191593882,classical_20260919T110356Z,LogisticRegression,optimized,val,0.5676900245181252,1
seg_005126,sample_01709,Roller Star - Monroeville Music Center,1,0.9605331234806321,classical_20260919T110356Z,LogisticRegression,optimized,val,0.5676900245181252,1
seg_005127,sample_01709,Roller Star - Monroeville Music Center,1,0.8139067085960868,classical_20260919T110356Z,LogisticRegression,optimized,val,0.5676900245181252,1
seg_005128,sample_01709,Roller Star - Monroeville Music Center,1,0.91242152898887,classical_20260919T110356Z,LogisticRegression,optimized,val,0.5676900245181252,1
seg_005129,sample_01710,"Roundtrip - Oh Yeah, the Future",1,0.9449350684831773,classical_20260919T110356Z,LogisticRegression,optimized,val,0.5676900245181252,1
seg_005130,sample_01710,"Roundtrip - Oh Yeah, the Future",1,0.7748859979479404,classical_20260919T110356Z,LogisticRegression,optimized,val,0.5676900245181252,1
seg_005131,sample_01710,"Roundtrip - Oh Yeah, the Future",1,0.6832820209680759,classical_20260919T110356Z,LogisticRegression,optimized,val,0.5676900245181252,1
seg_005138,sample_01713,Soleares&beats - Malaventura,1,0.8436804994801967,classical_20260919T110356Z,LogisticRegression,optimized,val,0.5676900245181252,1
seg_005139,sample_01713,Soleares&beats - Malaventura,1,0.7194335704686213,classical_20260919T110356Z,LogisticRegression,optimized,val,0.5676900245181252,1
seg_005140,sample_01713,Soleares&beats - Malaventura,1,0.9489622606558145,classical_20260919T110356Z,LogisticRegression,optimized,val,0.5676900245181252,1
seg_005147,sample_01716,Stockholm Syndrome / People Should Be More Aware - Bird Names,1,0.964630752501427,classical_20260919T110356Z,LogisticRegression,optimized,val,0.5676900245181252,1
seg_005148,sample_01716,Stockholm Syndrome / People Should Be More Aware - Bird Names,1,0.9929914924949987,classical_20260919T110356Z,LogisticRegression,optimized,val,0.5676900245181252,1
seg_005149,sample_01716,Stockholm Syndrome / People Should Be More Aware - Bird Names,1,0.9913895823392003,classical_20260919T110356Z,LogisticRegression,optimized,val,0.5676900245181252,1
seg_005168,sample_01723,Time Is Love - Silence is full of birds,1,0.8639973731764965,classical_20260919T110356Z,LogisticRegression,optimized,val,0.5676900245181252,1
seg_005169,sample_01723,Time Is Love - Silence is full of birds,1,0.9733046643712677,classical_20260919T110356Z,LogisticRegression,optimized,val,0.5676900245181252,1
seg_005170,sample_01723,Time Is Love - Silence is full of birds,1,0.9740826384836748,classical_20260919T110356Z,LogisticRegression,optimized,val,0.5676900245181252,1
seg_005188,sample_01730,2 (Wasn't There) - Isle of Pine,1,0.9672758479842012,classical_20260919T110356Z,LogisticRegression,optimized,val,0.5676900245181252,1
seg_005189,sample_01730,2 (Wasn't There) - Isle of Pine,1,0.7269062297422764,classical_20260919T110356Z,LogisticRegression,optimized,val,0.5676900245181252,1
seg_005190,sample_01730,2 (Wasn't There) - Isle of Pine,1,0.9965544409512817,classical_20260919T110356Z,LogisticRegression,optimized,val,0.5676900245181252,1
seg_005203,sample_01735,Empty Pockets - Pete Prodoehl,1,0.8490258836707721,classical_20260919T110356Z,LogisticRegression,optimized,val,0.5676900245181252,1
seg_005204,sample_01735,Empty Pockets - Pete Prodoehl,1,0.9902197028688342,classical_20260919T110356Z,LogisticRegression,optimized,val,0.5676900245181252,1
seg_005205,sample_01735,Empty Pockets - Pete Prodoehl,1,0.46611338536822755,classical_20260919T110356Z,LogisticRegression,optimized,val,0.5676900245181252,0
seg_005212,sample_01738,Gila Monster Flop/Music History Lesson:The Sonics - The Crypts!,1,0.8353322856968088,classical_20260919T110356Z,LogisticRegression,optimized,val,0.5676900245181252,1
seg_005213,sample_01738,Gila Monster Flop/Music History Lesson:The Sonics - The Crypts!,1,0.8432039928483119,classical_20260919T110356Z,LogisticRegression,optimized,val,0.5676900245181252,1
seg_005214,sample_01738,Gila Monster Flop/Music History Lesson:The Sonics - The Crypts!,1,0.9501275688346417,classical_20260919T110356Z,LogisticRegression,optimized,val,0.5676900245181252,1
seg_005221,sample_01741,I Fell - Mod Fun,1,0.92027748317454,classical_20260919T110356Z,LogisticRegression,optimized,val,0.5676900245181252,1
seg_005222,sample_01741,I Fell - Mod Fun,1,0.9169514954759789,classical_20260919T110356Z,LogisticRegression,optimized,val,0.5676900245181252,1
seg_005223,sample_01741,I Fell - Mod Fun,1,0.9259941550370708,classical_20260919T110356Z,LogisticRegression,optimized,val,0.5676900245181252,1
seg_005245,sample_01749,March of the GPA Mechanics - [t]ghost,1,0.8630804867549734,classical_20260919T110356Z,LogisticRegression,optimized,val,0.5676900245181252,1
seg_005246,sample_01749,March of the GPA Mechanics - [t]ghost,1,0.9107215777598048,classical_20260919T110356Z,LogisticRegression,optimized,val,0.5676900245181252,1
seg_005247,sample_01749,March of the GPA Mechanics - [t]ghost,1,0.9505547500145614,classical_20260919T110356Z,LogisticRegression,optimized,val,0.5676900245181252,1
seg_005274,sample_01759,Scramby Eggs - Andy G. Cohen,1,0.6909781589874724,classical_20260919T110356Z,LogisticRegression,optimized,val,0.5676900245181252,1
seg_005275,sample_01759,Scramby Eggs - Andy G. Cohen,1,0.523125391692169,classical_20260919T110356Z,LogisticRegression,optimized,val,0.5676900245181252,0
seg_005276,sample_01759,Scramby Eggs - Andy G. Cohen,1,0.9611925312291904,classical_20260919T110356Z,LogisticRegression,optimized,val,0.5676900245181252,1
seg_005301,sample_01768,The girl just faded - Los Llamarada,1,0.9892294257905844,classical_20260919T110356Z,LogisticRegression,optimized,val,0.5676900245181252,1
seg_005302,sample_01768,The girl just faded - Los Llamarada,1,0.924236442678165,classical_20260919T110356Z,LogisticRegression,optimized,val,0.5676900245181252,1
seg_005303,sample_01768,The girl just faded - Los Llamarada,1,0.9147811800338898,classical_20260919T110356Z,LogisticRegression,optimized,val,0.5676900245181252,1
seg_005310,sample_01771,Voxel - Andy G. Cohen,1,0.7816078014988053,classical_20260919T110356Z,LogisticRegression,optimized,val,0.5676900245181252,1
seg_005311,sample_01771,Voxel - Andy G. Cohen,1,0.9041827861158902,classical_20260919T110356Z,LogisticRegression,optimized,val,0.5676900245181252,1
seg_005312,sample_01771,Voxel - Andy G. Cohen,1,0.9165918826339572,classical_20260919T110356Z,LogisticRegression,optimized,val,0.5676900245181252,1
seg_005322,sample_01775,Windows of the Skull - Sarin,1,0.9851644158173196,classical_20260919T110356Z,LogisticRegression,optimized,val,0.5676900245181252,1
seg_005323,sample_01775,Windows of the Skull - Sarin,1,0.9415741625194509,classical_20260919T110356Z,LogisticRegression,optimized,val,0.5676900245181252,1
seg_005324,sample_01775,Windows of the Skull - Sarin,1,0.9233425670890137,classical_20260919T110356Z,LogisticRegression,optimized,val,0.5676900245181252,1
seg_005331,sample_01778,Новый Нью-Йорк 2 - Чокнутый Пропеллер,1,0.7157299808571373,classical_20260919T110356Z,LogisticRegression,optimized,val,0.5676900245181252,1
seg_005332,sample_01778,Новый Нью-Йорк 2 - Чокнутый Пропеллер,1,0.78855063294223,classical_20260919T110356Z,LogisticRegression,optimized,val,0.5676900245181252,1
seg_005333,sample_01778,Новый Нью-Йорк 2 - Чокнутый Пропеллер,1,0.48280032107050685,classical_20260919T110356Z,LogisticRegression,optimized,val,0.5676900245181252,0
seg_005372,sample_01798,CopperNickle - UncleBibby,1,0.9393416369233535,classical_20260919T110356Z,LogisticRegression,optimized,val,0.5676900245181252,1
seg_005373,sample_01798,CopperNickle - UncleBibby,1,0.9776250234034423,classical_20260919T110356Z,LogisticRegression,optimized,val,0.5676900245181252,1
seg_005378,sample_01801,Daylight Savings - My brother Daniel,1,0.9979855001175585,classical_20260919T110356Z,LogisticRegression,optimized,val,0.5676900245181252,1
seg_005379,sample_01801,Daylight Savings - My brother Daniel,1,0.9951333293598644,classical_20260919T110356Z,LogisticRegression,optimized,val,0.5676900245181252,1
seg_005396,sample_01810,Fifth Ramble - From the album Keith [RSVP007] - My brother Daniel,1,0.8985192691611915,classical_20260919T110356Z,LogisticRegression,optimized,val,0.5676900245181252,1
seg_005397,sample_01810,Fifth Ramble - From the album Keith [RSVP007] - My brother Daniel,1,0.9548109900645957,classical_20260919T110356Z,LogisticRegression,optimized,val,0.5676900245181252,1
seg_005412,sample_01818,If You're Ther - Nicola Ratti,1,0.8065963530389502,classical_20260919T110356Z,LogisticRegression,optimized,val,0.5676900245181252,1
seg_005413,sample_01818,If You're Ther - Nicola Ratti,1,0.7825376512359753,classical_20260919T110356Z,LogisticRegression,optimized,val,0.5676900245181252,1
seg_005428,sample_01826,Kumorizoranohajimarutokoro - Hosomi,1,0.9396128978741058,classical_20260919T110356Z,LogisticRegression,optimized,val,0.5676900245181252,1
seg_005429,sample_01826,Kumorizoranohajimarutokoro - Hosomi,1,0.9874814598248057,classical_20260919T110356Z,LogisticRegression,optimized,val,0.5676900245181252,1
seg_005446,sample_01835,Loved Ones - Rowan Box,1,0.999071996134223,classical_20260919T110356Z,LogisticRegression,optimized,val,0.5676900245181252,1
seg_005447,sample_01835,Loved Ones - Rowan Box,1,0.9912279971882699,classical_20260919T110356Z,LogisticRegression,optimized,val,0.5676900245181252,1
seg_005448,sample_01836,Morning Bell - Nihilore,1,0.8312789337435585,classical_20260919T110356Z,LogisticRegression,optimized,val,0.5676900245181252,1
seg_005449,sample_01836,Morning Bell - Nihilore,1,0.7729177066211798,classical_20260919T110356Z,LogisticRegression,optimized,val,0.5676900245181252,1
seg_005450,sample_01837,mystery team 2090 - Jesse Futerman,1,0.9740146104047149,classical_20260919T110356Z,LogisticRegression,optimized,val,0.5676900245181252,1
seg_005451,sample_01837,mystery team 2090 - Jesse Futerman,1,0.7241573810593022,classical_20260919T110356Z,LogisticRegression,optimized,val,0.5676900245181252,1
seg_005452,sample_01838,Night Drive - Decktonic,1,0.8722123975838061,classical_20260919T110356Z,LogisticRegression,optimized,val,0.5676900245181252,1
seg_005453,sample_01838,Night Drive - Decktonic,1,0.9194364352381685,classical_20260919T110356Z,LogisticRegression,optimized,val,0.5676900245181252,1
seg_005460,sample_01842,Nuo Maisemat - Paavoharju,1,0.6316253661418004,classical_20260919T110356Z,LogisticRegression,optimized,val,0.5676900245181252,1
seg_005461,sample_01842,Nuo Maisemat - Paavoharju,1,0.8514440484615265,classical_20260919T110356Z,LogisticRegression,optimized,val,0.5676900245181252,1
seg_005494,sample_01859,SD (Ill Mix) - H-LR,1,0.9986813268822005,classical_20260919T110356Z,LogisticRegression,optimized,val,0.5676900245181252,1
seg_005495,sample_01859,SD (Ill Mix) - H-LR,1,0.8767114150060227,classical_20260919T110356Z,LogisticRegression,optimized,val,0.5676900245181252,1
seg_005503,sample_01864,some dextromethorphan - Jeva,1,0.8529043977575294,classical_20260919T110356Z,LogisticRegression,optimized,val,0.5676900245181252,1
seg_005504,sample_01864,some dextromethorphan - Jeva,1,0.9251957327595542,classical_20260919T110356Z,LogisticRegression,optimized,val,0.5676900245181252,1
seg_005509,sample_01867,Sturgeon's Law - Nihilore,1,0.910808983972601,classical_20260919T110356Z,LogisticRegression,optimized,val,0.5676900245181252,1
seg_005510,sample_01867,Sturgeon's Law - Nihilore,1,0.8817831321232807,classical_20260919T110356Z,LogisticRegression,optimized,val,0.5676900245181252,1
seg_005533,sample_01879,The Stairway - WarpToken,1,0.9633290326175891,classical_20260919T110356Z,LogisticRegression,optimized,val,0.5676900245181252,1
seg_005534,sample_01879,The Stairway - WarpToken,1,0.999357177343823,classical_20260919T110356Z,LogisticRegression,optimized,val,0.5676900245181252,1
seg_005535,sample_01880,Three Bird - My brother Daniel,1,0.8782511530998581,classical_20260919T110356Z,LogisticRegression,optimized,val,0.5676900245181252,1
seg_005536,sample_01880,Three Bird - My brother Daniel,1,0.9143424649894892,classical_20260919T110356Z,LogisticRegression,optimized,val,0.5676900245181252,1
seg_005537,sample_01881,Timen Passing By - Jason Shaw,1,0.9535723924292868,classical_20260919T110356Z,LogisticRegression,optimized,val,0.5676900245181252,1
seg_005538,sample_01881,Timen Passing By - Jason Shaw,1,0.9733760348292679,classical_20260919T110356Z,LogisticRegression,optimized,val,0.5676900245181252,1
seg_005549,sample_01887,Understand That This Is A Dream - From the album Modulating Coil [RSVP008] - Forrest James,1,0.9903503576092104,classical_20260919T110356Z,LogisticRegression,optimized,val,0.5676900245181252,1
seg_005550,sample_01887,Understand That This Is A Dream - From the album Modulating Coil [RSVP008] - Forrest James,1,0.9754233285969724,classical_20260919T110356Z,LogisticRegression,optimized,val,0.5676900245181252,1
seg_005555,sample_01890,Westside Chillers - Little Glass Men,1,0.5195170389201239,classical_20260919T110356Z,LogisticRegression,optimized,val,0.5676900245181252,0
seg_005556,sample_01890,Westside Chillers - Little Glass Men,1,0.8576654727898738,classical_20260919T110356Z,LogisticRegression,optimized,val,0.5676900245181252,1
seg_005565,sample_01895,Agora - Malaventura,1,0.983027267139332,classical_20260919T110356Z,LogisticRegression,optimized,val,0.5676900245181252,1
seg_005566,sample_01895,Agora - Malaventura,1,0.9888719187180669,classical_20260919T110356Z,LogisticRegression,optimized,val,0.5676900245181252,1
seg_005583,sample_01904,Evil Cannot Create - Caleb Lemond,1,0.9951480669851839,classical_20260919T110356Z,LogisticRegression,optimized,val,0.5676900245181252,1
seg_005584,sample_01904,Evil Cannot Create - Caleb Lemond,1,0.984168809101308,classical_20260919T110356Z,LogisticRegression,optimized,val,0.5676900245181252,1
seg_005621,sample_01923,My Body Is A Weapon (Compromise Edit) - Silence is full of birds,1,0.9991236802647702,classical_20260919T110356Z,LogisticRegression,optimized,val,0.5676900245181252,1
seg_005622,sample_01923,My Body Is A Weapon (Compromise Edit) - Silence is full of birds,1,0.9988970879147238,classical_20260919T110356Z,LogisticRegression,optimized,val,0.5676900245181252,1
seg_005627,sample_01926,New Life (take 1) - Bird Names,1,0.9971209411329041,classical_20260919T110356Z,LogisticRegression,optimized,val,0.5676900245181252,1
seg_005628,sample_01926,New Life (take 1) - Bird Names,1,0.8703660472066086,classical_20260919T110356Z,LogisticRegression,optimized,val,0.5676900245181252,1
seg_005629,sample_01927,Norweigian Wood II - Bird Names,1,0.9788984147684087,classical_20260919T110356Z,LogisticRegression,optimized,val,0.5676900245181252,1
seg_005630,sample_01927,Norweigian Wood II - Bird Names,1,0.963091587939015,classical_20260919T110356Z,LogisticRegression,optimized,val,0.5676900245181252,1
seg_005645,sample_01935,Roller Star - Monroeville Music Center,1,0.9933512848519602,classical_20260919T110356Z,LogisticRegression,optimized,val,0.5676900245181252,1
seg_005646,sample_01935,Roller Star - Monroeville Music Center,1,0.9994917327111402,classical_20260919T110356Z,LogisticRegression,optimized,val,0.5676900245181252,1
seg_005647,sample_01936,"Roundtrip - Oh Yeah, the Future",1,0.9973732357610988,classical_20260919T110356Z,LogisticRegression,optimized,val,0.5676900245181252,1
seg_005648,sample_01936,"Roundtrip - Oh Yeah, the Future",1,0.9944347073573203,classical_20260919T110356Z,LogisticRegression,optimized,val,0.5676900245181252,1
seg_005657,sample_01941,Soleares&beats - Malaventura,1,0.9892215701773398,classical_20260919T110356Z,LogisticRegression,optimized,val,0.5676900245181252,1
seg_005658,sample_01941,Soleares&beats - Malaventura,1,0.986362627457807,classical_20260919T110356Z,LogisticRegression,optimized,val,0.5676900245181252,1
seg_005665,sample_01945,Stockholm Syndrome / People Should Be More Aware - Bird Names,1,0.9544377723471023,classical_20260919T110356Z,LogisticRegression,optimized,val,0.5676900245181252,1
seg_005666,sample_01945,Stockholm Syndrome / People Should Be More Aware - Bird Names,1,0.8561689756645215,classical_20260919T110356Z,LogisticRegression,optimized,val,0.5676900245181252,1
seg_005685,sample_01955,Time Is Love - Silence is full of birds,1,0.9802033565082036,classical_20260919T110356Z,LogisticRegression,optimized,val,0.5676900245181252,1
seg_005686,sample_01955,Time Is Love - Silence is full of birds,1,0.9989677773029882,classical_20260919T110356Z,LogisticRegression,optimized,val,0.5676900245181252,1
seg_005703,sample_01964,2 (Wasn't There) - Isle of Pine,1,0.9393205393186365,classical_20260919T110356Z,LogisticRegression,optimized,val,0.5676900245181252,1
seg_005704,sample_01964,2 (Wasn't There) - Isle of Pine,1,0.9500654998004603,classical_20260919T110356Z,LogisticRegression,optimized,val,0.5676900245181252,1
seg_005723,sample_01974,Beyond Luxury - Mors Ontologica,1,0.9125433122746851,classical_20260919T110356Z,LogisticRegression,optimized,val,0.5676900245181252,1
seg_005724,sample_01974,Beyond Luxury - Mors Ontologica,1,0.9111770293320104,classical_20260919T110356Z,LogisticRegression,optimized,val,0.5676900245181252,1
seg_005747,sample_01986,Empty Pockets - Pete Prodoehl,1,0.6906828445064449,classical_20260919T110356Z,LogisticRegression,optimized,val,0.5676900245181252,1
seg_005748,sample_01986,Empty Pockets - Pete Prodoehl,1,0.7974759818605768,classical_20260919T110356Z,LogisticRegression,optimized,val,0.5676900245181252,1
seg_005753,sample_01989,Fear - Los Fancy Free,1,0.9911945460813417,classical_20260919T110356Z,LogisticRegression,optimized,val,0.5676900245181252,1
seg_005754,sample_01989,Fear - Los Fancy Free,1,0.9965761811790526,classical_20260919T110356Z,LogisticRegression,optimized,val,0.5676900245181252,1
seg_005763,sample_01994,Gila Monster Flop/Music History Lesson:The Sonics - The Crypts!,1,0.7858523539183897,classical_20260919T110356Z,LogisticRegression,optimized,val,0.5676900245181252,1
seg_005788,sample_02007,I Fell - Mod Fun,1,0.9139627918675638,classical_20260919T110356Z,LogisticRegression,optimized,val,0.5676900245181252,1
seg_005789,sample_02007,I Fell - Mod Fun,1,0.9441702486732791,classical_20260919T110356Z,LogisticRegression,optimized,val,0.5676900245181252,1
seg_005808,sample_02017,Lights Up - Pipe Choir,1,0.9486227675789892,classical_20260919T110356Z,LogisticRegression,optimized,val,0.5676900245181252,1
seg_005809,sample_02017,Lights Up - Pipe Choir,1,0.9231696992865837,classical_20260919T110356Z,LogisticRegression,optimized,val,0.5676900245181252,1
seg_005816,sample_02021,March of the GPA Mechanics - [t]ghost,1,0.9866786912890405,classical_20260919T110356Z,LogisticRegression,optimized,val,0.5676900245181252,1
seg_005817,sample_02021,March of the GPA Mechanics - [t]ghost,1,0.9972240415586472,classical_20260919T110356Z,LogisticRegression,optimized,val,0.5676900245181252,1
seg_005842,sample_02034,Redlight - Room For A Ghost,1,0.9578150475668739,classical_20260919T110356Z,LogisticRegression,optimized,val,0.5676900245181252,1
seg_005843,sample_02034,Redlight - Room For A Ghost,1,0.9796544434914485,classical_20260919T110356Z,LogisticRegression,optimized,val,0.5676900245181252,1
seg_005852,sample_02039,Scramby Eggs - Andy G. Cohen,1,0.9944832645826492,classical_20260919T110356Z,LogisticRegression,optimized,val,0.5676900245181252,1
seg_005853,sample_02039,Scramby Eggs - Andy G. Cohen,1,0.9992237863444609,classical_20260919T110356Z,LogisticRegression,optimized,val,0.5676900245181252,1
seg_005860,sample_02043,Shipwrecked Crew - Pete Prodoehl,1,0.9562885895781141,classical_20260919T110356Z,LogisticRegression,optimized,val,0.5676900245181252,1
seg_005861,sample_02043,Shipwrecked Crew - Pete Prodoehl,1,0.9348975897282594,classical_20260919T110356Z,LogisticRegression,optimized,val,0.5676900245181252,1
seg_005880,sample_02053,The girl just faded - Los Llamarada,1,0.9386007345873514,classical_20260919T110356Z,LogisticRegression,optimized,val,0.5676900245181252,1
seg_005881,sample_02053,The girl just faded - Los Llamarada,1,0.9700105029872411,classical_20260919T110356Z,LogisticRegression,optimized,val,0.5676900245181252,1
seg_005892,sample_02059,Voxel - Andy G. Cohen,1,0.9866258562884109,classical_20260919T110356Z,LogisticRegression,optimized,val,0.5676900245181252,1
seg_005893,sample_02059,Voxel - Andy G. Cohen,1,0.9996588131525598,classical_20260919T110356Z,LogisticRegression,optimized,val,0.5676900245181252,1
seg_005908,sample_02067,Windows of the Skull - Sarin,1,0.9963205886852124,classical_20260919T110356Z,LogisticRegression,optimized,val,0.5676900245181252,1
seg_005909,sample_02067,Windows of the Skull - Sarin,1,0.9638450059618833,classical_20260919T110356Z,LogisticRegression,optimized,val,0.5676900245181252,1
seg_005964,sample_02087,CopperNickle - UncleBibby,1,0.9451166444634735,classical_20260919T110356Z,LogisticRegression,optimized,val,0.5676900245181252,1
seg_005965,sample_02087,CopperNickle - UncleBibby,1,0.6795363054065842,classical_20260919T110356Z,LogisticRegression,optimized,val,0.5676900245181252,1
seg_005966,sample_02087,CopperNickle - UncleBibby,1,0.9472699975849124,classical_20260919T110356Z,LogisticRegression,optimized,val,0.5676900245181252,1
seg_005967,sample_02088,CopperNickle - UncleBibby,1,0.39916697718029565,classical_20260919T110356Z,LogisticRegression,optimized,val,0.5676900245181252,0
seg_005968,sample_02088,CopperNickle - UncleBibby,1,0.5919482437903277,classical_20260919T110356Z,LogisticRegression,optimized,val,0.5676900245181252,1
seg_005969,sample_02088,CopperNickle - UncleBibby,1,0.5227492408138287,classical_20260919T110356Z,LogisticRegression,optimized,val,0.5676900245181252,0
seg_005976,sample_02091,Daylight Savings - My brother Daniel,1,0.776486842729257,classical_20260919T110356Z,LogisticRegression,optimized,val,0.5676900245181252,1
seg_005977,sample_02091,Daylight Savings - My brother Daniel,1,0.7596533555411341,classical_20260919T110356Z,LogisticRegression,optimized,val,0.5676900245181252,1
seg_005978,sample_02091,Daylight Savings - My brother Daniel,1,0.9971349835001212,classical_20260919T110356Z,LogisticRegression,optimized,val,0.5676900245181252,1
seg_005979,sample_02092,Daylight Savings - My brother Daniel,1,0.6690584573698304,classical_20260919T110356Z,LogisticRegression,optimized,val,0.5676900245181252,1
seg_005980,sample_02092,Daylight Savings - My brother Daniel,1,0.7364876652312464,classical_20260919T110356Z,LogisticRegression,optimized,val,0.5676900245181252,1
seg_005981,sample_02092,Daylight Savings - My brother Daniel,1,0.9865514294165816,classical_20260919T110356Z,LogisticRegression,optimized,val,0.5676900245181252,1
seg_006042,sample_02113,mystery team 2090 - Jesse Futerman,1,0.7930671977346125,classical_20260919T110356Z,LogisticRegression,optimized,val,0.5676900245181252,1
seg_006043,sample_02113,mystery team 2090 - Jesse Futerman,1,0.6669112485571288,classical_20260919T110356Z,LogisticRegression,optimized,val,0.5676900245181252,1
seg_006044,sample_02113,mystery team 2090 - Jesse Futerman,1,0.9967968213891104,classical_20260919T110356Z,LogisticRegression,optimized,val,0.5676900245181252,1
seg_006045,sample_02114,mystery team 2090 - Jesse Futerman,1,0.8673089101726895,classical_20260919T110356Z,LogisticRegression,optimized,val,0.5676900245181252,1
seg_006046,sample_02114,mystery team 2090 - Jesse Futerman,1,0.5640815556583165,classical_20260919T110356Z,LogisticRegression,optimized,val,0.5676900245181252,0
seg_006047,sample_02114,mystery team 2090 - Jesse Futerman,1,0.9346173383706146,classical_20260919T110356Z,LogisticRegression,optimized,val,0.5676900245181252,1
seg_006048,sample_02115,Night Drive - Decktonic,1,0.8659362446000045,classical_20260919T110356Z,LogisticRegression,optimized,val,0.5676900245181252,1
seg_006049,sample_02115,Night Drive - Decktonic,1,0.6789961762664298,classical_20260919T110356Z,LogisticRegression,optimized,val,0.5676900245181252,1
seg_006050,sample_02115,Night Drive - Decktonic,1,0.961367045855687,classical_20260919T110356Z,LogisticRegression,optimized,val,0.5676900245181252,1
seg_006051,sample_02116,Night Drive - Decktonic,1,0.9238774205877547,classical_20260919T110356Z,LogisticRegression,optimized,val,0.5676900245181252,1
seg_006052,sample_02116,Night Drive - Decktonic,1,0.5103919110546888,classical_20260919T110356Z,LogisticRegression,optimized,val,0.5676900245181252,0
seg_006053,sample_02116,Night Drive - Decktonic,1,0.9837153631761603,classical_20260919T110356Z,LogisticRegression,optimized,val,0.5676900245181252,1
seg_006066,sample_02121,Nuo Maisemat - Paavoharju,1,0.8201465513658124,classical_20260919T110356Z,LogisticRegression,optimized,val,0.5676900245181252,1
seg_006067,sample_02121,Nuo Maisemat - Paavoharju,1,0.8854739982560199,classical_20260919T110356Z,LogisticRegression,optimized,val,0.5676900245181252,1
seg_006068,sample_02121,Nuo Maisemat - Paavoharju,1,0.9984438459667654,classical_20260919T110356Z,LogisticRegression,optimized,val,0.5676900245181252,1
seg_006069,sample_02122,Nuo Maisemat - Paavoharju,1,0.9948674518956269,classical_20260919T110356Z,LogisticRegression,optimized,val,0.5676900245181252,1
seg_006070,sample_02122,Nuo Maisemat - Paavoharju,1,0.8814085301094735,classical_20260919T110356Z,LogisticRegression,optimized,val,0.5676900245181252,1
seg_006071,sample_02122,Nuo Maisemat - Paavoharju,1,0.9961140412907712,classical_20260919T110356Z,LogisticRegression,optimized,val,0.5676900245181252,1
seg_006150,sample_02149,SD (Ill Mix) - H-LR,1,0.8577176781672601,classical_20260919T110356Z,LogisticRegression,optimized,val,0.5676900245181252,1
seg_006151,sample_02149,SD (Ill Mix) - H-LR,1,0.7700577227459628,classical_20260919T110356Z,LogisticRegression,optimized,val,0.5676900245181252,1
seg_006152,sample_02149,SD (Ill Mix) - H-LR,1,0.8625622704653605,classical_20260919T110356Z,LogisticRegression,optimized,val,0.5676900245181252,1
seg_006153,sample_02150,SD (Ill Mix) - H-LR,1,0.31512118307109616,classical_20260919T110356Z,LogisticRegression,optimized,val,0.5676900245181252,0
seg_006154,sample_02150,SD (Ill Mix) - H-LR,1,0.4881471316663095,classical_20260919T110356Z,LogisticRegression,optimized,val,0.5676900245181252,0
seg_006155,sample_02150,SD (Ill Mix) - H-LR,1,0.8734786496950326,classical_20260919T110356Z,LogisticRegression,optimized,val,0.5676900245181252,1
seg_006258,sample_02185,Evil Cannot Create - Caleb Lemond,1,0.9379243059744652,classical_20260919T110356Z,LogisticRegression,optimized,val,0.5676900245181252,1
seg_006259,sample_02185,Evil Cannot Create - Caleb Lemond,1,0.6594737670936458,classical_20260919T110356Z,LogisticRegression,optimized,val,0.5676900245181252,1
seg_006260,sample_02185,Evil Cannot Create - Caleb Lemond,1,0.9954682595423486,classical_20260919T110356Z,LogisticRegression,optimized,val,0.5676900245181252,1
seg_006261,sample_02186,Evil Cannot Create - Caleb Lemond,1,0.9360810000072571,classical_20260919T110356Z,LogisticRegression,optimized,val,0.5676900245181252,1
seg_006262,sample_02186,Evil Cannot Create - Caleb Lemond,1,0.7708105765123927,classical_20260919T110356Z,LogisticRegression,optimized,val,0.5676900245181252,1
seg_006263,sample_02186,Evil Cannot Create - Caleb Lemond,1,0.9890277507702003,classical_20260919T110356Z,LogisticRegression,optimized,val,0.5676900245181252,1
seg_006366,sample_02221,New Life (take 1) - Bird Names,1,0.8946846691215459,classical_20260919T110356Z,LogisticRegression,optimized,val,0.5676900245181252,1
seg_006367,sample_02221,New Life (take 1) - Bird Names,1,0.4867346920081848,classical_20260919T110356Z,LogisticRegression,optimized,val,0.5676900245181252,0
seg_006368,sample_02221,New Life (take 1) - Bird Names,1,0.9358990880728632,classical_20260919T110356Z,LogisticRegression,optimized,val,0.5676900245181252,1
seg_006369,sample_02222,New Life (take 1) - Bird Names,1,0.944769619778529,classical_20260919T110356Z,LogisticRegression,optimized,val,0.5676900245181252,1
seg_006370,sample_02222,New Life (take 1) - Bird Names,1,0.7041933808235128,classical_20260919T110356Z,LogisticRegression,optimized,val,0.5676900245181252,1
seg_006371,sample_02222,New Life (take 1) - Bird Names,1,0.9926955929119179,classical_20260919T110356Z,LogisticRegression,optimized,val,0.5676900245181252,1
seg_006372,sample_02223,Norweigian Wood II - Bird Names,1,0.6141830039768716,classical_20260919T110356Z,LogisticRegression,optimized,val,0.5676900245181252,1
seg_006373,sample_02223,Norweigian Wood II - Bird Names,1,0.554775362514653,classical_20260919T110356Z,LogisticRegression,optimized,val,0.5676900245181252,0
seg_006374,sample_02223,Norweigian Wood II - Bird Names,1,0.9389097821522117,classical_20260919T110356Z,LogisticRegression,optimized,val,0.5676900245181252,1
seg_006375,sample_02224,Norweigian Wood II - Bird Names,1,0.6960278576229555,classical_20260919T110356Z,LogisticRegression,optimized,val,0.5676900245181252,1
seg_006376,sample_02224,Norweigian Wood II - Bird Names,1,0.9085033977475679,classical_20260919T110356Z,LogisticRegression,optimized,val,0.5676900245181252,1
seg_006377,sample_02224,Norweigian Wood II - Bird Names,1,0.9717740065423027,classical_20260919T110356Z,LogisticRegression,optimized,val,0.5676900245181252,1
seg_006396,sample_02231,Roller Star - Monroeville Music Center,1,0.5056571858675564,classical_20260919T110356Z,LogisticRegression,optimized,val,0.5676900245181252,0
seg_006397,sample_02231,Roller Star - Monroeville Music Center,1,0.9152561069694206,classical_20260919T110356Z,LogisticRegression,optimized,val,0.5676900245181252,1
seg_006398,sample_02231,Roller Star - Monroeville Music Center,1,0.9599318846848054,classical_20260919T110356Z,LogisticRegression,optimized,val,0.5676900245181252,1
seg_006399,sample_02232,Roller Star - Monroeville Music Center,1,0.924437348786121,classical_20260919T110356Z,LogisticRegression,optimized,val,0.5676900245181252,1
seg_006400,sample_02232,Roller Star - Monroeville Music Center,1,0.912651919962772,classical_20260919T110356Z,LogisticRegression,optimized,val,0.5676900245181252,1
seg_006401,sample_02232,Roller Star - Monroeville Music Center,1,0.9859840130180513,classical_20260919T110356Z,LogisticRegression,optimized,val,0.5676900245181252,1
seg_006402,sample_02233,"Roundtrip - Oh Yeah, the Future",1,0.9575779441153607,classical_20260919T110356Z,LogisticRegression,optimized,val,0.5676900245181252,1
seg_006403,sample_02233,"Roundtrip - Oh Yeah, the Future",1,0.6654531392519702,classical_20260919T110356Z,LogisticRegression,optimized,val,0.5676900245181252,1
seg_006404,sample_02233,"Roundtrip - Oh Yeah, the Future",1,0.9742803348387925,classical_20260919T110356Z,LogisticRegression,optimized,val,0.5676900245181252,1
seg_006405,sample_02234,"Roundtrip - Oh Yeah, the Future",1,0.9292848457023944,classical_20260919T110356Z,LogisticRegression,optimized,val,0.5676900245181252,1
seg_006406,sample_02234,"Roundtrip - Oh Yeah, the Future",1,0.500838556592008,classical_20260919T110356Z,LogisticRegression,optimized,val,0.5676900245181252,0
seg_006407,sample_02234,"Roundtrip - Oh Yeah, the Future",1,0.9889527595841288,classical_20260919T110356Z,LogisticRegression,optimized,val,0.5676900245181252,1
seg_006420,sample_02239,Soleares&beats - Malaventura,1,0.9544969332476312,classical_20260919T110356Z,LogisticRegression,optimized,val,0.5676900245181252,1
seg_006421,sample_02239,Soleares&beats - Malaventura,1,0.5994039705270438,classical_20260919T110356Z,LogisticRegression,optimized,val,0.5676900245181252,1
seg_006422,sample_02239,Soleares&beats - Malaventura,1,0.9763572682168824,classical_20260919T110356Z,LogisticRegression,optimized,val,0.5676900245181252,1
seg_006423,sample_02240,Soleares&beats - Malaventura,1,0.8342260341398836,classical_20260919T110356Z,LogisticRegression,optimized,val,0.5676900245181252,1
seg_006424,sample_02240,Soleares&beats - Malaventura,1,0.9097969035021258,classical_20260919T110356Z,LogisticRegression,optimized,val,0.5676900245181252,1
seg_006425,sample_02240,Soleares&beats - Malaventura,1,0.5715814297148449,classical_20260919T110356Z,LogisticRegression,optimized,val,0.5676900245181252,1
seg_006438,sample_02245,Stockholm Syndrome / People Should Be More Aware - Bird Names,1,0.9873023232456019,classical_20260919T110356Z,LogisticRegression,optimized,val,0.5676900245181252,1
seg_006439,sample_02245,Stockholm Syndrome / People Should Be More Aware - Bird Names,1,0.40266702956065004,classical_20260919T110356Z,LogisticRegression,optimized,val,0.5676900245181252,0
seg_006440,sample_02245,Stockholm Syndrome / People Should Be More Aware - Bird Names,1,0.6682541103576054,classical_20260919T110356Z,LogisticRegression,optimized,val,0.5676900245181252,1
seg_006441,sample_02246,Stockholm Syndrome / People Should Be More Aware - Bird Names,1,0.9608703761371212,classical_20260919T110356Z,LogisticRegression,optimized,val,0.5676900245181252,1
seg_006442,sample_02246,Stockholm Syndrome / People Should Be More Aware - Bird Names,1,0.8442066427884312,classical_20260919T110356Z,LogisticRegression,optimized,val,0.5676900245181252,1
seg_006443,sample_02246,Stockholm Syndrome / People Should Be More Aware - Bird Names,1,0.9418324126240053,classical_20260919T110356Z,LogisticRegression,optimized,val,0.5676900245181252,1
seg_006480,sample_02259,Time Is Love - Silence is full of birds,1,0.9996405246337197,classical_20260919T110356Z,LogisticRegression,optimized,val,0.5676900245181252,1
seg_006481,sample_02259,Time Is Love - Silence is full of birds,1,0.9603241396187838,classical_20260919T110356Z,LogisticRegression,optimized,val,0.5676900245181252,1
seg_006482,sample_02259,Time Is Love - Silence is full of birds,1,0.9788118222573999,classical_20260919T110356Z,LogisticRegression,optimized,val,0.5676900245181252,1
seg_006483,sample_02260,Time Is Love - Silence is full of birds,1,0.9576738856614112,classical_20260919T110356Z,LogisticRegression,optimized,val,0.5676900245181252,1
seg_006484,sample_02260,Time Is Love - Silence is full of birds,1,0.4714893031526284,classical_20260919T110356Z,LogisticRegression,optimized,val,0.5676900245181252,0
seg_006485,sample_02260,Time Is Love - Silence is full of birds,1,0.9845134791264006,classical_20260919T110356Z,LogisticRegression,optimized,val,0.5676900245181252,1
seg_006522,sample_02273,2 (Wasn't There) - Isle of Pine,1,0.9589575245025328,classical_20260919T110356Z,LogisticRegression,optimized,val,0.5676900245181252,1
seg_006523,sample_02273,2 (Wasn't There) - Isle of Pine,1,0.5937214690140749,classical_20260919T110356Z,LogisticRegression,optimized,val,0.5676900245181252,1
seg_006524,sample_02273,2 (Wasn't There) - Isle of Pine,1,0.8781182782139486,classical_20260919T110356Z,LogisticRegression,optimized,val,0.5676900245181252,1
seg_006525,sample_02274,2 (Wasn't There) - Isle of Pine,1,0.9938200135015615,classical_20260919T110356Z,LogisticRegression,optimized,val,0.5676900245181252,1
seg_006526,sample_02274,2 (Wasn't There) - Isle of Pine,1,0.7180781370480327,classical_20260919T110356Z,LogisticRegression,optimized,val,0.5676900245181252,1
seg_006527,sample_02274,2 (Wasn't There) - Isle of Pine,1,0.9994463695550352,classical_20260919T110356Z,LogisticRegression,optimized,val,0.5676900245181252,1
seg_006552,sample_02283,Empty Pockets - Pete Prodoehl,1,0.9655400429494929,classical_20260919T110356Z,LogisticRegression,optimized,val,0.5676900245181252,1
seg_006553,sample_02283,Empty Pockets - Pete Prodoehl,1,0.5368749283222206,classical_20260919T110356Z,LogisticRegression,optimized,val,0.5676900245181252,0
seg_006554,sample_02283,Empty Pockets - Pete Prodoehl,1,0.9853317407889305,classical_20260919T110356Z,LogisticRegression,optimized,val,0.5676900245181252,1
seg_006555,sample_02284,Empty Pockets - Pete Prodoehl,1,0.9940396864952955,classical_20260919T110356Z,LogisticRegression,optimized,val,0.5676900245181252,1
seg_006556,sample_02284,Empty Pockets - Pete Prodoehl,1,0.5990668668538907,classical_20260919T110356Z,LogisticRegression,optimized,val,0.5676900245181252,1
seg_006557,sample_02284,Empty Pockets - Pete Prodoehl,1,0.9830873114355376,classical_20260919T110356Z,LogisticRegression,optimized,val,0.5676900245181252,1
seg_006570,sample_02289,Gila Monster Flop/Music History Lesson:The Sonics - The Crypts!,1,0.7066689531885318,classical_20260919T110356Z,LogisticRegression,optimized,val,0.5676900245181252,1
seg_006571,sample_02289,Gila Monster Flop/Music History Lesson:The Sonics - The Crypts!,1,0.7254210384680798,classical_20260919T110356Z,LogisticRegression,optimized,val,0.5676900245181252,1
seg_006572,sample_02289,Gila Monster Flop/Music History Lesson:The Sonics - The Crypts!,1,0.9756673879329381,classical_20260919T110356Z,LogisticRegression,optimized,val,0.5676900245181252,1
seg_006573,sample_02290,Gila Monster Flop/Music History Lesson:The Sonics - The Crypts!,1,0.6606889989034854,classical_20260919T110356Z,LogisticRegression,optimized,val,0.5676900245181252,1
seg_006574,sample_02290,Gila Monster Flop/Music History Lesson:The Sonics - The Crypts!,1,0.7877583046847467,classical_20260919T110356Z,LogisticRegression,optimized,val,0.5676900245181252,1
seg_006575,sample_02290,Gila Monster Flop/Music History Lesson:The Sonics - The Crypts!,1,0.861261768893203,classical_20260919T110356Z,LogisticRegression,optimized,val,0.5676900245181252,1
seg_006588,sample_02295,I Fell - Mod Fun,1,0.6586489361385668,classical_20260919T110356Z,LogisticRegression,optimized,val,0.5676900245181252,1
seg_006589,sample_02295,I Fell - Mod Fun,1,0.911613743606927,classical_20260919T110356Z,LogisticRegression,optimized,val,0.5676900245181252,1
seg_006590,sample_02295,I Fell - Mod Fun,1,0.997853185521777,classical_20260919T110356Z,LogisticRegression,optimized,val,0.5676900245181252,1
seg_006591,sample_02296,I Fell - Mod Fun,1,0.8428216270792269,classical_20260919T110356Z,LogisticRegression,optimized,val,0.5676900245181252,1
seg_006592,sample_02296,I Fell - Mod Fun,1,0.6244460009254125,classical_20260919T110356Z,LogisticRegression,optimized,val,0.5676900245181252,1
seg_006593,sample_02296,I Fell - Mod Fun,1,0.9496682690927075,classical_20260919T110356Z,LogisticRegression,optimized,val,0.5676900245181252,1
seg_006636,sample_02311,March of the GPA Mechanics - [t]ghost,1,0.9893019891070196,classical_20260919T110356Z,LogisticRegression,optimized,val,0.5676900245181252,1
seg_006637,sample_02311,March of the GPA Mechanics - [t]ghost,1,0.4938579448817847,classical_20260919T110356Z,LogisticRegression,optimized,val,0.5676900245181252,0
seg_006638,sample_02311,March of the GPA Mechanics - [t]ghost,1,0.9315900311282457,classical_20260919T110356Z,LogisticRegression,optimized,val,0.5676900245181252,1
seg_006639,sample_02312,March of the GPA Mechanics - [t]ghost,1,0.9905788120947931,classical_20260919T110356Z,LogisticRegression,optimized,val,0.5676900245181252,1
seg_006640,sample_02312,March of the GPA Mechanics - [t]ghost,1,0.9219978626358558,classical_20260919T110356Z,LogisticRegression,optimized,val,0.5676900245181252,1
seg_006641,sample_02312,March of the GPA Mechanics - [t]ghost,1,0.9872456699883655,classical_20260919T110356Z,LogisticRegression,optimized,val,0.5676900245181252,1
seg_006696,sample_02331,Scramby Eggs - Andy G. Cohen,1,0.8396408607110385,classical_20260919T110356Z,LogisticRegression,optimized,val,0.5676900245181252,1
seg_006697,sample_02331,Scramby Eggs - Andy G. Cohen,1,0.7058800238323812,classical_20260919T110356Z,LogisticRegression,optimized,val,0.5676900245181252,1
seg_006698,sample_02331,Scramby Eggs - Andy G. Cohen,1,0.9746758890584681,classical_20260919T110356Z,LogisticRegression,optimized,val,0.5676900245181252,1
seg_006699,sample_02332,Scramby Eggs - Andy G. Cohen,1,0.6465321478445375,classical_20260919T110356Z,LogisticRegression,optimized,val,0.5676900245181252,1
seg_006700,sample_02332,Scramby Eggs - Andy G. Cohen,1,0.8604999026135766,classical_20260919T110356Z,LogisticRegression,optimized,val,0.5676900245181252,1
seg_006701,sample_02332,Scramby Eggs - Andy G. Cohen,1,0.8846322935599589,classical_20260919T110356Z,LogisticRegression,optimized,val,0.5676900245181252,1
seg_006750,sample_02349,The girl just faded - Los Llamarada,1,0.9883329313640481,classical_20260919T110356Z,LogisticRegression,optimized,val,0.5676900245181252,1
seg_006751,sample_02349,The girl just faded - Los Llamarada,1,0.9733331799014362,classical_20260919T110356Z,LogisticRegression,optimized,val,0.5676900245181252,1
seg_006752,sample_02349,The girl just faded - Los Llamarada,1,0.9315880448906662,classical_20260919T110356Z,LogisticRegression,optimized,val,0.5676900245181252,1
seg_006753,sample_02350,The girl just faded - Los Llamarada,1,0.8526028021981813,classical_20260919T110356Z,LogisticRegression,optimized,val,0.5676900245181252,1
seg_006754,sample_02350,The girl just faded - Los Llamarada,1,0.4818220261402292,classical_20260919T110356Z,LogisticRegression,optimized,val,0.5676900245181252,0
seg_006755,sample_02350,The girl just faded - Los Llamarada,1,0.9875461917172241,classical_20260919T110356Z,LogisticRegression,optimized,val,0.5676900245181252,1
seg_006768,sample_02355,Voxel - Andy G. Cohen,1,0.8215980495873088,classical_20260919T110356Z,LogisticRegression,optimized,val,0.5676900245181252,1
seg_006769,sample_02355,Voxel - Andy G. Cohen,1,0.926813632203218,classical_20260919T110356Z,LogisticRegression,optimized,val,0.5676900245181252,1
seg_006770,sample_02355,Voxel - Andy G. Cohen,1,0.9974189121870864,classical_20260919T110356Z,LogisticRegression,optimized,val,0.5676900245181252,1
seg_006771,sample_02356,Voxel - Andy G. Cohen,1,0.6712984232565973,classical_20260919T110356Z,LogisticRegression,optimized,val,0.5676900245181252,1
seg_006772,sample_02356,Voxel - Andy G. Cohen,1,0.5923401747145325,classical_20260919T110356Z,LogisticRegression,optimized,val,0.5676900245181252,1
seg_006773,sample_02356,Voxel - Andy G. Cohen,1,0.798490688517185,classical_20260919T110356Z,LogisticRegression,optimized,val,0.5676900245181252,1
seg_006792,sample_02363,Windows of the Skull - Sarin,1,0.9997089744826816,classical_20260919T110356Z,LogisticRegression,optimized,val,0.5676900245181252,1
seg_006793,sample_02363,Windows of the Skull - Sarin,1,0.6447943216309027,classical_20260919T110356Z,LogisticRegression,optimized,val,0.5676900245181252,1
seg_006794,sample_02363,Windows of the Skull - Sarin,1,0.6077392015027293,classical_20260919T110356Z,LogisticRegression,optimized,val,0.5676900245181252,1
seg_006795,sample_02364,Windows of the Skull - Sarin,1,0.9992358252330733,classical_20260919T110356Z,LogisticRegression,optimized,val,0.5676900245181252,1
seg_006796,sample_02364,Windows of the Skull - Sarin,1,0.5814453264767505,classical_20260919T110356Z,LogisticRegression,optimized,val,0.5676900245181252,1
seg_006797,sample_02364,Windows of the Skull - Sarin,1,0.9987062230373296,classical_20260919T110356Z,LogisticRegression,optimized,val,0.5676900245181252,1
seg_006810,sample_02369,Новый Нью-Йорк 2 - Чокнутый Пропеллер,1,0.696449933847805,classical_20260919T110356Z,LogisticRegression,optimized,val,0.5676900245181252,1
seg_006811,sample_02369,Новый Нью-Йорк 2 - Чокнутый Пропеллер,1,0.6424892872499498,classical_20260919T110356Z,LogisticRegression,optimized,val,0.5676900245181252,1
seg_006812,sample_02369,Новый Нью-Йорк 2 - Чокнутый Пропеллер,1,0.9770047341017785,classical_20260919T110356Z,LogisticRegression,optimized,val,0.5676900245181252,1
seg_006813,sample_02370,Новый Нью-Йорк 2 - Чокнутый Пропеллер,1,0.8836946383089037,classical_20260919T110356Z,LogisticRegression,optimized,val,0.5676900245181252,1
seg_006814,sample_02370,Новый Нью-Йорк 2 - Чокнутый Пропеллер,1,0.5814206550827637,classical_20260919T110356Z,LogisticRegression,optimized,val,0.5676900245181252,1
seg_006815,sample_02370,Новый Нью-Йорк 2 - Чокнутый Пропеллер,1,0.9452343092361022,classical_20260919T110356Z,LogisticRegression,optimized,val,0.5676900245181252,1
seg_006864,sample_02387,CopperNickle - UncleBibby,1,0.9431800073043771,classical_20260919T110356Z,LogisticRegression,optimized,val,0.5676900245181252,1
seg_006865,sample_02387,CopperNickle - UncleBibby,1,0.7973351365153338,classical_20260919T110356Z,LogisticRegression,optimized,val,0.5676900245181252,1
seg_006866,sample_02387,CopperNickle - UncleBibby,1,0.9923671568700503,classical_20260919T110356Z,LogisticRegression,optimized,val,0.5676900245181252,1
seg_006867,sample_02388,CopperNickle - UncleBibby,1,0.39366680479843297,classical_20260919T110356Z,LogisticRegression,optimized,val,0.5676900245181252,0
seg_006868,sample_02388,CopperNickle - UncleBibby,1,0.8141928496788479,classical_20260919T110356Z,LogisticRegression,optimized,val,0.5676900245181252,1
seg_006869,sample_02388,CopperNickle - UncleBibby,1,0.9930371737686644,classical_20260919T110356Z,LogisticRegression,optimized,val,0.5676900245181252,1
seg_006876,sample_02391,Daylight Savings - My brother Daniel,1,0.9874480185029467,classical_20260919T110356Z,LogisticRegression,optimized,val,0.5676900245181252,1
seg_006877,sample_02391,Daylight Savings - My brother Daniel,1,0.1144141021748823,classical_20260919T110356Z,LogisticRegression,optimized,val,0.5676900245181252,0
seg_006878,sample_02391,Daylight Savings - My brother Daniel,1,0.9979362500589604,classical_20260919T110356Z,LogisticRegression,optimized,val,0.5676900245181252,1
seg_006879,sample_02392,Daylight Savings - My brother Daniel,1,0.2688133521528981,classical_20260919T110356Z,LogisticRegression,optimized,val,0.5676900245181252,0
seg_006880,sample_02392,Daylight Savings - My brother Daniel,1,0.7431777937922189,classical_20260919T110356Z,LogisticRegression,optimized,val,0.5676900245181252,1
seg_006881,sample_02392,Daylight Savings - My brother Daniel,1,0.9776424645325107,classical_20260919T110356Z,LogisticRegression,optimized,val,0.5676900245181252,1
seg_006942,sample_02413,mystery team 2090 - Jesse Futerman,1,0.8864274158190439,classical_20260919T110356Z,LogisticRegression,optimized,val,0.5676900245181252,1
seg_006943,sample_02413,mystery team 2090 - Jesse Futerman,1,0.6994909148730951,classical_20260919T110356Z,LogisticRegression,optimized,val,0.5676900245181252,1
seg_006944,sample_02413,mystery team 2090 - Jesse Futerman,1,0.8570122790103317,classical_20260919T110356Z,LogisticRegression,optimized,val,0.5676900245181252,1
seg_006945,sample_02414,mystery team 2090 - Jesse Futerman,1,0.8485015679437642,classical_20260919T110356Z,LogisticRegression,optimized,val,0.5676900245181252,1
seg_006946,sample_02414,mystery team 2090 - Jesse Futerman,1,0.7917921092456306,classical_20260919T110356Z,LogisticRegression,optimized,val,0.5676900245181252,1
seg_006947,sample_02414,mystery team 2090 - Jesse Futerman,1,0.9911564327424148,classical_20260919T110356Z,LogisticRegression,optimized,val,0.5676900245181252,1
seg_006948,sample_02415,Night Drive - Decktonic,1,0.13258912633940872,classical_20260919T110356Z,LogisticRegression,optimized,val,0.5676900245181252,0
seg_006949,sample_02415,Night Drive - Decktonic,1,0.605535336410805,classical_20260919T110356Z,LogisticRegression,optimized,val,0.5676900245181252,1
seg_006950,sample_02415,Night Drive - Decktonic,1,0.9342679337934515,classical_20260919T110356Z,LogisticRegression,optimized,val,0.5676900245181252,1
seg_006951,sample_02416,Night Drive - Decktonic,1,0.6170747750538704,classical_20260919T110356Z,LogisticRegression,optimized,val,0.5676900245181252,1
seg_006952,sample_02416,Night Drive - Decktonic,1,0.3002826819837955,classical_20260919T110356Z,LogisticRegression,optimized,val,0.5676900245181252,0
seg_006953,sample_02416,Night Drive - Decktonic,1,0.9900104168603987,classical_20260919T110356Z,LogisticRegression,optimized,val,0.5676900245181252,1
seg_006966,sample_02421,Nuo Maisemat - Paavoharju,1,0.7412834849332077,classical_20260919T110356Z,LogisticRegression,optimized,val,0.5676900245181252,1
seg_006967,sample_02421,Nuo Maisemat - Paavoharju,1,0.9179605528579711,classical_20260919T110356Z,LogisticRegression,optimized,val,0.5676900245181252,1
seg_006968,sample_02421,Nuo Maisemat - Paavoharju,1,0.9927856755697487,classical_20260919T110356Z,LogisticRegression,optimized,val,0.5676900245181252,1
seg_006969,sample_02422,Nuo Maisemat - Paavoharju,1,0.9770751917841595,classical_20260919T110356Z,LogisticRegression,optimized,val,0.5676900245181252,1
seg_006970,sample_02422,Nuo Maisemat - Paavoharju,1,0.9045390755436243,classical_20260919T110356Z,LogisticRegression,optimized,val,0.5676900245181252,1
seg_006971,sample_02422,Nuo Maisemat - Paavoharju,1,0.9991296101767101,classical_20260919T110356Z,LogisticRegression,optimized,val,0.5676900245181252,1
seg_007050,sample_02449,SD (Ill Mix) - H-LR,1,0.9848377884623705,classical_20260919T110356Z,LogisticRegression,optimized,val,0.5676900245181252,1
seg_007051,sample_02449,SD (Ill Mix) - H-LR,1,0.8815761513980813,classical_20260919T110356Z,LogisticRegression,optimized,val,0.5676900245181252,1
seg_007052,sample_02449,SD (Ill Mix) - H-LR,1,0.9961791446955446,classical_20260919T110356Z,LogisticRegression,optimized,val,0.5676900245181252,1
seg_007053,sample_02450,SD (Ill Mix) - H-LR,1,0.5376962977973405,classical_20260919T110356Z,LogisticRegression,optimized,val,0.5676900245181252,0
seg_007054,sample_02450,SD (Ill Mix) - H-LR,1,0.7143396893006149,classical_20260919T110356Z,LogisticRegression,optimized,val,0.5676900245181252,1
seg_007055,sample_02450,SD (Ill Mix) - H-LR,1,0.9847175244080468,classical_20260919T110356Z,LogisticRegression,optimized,val,0.5676900245181252,1
seg_007158,sample_02485,Evil Cannot Create - Caleb Lemond,1,0.5460195494564977,classical_20260919T110356Z,LogisticRegression,optimized,val,0.5676900245181252,0
seg_007159,sample_02485,Evil Cannot Create - Caleb Lemond,1,0.9978426167476898,classical_20260919T110356Z,LogisticRegression,optimized,val,0.5676900245181252,1
seg_007160,sample_02485,Evil Cannot Create - Caleb Lemond,1,0.9546562947277071,classical_20260919T110356Z,LogisticRegression,optimized,val,0.5676900245181252,1
seg_007161,sample_02486,Evil Cannot Create - Caleb Lemond,1,0.5615059299406913,classical_20260919T110356Z,LogisticRegression,optimized,val,0.5676900245181252,0
seg_007162,sample_02486,Evil Cannot Create - Caleb Lemond,1,0.8506110819824223,classical_20260919T110356Z,LogisticRegression,optimized,val,0.5676900245181252,1
seg_007163,sample_02486,Evil Cannot Create - Caleb Lemond,1,0.6601549607346515,classical_20260919T110356Z,LogisticRegression,optimized,val,0.5676900245181252,1
seg_007266,sample_02521,New Life (take 1) - Bird Names,1,0.9510728569787389,classical_20260919T110356Z,LogisticRegression,optimized,val,0.5676900245181252,1
seg_007267,sample_02521,New Life (take 1) - Bird Names,1,0.7542487848922138,classical_20260919T110356Z,LogisticRegression,optimized,val,0.5676900245181252,1
seg_007268,sample_02521,New Life (take 1) - Bird Names,1,0.9928634611145871,classical_20260919T110356Z,LogisticRegression,optimized,val,0.5676900245181252,1
seg_007269,sample_02522,New Life (take 1) - Bird Names,1,0.7799660022741942,classical_20260919T110356Z,LogisticRegression,optimized,val,0.5676900245181252,1
seg_007270,sample_02522,New Life (take 1) - Bird Names,1,0.3680923682422426,classical_20260919T110356Z,LogisticRegression,optimized,val,0.5676900245181252,0
seg_007271,sample_02522,New Life (take 1) - Bird Names,1,0.8040046079193748,classical_20260919T110356Z,LogisticRegression,optimized,val,0.5676900245181252,1
seg_007272,sample_02523,Norweigian Wood II - Bird Names,1,0.9463050656869202,classical_20260919T110356Z,LogisticRegression,optimized,val,0.5676900245181252,1
seg_007273,sample_02523,Norweigian Wood II - Bird Names,1,0.9319125688514005,classical_20260919T110356Z,LogisticRegression,optimized,val,0.5676900245181252,1
seg_007274,sample_02523,Norweigian Wood II - Bird Names,1,0.9984235269989661,classical_20260919T110356Z,LogisticRegression,optimized,val,0.5676900245181252,1
seg_007275,sample_02524,Norweigian Wood II - Bird Names,1,0.7131872893022861,classical_20260919T110356Z,LogisticRegression,optimized,val,0.5676900245181252,1
seg_007276,sample_02524,Norweigian Wood II - Bird Names,1,0.6686416974444294,classical_20260919T110356Z,LogisticRegression,optimized,val,0.5676900245181252,1
seg_007277,sample_02524,Norweigian Wood II - Bird Names,1,0.6534297577631324,classical_20260919T110356Z,LogisticRegression,optimized,val,0.5676900245181252,1
seg_007296,sample_02531,Roller Star - Monroeville Music Center,1,0.940664629224284,classical_20260919T110356Z,LogisticRegression,optimized,val,0.5676900245181252,1
seg_007297,sample_02531,Roller Star - Monroeville Music Center,1,0.8301229736784163,classical_20260919T110356Z,LogisticRegression,optimized,val,0.5676900245181252,1
seg_007298,sample_02531,Roller Star - Monroeville Music Center,1,0.9489710881123516,classical_20260919T110356Z,LogisticRegression,optimized,val,0.5676900245181252,1
seg_007299,sample_02532,Roller Star - Monroeville Music Center,1,0.9194220481407746,classical_20260919T110356Z,LogisticRegression,optimized,val,0.5676900245181252,1
seg_007300,sample_02532,Roller Star - Monroeville Music Center,1,0.9296208916414355,classical_20260919T110356Z,LogisticRegression,optimized,val,0.5676900245181252,1
seg_007301,sample_02532,Roller Star - Monroeville Music Center,1,0.9903861041376153,classical_20260919T110356Z,LogisticRegression,optimized,val,0.5676900245181252,1
seg_007302,sample_02533,"Roundtrip - Oh Yeah, the Future",1,0.6228988298683161,classical_20260919T110356Z,LogisticRegression,optimized,val,0.5676900245181252,1
seg_007303,sample_02533,"Roundtrip - Oh Yeah, the Future",1,0.08928208907720886,classical_20260919T110356Z,LogisticRegression,optimized,val,0.5676900245181252,0
seg_007304,sample_02533,"Roundtrip - Oh Yeah, the Future",1,0.9893025165459897,classical_20260919T110356Z,LogisticRegression,optimized,val,0.5676900245181252,1
seg_007305,sample_02534,"Roundtrip - Oh Yeah, the Future",1,0.7061050184870794,classical_20260919T110356Z,LogisticRegression,optimized,val,0.5676900245181252,1
seg_007306,sample_02534,"Roundtrip - Oh Yeah, the Future",1,0.523625085782676,classical_20260919T110356Z,LogisticRegression,optimized,val,0.5676900245181252,0
seg_007307,sample_02534,"Roundtrip - Oh Yeah, the Future",1,0.539622991206094,classical_20260919T110356Z,LogisticRegression,optimized,val,0.5676900245181252,0
seg_007320,sample_02539,Soleares&beats - Malaventura,1,0.9513321192654677,classical_20260919T110356Z,LogisticRegression,optimized,val,0.5676900245181252,1
seg_007321,sample_02539,Soleares&beats - Malaventura,1,0.9348604849256189,classical_20260919T110356Z,LogisticRegression,optimized,val,0.5676900245181252,1
seg_007322,sample_02539,Soleares&beats - Malaventura,1,0.5376986518218743,classical_20260919T110356Z,LogisticRegression,optimized,val,0.5676900245181252,0
seg_007323,sample_02540,Soleares&beats - Malaventura,1,0.8454572926765815,classical_20260919T110356Z,LogisticRegression,optimized,val,0.5676900245181252,1
seg_007324,sample_02540,Soleares&beats - Malaventura,1,0.5773846064403566,classical_20260919T110356Z,LogisticRegression,optimized,val,0.5676900245181252,1
seg_007325,sample_02540,Soleares&beats - Malaventura,1,0.9659881189697163,classical_20260919T110356Z,LogisticRegression,optimized,val,0.5676900245181252,1
seg_007338,sample_02545,Stockholm Syndrome / People Should Be More Aware - Bird Names,1,0.27069439566307,classical_20260919T110356Z,LogisticRegression,optimized,val,0.5676900245181252,0
seg_007339,sample_02545,Stockholm Syndrome / People Should Be More Aware - Bird Names,1,0.40725869579877433,classical_20260919T110356Z,LogisticRegression,optimized,val,0.5676900245181252,0
seg_007340,sample_02545,Stockholm Syndrome / People Should Be More Aware - Bird Names,1,0.818618847485721,classical_20260919T110356Z,LogisticRegression,optimized,val,0.5676900245181252,1
seg_007341,sample_02546,Stockholm Syndrome / People Should Be More Aware - Bird Names,1,0.12970262106897762,classical_20260919T110356Z,LogisticRegression,optimized,val,0.5676900245181252,0
seg_007342,sample_02546,Stockholm Syndrome / People Should Be More Aware - Bird Names,1,0.011581952972368026,classical_20260919T110356Z,LogisticRegression,optimized,val,0.5676900245181252,0
seg_007343,sample_02546,Stockholm Syndrome / People Should Be More Aware - Bird Names,1,0.21136057044421344,classical_20260919T110356Z,LogisticRegression,optimized,val,0.5676900245181252,0
seg_007380,sample_02559,Time Is Love - Silence is full of birds,1,0.19728771731777525,classical_20260919T110356Z,LogisticRegression,optimized,val,0.5676900245181252,0
seg_007381,sample_02559,Time Is Love - Silence is full of birds,1,0.2566723118418446,classical_20260919T110356Z,LogisticRegression,optimized,val,0.5676900245181252,0
seg_007382,sample_02559,Time Is Love - Silence is full of birds,1,0.997161231400993,classical_20260919T110356Z,LogisticRegression,optimized,val,0.5676900245181252,1
seg_007383,sample_02560,Time Is Love - Silence is full of birds,1,0.7307435000659244,classical_20260919T110356Z,LogisticRegression,optimized,val,0.5676900245181252,1
seg_007384,sample_02560,Time Is Love - Silence is full of birds,1,0.6746833529489332,classical_20260919T110356Z,LogisticRegression,optimized,val,0.5676900245181252,1
seg_007385,sample_02560,Time Is Love - Silence is full of birds,1,0.958534083226018,classical_20260919T110356Z,LogisticRegression,optimized,val,0.5676900245181252,1
seg_007422,sample_02573,2 (Wasn't There) - Isle of Pine,1,0.9927688515919781,classical_20260919T110356Z,LogisticRegression,optimized,val,0.5676900245181252,1
seg_007423,sample_02573,2 (Wasn't There) - Isle of Pine,1,0.9587050512979808,classical_20260919T110356Z,LogisticRegression,optimized,val,0.5676900245181252,1
seg_007424,sample_02573,2 (Wasn't There) - Isle of Pine,1,0.9979218500882711,classical_20260919T110356Z,LogisticRegression,optimized,val,0.5676900245181252,1
seg_007425,sample_02574,2 (Wasn't There) - Isle of Pine,1,0.37351080501015355,classical_20260919T110356Z,LogisticRegression,optimized,val,0.5676900245181252,0
seg_007426,sample_02574,2 (Wasn't There) - Isle of Pine,1,0.34188022824222264,classical_20260919T110356Z,LogisticRegression,optimized,val,0.5676900245181252,0
seg_007427,sample_02574,2 (Wasn't There) - Isle of Pine,1,0.9839040099387365,classical_20260919T110356Z,LogisticRegression,optimized,val,0.5676900245181252,1
seg_007452,sample_02583,Empty Pockets - Pete Prodoehl,1,0.9391293323732132,classical_20260919T110356Z,LogisticRegression,optimized,val,0.5676900245181252,1
seg_007453,sample_02583,Empty Pockets - Pete Prodoehl,1,0.20089368882120803,classical_20260919T110356Z,LogisticRegression,optimized,val,0.5676900245181252,0
seg_007454,sample_02583,Empty Pockets - Pete Prodoehl,1,0.963526623117109,classical_20260919T110356Z,LogisticRegression,optimized,val,0.5676900245181252,1
seg_007455,sample_02584,Empty Pockets - Pete Prodoehl,1,0.43630889025659025,classical_20260919T110356Z,LogisticRegression,optimized,val,0.5676900245181252,0
seg_007456,sample_02584,Empty Pockets - Pete Prodoehl,1,0.19957318956414,classical_20260919T110356Z,LogisticRegression,optimized,val,0.5676900245181252,0
seg_007457,sample_02584,Empty Pockets - Pete Prodoehl,1,0.8875132992479234,classical_20260919T110356Z,LogisticRegression,optimized,val,0.5676900245181252,1
seg_007470,sample_02589,Gila Monster Flop/Music History Lesson:The Sonics - The Crypts!,1,0.9468628050316666,classical_20260919T110356Z,LogisticRegression,optimized,val,0.5676900245181252,1
seg_007471,sample_02589,Gila Monster Flop/Music History Lesson:The Sonics - The Crypts!,1,0.46091044430494454,classical_20260919T110356Z,LogisticRegression,optimized,val,0.5676900245181252,0
seg_007472,sample_02589,Gila Monster Flop/Music History Lesson:The Sonics - The Crypts!,1,0.9984483535762559,classical_20260919T110356Z,LogisticRegression,optimized,val,0.5676900245181252,1
seg_007473,sample_02590,Gila Monster Flop/Music History Lesson:The Sonics - The Crypts!,1,0.3903853569669538,classical_20260919T110356Z,LogisticRegression,optimized,val,0.5676900245181252,0
seg_007474,sample_02590,Gila Monster Flop/Music History Lesson:The Sonics - The Crypts!,1,0.12047432770290581,classical_20260919T110356Z,LogisticRegression,optimized,val,0.5676900245181252,0
seg_007475,sample_02590,Gila Monster Flop/Music History Lesson:The Sonics - The Crypts!,1,0.9936414616904553,classical_20260919T110356Z,LogisticRegression,optimized,val,0.5676900245181252,1
seg_007488,sample_02595,I Fell - Mod Fun,1,0.7857166307903934,classical_20260919T110356Z,LogisticRegression,optimized,val,0.5676900245181252,1
seg_007489,sample_02595,I Fell - Mod Fun,1,0.7884586664578924,classical_20260919T110356Z,LogisticRegression,optimized,val,0.5676900245181252,1
seg_007490,sample_02595,I Fell - Mod Fun,1,0.9814258519476251,classical_20260919T110356Z,LogisticRegression,optimized,val,0.5676900245181252,1
seg_007491,sample_02596,I Fell - Mod Fun,1,0.20865730759257106,classical_20260919T110356Z,LogisticRegression,optimized,val,0.5676900245181252,0
seg_007492,sample_02596,I Fell - Mod Fun,1,0.08551314045627252,classical_20260919T110356Z,LogisticRegression,optimized,val,0.5676900245181252,0
seg_007493,sample_02596,I Fell - Mod Fun,1,0.9881279438796546,classical_20260919T110356Z,LogisticRegression,optimized,val,0.5676900245181252,1
seg_007536,sample_02611,March of the GPA Mechanics - [t]ghost,1,0.9094898125796117,classical_20260919T110356Z,LogisticRegression,optimized,val,0.5676900245181252,1
seg_007537,sample_02611,March of the GPA Mechanics - [t]ghost,1,0.191700249827414,classical_20260919T110356Z,LogisticRegression,optimized,val,0.5676900245181252,0
seg_007538,sample_02611,March of the GPA Mechanics - [t]ghost,1,0.9998713628194379,classical_20260919T110356Z,LogisticRegression,optimized,val,0.5676900245181252,1
seg_007539,sample_02612,March of the GPA Mechanics - [t]ghost,1,0.306842071132682,classical_20260919T110356Z,LogisticRegression,optimized,val,0.5676900245181252,0
seg_007540,sample_02612,March of the GPA Mechanics - [t]ghost,1,0.057401626848981945,classical_20260919T110356Z,LogisticRegression,optimized,val,0.5676900245181252,0
seg_007541,sample_02612,March of the GPA Mechanics - [t]ghost,1,0.8819821276720253,classical_20260919T110356Z,LogisticRegression,optimized,val,0.5676900245181252,1
seg_007596,sample_02631,Scramby Eggs - Andy G. Cohen,1,0.9792322166773031,classical_20260919T110356Z,LogisticRegression,optimized,val,0.5676900245181252,1
seg_007597,sample_02631,Scramby Eggs - Andy G. Cohen,1,0.46249472288395155,classical_20260919T110356Z,LogisticRegression,optimized,val,0.5676900245181252,0
seg_007598,sample_02631,Scramby Eggs - Andy G. Cohen,1,0.8217659153776317,classical_20260919T110356Z,LogisticRegression,optimized,val,0.5676900245181252,1
seg_007599,sample_02632,Scramby Eggs - Andy G. Cohen,1,0.22820263858997114,classical_20260919T110356Z,LogisticRegression,optimized,val,0.5676900245181252,0
seg_007600,sample_02632,Scramby Eggs - Andy G. Cohen,1,0.371455495873258,classical_20260919T110356Z,LogisticRegression,optimized,val,0.5676900245181252,0
seg_007601,sample_02632,Scramby Eggs - Andy G. Cohen,1,0.9512809679744514,classical_20260919T110356Z,LogisticRegression,optimized,val,0.5676900245181252,1
seg_007650,sample_02649,The girl just faded - Los Llamarada,1,0.9157210610176517,classical_20260919T110356Z,LogisticRegression,optimized,val,0.5676900245181252,1
seg_007651,sample_02649,The girl just faded - Los Llamarada,1,0.9878754714791995,classical_20260919T110356Z,LogisticRegression,optimized,val,0.5676900245181252,1
seg_007652,sample_02649,The girl just faded - Los Llamarada,1,0.9733059332467447,classical_20260919T110356Z,LogisticRegression,optimized,val,0.5676900245181252,1
seg_007653,sample_02650,The girl just faded - Los Llamarada,1,0.9328343842894192,classical_20260919T110356Z,LogisticRegression,optimized,val,0.5676900245181252,1
seg_007654,sample_02650,The girl just faded - Los Llamarada,1,0.9016721951904327,classical_20260919T110356Z,LogisticRegression,optimized,val,0.5676900245181252,1
seg_007655,sample_02650,The girl just faded - Los Llamarada,1,0.9987134675667135,classical_20260919T110356Z,LogisticRegression,optimized,val,0.5676900245181252,1
seg_007668,sample_02655,Voxel - Andy G. Cohen,1,0.1655534098366925,classical_20260919T110356Z,LogisticRegression,optimized,val,0.5676900245181252,0
seg_007669,sample_02655,Voxel - Andy G. Cohen,1,0.7143479990773247,classical_20260919T110356Z,LogisticRegression,optimized,val,0.5676900245181252,1
seg_007670,sample_02655,Voxel - Andy G. Cohen,1,0.04025667911061684,classical_20260919T110356Z,LogisticRegression,optimized,val,0.5676900245181252,0
seg_007671,sample_02656,Voxel - Andy G. Cohen,1,0.9397500047634454,classical_20260919T110356Z,LogisticRegression,optimized,val,0.5676900245181252,1
seg_007672,sample_02656,Voxel - Andy G. Cohen,1,0.5958856844865571,classical_20260919T110356Z,LogisticRegression,optimized,val,0.5676900245181252,1
seg_007673,sample_02656,Voxel - Andy G. Cohen,1,0.9822846008601868,classical_20260919T110356Z,LogisticRegression,optimized,val,0.5676900245181252,1
seg_007692,sample_02663,Windows of the Skull - Sarin,1,0.8820189150497353,classical_20260919T110356Z,LogisticRegression,optimized,val,0.5676900245181252,1
seg_007693,sample_02663,Windows of the Skull - Sarin,1,0.6574994361925652,classical_20260919T110356Z,LogisticRegression,optimized,val,0.5676900245181252,1
seg_007694,sample_02663,Windows of the Skull - Sarin,1,0.9968343100425459,classical_20260919T110356Z,LogisticRegression,optimized,val,0.5676900245181252,1
seg_007695,sample_02664,Windows of the Skull - Sarin,1,0.9291822797450083,classical_20260919T110356Z,LogisticRegression,optimized,val,0.5676900245181252,1
seg_007696,sample_02664,Windows of the Skull - Sarin,1,0.8005362092861082,classical_20260919T110356Z,LogisticRegression,optimized,val,0.5676900245181252,1
seg_007697,sample_02664,Windows of the Skull - Sarin,1,0.9969748951009311,classical_20260919T110356Z,LogisticRegression,optimized,val,0.5676900245181252,1
seg_007710,sample_02669,Новый Нью-Йорк 2 - Чокнутый Пропеллер,1,0.7992716384092371,classical_20260919T110356Z,LogisticRegression,optimized,val,0.5676900245181252,1
seg_007711,sample_02669,Новый Нью-Йорк 2 - Чокнутый Пропеллер,1,0.5688085896481899,classical_20260919T110356Z,LogisticRegression,optimized,val,0.5676900245181252,1
seg_007712,sample_02669,Новый Нью-Йорк 2 - Чокнутый Пропеллер,1,0.8222798744151635,classical_20260919T110356Z,LogisticRegression,optimized,val,0.5676900245181252,1
seg_007713,sample_02670,Новый Нью-Йорк 2 - Чокнутый Пропеллер,1,0.7010541885687994,classical_20260919T110356Z,LogisticRegression,optimized,val,0.5676900245181252,1
seg_007714,sample_02670,Новый Нью-Йорк 2 - Чокнутый Пропеллер,1,0.8134099967667181,classical_20260919T110356Z,LogisticRegression,optimized,val,0.5676900245181252,1
seg_007715,sample_02670,Новый Нью-Йорк 2 - Чокнутый Пропеллер,1,0.9504778728746367,classical_20260919T110356Z,LogisticRegression,optimized,val,0.5676900245181252,1
seg_007737,sample_02678,CopperNickle - UncleBibby,1,0.8693478505697595,classical_20260919T110356Z,LogisticRegression,optimized,val,0.5676900245181252,1
seg_007738,sample_02678,CopperNickle - UncleBibby,1,0.5462695522305999,classical_20260919T110356Z,LogisticRegression,optimized,val,0.5676900245181252,0
seg_007739,sample_02678,CopperNickle - UncleBibby,1,0.9911850375120447,classical_20260919T110356Z,LogisticRegression,optimized,val,0.5676900245181252,1
seg_007743,sample_02680,Daylight Savings - My brother Daniel,1,0.37580239666480825,classical_20260919T110356Z,LogisticRegression,optimized,val,0.5676900245181252,0
seg_007744,sample_02680,Daylight Savings - My brother Daniel,1,0.805027525399988,classical_20260919T110356Z,LogisticRegression,optimized,val,0.5676900245181252,1
seg_007745,sample_02680,Daylight Savings - My brother Daniel,1,0.9455444119436952,classical_20260919T110356Z,LogisticRegression,optimized,val,0.5676900245181252,1
seg_007770,sample_02689,mystery team 2090 - Jesse Futerman,1,0.2294059923078591,classical_20260919T110356Z,LogisticRegression,optimized,val,0.5676900245181252,0
seg_007771,sample_02689,mystery team 2090 - Jesse Futerman,1,0.3669597816366036,classical_20260919T110356Z,LogisticRegression,optimized,val,0.5676900245181252,0
seg_007772,sample_02689,mystery team 2090 - Jesse Futerman,1,0.9286235112339235,classical_20260919T110356Z,LogisticRegression,optimized,val,0.5676900245181252,1
seg_007773,sample_02690,Night Drive - Decktonic,1,0.2950458771236203,classical_20260919T110356Z,LogisticRegression,optimized,val,0.5676900245181252,0
seg_007774,sample_02690,Night Drive - Decktonic,1,0.9246183241805015,classical_20260919T110356Z,LogisticRegression,optimized,val,0.5676900245181252,1
seg_007775,sample_02690,Night Drive - Decktonic,1,0.9744820598619158,classical_20260919T110356Z,LogisticRegression,optimized,val,0.5676900245181252,1
seg_007854,sample_02717,Agora - Malaventura,1,0.9972503001121152,classical_20260919T110356Z,LogisticRegression,optimized,val,0.5676900245181252,1
seg_007855,sample_02717,Agora - Malaventura,1,0.6546297130124565,classical_20260919T110356Z,LogisticRegression,optimized,val,0.5676900245181252,1
seg_007856,sample_02717,Agora - Malaventura,1,0.9953109767176914,classical_20260919T110356Z,LogisticRegression,optimized,val,0.5676900245181252,1
seg_007878,sample_02725,Evil Cannot Create - Caleb Lemond,1,0.9426715350244365,classical_20260919T110356Z,LogisticRegression,optimized,val,0.5676900245181252,1
seg_007879,sample_02725,Evil Cannot Create - Caleb Lemond,1,0.489441352325456,classical_20260919T110356Z,LogisticRegression,optimized,val,0.5676900245181252,0
seg_007880,sample_02725,Evil Cannot Create - Caleb Lemond,1,0.9993095577624347,classical_20260919T110356Z,LogisticRegression,optimized,val,0.5676900245181252,1
seg_007932,sample_02743,My Body Is A Weapon (Compromise Edit) - Silence is full of birds,1,0.8884838014406451,classical_20260919T110356Z,LogisticRegression,optimized,val,0.5676900245181252,1
seg_007933,sample_02743,My Body Is A Weapon (Compromise Edit) - Silence is full of birds,1,0.7970756174026595,classical_20260919T110356Z,LogisticRegression,optimized,val,0.5676900245181252,1
seg_007934,sample_02743,My Body Is A Weapon (Compromise Edit) - Silence is full of birds,1,0.8719349098229314,classical_20260919T110356Z,LogisticRegression,optimized,val,0.5676900245181252,1
seg_007938,sample_02745,New Life (take 1) - Bird Names,1,0.5345141258197218,classical_20260919T110356Z,LogisticRegression,optimized,val,0.5676900245181252,0
seg_007939,sample_02745,New Life (take 1) - Bird Names,1,0.6648230864311727,classical_20260919T110356Z,LogisticRegression,optimized,val,0.5676900245181252,1
seg_007940,sample_02745,New Life (take 1) - Bird Names,1,0.9989431699296499,classical_20260919T110356Z,LogisticRegression,optimized,val,0.5676900245181252,1
seg_007941,sample_02746,Norweigian Wood II - Bird Names,1,0.7612148411809314,classical_20260919T110356Z,LogisticRegression,optimized,val,0.5676900245181252,1
seg_007942,sample_02746,Norweigian Wood II - Bird Names,1,0.7942158692087844,classical_20260919T110356Z,LogisticRegression,optimized,val,0.5676900245181252,1
seg_007943,sample_02746,Norweigian Wood II - Bird Names,1,0.9980638216999494,classical_20260919T110356Z,LogisticRegression,optimized,val,0.5676900245181252,1
seg_007965,sample_02754,Roller Star - Monroeville Music Center,1,0.9186734574714424,classical_20260919T110356Z,LogisticRegression,optimized,val,0.5676900245181252,1
seg_007966,sample_02754,Roller Star - Monroeville Music Center,1,0.6278613920327658,classical_20260919T110356Z,LogisticRegression,optimized,val,0.5676900245181252,1
seg_007967,sample_02754,Roller Star - Monroeville Music Center,1,0.9791002319171571,classical_20260919T110356Z,LogisticRegression,optimized,val,0.5676900245181252,1
seg_007977,sample_02758,Soleares&beats - Malaventura,1,0.4152872304753545,classical_20260919T110356Z,LogisticRegression,optimized,val,0.5676900245181252,0
seg_007978,sample_02758,Soleares&beats - Malaventura,1,0.620249677224105,classical_20260919T110356Z,LogisticRegression,optimized,val,0.5676900245181252,1
seg_007979,sample_02758,Soleares&beats - Malaventura,1,0.9992274573582436,classical_20260919T110356Z,LogisticRegression,optimized,val,0.5676900245181252,1
seg_007989,sample_02762,Stockholm Syndrome / People Should Be More Aware - Bird Names,1,0.7891056833970539,classical_20260919T110356Z,LogisticRegression,optimized,val,0.5676900245181252,1
seg_007990,sample_02762,Stockholm Syndrome / People Should Be More Aware - Bird Names,1,0.8222285509839548,classical_20260919T110356Z,LogisticRegression,optimized,val,0.5676900245181252,1
seg_007991,sample_02762,Stockholm Syndrome / People Should Be More Aware - Bird Names,1,0.9994352019136816,classical_20260919T110356Z,LogisticRegression,optimized,val,0.5676900245181252,1
seg_008019,sample_02772,Time Is Love - Silence is full of birds,1,0.32503917014639333,classical_20260919T110356Z,LogisticRegression,optimized,val,0.5676900245181252,0
seg_008020,sample_02772,Time Is Love - Silence is full of birds,1,0.5277333175003179,classical_20260919T110356Z,LogisticRegression,optimized,val,0.5676900245181252,0
seg_008021,sample_02772,Time Is Love - Silence is full of birds,1,0.9997218664131814,classical_20260919T110356Z,LogisticRegression,optimized,val,0.5676900245181252,1
seg_008043,sample_02780,2 (Wasn't There) - Isle of Pine,1,0.9940533177595807,classical_20260919T110356Z,LogisticRegression,optimized,val,0.5676900245181252,1
seg_008044,sample_02780,2 (Wasn't There) - Isle of Pine,1,0.6807069361731078,classical_20260919T110356Z,LogisticRegression,optimized,val,0.5676900245181252,1
seg_008045,sample_02780,2 (Wasn't There) - Isle of Pine,1,0.9999768034153496,classical_20260919T110356Z,LogisticRegression,optimized,val,0.5676900245181252,1
seg_008073,sample_02790,Beyond Luxury - Mors Ontologica,1,0.982951549116025,classical_20260919T110356Z,LogisticRegression,optimized,val,0.5676900245181252,1
seg_008074,sample_02790,Beyond Luxury - Mors Ontologica,1,0.8671386671350096,classical_20260919T110356Z,LogisticRegression,optimized,val,0.5676900245181252,1
seg_008075,sample_02790,Beyond Luxury - Mors Ontologica,1,0.9990994175044511,classical_20260919T110356Z,LogisticRegression,optimized,val,0.5676900245181252,1
seg_008106,sample_02801,Empty Pockets - Pete Prodoehl,1,0.9870460343481455,classical_20260919T110356Z,LogisticRegression,optimized,val,0.5676900245181252,1
seg_008107,sample_02801,Empty Pockets - Pete Prodoehl,1,0.925810548341178,classical_20260919T110356Z,LogisticRegression,optimized,val,0.5676900245181252,1
seg_008108,sample_02801,Empty Pockets - Pete Prodoehl,1,0.9997319067051476,classical_20260919T110356Z,LogisticRegression,optimized,val,0.5676900245181252,1
seg_008121,sample_02806,Gila Monster Flop/Music History Lesson:The Sonics - The Crypts!,1,0.9975405296291393,classical_20260919T110356Z,LogisticRegression,optimized,val,0.5676900245181252,1
seg_008122,sample_02806,Gila Monster Flop/Music History Lesson:The Sonics - The Crypts!,1,0.1680382360182488,classical_20260919T110356Z,LogisticRegression,optimized,val,0.5676900245181252,0
seg_008123,sample_02806,Gila Monster Flop/Music History Lesson:The Sonics - The Crypts!,1,0.9999010836040467,classical_20260919T110356Z,LogisticRegression,optimized,val,0.5676900245181252,1
seg_008166,sample_02821,Lights Up - Pipe Choir,1,0.9730028984321223,classical_20260919T110356Z,LogisticRegression,optimized,val,0.5676900245181252,1
seg_008167,sample_02821,Lights Up - Pipe Choir,1,0.55369080909464,classical_20260919T110356Z,LogisticRegression,optimized,val,0.5676900245181252,0
seg_008168,sample_02821,Lights Up - Pipe Choir,1,0.9990081832152266,classical_20260919T110356Z,LogisticRegression,optimized,val,0.5676900245181252,1
seg_008178,sample_02825,March of the GPA Mechanics - [t]ghost,1,0.9944350279683559,classical_20260919T110356Z,LogisticRegression,optimized,val,0.5676900245181252,1
seg_008179,sample_02825,March of the GPA Mechanics - [t]ghost,1,0.5363726597606723,classical_20260919T110356Z,LogisticRegression,optimized,val,0.5676900245181252,0
seg_008180,sample_02825,March of the GPA Mechanics - [t]ghost,1,0.9959574858968556,classical_20260919T110356Z,LogisticRegression,optimized,val,0.5676900245181252,1
seg_008205,sample_02834,Redlight - Room For A Ghost,1,0.7561995350623739,classical_20260919T110356Z,LogisticRegression,optimized,val,0.5676900245181252,1
seg_008206,sample_02834,Redlight - Room For A Ghost,1,0.14399520932170817,classical_20260919T110356Z,LogisticRegression,optimized,val,0.5676900245181252,0
seg_008207,sample_02834,Redlight - Room For A Ghost,1,0.9998472795791679,classical_20260919T110356Z,LogisticRegression,optimized,val,0.5676900245181252,1
seg_008217,sample_02838,Scramby Eggs - Andy G. Cohen,1,0.6547351491044575,classical_20260919T110356Z,LogisticRegression,optimized,val,0.5676900245181252,1
seg_008218,sample_02838,Scramby Eggs - Andy G. Cohen,1,0.843302957411887,classical_20260919T110356Z,LogisticRegression,optimized,val,0.5676900245181252,1
seg_008219,sample_02838,Scramby Eggs - Andy G. Cohen,1,0.9924221271472783,classical_20260919T110356Z,LogisticRegression,optimized,val,0.5676900245181252,1
seg_008226,sample_02841,Shipwrecked Crew - Pete Prodoehl,1,0.9760980469524534,classical_20260919T110356Z,LogisticRegression,optimized,val,0.5676900245181252,1
seg_008227,sample_02841,Shipwrecked Crew - Pete Prodoehl,1,0.9814055979852071,classical_20260919T110356Z,LogisticRegression,optimized,val,0.5676900245181252,1
seg_008228,sample_02841,Shipwrecked Crew - Pete Prodoehl,1,0.9992471526774805,classical_20260919T110356Z,LogisticRegression,optimized,val,0.5676900245181252,1
seg_008244,sample_02847,В Наших Сердцах - Чокнутый Пропеллер,1,0.5972673424606199,classical_20260919T110356Z,LogisticRegression,optimized,val,0.5676900245181252,1
seg_008245,sample_02847,В Наших Сердцах - Чокнутый Пропеллер,1,0.2737331435740452,classical_20260919T110356Z,LogisticRegression,optimized,val,0.5676900245181252,0
seg_008246,sample_02847,В Наших Сердцах - Чокнутый Пропеллер,1,0.9989511539677649,classical_20260919T110356Z,LogisticRegression,optimized,val,0.5676900245181252,1
seg_008253,sample_02850,The girl just faded - Los Llamarada,1,0.8128900362855688,classical_20260919T110356Z,LogisticRegression,optimized,val,0.5676900245181252,1
seg_008254,sample_02850,The girl just faded - Los Llamarada,1,0.8766483787866786,classical_20260919T110356Z,LogisticRegression,optimized,val,0.5676900245181252,1
seg_008255,sample_02850,The girl just faded - Los Llamarada,1,0.9996260145689105,classical_20260919T110356Z,LogisticRegression,optimized,val,0.5676900245181252,1
seg_008265,sample_02854,Voxel - Andy G. Cohen,1,0.8443656576811316,classical_20260919T110356Z,LogisticRegression,optimized,val,0.5676900245181252,1
seg_008266,sample_02854,Voxel - Andy G. Cohen,1,0.7140209552697401,classical_20260919T110356Z,LogisticRegression,optimized,val,0.5676900245181252,1
seg_008267,sample_02854,Voxel - Andy G. Cohen,1,0.9943484458680862,classical_20260919T110356Z,LogisticRegression,optimized,val,0.5676900245181252,1
seg_008289,sample_02862,В Наших Сердцах - Чокнутый Пропеллер,1,0.638084047812414,classical_20260919T110356Z,LogisticRegression,optimized,val,0.5676900245181252,1
seg_008290,sample_02862,В Наших Сердцах - Чокнутый Пропеллер,1,0.6788133385897027,classical_20260919T110356Z,LogisticRegression,optimized,val,0.5676900245181252,1
seg_008291,sample_02862,В Наших Сердцах - Чокнутый Пропеллер,1,0.9997126751128061,classical_20260919T110356Z,LogisticRegression,optimized,val,0.5676900245181252,1
seg_008295,sample_02864,В Наших Сердцах - Чокнутый Пропеллер,1,0.6088849762499462,classical_20260919T110356Z,LogisticRegression,optimized,val,0.5676900245181252,1
seg_008296,sample_02864,В Наших Сердцах - Чокнутый Пропеллер,1,0.6040707614573906,classical_20260919T110356Z,LogisticRegression,optimized,val,0.5676900245181252,1
seg_008297,sample_02864,В Наших Сердцах - Чокнутый Пропеллер,1,0.9988741606028952,classical_20260919T110356Z,LogisticRegression,optimized,val,0.5676900245181252,1
seg_008304,sample_02867,2 (Wasn't There) - Isle of Pine,1,0.8648704839126253,classical_20260919T110356Z,LogisticRegression,optimized,val,0.5676900245181252,1
seg_008305,sample_02867,2 (Wasn't There) - Isle of Pine,1,0.15090541200246854,classical_20260919T110356Z,LogisticRegression,optimized,val,0.5676900245181252,0
seg_008306,sample_02867,2 (Wasn't There) - Isle of Pine,1,0.9190178597079054,classical_20260919T110356Z,LogisticRegression,optimized,val,0.5676900245181252,1
seg_008307,sample_02868,2 (Wasn't There) - Isle of Pine,1,0.9146606811531887,classical_20260919T110356Z,LogisticRegression,optimized,val,0.5676900245181252,1
seg_008308,sample_02868,2 (Wasn't There) - Isle of Pine,1,0.42598221097048505,classical_20260919T110356Z,LogisticRegression,optimized,val,0.5676900245181252,0
seg_008309,sample_02868,2 (Wasn't There) - Isle of Pine,1,0.9910547708744412,classical_20260919T110356Z,LogisticRegression,optimized,val,0.5676900245181252,1
seg_008400,sample_02899,CopperNickle - UncleBibby,1,0.5684215381668674,classical_20260919T110356Z,LogisticRegression,optimized,val,0.5676900245181252,1
seg_008401,sample_02899,CopperNickle - UncleBibby,1,0.09090112874357355,classical_20260919T110356Z,LogisticRegression,optimized,val,0.5676900245181252,0
seg_008402,sample_02899,CopperNickle - UncleBibby,1,0.9820412886243082,classical_20260919T110356Z,LogisticRegression,optimized,val,0.5676900245181252,1
seg_008403,sample_02900,CopperNickle - UncleBibby,1,0.4128085727238098,classical_20260919T110356Z,LogisticRegression,optimized,val,0.5676900245181252,0
seg_008404,sample_02900,CopperNickle - UncleBibby,1,0.3390485793492669,classical_20260919T110356Z,LogisticRegression,optimized,val,0.5676900245181252,0
seg_008405,sample_02900,CopperNickle - UncleBibby,1,0.9955186880359956,classical_20260919T110356Z,LogisticRegression,optimized,val,0.5676900245181252,1
seg_008418,sample_02905,Daylight Savings - My brother Daniel,1,0.593144942375755,classical_20260919T110356Z,LogisticRegression,optimized,val,0.5676900245181252,1
seg_008419,sample_02905,Daylight Savings - My brother Daniel,1,0.158152287055355,classical_20260919T110356Z,LogisticRegression,optimized,val,0.5676900245181252,0
seg_008420,sample_02905,Daylight Savings - My brother Daniel,1,0.968163703882155,classical_20260919T110356Z,LogisticRegression,optimized,val,0.5676900245181252,1
seg_008421,sample_02906,Daylight Savings - My brother Daniel,1,0.17180255715840853,classical_20260919T110356Z,LogisticRegression,optimized,val,0.5676900245181252,0
seg_008422,sample_02906,Daylight Savings - My brother Daniel,1,0.24110448912920573,classical_20260919T110356Z,LogisticRegression,optimized,val,0.5676900245181252,0
seg_008423,sample_02906,Daylight Savings - My brother Daniel,1,0.9776894251831617,classical_20260919T110356Z,LogisticRegression,optimized,val,0.5676900245181252,1
seg_008448,sample_02915,Empty Pockets - Pete Prodoehl,1,0.9906452014611881,classical_20260919T110356Z,LogisticRegression,optimized,val,0.5676900245181252,1
seg_008449,sample_02915,Empty Pockets - Pete Prodoehl,1,0.7503049541405435,classical_20260919T110356Z,LogisticRegression,optimized,val,0.5676900245181252,1
seg_008450,sample_02915,Empty Pockets - Pete Prodoehl,1,0.9529012221918873,classical_20260919T110356Z,LogisticRegression,optimized,val,0.5676900245181252,1
seg_008451,sample_02916,Empty Pockets - Pete Prodoehl,1,0.9939809509299821,classical_20260919T110356Z,LogisticRegression,optimized,val,0.5676900245181252,1
seg_008452,sample_02916,Empty Pockets - Pete Prodoehl,1,0.42427033480398624,classical_20260919T110356Z,LogisticRegression,optimized,val,0.5676900245181252,0
seg_008453,sample_02916,Empty Pockets - Pete Prodoehl,1,0.9805514295304392,classical_20260919T110356Z,LogisticRegression,optimized,val,0.5676900245181252,1
seg_008460,sample_02919,Evil Cannot Create - Caleb Lemond,1,0.5828500254757112,classical_20260919T110356Z,LogisticRegression,optimized,val,0.5676900245181252,1
seg_008461,sample_02919,Evil Cannot Create - Caleb Lemond,1,0.7843590338210005,classical_20260919T110356Z,LogisticRegression,optimized,val,0.5676900245181252,1
seg_008462,sample_02919,Evil Cannot Create - Caleb Lemond,1,0.9984573829712867,classical_20260919T110356Z,LogisticRegression,optimized,val,0.5676900245181252,1
seg_008463,sample_02920,Evil Cannot Create - Caleb Lemond,1,0.8386777981786888,classical_20260919T110356Z,LogisticRegression,optimized,val,0.5676900245181252,1
seg_008464,sample_02920,Evil Cannot Create - Caleb Lemond,1,0.7108003000782892,classical_20260919T110356Z,LogisticRegression,optimized,val,0.5676900245181252,1
seg_008465,sample_02920,Evil Cannot Create - Caleb Lemond,1,0.9712247956758048,classical_20260919T110356Z,LogisticRegression,optimized,val,0.5676900245181252,1
seg_008502,sample_02933,Gila Monster Flop/Music History Lesson:The Sonics - The Crypts!,1,0.031278758607487175,classical_20260919T110356Z,LogisticRegression,optimized,val,0.5676900245181252,0
seg_008503,sample_02933,Gila Monster Flop/Music History Lesson:The Sonics - The Crypts!,1,0.25400880969667755,classical_20260919T110356Z,LogisticRegression,optimized,val,0.5676900245181252,0
seg_008504,sample_02933,Gila Monster Flop/Music History Lesson:The Sonics - The Crypts!,1,0.735572177763401,classical_20260919T110356Z,LogisticRegression,optimized,val,0.5676900245181252,1
seg_008505,sample_02934,Gila Monster Flop/Music History Lesson:The Sonics - The Crypts!,1,0.11437372121098476,classical_20260919T110356Z,LogisticRegression,optimized,val,0.5676900245181252,0
seg_008506,sample_02934,Gila Monster Flop/Music History Lesson:The Sonics - The Crypts!,1,0.23179007038691177,classical_20260919T110356Z,LogisticRegression,optimized,val,0.5676900245181252,0
seg_008507,sample_02934,Gila Monster Flop/Music History Lesson:The Sonics - The Crypts!,1,0.32813617794387523,classical_20260919T110356Z,LogisticRegression,optimized,val,0.5676900245181252,0
seg_008538,sample_02945,I Fell - Mod Fun,1,0.7561324228036631,classical_20260919T110356Z,LogisticRegression,optimized,val,0.5676900245181252,1
seg_008539,sample_02945,I Fell - Mod Fun,1,0.21985139067913934,classical_20260919T110356Z,LogisticRegression,optimized,val,0.5676900245181252,0
seg_008540,sample_02945,I Fell - Mod Fun,1,0.9784190169865495,classical_20260919T110356Z,LogisticRegression,optimized,val,0.5676900245181252,1
seg_008541,sample_02946,I Fell - Mod Fun,1,0.5749546016702152,classical_20260919T110356Z,LogisticRegression,optimized,val,0.5676900245181252,1
seg_008542,sample_02946,I Fell - Mod Fun,1,0.27094059852483526,classical_20260919T110356Z,LogisticRegression,optimized,val,0.5676900245181252,0
seg_008543,sample_02946,I Fell - Mod Fun,1,0.9844983215616318,classical_20260919T110356Z,LogisticRegression,optimized,val,0.5676900245181252,1
seg_008652,sample_02983,March of the GPA Mechanics - [t]ghost,1,0.19442904531110605,classical_20260919T110356Z,LogisticRegression,optimized,val,0.5676900245181252,0
seg_008653,sample_02983,March of the GPA Mechanics - [t]ghost,1,0.7163233794287271,classical_20260919T110356Z,LogisticRegression,optimized,val,0.5676900245181252,1
seg_008654,sample_02983,March of the GPA Mechanics - [t]ghost,1,0.9576849888380503,classical_20260919T110356Z,LogisticRegression,optimized,val,0.5676900245181252,1
seg_008655,sample_02984,March of the GPA Mechanics - [t]ghost,1,0.15492483826701542,classical_20260919T110356Z,LogisticRegression,optimized,val,0.5676900245181252,0
seg_008656,sample_02984,March of the GPA Mechanics - [t]ghost,1,0.2778889730217635,classical_20260919T110356Z,LogisticRegression,optimized,val,0.5676900245181252,0
seg_008657,sample_02984,March of the GPA Mechanics - [t]ghost,1,0.9944538915877786,classical_20260919T110356Z,LogisticRegression,optimized,val,0.5676900245181252,1
seg_008700,sample_02999,New Life (take 1) - Bird Names,1,0.6158489308101929,classical_20260919T110356Z,LogisticRegression,optimized,val,0.5676900245181252,1
seg_008701,sample_02999,New Life (take 1) - Bird Names,1,0.44537704805666417,classical_20260919T110356Z,LogisticRegression,optimized,val,0.5676900245181252,0
seg_008702,sample_02999,New Life (take 1) - Bird Names,1,0.9806465756158567,classical_20260919T110356Z,LogisticRegression,optimized,val,0.5676900245181252,1
seg_008703,sample_03000,New Life (take 1) - Bird Names,1,0.715181470917179,classical_20260919T110356Z,LogisticRegression,optimized,val,0.5676900245181252,1
seg_008704,sample_03000,New Life (take 1) - Bird Names,1,0.46020454044675807,classical_20260919T110356Z,LogisticRegression,optimized,val,0.5676900245181252,0
seg_008705,sample_03000,New Life (take 1) - Bird Names,1,0.8311617438807383,classical_20260919T110356Z,LogisticRegression,optimized,val,0.5676900245181252,1
seg_008706,sample_03001,Night Drive - Decktonic,1,0.15921164078663427,classical_20260919T110356Z,LogisticRegression,optimized,val,0.5676900245181252,0
seg_008707,sample_03001,Night Drive - Decktonic,1,0.419387209947203,classical_20260919T110356Z,LogisticRegression,optimized,val,0.5676900245181252,0
seg_008708,sample_03001,Night Drive - Decktonic,1,0.9374149284995148,classical_20260919T110356Z,LogisticRegression,optimized,val,0.5676900245181252,1
seg_008709,sample_03002,Night Drive - Decktonic,1,0.23159996752250386,classical_20260919T110356Z,LogisticRegression,optimized,val,0.5676900245181252,0
seg_008710,sample_03002,Night Drive - Decktonic,1,0.4397982256669291,classical_20260919T110356Z,LogisticRegression,optimized,val,0.5676900245181252,0
seg_008711,sample_03002,Night Drive - Decktonic,1,0.996519218426249,classical_20260919T110356Z,LogisticRegression,optimized,val,0.5676900245181252,1
seg_008724,sample_03007,Norweigian Wood II - Bird Names,1,0.5056051806139183,classical_20260919T110356Z,LogisticRegression,optimized,val,0.5676900245181252,0
seg_008725,sample_03007,Norweigian Wood II - Bird Names,1,0.5238977790326556,classical_20260919T110356Z,LogisticRegression,optimized,val,0.5676900245181252,0
seg_008726,sample_03007,Norweigian Wood II - Bird Names,1,0.9614402518685535,classical_20260919T110356Z,LogisticRegression,optimized,val,0.5676900245181252,1
seg_008727,sample_03008,Norweigian Wood II - Bird Names,1,0.5385718935658313,classical_20260919T110356Z,LogisticRegression,optimized,val,0.5676900245181252,0
seg_008728,sample_03008,Norweigian Wood II - Bird Names,1,0.9521956277177537,classical_20260919T110356Z,LogisticRegression,optimized,val,0.5676900245181252,1
seg_008729,sample_03008,Norweigian Wood II - Bird Names,1,0.9661076106573293,classical_20260919T110356Z,LogisticRegression,optimized,val,0.5676900245181252,1
seg_008736,sample_03011,Nuo Maisemat - Paavoharju,1,0.793358331970931,classical_20260919T110356Z,LogisticRegression,optimized,val,0.5676900245181252,1
seg_008737,sample_03011,Nuo Maisemat - Paavoharju,1,0.2414409307698557,classical_20260919T110356Z,LogisticRegression,optimized,val,0.5676900245181252,0
seg_008738,sample_03011,Nuo Maisemat - Paavoharju,1,0.9339380481365475,classical_20260919T110356Z,LogisticRegression,optimized,val,0.5676900245181252,1
seg_008739,sample_03012,Nuo Maisemat - Paavoharju,1,0.9369257463796294,classical_20260919T110356Z,LogisticRegression,optimized,val,0.5676900245181252,1
seg_008740,sample_03012,Nuo Maisemat - Paavoharju,1,0.5976325698237358,classical_20260919T110356Z,LogisticRegression,optimized,val,0.5676900245181252,1
seg_008741,sample_03012,Nuo Maisemat - Paavoharju,1,0.8449805682525795,classical_20260919T110356Z,LogisticRegression,optimized,val,0.5676900245181252,1
seg_008844,sample_03047,Roller Star - Monroeville Music Center,1,0.5514012013913195,classical_20260919T110356Z,LogisticRegression,optimized,val,0.5676900245181252,0
seg_008845,sample_03047,Roller Star - Monroeville Music Center,1,0.3227207456912411,classical_20260919T110356Z,LogisticRegression,optimized,val,0.5676900245181252,0
seg_008846,sample_03047,Roller Star - Monroeville Music Center,1,0.9532220503420517,classical_20260919T110356Z,LogisticRegression,optimized,val,0.5676900245181252,1
seg_008847,sample_03048,Roller Star - Monroeville Music Center,1,0.41372777894702767,classical_20260919T110356Z,LogisticRegression,optimized,val,0.5676900245181252,0
seg_008848,sample_03048,Roller Star - Monroeville Music Center,1,0.2849930149727938,classical_20260919T110356Z,LogisticRegression,optimized,val,0.5676900245181252,0
seg_008849,sample_03048,Roller Star - Monroeville Music Center,1,0.9597470720407556,classical_20260919T110356Z,LogisticRegression,optimized,val,0.5676900245181252,1
seg_008850,sample_03049,"Roundtrip - Oh Yeah, the Future",1,0.6174691394019333,classical_20260919T110356Z,LogisticRegression,optimized,val,0.5676900245181252,1
seg_008851,sample_03049,"Roundtrip - Oh Yeah, the Future",1,0.4782415661707506,classical_20260919T110356Z,LogisticRegression,optimized,val,0.5676900245181252,0
seg_008852,sample_03049,"Roundtrip - Oh Yeah, the Future",1,0.9958396310160282,classical_20260919T110356Z,LogisticRegression,optimized,val,0.5676900245181252,1
seg_008853,sample_03050,"Roundtrip - Oh Yeah, the Future",1,0.9128453246292942,classical_20260919T110356Z,LogisticRegression,optimized,val,0.5676900245181252,1
seg_008854,sample_03050,"Roundtrip - Oh Yeah, the Future",1,0.367253827547311,classical_20260919T110356Z,LogisticRegression,optimized,val,0.5676900245181252,0
seg_008855,sample_03050,"Roundtrip - Oh Yeah, the Future",1,0.9796720989600337,classical_20260919T110356Z,LogisticRegression,optimized,val,0.5676900245181252,1
seg_008862,sample_03053,SD (Ill Mix) - H-LR,1,0.05229533916347581,classical_20260919T110356Z,LogisticRegression,optimized,val,0.5676900245181252,0
seg_008863,sample_03053,SD (Ill Mix) - H-LR,1,0.1372785534377481,classical_20260919T110356Z,LogisticRegression,optimized,val,0.5676900245181252,0
seg_008864,sample_03053,SD (Ill Mix) - H-LR,1,0.9752091903772809,classical_20260919T110356Z,LogisticRegression,optimized,val,0.5676900245181252,1
seg_008865,sample_03054,SD (Ill Mix) - H-LR,1,0.9647450007496331,classical_20260919T110356Z,LogisticRegression,optimized,val,0.5676900245181252,1
seg_008866,sample_03054,SD (Ill Mix) - H-LR,1,0.6782983701326942,classical_20260919T110356Z,LogisticRegression,optimized,val,0.5676900245181252,1
seg_008867,sample_03054,SD (Ill Mix) - H-LR,1,0.9577308966510327,classical_20260919T110356Z,LogisticRegression,optimized,val,0.5676900245181252,1
seg_008868,sample_03055,Scramby Eggs - Andy G. Cohen,1,0.7398476796660407,classical_20260919T110356Z,LogisticRegression,optimized,val,0.5676900245181252,1
seg_008869,sample_03055,Scramby Eggs - Andy G. Cohen,1,0.16069314034980242,classical_20260919T110356Z,LogisticRegression,optimized,val,0.5676900245181252,0
seg_008870,sample_03055,Scramby Eggs - Andy G. Cohen,1,0.9393778450060392,classical_20260919T110356Z,LogisticRegression,optimized,val,0.5676900245181252,1
seg_008871,sample_03056,Scramby Eggs - Andy G. Cohen,1,0.24894918915751724,classical_20260919T110356Z,LogisticRegression,optimized,val,0.5676900245181252,0
seg_008872,sample_03056,Scramby Eggs - Andy G. Cohen,1,0.4196700501138053,classical_20260919T110356Z,LogisticRegression,optimized,val,0.5676900245181252,0
seg_008873,sample_03056,Scramby Eggs - Andy G. Cohen,1,0.6361935558445551,classical_20260919T110356Z,LogisticRegression,optimized,val,0.5676900245181252,1
seg_008910,sample_03069,Soleares&beats - Malaventura,1,0.6791112515208292,classical_20260919T110356Z,LogisticRegression,optimized,val,0.5676900245181252,1
seg_008911,sample_03069,Soleares&beats - Malaventura,1,0.236865643740094,classical_20260919T110356Z,LogisticRegression,optimized,val,0.5676900245181252,0
seg_008912,sample_03069,Soleares&beats - Malaventura,1,0.9847389693899103,classical_20260919T110356Z,LogisticRegression,optimized,val,0.5676900245181252,1
seg_008913,sample_03070,Soleares&beats - Malaventura,1,0.9589170103239211,classical_20260919T110356Z,LogisticRegression,optimized,val,0.5676900245181252,1
seg_008914,sample_03070,Soleares&beats - Malaventura,1,0.4209452446300897,classical_20260919T110356Z,LogisticRegression,optimized,val,0.5676900245181252,0
seg_008915,sample_03070,Soleares&beats - Malaventura,1,0.9501513659620107,classical_20260919T110356Z,LogisticRegression,optimized,val,0.5676900245181252,1
seg_008934,sample_03077,Stockholm Syndrome / People Should Be More Aware - Bird Names,1,0.4913874135188229,classical_20260919T110356Z,LogisticRegression,optimized,val,0.5676900245181252,0
seg_008935,sample_03077,Stockholm Syndrome / People Should Be More Aware - Bird Names,1,0.9061950840743074,classical_20260919T110356Z,LogisticRegression,optimized,val,0.5676900245181252,1
seg_008936,sample_03077,Stockholm Syndrome / People Should Be More Aware - Bird Names,1,0.9868076514296104,classical_20260919T110356Z,LogisticRegression,optimized,val,0.5676900245181252,1
seg_008937,sample_03078,Stockholm Syndrome / People Should Be More Aware - Bird Names,1,0.16738265253472856,classical_20260919T110356Z,LogisticRegression,optimized,val,0.5676900245181252,0
seg_008938,sample_03078,Stockholm Syndrome / People Should Be More Aware - Bird Names,1,0.6314665821136652,classical_20260919T110356Z,LogisticRegression,optimized,val,0.5676900245181252,1
seg_008939,sample_03078,Stockholm Syndrome / People Should Be More Aware - Bird Names,1,0.78090189708857,classical_20260919T110356Z,LogisticRegression,optimized,val,0.5676900245181252,1
seg_009030,sample_03109,The girl just faded - Los Llamarada,1,0.7928494689379704,classical_20260919T110356Z,LogisticRegression,optimized,val,0.5676900245181252,1
seg_009031,sample_03109,The girl just faded - Los Llamarada,1,0.4192178504678928,classical_20260919T110356Z,LogisticRegression,optimized,val,0.5676900245181252,0
seg_009032,sample_03109,The girl just faded - Los Llamarada,1,0.42718576176083434,classical_20260919T110356Z,LogisticRegression,optimized,val,0.5676900245181252,0
seg_009033,sample_03110,The girl just faded - Los Llamarada,1,0.554593644087609,classical_20260919T110356Z,LogisticRegression,optimized,val,0.5676900245181252,0
seg_009034,sample_03110,The girl just faded - Los Llamarada,1,0.4098387585482721,classical_20260919T110356Z,LogisticRegression,optimized,val,0.5676900245181252,0
seg_009035,sample_03110,The girl just faded - Los Llamarada,1,0.881422402853685,classical_20260919T110356Z,LogisticRegression,optimized,val,0.5676900245181252,1
seg_009042,sample_03113,Time Is Love - Silence is full of birds,1,0.38341179386440627,classical_20260919T110356Z,LogisticRegression,optimized,val,0.5676900245181252,0
seg_009043,sample_03113,Time Is Love - Silence is full of birds,1,0.6238089978810641,classical_20260919T110356Z,LogisticRegression,optimized,val,0.5676900245181252,1
seg_009044,sample_03113,Time Is Love - Silence is full of birds,1,0.9892900531839022,classical_20260919T110356Z,LogisticRegression,optimized,val,0.5676900245181252,1
seg_009045,sample_03114,Time Is Love - Silence is full of birds,1,0.5413442874454761,classical_20260919T110356Z,LogisticRegression,optimized,val,0.5676900245181252,0
seg_009046,sample_03114,Time Is Love - Silence is full of birds,1,0.3227066235227343,classical_20260919T110356Z,LogisticRegression,optimized,val,0.5676900245181252,0
seg_009047,sample_03114,Time Is Love - Silence is full of birds,1,0.924533347704194,classical_20260919T110356Z,LogisticRegression,optimized,val,0.5676900245181252,1
seg_009078,sample_03125,Voxel - Andy G. Cohen,1,0.9344890527151158,classical_20260919T110356Z,LogisticRegression,optimized,val,0.5676900245181252,1
seg_009079,sample_03125,Voxel - Andy G. Cohen,1,0.09394668004526678,classical_20260919T110356Z,LogisticRegression,optimized,val,0.5676900245181252,0
seg_009080,sample_03125,Voxel - Andy G. Cohen,1,0.7750808827553108,classical_20260919T110356Z,LogisticRegression,optimized,val,0.5676900245181252,1
seg_009081,sample_03126,Voxel - Andy G. Cohen,1,0.9464099594387307,classical_20260919T110356Z,LogisticRegression,optimized,val,0.5676900245181252,1
seg_009082,sample_03126,Voxel - Andy G. Cohen,1,0.30268210644682736,classical_20260919T110356Z,LogisticRegression,optimized,val,0.5676900245181252,0
seg_009083,sample_03126,Voxel - Andy G. Cohen,1,0.9681981002349902,classical_20260919T110356Z,LogisticRegression,optimized,val,0.5676900245181252,1
seg_009114,sample_03137,Windows of the Skull - Sarin,1,0.7956903057261833,classical_20260919T110356Z,LogisticRegression,optimized,val,0.5676900245181252,1
seg_009115,sample_03137,Windows of the Skull - Sarin,1,0.2664778813228325,classical_20260919T110356Z,LogisticRegression,optimized,val,0.5676900245181252,0
seg_009116,sample_03137,Windows of the Skull - Sarin,1,0.9926799201075174,classical_20260919T110356Z,LogisticRegression,optimized,val,0.5676900245181252,1
seg_009117,sample_03138,Windows of the Skull - Sarin,1,0.6535377609083163,classical_20260919T110356Z,LogisticRegression,optimized,val,0.5676900245181252,1
seg_009118,sample_03138,Windows of the Skull - Sarin,1,0.08570276370000672,classical_20260919T110356Z,LogisticRegression,optimized,val,0.5676900245181252,0
seg_009119,sample_03138,Windows of the Skull - Sarin,1,0.5019033999722976,classical_20260919T110356Z,LogisticRegression,optimized,val,0.5676900245181252,0
seg_009168,sample_03155,mystery team 2090 - Jesse Futerman,1,0.9723254143190379,classical_20260919T110356Z,LogisticRegression,optimized,val,0.5676900245181252,1
seg_009169,sample_03155,mystery team 2090 - Jesse Futerman,1,0.5545715292131175,classical_20260919T110356Z,LogisticRegression,optimized,val,0.5676900245181252,0
seg_009170,sample_03155,mystery team 2090 - Jesse Futerman,1,0.9761189116652488,classical_20260919T110356Z,LogisticRegression,optimized,val,0.5676900245181252,1
seg_009171,sample_03156,mystery team 2090 - Jesse Futerman,1,0.5005921433476311,classical_20260919T110356Z,LogisticRegression,optimized,val,0.5676900245181252,0
seg_009172,sample_03156,mystery team 2090 - Jesse Futerman,1,0.7580338563523717,classical_20260919T110356Z,LogisticRegression,optimized,val,0.5676900245181252,1
seg_009173,sample_03156,mystery team 2090 - Jesse Futerman,1,0.9214582820492413,classical_20260919T110356Z,LogisticRegression,optimized,val,0.5676900245181252,1
seg_009192,sample_03163,Новый Нью-Йорк 2 - Чокнутый Пропеллер,1,0.11785156844674549,classical_20260919T110356Z,LogisticRegression,optimized,val,0.5676900245181252,0
seg_009193,sample_03163,Новый Нью-Йорк 2 - Чокнутый Пропеллер,1,0.12390406541447184,classical_20260919T110356Z,LogisticRegression,optimized,val,0.5676900245181252,0
seg_009194,sample_03163,Новый Нью-Йорк 2 - Чокнутый Пропеллер,1,0.2899558195823192,classical_20260919T110356Z,LogisticRegression,optimized,val,0.5676900245181252,0
seg_009195,sample_03164,Новый Нью-Йорк 2 - Чокнутый Пропеллер,1,0.36336692741740206,classical_20260919T110356Z,LogisticRegression,optimized,val,0.5676900245181252,0
seg_009196,sample_03164,Новый Нью-Йорк 2 - Чокнутый Пропеллер,1,0.2155839337861847,classical_20260919T110356Z,LogisticRegression,optimized,val,0.5676900245181252,0
seg_009197,sample_03164,Новый Нью-Йорк 2 - Чокнутый Пропеллер,1,0.7960607037026218,classical_20260919T110356Z,LogisticRegression,optimized,val,0.5676900245181252,1
seg_009207,sample_03168,2 (Wasn't There) - Isle of Pine,1,0.9140166090836636,classical_20260919T110356Z,LogisticRegression,optimized,val,0.5676900245181252,1
seg_009208,sample_03168,2 (Wasn't There) - Isle of Pine,1,0.24672334982645347,classical_20260919T110356Z,LogisticRegression,optimized,val,0.5676900245181252,0
seg_009209,sample_03168,2 (Wasn't There) - Isle of Pine,1,0.8434061396207111,classical_20260919T110356Z,LogisticRegression,optimized,val,0.5676900245181252,1
seg_009228,sample_03175,Agora - Malaventura,1,0.2631260651144744,classical_20260919T110356Z,LogisticRegression,optimized,val,0.5676900245181252,0
seg_009229,sample_03175,Agora - Malaventura,1,0.8171524987391365,classical_20260919T110356Z,LogisticRegression,optimized,val,0.5676900245181252,1
seg_009230,sample_03175,Agora - Malaventura,1,0.9583231794748285,classical_20260919T110356Z,LogisticRegression,optimized,val,0.5676900245181252,1
seg_009279,sample_03192,Beyond Luxury - Mors Ontologica,1,0.5046780068276615,classical_20260919T110356Z,LogisticRegression,optimized,val,0.5676900245181252,0
seg_009280,sample_03192,Beyond Luxury - Mors Ontologica,1,0.9081591028307822,classical_20260919T110356Z,LogisticRegression,optimized,val,0.5676900245181252,1
seg_009281,sample_03192,Beyond Luxury - Mors Ontologica,1,0.941813865803472,classical_20260919T110356Z,LogisticRegression,optimized,val,0.5676900245181252,1
seg_009324,sample_03207,CopperNickle - UncleBibby,1,0.0856195713488429,classical_20260919T110356Z,LogisticRegression,optimized,val,0.5676900245181252,0
seg_009325,sample_03207,CopperNickle - UncleBibby,1,0.9540827292377818,classical_20260919T110356Z,LogisticRegression,optimized,val,0.5676900245181252,1
seg_009326,sample_03207,CopperNickle - UncleBibby,1,0.9956549510774175,classical_20260919T110356Z,LogisticRegression,optimized,val,0.5676900245181252,1
seg_009339,sample_03212,Daylight Savings - My brother Daniel,1,0.9481128578378837,classical_20260919T110356Z,LogisticRegression,optimized,val,0.5676900245181252,1
seg_009340,sample_03212,Daylight Savings - My brother Daniel,1,0.6583670390363435,classical_20260919T110356Z,LogisticRegression,optimized,val,0.5676900245181252,1
seg_009341,sample_03212,Daylight Savings - My brother Daniel,1,0.7012679874903789,classical_20260919T110356Z,LogisticRegression,optimized,val,0.5676900245181252,1
seg_009375,sample_03224,Empty Pockets - Pete Prodoehl,1,0.8446643141499172,classical_20260919T110356Z,LogisticRegression,optimized,val,0.5676900245181252,1
seg_009376,sample_03224,Empty Pockets - Pete Prodoehl,1,0.6524941387739989,classical_20260919T110356Z,LogisticRegression,optimized,val,0.5676900245181252,1
seg_009377,sample_03224,Empty Pockets - Pete Prodoehl,1,0.29100690926865136,classical_20260919T110356Z,LogisticRegression,optimized,val,0.5676900245181252,0
seg_009393,sample_03230,Evil Cannot Create - Caleb Lemond,1,0.9517574671073882,classical_20260919T110356Z,LogisticRegression,optimized,val,0.5676900245181252,1
seg_009394,sample_03230,Evil Cannot Create - Caleb Lemond,1,0.9935637102220198,classical_20260919T110356Z,LogisticRegression,optimized,val,0.5676900245181252,1
seg_009395,sample_03230,Evil Cannot Create - Caleb Lemond,1,0.9943090339371913,classical_20260919T110356Z,LogisticRegression,optimized,val,0.5676900245181252,1
seg_009399,sample_03232,Fear - Los Fancy Free,1,0.9485978741214346,classical_20260919T110356Z,LogisticRegression,optimized,val,0.5676900245181252,1
seg_009400,sample_03232,Fear - Los Fancy Free,1,0.9654796596749343,classical_20260919T110356Z,LogisticRegression,optimized,val,0.5676900245181252,1
seg_009401,sample_03232,Fear - Los Fancy Free,1,0.9620491969913259,classical_20260919T110356Z,LogisticRegression,optimized,val,0.5676900245181252,1
seg_009402,sample_03233,Fifth Ramble - From the album Keith [RSVP007] - My brother Daniel,1,0.8069160221979467,classical_20260919T110356Z,LogisticRegression,optimized,val,0.5676900245181252,1
seg_009403,sample_03233,Fifth Ramble - From the album Keith [RSVP007] - My brother Daniel,1,0.9683327498476285,classical_20260919T110356Z,LogisticRegression,optimized,val,0.5676900245181252,1
seg_009404,sample_03233,Fifth Ramble - From the album Keith [RSVP007] - My brother Daniel,1,0.6573785002921505,classical_20260919T110356Z,LogisticRegression,optimized,val,0.5676900245181252,1
seg_009438,sample_03245,Gila Monster Flop/Music History Lesson:The Sonics - The Crypts!,1,0.231869335015898,classical_20260919T110356Z,LogisticRegression,optimized,val,0.5676900245181252,0
seg_009439,sample_03245,Gila Monster Flop/Music History Lesson:The Sonics - The Crypts!,1,0.269980456628462,classical_20260919T110356Z,LogisticRegression,optimized,val,0.5676900245181252,0
seg_009440,sample_03245,Gila Monster Flop/Music History Lesson:The Sonics - The Crypts!,1,0.9972338661262519,classical_20260919T110356Z,LogisticRegression,optimized,val,0.5676900245181252,1
seg_009471,sample_03256,If You're Ther - Nicola Ratti,1,0.9658479177935976,classical_20260919T110356Z,LogisticRegression,optimized,val,0.5676900245181252,1
seg_009472,sample_03256,If You're Ther - Nicola Ratti,1,0.6100757712090297,classical_20260919T110356Z,LogisticRegression,optimized,val,0.5676900245181252,1
seg_009473,sample_03256,If You're Ther - Nicola Ratti,1,0.8537417851199904,classical_20260919T110356Z,LogisticRegression,optimized,val,0.5676900245181252,1
seg_009501,sample_03266,I Fell - Mod Fun,1,0.6966952958157984,classical_20260919T110356Z,LogisticRegression,optimized,val,0.5676900245181252,1
seg_009502,sample_03266,I Fell - Mod Fun,1,0.9958031124366953,classical_20260919T110356Z,LogisticRegression,optimized,val,0.5676900245181252,1
seg_009503,sample_03266,I Fell - Mod Fun,1,0.9851606601004915,classical_20260919T110356Z,LogisticRegression,optimized,val,0.5676900245181252,1
seg_009549,sample_03282,Kumorizoranohajimarutokoro - Hosomi,1,0.8650996976712274,classical_20260919T110356Z,LogisticRegression,optimized,val,0.5676900245181252,1
seg_009550,sample_03282,Kumorizoranohajimarutokoro - Hosomi,1,0.8819734863458129,classical_20260919T110356Z,LogisticRegression,optimized,val,0.5676900245181252,1
seg_009551,sample_03282,Kumorizoranohajimarutokoro - Hosomi,1,0.9222200569867988,classical_20260919T110356Z,LogisticRegression,optimized,val,0.5676900245181252,1
seg_009585,sample_03294,Lights Up - Pipe Choir,1,0.7698498614601612,classical_20260919T110356Z,LogisticRegression,optimized,val,0.5676900245181252,1
seg_009586,sample_03294,Lights Up - Pipe Choir,1,0.9587642922440078,classical_20260919T110356Z,LogisticRegression,optimized,val,0.5676900245181252,1
seg_009587,sample_03294,Lights Up - Pipe Choir,1,0.8402850798274386,classical_20260919T110356Z,LogisticRegression,optimized,val,0.5676900245181252,1
seg_009603,sample_03300,Loved Ones - Rowan Box,1,0.7147357841295982,classical_20260919T110356Z,LogisticRegression,optimized,val,0.5676900245181252,1
seg_009604,sample_03300,Loved Ones - Rowan Box,1,0.719921047537141,classical_20260919T110356Z,LogisticRegression,optimized,val,0.5676900245181252,1
seg_009605,sample_03300,Loved Ones - Rowan Box,1,0.8288787132916625,classical_20260919T110356Z,LogisticRegression,optimized,val,0.5676900245181252,1
seg_009615,sample_03304,March of the GPA Mechanics - [t]ghost,1,0.8943201241961409,classical_20260919T110356Z,LogisticRegression,optimized,val,0.5676900245181252,1
seg_009616,sample_03304,March of the GPA Mechanics - [t]ghost,1,0.9503828403417637,classical_20260919T110356Z,LogisticRegression,optimized,val,0.5676900245181252,1
seg_009617,sample_03304,March of the GPA Mechanics - [t]ghost,1,0.5441509918801862,classical_20260919T110356Z,LogisticRegression,optimized,val,0.5676900245181252,0
seg_009636,sample_03311,Morning Bell - Nihilore,1,0.8888913163742884,classical_20260919T110356Z,LogisticRegression,optimized,val,0.5676900245181252,1
seg_009637,sample_03311,Morning Bell - Nihilore,1,0.9594149388689596,classical_20260919T110356Z,LogisticRegression,optimized,val,0.5676900245181252,1
seg_009638,sample_03311,Morning Bell - Nihilore,1,0.9934103587191941,classical_20260919T110356Z,LogisticRegression,optimized,val,0.5676900245181252,1
seg_009651,sample_03316,mystery team 2090 - Jesse Futerman,1,0.8135327176563283,classical_20260919T110356Z,LogisticRegression,optimized,val,0.5676900245181252,1
seg_009652,sample_03316,mystery team 2090 - Jesse Futerman,1,0.8564883133226121,classical_20260919T110356Z,LogisticRegression,optimized,val,0.5676900245181252,1
seg_009653,sample_03316,mystery team 2090 - Jesse Futerman,1,0.9662053011446681,classical_20260919T110356Z,LogisticRegression,optimized,val,0.5676900245181252,1
seg_009654,sample_03317,My Body Is A Weapon (Compromise Edit) - Silence is full of birds,1,0.9462528366634388,classical_20260919T110356Z,LogisticRegression,optimized,val,0.5676900245181252,1
seg_009655,sample_03317,My Body Is A Weapon (Compromise Edit) - Silence is full of birds,1,0.7573978173261603,classical_20260919T110356Z,LogisticRegression,optimized,val,0.5676900245181252,1
seg_009656,sample_03317,My Body Is A Weapon (Compromise Edit) - Silence is full of birds,1,0.7466211106619678,classical_20260919T110356Z,LogisticRegression,optimized,val,0.5676900245181252,1
seg_009666,sample_03321,New Life (take 1) - Bird Names,1,0.9181965642132638,classical_20260919T110356Z,LogisticRegression,optimized,val,0.5676900245181252,1
seg_009667,sample_03321,New Life (take 1) - Bird Names,1,0.9469259642019224,classical_20260919T110356Z,LogisticRegression,optimized,val,0.5676900245181252,1
seg_009668,sample_03321,New Life (take 1) - Bird Names,1,0.9109718671550991,classical_20260919T110356Z,LogisticRegression,optimized,val,0.5676900245181252,1
seg_009672,sample_03323,Night Drive - Decktonic,1,0.6180496367421985,classical_20260919T110356Z,LogisticRegression,optimized,val,0.5676900245181252,1
seg_009673,sample_03323,Night Drive - Decktonic,1,0.9920067517236705,classical_20260919T110356Z,LogisticRegression,optimized,val,0.5676900245181252,1
seg_009674,sample_03323,Night Drive - Decktonic,1,0.9529886140252211,classical_20260919T110356Z,LogisticRegression,optimized,val,0.5676900245181252,1
seg_009681,sample_03326,Norweigian Wood II - Bird Names,1,0.5569011493518107,classical_20260919T110356Z,LogisticRegression,optimized,val,0.5676900245181252,0
seg_009682,sample_03326,Norweigian Wood II - Bird Names,1,0.6887514419686601,classical_20260919T110356Z,LogisticRegression,optimized,val,0.5676900245181252,1
seg_009683,sample_03326,Norweigian Wood II - Bird Names,1,0.8423448905273538,classical_20260919T110356Z,LogisticRegression,optimized,val,0.5676900245181252,1
seg_009693,sample_03330,Nuo Maisemat - Paavoharju,1,0.6436212617526935,classical_20260919T110356Z,LogisticRegression,optimized,val,0.5676900245181252,1
seg_009694,sample_03330,Nuo Maisemat - Paavoharju,1,0.7821434850069121,classical_20260919T110356Z,LogisticRegression,optimized,val,0.5676900245181252,1
seg_009695,sample_03330,Nuo Maisemat - Paavoharju,1,0.8851957108801778,classical_20260919T110356Z,LogisticRegression,optimized,val,0.5676900245181252,1
seg_009756,sample_03351,Redlight - Room For A Ghost,1,0.995250237350074,classical_20260919T110356Z,LogisticRegression,optimized,val,0.5676900245181252,1
seg_009757,sample_03351,Redlight - Room For A Ghost,1,0.9978117191806738,classical_20260919T110356Z,LogisticRegression,optimized,val,0.5676900245181252,1
seg_009758,sample_03351,Redlight - Room For A Ghost,1,0.8443349195801242,classical_20260919T110356Z,LogisticRegression,optimized,val,0.5676900245181252,1
seg_009774,sample_03357,Roller Star - Monroeville Music Center,1,0.9853990875500585,classical_20260919T110356Z,LogisticRegression,optimized,val,0.5676900245181252,1
seg_009775,sample_03357,Roller Star - Monroeville Music Center,1,0.9876938744603062,classical_20260919T110356Z,LogisticRegression,optimized,val,0.5676900245181252,1
seg_009776,sample_03357,Roller Star - Monroeville Music Center,1,0.983584756463895,classical_20260919T110356Z,LogisticRegression,optimized,val,0.5676900245181252,1
seg_009780,sample_03359,"Roundtrip - Oh Yeah, the Future",1,0.692592721677701,classical_20260919T110356Z,LogisticRegression,optimized,val,0.5676900245181252,1
seg_009781,sample_03359,"Roundtrip - Oh Yeah, the Future",1,0.9619604061138254,classical_20260919T110356Z,LogisticRegression,optimized,val,0.5676900245181252,1
seg_009782,sample_03359,"Roundtrip - Oh Yeah, the Future",1,0.9640217888218057,classical_20260919T110356Z,LogisticRegression,optimized,val,0.5676900245181252,1
seg_009792,sample_03363,Scramby Eggs - Andy G. Cohen,1,0.8923533535934746,classical_20260919T110356Z,LogisticRegression,optimized,val,0.5676900245181252,1
seg_009793,sample_03363,Scramby Eggs - Andy G. Cohen,1,0.9929879506147908,classical_20260919T110356Z,LogisticRegression,optimized,val,0.5676900245181252,1
seg_009794,sample_03363,Scramby Eggs - Andy G. Cohen,1,0.4072882185289173,classical_20260919T110356Z,LogisticRegression,optimized,val,0.5676900245181252,0
seg_009795,sample_03364,SD (Ill Mix) - H-LR,1,0.7874869284103962,classical_20260919T110356Z,LogisticRegression,optimized,val,0.5676900245181252,1
seg_009796,sample_03364,SD (Ill Mix) - H-LR,1,0.9985016702029352,classical_20260919T110356Z,LogisticRegression,optimized,val,0.5676900245181252,1
seg_009797,sample_03364,SD (Ill Mix) - H-LR,1,0.9840322079692333,classical_20260919T110356Z,LogisticRegression,optimized,val,0.5676900245181252,1
seg_009819,sample_03372,Shipwrecked Crew - Pete Prodoehl,1,0.5489512991853985,classical_20260919T110356Z,LogisticRegression,optimized,val,0.5676900245181252,0
seg_009820,sample_03372,Shipwrecked Crew - Pete Prodoehl,1,0.9811318212047031,classical_20260919T110356Z,LogisticRegression,optimized,val,0.5676900245181252,1
seg_009821,sample_03372,Shipwrecked Crew - Pete Prodoehl,1,0.807332973875037,classical_20260919T110356Z,LogisticRegression,optimized,val,0.5676900245181252,1
seg_009837,sample_03378,Soleares&beats - Malaventura,1,0.9335615037715461,classical_20260919T110356Z,LogisticRegression,optimized,val,0.5676900245181252,1
seg_009838,sample_03378,Soleares&beats - Malaventura,1,0.8966586690916324,classical_20260919T110356Z,LogisticRegression,optimized,val,0.5676900245181252,1
seg_009839,sample_03378,Soleares&beats - Malaventura,1,0.42489351622948146,classical_20260919T110356Z,LogisticRegression,optimized,val,0.5676900245181252,0
seg_009843,sample_03380,some dextromethorphan - Jeva,1,0.9585781341896161,classical_20260919T110356Z,LogisticRegression,optimized,val,0.5676900245181252,1
seg_009844,sample_03380,some dextromethorphan - Jeva,1,0.8552409349652095,classical_20260919T110356Z,LogisticRegression,optimized,val,0.5676900245181252,1
seg_009845,sample_03380,some dextromethorphan - Jeva,1,0.8628027979877712,classical_20260919T110356Z,LogisticRegression,optimized,val,0.5676900245181252,1
seg_009858,sample_03385,Stockholm Syndrome / People Should Be More Aware - Bird Names,1,0.8165481404349337,classical_20260919T110356Z,LogisticRegression,optimized,val,0.5676900245181252,1
seg_009859,sample_03385,Stockholm Syndrome / People Should Be More Aware - Bird Names,1,0.9655403448921063,classical_20260919T110356Z,LogisticRegression,optimized,val,0.5676900245181252,1
seg_009860,sample_03385,Stockholm Syndrome / People Should Be More Aware - Bird Names,1,0.9906501695901417,classical_20260919T110356Z,LogisticRegression,optimized,val,0.5676900245181252,1
seg_009870,sample_03389,Sturgeon's Law - Nihilore,1,0.09814334043221029,classical_20260919T110356Z,LogisticRegression,optimized,val,0.5676900245181252,0
seg_009871,sample_03389,Sturgeon's Law - Nihilore,1,0.8932964669776587,classical_20260919T110356Z,LogisticRegression,optimized,val,0.5676900245181252,1
seg_009872,sample_03389,Sturgeon's Law - Nihilore,1,0.9632473467552493,classical_20260919T110356Z,LogisticRegression,optimized,val,0.5676900245181252,1
seg_009927,sample_03408,The girl just faded - Los Llamarada,1,0.7959844584658488,classical_20260919T110356Z,LogisticRegression,optimized,val,0.5676900245181252,1
seg_009928,sample_03408,The girl just faded - Los Llamarada,1,0.878872887741841,classical_20260919T110356Z,LogisticRegression,optimized,val,0.5676900245181252,1
seg_009929,sample_03408,The girl just faded - Los Llamarada,1,0.899561386484795,classical_20260919T110356Z,LogisticRegression,optimized,val,0.5676900245181252,1
seg_009954,sample_03417,The Stairway - WarpToken,1,0.8921733472950254,classical_20260919T110356Z,LogisticRegression,optimized,val,0.5676900245181252,1
seg_009955,sample_03417,The Stairway - WarpToken,1,0.7512836049963859,classical_20260919T110356Z,LogisticRegression,optimized,val,0.5676900245181252,1
seg_009956,sample_03417,The Stairway - WarpToken,1,0.8703905805684223,classical_20260919T110356Z,LogisticRegression,optimized,val,0.5676900245181252,1
seg_009957,sample_03418,Three Bird - My brother Daniel,1,0.45020527784612496,classical_20260919T110356Z,LogisticRegression,optimized,val,0.5676900245181252,0
seg_009958,sample_03418,Three Bird - My brother Daniel,1,0.22762445682083668,classical_20260919T110356Z,LogisticRegression,optimized,val,0.5676900245181252,0
seg_009959,sample_03418,Three Bird - My brother Daniel,1,0.8964528965529656,classical_20260919T110356Z,LogisticRegression,optimized,val,0.5676900245181252,1
seg_009960,sample_03419,Timen Passing By - Jason Shaw,1,0.9343040524252932,classical_20260919T110356Z,LogisticRegression,optimized,val,0.5676900245181252,1
seg_009961,sample_03419,Timen Passing By - Jason Shaw,1,0.3500233495528226,classical_20260919T110356Z,LogisticRegression,optimized,val,0.5676900245181252,0
seg_009962,sample_03419,Timen Passing By - Jason Shaw,1,0.9908909012484338,classical_20260919T110356Z,LogisticRegression,optimized,val,0.5676900245181252,1
seg_009963,sample_03420,Time Is Love - Silence is full of birds,1,0.905089951685914,classical_20260919T110356Z,LogisticRegression,optimized,val,0.5676900245181252,1
seg_009964,sample_03420,Time Is Love - Silence is full of birds,1,0.9601200998118664,classical_20260919T110356Z,LogisticRegression,optimized,val,0.5676900245181252,1
seg_009965,sample_03420,Time Is Love - Silence is full of birds,1,0.4873077798675032,classical_20260919T110356Z,LogisticRegression,optimized,val,0.5676900245181252,0
seg_009990,sample_03429,Understand That This Is A Dream - From the album Modulating Coil [RSVP008] - Forrest James,1,0.8269197004279919,classical_20260919T110356Z,LogisticRegression,optimized,val,0.5676900245181252,1
seg_009991,sample_03429,Understand That This Is A Dream - From the album Modulating Coil [RSVP008] - Forrest James,1,0.7827464464419776,classical_20260919T110356Z,LogisticRegression,optimized,val,0.5676900245181252,1
seg_009992,sample_03429,Understand That This Is A Dream - From the album Modulating Coil [RSVP008] - Forrest James,1,0.954425003844857,classical_20260919T110356Z,LogisticRegression,optimized,val,0.5676900245181252,1
seg_010005,sample_03434,Voxel - Andy G. Cohen,1,0.7041683358525251,classical_20260919T110356Z,LogisticRegression,optimized,val,0.5676900245181252,1
seg_010006,sample_03434,Voxel - Andy G. Cohen,1,0.9324034387351245,classical_20260919T110356Z,LogisticRegression,optimized,val,0.5676900245181252,1
seg_010007,sample_03434,Voxel - Andy G. Cohen,1,0.8325410049817,classical_20260919T110356Z,LogisticRegression,optimized,val,0.5676900245181252,1
seg_010011,sample_03436,Westside Chillers - Little Glass Men,1,0.984304898445415,classical_20260919T110356Z,LogisticRegression,optimized,val,0.5676900245181252,1
seg_010012,sample_03436,Westside Chillers - Little Glass Men,1,0.9028437117652589,classical_20260919T110356Z,LogisticRegression,optimized,val,0.5676900245181252,1
seg_010013,sample_03436,Westside Chillers - Little Glass Men,1,0.6667528467807814,classical_20260919T110356Z,LogisticRegression,optimized,val,0.5676900245181252,1
seg_010065,sample_03454,Новый Нью-Йорк 2 - Чокнутый Пропеллер,1,0.770220395977215,classical_20260919T110356Z,LogisticRegression,optimized,val,0.5676900245181252,1
seg_010066,sample_03454,Новый Нью-Йорк 2 - Чокнутый Пропеллер,1,0.31173649181004565,classical_20260919T110356Z,LogisticRegression,optimized,val,0.5676900245181252,0
seg_010067,sample_03454,Новый Нью-Йорк 2 - Чокнутый Пропеллер,1,0.5184164241376646,classical_20260919T110356Z,LogisticRegression,optimized,val,0.5676900245181252,0
seg_010071,sample_03456,Windows of the Skull - Sarin,1,0.9120949422827063,classical_20260919T110356Z,LogisticRegression,optimized,val,0.5676900245181252,1
seg_010072,sample_03456,Windows of the Skull - Sarin,1,0.822552742121324,classical_20260919T110356Z,LogisticRegression,optimized,val,0.5676900245181252,1
seg_010073,sample_03456,Windows of the Skull - Sarin,1,0.8753453516498408,classical_20260919T110356Z,LogisticRegression,optimized,val,0.5676900245181252,1
