segment_id,track_id,original_audio_id,label,score,run_id,trial_id,split,model,segment_threshold,track_threshold
seg_000006,sample_00002,2 (Wasn't There) - Isle of Pine,0,0.1071663498878479,cnn_revised_20260919T110440Z,cnn_s1_09,val,Log-Mel CNN,0.2893800139427185,0.2948765854040782
seg_000007,sample_00002,2 (Wasn't There) - Isle of Pine,0,0.14092183113098145,cnn_revised_20260919T110440Z,cnn_s1_09,val,Log-Mel CNN,0.2893800139427185,0.2948765854040782
seg_000008,sample_00002,2 (Wasn't There) - Isle of Pine,0,0.1015934944152832,cnn_revised_20260919T110440Z,cnn_s1_09,val,Log-Mel CNN,0.2893800139427185,0.2948765854040782
seg_000039,sample_00013,Agora - Malaventura,0,0.2750605642795563,cnn_revised_20260919T110440Z,cnn_s1_09,val,Log-Mel CNN,0.2893800139427185,0.2948765854040782
seg_000040,sample_00013,Agora - Malaventura,0,0.22702744603157043,cnn_revised_20260919T110440Z,cnn_s1_09,val,Log-Mel CNN,0.2893800139427185,0.2948765854040782
seg_000041,sample_00013,Agora - Malaventura,0,0.26590630412101746,cnn_revised_20260919T110440Z,cnn_s1_09,val,Log-Mel CNN,0.2893800139427185,0.2948765854040782
seg_000081,sample_00027,Beyond Luxury - Mors Ontologica,0,0.03593447431921959,cnn_revised_20260919T110440Z,cnn_s1_09,val,Log-Mel CNN,0.2893800139427185,0.2948765854040782
seg_000082,sample_00027,Beyond Luxury - Mors Ontologica,0,0.05109921842813492,cnn_revised_20260919T110440Z,cnn_s1_09,val,Log-Mel CNN,0.2893800139427185,0.2948765854040782
seg_000083,sample_00027,Beyond Luxury - Mors Ontologica,0,0.06910379976034164,cnn_revised_20260919T110440Z,cnn_s1_09,val,Log-Mel CNN,0.2893800139427185,0.2948765854040782
seg_000129,sample_00043,CopperNickle - UncleBibby,0,0.11901546269655228,cnn_revised_20260919T110440Z,cnn_s1_09,val,Log-Mel CNN,0.2893800139427185,0.2948765854040782
seg_000130,sample_00043,CopperNickle - UncleBibby,0,0.21926410496234894,cnn_revised_20260919T110440Z,cnn_s1_09,val,Log-Mel CNN,0.2893800139427185,0.2948765854040782
seg_000131,sample_00043,CopperNickle - UncleBibby,0,0.15410669147968292,cnn_revised_20260919T110440Z,cnn_s1_09,val,Log-Mel CNN,0.2893800139427185,0.2948765854040782
seg_000141,sample_00047,Daylight Savings - My brother Daniel,0,0.26768505573272705,cnn_revised_20260919T110440Z,cnn_s1_09,val,Log-Mel CNN,0.2893800139427185,0.2948765854040782
seg_000142,sample_00047,Daylight Savings - My brother Daniel,0,0.2827647924423218,cnn_revised_20260919T110440Z,cnn_s1_09,val,Log-Mel CNN,0.2893800139427185,0.2948765854040782
seg_000143,sample_00047,Daylight Savings - My brother Daniel,0,0.24227972328662872,cnn_revised_20260919T110440Z,cnn_s1_09,val,Log-Mel CNN,0.2893800139427185,0.2948765854040782
seg_000177,sample_00059,Empty Pockets - Pete Prodoehl,0,0.06380957365036011,cnn_revised_20260919T110440Z,cnn_s1_09,val,Log-Mel CNN,0.2893800139427185,0.2948765854040782
seg_000178,sample_00059,Empty Pockets - Pete Prodoehl,0,0.11019222438335419,cnn_revised_20260919T110440Z,cnn_s1_09,val,Log-Mel CNN,0.2893800139427185,0.2948765854040782
seg_000179,sample_00059,Empty Pockets - Pete Prodoehl,0,0.1461752951145172,cnn_revised_20260919T110440Z,cnn_s1_09,val,Log-Mel CNN,0.2893800139427185,0.2948765854040782
seg_000195,sample_00065,Evil Cannot Create - Caleb Lemond,0,0.5944292545318604,cnn_revised_20260919T110440Z,cnn_s1_09,val,Log-Mel CNN,0.2893800139427185,0.2948765854040782
seg_000196,sample_00065,Evil Cannot Create - Caleb Lemond,0,0.6059975028038025,cnn_revised_20260919T110440Z,cnn_s1_09,val,Log-Mel CNN,0.2893800139427185,0.2948765854040782
seg_000197,sample_00065,Evil Cannot Create - Caleb Lemond,0,0.49052831530570984,cnn_revised_20260919T110440Z,cnn_s1_09,val,Log-Mel CNN,0.2893800139427185,0.2948765854040782
seg_000201,sample_00067,Fear - Los Fancy Free,0,0.03856977820396423,cnn_revised_20260919T110440Z,cnn_s1_09,val,Log-Mel CNN,0.2893800139427185,0.2948765854040782
seg_000202,sample_00067,Fear - Los Fancy Free,0,0.0601278580725193,cnn_revised_20260919T110440Z,cnn_s1_09,val,Log-Mel CNN,0.2893800139427185,0.2948765854040782
seg_000203,sample_00067,Fear - Los Fancy Free,0,0.09761303663253784,cnn_revised_20260919T110440Z,cnn_s1_09,val,Log-Mel CNN,0.2893800139427185,0.2948765854040782
seg_000204,sample_00068,Fifth Ramble - From the album Keith [RSVP007] - My brother Daniel,0,0.6849615573883057,cnn_revised_20260919T110440Z,cnn_s1_09,val,Log-Mel CNN,0.2893800139427185,0.2948765854040782
seg_000205,sample_00068,Fifth Ramble - From the album Keith [RSVP007] - My brother Daniel,0,0.7050120234489441,cnn_revised_20260919T110440Z,cnn_s1_09,val,Log-Mel CNN,0.2893800139427185,0.2948765854040782
seg_000206,sample_00068,Fifth Ramble - From the album Keith [RSVP007] - My brother Daniel,0,0.6909856796264648,cnn_revised_20260919T110440Z,cnn_s1_09,val,Log-Mel CNN,0.2893800139427185,0.2948765854040782
seg_000240,sample_00080,Gila Monster Flop/Music History Lesson:The Sonics - The Crypts!,0,0.15356281399726868,cnn_revised_20260919T110440Z,cnn_s1_09,val,Log-Mel CNN,0.2893800139427185,0.2948765854040782
seg_000241,sample_00080,Gila Monster Flop/Music History Lesson:The Sonics - The Crypts!,0,0.08036670088768005,cnn_revised_20260919T110440Z,cnn_s1_09,val,Log-Mel CNN,0.2893800139427185,0.2948765854040782
seg_000242,sample_00080,Gila Monster Flop/Music History Lesson:The Sonics - The Crypts!,0,0.11384861171245575,cnn_revised_20260919T110440Z,cnn_s1_09,val,Log-Mel CNN,0.2893800139427185,0.2948765854040782
seg_000285,sample_00095,I Fell - Mod Fun,0,0.05076508969068527,cnn_revised_20260919T110440Z,cnn_s1_09,val,Log-Mel CNN,0.2893800139427185,0.2948765854040782
seg_000286,sample_00095,I Fell - Mod Fun,0,0.04796707257628441,cnn_revised_20260919T110440Z,cnn_s1_09,val,Log-Mel CNN,0.2893800139427185,0.2948765854040782
seg_000287,sample_00095,I Fell - Mod Fun,0,0.054421521723270416,cnn_revised_20260919T110440Z,cnn_s1_09,val,Log-Mel CNN,0.2893800139427185,0.2948765854040782
seg_000297,sample_00099,If You're Ther - Nicola Ratti,0,0.36506083607673645,cnn_revised_20260919T110440Z,cnn_s1_09,val,Log-Mel CNN,0.2893800139427185,0.2948765854040782
seg_000298,sample_00099,If You're Ther - Nicola Ratti,0,0.08749180287122726,cnn_revised_20260919T110440Z,cnn_s1_09,val,Log-Mel CNN,0.2893800139427185,0.2948765854040782
seg_000299,sample_00099,If You're Ther - Nicola Ratti,0,0.04655133932828903,cnn_revised_20260919T110440Z,cnn_s1_09,val,Log-Mel CNN,0.2893800139427185,0.2948765854040782
seg_000342,sample_00114,Kumorizoranohajimarutokoro - Hosomi,0,0.036283090710639954,cnn_revised_20260919T110440Z,cnn_s1_09,val,Log-Mel CNN,0.2893800139427185,0.2948765854040782
seg_000343,sample_00114,Kumorizoranohajimarutokoro - Hosomi,0,0.2659733295440674,cnn_revised_20260919T110440Z,cnn_s1_09,val,Log-Mel CNN,0.2893800139427185,0.2948765854040782
seg_000344,sample_00114,Kumorizoranohajimarutokoro - Hosomi,0,0.37966179847717285,cnn_revised_20260919T110440Z,cnn_s1_09,val,Log-Mel CNN,0.2893800139427185,0.2948765854040782
seg_000384,sample_00128,Lights Up - Pipe Choir,0,0.1853925883769989,cnn_revised_20260919T110440Z,cnn_s1_09,val,Log-Mel CNN,0.2893800139427185,0.2948765854040782
seg_000385,sample_00128,Lights Up - Pipe Choir,0,0.2733699083328247,cnn_revised_20260919T110440Z,cnn_s1_09,val,Log-Mel CNN,0.2893800139427185,0.2948765854040782
seg_000386,sample_00128,Lights Up - Pipe Choir,0,0.25208497047424316,cnn_revised_20260919T110440Z,cnn_s1_09,val,Log-Mel CNN,0.2893800139427185,0.2948765854040782
seg_000399,sample_00133,Loved Ones - Rowan Box,0,0.1530047059059143,cnn_revised_20260919T110440Z,cnn_s1_09,val,Log-Mel CNN,0.2893800139427185,0.2948765854040782
seg_000400,sample_00133,Loved Ones - Rowan Box,0,0.1885017454624176,cnn_revised_20260919T110440Z,cnn_s1_09,val,Log-Mel CNN,0.2893800139427185,0.2948765854040782
seg_000401,sample_00133,Loved Ones - Rowan Box,0,0.14736749231815338,cnn_revised_20260919T110440Z,cnn_s1_09,val,Log-Mel CNN,0.2893800139427185,0.2948765854040782
seg_000408,sample_00136,March of the GPA Mechanics - [t]ghost,0,0.19850541651248932,cnn_revised_20260919T110440Z,cnn_s1_09,val,Log-Mel CNN,0.2893800139427185,0.2948765854040782
seg_000409,sample_00136,March of the GPA Mechanics - [t]ghost,0,0.21467533707618713,cnn_revised_20260919T110440Z,cnn_s1_09,val,Log-Mel CNN,0.2893800139427185,0.2948765854040782
seg_000410,sample_00136,March of the GPA Mechanics - [t]ghost,0,0.1140039935708046,cnn_revised_20260919T110440Z,cnn_s1_09,val,Log-Mel CNN,0.2893800139427185,0.2948765854040782
seg_000426,sample_00142,Morning Bell - Nihilore,0,0.2368694394826889,cnn_revised_20260919T110440Z,cnn_s1_09,val,Log-Mel CNN,0.2893800139427185,0.2948765854040782
seg_000427,sample_00142,Morning Bell - Nihilore,0,0.22859781980514526,cnn_revised_20260919T110440Z,cnn_s1_09,val,Log-Mel CNN,0.2893800139427185,0.2948765854040782
seg_000428,sample_00142,Morning Bell - Nihilore,0,0.1346670687198639,cnn_revised_20260919T110440Z,cnn_s1_09,val,Log-Mel CNN,0.2893800139427185,0.2948765854040782
seg_000441,sample_00147,My Body Is A Weapon (Compromise Edit) - Silence is full of birds,0,0.23276588320732117,cnn_revised_20260919T110440Z,cnn_s1_09,val,Log-Mel CNN,0.2893800139427185,0.2948765854040782
seg_000442,sample_00147,My Body Is A Weapon (Compromise Edit) - Silence is full of birds,0,0.21838772296905518,cnn_revised_20260919T110440Z,cnn_s1_09,val,Log-Mel CNN,0.2893800139427185,0.2948765854040782
seg_000443,sample_00147,My Body Is A Weapon (Compromise Edit) - Silence is full of birds,0,0.21102838218212128,cnn_revised_20260919T110440Z,cnn_s1_09,val,Log-Mel CNN,0.2893800139427185,0.2948765854040782
seg_000453,sample_00151,New Life (take 1) - Bird Names,0,0.07231718301773071,cnn_revised_20260919T110440Z,cnn_s1_09,val,Log-Mel CNN,0.2893800139427185,0.2948765854040782
seg_000454,sample_00151,New Life (take 1) - Bird Names,0,0.05835254490375519,cnn_revised_20260919T110440Z,cnn_s1_09,val,Log-Mel CNN,0.2893800139427185,0.2948765854040782
seg_000455,sample_00151,New Life (take 1) - Bird Names,0,0.06257312744855881,cnn_revised_20260919T110440Z,cnn_s1_09,val,Log-Mel CNN,0.2893800139427185,0.2948765854040782
seg_000459,sample_00153,Night Drive - Decktonic,0,0.10422525554895401,cnn_revised_20260919T110440Z,cnn_s1_09,val,Log-Mel CNN,0.2893800139427185,0.2948765854040782
seg_000460,sample_00153,Night Drive - Decktonic,0,0.2545933723449707,cnn_revised_20260919T110440Z,cnn_s1_09,val,Log-Mel CNN,0.2893800139427185,0.2948765854040782
seg_000461,sample_00153,Night Drive - Decktonic,0,0.4396062195301056,cnn_revised_20260919T110440Z,cnn_s1_09,val,Log-Mel CNN,0.2893800139427185,0.2948765854040782
seg_000468,sample_00156,Norweigian Wood II - Bird Names,0,0.05263279005885124,cnn_revised_20260919T110440Z,cnn_s1_09,val,Log-Mel CNN,0.2893800139427185,0.2948765854040782
seg_000469,sample_00156,Norweigian Wood II - Bird Names,0,0.07785704731941223,cnn_revised_20260919T110440Z,cnn_s1_09,val,Log-Mel CNN,0.2893800139427185,0.2948765854040782
seg_000470,sample_00156,Norweigian Wood II - Bird Names,0,0.12630093097686768,cnn_revised_20260919T110440Z,cnn_s1_09,val,Log-Mel CNN,0.2893800139427185,0.2948765854040782
seg_000480,sample_00160,Nuo Maisemat - Paavoharju,0,0.17549212276935577,cnn_revised_20260919T110440Z,cnn_s1_09,val,Log-Mel CNN,0.2893800139427185,0.2948765854040782
seg_000481,sample_00160,Nuo Maisemat - Paavoharju,0,0.18940703570842743,cnn_revised_20260919T110440Z,cnn_s1_09,val,Log-Mel CNN,0.2893800139427185,0.2948765854040782
seg_000482,sample_00160,Nuo Maisemat - Paavoharju,0,0.18740464746952057,cnn_revised_20260919T110440Z,cnn_s1_09,val,Log-Mel CNN,0.2893800139427185,0.2948765854040782
seg_000537,sample_00179,Redlight - Room For A Ghost,0,0.12367653101682663,cnn_revised_20260919T110440Z,cnn_s1_09,val,Log-Mel CNN,0.2893800139427185,0.2948765854040782
seg_000538,sample_00179,Redlight - Room For A Ghost,0,0.33305928111076355,cnn_revised_20260919T110440Z,cnn_s1_09,val,Log-Mel CNN,0.2893800139427185,0.2948765854040782
seg_000539,sample_00179,Redlight - Room For A Ghost,0,0.4194262623786926,cnn_revised_20260919T110440Z,cnn_s1_09,val,Log-Mel CNN,0.2893800139427185,0.2948765854040782
seg_000555,sample_00185,Roller Star - Monroeville Music Center,0,0.14051340520381927,cnn_revised_20260919T110440Z,cnn_s1_09,val,Log-Mel CNN,0.2893800139427185,0.2948765854040782
seg_000556,sample_00185,Roller Star - Monroeville Music Center,0,0.10740619897842407,cnn_revised_20260919T110440Z,cnn_s1_09,val,Log-Mel CNN,0.2893800139427185,0.2948765854040782
seg_000557,sample_00185,Roller Star - Monroeville Music Center,0,0.11045512557029724,cnn_revised_20260919T110440Z,cnn_s1_09,val,Log-Mel CNN,0.2893800139427185,0.2948765854040782
seg_000561,sample_00187,"Roundtrip - Oh Yeah, the Future",0,0.11201028525829315,cnn_revised_20260919T110440Z,cnn_s1_09,val,Log-Mel CNN,0.2893800139427185,0.2948765854040782
seg_000562,sample_00187,"Roundtrip - Oh Yeah, the Future",0,0.06650752574205399,cnn_revised_20260919T110440Z,cnn_s1_09,val,Log-Mel CNN,0.2893800139427185,0.2948765854040782
seg_000563,sample_00187,"Roundtrip - Oh Yeah, the Future",0,0.13361333310604095,cnn_revised_20260919T110440Z,cnn_s1_09,val,Log-Mel CNN,0.2893800139427185,0.2948765854040782
seg_000570,sample_00190,SD (Ill Mix) - H-LR,0,0.2139056771993637,cnn_revised_20260919T110440Z,cnn_s1_09,val,Log-Mel CNN,0.2893800139427185,0.2948765854040782
seg_000571,sample_00190,SD (Ill Mix) - H-LR,0,0.30997782945632935,cnn_revised_20260919T110440Z,cnn_s1_09,val,Log-Mel CNN,0.2893800139427185,0.2948765854040782
seg_000572,sample_00190,SD (Ill Mix) - H-LR,0,0.03958668187260628,cnn_revised_20260919T110440Z,cnn_s1_09,val,Log-Mel CNN,0.2893800139427185,0.2948765854040782
seg_000576,sample_00192,Scramby Eggs - Andy G. Cohen,0,0.07521878927946091,cnn_revised_20260919T110440Z,cnn_s1_09,val,Log-Mel CNN,0.2893800139427185,0.2948765854040782
seg_000577,sample_00192,Scramby Eggs - Andy G. Cohen,0,0.11922536790370941,cnn_revised_20260919T110440Z,cnn_s1_09,val,Log-Mel CNN,0.2893800139427185,0.2948765854040782
seg_000578,sample_00192,Scramby Eggs - Andy G. Cohen,0,0.09451290965080261,cnn_revised_20260919T110440Z,cnn_s1_09,val,Log-Mel CNN,0.2893800139427185,0.2948765854040782
seg_000600,sample_00200,Shipwrecked Crew - Pete Prodoehl,0,0.17381449043750763,cnn_revised_20260919T110440Z,cnn_s1_09,val,Log-Mel CNN,0.2893800139427185,0.2948765854040782
seg_000601,sample_00200,Shipwrecked Crew - Pete Prodoehl,0,0.1438717544078827,cnn_revised_20260919T110440Z,cnn_s1_09,val,Log-Mel CNN,0.2893800139427185,0.2948765854040782
seg_000602,sample_00200,Shipwrecked Crew - Pete Prodoehl,0,0.13109496235847473,cnn_revised_20260919T110440Z,cnn_s1_09,val,Log-Mel CNN,0.2893800139427185,0.2948765854040782
seg_000615,sample_00205,Soleares&beats - Malaventura,0,0.31466516852378845,cnn_revised_20260919T110440Z,cnn_s1_09,val,Log-Mel CNN,0.2893800139427185,0.2948765854040782
seg_000616,sample_00205,Soleares&beats - Malaventura,0,0.43345555663108826,cnn_revised_20260919T110440Z,cnn_s1_09,val,Log-Mel CNN,0.2893800139427185,0.2948765854040782
seg_000617,sample_00205,Soleares&beats - Malaventura,0,0.440033882856369,cnn_revised_20260919T110440Z,cnn_s1_09,val,Log-Mel CNN,0.2893800139427185,0.2948765854040782
seg_000633,sample_00211,Stockholm Syndrome / People Should Be More Aware - Bird Names,0,0.10406661033630371,cnn_revised_20260919T110440Z,cnn_s1_09,val,Log-Mel CNN,0.2893800139427185,0.2948765854040782
seg_000634,sample_00211,Stockholm Syndrome / People Should Be More Aware - Bird Names,0,0.24783077836036682,cnn_revised_20260919T110440Z,cnn_s1_09,val,Log-Mel CNN,0.2893800139427185,0.2948765854040782
seg_000635,sample_00211,Stockholm Syndrome / People Should Be More Aware - Bird Names,0,0.09514022618532181,cnn_revised_20260919T110440Z,cnn_s1_09,val,Log-Mel CNN,0.2893800139427185,0.2948765854040782
seg_000645,sample_00215,Sturgeon's Law - Nihilore,0,0.31682419776916504,cnn_revised_20260919T110440Z,cnn_s1_09,val,Log-Mel CNN,0.2893800139427185,0.2948765854040782
seg_000646,sample_00215,Sturgeon's Law - Nihilore,0,0.3566547930240631,cnn_revised_20260919T110440Z,cnn_s1_09,val,Log-Mel CNN,0.2893800139427185,0.2948765854040782
seg_000647,sample_00215,Sturgeon's Law - Nihilore,0,0.44809892773628235,cnn_revised_20260919T110440Z,cnn_s1_09,val,Log-Mel CNN,0.2893800139427185,0.2948765854040782
seg_000726,sample_00242,The Stairway - WarpToken,0,0.16486431658267975,cnn_revised_20260919T110440Z,cnn_s1_09,val,Log-Mel CNN,0.2893800139427185,0.2948765854040782
seg_000727,sample_00242,The Stairway - WarpToken,0,0.21138164401054382,cnn_revised_20260919T110440Z,cnn_s1_09,val,Log-Mel CNN,0.2893800139427185,0.2948765854040782
seg_000728,sample_00242,The Stairway - WarpToken,0,0.19254860281944275,cnn_revised_20260919T110440Z,cnn_s1_09,val,Log-Mel CNN,0.2893800139427185,0.2948765854040782
seg_000729,sample_00243,The girl just faded - Los Llamarada,0,0.0737885981798172,cnn_revised_20260919T110440Z,cnn_s1_09,val,Log-Mel CNN,0.2893800139427185,0.2948765854040782
seg_000730,sample_00243,The girl just faded - Los Llamarada,0,0.067554771900177,cnn_revised_20260919T110440Z,cnn_s1_09,val,Log-Mel CNN,0.2893800139427185,0.2948765854040782
seg_000731,sample_00243,The girl just faded - Los Llamarada,0,0.07149443030357361,cnn_revised_20260919T110440Z,cnn_s1_09,val,Log-Mel CNN,0.2893800139427185,0.2948765854040782
seg_000735,sample_00245,Three Bird - My brother Daniel,0,0.37933093309402466,cnn_revised_20260919T110440Z,cnn_s1_09,val,Log-Mel CNN,0.2893800139427185,0.2948765854040782
seg_000736,sample_00245,Three Bird - My brother Daniel,0,0.37532129883766174,cnn_revised_20260919T110440Z,cnn_s1_09,val,Log-Mel CNN,0.2893800139427185,0.2948765854040782
seg_000737,sample_00245,Three Bird - My brother Daniel,0,0.30581870675086975,cnn_revised_20260919T110440Z,cnn_s1_09,val,Log-Mel CNN,0.2893800139427185,0.2948765854040782
seg_000738,sample_00246,Time Is Love - Silence is full of birds,0,0.09547152370214462,cnn_revised_20260919T110440Z,cnn_s1_09,val,Log-Mel CNN,0.2893800139427185,0.2948765854040782
seg_000739,sample_00246,Time Is Love - Silence is full of birds,0,0.13116438686847687,cnn_revised_20260919T110440Z,cnn_s1_09,val,Log-Mel CNN,0.2893800139427185,0.2948765854040782
seg_000740,sample_00246,Time Is Love - Silence is full of birds,0,0.13685783743858337,cnn_revised_20260919T110440Z,cnn_s1_09,val,Log-Mel CNN,0.2893800139427185,0.2948765854040782
seg_000744,sample_00248,Timen Passing By - Jason Shaw,0,0.2607511281967163,cnn_revised_20260919T110440Z,cnn_s1_09,val,Log-Mel CNN,0.2893800139427185,0.2948765854040782
seg_000745,sample_00248,Timen Passing By - Jason Shaw,0,0.07426077127456665,cnn_revised_20260919T110440Z,cnn_s1_09,val,Log-Mel CNN,0.2893800139427185,0.2948765854040782
seg_000746,sample_00248,Timen Passing By - Jason Shaw,0,0.14814451336860657,cnn_revised_20260919T110440Z,cnn_s1_09,val,Log-Mel CNN,0.2893800139427185,0.2948765854040782
seg_000765,sample_00255,Understand That This Is A Dream - From the album Modulating Coil [RSVP008] - Forrest James,0,0.05129742994904518,cnn_revised_20260919T110440Z,cnn_s1_09,val,Log-Mel CNN,0.2893800139427185,0.2948765854040782
seg_000766,sample_00255,Understand That This Is A Dream - From the album Modulating Coil [RSVP008] - Forrest James,0,0.0350346714258194,cnn_revised_20260919T110440Z,cnn_s1_09,val,Log-Mel CNN,0.2893800139427185,0.2948765854040782
seg_000767,sample_00255,Understand That This Is A Dream - From the album Modulating Coil [RSVP008] - Forrest James,0,0.13672499358654022,cnn_revised_20260919T110440Z,cnn_s1_09,val,Log-Mel CNN,0.2893800139427185,0.2948765854040782
seg_000783,sample_00261,Voxel - Andy G. Cohen,0,0.07538223266601562,cnn_revised_20260919T110440Z,cnn_s1_09,val,Log-Mel CNN,0.2893800139427185,0.2948765854040782
seg_000784,sample_00261,Voxel - Andy G. Cohen,0,0.06674574315547943,cnn_revised_20260919T110440Z,cnn_s1_09,val,Log-Mel CNN,0.2893800139427185,0.2948765854040782
seg_000785,sample_00261,Voxel - Andy G. Cohen,0,0.08235545456409454,cnn_revised_20260919T110440Z,cnn_s1_09,val,Log-Mel CNN,0.2893800139427185,0.2948765854040782
seg_000801,sample_00267,Westside Chillers - Little Glass Men,0,0.31972983479499817,cnn_revised_20260919T110440Z,cnn_s1_09,val,Log-Mel CNN,0.2893800139427185,0.2948765854040782
seg_000802,sample_00267,Westside Chillers - Little Glass Men,0,0.2931685149669647,cnn_revised_20260919T110440Z,cnn_s1_09,val,Log-Mel CNN,0.2893800139427185,0.2948765854040782
seg_000803,sample_00267,Westside Chillers - Little Glass Men,0,0.2717314064502716,cnn_revised_20260919T110440Z,cnn_s1_09,val,Log-Mel CNN,0.2893800139427185,0.2948765854040782
seg_000819,sample_00273,Windows of the Skull - Sarin,0,0.09770677983760834,cnn_revised_20260919T110440Z,cnn_s1_09,val,Log-Mel CNN,0.2893800139427185,0.2948765854040782
seg_000820,sample_00273,Windows of the Skull - Sarin,0,0.09955451637506485,cnn_revised_20260919T110440Z,cnn_s1_09,val,Log-Mel CNN,0.2893800139427185,0.2948765854040782
seg_000821,sample_00273,Windows of the Skull - Sarin,0,0.09196607768535614,cnn_revised_20260919T110440Z,cnn_s1_09,val,Log-Mel CNN,0.2893800139427185,0.2948765854040782
seg_000858,sample_00286,mystery team 2090 - Jesse Futerman,0,0.29611220955848694,cnn_revised_20260919T110440Z,cnn_s1_09,val,Log-Mel CNN,0.2893800139427185,0.2948765854040782
seg_000859,sample_00286,mystery team 2090 - Jesse Futerman,0,0.2610655128955841,cnn_revised_20260919T110440Z,cnn_s1_09,val,Log-Mel CNN,0.2893800139427185,0.2948765854040782
seg_000860,sample_00286,mystery team 2090 - Jesse Futerman,0,0.23415109515190125,cnn_revised_20260919T110440Z,cnn_s1_09,val,Log-Mel CNN,0.2893800139427185,0.2948765854040782
seg_000870,sample_00290,some dextromethorphan - Jeva,0,0.252451092004776,cnn_revised_20260919T110440Z,cnn_s1_09,val,Log-Mel CNN,0.2893800139427185,0.2948765854040782
seg_000871,sample_00290,some dextromethorphan - Jeva,0,0.3739180564880371,cnn_revised_20260919T110440Z,cnn_s1_09,val,Log-Mel CNN,0.2893800139427185,0.2948765854040782
seg_000872,sample_00290,some dextromethorphan - Jeva,0,0.2167411744594574,cnn_revised_20260919T110440Z,cnn_s1_09,val,Log-Mel CNN,0.2893800139427185,0.2948765854040782
seg_000876,sample_00292,В Наших Сердцах - Чокнутый Пропеллер,0,0.4736725389957428,cnn_revised_20260919T110440Z,cnn_s1_09,val,Log-Mel CNN,0.2893800139427185,0.2948765854040782
seg_000877,sample_00292,В Наших Сердцах - Чокнутый Пропеллер,0,0.4465314745903015,cnn_revised_20260919T110440Z,cnn_s1_09,val,Log-Mel CNN,0.2893800139427185,0.2948765854040782
seg_000878,sample_00292,В Наших Сердцах - Чокнутый Пропеллер,0,0.45633333921432495,cnn_revised_20260919T110440Z,cnn_s1_09,val,Log-Mel CNN,0.2893800139427185,0.2948765854040782
seg_000885,sample_00295,Новый Нью-Йорк 2 - Чокнутый Пропеллер,0,0.35313382744789124,cnn_revised_20260919T110440Z,cnn_s1_09,val,Log-Mel CNN,0.2893800139427185,0.2948765854040782
seg_000886,sample_00295,Новый Нью-Йорк 2 - Чокнутый Пропеллер,0,0.33590778708457947,cnn_revised_20260919T110440Z,cnn_s1_09,val,Log-Mel CNN,0.2893800139427185,0.2948765854040782
seg_000887,sample_00295,Новый Нью-Йорк 2 - Чокнутый Пропеллер,0,0.4140988886356354,cnn_revised_20260919T110440Z,cnn_s1_09,val,Log-Mel CNN,0.2893800139427185,0.2948765854040782
seg_000897,sample_00299,2 (Wasn't There) - Isle of Pine,1,0.36646389961242676,cnn_revised_20260919T110440Z,cnn_s1_09,val,Log-Mel CNN,0.2893800139427185,0.2948765854040782
seg_000898,sample_00299,2 (Wasn't There) - Isle of Pine,1,0.3943203091621399,cnn_revised_20260919T110440Z,cnn_s1_09,val,Log-Mel CNN,0.2893800139427185,0.2948765854040782
seg_000899,sample_00299,2 (Wasn't There) - Isle of Pine,1,0.3910485506057739,cnn_revised_20260919T110440Z,cnn_s1_09,val,Log-Mel CNN,0.2893800139427185,0.2948765854040782
seg_000918,sample_00306,Agora - Malaventura,1,0.36986154317855835,cnn_revised_20260919T110440Z,cnn_s1_09,val,Log-Mel CNN,0.2893800139427185,0.2948765854040782
seg_000919,sample_00306,Agora - Malaventura,1,0.709109365940094,cnn_revised_20260919T110440Z,cnn_s1_09,val,Log-Mel CNN,0.2893800139427185,0.2948765854040782
seg_000920,sample_00306,Agora - Malaventura,1,0.5453252792358398,cnn_revised_20260919T110440Z,cnn_s1_09,val,Log-Mel CNN,0.2893800139427185,0.2948765854040782
seg_000969,sample_00323,Beyond Luxury - Mors Ontologica,1,0.49897706508636475,cnn_revised_20260919T110440Z,cnn_s1_09,val,Log-Mel CNN,0.2893800139427185,0.2948765854040782
seg_000970,sample_00323,Beyond Luxury - Mors Ontologica,1,0.5169883370399475,cnn_revised_20260919T110440Z,cnn_s1_09,val,Log-Mel CNN,0.2893800139427185,0.2948765854040782
seg_000971,sample_00323,Beyond Luxury - Mors Ontologica,1,0.5465941429138184,cnn_revised_20260919T110440Z,cnn_s1_09,val,Log-Mel CNN,0.2893800139427185,0.2948765854040782
seg_001014,sample_00338,CopperNickle - UncleBibby,1,0.408255934715271,cnn_revised_20260919T110440Z,cnn_s1_09,val,Log-Mel CNN,0.2893800139427185,0.2948765854040782
seg_001015,sample_00338,CopperNickle - UncleBibby,1,0.2701694369316101,cnn_revised_20260919T110440Z,cnn_s1_09,val,Log-Mel CNN,0.2893800139427185,0.2948765854040782
seg_001016,sample_00338,CopperNickle - UncleBibby,1,0.3697151839733124,cnn_revised_20260919T110440Z,cnn_s1_09,val,Log-Mel CNN,0.2893800139427185,0.2948765854040782
seg_001029,sample_00343,Daylight Savings - My brother Daniel,1,0.4265182316303253,cnn_revised_20260919T110440Z,cnn_s1_09,val,Log-Mel CNN,0.2893800139427185,0.2948765854040782
seg_001030,sample_00343,Daylight Savings - My brother Daniel,1,0.22873951494693756,cnn_revised_20260919T110440Z,cnn_s1_09,val,Log-Mel CNN,0.2893800139427185,0.2948765854040782
seg_001031,sample_00343,Daylight Savings - My brother Daniel,1,0.405363529920578,cnn_revised_20260919T110440Z,cnn_s1_09,val,Log-Mel CNN,0.2893800139427185,0.2948765854040782
seg_001065,sample_00355,Empty Pockets - Pete Prodoehl,1,0.5138549208641052,cnn_revised_20260919T110440Z,cnn_s1_09,val,Log-Mel CNN,0.2893800139427185,0.2948765854040782
seg_001066,sample_00355,Empty Pockets - Pete Prodoehl,1,0.6067848205566406,cnn_revised_20260919T110440Z,cnn_s1_09,val,Log-Mel CNN,0.2893800139427185,0.2948765854040782
seg_001067,sample_00355,Empty Pockets - Pete Prodoehl,1,0.6000809073448181,cnn_revised_20260919T110440Z,cnn_s1_09,val,Log-Mel CNN,0.2893800139427185,0.2948765854040782
seg_001083,sample_00361,Evil Cannot Create - Caleb Lemond,1,0.458424836397171,cnn_revised_20260919T110440Z,cnn_s1_09,val,Log-Mel CNN,0.2893800139427185,0.2948765854040782
seg_001084,sample_00361,Evil Cannot Create - Caleb Lemond,1,0.43052804470062256,cnn_revised_20260919T110440Z,cnn_s1_09,val,Log-Mel CNN,0.2893800139427185,0.2948765854040782
seg_001085,sample_00361,Evil Cannot Create - Caleb Lemond,1,0.4258178472518921,cnn_revised_20260919T110440Z,cnn_s1_09,val,Log-Mel CNN,0.2893800139427185,0.2948765854040782
seg_001089,sample_00363,Fear - Los Fancy Free,1,0.21548618376255035,cnn_revised_20260919T110440Z,cnn_s1_09,val,Log-Mel CNN,0.2893800139427185,0.2948765854040782
seg_001090,sample_00363,Fear - Los Fancy Free,1,0.16931135952472687,cnn_revised_20260919T110440Z,cnn_s1_09,val,Log-Mel CNN,0.2893800139427185,0.2948765854040782
seg_001091,sample_00363,Fear - Los Fancy Free,1,0.40571048855781555,cnn_revised_20260919T110440Z,cnn_s1_09,val,Log-Mel CNN,0.2893800139427185,0.2948765854040782
seg_001092,sample_00364,Fifth Ramble - From the album Keith [RSVP007] - My brother Daniel,1,0.42117008566856384,cnn_revised_20260919T110440Z,cnn_s1_09,val,Log-Mel CNN,0.2893800139427185,0.2948765854040782
seg_001093,sample_00364,Fifth Ramble - From the album Keith [RSVP007] - My brother Daniel,1,0.21916787326335907,cnn_revised_20260919T110440Z,cnn_s1_09,val,Log-Mel CNN,0.2893800139427185,0.2948765854040782
seg_001094,sample_00364,Fifth Ramble - From the album Keith [RSVP007] - My brother Daniel,1,0.3870064616203308,cnn_revised_20260919T110440Z,cnn_s1_09,val,Log-Mel CNN,0.2893800139427185,0.2948765854040782
seg_001128,sample_00376,Gila Monster Flop/Music History Lesson:The Sonics - The Crypts!,1,0.16707997024059296,cnn_revised_20260919T110440Z,cnn_s1_09,val,Log-Mel CNN,0.2893800139427185,0.2948765854040782
seg_001129,sample_00376,Gila Monster Flop/Music History Lesson:The Sonics - The Crypts!,1,0.0650707557797432,cnn_revised_20260919T110440Z,cnn_s1_09,val,Log-Mel CNN,0.2893800139427185,0.2948765854040782
seg_001130,sample_00376,Gila Monster Flop/Music History Lesson:The Sonics - The Crypts!,1,0.04992501437664032,cnn_revised_20260919T110440Z,cnn_s1_09,val,Log-Mel CNN,0.2893800139427185,0.2948765854040782
seg_001161,sample_00387,If You're Ther - Nicola Ratti,1,0.5428959727287292,cnn_revised_20260919T110440Z,cnn_s1_09,val,Log-Mel CNN,0.2893800139427185,0.2948765854040782
seg_001162,sample_00387,If You're Ther - Nicola Ratti,1,0.546260416507721,cnn_revised_20260919T110440Z,cnn_s1_09,val,Log-Mel CNN,0.2893800139427185,0.2948765854040782
seg_001163,sample_00387,If You're Ther - Nicola Ratti,1,0.6310039758682251,cnn_revised_20260919T110440Z,cnn_s1_09,val,Log-Mel CNN,0.2893800139427185,0.2948765854040782
seg_001191,sample_00397,I Fell - Mod Fun,1,0.4233520030975342,cnn_revised_20260919T110440Z,cnn_s1_09,val,Log-Mel CNN,0.2893800139427185,0.2948765854040782
seg_001192,sample_00397,I Fell - Mod Fun,1,0.4450673460960388,cnn_revised_20260919T110440Z,cnn_s1_09,val,Log-Mel CNN,0.2893800139427185,0.2948765854040782
seg_001193,sample_00397,I Fell - Mod Fun,1,0.42778608202934265,cnn_revised_20260919T110440Z,cnn_s1_09,val,Log-Mel CNN,0.2893800139427185,0.2948765854040782
seg_001239,sample_00413,Kumorizoranohajimarutokoro - Hosomi,1,0.5328378081321716,cnn_revised_20260919T110440Z,cnn_s1_09,val,Log-Mel CNN,0.2893800139427185,0.2948765854040782
seg_001240,sample_00413,Kumorizoranohajimarutokoro - Hosomi,1,0.40667906403541565,cnn_revised_20260919T110440Z,cnn_s1_09,val,Log-Mel CNN,0.2893800139427185,0.2948765854040782
seg_001241,sample_00413,Kumorizoranohajimarutokoro - Hosomi,1,0.3491673767566681,cnn_revised_20260919T110440Z,cnn_s1_09,val,Log-Mel CNN,0.2893800139427185,0.2948765854040782
seg_001275,sample_00425,Lights Up - Pipe Choir,1,0.5647785067558289,cnn_revised_20260919T110440Z,cnn_s1_09,val,Log-Mel CNN,0.2893800139427185,0.2948765854040782
seg_001276,sample_00425,Lights Up - Pipe Choir,1,0.04151460900902748,cnn_revised_20260919T110440Z,cnn_s1_09,val,Log-Mel CNN,0.2893800139427185,0.2948765854040782
seg_001277,sample_00425,Lights Up - Pipe Choir,1,0.3230991065502167,cnn_revised_20260919T110440Z,cnn_s1_09,val,Log-Mel CNN,0.2893800139427185,0.2948765854040782
seg_001293,sample_00431,Loved Ones - Rowan Box,1,0.41570383310317993,cnn_revised_20260919T110440Z,cnn_s1_09,val,Log-Mel CNN,0.2893800139427185,0.2948765854040782
seg_001294,sample_00431,Loved Ones - Rowan Box,1,0.43008825182914734,cnn_revised_20260919T110440Z,cnn_s1_09,val,Log-Mel CNN,0.2893800139427185,0.2948765854040782
seg_001295,sample_00431,Loved Ones - Rowan Box,1,0.4681799113750458,cnn_revised_20260919T110440Z,cnn_s1_09,val,Log-Mel CNN,0.2893800139427185,0.2948765854040782
seg_001305,sample_00435,March of the GPA Mechanics - [t]ghost,1,0.6102314591407776,cnn_revised_20260919T110440Z,cnn_s1_09,val,Log-Mel CNN,0.2893800139427185,0.2948765854040782
seg_001306,sample_00435,March of the GPA Mechanics - [t]ghost,1,0.1317654252052307,cnn_revised_20260919T110440Z,cnn_s1_09,val,Log-Mel CNN,0.2893800139427185,0.2948765854040782
seg_001307,sample_00435,March of the GPA Mechanics - [t]ghost,1,0.31735530495643616,cnn_revised_20260919T110440Z,cnn_s1_09,val,Log-Mel CNN,0.2893800139427185,0.2948765854040782
seg_001326,sample_00442,Morning Bell - Nihilore,1,0.5923675298690796,cnn_revised_20260919T110440Z,cnn_s1_09,val,Log-Mel CNN,0.2893800139427185,0.2948765854040782
seg_001327,sample_00442,Morning Bell - Nihilore,1,0.19990558922290802,cnn_revised_20260919T110440Z,cnn_s1_09,val,Log-Mel CNN,0.2893800139427185,0.2948765854040782
seg_001328,sample_00442,Morning Bell - Nihilore,1,0.3005690276622772,cnn_revised_20260919T110440Z,cnn_s1_09,val,Log-Mel CNN,0.2893800139427185,0.2948765854040782
seg_001341,sample_00447,mystery team 2090 - Jesse Futerman,1,0.35167229175567627,cnn_revised_20260919T110440Z,cnn_s1_09,val,Log-Mel CNN,0.2893800139427185,0.2948765854040782
seg_001342,sample_00447,mystery team 2090 - Jesse Futerman,1,0.42444726824760437,cnn_revised_20260919T110440Z,cnn_s1_09,val,Log-Mel CNN,0.2893800139427185,0.2948765854040782
seg_001343,sample_00447,mystery team 2090 - Jesse Futerman,1,0.3948030471801758,cnn_revised_20260919T110440Z,cnn_s1_09,val,Log-Mel CNN,0.2893800139427185,0.2948765854040782
seg_001344,sample_00448,My Body Is A Weapon (Compromise Edit) - Silence is full of birds,1,0.09078660607337952,cnn_revised_20260919T110440Z,cnn_s1_09,val,Log-Mel CNN,0.2893800139427185,0.2948765854040782
seg_001345,sample_00448,My Body Is A Weapon (Compromise Edit) - Silence is full of birds,1,0.1471090465784073,cnn_revised_20260919T110440Z,cnn_s1_09,val,Log-Mel CNN,0.2893800139427185,0.2948765854040782
seg_001346,sample_00448,My Body Is A Weapon (Compromise Edit) - Silence is full of birds,1,0.4670078456401825,cnn_revised_20260919T110440Z,cnn_s1_09,val,Log-Mel CNN,0.2893800139427185,0.2948765854040782
seg_001356,sample_00452,New Life (take 1) - Bird Names,1,0.5814641118049622,cnn_revised_20260919T110440Z,cnn_s1_09,val,Log-Mel CNN,0.2893800139427185,0.2948765854040782
seg_001357,sample_00452,New Life (take 1) - Bird Names,1,0.4881691038608551,cnn_revised_20260919T110440Z,cnn_s1_09,val,Log-Mel CNN,0.2893800139427185,0.2948765854040782
seg_001358,sample_00452,New Life (take 1) - Bird Names,1,0.4094957113265991,cnn_revised_20260919T110440Z,cnn_s1_09,val,Log-Mel CNN,0.2893800139427185,0.2948765854040782
seg_001362,sample_00454,Night Drive - Decktonic,1,0.4556564688682556,cnn_revised_20260919T110440Z,cnn_s1_09,val,Log-Mel CNN,0.2893800139427185,0.2948765854040782
seg_001363,sample_00454,Night Drive - Decktonic,1,0.49611276388168335,cnn_revised_20260919T110440Z,cnn_s1_09,val,Log-Mel CNN,0.2893800139427185,0.2948765854040782
seg_001364,sample_00454,Night Drive - Decktonic,1,0.45918014645576477,cnn_revised_20260919T110440Z,cnn_s1_09,val,Log-Mel CNN,0.2893800139427185,0.2948765854040782
seg_001371,sample_00457,Norweigian Wood II - Bird Names,1,0.33044445514678955,cnn_revised_20260919T110440Z,cnn_s1_09,val,Log-Mel CNN,0.2893800139427185,0.2948765854040782
seg_001372,sample_00457,Norweigian Wood II - Bird Names,1,0.17791803181171417,cnn_revised_20260919T110440Z,cnn_s1_09,val,Log-Mel CNN,0.2893800139427185,0.2948765854040782
seg_001373,sample_00457,Norweigian Wood II - Bird Names,1,0.44900721311569214,cnn_revised_20260919T110440Z,cnn_s1_09,val,Log-Mel CNN,0.2893800139427185,0.2948765854040782
seg_001383,sample_00461,Nuo Maisemat - Paavoharju,1,0.5960350632667542,cnn_revised_20260919T110440Z,cnn_s1_09,val,Log-Mel CNN,0.2893800139427185,0.2948765854040782
seg_001384,sample_00461,Nuo Maisemat - Paavoharju,1,0.5486706495285034,cnn_revised_20260919T110440Z,cnn_s1_09,val,Log-Mel CNN,0.2893800139427185,0.2948765854040782
seg_001385,sample_00461,Nuo Maisemat - Paavoharju,1,0.4835962653160095,cnn_revised_20260919T110440Z,cnn_s1_09,val,Log-Mel CNN,0.2893800139427185,0.2948765854040782
seg_001446,sample_00482,Redlight - Room For A Ghost,1,0.511569082736969,cnn_revised_20260919T110440Z,cnn_s1_09,val,Log-Mel CNN,0.2893800139427185,0.2948765854040782
seg_001447,sample_00482,Redlight - Room For A Ghost,1,0.16031862795352936,cnn_revised_20260919T110440Z,cnn_s1_09,val,Log-Mel CNN,0.2893800139427185,0.2948765854040782
seg_001448,sample_00482,Redlight - Room For A Ghost,1,0.18384841084480286,cnn_revised_20260919T110440Z,cnn_s1_09,val,Log-Mel CNN,0.2893800139427185,0.2948765854040782
seg_001464,sample_00488,Roller Star - Monroeville Music Center,1,0.46349167823791504,cnn_revised_20260919T110440Z,cnn_s1_09,val,Log-Mel CNN,0.2893800139427185,0.2948765854040782
seg_001465,sample_00488,Roller Star - Monroeville Music Center,1,0.8375085592269897,cnn_revised_20260919T110440Z,cnn_s1_09,val,Log-Mel CNN,0.2893800139427185,0.2948765854040782
seg_001466,sample_00488,Roller Star - Monroeville Music Center,1,0.6369056701660156,cnn_revised_20260919T110440Z,cnn_s1_09,val,Log-Mel CNN,0.2893800139427185,0.2948765854040782
seg_001470,sample_00490,"Roundtrip - Oh Yeah, the Future",1,0.8203956484794617,cnn_revised_20260919T110440Z,cnn_s1_09,val,Log-Mel CNN,0.2893800139427185,0.2948765854040782
seg_001471,sample_00490,"Roundtrip - Oh Yeah, the Future",1,0.729424774646759,cnn_revised_20260919T110440Z,cnn_s1_09,val,Log-Mel CNN,0.2893800139427185,0.2948765854040782
seg_001472,sample_00490,"Roundtrip - Oh Yeah, the Future",1,0.6760513782501221,cnn_revised_20260919T110440Z,cnn_s1_09,val,Log-Mel CNN,0.2893800139427185,0.2948765854040782
seg_001482,sample_00494,Scramby Eggs - Andy G. Cohen,1,0.6193758845329285,cnn_revised_20260919T110440Z,cnn_s1_09,val,Log-Mel CNN,0.2893800139427185,0.2948765854040782
seg_001483,sample_00494,Scramby Eggs - Andy G. Cohen,1,0.23790164291858673,cnn_revised_20260919T110440Z,cnn_s1_09,val,Log-Mel CNN,0.2893800139427185,0.2948765854040782
seg_001484,sample_00494,Scramby Eggs - Andy G. Cohen,1,0.3854781687259674,cnn_revised_20260919T110440Z,cnn_s1_09,val,Log-Mel CNN,0.2893800139427185,0.2948765854040782
seg_001485,sample_00495,SD (Ill Mix) - H-LR,1,0.3838270604610443,cnn_revised_20260919T110440Z,cnn_s1_09,val,Log-Mel CNN,0.2893800139427185,0.2948765854040782
seg_001486,sample_00495,SD (Ill Mix) - H-LR,1,0.3856595754623413,cnn_revised_20260919T110440Z,cnn_s1_09,val,Log-Mel CNN,0.2893800139427185,0.2948765854040782
seg_001487,sample_00495,SD (Ill Mix) - H-LR,1,0.5469699501991272,cnn_revised_20260919T110440Z,cnn_s1_09,val,Log-Mel CNN,0.2893800139427185,0.2948765854040782
seg_001509,sample_00503,Shipwrecked Crew - Pete Prodoehl,1,0.22755803167819977,cnn_revised_20260919T110440Z,cnn_s1_09,val,Log-Mel CNN,0.2893800139427185,0.2948765854040782
seg_001510,sample_00503,Shipwrecked Crew - Pete Prodoehl,1,0.2578068971633911,cnn_revised_20260919T110440Z,cnn_s1_09,val,Log-Mel CNN,0.2893800139427185,0.2948765854040782
seg_001511,sample_00503,Shipwrecked Crew - Pete Prodoehl,1,0.3486436605453491,cnn_revised_20260919T110440Z,cnn_s1_09,val,Log-Mel CNN,0.2893800139427185,0.2948765854040782
seg_001527,sample_00509,Soleares&beats - Malaventura,1,0.22636625170707703,cnn_revised_20260919T110440Z,cnn_s1_09,val,Log-Mel CNN,0.2893800139427185,0.2948765854040782
seg_001528,sample_00509,Soleares&beats - Malaventura,1,0.3571403920650482,cnn_revised_20260919T110440Z,cnn_s1_09,val,Log-Mel CNN,0.2893800139427185,0.2948765854040782
seg_001529,sample_00509,Soleares&beats - Malaventura,1,0.2327839434146881,cnn_revised_20260919T110440Z,cnn_s1_09,val,Log-Mel CNN,0.2893800139427185,0.2948765854040782
seg_001533,sample_00511,some dextromethorphan - Jeva,1,0.5287601947784424,cnn_revised_20260919T110440Z,cnn_s1_09,val,Log-Mel CNN,0.2893800139427185,0.2948765854040782
seg_001534,sample_00511,some dextromethorphan - Jeva,1,0.6676921248435974,cnn_revised_20260919T110440Z,cnn_s1_09,val,Log-Mel CNN,0.2893800139427185,0.2948765854040782
seg_001535,sample_00511,some dextromethorphan - Jeva,1,0.49281221628189087,cnn_revised_20260919T110440Z,cnn_s1_09,val,Log-Mel CNN,0.2893800139427185,0.2948765854040782
seg_001548,sample_00516,Stockholm Syndrome / People Should Be More Aware - Bird Names,1,0.24388664960861206,cnn_revised_20260919T110440Z,cnn_s1_09,val,Log-Mel CNN,0.2893800139427185,0.2948765854040782
seg_001549,sample_00516,Stockholm Syndrome / People Should Be More Aware - Bird Names,1,0.20671267807483673,cnn_revised_20260919T110440Z,cnn_s1_09,val,Log-Mel CNN,0.2893800139427185,0.2948765854040782
seg_001550,sample_00516,Stockholm Syndrome / People Should Be More Aware - Bird Names,1,0.508058488368988,cnn_revised_20260919T110440Z,cnn_s1_09,val,Log-Mel CNN,0.2893800139427185,0.2948765854040782
seg_001560,sample_00520,Sturgeon's Law - Nihilore,1,0.45538684725761414,cnn_revised_20260919T110440Z,cnn_s1_09,val,Log-Mel CNN,0.2893800139427185,0.2948765854040782
seg_001561,sample_00520,Sturgeon's Law - Nihilore,1,0.6911325454711914,cnn_revised_20260919T110440Z,cnn_s1_09,val,Log-Mel CNN,0.2893800139427185,0.2948765854040782
seg_001562,sample_00520,Sturgeon's Law - Nihilore,1,0.5379297137260437,cnn_revised_20260919T110440Z,cnn_s1_09,val,Log-Mel CNN,0.2893800139427185,0.2948765854040782
seg_001617,sample_00539,The girl just faded - Los Llamarada,1,0.47649484872817993,cnn_revised_20260919T110440Z,cnn_s1_09,val,Log-Mel CNN,0.2893800139427185,0.2948765854040782
seg_001618,sample_00539,The girl just faded - Los Llamarada,1,0.5162554383277893,cnn_revised_20260919T110440Z,cnn_s1_09,val,Log-Mel CNN,0.2893800139427185,0.2948765854040782
seg_001619,sample_00539,The girl just faded - Los Llamarada,1,0.5654034614562988,cnn_revised_20260919T110440Z,cnn_s1_09,val,Log-Mel CNN,0.2893800139427185,0.2948765854040782
seg_001644,sample_00548,The Stairway - WarpToken,1,0.6012329459190369,cnn_revised_20260919T110440Z,cnn_s1_09,val,Log-Mel CNN,0.2893800139427185,0.2948765854040782
seg_001645,sample_00548,The Stairway - WarpToken,1,0.4006909728050232,cnn_revised_20260919T110440Z,cnn_s1_09,val,Log-Mel CNN,0.2893800139427185,0.2948765854040782
seg_001646,sample_00548,The Stairway - WarpToken,1,0.54100501537323,cnn_revised_20260919T110440Z,cnn_s1_09,val,Log-Mel CNN,0.2893800139427185,0.2948765854040782
seg_001647,sample_00549,Three Bird - My brother Daniel,1,0.29935401678085327,cnn_revised_20260919T110440Z,cnn_s1_09,val,Log-Mel CNN,0.2893800139427185,0.2948765854040782
seg_001648,sample_00549,Three Bird - My brother Daniel,1,0.26161059737205505,cnn_revised_20260919T110440Z,cnn_s1_09,val,Log-Mel CNN,0.2893800139427185,0.2948765854040782
seg_001649,sample_00549,Three Bird - My brother Daniel,1,0.26174092292785645,cnn_revised_20260919T110440Z,cnn_s1_09,val,Log-Mel CNN,0.2893800139427185,0.2948765854040782
seg_001650,sample_00550,Timen Passing By - Jason Shaw,1,0.6031529903411865,cnn_revised_20260919T110440Z,cnn_s1_09,val,Log-Mel CNN,0.2893800139427185,0.2948765854040782
seg_001651,sample_00550,Timen Passing By - Jason Shaw,1,0.45664122700691223,cnn_revised_20260919T110440Z,cnn_s1_09,val,Log-Mel CNN,0.2893800139427185,0.2948765854040782
seg_001652,sample_00550,Timen Passing By - Jason Shaw,1,0.7213321328163147,cnn_revised_20260919T110440Z,cnn_s1_09,val,Log-Mel CNN,0.2893800139427185,0.2948765854040782
seg_001653,sample_00551,Time Is Love - Silence is full of birds,1,0.2321571558713913,cnn_revised_20260919T110440Z,cnn_s1_09,val,Log-Mel CNN,0.2893800139427185,0.2948765854040782
seg_001654,sample_00551,Time Is Love - Silence is full of birds,1,0.4724283516407013,cnn_revised_20260919T110440Z,cnn_s1_09,val,Log-Mel CNN,0.2893800139427185,0.2948765854040782
seg_001655,sample_00551,Time Is Love - Silence is full of birds,1,0.500324547290802,cnn_revised_20260919T110440Z,cnn_s1_09,val,Log-Mel CNN,0.2893800139427185,0.2948765854040782
seg_001680,sample_00560,Understand That This Is A Dream - From the album Modulating Coil [RSVP008] - Forrest James,1,0.3895132541656494,cnn_revised_20260919T110440Z,cnn_s1_09,val,Log-Mel CNN,0.2893800139427185,0.2948765854040782
seg_001681,sample_00560,Understand That This Is A Dream - From the album Modulating Coil [RSVP008] - Forrest James,1,0.3682432472705841,cnn_revised_20260919T110440Z,cnn_s1_09,val,Log-Mel CNN,0.2893800139427185,0.2948765854040782
seg_001682,sample_00560,Understand That This Is A Dream - From the album Modulating Coil [RSVP008] - Forrest James,1,0.6153771281242371,cnn_revised_20260919T110440Z,cnn_s1_09,val,Log-Mel CNN,0.2893800139427185,0.2948765854040782
seg_001695,sample_00565,Voxel - Andy G. Cohen,1,0.43520331382751465,cnn_revised_20260919T110440Z,cnn_s1_09,val,Log-Mel CNN,0.2893800139427185,0.2948765854040782
seg_001696,sample_00565,Voxel - Andy G. Cohen,1,0.47664085030555725,cnn_revised_20260919T110440Z,cnn_s1_09,val,Log-Mel CNN,0.2893800139427185,0.2948765854040782
seg_001697,sample_00565,Voxel - Andy G. Cohen,1,0.6233789324760437,cnn_revised_20260919T110440Z,cnn_s1_09,val,Log-Mel CNN,0.2893800139427185,0.2948765854040782
seg_001701,sample_00567,Westside Chillers - Little Glass Men,1,0.6254020929336548,cnn_revised_20260919T110440Z,cnn_s1_09,val,Log-Mel CNN,0.2893800139427185,0.2948765854040782
seg_001702,sample_00567,Westside Chillers - Little Glass Men,1,0.4952816367149353,cnn_revised_20260919T110440Z,cnn_s1_09,val,Log-Mel CNN,0.2893800139427185,0.2948765854040782
seg_001703,sample_00567,Westside Chillers - Little Glass Men,1,0.515056312084198,cnn_revised_20260919T110440Z,cnn_s1_09,val,Log-Mel CNN,0.2893800139427185,0.2948765854040782
seg_001758,sample_00586,В Наших Сердцах - Чокнутый Пропеллер,1,0.17613784968852997,cnn_revised_20260919T110440Z,cnn_s1_09,val,Log-Mel CNN,0.2893800139427185,0.2948765854040782
seg_001759,sample_00586,В Наших Сердцах - Чокнутый Пропеллер,1,0.3265882432460785,cnn_revised_20260919T110440Z,cnn_s1_09,val,Log-Mel CNN,0.2893800139427185,0.2948765854040782
seg_001760,sample_00586,В Наших Сердцах - Чокнутый Пропеллер,1,0.1633644700050354,cnn_revised_20260919T110440Z,cnn_s1_09,val,Log-Mel CNN,0.2893800139427185,0.2948765854040782
seg_001767,sample_00589,Новый Нью-Йорк 2 - Чокнутый Пропеллер,1,0.23613609373569489,cnn_revised_20260919T110440Z,cnn_s1_09,val,Log-Mel CNN,0.2893800139427185,0.2948765854040782
seg_001768,sample_00589,Новый Нью-Йорк 2 - Чокнутый Пропеллер,1,0.349135160446167,cnn_revised_20260919T110440Z,cnn_s1_09,val,Log-Mel CNN,0.2893800139427185,0.2948765854040782
seg_001769,sample_00589,Новый Нью-Йорк 2 - Чокнутый Пропеллер,1,0.46806809306144714,cnn_revised_20260919T110440Z,cnn_s1_09,val,Log-Mel CNN,0.2893800139427185,0.2948765854040782
seg_001785,sample_00595,Daylight Savings - My brother Daniel,1,0.6863442659378052,cnn_revised_20260919T110440Z,cnn_s1_09,val,Log-Mel CNN,0.2893800139427185,0.2948765854040782
seg_001786,sample_00595,Daylight Savings - My brother Daniel,1,0.8411847352981567,cnn_revised_20260919T110440Z,cnn_s1_09,val,Log-Mel CNN,0.2893800139427185,0.2948765854040782
seg_001787,sample_00595,Daylight Savings - My brother Daniel,1,0.625491738319397,cnn_revised_20260919T110440Z,cnn_s1_09,val,Log-Mel CNN,0.2893800139427185,0.2948765854040782
seg_001788,sample_00596,Three Bird - My brother Daniel,1,0.5218383073806763,cnn_revised_20260919T110440Z,cnn_s1_09,val,Log-Mel CNN,0.2893800139427185,0.2948765854040782
seg_001789,sample_00596,Three Bird - My brother Daniel,1,0.6638298630714417,cnn_revised_20260919T110440Z,cnn_s1_09,val,Log-Mel CNN,0.2893800139427185,0.2948765854040782
seg_001790,sample_00596,Three Bird - My brother Daniel,1,0.48415830731391907,cnn_revised_20260919T110440Z,cnn_s1_09,val,Log-Mel CNN,0.2893800139427185,0.2948765854040782
seg_001827,sample_00609,Timen Passing By - Jason Shaw,1,0.8473031520843506,cnn_revised_20260919T110440Z,cnn_s1_09,val,Log-Mel CNN,0.2893800139427185,0.2948765854040782
seg_001828,sample_00609,Timen Passing By - Jason Shaw,1,0.9067389369010925,cnn_revised_20260919T110440Z,cnn_s1_09,val,Log-Mel CNN,0.2893800139427185,0.2948765854040782
seg_001829,sample_00609,Timen Passing By - Jason Shaw,1,0.8449335694313049,cnn_revised_20260919T110440Z,cnn_s1_09,val,Log-Mel CNN,0.2893800139427185,0.2948765854040782
seg_001830,sample_00610,Night Drive - Decktonic,1,0.4896562099456787,cnn_revised_20260919T110440Z,cnn_s1_09,val,Log-Mel CNN,0.2893800139427185,0.2948765854040782
seg_001831,sample_00610,Night Drive - Decktonic,1,0.5336576700210571,cnn_revised_20260919T110440Z,cnn_s1_09,val,Log-Mel CNN,0.2893800139427185,0.2948765854040782
seg_001832,sample_00610,Night Drive - Decktonic,1,0.4903072416782379,cnn_revised_20260919T110440Z,cnn_s1_09,val,Log-Mel CNN,0.2893800139427185,0.2948765854040782
seg_001845,sample_00615,Sturgeon's Law - Nihilore,1,0.3491772711277008,cnn_revised_20260919T110440Z,cnn_s1_09,val,Log-Mel CNN,0.2893800139427185,0.2948765854040782
seg_001846,sample_00615,Sturgeon's Law - Nihilore,1,0.5248689651489258,cnn_revised_20260919T110440Z,cnn_s1_09,val,Log-Mel CNN,0.2893800139427185,0.2948765854040782
seg_001847,sample_00615,Sturgeon's Law - Nihilore,1,0.4842537045478821,cnn_revised_20260919T110440Z,cnn_s1_09,val,Log-Mel CNN,0.2893800139427185,0.2948765854040782
seg_001851,sample_00617,mystery team 2090 - Jesse Futerman,1,0.514929473400116,cnn_revised_20260919T110440Z,cnn_s1_09,val,Log-Mel CNN,0.2893800139427185,0.2948765854040782
seg_001852,sample_00617,mystery team 2090 - Jesse Futerman,1,0.49087420105934143,cnn_revised_20260919T110440Z,cnn_s1_09,val,Log-Mel CNN,0.2893800139427185,0.2948765854040782
seg_001853,sample_00617,mystery team 2090 - Jesse Futerman,1,0.5570898652076721,cnn_revised_20260919T110440Z,cnn_s1_09,val,Log-Mel CNN,0.2893800139427185,0.2948765854040782
seg_001875,sample_00625,Loved Ones - Rowan Box,1,0.2058665007352829,cnn_revised_20260919T110440Z,cnn_s1_09,val,Log-Mel CNN,0.2893800139427185,0.2948765854040782
seg_001876,sample_00625,Loved Ones - Rowan Box,1,0.23787875473499298,cnn_revised_20260919T110440Z,cnn_s1_09,val,Log-Mel CNN,0.2893800139427185,0.2948765854040782
seg_001877,sample_00625,Loved Ones - Rowan Box,1,0.24581551551818848,cnn_revised_20260919T110440Z,cnn_s1_09,val,Log-Mel CNN,0.2893800139427185,0.2948765854040782
seg_001917,sample_00639,CopperNickle - UncleBibby,1,0.5555490255355835,cnn_revised_20260919T110440Z,cnn_s1_09,val,Log-Mel CNN,0.2893800139427185,0.2948765854040782
seg_001918,sample_00639,CopperNickle - UncleBibby,1,0.7562472820281982,cnn_revised_20260919T110440Z,cnn_s1_09,val,Log-Mel CNN,0.2893800139427185,0.2948765854040782
seg_001919,sample_00639,CopperNickle - UncleBibby,1,0.6252249479293823,cnn_revised_20260919T110440Z,cnn_s1_09,val,Log-Mel CNN,0.2893800139427185,0.2948765854040782
seg_001953,sample_00651,Nuo Maisemat - Paavoharju,1,0.27499258518218994,cnn_revised_20260919T110440Z,cnn_s1_09,val,Log-Mel CNN,0.2893800139427185,0.2948765854040782
seg_001954,sample_00651,Nuo Maisemat - Paavoharju,1,0.36433145403862,cnn_revised_20260919T110440Z,cnn_s1_09,val,Log-Mel CNN,0.2893800139427185,0.2948765854040782
seg_001955,sample_00651,Nuo Maisemat - Paavoharju,1,0.3377389907836914,cnn_revised_20260919T110440Z,cnn_s1_09,val,Log-Mel CNN,0.2893800139427185,0.2948765854040782
seg_001986,sample_00662,SD (Ill Mix) - H-LR,1,0.6329151391983032,cnn_revised_20260919T110440Z,cnn_s1_09,val,Log-Mel CNN,0.2893800139427185,0.2948765854040782
seg_001987,sample_00662,SD (Ill Mix) - H-LR,1,0.6498700976371765,cnn_revised_20260919T110440Z,cnn_s1_09,val,Log-Mel CNN,0.2893800139427185,0.2948765854040782
seg_001988,sample_00662,SD (Ill Mix) - H-LR,1,0.6446436047554016,cnn_revised_20260919T110440Z,cnn_s1_09,val,Log-Mel CNN,0.2893800139427185,0.2948765854040782
seg_001998,sample_00666,Kumorizoranohajimarutokoro - Hosomi,1,0.14749979972839355,cnn_revised_20260919T110440Z,cnn_s1_09,val,Log-Mel CNN,0.2893800139427185,0.2948765854040782
seg_001999,sample_00666,Kumorizoranohajimarutokoro - Hosomi,1,0.12121827155351639,cnn_revised_20260919T110440Z,cnn_s1_09,val,Log-Mel CNN,0.2893800139427185,0.2948765854040782
seg_002000,sample_00666,Kumorizoranohajimarutokoro - Hosomi,1,0.12743836641311646,cnn_revised_20260919T110440Z,cnn_s1_09,val,Log-Mel CNN,0.2893800139427185,0.2948765854040782
seg_002019,sample_00673,some dextromethorphan - Jeva,1,0.25909748673439026,cnn_revised_20260919T110440Z,cnn_s1_09,val,Log-Mel CNN,0.2893800139427185,0.2948765854040782
seg_002020,sample_00673,some dextromethorphan - Jeva,1,0.2773129343986511,cnn_revised_20260919T110440Z,cnn_s1_09,val,Log-Mel CNN,0.2893800139427185,0.2948765854040782
seg_002021,sample_00673,some dextromethorphan - Jeva,1,0.17956264317035675,cnn_revised_20260919T110440Z,cnn_s1_09,val,Log-Mel CNN,0.2893800139427185,0.2948765854040782
seg_002028,sample_00676,Fifth Ramble - From the album Keith [RSVP007] - My brother Daniel,1,0.5333107709884644,cnn_revised_20260919T110440Z,cnn_s1_09,val,Log-Mel CNN,0.2893800139427185,0.2948765854040782
seg_002029,sample_00676,Fifth Ramble - From the album Keith [RSVP007] - My brother Daniel,1,0.597873866558075,cnn_revised_20260919T110440Z,cnn_s1_09,val,Log-Mel CNN,0.2893800139427185,0.2948765854040782
seg_002030,sample_00676,Fifth Ramble - From the album Keith [RSVP007] - My brother Daniel,1,0.4509347677230835,cnn_revised_20260919T110440Z,cnn_s1_09,val,Log-Mel CNN,0.2893800139427185,0.2948765854040782
seg_002043,sample_00681,Westside Chillers - Little Glass Men,1,0.5934426784515381,cnn_revised_20260919T110440Z,cnn_s1_09,val,Log-Mel CNN,0.2893800139427185,0.2948765854040782
seg_002044,sample_00681,Westside Chillers - Little Glass Men,1,0.5909859538078308,cnn_revised_20260919T110440Z,cnn_s1_09,val,Log-Mel CNN,0.2893800139427185,0.2948765854040782
seg_002045,sample_00681,Westside Chillers - Little Glass Men,1,0.5955660343170166,cnn_revised_20260919T110440Z,cnn_s1_09,val,Log-Mel CNN,0.2893800139427185,0.2948765854040782
seg_002076,sample_00692,If You're Ther - Nicola Ratti,1,0.553965151309967,cnn_revised_20260919T110440Z,cnn_s1_09,val,Log-Mel CNN,0.2893800139427185,0.2948765854040782
seg_002077,sample_00692,If You're Ther - Nicola Ratti,1,0.3253403306007385,cnn_revised_20260919T110440Z,cnn_s1_09,val,Log-Mel CNN,0.2893800139427185,0.2948765854040782
seg_002078,sample_00692,If You're Ther - Nicola Ratti,1,0.21441684663295746,cnn_revised_20260919T110440Z,cnn_s1_09,val,Log-Mel CNN,0.2893800139427185,0.2948765854040782
seg_002079,sample_00693,Understand That This Is A Dream - From the album Modulating Coil [RSVP008] - Forrest James,1,0.5982537269592285,cnn_revised_20260919T110440Z,cnn_s1_09,val,Log-Mel CNN,0.2893800139427185,0.2948765854040782
seg_002080,sample_00693,Understand That This Is A Dream - From the album Modulating Coil [RSVP008] - Forrest James,1,0.3047589957714081,cnn_revised_20260919T110440Z,cnn_s1_09,val,Log-Mel CNN,0.2893800139427185,0.2948765854040782
seg_002081,sample_00693,Understand That This Is A Dream - From the album Modulating Coil [RSVP008] - Forrest James,1,0.4407130479812622,cnn_revised_20260919T110440Z,cnn_s1_09,val,Log-Mel CNN,0.2893800139427185,0.2948765854040782
seg_002100,sample_00700,The Stairway - WarpToken,1,0.43801772594451904,cnn_revised_20260919T110440Z,cnn_s1_09,val,Log-Mel CNN,0.2893800139427185,0.2948765854040782
seg_002101,sample_00700,The Stairway - WarpToken,1,0.5520324110984802,cnn_revised_20260919T110440Z,cnn_s1_09,val,Log-Mel CNN,0.2893800139427185,0.2948765854040782
seg_002102,sample_00700,The Stairway - WarpToken,1,0.6142861247062683,cnn_revised_20260919T110440Z,cnn_s1_09,val,Log-Mel CNN,0.2893800139427185,0.2948765854040782
seg_002112,sample_00704,Soleares&beats - Malaventura,1,0.32492172718048096,cnn_revised_20260919T110440Z,cnn_s1_09,val,Log-Mel CNN,0.2893800139427185,0.2948765854040782
seg_002113,sample_00704,Soleares&beats - Malaventura,1,0.35599175095558167,cnn_revised_20260919T110440Z,cnn_s1_09,val,Log-Mel CNN,0.2893800139427185,0.2948765854040782
seg_002114,sample_00704,Soleares&beats - Malaventura,1,0.3409340977668762,cnn_revised_20260919T110440Z,cnn_s1_09,val,Log-Mel CNN,0.2893800139427185,0.2948765854040782
seg_002184,sample_00728,Evil Cannot Create - Caleb Lemond,1,0.5985715389251709,cnn_revised_20260919T110440Z,cnn_s1_09,val,Log-Mel CNN,0.2893800139427185,0.2948765854040782
seg_002185,sample_00728,Evil Cannot Create - Caleb Lemond,1,0.5212702751159668,cnn_revised_20260919T110440Z,cnn_s1_09,val,Log-Mel CNN,0.2893800139427185,0.2948765854040782
seg_002186,sample_00728,Evil Cannot Create - Caleb Lemond,1,0.6700426340103149,cnn_revised_20260919T110440Z,cnn_s1_09,val,Log-Mel CNN,0.2893800139427185,0.2948765854040782
seg_002196,sample_00732,Norweigian Wood II - Bird Names,1,0.32883307337760925,cnn_revised_20260919T110440Z,cnn_s1_09,val,Log-Mel CNN,0.2893800139427185,0.2948765854040782
seg_002197,sample_00732,Norweigian Wood II - Bird Names,1,0.4798859655857086,cnn_revised_20260919T110440Z,cnn_s1_09,val,Log-Mel CNN,0.2893800139427185,0.2948765854040782
seg_002198,sample_00732,Norweigian Wood II - Bird Names,1,0.48787155747413635,cnn_revised_20260919T110440Z,cnn_s1_09,val,Log-Mel CNN,0.2893800139427185,0.2948765854040782
seg_002214,sample_00738,Roller Star - Monroeville Music Center,1,0.29538795351982117,cnn_revised_20260919T110440Z,cnn_s1_09,val,Log-Mel CNN,0.2893800139427185,0.2948765854040782
seg_002215,sample_00738,Roller Star - Monroeville Music Center,1,0.3591729700565338,cnn_revised_20260919T110440Z,cnn_s1_09,val,Log-Mel CNN,0.2893800139427185,0.2948765854040782
seg_002216,sample_00738,Roller Star - Monroeville Music Center,1,0.3121638894081116,cnn_revised_20260919T110440Z,cnn_s1_09,val,Log-Mel CNN,0.2893800139427185,0.2948765854040782
seg_002229,sample_00743,Time Is Love - Silence is full of birds,1,0.3364439010620117,cnn_revised_20260919T110440Z,cnn_s1_09,val,Log-Mel CNN,0.2893800139427185,0.2948765854040782
seg_002230,sample_00743,Time Is Love - Silence is full of birds,1,0.34753692150115967,cnn_revised_20260919T110440Z,cnn_s1_09,val,Log-Mel CNN,0.2893800139427185,0.2948765854040782
seg_002231,sample_00743,Time Is Love - Silence is full of birds,1,0.19378553330898285,cnn_revised_20260919T110440Z,cnn_s1_09,val,Log-Mel CNN,0.2893800139427185,0.2948765854040782
seg_002232,sample_00744,Stockholm Syndrome / People Should Be More Aware - Bird Names,1,0.24982386827468872,cnn_revised_20260919T110440Z,cnn_s1_09,val,Log-Mel CNN,0.2893800139427185,0.2948765854040782
seg_002233,sample_00744,Stockholm Syndrome / People Should Be More Aware - Bird Names,1,0.36094918847084045,cnn_revised_20260919T110440Z,cnn_s1_09,val,Log-Mel CNN,0.2893800139427185,0.2948765854040782
seg_002234,sample_00744,Stockholm Syndrome / People Should Be More Aware - Bird Names,1,0.1926581710577011,cnn_revised_20260919T110440Z,cnn_s1_09,val,Log-Mel CNN,0.2893800139427185,0.2948765854040782
seg_002244,sample_00748,"Roundtrip - Oh Yeah, the Future",1,0.6742082238197327,cnn_revised_20260919T110440Z,cnn_s1_09,val,Log-Mel CNN,0.2893800139427185,0.2948765854040782
seg_002245,sample_00748,"Roundtrip - Oh Yeah, the Future",1,0.7273767590522766,cnn_revised_20260919T110440Z,cnn_s1_09,val,Log-Mel CNN,0.2893800139427185,0.2948765854040782
seg_002246,sample_00748,"Roundtrip - Oh Yeah, the Future",1,0.6696001887321472,cnn_revised_20260919T110440Z,cnn_s1_09,val,Log-Mel CNN,0.2893800139427185,0.2948765854040782
seg_002247,sample_00749,New Life (take 1) - Bird Names,1,0.5566709637641907,cnn_revised_20260919T110440Z,cnn_s1_09,val,Log-Mel CNN,0.2893800139427185,0.2948765854040782
seg_002248,sample_00749,New Life (take 1) - Bird Names,1,0.6172081232070923,cnn_revised_20260919T110440Z,cnn_s1_09,val,Log-Mel CNN,0.2893800139427185,0.2948765854040782
seg_002249,sample_00749,New Life (take 1) - Bird Names,1,0.555737316608429,cnn_revised_20260919T110440Z,cnn_s1_09,val,Log-Mel CNN,0.2893800139427185,0.2948765854040782
seg_002253,sample_00751,My Body Is A Weapon (Compromise Edit) - Silence is full of birds,1,0.6363841891288757,cnn_revised_20260919T110440Z,cnn_s1_09,val,Log-Mel CNN,0.2893800139427185,0.2948765854040782
seg_002254,sample_00751,My Body Is A Weapon (Compromise Edit) - Silence is full of birds,1,0.6779797077178955,cnn_revised_20260919T110440Z,cnn_s1_09,val,Log-Mel CNN,0.2893800139427185,0.2948765854040782
seg_002255,sample_00751,My Body Is A Weapon (Compromise Edit) - Silence is full of birds,1,0.6342194080352783,cnn_revised_20260919T110440Z,cnn_s1_09,val,Log-Mel CNN,0.2893800139427185,0.2948765854040782
seg_002280,sample_00760,Agora - Malaventura,1,0.7243666052818298,cnn_revised_20260919T110440Z,cnn_s1_09,val,Log-Mel CNN,0.2893800139427185,0.2948765854040782
seg_002281,sample_00760,Agora - Malaventura,1,0.793493926525116,cnn_revised_20260919T110440Z,cnn_s1_09,val,Log-Mel CNN,0.2893800139427185,0.2948765854040782
seg_002282,sample_00760,Agora - Malaventura,1,0.7564760446548462,cnn_revised_20260919T110440Z,cnn_s1_09,val,Log-Mel CNN,0.2893800139427185,0.2948765854040782
seg_002304,sample_00768,Empty Pockets - Pete Prodoehl,1,0.2897628843784332,cnn_revised_20260919T110440Z,cnn_s1_09,val,Log-Mel CNN,0.2893800139427185,0.2948765854040782
seg_002305,sample_00768,Empty Pockets - Pete Prodoehl,1,0.2847152352333069,cnn_revised_20260919T110440Z,cnn_s1_09,val,Log-Mel CNN,0.2893800139427185,0.2948765854040782
seg_002306,sample_00768,Empty Pockets - Pete Prodoehl,1,0.5173771381378174,cnn_revised_20260919T110440Z,cnn_s1_09,val,Log-Mel CNN,0.2893800139427185,0.2948765854040782
seg_002310,sample_00770,Windows of the Skull - Sarin,1,0.20706616342067719,cnn_revised_20260919T110440Z,cnn_s1_09,val,Log-Mel CNN,0.2893800139427185,0.2948765854040782
seg_002311,sample_00770,Windows of the Skull - Sarin,1,0.2577924132347107,cnn_revised_20260919T110440Z,cnn_s1_09,val,Log-Mel CNN,0.2893800139427185,0.2948765854040782
seg_002312,sample_00770,Windows of the Skull - Sarin,1,0.3873547315597534,cnn_revised_20260919T110440Z,cnn_s1_09,val,Log-Mel CNN,0.2893800139427185,0.2948765854040782
seg_002319,sample_00773,Gila Monster Flop/Music History Lesson:The Sonics - The Crypts!,1,0.8087769746780396,cnn_revised_20260919T110440Z,cnn_s1_09,val,Log-Mel CNN,0.2893800139427185,0.2948765854040782
seg_002320,sample_00773,Gila Monster Flop/Music History Lesson:The Sonics - The Crypts!,1,0.8723105788230896,cnn_revised_20260919T110440Z,cnn_s1_09,val,Log-Mel CNN,0.2893800139427185,0.2948765854040782
seg_002321,sample_00773,Gila Monster Flop/Music History Lesson:The Sonics - The Crypts!,1,0.8191849589347839,cnn_revised_20260919T110440Z,cnn_s1_09,val,Log-Mel CNN,0.2893800139427185,0.2948765854040782
seg_002343,sample_00781,Voxel - Andy G. Cohen,1,0.3077860474586487,cnn_revised_20260919T110440Z,cnn_s1_09,val,Log-Mel CNN,0.2893800139427185,0.2948765854040782
seg_002344,sample_00781,Voxel - Andy G. Cohen,1,0.1859152466058731,cnn_revised_20260919T110440Z,cnn_s1_09,val,Log-Mel CNN,0.2893800139427185,0.2948765854040782
seg_002345,sample_00781,Voxel - Andy G. Cohen,1,0.2467765212059021,cnn_revised_20260919T110440Z,cnn_s1_09,val,Log-Mel CNN,0.2893800139427185,0.2948765854040782
seg_002364,sample_00788,Scramby Eggs - Andy G. Cohen,1,0.35471808910369873,cnn_revised_20260919T110440Z,cnn_s1_09,val,Log-Mel CNN,0.2893800139427185,0.2948765854040782
seg_002365,sample_00788,Scramby Eggs - Andy G. Cohen,1,0.36177965998649597,cnn_revised_20260919T110440Z,cnn_s1_09,val,Log-Mel CNN,0.2893800139427185,0.2948765854040782
seg_002366,sample_00788,Scramby Eggs - Andy G. Cohen,1,0.4981161057949066,cnn_revised_20260919T110440Z,cnn_s1_09,val,Log-Mel CNN,0.2893800139427185,0.2948765854040782
seg_002406,sample_00802,I Fell - Mod Fun,1,0.4417722225189209,cnn_revised_20260919T110440Z,cnn_s1_09,val,Log-Mel CNN,0.2893800139427185,0.2948765854040782
seg_002407,sample_00802,I Fell - Mod Fun,1,0.6353359222412109,cnn_revised_20260919T110440Z,cnn_s1_09,val,Log-Mel CNN,0.2893800139427185,0.2948765854040782
seg_002408,sample_00802,I Fell - Mod Fun,1,0.593987762928009,cnn_revised_20260919T110440Z,cnn_s1_09,val,Log-Mel CNN,0.2893800139427185,0.2948765854040782
seg_002409,sample_00803,Новый Нью-Йорк 2 - Чокнутый Пропеллер,1,0.6505245566368103,cnn_revised_20260919T110440Z,cnn_s1_09,val,Log-Mel CNN,0.2893800139427185,0.2948765854040782
seg_002410,sample_00803,Новый Нью-Йорк 2 - Чокнутый Пропеллер,1,0.8051044344902039,cnn_revised_20260919T110440Z,cnn_s1_09,val,Log-Mel CNN,0.2893800139427185,0.2948765854040782
seg_002411,sample_00803,Новый Нью-Йорк 2 - Чокнутый Пропеллер,1,0.7580359578132629,cnn_revised_20260919T110440Z,cnn_s1_09,val,Log-Mel CNN,0.2893800139427185,0.2948765854040782
seg_002421,sample_00807,March of the GPA Mechanics - [t]ghost,1,0.11551104485988617,cnn_revised_20260919T110440Z,cnn_s1_09,val,Log-Mel CNN,0.2893800139427185,0.2948765854040782
seg_002422,sample_00807,March of the GPA Mechanics - [t]ghost,1,0.12566134333610535,cnn_revised_20260919T110440Z,cnn_s1_09,val,Log-Mel CNN,0.2893800139427185,0.2948765854040782
seg_002423,sample_00807,March of the GPA Mechanics - [t]ghost,1,0.10904103517532349,cnn_revised_20260919T110440Z,cnn_s1_09,val,Log-Mel CNN,0.2893800139427185,0.2948765854040782
seg_002436,sample_00812,2 (Wasn't There) - Isle of Pine,1,0.36616888642311096,cnn_revised_20260919T110440Z,cnn_s1_09,val,Log-Mel CNN,0.2893800139427185,0.2948765854040782
seg_002437,sample_00812,2 (Wasn't There) - Isle of Pine,1,0.32495343685150146,cnn_revised_20260919T110440Z,cnn_s1_09,val,Log-Mel CNN,0.2893800139427185,0.2948765854040782
seg_002438,sample_00812,2 (Wasn't There) - Isle of Pine,1,0.45666489005088806,cnn_revised_20260919T110440Z,cnn_s1_09,val,Log-Mel CNN,0.2893800139427185,0.2948765854040782
seg_002439,sample_00813,The girl just faded - Los Llamarada,1,0.05075811222195625,cnn_revised_20260919T110440Z,cnn_s1_09,val,Log-Mel CNN,0.2893800139427185,0.2948765854040782
seg_002440,sample_00813,The girl just faded - Los Llamarada,1,0.04684193432331085,cnn_revised_20260919T110440Z,cnn_s1_09,val,Log-Mel CNN,0.2893800139427185,0.2948765854040782
seg_002441,sample_00813,The girl just faded - Los Llamarada,1,0.0489061065018177,cnn_revised_20260919T110440Z,cnn_s1_09,val,Log-Mel CNN,0.2893800139427185,0.2948765854040782
seg_002457,sample_00819,В Наших Сердцах - Чокнутый Пропеллер,1,0.4742901027202606,cnn_revised_20260919T110440Z,cnn_s1_09,val,Log-Mel CNN,0.2893800139427185,0.2948765854040782
seg_002458,sample_00819,В Наших Сердцах - Чокнутый Пропеллер,1,0.741980791091919,cnn_revised_20260919T110440Z,cnn_s1_09,val,Log-Mel CNN,0.2893800139427185,0.2948765854040782
seg_002459,sample_00819,В Наших Сердцах - Чокнутый Пропеллер,1,0.511680006980896,cnn_revised_20260919T110440Z,cnn_s1_09,val,Log-Mel CNN,0.2893800139427185,0.2948765854040782
seg_002460,sample_00820,Lights Up - Pipe Choir,1,0.5372824668884277,cnn_revised_20260919T110440Z,cnn_s1_09,val,Log-Mel CNN,0.2893800139427185,0.2948765854040782
seg_002461,sample_00820,Lights Up - Pipe Choir,1,0.6996372938156128,cnn_revised_20260919T110440Z,cnn_s1_09,val,Log-Mel CNN,0.2893800139427185,0.2948765854040782
seg_002462,sample_00820,Lights Up - Pipe Choir,1,0.660554826259613,cnn_revised_20260919T110440Z,cnn_s1_09,val,Log-Mel CNN,0.2893800139427185,0.2948765854040782
seg_002466,sample_00822,Beyond Luxury - Mors Ontologica,1,0.24605900049209595,cnn_revised_20260919T110440Z,cnn_s1_09,val,Log-Mel CNN,0.2893800139427185,0.2948765854040782
seg_002467,sample_00822,Beyond Luxury - Mors Ontologica,1,0.32422545552253723,cnn_revised_20260919T110440Z,cnn_s1_09,val,Log-Mel CNN,0.2893800139427185,0.2948765854040782
seg_002468,sample_00822,Beyond Luxury - Mors Ontologica,1,0.32607656717300415,cnn_revised_20260919T110440Z,cnn_s1_09,val,Log-Mel CNN,0.2893800139427185,0.2948765854040782
seg_002529,sample_00843,Fear - Los Fancy Free,1,0.6442985534667969,cnn_revised_20260919T110440Z,cnn_s1_09,val,Log-Mel CNN,0.2893800139427185,0.2948765854040782
seg_002530,sample_00843,Fear - Los Fancy Free,1,0.733603835105896,cnn_revised_20260919T110440Z,cnn_s1_09,val,Log-Mel CNN,0.2893800139427185,0.2948765854040782
seg_002531,sample_00843,Fear - Los Fancy Free,1,0.6780561208724976,cnn_revised_20260919T110440Z,cnn_s1_09,val,Log-Mel CNN,0.2893800139427185,0.2948765854040782
seg_002622,sample_00874,Redlight - Room For A Ghost,1,0.11438904702663422,cnn_revised_20260919T110440Z,cnn_s1_09,val,Log-Mel CNN,0.2893800139427185,0.2948765854040782
seg_002623,sample_00874,Redlight - Room For A Ghost,1,0.08926337212324142,cnn_revised_20260919T110440Z,cnn_s1_09,val,Log-Mel CNN,0.2893800139427185,0.2948765854040782
seg_002624,sample_00874,Redlight - Room For A Ghost,1,0.2992355227470398,cnn_revised_20260919T110440Z,cnn_s1_09,val,Log-Mel CNN,0.2893800139427185,0.2948765854040782
seg_002625,sample_00875,Shipwrecked Crew - Pete Prodoehl,1,0.2595217525959015,cnn_revised_20260919T110440Z,cnn_s1_09,val,Log-Mel CNN,0.2893800139427185,0.2948765854040782
seg_002626,sample_00875,Shipwrecked Crew - Pete Prodoehl,1,0.3430945873260498,cnn_revised_20260919T110440Z,cnn_s1_09,val,Log-Mel CNN,0.2893800139427185,0.2948765854040782
seg_002627,sample_00875,Shipwrecked Crew - Pete Prodoehl,1,0.4878287613391876,cnn_revised_20260919T110440Z,cnn_s1_09,val,Log-Mel CNN,0.2893800139427185,0.2948765854040782
seg_002640,sample_00880,Morning Bell - Nihilore,1,0.635489284992218,cnn_revised_20260919T110440Z,cnn_s1_09,val,Log-Mel CNN,0.2893800139427185,0.2948765854040782
seg_002641,sample_00880,Morning Bell - Nihilore,1,0.5820918083190918,cnn_revised_20260919T110440Z,cnn_s1_09,val,Log-Mel CNN,0.2893800139427185,0.2948765854040782
seg_002642,sample_00880,Morning Bell - Nihilore,1,0.6466809511184692,cnn_revised_20260919T110440Z,cnn_s1_09,val,Log-Mel CNN,0.2893800139427185,0.2948765854040782
seg_002694,sample_00898,CopperNickle - UncleBibby,1,0.40249907970428467,cnn_revised_20260919T110440Z,cnn_s1_09,val,Log-Mel CNN,0.2893800139427185,0.2948765854040782
seg_002695,sample_00898,CopperNickle - UncleBibby,1,0.5985237956047058,cnn_revised_20260919T110440Z,cnn_s1_09,val,Log-Mel CNN,0.2893800139427185,0.2948765854040782
seg_002696,sample_00898,CopperNickle - UncleBibby,1,0.49148184061050415,cnn_revised_20260919T110440Z,cnn_s1_09,val,Log-Mel CNN,0.2893800139427185,0.2948765854040782
seg_002697,sample_00899,CopperNickle - UncleBibby,1,0.7926404476165771,cnn_revised_20260919T110440Z,cnn_s1_09,val,Log-Mel CNN,0.2893800139427185,0.2948765854040782
seg_002698,sample_00899,CopperNickle - UncleBibby,1,0.7071622610092163,cnn_revised_20260919T110440Z,cnn_s1_09,val,Log-Mel CNN,0.2893800139427185,0.2948765854040782
seg_002699,sample_00899,CopperNickle - UncleBibby,1,0.7890022397041321,cnn_revised_20260919T110440Z,cnn_s1_09,val,Log-Mel CNN,0.2893800139427185,0.2948765854040782
seg_002766,sample_00922,mystery team 2090 - Jesse Futerman,1,0.2693615257740021,cnn_revised_20260919T110440Z,cnn_s1_09,val,Log-Mel CNN,0.2893800139427185,0.2948765854040782
seg_002767,sample_00922,mystery team 2090 - Jesse Futerman,1,0.32776978611946106,cnn_revised_20260919T110440Z,cnn_s1_09,val,Log-Mel CNN,0.2893800139427185,0.2948765854040782
seg_002768,sample_00922,mystery team 2090 - Jesse Futerman,1,0.7328808903694153,cnn_revised_20260919T110440Z,cnn_s1_09,val,Log-Mel CNN,0.2893800139427185,0.2948765854040782
seg_002769,sample_00923,mystery team 2090 - Jesse Futerman,1,0.2671976089477539,cnn_revised_20260919T110440Z,cnn_s1_09,val,Log-Mel CNN,0.2893800139427185,0.2948765854040782
seg_002770,sample_00923,mystery team 2090 - Jesse Futerman,1,0.3460191786289215,cnn_revised_20260919T110440Z,cnn_s1_09,val,Log-Mel CNN,0.2893800139427185,0.2948765854040782
seg_002771,sample_00923,mystery team 2090 - Jesse Futerman,1,0.5004561543464661,cnn_revised_20260919T110440Z,cnn_s1_09,val,Log-Mel CNN,0.2893800139427185,0.2948765854040782
seg_002772,sample_00924,Night Drive - Decktonic,1,0.4938730299472809,cnn_revised_20260919T110440Z,cnn_s1_09,val,Log-Mel CNN,0.2893800139427185,0.2948765854040782
seg_002773,sample_00924,Night Drive - Decktonic,1,0.3918999135494232,cnn_revised_20260919T110440Z,cnn_s1_09,val,Log-Mel CNN,0.2893800139427185,0.2948765854040782
seg_002774,sample_00924,Night Drive - Decktonic,1,0.5835338234901428,cnn_revised_20260919T110440Z,cnn_s1_09,val,Log-Mel CNN,0.2893800139427185,0.2948765854040782
seg_002775,sample_00925,Night Drive - Decktonic,1,0.45533379912376404,cnn_revised_20260919T110440Z,cnn_s1_09,val,Log-Mel CNN,0.2893800139427185,0.2948765854040782
seg_002776,sample_00925,Night Drive - Decktonic,1,0.30649808049201965,cnn_revised_20260919T110440Z,cnn_s1_09,val,Log-Mel CNN,0.2893800139427185,0.2948765854040782
seg_002777,sample_00925,Night Drive - Decktonic,1,0.5863873958587646,cnn_revised_20260919T110440Z,cnn_s1_09,val,Log-Mel CNN,0.2893800139427185,0.2948765854040782
seg_002790,sample_00930,Nuo Maisemat - Paavoharju,1,0.6635105013847351,cnn_revised_20260919T110440Z,cnn_s1_09,val,Log-Mel CNN,0.2893800139427185,0.2948765854040782
seg_002791,sample_00930,Nuo Maisemat - Paavoharju,1,0.30662843585014343,cnn_revised_20260919T110440Z,cnn_s1_09,val,Log-Mel CNN,0.2893800139427185,0.2948765854040782
seg_002792,sample_00930,Nuo Maisemat - Paavoharju,1,0.3703538477420807,cnn_revised_20260919T110440Z,cnn_s1_09,val,Log-Mel CNN,0.2893800139427185,0.2948765854040782
seg_002793,sample_00931,Nuo Maisemat - Paavoharju,1,0.5884146690368652,cnn_revised_20260919T110440Z,cnn_s1_09,val,Log-Mel CNN,0.2893800139427185,0.2948765854040782
seg_002794,sample_00931,Nuo Maisemat - Paavoharju,1,0.4746882915496826,cnn_revised_20260919T110440Z,cnn_s1_09,val,Log-Mel CNN,0.2893800139427185,0.2948765854040782
seg_002795,sample_00931,Nuo Maisemat - Paavoharju,1,0.40745988488197327,cnn_revised_20260919T110440Z,cnn_s1_09,val,Log-Mel CNN,0.2893800139427185,0.2948765854040782
seg_002874,sample_00958,SD (Ill Mix) - H-LR,1,0.2770080864429474,cnn_revised_20260919T110440Z,cnn_s1_09,val,Log-Mel CNN,0.2893800139427185,0.2948765854040782
seg_002875,sample_00958,SD (Ill Mix) - H-LR,1,0.23524385690689087,cnn_revised_20260919T110440Z,cnn_s1_09,val,Log-Mel CNN,0.2893800139427185,0.2948765854040782
seg_002876,sample_00958,SD (Ill Mix) - H-LR,1,0.491256982088089,cnn_revised_20260919T110440Z,cnn_s1_09,val,Log-Mel CNN,0.2893800139427185,0.2948765854040782
seg_002877,sample_00959,SD (Ill Mix) - H-LR,1,0.4213462471961975,cnn_revised_20260919T110440Z,cnn_s1_09,val,Log-Mel CNN,0.2893800139427185,0.2948765854040782
seg_002878,sample_00959,SD (Ill Mix) - H-LR,1,0.2953816056251526,cnn_revised_20260919T110440Z,cnn_s1_09,val,Log-Mel CNN,0.2893800139427185,0.2948765854040782
seg_002879,sample_00959,SD (Ill Mix) - H-LR,1,0.5927563905715942,cnn_revised_20260919T110440Z,cnn_s1_09,val,Log-Mel CNN,0.2893800139427185,0.2948765854040782
seg_002982,sample_00994,Evil Cannot Create - Caleb Lemond,1,0.28442853689193726,cnn_revised_20260919T110440Z,cnn_s1_09,val,Log-Mel CNN,0.2893800139427185,0.2948765854040782
seg_002983,sample_00994,Evil Cannot Create - Caleb Lemond,1,0.28754115104675293,cnn_revised_20260919T110440Z,cnn_s1_09,val,Log-Mel CNN,0.2893800139427185,0.2948765854040782
seg_002984,sample_00994,Evil Cannot Create - Caleb Lemond,1,0.46493276953697205,cnn_revised_20260919T110440Z,cnn_s1_09,val,Log-Mel CNN,0.2893800139427185,0.2948765854040782
seg_002985,sample_00995,Evil Cannot Create - Caleb Lemond,1,0.5356730222702026,cnn_revised_20260919T110440Z,cnn_s1_09,val,Log-Mel CNN,0.2893800139427185,0.2948765854040782
seg_002986,sample_00995,Evil Cannot Create - Caleb Lemond,1,0.42661258578300476,cnn_revised_20260919T110440Z,cnn_s1_09,val,Log-Mel CNN,0.2893800139427185,0.2948765854040782
seg_002987,sample_00995,Evil Cannot Create - Caleb Lemond,1,0.3969669044017792,cnn_revised_20260919T110440Z,cnn_s1_09,val,Log-Mel CNN,0.2893800139427185,0.2948765854040782
seg_003090,sample_01030,New Life (take 1) - Bird Names,1,0.2994445264339447,cnn_revised_20260919T110440Z,cnn_s1_09,val,Log-Mel CNN,0.2893800139427185,0.2948765854040782
seg_003091,sample_01030,New Life (take 1) - Bird Names,1,0.15197990834712982,cnn_revised_20260919T110440Z,cnn_s1_09,val,Log-Mel CNN,0.2893800139427185,0.2948765854040782
seg_003092,sample_01030,New Life (take 1) - Bird Names,1,0.20964643359184265,cnn_revised_20260919T110440Z,cnn_s1_09,val,Log-Mel CNN,0.2893800139427185,0.2948765854040782
seg_003093,sample_01031,New Life (take 1) - Bird Names,1,0.3891916573047638,cnn_revised_20260919T110440Z,cnn_s1_09,val,Log-Mel CNN,0.2893800139427185,0.2948765854040782
seg_003094,sample_01031,New Life (take 1) - Bird Names,1,0.24794089794158936,cnn_revised_20260919T110440Z,cnn_s1_09,val,Log-Mel CNN,0.2893800139427185,0.2948765854040782
seg_003095,sample_01031,New Life (take 1) - Bird Names,1,0.41318634152412415,cnn_revised_20260919T110440Z,cnn_s1_09,val,Log-Mel CNN,0.2893800139427185,0.2948765854040782
seg_003096,sample_01032,Norweigian Wood II - Bird Names,1,0.2770315110683441,cnn_revised_20260919T110440Z,cnn_s1_09,val,Log-Mel CNN,0.2893800139427185,0.2948765854040782
seg_003097,sample_01032,Norweigian Wood II - Bird Names,1,0.16422736644744873,cnn_revised_20260919T110440Z,cnn_s1_09,val,Log-Mel CNN,0.2893800139427185,0.2948765854040782
seg_003098,sample_01032,Norweigian Wood II - Bird Names,1,0.48207780718803406,cnn_revised_20260919T110440Z,cnn_s1_09,val,Log-Mel CNN,0.2893800139427185,0.2948765854040782
seg_003099,sample_01033,Norweigian Wood II - Bird Names,1,0.3492703139781952,cnn_revised_20260919T110440Z,cnn_s1_09,val,Log-Mel CNN,0.2893800139427185,0.2948765854040782
seg_003100,sample_01033,Norweigian Wood II - Bird Names,1,0.32319796085357666,cnn_revised_20260919T110440Z,cnn_s1_09,val,Log-Mel CNN,0.2893800139427185,0.2948765854040782
seg_003101,sample_01033,Norweigian Wood II - Bird Names,1,0.31244969367980957,cnn_revised_20260919T110440Z,cnn_s1_09,val,Log-Mel CNN,0.2893800139427185,0.2948765854040782
seg_003120,sample_01040,Roller Star - Monroeville Music Center,1,0.48323357105255127,cnn_revised_20260919T110440Z,cnn_s1_09,val,Log-Mel CNN,0.2893800139427185,0.2948765854040782
seg_003121,sample_01040,Roller Star - Monroeville Music Center,1,0.6590063571929932,cnn_revised_20260919T110440Z,cnn_s1_09,val,Log-Mel CNN,0.2893800139427185,0.2948765854040782
seg_003122,sample_01040,Roller Star - Monroeville Music Center,1,0.6658329963684082,cnn_revised_20260919T110440Z,cnn_s1_09,val,Log-Mel CNN,0.2893800139427185,0.2948765854040782
seg_003123,sample_01041,Roller Star - Monroeville Music Center,1,0.4585587680339813,cnn_revised_20260919T110440Z,cnn_s1_09,val,Log-Mel CNN,0.2893800139427185,0.2948765854040782
seg_003124,sample_01041,Roller Star - Monroeville Music Center,1,0.39396125078201294,cnn_revised_20260919T110440Z,cnn_s1_09,val,Log-Mel CNN,0.2893800139427185,0.2948765854040782
seg_003125,sample_01041,Roller Star - Monroeville Music Center,1,0.49570232629776,cnn_revised_20260919T110440Z,cnn_s1_09,val,Log-Mel CNN,0.2893800139427185,0.2948765854040782
seg_003126,sample_01042,"Roundtrip - Oh Yeah, the Future",1,0.4059695601463318,cnn_revised_20260919T110440Z,cnn_s1_09,val,Log-Mel CNN,0.2893800139427185,0.2948765854040782
seg_003127,sample_01042,"Roundtrip - Oh Yeah, the Future",1,0.3995684087276459,cnn_revised_20260919T110440Z,cnn_s1_09,val,Log-Mel CNN,0.2893800139427185,0.2948765854040782
seg_003128,sample_01042,"Roundtrip - Oh Yeah, the Future",1,0.48032504320144653,cnn_revised_20260919T110440Z,cnn_s1_09,val,Log-Mel CNN,0.2893800139427185,0.2948765854040782
seg_003129,sample_01043,"Roundtrip - Oh Yeah, the Future",1,0.5157012939453125,cnn_revised_20260919T110440Z,cnn_s1_09,val,Log-Mel CNN,0.2893800139427185,0.2948765854040782
seg_003130,sample_01043,"Roundtrip - Oh Yeah, the Future",1,0.4677192270755768,cnn_revised_20260919T110440Z,cnn_s1_09,val,Log-Mel CNN,0.2893800139427185,0.2948765854040782
seg_003131,sample_01043,"Roundtrip - Oh Yeah, the Future",1,0.5186014175415039,cnn_revised_20260919T110440Z,cnn_s1_09,val,Log-Mel CNN,0.2893800139427185,0.2948765854040782
seg_003144,sample_01048,Soleares&beats - Malaventura,1,0.4196850657463074,cnn_revised_20260919T110440Z,cnn_s1_09,val,Log-Mel CNN,0.2893800139427185,0.2948765854040782
seg_003145,sample_01048,Soleares&beats - Malaventura,1,0.19505001604557037,cnn_revised_20260919T110440Z,cnn_s1_09,val,Log-Mel CNN,0.2893800139427185,0.2948765854040782
seg_003146,sample_01048,Soleares&beats - Malaventura,1,0.2725856900215149,cnn_revised_20260919T110440Z,cnn_s1_09,val,Log-Mel CNN,0.2893800139427185,0.2948765854040782
seg_003147,sample_01049,Soleares&beats - Malaventura,1,0.152292400598526,cnn_revised_20260919T110440Z,cnn_s1_09,val,Log-Mel CNN,0.2893800139427185,0.2948765854040782
seg_003148,sample_01049,Soleares&beats - Malaventura,1,0.5462269186973572,cnn_revised_20260919T110440Z,cnn_s1_09,val,Log-Mel CNN,0.2893800139427185,0.2948765854040782
seg_003149,sample_01049,Soleares&beats - Malaventura,1,0.2036277949810028,cnn_revised_20260919T110440Z,cnn_s1_09,val,Log-Mel CNN,0.2893800139427185,0.2948765854040782
seg_003162,sample_01054,Stockholm Syndrome / People Should Be More Aware - Bird Names,1,0.33772188425064087,cnn_revised_20260919T110440Z,cnn_s1_09,val,Log-Mel CNN,0.2893800139427185,0.2948765854040782
seg_003163,sample_01054,Stockholm Syndrome / People Should Be More Aware - Bird Names,1,0.2922966182231903,cnn_revised_20260919T110440Z,cnn_s1_09,val,Log-Mel CNN,0.2893800139427185,0.2948765854040782
seg_003164,sample_01054,Stockholm Syndrome / People Should Be More Aware - Bird Names,1,0.22578158974647522,cnn_revised_20260919T110440Z,cnn_s1_09,val,Log-Mel CNN,0.2893800139427185,0.2948765854040782
seg_003165,sample_01055,Stockholm Syndrome / People Should Be More Aware - Bird Names,1,0.39595845341682434,cnn_revised_20260919T110440Z,cnn_s1_09,val,Log-Mel CNN,0.2893800139427185,0.2948765854040782
seg_003166,sample_01055,Stockholm Syndrome / People Should Be More Aware - Bird Names,1,0.23632089793682098,cnn_revised_20260919T110440Z,cnn_s1_09,val,Log-Mel CNN,0.2893800139427185,0.2948765854040782
seg_003167,sample_01055,Stockholm Syndrome / People Should Be More Aware - Bird Names,1,0.3462107479572296,cnn_revised_20260919T110440Z,cnn_s1_09,val,Log-Mel CNN,0.2893800139427185,0.2948765854040782
seg_003204,sample_01068,Time Is Love - Silence is full of birds,1,0.3369324505329132,cnn_revised_20260919T110440Z,cnn_s1_09,val,Log-Mel CNN,0.2893800139427185,0.2948765854040782
seg_003205,sample_01068,Time Is Love - Silence is full of birds,1,0.09993398189544678,cnn_revised_20260919T110440Z,cnn_s1_09,val,Log-Mel CNN,0.2893800139427185,0.2948765854040782
seg_003206,sample_01068,Time Is Love - Silence is full of birds,1,0.3594999611377716,cnn_revised_20260919T110440Z,cnn_s1_09,val,Log-Mel CNN,0.2893800139427185,0.2948765854040782
seg_003207,sample_01069,Time Is Love - Silence is full of birds,1,0.49353474378585815,cnn_revised_20260919T110440Z,cnn_s1_09,val,Log-Mel CNN,0.2893800139427185,0.2948765854040782
seg_003208,sample_01069,Time Is Love - Silence is full of birds,1,0.6854185461997986,cnn_revised_20260919T110440Z,cnn_s1_09,val,Log-Mel CNN,0.2893800139427185,0.2948765854040782
seg_003209,sample_01069,Time Is Love - Silence is full of birds,1,0.5998345613479614,cnn_revised_20260919T110440Z,cnn_s1_09,val,Log-Mel CNN,0.2893800139427185,0.2948765854040782
seg_003246,sample_01082,2 (Wasn't There) - Isle of Pine,1,0.3136512041091919,cnn_revised_20260919T110440Z,cnn_s1_09,val,Log-Mel CNN,0.2893800139427185,0.2948765854040782
seg_003247,sample_01082,2 (Wasn't There) - Isle of Pine,1,0.5917914509773254,cnn_revised_20260919T110440Z,cnn_s1_09,val,Log-Mel CNN,0.2893800139427185,0.2948765854040782
seg_003248,sample_01082,2 (Wasn't There) - Isle of Pine,1,0.27375903725624084,cnn_revised_20260919T110440Z,cnn_s1_09,val,Log-Mel CNN,0.2893800139427185,0.2948765854040782
seg_003249,sample_01083,2 (Wasn't There) - Isle of Pine,1,0.1602499932050705,cnn_revised_20260919T110440Z,cnn_s1_09,val,Log-Mel CNN,0.2893800139427185,0.2948765854040782
seg_003250,sample_01083,2 (Wasn't There) - Isle of Pine,1,0.34991466999053955,cnn_revised_20260919T110440Z,cnn_s1_09,val,Log-Mel CNN,0.2893800139427185,0.2948765854040782
seg_003251,sample_01083,2 (Wasn't There) - Isle of Pine,1,0.26331713795661926,cnn_revised_20260919T110440Z,cnn_s1_09,val,Log-Mel CNN,0.2893800139427185,0.2948765854040782
seg_003276,sample_01092,Empty Pockets - Pete Prodoehl,1,0.31773579120635986,cnn_revised_20260919T110440Z,cnn_s1_09,val,Log-Mel CNN,0.2893800139427185,0.2948765854040782
seg_003277,sample_01092,Empty Pockets - Pete Prodoehl,1,0.476741224527359,cnn_revised_20260919T110440Z,cnn_s1_09,val,Log-Mel CNN,0.2893800139427185,0.2948765854040782
seg_003278,sample_01092,Empty Pockets - Pete Prodoehl,1,0.27526238560676575,cnn_revised_20260919T110440Z,cnn_s1_09,val,Log-Mel CNN,0.2893800139427185,0.2948765854040782
seg_003279,sample_01093,Empty Pockets - Pete Prodoehl,1,0.5287337899208069,cnn_revised_20260919T110440Z,cnn_s1_09,val,Log-Mel CNN,0.2893800139427185,0.2948765854040782
seg_003280,sample_01093,Empty Pockets - Pete Prodoehl,1,0.2607343792915344,cnn_revised_20260919T110440Z,cnn_s1_09,val,Log-Mel CNN,0.2893800139427185,0.2948765854040782
seg_003281,sample_01093,Empty Pockets - Pete Prodoehl,1,0.18045249581336975,cnn_revised_20260919T110440Z,cnn_s1_09,val,Log-Mel CNN,0.2893800139427185,0.2948765854040782
seg_003294,sample_01098,Gila Monster Flop/Music History Lesson:The Sonics - The Crypts!,1,0.18765996396541595,cnn_revised_20260919T110440Z,cnn_s1_09,val,Log-Mel CNN,0.2893800139427185,0.2948765854040782
seg_003295,sample_01098,Gila Monster Flop/Music History Lesson:The Sonics - The Crypts!,1,0.3759293556213379,cnn_revised_20260919T110440Z,cnn_s1_09,val,Log-Mel CNN,0.2893800139427185,0.2948765854040782
seg_003296,sample_01098,Gila Monster Flop/Music History Lesson:The Sonics - The Crypts!,1,0.31040507555007935,cnn_revised_20260919T110440Z,cnn_s1_09,val,Log-Mel CNN,0.2893800139427185,0.2948765854040782
seg_003297,sample_01099,Gila Monster Flop/Music History Lesson:The Sonics - The Crypts!,1,0.21085326373577118,cnn_revised_20260919T110440Z,cnn_s1_09,val,Log-Mel CNN,0.2893800139427185,0.2948765854040782
seg_003298,sample_01099,Gila Monster Flop/Music History Lesson:The Sonics - The Crypts!,1,0.36407625675201416,cnn_revised_20260919T110440Z,cnn_s1_09,val,Log-Mel CNN,0.2893800139427185,0.2948765854040782
seg_003299,sample_01099,Gila Monster Flop/Music History Lesson:The Sonics - The Crypts!,1,0.5363006591796875,cnn_revised_20260919T110440Z,cnn_s1_09,val,Log-Mel CNN,0.2893800139427185,0.2948765854040782
seg_003312,sample_01104,I Fell - Mod Fun,1,0.3862247169017792,cnn_revised_20260919T110440Z,cnn_s1_09,val,Log-Mel CNN,0.2893800139427185,0.2948765854040782
seg_003313,sample_01104,I Fell - Mod Fun,1,0.6421844959259033,cnn_revised_20260919T110440Z,cnn_s1_09,val,Log-Mel CNN,0.2893800139427185,0.2948765854040782
seg_003314,sample_01104,I Fell - Mod Fun,1,0.5173924565315247,cnn_revised_20260919T110440Z,cnn_s1_09,val,Log-Mel CNN,0.2893800139427185,0.2948765854040782
seg_003315,sample_01105,I Fell - Mod Fun,1,0.3711014688014984,cnn_revised_20260919T110440Z,cnn_s1_09,val,Log-Mel CNN,0.2893800139427185,0.2948765854040782
seg_003316,sample_01105,I Fell - Mod Fun,1,0.5090591311454773,cnn_revised_20260919T110440Z,cnn_s1_09,val,Log-Mel CNN,0.2893800139427185,0.2948765854040782
seg_003317,sample_01105,I Fell - Mod Fun,1,0.41317981481552124,cnn_revised_20260919T110440Z,cnn_s1_09,val,Log-Mel CNN,0.2893800139427185,0.2948765854040782
seg_003360,sample_01120,March of the GPA Mechanics - [t]ghost,1,0.35881301760673523,cnn_revised_20260919T110440Z,cnn_s1_09,val,Log-Mel CNN,0.2893800139427185,0.2948765854040782
seg_003361,sample_01120,March of the GPA Mechanics - [t]ghost,1,0.44092515110969543,cnn_revised_20260919T110440Z,cnn_s1_09,val,Log-Mel CNN,0.2893800139427185,0.2948765854040782
seg_003362,sample_01120,March of the GPA Mechanics - [t]ghost,1,0.4109609127044678,cnn_revised_20260919T110440Z,cnn_s1_09,val,Log-Mel CNN,0.2893800139427185,0.2948765854040782
seg_003363,sample_01121,March of the GPA Mechanics - [t]ghost,1,0.2527564764022827,cnn_revised_20260919T110440Z,cnn_s1_09,val,Log-Mel CNN,0.2893800139427185,0.2948765854040782
seg_003364,sample_01121,March of the GPA Mechanics - [t]ghost,1,0.5850566625595093,cnn_revised_20260919T110440Z,cnn_s1_09,val,Log-Mel CNN,0.2893800139427185,0.2948765854040782
seg_003365,sample_01121,March of the GPA Mechanics - [t]ghost,1,0.36113741993904114,cnn_revised_20260919T110440Z,cnn_s1_09,val,Log-Mel CNN,0.2893800139427185,0.2948765854040782
seg_003420,sample_01140,Scramby Eggs - Andy G. Cohen,1,0.35889413952827454,cnn_revised_20260919T110440Z,cnn_s1_09,val,Log-Mel CNN,0.2893800139427185,0.2948765854040782
seg_003421,sample_01140,Scramby Eggs - Andy G. Cohen,1,0.493784636259079,cnn_revised_20260919T110440Z,cnn_s1_09,val,Log-Mel CNN,0.2893800139427185,0.2948765854040782
seg_003422,sample_01140,Scramby Eggs - Andy G. Cohen,1,0.5147637128829956,cnn_revised_20260919T110440Z,cnn_s1_09,val,Log-Mel CNN,0.2893800139427185,0.2948765854040782
seg_003423,sample_01141,Scramby Eggs - Andy G. Cohen,1,0.40164804458618164,cnn_revised_20260919T110440Z,cnn_s1_09,val,Log-Mel CNN,0.2893800139427185,0.2948765854040782
seg_003424,sample_01141,Scramby Eggs - Andy G. Cohen,1,0.29516953229904175,cnn_revised_20260919T110440Z,cnn_s1_09,val,Log-Mel CNN,0.2893800139427185,0.2948765854040782
seg_003425,sample_01141,Scramby Eggs - Andy G. Cohen,1,0.48258259892463684,cnn_revised_20260919T110440Z,cnn_s1_09,val,Log-Mel CNN,0.2893800139427185,0.2948765854040782
seg_003474,sample_01158,The girl just faded - Los Llamarada,1,0.12923438847064972,cnn_revised_20260919T110440Z,cnn_s1_09,val,Log-Mel CNN,0.2893800139427185,0.2948765854040782
seg_003475,sample_01158,The girl just faded - Los Llamarada,1,0.637484073638916,cnn_revised_20260919T110440Z,cnn_s1_09,val,Log-Mel CNN,0.2893800139427185,0.2948765854040782
seg_003476,sample_01158,The girl just faded - Los Llamarada,1,0.5219399333000183,cnn_revised_20260919T110440Z,cnn_s1_09,val,Log-Mel CNN,0.2893800139427185,0.2948765854040782
seg_003477,sample_01159,The girl just faded - Los Llamarada,1,0.23517470061779022,cnn_revised_20260919T110440Z,cnn_s1_09,val,Log-Mel CNN,0.2893800139427185,0.2948765854040782
seg_003478,sample_01159,The girl just faded - Los Llamarada,1,0.6614229679107666,cnn_revised_20260919T110440Z,cnn_s1_09,val,Log-Mel CNN,0.2893800139427185,0.2948765854040782
seg_003479,sample_01159,The girl just faded - Los Llamarada,1,0.46057453751564026,cnn_revised_20260919T110440Z,cnn_s1_09,val,Log-Mel CNN,0.2893800139427185,0.2948765854040782
seg_003492,sample_01164,Voxel - Andy G. Cohen,1,0.4722079932689667,cnn_revised_20260919T110440Z,cnn_s1_09,val,Log-Mel CNN,0.2893800139427185,0.2948765854040782
seg_003493,sample_01164,Voxel - Andy G. Cohen,1,0.47937440872192383,cnn_revised_20260919T110440Z,cnn_s1_09,val,Log-Mel CNN,0.2893800139427185,0.2948765854040782
seg_003494,sample_01164,Voxel - Andy G. Cohen,1,0.09372255951166153,cnn_revised_20260919T110440Z,cnn_s1_09,val,Log-Mel CNN,0.2893800139427185,0.2948765854040782
seg_003495,sample_01165,Voxel - Andy G. Cohen,1,0.49372121691703796,cnn_revised_20260919T110440Z,cnn_s1_09,val,Log-Mel CNN,0.2893800139427185,0.2948765854040782
seg_003496,sample_01165,Voxel - Andy G. Cohen,1,0.5632258653640747,cnn_revised_20260919T110440Z,cnn_s1_09,val,Log-Mel CNN,0.2893800139427185,0.2948765854040782
seg_003497,sample_01165,Voxel - Andy G. Cohen,1,0.6766456365585327,cnn_revised_20260919T110440Z,cnn_s1_09,val,Log-Mel CNN,0.2893800139427185,0.2948765854040782
seg_003516,sample_01172,Windows of the Skull - Sarin,1,0.5494903922080994,cnn_revised_20260919T110440Z,cnn_s1_09,val,Log-Mel CNN,0.2893800139427185,0.2948765854040782
seg_003517,sample_01172,Windows of the Skull - Sarin,1,0.2980253994464874,cnn_revised_20260919T110440Z,cnn_s1_09,val,Log-Mel CNN,0.2893800139427185,0.2948765854040782
seg_003518,sample_01172,Windows of the Skull - Sarin,1,0.43090376257896423,cnn_revised_20260919T110440Z,cnn_s1_09,val,Log-Mel CNN,0.2893800139427185,0.2948765854040782
seg_003519,sample_01173,Windows of the Skull - Sarin,1,0.5473207831382751,cnn_revised_20260919T110440Z,cnn_s1_09,val,Log-Mel CNN,0.2893800139427185,0.2948765854040782
seg_003520,sample_01173,Windows of the Skull - Sarin,1,0.19595400989055634,cnn_revised_20260919T110440Z,cnn_s1_09,val,Log-Mel CNN,0.2893800139427185,0.2948765854040782
seg_003521,sample_01173,Windows of the Skull - Sarin,1,0.6450728178024292,cnn_revised_20260919T110440Z,cnn_s1_09,val,Log-Mel CNN,0.2893800139427185,0.2948765854040782
seg_003534,sample_01178,Новый Нью-Йорк 2 - Чокнутый Пропеллер,1,0.5055757164955139,cnn_revised_20260919T110440Z,cnn_s1_09,val,Log-Mel CNN,0.2893800139427185,0.2948765854040782
seg_003535,sample_01178,Новый Нью-Йорк 2 - Чокнутый Пропеллер,1,0.551875650882721,cnn_revised_20260919T110440Z,cnn_s1_09,val,Log-Mel CNN,0.2893800139427185,0.2948765854040782
seg_003536,sample_01178,Новый Нью-Йорк 2 - Чокнутый Пропеллер,1,0.5367345809936523,cnn_revised_20260919T110440Z,cnn_s1_09,val,Log-Mel CNN,0.2893800139427185,0.2948765854040782
seg_003537,sample_01179,Новый Нью-Йорк 2 - Чокнутый Пропеллер,1,0.4404529631137848,cnn_revised_20260919T110440Z,cnn_s1_09,val,Log-Mel CNN,0.2893800139427185,0.2948765854040782
seg_003538,sample_01179,Новый Нью-Йорк 2 - Чокнутый Пропеллер,1,0.3867780566215515,cnn_revised_20260919T110440Z,cnn_s1_09,val,Log-Mel CNN,0.2893800139427185,0.2948765854040782
seg_003539,sample_01179,Новый Нью-Йорк 2 - Чокнутый Пропеллер,1,0.44242602586746216,cnn_revised_20260919T110440Z,cnn_s1_09,val,Log-Mel CNN,0.2893800139427185,0.2948765854040782
seg_003597,sample_01199,CopperNickle - UncleBibby,1,0.5385072827339172,cnn_revised_20260919T110440Z,cnn_s1_09,val,Log-Mel CNN,0.2893800139427185,0.2948765854040782
seg_003598,sample_01199,CopperNickle - UncleBibby,1,0.737043559551239,cnn_revised_20260919T110440Z,cnn_s1_09,val,Log-Mel CNN,0.2893800139427185,0.2948765854040782
seg_003599,sample_01199,CopperNickle - UncleBibby,1,0.5536101460456848,cnn_revised_20260919T110440Z,cnn_s1_09,val,Log-Mel CNN,0.2893800139427185,0.2948765854040782
seg_003606,sample_01202,Daylight Savings - My brother Daniel,1,0.4118857979774475,cnn_revised_20260919T110440Z,cnn_s1_09,val,Log-Mel CNN,0.2893800139427185,0.2948765854040782
seg_003607,sample_01202,Daylight Savings - My brother Daniel,1,0.5412937998771667,cnn_revised_20260919T110440Z,cnn_s1_09,val,Log-Mel CNN,0.2893800139427185,0.2948765854040782
seg_003608,sample_01202,Daylight Savings - My brother Daniel,1,0.4474391043186188,cnn_revised_20260919T110440Z,cnn_s1_09,val,Log-Mel CNN,0.2893800139427185,0.2948765854040782
seg_003633,sample_01211,Fifth Ramble - From the album Keith [RSVP007] - My brother Daniel,1,0.34175434708595276,cnn_revised_20260919T110440Z,cnn_s1_09,val,Log-Mel CNN,0.2893800139427185,0.2948765854040782
seg_003634,sample_01211,Fifth Ramble - From the album Keith [RSVP007] - My brother Daniel,1,0.34811609983444214,cnn_revised_20260919T110440Z,cnn_s1_09,val,Log-Mel CNN,0.2893800139427185,0.2948765854040782
seg_003635,sample_01211,Fifth Ramble - From the album Keith [RSVP007] - My brother Daniel,1,0.6340501308441162,cnn_revised_20260919T110440Z,cnn_s1_09,val,Log-Mel CNN,0.2893800139427185,0.2948765854040782
seg_003657,sample_01219,If You're Ther - Nicola Ratti,1,0.15141628682613373,cnn_revised_20260919T110440Z,cnn_s1_09,val,Log-Mel CNN,0.2893800139427185,0.2948765854040782
seg_003658,sample_01219,If You're Ther - Nicola Ratti,1,0.2638273537158966,cnn_revised_20260919T110440Z,cnn_s1_09,val,Log-Mel CNN,0.2893800139427185,0.2948765854040782
seg_003659,sample_01219,If You're Ther - Nicola Ratti,1,0.8689945936203003,cnn_revised_20260919T110440Z,cnn_s1_09,val,Log-Mel CNN,0.2893800139427185,0.2948765854040782
seg_003681,sample_01227,Kumorizoranohajimarutokoro - Hosomi,1,0.3285633623600006,cnn_revised_20260919T110440Z,cnn_s1_09,val,Log-Mel CNN,0.2893800139427185,0.2948765854040782
seg_003682,sample_01227,Kumorizoranohajimarutokoro - Hosomi,1,0.6116278171539307,cnn_revised_20260919T110440Z,cnn_s1_09,val,Log-Mel CNN,0.2893800139427185,0.2948765854040782
seg_003683,sample_01227,Kumorizoranohajimarutokoro - Hosomi,1,0.6174731254577637,cnn_revised_20260919T110440Z,cnn_s1_09,val,Log-Mel CNN,0.2893800139427185,0.2948765854040782
seg_003708,sample_01236,Loved Ones - Rowan Box,1,0.5039133429527283,cnn_revised_20260919T110440Z,cnn_s1_09,val,Log-Mel CNN,0.2893800139427185,0.2948765854040782
seg_003709,sample_01236,Loved Ones - Rowan Box,1,0.5385372042655945,cnn_revised_20260919T110440Z,cnn_s1_09,val,Log-Mel CNN,0.2893800139427185,0.2948765854040782
seg_003710,sample_01236,Loved Ones - Rowan Box,1,0.4844602644443512,cnn_revised_20260919T110440Z,cnn_s1_09,val,Log-Mel CNN,0.2893800139427185,0.2948765854040782
seg_003711,sample_01237,Morning Bell - Nihilore,1,0.6675235033035278,cnn_revised_20260919T110440Z,cnn_s1_09,val,Log-Mel CNN,0.2893800139427185,0.2948765854040782
seg_003712,sample_01237,Morning Bell - Nihilore,1,0.7267405390739441,cnn_revised_20260919T110440Z,cnn_s1_09,val,Log-Mel CNN,0.2893800139427185,0.2948765854040782
seg_003713,sample_01237,Morning Bell - Nihilore,1,0.8378344774246216,cnn_revised_20260919T110440Z,cnn_s1_09,val,Log-Mel CNN,0.2893800139427185,0.2948765854040782
seg_003714,sample_01238,mystery team 2090 - Jesse Futerman,1,0.3060321807861328,cnn_revised_20260919T110440Z,cnn_s1_09,val,Log-Mel CNN,0.2893800139427185,0.2948765854040782
seg_003715,sample_01238,mystery team 2090 - Jesse Futerman,1,0.3104230463504791,cnn_revised_20260919T110440Z,cnn_s1_09,val,Log-Mel CNN,0.2893800139427185,0.2948765854040782
seg_003716,sample_01238,mystery team 2090 - Jesse Futerman,1,0.7137620449066162,cnn_revised_20260919T110440Z,cnn_s1_09,val,Log-Mel CNN,0.2893800139427185,0.2948765854040782
seg_003717,sample_01239,Night Drive - Decktonic,1,0.5880590677261353,cnn_revised_20260919T110440Z,cnn_s1_09,val,Log-Mel CNN,0.2893800139427185,0.2948765854040782
seg_003718,sample_01239,Night Drive - Decktonic,1,0.6166883707046509,cnn_revised_20260919T110440Z,cnn_s1_09,val,Log-Mel CNN,0.2893800139427185,0.2948765854040782
seg_003719,sample_01239,Night Drive - Decktonic,1,0.4756743907928467,cnn_revised_20260919T110440Z,cnn_s1_09,val,Log-Mel CNN,0.2893800139427185,0.2948765854040782
seg_003729,sample_01243,Nuo Maisemat - Paavoharju,1,0.5387645363807678,cnn_revised_20260919T110440Z,cnn_s1_09,val,Log-Mel CNN,0.2893800139427185,0.2948765854040782
seg_003730,sample_01243,Nuo Maisemat - Paavoharju,1,0.5632452964782715,cnn_revised_20260919T110440Z,cnn_s1_09,val,Log-Mel CNN,0.2893800139427185,0.2948765854040782
seg_003731,sample_01243,Nuo Maisemat - Paavoharju,1,0.43279993534088135,cnn_revised_20260919T110440Z,cnn_s1_09,val,Log-Mel CNN,0.2893800139427185,0.2948765854040782
seg_003780,sample_01260,SD (Ill Mix) - H-LR,1,0.5955000519752502,cnn_revised_20260919T110440Z,cnn_s1_09,val,Log-Mel CNN,0.2893800139427185,0.2948765854040782
seg_003781,sample_01260,SD (Ill Mix) - H-LR,1,0.7255255579948425,cnn_revised_20260919T110440Z,cnn_s1_09,val,Log-Mel CNN,0.2893800139427185,0.2948765854040782
seg_003782,sample_01260,SD (Ill Mix) - H-LR,1,0.6921848058700562,cnn_revised_20260919T110440Z,cnn_s1_09,val,Log-Mel CNN,0.2893800139427185,0.2948765854040782
seg_003795,sample_01265,some dextromethorphan - Jeva,1,0.4922473728656769,cnn_revised_20260919T110440Z,cnn_s1_09,val,Log-Mel CNN,0.2893800139427185,0.2948765854040782
seg_003796,sample_01265,some dextromethorphan - Jeva,1,0.5917398929595947,cnn_revised_20260919T110440Z,cnn_s1_09,val,Log-Mel CNN,0.2893800139427185,0.2948765854040782
seg_003797,sample_01265,some dextromethorphan - Jeva,1,0.8363962769508362,cnn_revised_20260919T110440Z,cnn_s1_09,val,Log-Mel CNN,0.2893800139427185,0.2948765854040782
seg_003804,sample_01268,Sturgeon's Law - Nihilore,1,0.6670178771018982,cnn_revised_20260919T110440Z,cnn_s1_09,val,Log-Mel CNN,0.2893800139427185,0.2948765854040782
seg_003805,sample_01268,Sturgeon's Law - Nihilore,1,0.7314544916152954,cnn_revised_20260919T110440Z,cnn_s1_09,val,Log-Mel CNN,0.2893800139427185,0.2948765854040782
seg_003806,sample_01268,Sturgeon's Law - Nihilore,1,0.8746097087860107,cnn_revised_20260919T110440Z,cnn_s1_09,val,Log-Mel CNN,0.2893800139427185,0.2948765854040782
seg_003840,sample_01280,The Stairway - WarpToken,1,0.5764425992965698,cnn_revised_20260919T110440Z,cnn_s1_09,val,Log-Mel CNN,0.2893800139427185,0.2948765854040782
seg_003841,sample_01280,The Stairway - WarpToken,1,0.5136457085609436,cnn_revised_20260919T110440Z,cnn_s1_09,val,Log-Mel CNN,0.2893800139427185,0.2948765854040782
seg_003842,sample_01280,The Stairway - WarpToken,1,0.5320966243743896,cnn_revised_20260919T110440Z,cnn_s1_09,val,Log-Mel CNN,0.2893800139427185,0.2948765854040782
seg_003843,sample_01281,Three Bird - My brother Daniel,1,0.6765481233596802,cnn_revised_20260919T110440Z,cnn_s1_09,val,Log-Mel CNN,0.2893800139427185,0.2948765854040782
seg_003844,sample_01281,Three Bird - My brother Daniel,1,0.5978867411613464,cnn_revised_20260919T110440Z,cnn_s1_09,val,Log-Mel CNN,0.2893800139427185,0.2948765854040782
seg_003845,sample_01281,Three Bird - My brother Daniel,1,0.6647477149963379,cnn_revised_20260919T110440Z,cnn_s1_09,val,Log-Mel CNN,0.2893800139427185,0.2948765854040782
seg_003846,sample_01282,Timen Passing By - Jason Shaw,1,0.7129597663879395,cnn_revised_20260919T110440Z,cnn_s1_09,val,Log-Mel CNN,0.2893800139427185,0.2948765854040782
seg_003847,sample_01282,Timen Passing By - Jason Shaw,1,0.8207611441612244,cnn_revised_20260919T110440Z,cnn_s1_09,val,Log-Mel CNN,0.2893800139427185,0.2948765854040782
seg_003848,sample_01282,Timen Passing By - Jason Shaw,1,0.6162553429603577,cnn_revised_20260919T110440Z,cnn_s1_09,val,Log-Mel CNN,0.2893800139427185,0.2948765854040782
seg_003864,sample_01288,Understand That This Is A Dream - From the album Modulating Coil [RSVP008] - Forrest James,1,0.5549418926239014,cnn_revised_20260919T110440Z,cnn_s1_09,val,Log-Mel CNN,0.2893800139427185,0.2948765854040782
seg_003865,sample_01288,Understand That This Is A Dream - From the album Modulating Coil [RSVP008] - Forrest James,1,0.660699188709259,cnn_revised_20260919T110440Z,cnn_s1_09,val,Log-Mel CNN,0.2893800139427185,0.2948765854040782
seg_003866,sample_01288,Understand That This Is A Dream - From the album Modulating Coil [RSVP008] - Forrest James,1,0.783885657787323,cnn_revised_20260919T110440Z,cnn_s1_09,val,Log-Mel CNN,0.2893800139427185,0.2948765854040782
seg_003873,sample_01291,Westside Chillers - Little Glass Men,1,0.4913399815559387,cnn_revised_20260919T110440Z,cnn_s1_09,val,Log-Mel CNN,0.2893800139427185,0.2948765854040782
seg_003874,sample_01291,Westside Chillers - Little Glass Men,1,0.314687579870224,cnn_revised_20260919T110440Z,cnn_s1_09,val,Log-Mel CNN,0.2893800139427185,0.2948765854040782
seg_003875,sample_01291,Westside Chillers - Little Glass Men,1,0.26200875639915466,cnn_revised_20260919T110440Z,cnn_s1_09,val,Log-Mel CNN,0.2893800139427185,0.2948765854040782
seg_003885,sample_01295,Agora - Malaventura,1,0.6368923187255859,cnn_revised_20260919T110440Z,cnn_s1_09,val,Log-Mel CNN,0.2893800139427185,0.2948765854040782
seg_003886,sample_01295,Agora - Malaventura,1,0.4653761386871338,cnn_revised_20260919T110440Z,cnn_s1_09,val,Log-Mel CNN,0.2893800139427185,0.2948765854040782
seg_003887,sample_01295,Agora - Malaventura,1,0.485054612159729,cnn_revised_20260919T110440Z,cnn_s1_09,val,Log-Mel CNN,0.2893800139427185,0.2948765854040782
seg_003912,sample_01304,Evil Cannot Create - Caleb Lemond,1,0.2597598433494568,cnn_revised_20260919T110440Z,cnn_s1_09,val,Log-Mel CNN,0.2893800139427185,0.2948765854040782
seg_003913,sample_01304,Evil Cannot Create - Caleb Lemond,1,0.34399813413619995,cnn_revised_20260919T110440Z,cnn_s1_09,val,Log-Mel CNN,0.2893800139427185,0.2948765854040782
seg_003914,sample_01304,Evil Cannot Create - Caleb Lemond,1,0.7509929537773132,cnn_revised_20260919T110440Z,cnn_s1_09,val,Log-Mel CNN,0.2893800139427185,0.2948765854040782
seg_003972,sample_01324,My Body Is A Weapon (Compromise Edit) - Silence is full of birds,1,0.6191893815994263,cnn_revised_20260919T110440Z,cnn_s1_09,val,Log-Mel CNN,0.2893800139427185,0.2948765854040782
seg_003973,sample_01324,My Body Is A Weapon (Compromise Edit) - Silence is full of birds,1,0.6454969048500061,cnn_revised_20260919T110440Z,cnn_s1_09,val,Log-Mel CNN,0.2893800139427185,0.2948765854040782
seg_003974,sample_01324,My Body Is A Weapon (Compromise Edit) - Silence is full of birds,1,0.8254292607307434,cnn_revised_20260919T110440Z,cnn_s1_09,val,Log-Mel CNN,0.2893800139427185,0.2948765854040782
seg_003975,sample_01325,My Body Is A Weapon (Compromise Edit) - Silence is full of birds,1,0.7183442115783691,cnn_revised_20260919T110440Z,cnn_s1_09,val,Log-Mel CNN,0.2893800139427185,0.2948765854040782
seg_003976,sample_01325,My Body Is A Weapon (Compromise Edit) - Silence is full of birds,1,0.546583354473114,cnn_revised_20260919T110440Z,cnn_s1_09,val,Log-Mel CNN,0.2893800139427185,0.2948765854040782
seg_003977,sample_01325,My Body Is A Weapon (Compromise Edit) - Silence is full of birds,1,0.7686924338340759,cnn_revised_20260919T110440Z,cnn_s1_09,val,Log-Mel CNN,0.2893800139427185,0.2948765854040782
seg_003987,sample_01329,New Life (take 1) - Bird Names,1,0.6642127633094788,cnn_revised_20260919T110440Z,cnn_s1_09,val,Log-Mel CNN,0.2893800139427185,0.2948765854040782
seg_003988,sample_01329,New Life (take 1) - Bird Names,1,0.3925131857395172,cnn_revised_20260919T110440Z,cnn_s1_09,val,Log-Mel CNN,0.2893800139427185,0.2948765854040782
seg_003989,sample_01329,New Life (take 1) - Bird Names,1,0.3291874825954437,cnn_revised_20260919T110440Z,cnn_s1_09,val,Log-Mel CNN,0.2893800139427185,0.2948765854040782
seg_003990,sample_01330,New Life (take 1) - Bird Names,1,0.2541370689868927,cnn_revised_20260919T110440Z,cnn_s1_09,val,Log-Mel CNN,0.2893800139427185,0.2948765854040782
seg_003991,sample_01330,New Life (take 1) - Bird Names,1,0.24685102701187134,cnn_revised_20260919T110440Z,cnn_s1_09,val,Log-Mel CNN,0.2893800139427185,0.2948765854040782
seg_003992,sample_01330,New Life (take 1) - Bird Names,1,0.8843280076980591,cnn_revised_20260919T110440Z,cnn_s1_09,val,Log-Mel CNN,0.2893800139427185,0.2948765854040782
seg_003993,sample_01331,Norweigian Wood II - Bird Names,1,0.31512168049812317,cnn_revised_20260919T110440Z,cnn_s1_09,val,Log-Mel CNN,0.2893800139427185,0.2948765854040782
seg_003994,sample_01331,Norweigian Wood II - Bird Names,1,0.03998202085494995,cnn_revised_20260919T110440Z,cnn_s1_09,val,Log-Mel CNN,0.2893800139427185,0.2948765854040782
seg_003995,sample_01331,Norweigian Wood II - Bird Names,1,0.11173143237829208,cnn_revised_20260919T110440Z,cnn_s1_09,val,Log-Mel CNN,0.2893800139427185,0.2948765854040782
seg_004020,sample_01340,Roller Star - Monroeville Music Center,1,0.5725491046905518,cnn_revised_20260919T110440Z,cnn_s1_09,val,Log-Mel CNN,0.2893800139427185,0.2948765854040782
seg_004021,sample_01340,Roller Star - Monroeville Music Center,1,0.5887855291366577,cnn_revised_20260919T110440Z,cnn_s1_09,val,Log-Mel CNN,0.2893800139427185,0.2948765854040782
seg_004022,sample_01340,Roller Star - Monroeville Music Center,1,0.6886043548583984,cnn_revised_20260919T110440Z,cnn_s1_09,val,Log-Mel CNN,0.2893800139427185,0.2948765854040782
seg_004023,sample_01341,"Roundtrip - Oh Yeah, the Future",1,0.6666083931922913,cnn_revised_20260919T110440Z,cnn_s1_09,val,Log-Mel CNN,0.2893800139427185,0.2948765854040782
seg_004024,sample_01341,"Roundtrip - Oh Yeah, the Future",1,0.7381604909896851,cnn_revised_20260919T110440Z,cnn_s1_09,val,Log-Mel CNN,0.2893800139427185,0.2948765854040782
seg_004025,sample_01341,"Roundtrip - Oh Yeah, the Future",1,0.8378517031669617,cnn_revised_20260919T110440Z,cnn_s1_09,val,Log-Mel CNN,0.2893800139427185,0.2948765854040782
seg_004041,sample_01347,Soleares&beats - Malaventura,1,0.33702024817466736,cnn_revised_20260919T110440Z,cnn_s1_09,val,Log-Mel CNN,0.2893800139427185,0.2948765854040782
seg_004042,sample_01347,Soleares&beats - Malaventura,1,0.6810095906257629,cnn_revised_20260919T110440Z,cnn_s1_09,val,Log-Mel CNN,0.2893800139427185,0.2948765854040782
seg_004043,sample_01347,Soleares&beats - Malaventura,1,0.836169421672821,cnn_revised_20260919T110440Z,cnn_s1_09,val,Log-Mel CNN,0.2893800139427185,0.2948765854040782
seg_004053,sample_01351,Stockholm Syndrome / People Should Be More Aware - Bird Names,1,0.6234309077262878,cnn_revised_20260919T110440Z,cnn_s1_09,val,Log-Mel CNN,0.2893800139427185,0.2948765854040782
seg_004054,sample_01351,Stockholm Syndrome / People Should Be More Aware - Bird Names,1,0.2399197518825531,cnn_revised_20260919T110440Z,cnn_s1_09,val,Log-Mel CNN,0.2893800139427185,0.2948765854040782
seg_004055,sample_01351,Stockholm Syndrome / People Should Be More Aware - Bird Names,1,0.5737361907958984,cnn_revised_20260919T110440Z,cnn_s1_09,val,Log-Mel CNN,0.2893800139427185,0.2948765854040782
seg_004056,sample_01352,Stockholm Syndrome / People Should Be More Aware - Bird Names,1,0.6529676914215088,cnn_revised_20260919T110440Z,cnn_s1_09,val,Log-Mel CNN,0.2893800139427185,0.2948765854040782
seg_004057,sample_01352,Stockholm Syndrome / People Should Be More Aware - Bird Names,1,0.467663437128067,cnn_revised_20260919T110440Z,cnn_s1_09,val,Log-Mel CNN,0.2893800139427185,0.2948765854040782
seg_004058,sample_01352,Stockholm Syndrome / People Should Be More Aware - Bird Names,1,0.5555039048194885,cnn_revised_20260919T110440Z,cnn_s1_09,val,Log-Mel CNN,0.2893800139427185,0.2948765854040782
seg_004086,sample_01362,Time Is Love - Silence is full of birds,1,0.683700442314148,cnn_revised_20260919T110440Z,cnn_s1_09,val,Log-Mel CNN,0.2893800139427185,0.2948765854040782
seg_004087,sample_01362,Time Is Love - Silence is full of birds,1,0.5883004069328308,cnn_revised_20260919T110440Z,cnn_s1_09,val,Log-Mel CNN,0.2893800139427185,0.2948765854040782
seg_004088,sample_01362,Time Is Love - Silence is full of birds,1,0.8584269285202026,cnn_revised_20260919T110440Z,cnn_s1_09,val,Log-Mel CNN,0.2893800139427185,0.2948765854040782
seg_004116,sample_01372,2 (Wasn't There) - Isle of Pine,1,0.7342454791069031,cnn_revised_20260919T110440Z,cnn_s1_09,val,Log-Mel CNN,0.2893800139427185,0.2948765854040782
seg_004117,sample_01372,2 (Wasn't There) - Isle of Pine,1,0.4768083691596985,cnn_revised_20260919T110440Z,cnn_s1_09,val,Log-Mel CNN,0.2893800139427185,0.2948765854040782
seg_004118,sample_01372,2 (Wasn't There) - Isle of Pine,1,0.5672008395195007,cnn_revised_20260919T110440Z,cnn_s1_09,val,Log-Mel CNN,0.2893800139427185,0.2948765854040782
seg_004146,sample_01382,Beyond Luxury - Mors Ontologica,1,0.6762259602546692,cnn_revised_20260919T110440Z,cnn_s1_09,val,Log-Mel CNN,0.2893800139427185,0.2948765854040782
seg_004147,sample_01382,Beyond Luxury - Mors Ontologica,1,0.6689778566360474,cnn_revised_20260919T110440Z,cnn_s1_09,val,Log-Mel CNN,0.2893800139427185,0.2948765854040782
seg_004148,sample_01382,Beyond Luxury - Mors Ontologica,1,0.5614205598831177,cnn_revised_20260919T110440Z,cnn_s1_09,val,Log-Mel CNN,0.2893800139427185,0.2948765854040782
seg_004182,sample_01394,Empty Pockets - Pete Prodoehl,1,0.1459164172410965,cnn_revised_20260919T110440Z,cnn_s1_09,val,Log-Mel CNN,0.2893800139427185,0.2948765854040782
seg_004183,sample_01394,Empty Pockets - Pete Prodoehl,1,0.3241715133190155,cnn_revised_20260919T110440Z,cnn_s1_09,val,Log-Mel CNN,0.2893800139427185,0.2948765854040782
seg_004184,sample_01394,Empty Pockets - Pete Prodoehl,1,0.7787383794784546,cnn_revised_20260919T110440Z,cnn_s1_09,val,Log-Mel CNN,0.2893800139427185,0.2948765854040782
seg_004191,sample_01397,Fear - Los Fancy Free,1,0.46353214979171753,cnn_revised_20260919T110440Z,cnn_s1_09,val,Log-Mel CNN,0.2893800139427185,0.2948765854040782
seg_004192,sample_01397,Fear - Los Fancy Free,1,0.3179398775100708,cnn_revised_20260919T110440Z,cnn_s1_09,val,Log-Mel CNN,0.2893800139427185,0.2948765854040782
seg_004193,sample_01397,Fear - Los Fancy Free,1,0.3938358724117279,cnn_revised_20260919T110440Z,cnn_s1_09,val,Log-Mel CNN,0.2893800139427185,0.2948765854040782
seg_004206,sample_01402,Gila Monster Flop/Music History Lesson:The Sonics - The Crypts!,1,0.645500659942627,cnn_revised_20260919T110440Z,cnn_s1_09,val,Log-Mel CNN,0.2893800139427185,0.2948765854040782
seg_004207,sample_01402,Gila Monster Flop/Music History Lesson:The Sonics - The Crypts!,1,0.6011836528778076,cnn_revised_20260919T110440Z,cnn_s1_09,val,Log-Mel CNN,0.2893800139427185,0.2948765854040782
seg_004208,sample_01402,Gila Monster Flop/Music History Lesson:The Sonics - The Crypts!,1,0.8528200387954712,cnn_revised_20260919T110440Z,cnn_s1_09,val,Log-Mel CNN,0.2893800139427185,0.2948765854040782
seg_004245,sample_01415,I Fell - Mod Fun,1,0.5801470875740051,cnn_revised_20260919T110440Z,cnn_s1_09,val,Log-Mel CNN,0.2893800139427185,0.2948765854040782
seg_004246,sample_01415,I Fell - Mod Fun,1,0.5135432481765747,cnn_revised_20260919T110440Z,cnn_s1_09,val,Log-Mel CNN,0.2893800139427185,0.2948765854040782
seg_004247,sample_01415,I Fell - Mod Fun,1,0.8245832324028015,cnn_revised_20260919T110440Z,cnn_s1_09,val,Log-Mel CNN,0.2893800139427185,0.2948765854040782
seg_004275,sample_01425,Lights Up - Pipe Choir,1,0.6147765517234802,cnn_revised_20260919T110440Z,cnn_s1_09,val,Log-Mel CNN,0.2893800139427185,0.2948765854040782
seg_004276,sample_01425,Lights Up - Pipe Choir,1,0.5014719367027283,cnn_revised_20260919T110440Z,cnn_s1_09,val,Log-Mel CNN,0.2893800139427185,0.2948765854040782
seg_004277,sample_01425,Lights Up - Pipe Choir,1,0.8307583332061768,cnn_revised_20260919T110440Z,cnn_s1_09,val,Log-Mel CNN,0.2893800139427185,0.2948765854040782
seg_004287,sample_01429,March of the GPA Mechanics - [t]ghost,1,0.6313393115997314,cnn_revised_20260919T110440Z,cnn_s1_09,val,Log-Mel CNN,0.2893800139427185,0.2948765854040782
seg_004288,sample_01429,March of the GPA Mechanics - [t]ghost,1,0.7043898701667786,cnn_revised_20260919T110440Z,cnn_s1_09,val,Log-Mel CNN,0.2893800139427185,0.2948765854040782
seg_004289,sample_01429,March of the GPA Mechanics - [t]ghost,1,0.27289265394210815,cnn_revised_20260919T110440Z,cnn_s1_09,val,Log-Mel CNN,0.2893800139427185,0.2948765854040782
seg_004326,sample_01442,Redlight - Room For A Ghost,1,0.5997416377067566,cnn_revised_20260919T110440Z,cnn_s1_09,val,Log-Mel CNN,0.2893800139427185,0.2948765854040782
seg_004327,sample_01442,Redlight - Room For A Ghost,1,0.6202172636985779,cnn_revised_20260919T110440Z,cnn_s1_09,val,Log-Mel CNN,0.2893800139427185,0.2948765854040782
seg_004328,sample_01442,Redlight - Room For A Ghost,1,0.8378289937973022,cnn_revised_20260919T110440Z,cnn_s1_09,val,Log-Mel CNN,0.2893800139427185,0.2948765854040782
seg_004341,sample_01447,Scramby Eggs - Andy G. Cohen,1,0.6583410501480103,cnn_revised_20260919T110440Z,cnn_s1_09,val,Log-Mel CNN,0.2893800139427185,0.2948765854040782
seg_004342,sample_01447,Scramby Eggs - Andy G. Cohen,1,0.6026930212974548,cnn_revised_20260919T110440Z,cnn_s1_09,val,Log-Mel CNN,0.2893800139427185,0.2948765854040782
seg_004343,sample_01447,Scramby Eggs - Andy G. Cohen,1,0.8724650740623474,cnn_revised_20260919T110440Z,cnn_s1_09,val,Log-Mel CNN,0.2893800139427185,0.2948765854040782
seg_004353,sample_01451,Shipwrecked Crew - Pete Prodoehl,1,0.3802996277809143,cnn_revised_20260919T110440Z,cnn_s1_09,val,Log-Mel CNN,0.2893800139427185,0.2948765854040782
seg_004354,sample_01451,Shipwrecked Crew - Pete Prodoehl,1,0.6925058960914612,cnn_revised_20260919T110440Z,cnn_s1_09,val,Log-Mel CNN,0.2893800139427185,0.2948765854040782
seg_004355,sample_01451,Shipwrecked Crew - Pete Prodoehl,1,0.8783610463142395,cnn_revised_20260919T110440Z,cnn_s1_09,val,Log-Mel CNN,0.2893800139427185,0.2948765854040782
seg_004383,sample_01461,The girl just faded - Los Llamarada,1,0.4650094211101532,cnn_revised_20260919T110440Z,cnn_s1_09,val,Log-Mel CNN,0.2893800139427185,0.2948765854040782
seg_004384,sample_01461,The girl just faded - Los Llamarada,1,0.3424454927444458,cnn_revised_20260919T110440Z,cnn_s1_09,val,Log-Mel CNN,0.2893800139427185,0.2948765854040782
seg_004385,sample_01461,The girl just faded - Los Llamarada,1,0.2769121825695038,cnn_revised_20260919T110440Z,cnn_s1_09,val,Log-Mel CNN,0.2893800139427185,0.2948765854040782
seg_004401,sample_01467,Voxel - Andy G. Cohen,1,0.5418100953102112,cnn_revised_20260919T110440Z,cnn_s1_09,val,Log-Mel CNN,0.2893800139427185,0.2948765854040782
seg_004402,sample_01467,Voxel - Andy G. Cohen,1,0.44485601782798767,cnn_revised_20260919T110440Z,cnn_s1_09,val,Log-Mel CNN,0.2893800139427185,0.2948765854040782
seg_004403,sample_01467,Voxel - Andy G. Cohen,1,0.8824432492256165,cnn_revised_20260919T110440Z,cnn_s1_09,val,Log-Mel CNN,0.2893800139427185,0.2948765854040782
seg_004425,sample_01475,Windows of the Skull - Sarin,1,0.5515627264976501,cnn_revised_20260919T110440Z,cnn_s1_09,val,Log-Mel CNN,0.2893800139427185,0.2948765854040782
seg_004426,sample_01475,Windows of the Skull - Sarin,1,0.667136013507843,cnn_revised_20260919T110440Z,cnn_s1_09,val,Log-Mel CNN,0.2893800139427185,0.2948765854040782
seg_004427,sample_01475,Windows of the Skull - Sarin,1,0.6551723480224609,cnn_revised_20260919T110440Z,cnn_s1_09,val,Log-Mel CNN,0.2893800139427185,0.2948765854040782
seg_004464,sample_01488,Night Drive - Decktonic,1,0.2368244230747223,cnn_revised_20260919T110440Z,cnn_s1_09,val,Log-Mel CNN,0.2893800139427185,0.2948765854040782
seg_004465,sample_01488,Night Drive - Decktonic,1,0.40217041969299316,cnn_revised_20260919T110440Z,cnn_s1_09,val,Log-Mel CNN,0.2893800139427185,0.2948765854040782
seg_004466,sample_01488,Night Drive - Decktonic,1,0.5599490404129028,cnn_revised_20260919T110440Z,cnn_s1_09,val,Log-Mel CNN,0.2893800139427185,0.2948765854040782
seg_004521,sample_01507,Nuo Maisemat - Paavoharju,1,0.2479945421218872,cnn_revised_20260919T110440Z,cnn_s1_09,val,Log-Mel CNN,0.2893800139427185,0.2948765854040782
seg_004522,sample_01507,Nuo Maisemat - Paavoharju,1,0.2353241890668869,cnn_revised_20260919T110440Z,cnn_s1_09,val,Log-Mel CNN,0.2893800139427185,0.2948765854040782
seg_004523,sample_01507,Nuo Maisemat - Paavoharju,1,0.3276658058166504,cnn_revised_20260919T110440Z,cnn_s1_09,val,Log-Mel CNN,0.2893800139427185,0.2948765854040782
seg_004536,sample_01512,CopperNickle - UncleBibby,1,0.340819388628006,cnn_revised_20260919T110440Z,cnn_s1_09,val,Log-Mel CNN,0.2893800139427185,0.2948765854040782
seg_004537,sample_01512,CopperNickle - UncleBibby,1,0.5701469779014587,cnn_revised_20260919T110440Z,cnn_s1_09,val,Log-Mel CNN,0.2893800139427185,0.2948765854040782
seg_004538,sample_01512,CopperNickle - UncleBibby,1,0.4404100775718689,cnn_revised_20260919T110440Z,cnn_s1_09,val,Log-Mel CNN,0.2893800139427185,0.2948765854040782
seg_004539,sample_01513,Daylight Savings - My brother Daniel,1,0.4872831106185913,cnn_revised_20260919T110440Z,cnn_s1_09,val,Log-Mel CNN,0.2893800139427185,0.2948765854040782
seg_004540,sample_01513,Daylight Savings - My brother Daniel,1,0.4768271744251251,cnn_revised_20260919T110440Z,cnn_s1_09,val,Log-Mel CNN,0.2893800139427185,0.2948765854040782
seg_004541,sample_01513,Daylight Savings - My brother Daniel,1,0.3010944128036499,cnn_revised_20260919T110440Z,cnn_s1_09,val,Log-Mel CNN,0.2893800139427185,0.2948765854040782
seg_004542,sample_01514,mystery team 2090 - Jesse Futerman,1,0.3872639834880829,cnn_revised_20260919T110440Z,cnn_s1_09,val,Log-Mel CNN,0.2893800139427185,0.2948765854040782
seg_004543,sample_01514,mystery team 2090 - Jesse Futerman,1,0.32698971033096313,cnn_revised_20260919T110440Z,cnn_s1_09,val,Log-Mel CNN,0.2893800139427185,0.2948765854040782
seg_004544,sample_01514,mystery team 2090 - Jesse Futerman,1,0.3871056139469147,cnn_revised_20260919T110440Z,cnn_s1_09,val,Log-Mel CNN,0.2893800139427185,0.2948765854040782
seg_004575,sample_01525,SD (Ill Mix) - H-LR,1,0.6519264578819275,cnn_revised_20260919T110440Z,cnn_s1_09,val,Log-Mel CNN,0.2893800139427185,0.2948765854040782
seg_004576,sample_01525,SD (Ill Mix) - H-LR,1,0.7876535654067993,cnn_revised_20260919T110440Z,cnn_s1_09,val,Log-Mel CNN,0.2893800139427185,0.2948765854040782
seg_004577,sample_01525,SD (Ill Mix) - H-LR,1,0.6212548613548279,cnn_revised_20260919T110440Z,cnn_s1_09,val,Log-Mel CNN,0.2893800139427185,0.2948765854040782
seg_004590,sample_01530,Stockholm Syndrome / People Should Be More Aware - Bird Names,1,0.20539911091327667,cnn_revised_20260919T110440Z,cnn_s1_09,val,Log-Mel CNN,0.2893800139427185,0.2948765854040782
seg_004591,sample_01530,Stockholm Syndrome / People Should Be More Aware - Bird Names,1,0.5571844577789307,cnn_revised_20260919T110440Z,cnn_s1_09,val,Log-Mel CNN,0.2893800139427185,0.2948765854040782
seg_004592,sample_01530,Stockholm Syndrome / People Should Be More Aware - Bird Names,1,0.25331148505210876,cnn_revised_20260919T110440Z,cnn_s1_09,val,Log-Mel CNN,0.2893800139427185,0.2948765854040782
seg_004596,sample_01532,Time Is Love - Silence is full of birds,1,0.6117762327194214,cnn_revised_20260919T110440Z,cnn_s1_09,val,Log-Mel CNN,0.2893800139427185,0.2948765854040782
seg_004597,sample_01532,Time Is Love - Silence is full of birds,1,0.5557020902633667,cnn_revised_20260919T110440Z,cnn_s1_09,val,Log-Mel CNN,0.2893800139427185,0.2948765854040782
seg_004598,sample_01532,Time Is Love - Silence is full of birds,1,0.6675628423690796,cnn_revised_20260919T110440Z,cnn_s1_09,val,Log-Mel CNN,0.2893800139427185,0.2948765854040782
seg_004602,sample_01534,Roller Star - Monroeville Music Center,1,0.4192737936973572,cnn_revised_20260919T110440Z,cnn_s1_09,val,Log-Mel CNN,0.2893800139427185,0.2948765854040782
seg_004603,sample_01534,Roller Star - Monroeville Music Center,1,0.494280606508255,cnn_revised_20260919T110440Z,cnn_s1_09,val,Log-Mel CNN,0.2893800139427185,0.2948765854040782
seg_004604,sample_01534,Roller Star - Monroeville Music Center,1,0.5380999445915222,cnn_revised_20260919T110440Z,cnn_s1_09,val,Log-Mel CNN,0.2893800139427185,0.2948765854040782
seg_004611,sample_01537,Soleares&beats - Malaventura,1,0.3183087408542633,cnn_revised_20260919T110440Z,cnn_s1_09,val,Log-Mel CNN,0.2893800139427185,0.2948765854040782
seg_004612,sample_01537,Soleares&beats - Malaventura,1,0.3608505129814148,cnn_revised_20260919T110440Z,cnn_s1_09,val,Log-Mel CNN,0.2893800139427185,0.2948765854040782
seg_004613,sample_01537,Soleares&beats - Malaventura,1,0.3234076201915741,cnn_revised_20260919T110440Z,cnn_s1_09,val,Log-Mel CNN,0.2893800139427185,0.2948765854040782
seg_004629,sample_01543,Evil Cannot Create - Caleb Lemond,1,0.22060371935367584,cnn_revised_20260919T110440Z,cnn_s1_09,val,Log-Mel CNN,0.2893800139427185,0.2948765854040782
seg_004630,sample_01543,Evil Cannot Create - Caleb Lemond,1,0.3386647403240204,cnn_revised_20260919T110440Z,cnn_s1_09,val,Log-Mel CNN,0.2893800139427185,0.2948765854040782
seg_004631,sample_01543,Evil Cannot Create - Caleb Lemond,1,0.3043353259563446,cnn_revised_20260919T110440Z,cnn_s1_09,val,Log-Mel CNN,0.2893800139427185,0.2948765854040782
seg_004647,sample_01549,"Roundtrip - Oh Yeah, the Future",1,0.44187769293785095,cnn_revised_20260919T110440Z,cnn_s1_09,val,Log-Mel CNN,0.2893800139427185,0.2948765854040782
seg_004648,sample_01549,"Roundtrip - Oh Yeah, the Future",1,0.3771587610244751,cnn_revised_20260919T110440Z,cnn_s1_09,val,Log-Mel CNN,0.2893800139427185,0.2948765854040782
seg_004649,sample_01549,"Roundtrip - Oh Yeah, the Future",1,0.4047457277774811,cnn_revised_20260919T110440Z,cnn_s1_09,val,Log-Mel CNN,0.2893800139427185,0.2948765854040782
seg_004692,sample_01564,Norweigian Wood II - Bird Names,1,0.5263798832893372,cnn_revised_20260919T110440Z,cnn_s1_09,val,Log-Mel CNN,0.2893800139427185,0.2948765854040782
seg_004693,sample_01564,Norweigian Wood II - Bird Names,1,0.511997401714325,cnn_revised_20260919T110440Z,cnn_s1_09,val,Log-Mel CNN,0.2893800139427185,0.2948765854040782
seg_004694,sample_01564,Norweigian Wood II - Bird Names,1,0.4911644756793976,cnn_revised_20260919T110440Z,cnn_s1_09,val,Log-Mel CNN,0.2893800139427185,0.2948765854040782
seg_004695,sample_01565,New Life (take 1) - Bird Names,1,0.3847198188304901,cnn_revised_20260919T110440Z,cnn_s1_09,val,Log-Mel CNN,0.2893800139427185,0.2948765854040782
seg_004696,sample_01565,New Life (take 1) - Bird Names,1,0.39593833684921265,cnn_revised_20260919T110440Z,cnn_s1_09,val,Log-Mel CNN,0.2893800139427185,0.2948765854040782
seg_004697,sample_01565,New Life (take 1) - Bird Names,1,0.3030029833316803,cnn_revised_20260919T110440Z,cnn_s1_09,val,Log-Mel CNN,0.2893800139427185,0.2948765854040782
seg_004698,sample_01566,New Life (take 1) - Bird Names,1,0.3440176546573639,cnn_revised_20260919T110440Z,cnn_s1_09,val,Log-Mel CNN,0.2893800139427185,0.2948765854040782
seg_004699,sample_01566,New Life (take 1) - Bird Names,1,0.4372231960296631,cnn_revised_20260919T110440Z,cnn_s1_09,val,Log-Mel CNN,0.2893800139427185,0.2948765854040782
seg_004700,sample_01566,New Life (take 1) - Bird Names,1,0.35132238268852234,cnn_revised_20260919T110440Z,cnn_s1_09,val,Log-Mel CNN,0.2893800139427185,0.2948765854040782
seg_004779,sample_01593,Gila Monster Flop/Music History Lesson:The Sonics - The Crypts!,1,0.2884077727794647,cnn_revised_20260919T110440Z,cnn_s1_09,val,Log-Mel CNN,0.2893800139427185,0.2948765854040782
seg_004780,sample_01593,Gila Monster Flop/Music History Lesson:The Sonics - The Crypts!,1,0.5257716774940491,cnn_revised_20260919T110440Z,cnn_s1_09,val,Log-Mel CNN,0.2893800139427185,0.2948765854040782
seg_004781,sample_01593,Gila Monster Flop/Music History Lesson:The Sonics - The Crypts!,1,0.37812289595603943,cnn_revised_20260919T110440Z,cnn_s1_09,val,Log-Mel CNN,0.2893800139427185,0.2948765854040782
seg_004821,sample_01607,March of the GPA Mechanics - [t]ghost,1,0.3700791597366333,cnn_revised_20260919T110440Z,cnn_s1_09,val,Log-Mel CNN,0.2893800139427185,0.2948765854040782
seg_004822,sample_01607,March of the GPA Mechanics - [t]ghost,1,0.6791340112686157,cnn_revised_20260919T110440Z,cnn_s1_09,val,Log-Mel CNN,0.2893800139427185,0.2948765854040782
seg_004823,sample_01607,March of the GPA Mechanics - [t]ghost,1,0.2566235661506653,cnn_revised_20260919T110440Z,cnn_s1_09,val,Log-Mel CNN,0.2893800139427185,0.2948765854040782
seg_004824,sample_01608,Windows of the Skull - Sarin,1,0.5815171599388123,cnn_revised_20260919T110440Z,cnn_s1_09,val,Log-Mel CNN,0.2893800139427185,0.2948765854040782
seg_004825,sample_01608,Windows of the Skull - Sarin,1,0.722635805606842,cnn_revised_20260919T110440Z,cnn_s1_09,val,Log-Mel CNN,0.2893800139427185,0.2948765854040782
seg_004826,sample_01608,Windows of the Skull - Sarin,1,0.7403385639190674,cnn_revised_20260919T110440Z,cnn_s1_09,val,Log-Mel CNN,0.2893800139427185,0.2948765854040782
seg_004830,sample_01610,Empty Pockets - Pete Prodoehl,1,0.4663102924823761,cnn_revised_20260919T110440Z,cnn_s1_09,val,Log-Mel CNN,0.2893800139427185,0.2948765854040782
seg_004831,sample_01610,Empty Pockets - Pete Prodoehl,1,0.5556971430778503,cnn_revised_20260919T110440Z,cnn_s1_09,val,Log-Mel CNN,0.2893800139427185,0.2948765854040782
seg_004832,sample_01610,Empty Pockets - Pete Prodoehl,1,0.5269533395767212,cnn_revised_20260919T110440Z,cnn_s1_09,val,Log-Mel CNN,0.2893800139427185,0.2948765854040782
seg_004836,sample_01612,Scramby Eggs - Andy G. Cohen,1,0.46532678604125977,cnn_revised_20260919T110440Z,cnn_s1_09,val,Log-Mel CNN,0.2893800139427185,0.2948765854040782
seg_004837,sample_01612,Scramby Eggs - Andy G. Cohen,1,0.3546469211578369,cnn_revised_20260919T110440Z,cnn_s1_09,val,Log-Mel CNN,0.2893800139427185,0.2948765854040782
seg_004838,sample_01612,Scramby Eggs - Andy G. Cohen,1,0.5582241415977478,cnn_revised_20260919T110440Z,cnn_s1_09,val,Log-Mel CNN,0.2893800139427185,0.2948765854040782
seg_004839,sample_01613,Voxel - Andy G. Cohen,1,0.24467533826828003,cnn_revised_20260919T110440Z,cnn_s1_09,val,Log-Mel CNN,0.2893800139427185,0.2948765854040782
seg_004840,sample_01613,Voxel - Andy G. Cohen,1,0.37588146328926086,cnn_revised_20260919T110440Z,cnn_s1_09,val,Log-Mel CNN,0.2893800139427185,0.2948765854040782
seg_004841,sample_01613,Voxel - Andy G. Cohen,1,0.5140681266784668,cnn_revised_20260919T110440Z,cnn_s1_09,val,Log-Mel CNN,0.2893800139427185,0.2948765854040782
seg_004845,sample_01615,The girl just faded - Los Llamarada,1,0.26218241453170776,cnn_revised_20260919T110440Z,cnn_s1_09,val,Log-Mel CNN,0.2893800139427185,0.2948765854040782
seg_004846,sample_01615,The girl just faded - Los Llamarada,1,0.32232430577278137,cnn_revised_20260919T110440Z,cnn_s1_09,val,Log-Mel CNN,0.2893800139427185,0.2948765854040782
seg_004847,sample_01615,The girl just faded - Los Llamarada,1,0.38689133524894714,cnn_revised_20260919T110440Z,cnn_s1_09,val,Log-Mel CNN,0.2893800139427185,0.2948765854040782
seg_004860,sample_01620,2 (Wasn't There) - Isle of Pine,1,0.5550036430358887,cnn_revised_20260919T110440Z,cnn_s1_09,val,Log-Mel CNN,0.2893800139427185,0.2948765854040782
seg_004861,sample_01620,2 (Wasn't There) - Isle of Pine,1,0.4899742603302002,cnn_revised_20260919T110440Z,cnn_s1_09,val,Log-Mel CNN,0.2893800139427185,0.2948765854040782
seg_004862,sample_01620,2 (Wasn't There) - Isle of Pine,1,0.5613530874252319,cnn_revised_20260919T110440Z,cnn_s1_09,val,Log-Mel CNN,0.2893800139427185,0.2948765854040782
seg_004866,sample_01622,I Fell - Mod Fun,1,0.03562430292367935,cnn_revised_20260919T110440Z,cnn_s1_09,val,Log-Mel CNN,0.2893800139427185,0.2948765854040782
seg_004867,sample_01622,I Fell - Mod Fun,1,0.499006450176239,cnn_revised_20260919T110440Z,cnn_s1_09,val,Log-Mel CNN,0.2893800139427185,0.2948765854040782
seg_004868,sample_01622,I Fell - Mod Fun,1,0.18891482055187225,cnn_revised_20260919T110440Z,cnn_s1_09,val,Log-Mel CNN,0.2893800139427185,0.2948765854040782
seg_004872,sample_01624,Новый Нью-Йорк 2 - Чокнутый Пропеллер,1,0.36406323313713074,cnn_revised_20260919T110440Z,cnn_s1_09,val,Log-Mel CNN,0.2893800139427185,0.2948765854040782
seg_004873,sample_01624,Новый Нью-Йорк 2 - Чокнутый Пропеллер,1,0.2701891362667084,cnn_revised_20260919T110440Z,cnn_s1_09,val,Log-Mel CNN,0.2893800139427185,0.2948765854040782
seg_004874,sample_01624,Новый Нью-Йорк 2 - Чокнутый Пропеллер,1,0.3243691921234131,cnn_revised_20260919T110440Z,cnn_s1_09,val,Log-Mel CNN,0.2893800139427185,0.2948765854040782
seg_004908,sample_01636,CopperNickle - UncleBibby,1,0.5056788325309753,cnn_revised_20260919T110440Z,cnn_s1_09,val,Log-Mel CNN,0.2893800139427185,0.2948765854040782
seg_004909,sample_01636,CopperNickle - UncleBibby,1,0.5290099382400513,cnn_revised_20260919T110440Z,cnn_s1_09,val,Log-Mel CNN,0.2893800139427185,0.2948765854040782
seg_004910,sample_01636,CopperNickle - UncleBibby,1,0.5442855954170227,cnn_revised_20260919T110440Z,cnn_s1_09,val,Log-Mel CNN,0.2893800139427185,0.2948765854040782
seg_004914,sample_01638,Daylight Savings - My brother Daniel,1,0.5237627625465393,cnn_revised_20260919T110440Z,cnn_s1_09,val,Log-Mel CNN,0.2893800139427185,0.2948765854040782
seg_004915,sample_01638,Daylight Savings - My brother Daniel,1,0.5821459293365479,cnn_revised_20260919T110440Z,cnn_s1_09,val,Log-Mel CNN,0.2893800139427185,0.2948765854040782
seg_004916,sample_01638,Daylight Savings - My brother Daniel,1,0.6016058325767517,cnn_revised_20260919T110440Z,cnn_s1_09,val,Log-Mel CNN,0.2893800139427185,0.2948765854040782
seg_004947,sample_01649,mystery team 2090 - Jesse Futerman,1,0.2369571179151535,cnn_revised_20260919T110440Z,cnn_s1_09,val,Log-Mel CNN,0.2893800139427185,0.2948765854040782
seg_004948,sample_01649,mystery team 2090 - Jesse Futerman,1,0.2720943093299866,cnn_revised_20260919T110440Z,cnn_s1_09,val,Log-Mel CNN,0.2893800139427185,0.2948765854040782
seg_004949,sample_01649,mystery team 2090 - Jesse Futerman,1,0.3044145107269287,cnn_revised_20260919T110440Z,cnn_s1_09,val,Log-Mel CNN,0.2893800139427185,0.2948765854040782
seg_004950,sample_01650,Night Drive - Decktonic,1,0.45048755407333374,cnn_revised_20260919T110440Z,cnn_s1_09,val,Log-Mel CNN,0.2893800139427185,0.2948765854040782
seg_004951,sample_01650,Night Drive - Decktonic,1,0.8069446682929993,cnn_revised_20260919T110440Z,cnn_s1_09,val,Log-Mel CNN,0.2893800139427185,0.2948765854040782
seg_004952,sample_01650,Night Drive - Decktonic,1,0.6901035308837891,cnn_revised_20260919T110440Z,cnn_s1_09,val,Log-Mel CNN,0.2893800139427185,0.2948765854040782
seg_004959,sample_01653,Nuo Maisemat - Paavoharju,1,0.5739723443984985,cnn_revised_20260919T110440Z,cnn_s1_09,val,Log-Mel CNN,0.2893800139427185,0.2948765854040782
seg_004960,sample_01653,Nuo Maisemat - Paavoharju,1,0.32544752955436707,cnn_revised_20260919T110440Z,cnn_s1_09,val,Log-Mel CNN,0.2893800139427185,0.2948765854040782
seg_004961,sample_01653,Nuo Maisemat - Paavoharju,1,0.36891332268714905,cnn_revised_20260919T110440Z,cnn_s1_09,val,Log-Mel CNN,0.2893800139427185,0.2948765854040782
seg_005001,sample_01667,SD (Ill Mix) - H-LR,1,0.48534315824508667,cnn_revised_20260919T110440Z,cnn_s1_09,val,Log-Mel CNN,0.2893800139427185,0.2948765854040782
seg_005002,sample_01667,SD (Ill Mix) - H-LR,1,0.678760826587677,cnn_revised_20260919T110440Z,cnn_s1_09,val,Log-Mel CNN,0.2893800139427185,0.2948765854040782
seg_005003,sample_01667,SD (Ill Mix) - H-LR,1,0.4771654009819031,cnn_revised_20260919T110440Z,cnn_s1_09,val,Log-Mel CNN,0.2893800139427185,0.2948765854040782
seg_005055,sample_01685,Evil Cannot Create - Caleb Lemond,1,0.35648059844970703,cnn_revised_20260919T110440Z,cnn_s1_09,val,Log-Mel CNN,0.2893800139427185,0.2948765854040782
seg_005056,sample_01685,Evil Cannot Create - Caleb Lemond,1,0.5967996120452881,cnn_revised_20260919T110440Z,cnn_s1_09,val,Log-Mel CNN,0.2893800139427185,0.2948765854040782
seg_005057,sample_01685,Evil Cannot Create - Caleb Lemond,1,0.6497707366943359,cnn_revised_20260919T110440Z,cnn_s1_09,val,Log-Mel CNN,0.2893800139427185,0.2948765854040782
seg_005111,sample_01704,New Life (take 1) - Bird Names,1,0.35232284665107727,cnn_revised_20260919T110440Z,cnn_s1_09,val,Log-Mel CNN,0.2893800139427185,0.2948765854040782
seg_005112,sample_01704,New Life (take 1) - Bird Names,1,0.35750654339790344,cnn_revised_20260919T110440Z,cnn_s1_09,val,Log-Mel CNN,0.2893800139427185,0.2948765854040782
seg_005113,sample_01704,New Life (take 1) - Bird Names,1,0.2137032449245453,cnn_revised_20260919T110440Z,cnn_s1_09,val,Log-Mel CNN,0.2893800139427185,0.2948765854040782
seg_005114,sample_01705,Norweigian Wood II - Bird Names,1,0.18836215138435364,cnn_revised_20260919T110440Z,cnn_s1_09,val,Log-Mel CNN,0.2893800139427185,0.2948765854040782
seg_005115,sample_01705,Norweigian Wood II - Bird Names,1,0.31522390246391296,cnn_revised_20260919T110440Z,cnn_s1_09,val,Log-Mel CNN,0.2893800139427185,0.2948765854040782
seg_005116,sample_01705,Norweigian Wood II - Bird Names,1,0.23090317845344543,cnn_revised_20260919T110440Z,cnn_s1_09,val,Log-Mel CNN,0.2893800139427185,0.2948765854040782
seg_005126,sample_01709,Roller Star - Monroeville Music Center,1,0.2893800139427185,cnn_revised_20260919T110440Z,cnn_s1_09,val,Log-Mel CNN,0.2893800139427185,0.2948765854040782
seg_005127,sample_01709,Roller Star - Monroeville Music Center,1,0.6220949292182922,cnn_revised_20260919T110440Z,cnn_s1_09,val,Log-Mel CNN,0.2893800139427185,0.2948765854040782
seg_005128,sample_01709,Roller Star - Monroeville Music Center,1,0.6930183172225952,cnn_revised_20260919T110440Z,cnn_s1_09,val,Log-Mel CNN,0.2893800139427185,0.2948765854040782
seg_005129,sample_01710,"Roundtrip - Oh Yeah, the Future",1,0.46723395586013794,cnn_revised_20260919T110440Z,cnn_s1_09,val,Log-Mel CNN,0.2893800139427185,0.2948765854040782
seg_005130,sample_01710,"Roundtrip - Oh Yeah, the Future",1,0.5492927432060242,cnn_revised_20260919T110440Z,cnn_s1_09,val,Log-Mel CNN,0.2893800139427185,0.2948765854040782
seg_005131,sample_01710,"Roundtrip - Oh Yeah, the Future",1,0.5780951380729675,cnn_revised_20260919T110440Z,cnn_s1_09,val,Log-Mel CNN,0.2893800139427185,0.2948765854040782
seg_005138,sample_01713,Soleares&beats - Malaventura,1,0.4850980341434479,cnn_revised_20260919T110440Z,cnn_s1_09,val,Log-Mel CNN,0.2893800139427185,0.2948765854040782
seg_005139,sample_01713,Soleares&beats - Malaventura,1,0.3208371698856354,cnn_revised_20260919T110440Z,cnn_s1_09,val,Log-Mel CNN,0.2893800139427185,0.2948765854040782
seg_005140,sample_01713,Soleares&beats - Malaventura,1,0.2777465283870697,cnn_revised_20260919T110440Z,cnn_s1_09,val,Log-Mel CNN,0.2893800139427185,0.2948765854040782
seg_005147,sample_01716,Stockholm Syndrome / People Should Be More Aware - Bird Names,1,0.3194189667701721,cnn_revised_20260919T110440Z,cnn_s1_09,val,Log-Mel CNN,0.2893800139427185,0.2948765854040782
seg_005148,sample_01716,Stockholm Syndrome / People Should Be More Aware - Bird Names,1,0.3143097162246704,cnn_revised_20260919T110440Z,cnn_s1_09,val,Log-Mel CNN,0.2893800139427185,0.2948765854040782
seg_005149,sample_01716,Stockholm Syndrome / People Should Be More Aware - Bird Names,1,0.38305479288101196,cnn_revised_20260919T110440Z,cnn_s1_09,val,Log-Mel CNN,0.2893800139427185,0.2948765854040782
seg_005168,sample_01723,Time Is Love - Silence is full of birds,1,0.22376705706119537,cnn_revised_20260919T110440Z,cnn_s1_09,val,Log-Mel CNN,0.2893800139427185,0.2948765854040782
seg_005169,sample_01723,Time Is Love - Silence is full of birds,1,0.2476791888475418,cnn_revised_20260919T110440Z,cnn_s1_09,val,Log-Mel CNN,0.2893800139427185,0.2948765854040782
seg_005170,sample_01723,Time Is Love - Silence is full of birds,1,0.32855504751205444,cnn_revised_20260919T110440Z,cnn_s1_09,val,Log-Mel CNN,0.2893800139427185,0.2948765854040782
seg_005188,sample_01730,2 (Wasn't There) - Isle of Pine,1,0.41302844882011414,cnn_revised_20260919T110440Z,cnn_s1_09,val,Log-Mel CNN,0.2893800139427185,0.2948765854040782
seg_005189,sample_01730,2 (Wasn't There) - Isle of Pine,1,0.12290505319833755,cnn_revised_20260919T110440Z,cnn_s1_09,val,Log-Mel CNN,0.2893800139427185,0.2948765854040782
seg_005190,sample_01730,2 (Wasn't There) - Isle of Pine,1,0.4296649396419525,cnn_revised_20260919T110440Z,cnn_s1_09,val,Log-Mel CNN,0.2893800139427185,0.2948765854040782
seg_005203,sample_01735,Empty Pockets - Pete Prodoehl,1,0.6242254972457886,cnn_revised_20260919T110440Z,cnn_s1_09,val,Log-Mel CNN,0.2893800139427185,0.2948765854040782
seg_005204,sample_01735,Empty Pockets - Pete Prodoehl,1,0.2550608813762665,cnn_revised_20260919T110440Z,cnn_s1_09,val,Log-Mel CNN,0.2893800139427185,0.2948765854040782
seg_005205,sample_01735,Empty Pockets - Pete Prodoehl,1,0.572301983833313,cnn_revised_20260919T110440Z,cnn_s1_09,val,Log-Mel CNN,0.2893800139427185,0.2948765854040782
seg_005212,sample_01738,Gila Monster Flop/Music History Lesson:The Sonics - The Crypts!,1,0.244315043091774,cnn_revised_20260919T110440Z,cnn_s1_09,val,Log-Mel CNN,0.2893800139427185,0.2948765854040782
seg_005213,sample_01738,Gila Monster Flop/Music History Lesson:The Sonics - The Crypts!,1,0.310024619102478,cnn_revised_20260919T110440Z,cnn_s1_09,val,Log-Mel CNN,0.2893800139427185,0.2948765854040782
seg_005214,sample_01738,Gila Monster Flop/Music History Lesson:The Sonics - The Crypts!,1,0.21844781935214996,cnn_revised_20260919T110440Z,cnn_s1_09,val,Log-Mel CNN,0.2893800139427185,0.2948765854040782
seg_005221,sample_01741,I Fell - Mod Fun,1,0.38848310708999634,cnn_revised_20260919T110440Z,cnn_s1_09,val,Log-Mel CNN,0.2893800139427185,0.2948765854040782
seg_005222,sample_01741,I Fell - Mod Fun,1,0.30323973298072815,cnn_revised_20260919T110440Z,cnn_s1_09,val,Log-Mel CNN,0.2893800139427185,0.2948765854040782
seg_005223,sample_01741,I Fell - Mod Fun,1,0.6901748180389404,cnn_revised_20260919T110440Z,cnn_s1_09,val,Log-Mel CNN,0.2893800139427185,0.2948765854040782
seg_005245,sample_01749,March of the GPA Mechanics - [t]ghost,1,0.4097287654876709,cnn_revised_20260919T110440Z,cnn_s1_09,val,Log-Mel CNN,0.2893800139427185,0.2948765854040782
seg_005246,sample_01749,March of the GPA Mechanics - [t]ghost,1,0.6407356262207031,cnn_revised_20260919T110440Z,cnn_s1_09,val,Log-Mel CNN,0.2893800139427185,0.2948765854040782
seg_005247,sample_01749,March of the GPA Mechanics - [t]ghost,1,0.5279916524887085,cnn_revised_20260919T110440Z,cnn_s1_09,val,Log-Mel CNN,0.2893800139427185,0.2948765854040782
seg_005274,sample_01759,Scramby Eggs - Andy G. Cohen,1,0.5580356121063232,cnn_revised_20260919T110440Z,cnn_s1_09,val,Log-Mel CNN,0.2893800139427185,0.2948765854040782
seg_005275,sample_01759,Scramby Eggs - Andy G. Cohen,1,0.3889053761959076,cnn_revised_20260919T110440Z,cnn_s1_09,val,Log-Mel CNN,0.2893800139427185,0.2948765854040782
seg_005276,sample_01759,Scramby Eggs - Andy G. Cohen,1,0.4927564561367035,cnn_revised_20260919T110440Z,cnn_s1_09,val,Log-Mel CNN,0.2893800139427185,0.2948765854040782
seg_005301,sample_01768,The girl just faded - Los Llamarada,1,0.5143743753433228,cnn_revised_20260919T110440Z,cnn_s1_09,val,Log-Mel CNN,0.2893800139427185,0.2948765854040782
seg_005302,sample_01768,The girl just faded - Los Llamarada,1,0.7922059893608093,cnn_revised_20260919T110440Z,cnn_s1_09,val,Log-Mel CNN,0.2893800139427185,0.2948765854040782
seg_005303,sample_01768,The girl just faded - Los Llamarada,1,0.4015147387981415,cnn_revised_20260919T110440Z,cnn_s1_09,val,Log-Mel CNN,0.2893800139427185,0.2948765854040782
seg_005310,sample_01771,Voxel - Andy G. Cohen,1,0.5182179808616638,cnn_revised_20260919T110440Z,cnn_s1_09,val,Log-Mel CNN,0.2893800139427185,0.2948765854040782
seg_005311,sample_01771,Voxel - Andy G. Cohen,1,0.560410737991333,cnn_revised_20260919T110440Z,cnn_s1_09,val,Log-Mel CNN,0.2893800139427185,0.2948765854040782
seg_005312,sample_01771,Voxel - Andy G. Cohen,1,0.5073525309562683,cnn_revised_20260919T110440Z,cnn_s1_09,val,Log-Mel CNN,0.2893800139427185,0.2948765854040782
seg_005322,sample_01775,Windows of the Skull - Sarin,1,0.4921696186065674,cnn_revised_20260919T110440Z,cnn_s1_09,val,Log-Mel CNN,0.2893800139427185,0.2948765854040782
seg_005323,sample_01775,Windows of the Skull - Sarin,1,0.6569575071334839,cnn_revised_20260919T110440Z,cnn_s1_09,val,Log-Mel CNN,0.2893800139427185,0.2948765854040782
seg_005324,sample_01775,Windows of the Skull - Sarin,1,0.3277599811553955,cnn_revised_20260919T110440Z,cnn_s1_09,val,Log-Mel CNN,0.2893800139427185,0.2948765854040782
seg_005331,sample_01778,Новый Нью-Йорк 2 - Чокнутый Пропеллер,1,0.3585060238838196,cnn_revised_20260919T110440Z,cnn_s1_09,val,Log-Mel CNN,0.2893800139427185,0.2948765854040782
seg_005332,sample_01778,Новый Нью-Йорк 2 - Чокнутый Пропеллер,1,0.3228141963481903,cnn_revised_20260919T110440Z,cnn_s1_09,val,Log-Mel CNN,0.2893800139427185,0.2948765854040782
seg_005333,sample_01778,Новый Нью-Йорк 2 - Чокнутый Пропеллер,1,0.3988506495952606,cnn_revised_20260919T110440Z,cnn_s1_09,val,Log-Mel CNN,0.2893800139427185,0.2948765854040782
seg_005372,sample_01798,CopperNickle - UncleBibby,1,0.6608573198318481,cnn_revised_20260919T110440Z,cnn_s1_09,val,Log-Mel CNN,0.2893800139427185,0.2948765854040782
seg_005373,sample_01798,CopperNickle - UncleBibby,1,0.5570082068443298,cnn_revised_20260919T110440Z,cnn_s1_09,val,Log-Mel CNN,0.2893800139427185,0.2948765854040782
seg_005378,sample_01801,Daylight Savings - My brother Daniel,1,0.7917467355728149,cnn_revised_20260919T110440Z,cnn_s1_09,val,Log-Mel CNN,0.2893800139427185,0.2948765854040782
seg_005379,sample_01801,Daylight Savings - My brother Daniel,1,0.7799057960510254,cnn_revised_20260919T110440Z,cnn_s1_09,val,Log-Mel CNN,0.2893800139427185,0.2948765854040782
seg_005396,sample_01810,Fifth Ramble - From the album Keith [RSVP007] - My brother Daniel,1,0.767676055431366,cnn_revised_20260919T110440Z,cnn_s1_09,val,Log-Mel CNN,0.2893800139427185,0.2948765854040782
seg_005397,sample_01810,Fifth Ramble - From the album Keith [RSVP007] - My brother Daniel,1,0.903110921382904,cnn_revised_20260919T110440Z,cnn_s1_09,val,Log-Mel CNN,0.2893800139427185,0.2948765854040782
seg_005412,sample_01818,If You're Ther - Nicola Ratti,1,0.7115721106529236,cnn_revised_20260919T110440Z,cnn_s1_09,val,Log-Mel CNN,0.2893800139427185,0.2948765854040782
seg_005413,sample_01818,If You're Ther - Nicola Ratti,1,0.7406410574913025,cnn_revised_20260919T110440Z,cnn_s1_09,val,Log-Mel CNN,0.2893800139427185,0.2948765854040782
seg_005428,sample_01826,Kumorizoranohajimarutokoro - Hosomi,1,0.816131055355072,cnn_revised_20260919T110440Z,cnn_s1_09,val,Log-Mel CNN,0.2893800139427185,0.2948765854040782
seg_005429,sample_01826,Kumorizoranohajimarutokoro - Hosomi,1,0.810089111328125,cnn_revised_20260919T110440Z,cnn_s1_09,val,Log-Mel CNN,0.2893800139427185,0.2948765854040782
seg_005446,sample_01835,Loved Ones - Rowan Box,1,0.6486612558364868,cnn_revised_20260919T110440Z,cnn_s1_09,val,Log-Mel CNN,0.2893800139427185,0.2948765854040782
seg_005447,sample_01835,Loved Ones - Rowan Box,1,0.620204508304596,cnn_revised_20260919T110440Z,cnn_s1_09,val,Log-Mel CNN,0.2893800139427185,0.2948765854040782
seg_005448,sample_01836,Morning Bell - Nihilore,1,0.8173858523368835,cnn_revised_20260919T110440Z,cnn_s1_09,val,Log-Mel CNN,0.2893800139427185,0.2948765854040782
seg_005449,sample_01836,Morning Bell - Nihilore,1,0.8417151570320129,cnn_revised_20260919T110440Z,cnn_s1_09,val,Log-Mel CNN,0.2893800139427185,0.2948765854040782
seg_005450,sample_01837,mystery team 2090 - Jesse Futerman,1,0.8399940133094788,cnn_revised_20260919T110440Z,cnn_s1_09,val,Log-Mel CNN,0.2893800139427185,0.2948765854040782
seg_005451,sample_01837,mystery team 2090 - Jesse Futerman,1,0.7644962072372437,cnn_revised_20260919T110440Z,cnn_s1_09,val,Log-Mel CNN,0.2893800139427185,0.2948765854040782
seg_005452,sample_01838,Night Drive - Decktonic,1,0.7588253617286682,cnn_revised_20260919T110440Z,cnn_s1_09,val,Log-Mel CNN,0.2893800139427185,0.2948765854040782
seg_005453,sample_01838,Night Drive - Decktonic,1,0.8241448402404785,cnn_revised_20260919T110440Z,cnn_s1_09,val,Log-Mel CNN,0.2893800139427185,0.2948765854040782
seg_005460,sample_01842,Nuo Maisemat - Paavoharju,1,0.8468284606933594,cnn_revised_20260919T110440Z,cnn_s1_09,val,Log-Mel CNN,0.2893800139427185,0.2948765854040782
seg_005461,sample_01842,Nuo Maisemat - Paavoharju,1,0.8435896039009094,cnn_revised_20260919T110440Z,cnn_s1_09,val,Log-Mel CNN,0.2893800139427185,0.2948765854040782
seg_005494,sample_01859,SD (Ill Mix) - H-LR,1,0.3011389672756195,cnn_revised_20260919T110440Z,cnn_s1_09,val,Log-Mel CNN,0.2893800139427185,0.2948765854040782
seg_005495,sample_01859,SD (Ill Mix) - H-LR,1,0.272666871547699,cnn_revised_20260919T110440Z,cnn_s1_09,val,Log-Mel CNN,0.2893800139427185,0.2948765854040782
seg_005503,sample_01864,some dextromethorphan - Jeva,1,0.6900453567504883,cnn_revised_20260919T110440Z,cnn_s1_09,val,Log-Mel CNN,0.2893800139427185,0.2948765854040782
seg_005504,sample_01864,some dextromethorphan - Jeva,1,0.6837249994277954,cnn_revised_20260919T110440Z,cnn_s1_09,val,Log-Mel CNN,0.2893800139427185,0.2948765854040782
seg_005509,sample_01867,Sturgeon's Law - Nihilore,1,0.6054128408432007,cnn_revised_20260919T110440Z,cnn_s1_09,val,Log-Mel CNN,0.2893800139427185,0.2948765854040782
seg_005510,sample_01867,Sturgeon's Law - Nihilore,1,0.579882025718689,cnn_revised_20260919T110440Z,cnn_s1_09,val,Log-Mel CNN,0.2893800139427185,0.2948765854040782
seg_005533,sample_01879,The Stairway - WarpToken,1,0.33247998356819153,cnn_revised_20260919T110440Z,cnn_s1_09,val,Log-Mel CNN,0.2893800139427185,0.2948765854040782
seg_005534,sample_01879,The Stairway - WarpToken,1,0.12337137758731842,cnn_revised_20260919T110440Z,cnn_s1_09,val,Log-Mel CNN,0.2893800139427185,0.2948765854040782
seg_005535,sample_01880,Three Bird - My brother Daniel,1,0.6956764459609985,cnn_revised_20260919T110440Z,cnn_s1_09,val,Log-Mel CNN,0.2893800139427185,0.2948765854040782
seg_005536,sample_01880,Three Bird - My brother Daniel,1,0.8141298890113831,cnn_revised_20260919T110440Z,cnn_s1_09,val,Log-Mel CNN,0.2893800139427185,0.2948765854040782
seg_005537,sample_01881,Timen Passing By - Jason Shaw,1,0.5558040142059326,cnn_revised_20260919T110440Z,cnn_s1_09,val,Log-Mel CNN,0.2893800139427185,0.2948765854040782
seg_005538,sample_01881,Timen Passing By - Jason Shaw,1,0.6870123744010925,cnn_revised_20260919T110440Z,cnn_s1_09,val,Log-Mel CNN,0.2893800139427185,0.2948765854040782
seg_005549,sample_01887,Understand That This Is A Dream - From the album Modulating Coil [RSVP008] - Forrest James,1,0.8240970373153687,cnn_revised_20260919T110440Z,cnn_s1_09,val,Log-Mel CNN,0.2893800139427185,0.2948765854040782
seg_005550,sample_01887,Understand That This Is A Dream - From the album Modulating Coil [RSVP008] - Forrest James,1,0.8820622563362122,cnn_revised_20260919T110440Z,cnn_s1_09,val,Log-Mel CNN,0.2893800139427185,0.2948765854040782
seg_005555,sample_01890,Westside Chillers - Little Glass Men,1,0.46399590373039246,cnn_revised_20260919T110440Z,cnn_s1_09,val,Log-Mel CNN,0.2893800139427185,0.2948765854040782
seg_005556,sample_01890,Westside Chillers - Little Glass Men,1,0.43057188391685486,cnn_revised_20260919T110440Z,cnn_s1_09,val,Log-Mel CNN,0.2893800139427185,0.2948765854040782
seg_005565,sample_01895,Agora - Malaventura,1,0.7127971053123474,cnn_revised_20260919T110440Z,cnn_s1_09,val,Log-Mel CNN,0.2893800139427185,0.2948765854040782
seg_005566,sample_01895,Agora - Malaventura,1,0.7129010558128357,cnn_revised_20260919T110440Z,cnn_s1_09,val,Log-Mel CNN,0.2893800139427185,0.2948765854040782
seg_005583,sample_01904,Evil Cannot Create - Caleb Lemond,1,0.8910403847694397,cnn_revised_20260919T110440Z,cnn_s1_09,val,Log-Mel CNN,0.2893800139427185,0.2948765854040782
seg_005584,sample_01904,Evil Cannot Create - Caleb Lemond,1,0.8944222331047058,cnn_revised_20260919T110440Z,cnn_s1_09,val,Log-Mel CNN,0.2893800139427185,0.2948765854040782
seg_005621,sample_01923,My Body Is A Weapon (Compromise Edit) - Silence is full of birds,1,0.8373898267745972,cnn_revised_20260919T110440Z,cnn_s1_09,val,Log-Mel CNN,0.2893800139427185,0.2948765854040782
seg_005622,sample_01923,My Body Is A Weapon (Compromise Edit) - Silence is full of birds,1,0.7834784388542175,cnn_revised_20260919T110440Z,cnn_s1_09,val,Log-Mel CNN,0.2893800139427185,0.2948765854040782
seg_005627,sample_01926,New Life (take 1) - Bird Names,1,0.7967067360877991,cnn_revised_20260919T110440Z,cnn_s1_09,val,Log-Mel CNN,0.2893800139427185,0.2948765854040782
seg_005628,sample_01926,New Life (take 1) - Bird Names,1,0.8253597021102905,cnn_revised_20260919T110440Z,cnn_s1_09,val,Log-Mel CNN,0.2893800139427185,0.2948765854040782
seg_005629,sample_01927,Norweigian Wood II - Bird Names,1,0.824652373790741,cnn_revised_20260919T110440Z,cnn_s1_09,val,Log-Mel CNN,0.2893800139427185,0.2948765854040782
seg_005630,sample_01927,Norweigian Wood II - Bird Names,1,0.9014177322387695,cnn_revised_20260919T110440Z,cnn_s1_09,val,Log-Mel CNN,0.2893800139427185,0.2948765854040782
seg_005645,sample_01935,Roller Star - Monroeville Music Center,1,0.5566234588623047,cnn_revised_20260919T110440Z,cnn_s1_09,val,Log-Mel CNN,0.2893800139427185,0.2948765854040782
seg_005646,sample_01935,Roller Star - Monroeville Music Center,1,0.6079919934272766,cnn_revised_20260919T110440Z,cnn_s1_09,val,Log-Mel CNN,0.2893800139427185,0.2948765854040782
seg_005647,sample_01936,"Roundtrip - Oh Yeah, the Future",1,0.8158867955207825,cnn_revised_20260919T110440Z,cnn_s1_09,val,Log-Mel CNN,0.2893800139427185,0.2948765854040782
seg_005648,sample_01936,"Roundtrip - Oh Yeah, the Future",1,0.8925220966339111,cnn_revised_20260919T110440Z,cnn_s1_09,val,Log-Mel CNN,0.2893800139427185,0.2948765854040782
seg_005657,sample_01941,Soleares&beats - Malaventura,1,0.930995762348175,cnn_revised_20260919T110440Z,cnn_s1_09,val,Log-Mel CNN,0.2893800139427185,0.2948765854040782
seg_005658,sample_01941,Soleares&beats - Malaventura,1,0.9283369779586792,cnn_revised_20260919T110440Z,cnn_s1_09,val,Log-Mel CNN,0.2893800139427185,0.2948765854040782
seg_005665,sample_01945,Stockholm Syndrome / People Should Be More Aware - Bird Names,1,0.46115708351135254,cnn_revised_20260919T110440Z,cnn_s1_09,val,Log-Mel CNN,0.2893800139427185,0.2948765854040782
seg_005666,sample_01945,Stockholm Syndrome / People Should Be More Aware - Bird Names,1,0.55381840467453,cnn_revised_20260919T110440Z,cnn_s1_09,val,Log-Mel CNN,0.2893800139427185,0.2948765854040782
seg_005685,sample_01955,Time Is Love - Silence is full of birds,1,0.8435665369033813,cnn_revised_20260919T110440Z,cnn_s1_09,val,Log-Mel CNN,0.2893800139427185,0.2948765854040782
seg_005686,sample_01955,Time Is Love - Silence is full of birds,1,0.9180306792259216,cnn_revised_20260919T110440Z,cnn_s1_09,val,Log-Mel CNN,0.2893800139427185,0.2948765854040782
seg_005703,sample_01964,2 (Wasn't There) - Isle of Pine,1,0.7936999201774597,cnn_revised_20260919T110440Z,cnn_s1_09,val,Log-Mel CNN,0.2893800139427185,0.2948765854040782
seg_005704,sample_01964,2 (Wasn't There) - Isle of Pine,1,0.8511598706245422,cnn_revised_20260919T110440Z,cnn_s1_09,val,Log-Mel CNN,0.2893800139427185,0.2948765854040782
seg_005723,sample_01974,Beyond Luxury - Mors Ontologica,1,0.7018623948097229,cnn_revised_20260919T110440Z,cnn_s1_09,val,Log-Mel CNN,0.2893800139427185,0.2948765854040782
seg_005724,sample_01974,Beyond Luxury - Mors Ontologica,1,0.6858139038085938,cnn_revised_20260919T110440Z,cnn_s1_09,val,Log-Mel CNN,0.2893800139427185,0.2948765854040782
seg_005747,sample_01986,Empty Pockets - Pete Prodoehl,1,0.8767518997192383,cnn_revised_20260919T110440Z,cnn_s1_09,val,Log-Mel CNN,0.2893800139427185,0.2948765854040782
seg_005748,sample_01986,Empty Pockets - Pete Prodoehl,1,0.8720464110374451,cnn_revised_20260919T110440Z,cnn_s1_09,val,Log-Mel CNN,0.2893800139427185,0.2948765854040782
seg_005753,sample_01989,Fear - Los Fancy Free,1,0.6627804636955261,cnn_revised_20260919T110440Z,cnn_s1_09,val,Log-Mel CNN,0.2893800139427185,0.2948765854040782
seg_005754,sample_01989,Fear - Los Fancy Free,1,0.8074696063995361,cnn_revised_20260919T110440Z,cnn_s1_09,val,Log-Mel CNN,0.2893800139427185,0.2948765854040782
seg_005763,sample_01994,Gila Monster Flop/Music History Lesson:The Sonics - The Crypts!,1,0.8257893919944763,cnn_revised_20260919T110440Z,cnn_s1_09,val,Log-Mel CNN,0.2893800139427185,0.2948765854040782
seg_005788,sample_02007,I Fell - Mod Fun,1,0.7570609450340271,cnn_revised_20260919T110440Z,cnn_s1_09,val,Log-Mel CNN,0.2893800139427185,0.2948765854040782
seg_005789,sample_02007,I Fell - Mod Fun,1,0.7653173208236694,cnn_revised_20260919T110440Z,cnn_s1_09,val,Log-Mel CNN,0.2893800139427185,0.2948765854040782
seg_005808,sample_02017,Lights Up - Pipe Choir,1,0.7086295485496521,cnn_revised_20260919T110440Z,cnn_s1_09,val,Log-Mel CNN,0.2893800139427185,0.2948765854040782
seg_005809,sample_02017,Lights Up - Pipe Choir,1,0.6837641000747681,cnn_revised_20260919T110440Z,cnn_s1_09,val,Log-Mel CNN,0.2893800139427185,0.2948765854040782
seg_005816,sample_02021,March of the GPA Mechanics - [t]ghost,1,0.7132942080497742,cnn_revised_20260919T110440Z,cnn_s1_09,val,Log-Mel CNN,0.2893800139427185,0.2948765854040782
seg_005817,sample_02021,March of the GPA Mechanics - [t]ghost,1,0.8400213718414307,cnn_revised_20260919T110440Z,cnn_s1_09,val,Log-Mel CNN,0.2893800139427185,0.2948765854040782
seg_005842,sample_02034,Redlight - Room For A Ghost,1,0.6429105401039124,cnn_revised_20260919T110440Z,cnn_s1_09,val,Log-Mel CNN,0.2893800139427185,0.2948765854040782
seg_005843,sample_02034,Redlight - Room For A Ghost,1,0.5410171151161194,cnn_revised_20260919T110440Z,cnn_s1_09,val,Log-Mel CNN,0.2893800139427185,0.2948765854040782
seg_005852,sample_02039,Scramby Eggs - Andy G. Cohen,1,0.8858158588409424,cnn_revised_20260919T110440Z,cnn_s1_09,val,Log-Mel CNN,0.2893800139427185,0.2948765854040782
seg_005853,sample_02039,Scramby Eggs - Andy G. Cohen,1,0.31830868124961853,cnn_revised_20260919T110440Z,cnn_s1_09,val,Log-Mel CNN,0.2893800139427185,0.2948765854040782
seg_005860,sample_02043,Shipwrecked Crew - Pete Prodoehl,1,0.5735407471656799,cnn_revised_20260919T110440Z,cnn_s1_09,val,Log-Mel CNN,0.2893800139427185,0.2948765854040782
seg_005861,sample_02043,Shipwrecked Crew - Pete Prodoehl,1,0.7146422863006592,cnn_revised_20260919T110440Z,cnn_s1_09,val,Log-Mel CNN,0.2893800139427185,0.2948765854040782
seg_005880,sample_02053,The girl just faded - Los Llamarada,1,0.698853075504303,cnn_revised_20260919T110440Z,cnn_s1_09,val,Log-Mel CNN,0.2893800139427185,0.2948765854040782
seg_005881,sample_02053,The girl just faded - Los Llamarada,1,0.6974695324897766,cnn_revised_20260919T110440Z,cnn_s1_09,val,Log-Mel CNN,0.2893800139427185,0.2948765854040782
seg_005892,sample_02059,Voxel - Andy G. Cohen,1,0.5934019088745117,cnn_revised_20260919T110440Z,cnn_s1_09,val,Log-Mel CNN,0.2893800139427185,0.2948765854040782
seg_005893,sample_02059,Voxel - Andy G. Cohen,1,0.68453449010849,cnn_revised_20260919T110440Z,cnn_s1_09,val,Log-Mel CNN,0.2893800139427185,0.2948765854040782
seg_005908,sample_02067,Windows of the Skull - Sarin,1,0.768470048904419,cnn_revised_20260919T110440Z,cnn_s1_09,val,Log-Mel CNN,0.2893800139427185,0.2948765854040782
seg_005909,sample_02067,Windows of the Skull - Sarin,1,0.8525069355964661,cnn_revised_20260919T110440Z,cnn_s1_09,val,Log-Mel CNN,0.2893800139427185,0.2948765854040782
seg_005964,sample_02087,CopperNickle - UncleBibby,1,0.3995143175125122,cnn_revised_20260919T110440Z,cnn_s1_09,val,Log-Mel CNN,0.2893800139427185,0.2948765854040782
seg_005965,sample_02087,CopperNickle - UncleBibby,1,0.4909554421901703,cnn_revised_20260919T110440Z,cnn_s1_09,val,Log-Mel CNN,0.2893800139427185,0.2948765854040782
seg_005966,sample_02087,CopperNickle - UncleBibby,1,0.38273367285728455,cnn_revised_20260919T110440Z,cnn_s1_09,val,Log-Mel CNN,0.2893800139427185,0.2948765854040782
seg_005967,sample_02088,CopperNickle - UncleBibby,1,0.5704056024551392,cnn_revised_20260919T110440Z,cnn_s1_09,val,Log-Mel CNN,0.2893800139427185,0.2948765854040782
seg_005968,sample_02088,CopperNickle - UncleBibby,1,0.6291847229003906,cnn_revised_20260919T110440Z,cnn_s1_09,val,Log-Mel CNN,0.2893800139427185,0.2948765854040782
seg_005969,sample_02088,CopperNickle - UncleBibby,1,0.6655030846595764,cnn_revised_20260919T110440Z,cnn_s1_09,val,Log-Mel CNN,0.2893800139427185,0.2948765854040782
seg_005976,sample_02091,Daylight Savings - My brother Daniel,1,0.3183945417404175,cnn_revised_20260919T110440Z,cnn_s1_09,val,Log-Mel CNN,0.2893800139427185,0.2948765854040782
seg_005977,sample_02091,Daylight Savings - My brother Daniel,1,0.500495195388794,cnn_revised_20260919T110440Z,cnn_s1_09,val,Log-Mel CNN,0.2893800139427185,0.2948765854040782
seg_005978,sample_02091,Daylight Savings - My brother Daniel,1,0.38972142338752747,cnn_revised_20260919T110440Z,cnn_s1_09,val,Log-Mel CNN,0.2893800139427185,0.2948765854040782
seg_005979,sample_02092,Daylight Savings - My brother Daniel,1,0.5472199320793152,cnn_revised_20260919T110440Z,cnn_s1_09,val,Log-Mel CNN,0.2893800139427185,0.2948765854040782
seg_005980,sample_02092,Daylight Savings - My brother Daniel,1,0.34933578968048096,cnn_revised_20260919T110440Z,cnn_s1_09,val,Log-Mel CNN,0.2893800139427185,0.2948765854040782
seg_005981,sample_02092,Daylight Savings - My brother Daniel,1,0.503214418888092,cnn_revised_20260919T110440Z,cnn_s1_09,val,Log-Mel CNN,0.2893800139427185,0.2948765854040782
seg_006042,sample_02113,mystery team 2090 - Jesse Futerman,1,0.22634410858154297,cnn_revised_20260919T110440Z,cnn_s1_09,val,Log-Mel CNN,0.2893800139427185,0.2948765854040782
seg_006043,sample_02113,mystery team 2090 - Jesse Futerman,1,0.2896691858768463,cnn_revised_20260919T110440Z,cnn_s1_09,val,Log-Mel CNN,0.2893800139427185,0.2948765854040782
seg_006044,sample_02113,mystery team 2090 - Jesse Futerman,1,0.41221046447753906,cnn_revised_20260919T110440Z,cnn_s1_09,val,Log-Mel CNN,0.2893800139427185,0.2948765854040782
seg_006045,sample_02114,mystery team 2090 - Jesse Futerman,1,0.16851423680782318,cnn_revised_20260919T110440Z,cnn_s1_09,val,Log-Mel CNN,0.2893800139427185,0.2948765854040782
seg_006046,sample_02114,mystery team 2090 - Jesse Futerman,1,0.2850120961666107,cnn_revised_20260919T110440Z,cnn_s1_09,val,Log-Mel CNN,0.2893800139427185,0.2948765854040782
seg_006047,sample_02114,mystery team 2090 - Jesse Futerman,1,0.253183513879776,cnn_revised_20260919T110440Z,cnn_s1_09,val,Log-Mel CNN,0.2893800139427185,0.2948765854040782
seg_006048,sample_02115,Night Drive - Decktonic,1,0.6590530276298523,cnn_revised_20260919T110440Z,cnn_s1_09,val,Log-Mel CNN,0.2893800139427185,0.2948765854040782
seg_006049,sample_02115,Night Drive - Decktonic,1,0.584054172039032,cnn_revised_20260919T110440Z,cnn_s1_09,val,Log-Mel CNN,0.2893800139427185,0.2948765854040782
seg_006050,sample_02115,Night Drive - Decktonic,1,0.5397504568099976,cnn_revised_20260919T110440Z,cnn_s1_09,val,Log-Mel CNN,0.2893800139427185,0.2948765854040782
seg_006051,sample_02116,Night Drive - Decktonic,1,0.5304793119430542,cnn_revised_20260919T110440Z,cnn_s1_09,val,Log-Mel CNN,0.2893800139427185,0.2948765854040782
seg_006052,sample_02116,Night Drive - Decktonic,1,0.3118847906589508,cnn_revised_20260919T110440Z,cnn_s1_09,val,Log-Mel CNN,0.2893800139427185,0.2948765854040782
seg_006053,sample_02116,Night Drive - Decktonic,1,0.1870792657136917,cnn_revised_20260919T110440Z,cnn_s1_09,val,Log-Mel CNN,0.2893800139427185,0.2948765854040782
seg_006066,sample_02121,Nuo Maisemat - Paavoharju,1,0.5458418726921082,cnn_revised_20260919T110440Z,cnn_s1_09,val,Log-Mel CNN,0.2893800139427185,0.2948765854040782
seg_006067,sample_02121,Nuo Maisemat - Paavoharju,1,0.4641743004322052,cnn_revised_20260919T110440Z,cnn_s1_09,val,Log-Mel CNN,0.2893800139427185,0.2948765854040782
seg_006068,sample_02121,Nuo Maisemat - Paavoharju,1,0.33530890941619873,cnn_revised_20260919T110440Z,cnn_s1_09,val,Log-Mel CNN,0.2893800139427185,0.2948765854040782
seg_006069,sample_02122,Nuo Maisemat - Paavoharju,1,0.28834787011146545,cnn_revised_20260919T110440Z,cnn_s1_09,val,Log-Mel CNN,0.2893800139427185,0.2948765854040782
seg_006070,sample_02122,Nuo Maisemat - Paavoharju,1,0.2452041357755661,cnn_revised_20260919T110440Z,cnn_s1_09,val,Log-Mel CNN,0.2893800139427185,0.2948765854040782
seg_006071,sample_02122,Nuo Maisemat - Paavoharju,1,0.25875335931777954,cnn_revised_20260919T110440Z,cnn_s1_09,val,Log-Mel CNN,0.2893800139427185,0.2948765854040782
seg_006150,sample_02149,SD (Ill Mix) - H-LR,1,0.5395678281784058,cnn_revised_20260919T110440Z,cnn_s1_09,val,Log-Mel CNN,0.2893800139427185,0.2948765854040782
seg_006151,sample_02149,SD (Ill Mix) - H-LR,1,0.6826211214065552,cnn_revised_20260919T110440Z,cnn_s1_09,val,Log-Mel CNN,0.2893800139427185,0.2948765854040782
seg_006152,sample_02149,SD (Ill Mix) - H-LR,1,0.6155058741569519,cnn_revised_20260919T110440Z,cnn_s1_09,val,Log-Mel CNN,0.2893800139427185,0.2948765854040782
seg_006153,sample_02150,SD (Ill Mix) - H-LR,1,0.11177495121955872,cnn_revised_20260919T110440Z,cnn_s1_09,val,Log-Mel CNN,0.2893800139427185,0.2948765854040782
seg_006154,sample_02150,SD (Ill Mix) - H-LR,1,0.3158162534236908,cnn_revised_20260919T110440Z,cnn_s1_09,val,Log-Mel CNN,0.2893800139427185,0.2948765854040782
seg_006155,sample_02150,SD (Ill Mix) - H-LR,1,0.4335721731185913,cnn_revised_20260919T110440Z,cnn_s1_09,val,Log-Mel CNN,0.2893800139427185,0.2948765854040782
seg_006258,sample_02185,Evil Cannot Create - Caleb Lemond,1,0.19961698353290558,cnn_revised_20260919T110440Z,cnn_s1_09,val,Log-Mel CNN,0.2893800139427185,0.2948765854040782
seg_006259,sample_02185,Evil Cannot Create - Caleb Lemond,1,0.1517786979675293,cnn_revised_20260919T110440Z,cnn_s1_09,val,Log-Mel CNN,0.2893800139427185,0.2948765854040782
seg_006260,sample_02185,Evil Cannot Create - Caleb Lemond,1,0.2406821846961975,cnn_revised_20260919T110440Z,cnn_s1_09,val,Log-Mel CNN,0.2893800139427185,0.2948765854040782
seg_006261,sample_02186,Evil Cannot Create - Caleb Lemond,1,0.490668386220932,cnn_revised_20260919T110440Z,cnn_s1_09,val,Log-Mel CNN,0.2893800139427185,0.2948765854040782
seg_006262,sample_02186,Evil Cannot Create - Caleb Lemond,1,0.25234970450401306,cnn_revised_20260919T110440Z,cnn_s1_09,val,Log-Mel CNN,0.2893800139427185,0.2948765854040782
seg_006263,sample_02186,Evil Cannot Create - Caleb Lemond,1,0.42591559886932373,cnn_revised_20260919T110440Z,cnn_s1_09,val,Log-Mel CNN,0.2893800139427185,0.2948765854040782
seg_006366,sample_02221,New Life (take 1) - Bird Names,1,0.33062222599983215,cnn_revised_20260919T110440Z,cnn_s1_09,val,Log-Mel CNN,0.2893800139427185,0.2948765854040782
seg_006367,sample_02221,New Life (take 1) - Bird Names,1,0.10186578333377838,cnn_revised_20260919T110440Z,cnn_s1_09,val,Log-Mel CNN,0.2893800139427185,0.2948765854040782
seg_006368,sample_02221,New Life (take 1) - Bird Names,1,0.17329898476600647,cnn_revised_20260919T110440Z,cnn_s1_09,val,Log-Mel CNN,0.2893800139427185,0.2948765854040782
seg_006369,sample_02222,New Life (take 1) - Bird Names,1,0.1537444293498993,cnn_revised_20260919T110440Z,cnn_s1_09,val,Log-Mel CNN,0.2893800139427185,0.2948765854040782
seg_006370,sample_02222,New Life (take 1) - Bird Names,1,0.4931254982948303,cnn_revised_20260919T110440Z,cnn_s1_09,val,Log-Mel CNN,0.2893800139427185,0.2948765854040782
seg_006371,sample_02222,New Life (take 1) - Bird Names,1,0.5889723896980286,cnn_revised_20260919T110440Z,cnn_s1_09,val,Log-Mel CNN,0.2893800139427185,0.2948765854040782
seg_006372,sample_02223,Norweigian Wood II - Bird Names,1,0.14572285115718842,cnn_revised_20260919T110440Z,cnn_s1_09,val,Log-Mel CNN,0.2893800139427185,0.2948765854040782
seg_006373,sample_02223,Norweigian Wood II - Bird Names,1,0.17517350614070892,cnn_revised_20260919T110440Z,cnn_s1_09,val,Log-Mel CNN,0.2893800139427185,0.2948765854040782
seg_006374,sample_02223,Norweigian Wood II - Bird Names,1,0.385940819978714,cnn_revised_20260919T110440Z,cnn_s1_09,val,Log-Mel CNN,0.2893800139427185,0.2948765854040782
seg_006375,sample_02224,Norweigian Wood II - Bird Names,1,0.24706046283245087,cnn_revised_20260919T110440Z,cnn_s1_09,val,Log-Mel CNN,0.2893800139427185,0.2948765854040782
seg_006376,sample_02224,Norweigian Wood II - Bird Names,1,0.17466485500335693,cnn_revised_20260919T110440Z,cnn_s1_09,val,Log-Mel CNN,0.2893800139427185,0.2948765854040782
seg_006377,sample_02224,Norweigian Wood II - Bird Names,1,0.28136304020881653,cnn_revised_20260919T110440Z,cnn_s1_09,val,Log-Mel CNN,0.2893800139427185,0.2948765854040782
seg_006396,sample_02231,Roller Star - Monroeville Music Center,1,0.44418415427207947,cnn_revised_20260919T110440Z,cnn_s1_09,val,Log-Mel CNN,0.2893800139427185,0.2948765854040782
seg_006397,sample_02231,Roller Star - Monroeville Music Center,1,0.4922601878643036,cnn_revised_20260919T110440Z,cnn_s1_09,val,Log-Mel CNN,0.2893800139427185,0.2948765854040782
seg_006398,sample_02231,Roller Star - Monroeville Music Center,1,0.5195175409317017,cnn_revised_20260919T110440Z,cnn_s1_09,val,Log-Mel CNN,0.2893800139427185,0.2948765854040782
seg_006399,sample_02232,Roller Star - Monroeville Music Center,1,0.3853009045124054,cnn_revised_20260919T110440Z,cnn_s1_09,val,Log-Mel CNN,0.2893800139427185,0.2948765854040782
seg_006400,sample_02232,Roller Star - Monroeville Music Center,1,0.5448750257492065,cnn_revised_20260919T110440Z,cnn_s1_09,val,Log-Mel CNN,0.2893800139427185,0.2948765854040782
seg_006401,sample_02232,Roller Star - Monroeville Music Center,1,0.7932984828948975,cnn_revised_20260919T110440Z,cnn_s1_09,val,Log-Mel CNN,0.2893800139427185,0.2948765854040782
seg_006402,sample_02233,"Roundtrip - Oh Yeah, the Future",1,0.43838921189308167,cnn_revised_20260919T110440Z,cnn_s1_09,val,Log-Mel CNN,0.2893800139427185,0.2948765854040782
seg_006403,sample_02233,"Roundtrip - Oh Yeah, the Future",1,0.463268518447876,cnn_revised_20260919T110440Z,cnn_s1_09,val,Log-Mel CNN,0.2893800139427185,0.2948765854040782
seg_006404,sample_02233,"Roundtrip - Oh Yeah, the Future",1,0.5097124576568604,cnn_revised_20260919T110440Z,cnn_s1_09,val,Log-Mel CNN,0.2893800139427185,0.2948765854040782
seg_006405,sample_02234,"Roundtrip - Oh Yeah, the Future",1,0.2772159278392792,cnn_revised_20260919T110440Z,cnn_s1_09,val,Log-Mel CNN,0.2893800139427185,0.2948765854040782
seg_006406,sample_02234,"Roundtrip - Oh Yeah, the Future",1,0.2748076021671295,cnn_revised_20260919T110440Z,cnn_s1_09,val,Log-Mel CNN,0.2893800139427185,0.2948765854040782
seg_006407,sample_02234,"Roundtrip - Oh Yeah, the Future",1,0.3844098150730133,cnn_revised_20260919T110440Z,cnn_s1_09,val,Log-Mel CNN,0.2893800139427185,0.2948765854040782
seg_006420,sample_02239,Soleares&beats - Malaventura,1,0.3006107211112976,cnn_revised_20260919T110440Z,cnn_s1_09,val,Log-Mel CNN,0.2893800139427185,0.2948765854040782
seg_006421,sample_02239,Soleares&beats - Malaventura,1,0.3975776135921478,cnn_revised_20260919T110440Z,cnn_s1_09,val,Log-Mel CNN,0.2893800139427185,0.2948765854040782
seg_006422,sample_02239,Soleares&beats - Malaventura,1,0.24813589453697205,cnn_revised_20260919T110440Z,cnn_s1_09,val,Log-Mel CNN,0.2893800139427185,0.2948765854040782
seg_006423,sample_02240,Soleares&beats - Malaventura,1,0.2071089893579483,cnn_revised_20260919T110440Z,cnn_s1_09,val,Log-Mel CNN,0.2893800139427185,0.2948765854040782
seg_006424,sample_02240,Soleares&beats - Malaventura,1,0.44576022028923035,cnn_revised_20260919T110440Z,cnn_s1_09,val,Log-Mel CNN,0.2893800139427185,0.2948765854040782
seg_006425,sample_02240,Soleares&beats - Malaventura,1,0.30579277873039246,cnn_revised_20260919T110440Z,cnn_s1_09,val,Log-Mel CNN,0.2893800139427185,0.2948765854040782
seg_006438,sample_02245,Stockholm Syndrome / People Should Be More Aware - Bird Names,1,0.40174171328544617,cnn_revised_20260919T110440Z,cnn_s1_09,val,Log-Mel CNN,0.2893800139427185,0.2948765854040782
seg_006439,sample_02245,Stockholm Syndrome / People Should Be More Aware - Bird Names,1,0.45189815759658813,cnn_revised_20260919T110440Z,cnn_s1_09,val,Log-Mel CNN,0.2893800139427185,0.2948765854040782
seg_006440,sample_02245,Stockholm Syndrome / People Should Be More Aware - Bird Names,1,0.5369709730148315,cnn_revised_20260919T110440Z,cnn_s1_09,val,Log-Mel CNN,0.2893800139427185,0.2948765854040782
seg_006441,sample_02246,Stockholm Syndrome / People Should Be More Aware - Bird Names,1,0.43730542063713074,cnn_revised_20260919T110440Z,cnn_s1_09,val,Log-Mel CNN,0.2893800139427185,0.2948765854040782
seg_006442,sample_02246,Stockholm Syndrome / People Should Be More Aware - Bird Names,1,0.5012500286102295,cnn_revised_20260919T110440Z,cnn_s1_09,val,Log-Mel CNN,0.2893800139427185,0.2948765854040782
seg_006443,sample_02246,Stockholm Syndrome / People Should Be More Aware - Bird Names,1,0.3532688021659851,cnn_revised_20260919T110440Z,cnn_s1_09,val,Log-Mel CNN,0.2893800139427185,0.2948765854040782
seg_006480,sample_02259,Time Is Love - Silence is full of birds,1,0.38128459453582764,cnn_revised_20260919T110440Z,cnn_s1_09,val,Log-Mel CNN,0.2893800139427185,0.2948765854040782
seg_006481,sample_02259,Time Is Love - Silence is full of birds,1,0.25464004278182983,cnn_revised_20260919T110440Z,cnn_s1_09,val,Log-Mel CNN,0.2893800139427185,0.2948765854040782
seg_006482,sample_02259,Time Is Love - Silence is full of birds,1,0.36218416690826416,cnn_revised_20260919T110440Z,cnn_s1_09,val,Log-Mel CNN,0.2893800139427185,0.2948765854040782
seg_006483,sample_02260,Time Is Love - Silence is full of birds,1,0.08627153187990189,cnn_revised_20260919T110440Z,cnn_s1_09,val,Log-Mel CNN,0.2893800139427185,0.2948765854040782
seg_006484,sample_02260,Time Is Love - Silence is full of birds,1,0.2319072186946869,cnn_revised_20260919T110440Z,cnn_s1_09,val,Log-Mel CNN,0.2893800139427185,0.2948765854040782
seg_006485,sample_02260,Time Is Love - Silence is full of birds,1,0.33422374725341797,cnn_revised_20260919T110440Z,cnn_s1_09,val,Log-Mel CNN,0.2893800139427185,0.2948765854040782
seg_006522,sample_02273,2 (Wasn't There) - Isle of Pine,1,0.19871152937412262,cnn_revised_20260919T110440Z,cnn_s1_09,val,Log-Mel CNN,0.2893800139427185,0.2948765854040782
seg_006523,sample_02273,2 (Wasn't There) - Isle of Pine,1,0.6517329216003418,cnn_revised_20260919T110440Z,cnn_s1_09,val,Log-Mel CNN,0.2893800139427185,0.2948765854040782
seg_006524,sample_02273,2 (Wasn't There) - Isle of Pine,1,0.2413574457168579,cnn_revised_20260919T110440Z,cnn_s1_09,val,Log-Mel CNN,0.2893800139427185,0.2948765854040782
seg_006525,sample_02274,2 (Wasn't There) - Isle of Pine,1,0.182952880859375,cnn_revised_20260919T110440Z,cnn_s1_09,val,Log-Mel CNN,0.2893800139427185,0.2948765854040782
seg_006526,sample_02274,2 (Wasn't There) - Isle of Pine,1,0.41153258085250854,cnn_revised_20260919T110440Z,cnn_s1_09,val,Log-Mel CNN,0.2893800139427185,0.2948765854040782
seg_006527,sample_02274,2 (Wasn't There) - Isle of Pine,1,0.4244993031024933,cnn_revised_20260919T110440Z,cnn_s1_09,val,Log-Mel CNN,0.2893800139427185,0.2948765854040782
seg_006552,sample_02283,Empty Pockets - Pete Prodoehl,1,0.2909119427204132,cnn_revised_20260919T110440Z,cnn_s1_09,val,Log-Mel CNN,0.2893800139427185,0.2948765854040782
seg_006553,sample_02283,Empty Pockets - Pete Prodoehl,1,0.32601720094680786,cnn_revised_20260919T110440Z,cnn_s1_09,val,Log-Mel CNN,0.2893800139427185,0.2948765854040782
seg_006554,sample_02283,Empty Pockets - Pete Prodoehl,1,0.3426952064037323,cnn_revised_20260919T110440Z,cnn_s1_09,val,Log-Mel CNN,0.2893800139427185,0.2948765854040782
seg_006555,sample_02284,Empty Pockets - Pete Prodoehl,1,0.3349315822124481,cnn_revised_20260919T110440Z,cnn_s1_09,val,Log-Mel CNN,0.2893800139427185,0.2948765854040782
seg_006556,sample_02284,Empty Pockets - Pete Prodoehl,1,0.18003830313682556,cnn_revised_20260919T110440Z,cnn_s1_09,val,Log-Mel CNN,0.2893800139427185,0.2948765854040782
seg_006557,sample_02284,Empty Pockets - Pete Prodoehl,1,0.17545321583747864,cnn_revised_20260919T110440Z,cnn_s1_09,val,Log-Mel CNN,0.2893800139427185,0.2948765854040782
seg_006570,sample_02289,Gila Monster Flop/Music History Lesson:The Sonics - The Crypts!,1,0.416803777217865,cnn_revised_20260919T110440Z,cnn_s1_09,val,Log-Mel CNN,0.2893800139427185,0.2948765854040782
seg_006571,sample_02289,Gila Monster Flop/Music History Lesson:The Sonics - The Crypts!,1,0.40256181359291077,cnn_revised_20260919T110440Z,cnn_s1_09,val,Log-Mel CNN,0.2893800139427185,0.2948765854040782
seg_006572,sample_02289,Gila Monster Flop/Music History Lesson:The Sonics - The Crypts!,1,0.4980451166629791,cnn_revised_20260919T110440Z,cnn_s1_09,val,Log-Mel CNN,0.2893800139427185,0.2948765854040782
seg_006573,sample_02290,Gila Monster Flop/Music History Lesson:The Sonics - The Crypts!,1,0.5021907687187195,cnn_revised_20260919T110440Z,cnn_s1_09,val,Log-Mel CNN,0.2893800139427185,0.2948765854040782
seg_006574,sample_02290,Gila Monster Flop/Music History Lesson:The Sonics - The Crypts!,1,0.1821315437555313,cnn_revised_20260919T110440Z,cnn_s1_09,val,Log-Mel CNN,0.2893800139427185,0.2948765854040782
seg_006575,sample_02290,Gila Monster Flop/Music History Lesson:The Sonics - The Crypts!,1,0.4970991611480713,cnn_revised_20260919T110440Z,cnn_s1_09,val,Log-Mel CNN,0.2893800139427185,0.2948765854040782
seg_006588,sample_02295,I Fell - Mod Fun,1,0.5464274883270264,cnn_revised_20260919T110440Z,cnn_s1_09,val,Log-Mel CNN,0.2893800139427185,0.2948765854040782
seg_006589,sample_02295,I Fell - Mod Fun,1,0.5054159164428711,cnn_revised_20260919T110440Z,cnn_s1_09,val,Log-Mel CNN,0.2893800139427185,0.2948765854040782
seg_006590,sample_02295,I Fell - Mod Fun,1,0.5133716464042664,cnn_revised_20260919T110440Z,cnn_s1_09,val,Log-Mel CNN,0.2893800139427185,0.2948765854040782
seg_006591,sample_02296,I Fell - Mod Fun,1,0.5464848279953003,cnn_revised_20260919T110440Z,cnn_s1_09,val,Log-Mel CNN,0.2893800139427185,0.2948765854040782
seg_006592,sample_02296,I Fell - Mod Fun,1,0.45715421438217163,cnn_revised_20260919T110440Z,cnn_s1_09,val,Log-Mel CNN,0.2893800139427185,0.2948765854040782
seg_006593,sample_02296,I Fell - Mod Fun,1,0.6032414436340332,cnn_revised_20260919T110440Z,cnn_s1_09,val,Log-Mel CNN,0.2893800139427185,0.2948765854040782
seg_006636,sample_02311,March of the GPA Mechanics - [t]ghost,1,0.23738998174667358,cnn_revised_20260919T110440Z,cnn_s1_09,val,Log-Mel CNN,0.2893800139427185,0.2948765854040782
seg_006637,sample_02311,March of the GPA Mechanics - [t]ghost,1,0.4978758692741394,cnn_revised_20260919T110440Z,cnn_s1_09,val,Log-Mel CNN,0.2893800139427185,0.2948765854040782
seg_006638,sample_02311,March of the GPA Mechanics - [t]ghost,1,0.4628496766090393,cnn_revised_20260919T110440Z,cnn_s1_09,val,Log-Mel CNN,0.2893800139427185,0.2948765854040782
seg_006639,sample_02312,March of the GPA Mechanics - [t]ghost,1,0.45642775297164917,cnn_revised_20260919T110440Z,cnn_s1_09,val,Log-Mel CNN,0.2893800139427185,0.2948765854040782
seg_006640,sample_02312,March of the GPA Mechanics - [t]ghost,1,0.25168749690055847,cnn_revised_20260919T110440Z,cnn_s1_09,val,Log-Mel CNN,0.2893800139427185,0.2948765854040782
seg_006641,sample_02312,March of the GPA Mechanics - [t]ghost,1,0.5342339277267456,cnn_revised_20260919T110440Z,cnn_s1_09,val,Log-Mel CNN,0.2893800139427185,0.2948765854040782
seg_006696,sample_02331,Scramby Eggs - Andy G. Cohen,1,0.44591423869132996,cnn_revised_20260919T110440Z,cnn_s1_09,val,Log-Mel CNN,0.2893800139427185,0.2948765854040782
seg_006697,sample_02331,Scramby Eggs - Andy G. Cohen,1,0.44891557097435,cnn_revised_20260919T110440Z,cnn_s1_09,val,Log-Mel CNN,0.2893800139427185,0.2948765854040782
seg_006698,sample_02331,Scramby Eggs - Andy G. Cohen,1,0.594356894493103,cnn_revised_20260919T110440Z,cnn_s1_09,val,Log-Mel CNN,0.2893800139427185,0.2948765854040782
seg_006699,sample_02332,Scramby Eggs - Andy G. Cohen,1,0.5665936470031738,cnn_revised_20260919T110440Z,cnn_s1_09,val,Log-Mel CNN,0.2893800139427185,0.2948765854040782
seg_006700,sample_02332,Scramby Eggs - Andy G. Cohen,1,0.3011181652545929,cnn_revised_20260919T110440Z,cnn_s1_09,val,Log-Mel CNN,0.2893800139427185,0.2948765854040782
seg_006701,sample_02332,Scramby Eggs - Andy G. Cohen,1,0.5818403363227844,cnn_revised_20260919T110440Z,cnn_s1_09,val,Log-Mel CNN,0.2893800139427185,0.2948765854040782
seg_006750,sample_02349,The girl just faded - Los Llamarada,1,0.37737157940864563,cnn_revised_20260919T110440Z,cnn_s1_09,val,Log-Mel CNN,0.2893800139427185,0.2948765854040782
seg_006751,sample_02349,The girl just faded - Los Llamarada,1,0.16915613412857056,cnn_revised_20260919T110440Z,cnn_s1_09,val,Log-Mel CNN,0.2893800139427185,0.2948765854040782
seg_006752,sample_02349,The girl just faded - Los Llamarada,1,0.23267611861228943,cnn_revised_20260919T110440Z,cnn_s1_09,val,Log-Mel CNN,0.2893800139427185,0.2948765854040782
seg_006753,sample_02350,The girl just faded - Los Llamarada,1,0.09117026627063751,cnn_revised_20260919T110440Z,cnn_s1_09,val,Log-Mel CNN,0.2893800139427185,0.2948765854040782
seg_006754,sample_02350,The girl just faded - Los Llamarada,1,0.3850046694278717,cnn_revised_20260919T110440Z,cnn_s1_09,val,Log-Mel CNN,0.2893800139427185,0.2948765854040782
seg_006755,sample_02350,The girl just faded - Los Llamarada,1,0.3362784683704376,cnn_revised_20260919T110440Z,cnn_s1_09,val,Log-Mel CNN,0.2893800139427185,0.2948765854040782
seg_006768,sample_02355,Voxel - Andy G. Cohen,1,0.48427310585975647,cnn_revised_20260919T110440Z,cnn_s1_09,val,Log-Mel CNN,0.2893800139427185,0.2948765854040782
seg_006769,sample_02355,Voxel - Andy G. Cohen,1,0.5638696551322937,cnn_revised_20260919T110440Z,cnn_s1_09,val,Log-Mel CNN,0.2893800139427185,0.2948765854040782
seg_006770,sample_02355,Voxel - Andy G. Cohen,1,0.7238485813140869,cnn_revised_20260919T110440Z,cnn_s1_09,val,Log-Mel CNN,0.2893800139427185,0.2948765854040782
seg_006771,sample_02356,Voxel - Andy G. Cohen,1,0.5371801853179932,cnn_revised_20260919T110440Z,cnn_s1_09,val,Log-Mel CNN,0.2893800139427185,0.2948765854040782
seg_006772,sample_02356,Voxel - Andy G. Cohen,1,0.5095519423484802,cnn_revised_20260919T110440Z,cnn_s1_09,val,Log-Mel CNN,0.2893800139427185,0.2948765854040782
seg_006773,sample_02356,Voxel - Andy G. Cohen,1,0.5405350923538208,cnn_revised_20260919T110440Z,cnn_s1_09,val,Log-Mel CNN,0.2893800139427185,0.2948765854040782
seg_006792,sample_02363,Windows of the Skull - Sarin,1,0.34208330512046814,cnn_revised_20260919T110440Z,cnn_s1_09,val,Log-Mel CNN,0.2893800139427185,0.2948765854040782
seg_006793,sample_02363,Windows of the Skull - Sarin,1,0.5441125631332397,cnn_revised_20260919T110440Z,cnn_s1_09,val,Log-Mel CNN,0.2893800139427185,0.2948765854040782
seg_006794,sample_02363,Windows of the Skull - Sarin,1,0.43956780433654785,cnn_revised_20260919T110440Z,cnn_s1_09,val,Log-Mel CNN,0.2893800139427185,0.2948765854040782
seg_006795,sample_02364,Windows of the Skull - Sarin,1,0.48025575280189514,cnn_revised_20260919T110440Z,cnn_s1_09,val,Log-Mel CNN,0.2893800139427185,0.2948765854040782
seg_006796,sample_02364,Windows of the Skull - Sarin,1,0.390097439289093,cnn_revised_20260919T110440Z,cnn_s1_09,val,Log-Mel CNN,0.2893800139427185,0.2948765854040782
seg_006797,sample_02364,Windows of the Skull - Sarin,1,0.5459986925125122,cnn_revised_20260919T110440Z,cnn_s1_09,val,Log-Mel CNN,0.2893800139427185,0.2948765854040782
seg_006810,sample_02369,Новый Нью-Йорк 2 - Чокнутый Пропеллер,1,0.3162039816379547,cnn_revised_20260919T110440Z,cnn_s1_09,val,Log-Mel CNN,0.2893800139427185,0.2948765854040782
seg_006811,sample_02369,Новый Нью-Йорк 2 - Чокнутый Пропеллер,1,0.5860791206359863,cnn_revised_20260919T110440Z,cnn_s1_09,val,Log-Mel CNN,0.2893800139427185,0.2948765854040782
seg_006812,sample_02369,Новый Нью-Йорк 2 - Чокнутый Пропеллер,1,0.45685625076293945,cnn_revised_20260919T110440Z,cnn_s1_09,val,Log-Mel CNN,0.2893800139427185,0.2948765854040782
seg_006813,sample_02370,Новый Нью-Йорк 2 - Чокнутый Пропеллер,1,0.4926624000072479,cnn_revised_20260919T110440Z,cnn_s1_09,val,Log-Mel CNN,0.2893800139427185,0.2948765854040782
seg_006814,sample_02370,Новый Нью-Йорк 2 - Чокнутый Пропеллер,1,0.4517756402492523,cnn_revised_20260919T110440Z,cnn_s1_09,val,Log-Mel CNN,0.2893800139427185,0.2948765854040782
seg_006815,sample_02370,Новый Нью-Йорк 2 - Чокнутый Пропеллер,1,0.5459628701210022,cnn_revised_20260919T110440Z,cnn_s1_09,val,Log-Mel CNN,0.2893800139427185,0.2948765854040782
seg_006864,sample_02387,CopperNickle - UncleBibby,1,0.6745184063911438,cnn_revised_20260919T110440Z,cnn_s1_09,val,Log-Mel CNN,0.2893800139427185,0.2948765854040782
seg_006865,sample_02387,CopperNickle - UncleBibby,1,0.6877853274345398,cnn_revised_20260919T110440Z,cnn_s1_09,val,Log-Mel CNN,0.2893800139427185,0.2948765854040782
seg_006866,sample_02387,CopperNickle - UncleBibby,1,0.5472636222839355,cnn_revised_20260919T110440Z,cnn_s1_09,val,Log-Mel CNN,0.2893800139427185,0.2948765854040782
seg_006867,sample_02388,CopperNickle - UncleBibby,1,0.5877869725227356,cnn_revised_20260919T110440Z,cnn_s1_09,val,Log-Mel CNN,0.2893800139427185,0.2948765854040782
seg_006868,sample_02388,CopperNickle - UncleBibby,1,0.6037989854812622,cnn_revised_20260919T110440Z,cnn_s1_09,val,Log-Mel CNN,0.2893800139427185,0.2948765854040782
seg_006869,sample_02388,CopperNickle - UncleBibby,1,0.6821944117546082,cnn_revised_20260919T110440Z,cnn_s1_09,val,Log-Mel CNN,0.2893800139427185,0.2948765854040782
seg_006876,sample_02391,Daylight Savings - My brother Daniel,1,0.537079393863678,cnn_revised_20260919T110440Z,cnn_s1_09,val,Log-Mel CNN,0.2893800139427185,0.2948765854040782
seg_006877,sample_02391,Daylight Savings - My brother Daniel,1,0.6144534349441528,cnn_revised_20260919T110440Z,cnn_s1_09,val,Log-Mel CNN,0.2893800139427185,0.2948765854040782
seg_006878,sample_02391,Daylight Savings - My brother Daniel,1,0.5784429907798767,cnn_revised_20260919T110440Z,cnn_s1_09,val,Log-Mel CNN,0.2893800139427185,0.2948765854040782
seg_006879,sample_02392,Daylight Savings - My brother Daniel,1,0.49853581190109253,cnn_revised_20260919T110440Z,cnn_s1_09,val,Log-Mel CNN,0.2893800139427185,0.2948765854040782
seg_006880,sample_02392,Daylight Savings - My brother Daniel,1,0.5672584772109985,cnn_revised_20260919T110440Z,cnn_s1_09,val,Log-Mel CNN,0.2893800139427185,0.2948765854040782
seg_006881,sample_02392,Daylight Savings - My brother Daniel,1,0.5852510929107666,cnn_revised_20260919T110440Z,cnn_s1_09,val,Log-Mel CNN,0.2893800139427185,0.2948765854040782
seg_006942,sample_02413,mystery team 2090 - Jesse Futerman,1,0.3099031448364258,cnn_revised_20260919T110440Z,cnn_s1_09,val,Log-Mel CNN,0.2893800139427185,0.2948765854040782
seg_006943,sample_02413,mystery team 2090 - Jesse Futerman,1,0.29324761033058167,cnn_revised_20260919T110440Z,cnn_s1_09,val,Log-Mel CNN,0.2893800139427185,0.2948765854040782
seg_006944,sample_02413,mystery team 2090 - Jesse Futerman,1,0.35761287808418274,cnn_revised_20260919T110440Z,cnn_s1_09,val,Log-Mel CNN,0.2893800139427185,0.2948765854040782
seg_006945,sample_02414,mystery team 2090 - Jesse Futerman,1,0.31592297554016113,cnn_revised_20260919T110440Z,cnn_s1_09,val,Log-Mel CNN,0.2893800139427185,0.2948765854040782
seg_006946,sample_02414,mystery team 2090 - Jesse Futerman,1,0.2756190896034241,cnn_revised_20260919T110440Z,cnn_s1_09,val,Log-Mel CNN,0.2893800139427185,0.2948765854040782
seg_006947,sample_02414,mystery team 2090 - Jesse Futerman,1,0.3969549536705017,cnn_revised_20260919T110440Z,cnn_s1_09,val,Log-Mel CNN,0.2893800139427185,0.2948765854040782
seg_006948,sample_02415,Night Drive - Decktonic,1,0.5262471437454224,cnn_revised_20260919T110440Z,cnn_s1_09,val,Log-Mel CNN,0.2893800139427185,0.2948765854040782
seg_006949,sample_02415,Night Drive - Decktonic,1,0.49451562762260437,cnn_revised_20260919T110440Z,cnn_s1_09,val,Log-Mel CNN,0.2893800139427185,0.2948765854040782
seg_006950,sample_02415,Night Drive - Decktonic,1,0.668762743473053,cnn_revised_20260919T110440Z,cnn_s1_09,val,Log-Mel CNN,0.2893800139427185,0.2948765854040782
seg_006951,sample_02416,Night Drive - Decktonic,1,0.5603733658790588,cnn_revised_20260919T110440Z,cnn_s1_09,val,Log-Mel CNN,0.2893800139427185,0.2948765854040782
seg_006952,sample_02416,Night Drive - Decktonic,1,0.7489560842514038,cnn_revised_20260919T110440Z,cnn_s1_09,val,Log-Mel CNN,0.2893800139427185,0.2948765854040782
seg_006953,sample_02416,Night Drive - Decktonic,1,0.6375516057014465,cnn_revised_20260919T110440Z,cnn_s1_09,val,Log-Mel CNN,0.2893800139427185,0.2948765854040782
seg_006966,sample_02421,Nuo Maisemat - Paavoharju,1,0.36269283294677734,cnn_revised_20260919T110440Z,cnn_s1_09,val,Log-Mel CNN,0.2893800139427185,0.2948765854040782
seg_006967,sample_02421,Nuo Maisemat - Paavoharju,1,0.12155613303184509,cnn_revised_20260919T110440Z,cnn_s1_09,val,Log-Mel CNN,0.2893800139427185,0.2948765854040782
seg_006968,sample_02421,Nuo Maisemat - Paavoharju,1,0.18618488311767578,cnn_revised_20260919T110440Z,cnn_s1_09,val,Log-Mel CNN,0.2893800139427185,0.2948765854040782
seg_006969,sample_02422,Nuo Maisemat - Paavoharju,1,0.5093860030174255,cnn_revised_20260919T110440Z,cnn_s1_09,val,Log-Mel CNN,0.2893800139427185,0.2948765854040782
seg_006970,sample_02422,Nuo Maisemat - Paavoharju,1,0.23892870545387268,cnn_revised_20260919T110440Z,cnn_s1_09,val,Log-Mel CNN,0.2893800139427185,0.2948765854040782
seg_006971,sample_02422,Nuo Maisemat - Paavoharju,1,0.2116006463766098,cnn_revised_20260919T110440Z,cnn_s1_09,val,Log-Mel CNN,0.2893800139427185,0.2948765854040782
seg_007050,sample_02449,SD (Ill Mix) - H-LR,1,0.5140007734298706,cnn_revised_20260919T110440Z,cnn_s1_09,val,Log-Mel CNN,0.2893800139427185,0.2948765854040782
seg_007051,sample_02449,SD (Ill Mix) - H-LR,1,0.5549548864364624,cnn_revised_20260919T110440Z,cnn_s1_09,val,Log-Mel CNN,0.2893800139427185,0.2948765854040782
seg_007052,sample_02449,SD (Ill Mix) - H-LR,1,0.5989238619804382,cnn_revised_20260919T110440Z,cnn_s1_09,val,Log-Mel CNN,0.2893800139427185,0.2948765854040782
seg_007053,sample_02450,SD (Ill Mix) - H-LR,1,0.440373033285141,cnn_revised_20260919T110440Z,cnn_s1_09,val,Log-Mel CNN,0.2893800139427185,0.2948765854040782
seg_007054,sample_02450,SD (Ill Mix) - H-LR,1,0.564159631729126,cnn_revised_20260919T110440Z,cnn_s1_09,val,Log-Mel CNN,0.2893800139427185,0.2948765854040782
seg_007055,sample_02450,SD (Ill Mix) - H-LR,1,0.511322557926178,cnn_revised_20260919T110440Z,cnn_s1_09,val,Log-Mel CNN,0.2893800139427185,0.2948765854040782
seg_007158,sample_02485,Evil Cannot Create - Caleb Lemond,1,0.09685385227203369,cnn_revised_20260919T110440Z,cnn_s1_09,val,Log-Mel CNN,0.2893800139427185,0.2948765854040782
seg_007159,sample_02485,Evil Cannot Create - Caleb Lemond,1,0.2400500625371933,cnn_revised_20260919T110440Z,cnn_s1_09,val,Log-Mel CNN,0.2893800139427185,0.2948765854040782
seg_007160,sample_02485,Evil Cannot Create - Caleb Lemond,1,0.18795165419578552,cnn_revised_20260919T110440Z,cnn_s1_09,val,Log-Mel CNN,0.2893800139427185,0.2948765854040782
seg_007161,sample_02486,Evil Cannot Create - Caleb Lemond,1,0.3739169239997864,cnn_revised_20260919T110440Z,cnn_s1_09,val,Log-Mel CNN,0.2893800139427185,0.2948765854040782
seg_007162,sample_02486,Evil Cannot Create - Caleb Lemond,1,0.32739150524139404,cnn_revised_20260919T110440Z,cnn_s1_09,val,Log-Mel CNN,0.2893800139427185,0.2948765854040782
seg_007163,sample_02486,Evil Cannot Create - Caleb Lemond,1,0.208089679479599,cnn_revised_20260919T110440Z,cnn_s1_09,val,Log-Mel CNN,0.2893800139427185,0.2948765854040782
seg_007266,sample_02521,New Life (take 1) - Bird Names,1,0.14668233692646027,cnn_revised_20260919T110440Z,cnn_s1_09,val,Log-Mel CNN,0.2893800139427185,0.2948765854040782
seg_007267,sample_02521,New Life (take 1) - Bird Names,1,0.163752943277359,cnn_revised_20260919T110440Z,cnn_s1_09,val,Log-Mel CNN,0.2893800139427185,0.2948765854040782
seg_007268,sample_02521,New Life (take 1) - Bird Names,1,0.32476454973220825,cnn_revised_20260919T110440Z,cnn_s1_09,val,Log-Mel CNN,0.2893800139427185,0.2948765854040782
seg_007269,sample_02522,New Life (take 1) - Bird Names,1,0.1716492623090744,cnn_revised_20260919T110440Z,cnn_s1_09,val,Log-Mel CNN,0.2893800139427185,0.2948765854040782
seg_007270,sample_02522,New Life (take 1) - Bird Names,1,0.10530510544776917,cnn_revised_20260919T110440Z,cnn_s1_09,val,Log-Mel CNN,0.2893800139427185,0.2948765854040782
seg_007271,sample_02522,New Life (take 1) - Bird Names,1,0.18836544454097748,cnn_revised_20260919T110440Z,cnn_s1_09,val,Log-Mel CNN,0.2893800139427185,0.2948765854040782
seg_007272,sample_02523,Norweigian Wood II - Bird Names,1,0.13967302441596985,cnn_revised_20260919T110440Z,cnn_s1_09,val,Log-Mel CNN,0.2893800139427185,0.2948765854040782
seg_007273,sample_02523,Norweigian Wood II - Bird Names,1,0.2775077521800995,cnn_revised_20260919T110440Z,cnn_s1_09,val,Log-Mel CNN,0.2893800139427185,0.2948765854040782
seg_007274,sample_02523,Norweigian Wood II - Bird Names,1,0.3905540108680725,cnn_revised_20260919T110440Z,cnn_s1_09,val,Log-Mel CNN,0.2893800139427185,0.2948765854040782
seg_007275,sample_02524,Norweigian Wood II - Bird Names,1,0.23558248579502106,cnn_revised_20260919T110440Z,cnn_s1_09,val,Log-Mel CNN,0.2893800139427185,0.2948765854040782
seg_007276,sample_02524,Norweigian Wood II - Bird Names,1,0.11503371596336365,cnn_revised_20260919T110440Z,cnn_s1_09,val,Log-Mel CNN,0.2893800139427185,0.2948765854040782
seg_007277,sample_02524,Norweigian Wood II - Bird Names,1,0.12398456037044525,cnn_revised_20260919T110440Z,cnn_s1_09,val,Log-Mel CNN,0.2893800139427185,0.2948765854040782
seg_007296,sample_02531,Roller Star - Monroeville Music Center,1,0.5769213438034058,cnn_revised_20260919T110440Z,cnn_s1_09,val,Log-Mel CNN,0.2893800139427185,0.2948765854040782
seg_007297,sample_02531,Roller Star - Monroeville Music Center,1,0.6010982990264893,cnn_revised_20260919T110440Z,cnn_s1_09,val,Log-Mel CNN,0.2893800139427185,0.2948765854040782
seg_007298,sample_02531,Roller Star - Monroeville Music Center,1,0.5670549273490906,cnn_revised_20260919T110440Z,cnn_s1_09,val,Log-Mel CNN,0.2893800139427185,0.2948765854040782
seg_007299,sample_02532,Roller Star - Monroeville Music Center,1,0.1648327112197876,cnn_revised_20260919T110440Z,cnn_s1_09,val,Log-Mel CNN,0.2893800139427185,0.2948765854040782
seg_007300,sample_02532,Roller Star - Monroeville Music Center,1,0.6294589638710022,cnn_revised_20260919T110440Z,cnn_s1_09,val,Log-Mel CNN,0.2893800139427185,0.2948765854040782
seg_007301,sample_02532,Roller Star - Monroeville Music Center,1,0.6257903575897217,cnn_revised_20260919T110440Z,cnn_s1_09,val,Log-Mel CNN,0.2893800139427185,0.2948765854040782
seg_007302,sample_02533,"Roundtrip - Oh Yeah, the Future",1,0.6817600131034851,cnn_revised_20260919T110440Z,cnn_s1_09,val,Log-Mel CNN,0.2893800139427185,0.2948765854040782
seg_007303,sample_02533,"Roundtrip - Oh Yeah, the Future",1,0.4195341467857361,cnn_revised_20260919T110440Z,cnn_s1_09,val,Log-Mel CNN,0.2893800139427185,0.2948765854040782
seg_007304,sample_02533,"Roundtrip - Oh Yeah, the Future",1,0.5372793674468994,cnn_revised_20260919T110440Z,cnn_s1_09,val,Log-Mel CNN,0.2893800139427185,0.2948765854040782
seg_007305,sample_02534,"Roundtrip - Oh Yeah, the Future",1,0.4871264696121216,cnn_revised_20260919T110440Z,cnn_s1_09,val,Log-Mel CNN,0.2893800139427185,0.2948765854040782
seg_007306,sample_02534,"Roundtrip - Oh Yeah, the Future",1,0.38338953256607056,cnn_revised_20260919T110440Z,cnn_s1_09,val,Log-Mel CNN,0.2893800139427185,0.2948765854040782
seg_007307,sample_02534,"Roundtrip - Oh Yeah, the Future",1,0.5266092419624329,cnn_revised_20260919T110440Z,cnn_s1_09,val,Log-Mel CNN,0.2893800139427185,0.2948765854040782
seg_007320,sample_02539,Soleares&beats - Malaventura,1,0.3406185209751129,cnn_revised_20260919T110440Z,cnn_s1_09,val,Log-Mel CNN,0.2893800139427185,0.2948765854040782
seg_007321,sample_02539,Soleares&beats - Malaventura,1,0.3823983669281006,cnn_revised_20260919T110440Z,cnn_s1_09,val,Log-Mel CNN,0.2893800139427185,0.2948765854040782
seg_007322,sample_02539,Soleares&beats - Malaventura,1,0.3363061845302582,cnn_revised_20260919T110440Z,cnn_s1_09,val,Log-Mel CNN,0.2893800139427185,0.2948765854040782
seg_007323,sample_02540,Soleares&beats - Malaventura,1,0.4617210924625397,cnn_revised_20260919T110440Z,cnn_s1_09,val,Log-Mel CNN,0.2893800139427185,0.2948765854040782
seg_007324,sample_02540,Soleares&beats - Malaventura,1,0.28114473819732666,cnn_revised_20260919T110440Z,cnn_s1_09,val,Log-Mel CNN,0.2893800139427185,0.2948765854040782
seg_007325,sample_02540,Soleares&beats - Malaventura,1,0.39429354667663574,cnn_revised_20260919T110440Z,cnn_s1_09,val,Log-Mel CNN,0.2893800139427185,0.2948765854040782
seg_007338,sample_02545,Stockholm Syndrome / People Should Be More Aware - Bird Names,1,0.4472210705280304,cnn_revised_20260919T110440Z,cnn_s1_09,val,Log-Mel CNN,0.2893800139427185,0.2948765854040782
seg_007339,sample_02545,Stockholm Syndrome / People Should Be More Aware - Bird Names,1,0.25231990218162537,cnn_revised_20260919T110440Z,cnn_s1_09,val,Log-Mel CNN,0.2893800139427185,0.2948765854040782
seg_007340,sample_02545,Stockholm Syndrome / People Should Be More Aware - Bird Names,1,0.17251144349575043,cnn_revised_20260919T110440Z,cnn_s1_09,val,Log-Mel CNN,0.2893800139427185,0.2948765854040782
seg_007341,sample_02546,Stockholm Syndrome / People Should Be More Aware - Bird Names,1,0.11920404434204102,cnn_revised_20260919T110440Z,cnn_s1_09,val,Log-Mel CNN,0.2893800139427185,0.2948765854040782
seg_007342,sample_02546,Stockholm Syndrome / People Should Be More Aware - Bird Names,1,0.09895631670951843,cnn_revised_20260919T110440Z,cnn_s1_09,val,Log-Mel CNN,0.2893800139427185,0.2948765854040782
seg_007343,sample_02546,Stockholm Syndrome / People Should Be More Aware - Bird Names,1,0.08661546558141708,cnn_revised_20260919T110440Z,cnn_s1_09,val,Log-Mel CNN,0.2893800139427185,0.2948765854040782
seg_007380,sample_02559,Time Is Love - Silence is full of birds,1,0.15184979140758514,cnn_revised_20260919T110440Z,cnn_s1_09,val,Log-Mel CNN,0.2893800139427185,0.2948765854040782
seg_007381,sample_02559,Time Is Love - Silence is full of birds,1,0.21035662293434143,cnn_revised_20260919T110440Z,cnn_s1_09,val,Log-Mel CNN,0.2893800139427185,0.2948765854040782
seg_007382,sample_02559,Time Is Love - Silence is full of birds,1,0.3072997033596039,cnn_revised_20260919T110440Z,cnn_s1_09,val,Log-Mel CNN,0.2893800139427185,0.2948765854040782
seg_007383,sample_02560,Time Is Love - Silence is full of birds,1,0.13436108827590942,cnn_revised_20260919T110440Z,cnn_s1_09,val,Log-Mel CNN,0.2893800139427185,0.2948765854040782
seg_007384,sample_02560,Time Is Love - Silence is full of birds,1,0.21469852328300476,cnn_revised_20260919T110440Z,cnn_s1_09,val,Log-Mel CNN,0.2893800139427185,0.2948765854040782
seg_007385,sample_02560,Time Is Love - Silence is full of birds,1,0.20916791260242462,cnn_revised_20260919T110440Z,cnn_s1_09,val,Log-Mel CNN,0.2893800139427185,0.2948765854040782
seg_007422,sample_02573,2 (Wasn't There) - Isle of Pine,1,0.15352953970432281,cnn_revised_20260919T110440Z,cnn_s1_09,val,Log-Mel CNN,0.2893800139427185,0.2948765854040782
seg_007423,sample_02573,2 (Wasn't There) - Isle of Pine,1,0.3334340751171112,cnn_revised_20260919T110440Z,cnn_s1_09,val,Log-Mel CNN,0.2893800139427185,0.2948765854040782
seg_007424,sample_02573,2 (Wasn't There) - Isle of Pine,1,0.44013428688049316,cnn_revised_20260919T110440Z,cnn_s1_09,val,Log-Mel CNN,0.2893800139427185,0.2948765854040782
seg_007425,sample_02574,2 (Wasn't There) - Isle of Pine,1,0.09297902137041092,cnn_revised_20260919T110440Z,cnn_s1_09,val,Log-Mel CNN,0.2893800139427185,0.2948765854040782
seg_007426,sample_02574,2 (Wasn't There) - Isle of Pine,1,0.20289166271686554,cnn_revised_20260919T110440Z,cnn_s1_09,val,Log-Mel CNN,0.2893800139427185,0.2948765854040782
seg_007427,sample_02574,2 (Wasn't There) - Isle of Pine,1,0.3498459458351135,cnn_revised_20260919T110440Z,cnn_s1_09,val,Log-Mel CNN,0.2893800139427185,0.2948765854040782
seg_007452,sample_02583,Empty Pockets - Pete Prodoehl,1,0.1956567019224167,cnn_revised_20260919T110440Z,cnn_s1_09,val,Log-Mel CNN,0.2893800139427185,0.2948765854040782
seg_007453,sample_02583,Empty Pockets - Pete Prodoehl,1,0.14149045944213867,cnn_revised_20260919T110440Z,cnn_s1_09,val,Log-Mel CNN,0.2893800139427185,0.2948765854040782
seg_007454,sample_02583,Empty Pockets - Pete Prodoehl,1,0.37240129709243774,cnn_revised_20260919T110440Z,cnn_s1_09,val,Log-Mel CNN,0.2893800139427185,0.2948765854040782
seg_007455,sample_02584,Empty Pockets - Pete Prodoehl,1,0.1641412377357483,cnn_revised_20260919T110440Z,cnn_s1_09,val,Log-Mel CNN,0.2893800139427185,0.2948765854040782
seg_007456,sample_02584,Empty Pockets - Pete Prodoehl,1,0.17907167971134186,cnn_revised_20260919T110440Z,cnn_s1_09,val,Log-Mel CNN,0.2893800139427185,0.2948765854040782
seg_007457,sample_02584,Empty Pockets - Pete Prodoehl,1,0.24815009534358978,cnn_revised_20260919T110440Z,cnn_s1_09,val,Log-Mel CNN,0.2893800139427185,0.2948765854040782
seg_007470,sample_02589,Gila Monster Flop/Music History Lesson:The Sonics - The Crypts!,1,0.2740190327167511,cnn_revised_20260919T110440Z,cnn_s1_09,val,Log-Mel CNN,0.2893800139427185,0.2948765854040782
seg_007471,sample_02589,Gila Monster Flop/Music History Lesson:The Sonics - The Crypts!,1,0.28135865926742554,cnn_revised_20260919T110440Z,cnn_s1_09,val,Log-Mel CNN,0.2893800139427185,0.2948765854040782
seg_007472,sample_02589,Gila Monster Flop/Music History Lesson:The Sonics - The Crypts!,1,0.4327233135700226,cnn_revised_20260919T110440Z,cnn_s1_09,val,Log-Mel CNN,0.2893800139427185,0.2948765854040782
seg_007473,sample_02590,Gila Monster Flop/Music History Lesson:The Sonics - The Crypts!,1,0.24199321866035461,cnn_revised_20260919T110440Z,cnn_s1_09,val,Log-Mel CNN,0.2893800139427185,0.2948765854040782
seg_007474,sample_02590,Gila Monster Flop/Music History Lesson:The Sonics - The Crypts!,1,0.1437959372997284,cnn_revised_20260919T110440Z,cnn_s1_09,val,Log-Mel CNN,0.2893800139427185,0.2948765854040782
seg_007475,sample_02590,Gila Monster Flop/Music History Lesson:The Sonics - The Crypts!,1,0.1256437748670578,cnn_revised_20260919T110440Z,cnn_s1_09,val,Log-Mel CNN,0.2893800139427185,0.2948765854040782
seg_007488,sample_02595,I Fell - Mod Fun,1,0.48892343044281006,cnn_revised_20260919T110440Z,cnn_s1_09,val,Log-Mel CNN,0.2893800139427185,0.2948765854040782
seg_007489,sample_02595,I Fell - Mod Fun,1,0.4746146500110626,cnn_revised_20260919T110440Z,cnn_s1_09,val,Log-Mel CNN,0.2893800139427185,0.2948765854040782
seg_007490,sample_02595,I Fell - Mod Fun,1,0.5566891431808472,cnn_revised_20260919T110440Z,cnn_s1_09,val,Log-Mel CNN,0.2893800139427185,0.2948765854040782
seg_007491,sample_02596,I Fell - Mod Fun,1,0.16372212767601013,cnn_revised_20260919T110440Z,cnn_s1_09,val,Log-Mel CNN,0.2893800139427185,0.2948765854040782
seg_007492,sample_02596,I Fell - Mod Fun,1,0.21049651503562927,cnn_revised_20260919T110440Z,cnn_s1_09,val,Log-Mel CNN,0.2893800139427185,0.2948765854040782
seg_007493,sample_02596,I Fell - Mod Fun,1,0.4803368151187897,cnn_revised_20260919T110440Z,cnn_s1_09,val,Log-Mel CNN,0.2893800139427185,0.2948765854040782
seg_007536,sample_02611,March of the GPA Mechanics - [t]ghost,1,0.14242632687091827,cnn_revised_20260919T110440Z,cnn_s1_09,val,Log-Mel CNN,0.2893800139427185,0.2948765854040782
seg_007537,sample_02611,March of the GPA Mechanics - [t]ghost,1,0.05393744260072708,cnn_revised_20260919T110440Z,cnn_s1_09,val,Log-Mel CNN,0.2893800139427185,0.2948765854040782
seg_007538,sample_02611,March of the GPA Mechanics - [t]ghost,1,0.7244636416435242,cnn_revised_20260919T110440Z,cnn_s1_09,val,Log-Mel CNN,0.2893800139427185,0.2948765854040782
seg_007539,sample_02612,March of the GPA Mechanics - [t]ghost,1,0.21022959053516388,cnn_revised_20260919T110440Z,cnn_s1_09,val,Log-Mel CNN,0.2893800139427185,0.2948765854040782
seg_007540,sample_02612,March of the GPA Mechanics - [t]ghost,1,0.3836939036846161,cnn_revised_20260919T110440Z,cnn_s1_09,val,Log-Mel CNN,0.2893800139427185,0.2948765854040782
seg_007541,sample_02612,March of the GPA Mechanics - [t]ghost,1,0.42181921005249023,cnn_revised_20260919T110440Z,cnn_s1_09,val,Log-Mel CNN,0.2893800139427185,0.2948765854040782
seg_007596,sample_02631,Scramby Eggs - Andy G. Cohen,1,0.2932460308074951,cnn_revised_20260919T110440Z,cnn_s1_09,val,Log-Mel CNN,0.2893800139427185,0.2948765854040782
seg_007597,sample_02631,Scramby Eggs - Andy G. Cohen,1,0.3073371350765228,cnn_revised_20260919T110440Z,cnn_s1_09,val,Log-Mel CNN,0.2893800139427185,0.2948765854040782
seg_007598,sample_02631,Scramby Eggs - Andy G. Cohen,1,0.24793793261051178,cnn_revised_20260919T110440Z,cnn_s1_09,val,Log-Mel CNN,0.2893800139427185,0.2948765854040782
seg_007599,sample_02632,Scramby Eggs - Andy G. Cohen,1,0.2790682315826416,cnn_revised_20260919T110440Z,cnn_s1_09,val,Log-Mel CNN,0.2893800139427185,0.2948765854040782
seg_007600,sample_02632,Scramby Eggs - Andy G. Cohen,1,0.3462800681591034,cnn_revised_20260919T110440Z,cnn_s1_09,val,Log-Mel CNN,0.2893800139427185,0.2948765854040782
seg_007601,sample_02632,Scramby Eggs - Andy G. Cohen,1,0.42494693398475647,cnn_revised_20260919T110440Z,cnn_s1_09,val,Log-Mel CNN,0.2893800139427185,0.2948765854040782
seg_007650,sample_02649,The girl just faded - Los Llamarada,1,0.5043408870697021,cnn_revised_20260919T110440Z,cnn_s1_09,val,Log-Mel CNN,0.2893800139427185,0.2948765854040782
seg_007651,sample_02649,The girl just faded - Los Llamarada,1,0.4278516471385956,cnn_revised_20260919T110440Z,cnn_s1_09,val,Log-Mel CNN,0.2893800139427185,0.2948765854040782
seg_007652,sample_02649,The girl just faded - Los Llamarada,1,0.37924477458000183,cnn_revised_20260919T110440Z,cnn_s1_09,val,Log-Mel CNN,0.2893800139427185,0.2948765854040782
seg_007653,sample_02650,The girl just faded - Los Llamarada,1,0.10249851644039154,cnn_revised_20260919T110440Z,cnn_s1_09,val,Log-Mel CNN,0.2893800139427185,0.2948765854040782
seg_007654,sample_02650,The girl just faded - Los Llamarada,1,0.05910303443670273,cnn_revised_20260919T110440Z,cnn_s1_09,val,Log-Mel CNN,0.2893800139427185,0.2948765854040782
seg_007655,sample_02650,The girl just faded - Los Llamarada,1,0.31562739610671997,cnn_revised_20260919T110440Z,cnn_s1_09,val,Log-Mel CNN,0.2893800139427185,0.2948765854040782
seg_007668,sample_02655,Voxel - Andy G. Cohen,1,0.2523246705532074,cnn_revised_20260919T110440Z,cnn_s1_09,val,Log-Mel CNN,0.2893800139427185,0.2948765854040782
seg_007669,sample_02655,Voxel - Andy G. Cohen,1,0.3111761510372162,cnn_revised_20260919T110440Z,cnn_s1_09,val,Log-Mel CNN,0.2893800139427185,0.2948765854040782
seg_007670,sample_02655,Voxel - Andy G. Cohen,1,0.26178380846977234,cnn_revised_20260919T110440Z,cnn_s1_09,val,Log-Mel CNN,0.2893800139427185,0.2948765854040782
seg_007671,sample_02656,Voxel - Andy G. Cohen,1,0.4987303614616394,cnn_revised_20260919T110440Z,cnn_s1_09,val,Log-Mel CNN,0.2893800139427185,0.2948765854040782
seg_007672,sample_02656,Voxel - Andy G. Cohen,1,0.4867362380027771,cnn_revised_20260919T110440Z,cnn_s1_09,val,Log-Mel CNN,0.2893800139427185,0.2948765854040782
seg_007673,sample_02656,Voxel - Andy G. Cohen,1,0.14800988137722015,cnn_revised_20260919T110440Z,cnn_s1_09,val,Log-Mel CNN,0.2893800139427185,0.2948765854040782
seg_007692,sample_02663,Windows of the Skull - Sarin,1,0.2542025148868561,cnn_revised_20260919T110440Z,cnn_s1_09,val,Log-Mel CNN,0.2893800139427185,0.2948765854040782
seg_007693,sample_02663,Windows of the Skull - Sarin,1,0.10315100848674774,cnn_revised_20260919T110440Z,cnn_s1_09,val,Log-Mel CNN,0.2893800139427185,0.2948765854040782
seg_007694,sample_02663,Windows of the Skull - Sarin,1,0.524989128112793,cnn_revised_20260919T110440Z,cnn_s1_09,val,Log-Mel CNN,0.2893800139427185,0.2948765854040782
seg_007695,sample_02664,Windows of the Skull - Sarin,1,0.11088911443948746,cnn_revised_20260919T110440Z,cnn_s1_09,val,Log-Mel CNN,0.2893800139427185,0.2948765854040782
seg_007696,sample_02664,Windows of the Skull - Sarin,1,0.17247994244098663,cnn_revised_20260919T110440Z,cnn_s1_09,val,Log-Mel CNN,0.2893800139427185,0.2948765854040782
seg_007697,sample_02664,Windows of the Skull - Sarin,1,0.34555917978286743,cnn_revised_20260919T110440Z,cnn_s1_09,val,Log-Mel CNN,0.2893800139427185,0.2948765854040782
seg_007710,sample_02669,Новый Нью-Йорк 2 - Чокнутый Пропеллер,1,0.4198858141899109,cnn_revised_20260919T110440Z,cnn_s1_09,val,Log-Mel CNN,0.2893800139427185,0.2948765854040782
seg_007711,sample_02669,Новый Нью-Йорк 2 - Чокнутый Пропеллер,1,0.30247434973716736,cnn_revised_20260919T110440Z,cnn_s1_09,val,Log-Mel CNN,0.2893800139427185,0.2948765854040782
seg_007712,sample_02669,Новый Нью-Йорк 2 - Чокнутый Пропеллер,1,0.05565693974494934,cnn_revised_20260919T110440Z,cnn_s1_09,val,Log-Mel CNN,0.2893800139427185,0.2948765854040782
seg_007713,sample_02670,Новый Нью-Йорк 2 - Чокнутый Пропеллер,1,0.23317255079746246,cnn_revised_20260919T110440Z,cnn_s1_09,val,Log-Mel CNN,0.2893800139427185,0.2948765854040782
seg_007714,sample_02670,Новый Нью-Йорк 2 - Чокнутый Пропеллер,1,0.31734153628349304,cnn_revised_20260919T110440Z,cnn_s1_09,val,Log-Mel CNN,0.2893800139427185,0.2948765854040782
seg_007715,sample_02670,Новый Нью-Йорк 2 - Чокнутый Пропеллер,1,0.20005583763122559,cnn_revised_20260919T110440Z,cnn_s1_09,val,Log-Mel CNN,0.2893800139427185,0.2948765854040782
seg_007737,sample_02678,CopperNickle - UncleBibby,1,0.27808353304862976,cnn_revised_20260919T110440Z,cnn_s1_09,val,Log-Mel CNN,0.2893800139427185,0.2948765854040782
seg_007738,sample_02678,CopperNickle - UncleBibby,1,0.21804583072662354,cnn_revised_20260919T110440Z,cnn_s1_09,val,Log-Mel CNN,0.2893800139427185,0.2948765854040782
seg_007739,sample_02678,CopperNickle - UncleBibby,1,0.5168049931526184,cnn_revised_20260919T110440Z,cnn_s1_09,val,Log-Mel CNN,0.2893800139427185,0.2948765854040782
seg_007743,sample_02680,Daylight Savings - My brother Daniel,1,0.4538310766220093,cnn_revised_20260919T110440Z,cnn_s1_09,val,Log-Mel CNN,0.2893800139427185,0.2948765854040782
seg_007744,sample_02680,Daylight Savings - My brother Daniel,1,0.6068685054779053,cnn_revised_20260919T110440Z,cnn_s1_09,val,Log-Mel CNN,0.2893800139427185,0.2948765854040782
seg_007745,sample_02680,Daylight Savings - My brother Daniel,1,0.5662693977355957,cnn_revised_20260919T110440Z,cnn_s1_09,val,Log-Mel CNN,0.2893800139427185,0.2948765854040782
seg_007770,sample_02689,mystery team 2090 - Jesse Futerman,1,0.543920636177063,cnn_revised_20260919T110440Z,cnn_s1_09,val,Log-Mel CNN,0.2893800139427185,0.2948765854040782
seg_007771,sample_02689,mystery team 2090 - Jesse Futerman,1,0.4298342764377594,cnn_revised_20260919T110440Z,cnn_s1_09,val,Log-Mel CNN,0.2893800139427185,0.2948765854040782
seg_007772,sample_02689,mystery team 2090 - Jesse Futerman,1,0.5872381329536438,cnn_revised_20260919T110440Z,cnn_s1_09,val,Log-Mel CNN,0.2893800139427185,0.2948765854040782
seg_007773,sample_02690,Night Drive - Decktonic,1,0.302787184715271,cnn_revised_20260919T110440Z,cnn_s1_09,val,Log-Mel CNN,0.2893800139427185,0.2948765854040782
seg_007774,sample_02690,Night Drive - Decktonic,1,0.6041503548622131,cnn_revised_20260919T110440Z,cnn_s1_09,val,Log-Mel CNN,0.2893800139427185,0.2948765854040782
seg_007775,sample_02690,Night Drive - Decktonic,1,0.46937063336372375,cnn_revised_20260919T110440Z,cnn_s1_09,val,Log-Mel CNN,0.2893800139427185,0.2948765854040782
seg_007854,sample_02717,Agora - Malaventura,1,0.3875073194503784,cnn_revised_20260919T110440Z,cnn_s1_09,val,Log-Mel CNN,0.2893800139427185,0.2948765854040782
seg_007855,sample_02717,Agora - Malaventura,1,0.21844440698623657,cnn_revised_20260919T110440Z,cnn_s1_09,val,Log-Mel CNN,0.2893800139427185,0.2948765854040782
seg_007856,sample_02717,Agora - Malaventura,1,0.5954223871231079,cnn_revised_20260919T110440Z,cnn_s1_09,val,Log-Mel CNN,0.2893800139427185,0.2948765854040782
seg_007878,sample_02725,Evil Cannot Create - Caleb Lemond,1,0.368710994720459,cnn_revised_20260919T110440Z,cnn_s1_09,val,Log-Mel CNN,0.2893800139427185,0.2948765854040782
seg_007879,sample_02725,Evil Cannot Create - Caleb Lemond,1,0.046860650181770325,cnn_revised_20260919T110440Z,cnn_s1_09,val,Log-Mel CNN,0.2893800139427185,0.2948765854040782
seg_007880,sample_02725,Evil Cannot Create - Caleb Lemond,1,0.40823647379875183,cnn_revised_20260919T110440Z,cnn_s1_09,val,Log-Mel CNN,0.2893800139427185,0.2948765854040782
seg_007932,sample_02743,My Body Is A Weapon (Compromise Edit) - Silence is full of birds,1,0.4123322665691376,cnn_revised_20260919T110440Z,cnn_s1_09,val,Log-Mel CNN,0.2893800139427185,0.2948765854040782
seg_007933,sample_02743,My Body Is A Weapon (Compromise Edit) - Silence is full of birds,1,0.35539937019348145,cnn_revised_20260919T110440Z,cnn_s1_09,val,Log-Mel CNN,0.2893800139427185,0.2948765854040782
seg_007934,sample_02743,My Body Is A Weapon (Compromise Edit) - Silence is full of birds,1,0.4950605034828186,cnn_revised_20260919T110440Z,cnn_s1_09,val,Log-Mel CNN,0.2893800139427185,0.2948765854040782
seg_007938,sample_02745,New Life (take 1) - Bird Names,1,0.6077578663825989,cnn_revised_20260919T110440Z,cnn_s1_09,val,Log-Mel CNN,0.2893800139427185,0.2948765854040782
seg_007939,sample_02745,New Life (take 1) - Bird Names,1,0.5018143057823181,cnn_revised_20260919T110440Z,cnn_s1_09,val,Log-Mel CNN,0.2893800139427185,0.2948765854040782
seg_007940,sample_02745,New Life (take 1) - Bird Names,1,0.6518958210945129,cnn_revised_20260919T110440Z,cnn_s1_09,val,Log-Mel CNN,0.2893800139427185,0.2948765854040782
seg_007941,sample_02746,Norweigian Wood II - Bird Names,1,0.678502082824707,cnn_revised_20260919T110440Z,cnn_s1_09,val,Log-Mel CNN,0.2893800139427185,0.2948765854040782
seg_007942,sample_02746,Norweigian Wood II - Bird Names,1,0.4891197979450226,cnn_revised_20260919T110440Z,cnn_s1_09,val,Log-Mel CNN,0.2893800139427185,0.2948765854040782
seg_007943,sample_02746,Norweigian Wood II - Bird Names,1,0.6845191121101379,cnn_revised_20260919T110440Z,cnn_s1_09,val,Log-Mel CNN,0.2893800139427185,0.2948765854040782
seg_007965,sample_02754,Roller Star - Monroeville Music Center,1,0.38277214765548706,cnn_revised_20260919T110440Z,cnn_s1_09,val,Log-Mel CNN,0.2893800139427185,0.2948765854040782
seg_007966,sample_02754,Roller Star - Monroeville Music Center,1,0.574391782283783,cnn_revised_20260919T110440Z,cnn_s1_09,val,Log-Mel CNN,0.2893800139427185,0.2948765854040782
seg_007967,sample_02754,Roller Star - Monroeville Music Center,1,0.6843447089195251,cnn_revised_20260919T110440Z,cnn_s1_09,val,Log-Mel CNN,0.2893800139427185,0.2948765854040782
seg_007977,sample_02758,Soleares&beats - Malaventura,1,0.3697584569454193,cnn_revised_20260919T110440Z,cnn_s1_09,val,Log-Mel CNN,0.2893800139427185,0.2948765854040782
seg_007978,sample_02758,Soleares&beats - Malaventura,1,0.38824477791786194,cnn_revised_20260919T110440Z,cnn_s1_09,val,Log-Mel CNN,0.2893800139427185,0.2948765854040782
seg_007979,sample_02758,Soleares&beats - Malaventura,1,0.5498270988464355,cnn_revised_20260919T110440Z,cnn_s1_09,val,Log-Mel CNN,0.2893800139427185,0.2948765854040782
seg_007989,sample_02762,Stockholm Syndrome / People Should Be More Aware - Bird Names,1,0.5471482872962952,cnn_revised_20260919T110440Z,cnn_s1_09,val,Log-Mel CNN,0.2893800139427185,0.2948765854040782
seg_007990,sample_02762,Stockholm Syndrome / People Should Be More Aware - Bird Names,1,0.4656182527542114,cnn_revised_20260919T110440Z,cnn_s1_09,val,Log-Mel CNN,0.2893800139427185,0.2948765854040782
seg_007991,sample_02762,Stockholm Syndrome / People Should Be More Aware - Bird Names,1,0.3236069083213806,cnn_revised_20260919T110440Z,cnn_s1_09,val,Log-Mel CNN,0.2893800139427185,0.2948765854040782
seg_008019,sample_02772,Time Is Love - Silence is full of birds,1,0.32723551988601685,cnn_revised_20260919T110440Z,cnn_s1_09,val,Log-Mel CNN,0.2893800139427185,0.2948765854040782
seg_008020,sample_02772,Time Is Love - Silence is full of birds,1,0.2539885640144348,cnn_revised_20260919T110440Z,cnn_s1_09,val,Log-Mel CNN,0.2893800139427185,0.2948765854040782
seg_008021,sample_02772,Time Is Love - Silence is full of birds,1,0.5608133673667908,cnn_revised_20260919T110440Z,cnn_s1_09,val,Log-Mel CNN,0.2893800139427185,0.2948765854040782
seg_008043,sample_02780,2 (Wasn't There) - Isle of Pine,1,0.33283108472824097,cnn_revised_20260919T110440Z,cnn_s1_09,val,Log-Mel CNN,0.2893800139427185,0.2948765854040782
seg_008044,sample_02780,2 (Wasn't There) - Isle of Pine,1,0.5415372848510742,cnn_revised_20260919T110440Z,cnn_s1_09,val,Log-Mel CNN,0.2893800139427185,0.2948765854040782
seg_008045,sample_02780,2 (Wasn't There) - Isle of Pine,1,0.3564874827861786,cnn_revised_20260919T110440Z,cnn_s1_09,val,Log-Mel CNN,0.2893800139427185,0.2948765854040782
seg_008073,sample_02790,Beyond Luxury - Mors Ontologica,1,0.36554479598999023,cnn_revised_20260919T110440Z,cnn_s1_09,val,Log-Mel CNN,0.2893800139427185,0.2948765854040782
seg_008074,sample_02790,Beyond Luxury - Mors Ontologica,1,0.27589094638824463,cnn_revised_20260919T110440Z,cnn_s1_09,val,Log-Mel CNN,0.2893800139427185,0.2948765854040782
seg_008075,sample_02790,Beyond Luxury - Mors Ontologica,1,0.714979887008667,cnn_revised_20260919T110440Z,cnn_s1_09,val,Log-Mel CNN,0.2893800139427185,0.2948765854040782
seg_008106,sample_02801,Empty Pockets - Pete Prodoehl,1,0.665822446346283,cnn_revised_20260919T110440Z,cnn_s1_09,val,Log-Mel CNN,0.2893800139427185,0.2948765854040782
seg_008107,sample_02801,Empty Pockets - Pete Prodoehl,1,0.5137640833854675,cnn_revised_20260919T110440Z,cnn_s1_09,val,Log-Mel CNN,0.2893800139427185,0.2948765854040782
seg_008108,sample_02801,Empty Pockets - Pete Prodoehl,1,0.6564171314239502,cnn_revised_20260919T110440Z,cnn_s1_09,val,Log-Mel CNN,0.2893800139427185,0.2948765854040782
seg_008121,sample_02806,Gila Monster Flop/Music History Lesson:The Sonics - The Crypts!,1,0.4250240921974182,cnn_revised_20260919T110440Z,cnn_s1_09,val,Log-Mel CNN,0.2893800139427185,0.2948765854040782
seg_008122,sample_02806,Gila Monster Flop/Music History Lesson:The Sonics - The Crypts!,1,0.06862460821866989,cnn_revised_20260919T110440Z,cnn_s1_09,val,Log-Mel CNN,0.2893800139427185,0.2948765854040782
seg_008123,sample_02806,Gila Monster Flop/Music History Lesson:The Sonics - The Crypts!,1,0.4559168815612793,cnn_revised_20260919T110440Z,cnn_s1_09,val,Log-Mel CNN,0.2893800139427185,0.2948765854040782
seg_008166,sample_02821,Lights Up - Pipe Choir,1,0.6280873417854309,cnn_revised_20260919T110440Z,cnn_s1_09,val,Log-Mel CNN,0.2893800139427185,0.2948765854040782
seg_008167,sample_02821,Lights Up - Pipe Choir,1,0.19702501595020294,cnn_revised_20260919T110440Z,cnn_s1_09,val,Log-Mel CNN,0.2893800139427185,0.2948765854040782
seg_008168,sample_02821,Lights Up - Pipe Choir,1,0.1348324716091156,cnn_revised_20260919T110440Z,cnn_s1_09,val,Log-Mel CNN,0.2893800139427185,0.2948765854040782
seg_008178,sample_02825,March of the GPA Mechanics - [t]ghost,1,0.3148394823074341,cnn_revised_20260919T110440Z,cnn_s1_09,val,Log-Mel CNN,0.2893800139427185,0.2948765854040782
seg_008179,sample_02825,March of the GPA Mechanics - [t]ghost,1,0.2060098797082901,cnn_revised_20260919T110440Z,cnn_s1_09,val,Log-Mel CNN,0.2893800139427185,0.2948765854040782
seg_008180,sample_02825,March of the GPA Mechanics - [t]ghost,1,0.5589978694915771,cnn_revised_20260919T110440Z,cnn_s1_09,val,Log-Mel CNN,0.2893800139427185,0.2948765854040782
seg_008205,sample_02834,Redlight - Room For A Ghost,1,0.147475928068161,cnn_revised_20260919T110440Z,cnn_s1_09,val,Log-Mel CNN,0.2893800139427185,0.2948765854040782
seg_008206,sample_02834,Redlight - Room For A Ghost,1,0.3498428165912628,cnn_revised_20260919T110440Z,cnn_s1_09,val,Log-Mel CNN,0.2893800139427185,0.2948765854040782
seg_008207,sample_02834,Redlight - Room For A Ghost,1,0.3707782030105591,cnn_revised_20260919T110440Z,cnn_s1_09,val,Log-Mel CNN,0.2893800139427185,0.2948765854040782
seg_008217,sample_02838,Scramby Eggs - Andy G. Cohen,1,0.2943965196609497,cnn_revised_20260919T110440Z,cnn_s1_09,val,Log-Mel CNN,0.2893800139427185,0.2948765854040782
seg_008218,sample_02838,Scramby Eggs - Andy G. Cohen,1,0.3929092586040497,cnn_revised_20260919T110440Z,cnn_s1_09,val,Log-Mel CNN,0.2893800139427185,0.2948765854040782
seg_008219,sample_02838,Scramby Eggs - Andy G. Cohen,1,0.4444950819015503,cnn_revised_20260919T110440Z,cnn_s1_09,val,Log-Mel CNN,0.2893800139427185,0.2948765854040782
seg_008226,sample_02841,Shipwrecked Crew - Pete Prodoehl,1,0.09664227813482285,cnn_revised_20260919T110440Z,cnn_s1_09,val,Log-Mel CNN,0.2893800139427185,0.2948765854040782
seg_008227,sample_02841,Shipwrecked Crew - Pete Prodoehl,1,0.20320795476436615,cnn_revised_20260919T110440Z,cnn_s1_09,val,Log-Mel CNN,0.2893800139427185,0.2948765854040782
seg_008228,sample_02841,Shipwrecked Crew - Pete Prodoehl,1,0.2695232927799225,cnn_revised_20260919T110440Z,cnn_s1_09,val,Log-Mel CNN,0.2893800139427185,0.2948765854040782
seg_008244,sample_02847,В Наших Сердцах - Чокнутый Пропеллер,1,0.35619908571243286,cnn_revised_20260919T110440Z,cnn_s1_09,val,Log-Mel CNN,0.2893800139427185,0.2948765854040782
seg_008245,sample_02847,В Наших Сердцах - Чокнутый Пропеллер,1,0.2829878628253937,cnn_revised_20260919T110440Z,cnn_s1_09,val,Log-Mel CNN,0.2893800139427185,0.2948765854040782
seg_008246,sample_02847,В Наших Сердцах - Чокнутый Пропеллер,1,0.4815000891685486,cnn_revised_20260919T110440Z,cnn_s1_09,val,Log-Mel CNN,0.2893800139427185,0.2948765854040782
seg_008253,sample_02850,The girl just faded - Los Llamarada,1,0.598588228225708,cnn_revised_20260919T110440Z,cnn_s1_09,val,Log-Mel CNN,0.2893800139427185,0.2948765854040782
seg_008254,sample_02850,The girl just faded - Los Llamarada,1,0.21500791609287262,cnn_revised_20260919T110440Z,cnn_s1_09,val,Log-Mel CNN,0.2893800139427185,0.2948765854040782
seg_008255,sample_02850,The girl just faded - Los Llamarada,1,0.48837485909461975,cnn_revised_20260919T110440Z,cnn_s1_09,val,Log-Mel CNN,0.2893800139427185,0.2948765854040782
seg_008265,sample_02854,Voxel - Andy G. Cohen,1,0.2487681657075882,cnn_revised_20260919T110440Z,cnn_s1_09,val,Log-Mel CNN,0.2893800139427185,0.2948765854040782
seg_008266,sample_02854,Voxel - Andy G. Cohen,1,0.27099674940109253,cnn_revised_20260919T110440Z,cnn_s1_09,val,Log-Mel CNN,0.2893800139427185,0.2948765854040782
seg_008267,sample_02854,Voxel - Andy G. Cohen,1,0.4812908172607422,cnn_revised_20260919T110440Z,cnn_s1_09,val,Log-Mel CNN,0.2893800139427185,0.2948765854040782
seg_008289,sample_02862,В Наших Сердцах - Чокнутый Пропеллер,1,0.12478632479906082,cnn_revised_20260919T110440Z,cnn_s1_09,val,Log-Mel CNN,0.2893800139427185,0.2948765854040782
seg_008290,sample_02862,В Наших Сердцах - Чокнутый Пропеллер,1,0.3056240975856781,cnn_revised_20260919T110440Z,cnn_s1_09,val,Log-Mel CNN,0.2893800139427185,0.2948765854040782
seg_008291,sample_02862,В Наших Сердцах - Чокнутый Пропеллер,1,0.41361480951309204,cnn_revised_20260919T110440Z,cnn_s1_09,val,Log-Mel CNN,0.2893800139427185,0.2948765854040782
seg_008295,sample_02864,В Наших Сердцах - Чокнутый Пропеллер,1,0.3078901767730713,cnn_revised_20260919T110440Z,cnn_s1_09,val,Log-Mel CNN,0.2893800139427185,0.2948765854040782
seg_008296,sample_02864,В Наших Сердцах - Чокнутый Пропеллер,1,0.14806433022022247,cnn_revised_20260919T110440Z,cnn_s1_09,val,Log-Mel CNN,0.2893800139427185,0.2948765854040782
seg_008297,sample_02864,В Наших Сердцах - Чокнутый Пропеллер,1,0.28825464844703674,cnn_revised_20260919T110440Z,cnn_s1_09,val,Log-Mel CNN,0.2893800139427185,0.2948765854040782
seg_008304,sample_02867,2 (Wasn't There) - Isle of Pine,1,0.13164138793945312,cnn_revised_20260919T110440Z,cnn_s1_09,val,Log-Mel CNN,0.2893800139427185,0.2948765854040782
seg_008305,sample_02867,2 (Wasn't There) - Isle of Pine,1,0.05444568023085594,cnn_revised_20260919T110440Z,cnn_s1_09,val,Log-Mel CNN,0.2893800139427185,0.2948765854040782
seg_008306,sample_02867,2 (Wasn't There) - Isle of Pine,1,0.3981713056564331,cnn_revised_20260919T110440Z,cnn_s1_09,val,Log-Mel CNN,0.2893800139427185,0.2948765854040782
seg_008307,sample_02868,2 (Wasn't There) - Isle of Pine,1,0.3388897180557251,cnn_revised_20260919T110440Z,cnn_s1_09,val,Log-Mel CNN,0.2893800139427185,0.2948765854040782
seg_008308,sample_02868,2 (Wasn't There) - Isle of Pine,1,0.09178793430328369,cnn_revised_20260919T110440Z,cnn_s1_09,val,Log-Mel CNN,0.2893800139427185,0.2948765854040782
seg_008309,sample_02868,2 (Wasn't There) - Isle of Pine,1,0.49034249782562256,cnn_revised_20260919T110440Z,cnn_s1_09,val,Log-Mel CNN,0.2893800139427185,0.2948765854040782
seg_008400,sample_02899,CopperNickle - UncleBibby,1,0.5945395231246948,cnn_revised_20260919T110440Z,cnn_s1_09,val,Log-Mel CNN,0.2893800139427185,0.2948765854040782
seg_008401,sample_02899,CopperNickle - UncleBibby,1,0.21167606115341187,cnn_revised_20260919T110440Z,cnn_s1_09,val,Log-Mel CNN,0.2893800139427185,0.2948765854040782
seg_008402,sample_02899,CopperNickle - UncleBibby,1,0.4161321222782135,cnn_revised_20260919T110440Z,cnn_s1_09,val,Log-Mel CNN,0.2893800139427185,0.2948765854040782
seg_008403,sample_02900,CopperNickle - UncleBibby,1,0.15477663278579712,cnn_revised_20260919T110440Z,cnn_s1_09,val,Log-Mel CNN,0.2893800139427185,0.2948765854040782
seg_008404,sample_02900,CopperNickle - UncleBibby,1,0.3902437090873718,cnn_revised_20260919T110440Z,cnn_s1_09,val,Log-Mel CNN,0.2893800139427185,0.2948765854040782
seg_008405,sample_02900,CopperNickle - UncleBibby,1,0.5324698090553284,cnn_revised_20260919T110440Z,cnn_s1_09,val,Log-Mel CNN,0.2893800139427185,0.2948765854040782
seg_008418,sample_02905,Daylight Savings - My brother Daniel,1,0.6476093530654907,cnn_revised_20260919T110440Z,cnn_s1_09,val,Log-Mel CNN,0.2893800139427185,0.2948765854040782
seg_008419,sample_02905,Daylight Savings - My brother Daniel,1,0.25046074390411377,cnn_revised_20260919T110440Z,cnn_s1_09,val,Log-Mel CNN,0.2893800139427185,0.2948765854040782
seg_008420,sample_02905,Daylight Savings - My brother Daniel,1,0.40828844904899597,cnn_revised_20260919T110440Z,cnn_s1_09,val,Log-Mel CNN,0.2893800139427185,0.2948765854040782
seg_008421,sample_02906,Daylight Savings - My brother Daniel,1,0.618449330329895,cnn_revised_20260919T110440Z,cnn_s1_09,val,Log-Mel CNN,0.2893800139427185,0.2948765854040782
seg_008422,sample_02906,Daylight Savings - My brother Daniel,1,0.3266027867794037,cnn_revised_20260919T110440Z,cnn_s1_09,val,Log-Mel CNN,0.2893800139427185,0.2948765854040782
seg_008423,sample_02906,Daylight Savings - My brother Daniel,1,0.5452277660369873,cnn_revised_20260919T110440Z,cnn_s1_09,val,Log-Mel CNN,0.2893800139427185,0.2948765854040782
seg_008448,sample_02915,Empty Pockets - Pete Prodoehl,1,0.635367751121521,cnn_revised_20260919T110440Z,cnn_s1_09,val,Log-Mel CNN,0.2893800139427185,0.2948765854040782
seg_008449,sample_02915,Empty Pockets - Pete Prodoehl,1,0.6400429010391235,cnn_revised_20260919T110440Z,cnn_s1_09,val,Log-Mel CNN,0.2893800139427185,0.2948765854040782
seg_008450,sample_02915,Empty Pockets - Pete Prodoehl,1,0.34573376178741455,cnn_revised_20260919T110440Z,cnn_s1_09,val,Log-Mel CNN,0.2893800139427185,0.2948765854040782
seg_008451,sample_02916,Empty Pockets - Pete Prodoehl,1,0.41048672795295715,cnn_revised_20260919T110440Z,cnn_s1_09,val,Log-Mel CNN,0.2893800139427185,0.2948765854040782
seg_008452,sample_02916,Empty Pockets - Pete Prodoehl,1,0.23269066214561462,cnn_revised_20260919T110440Z,cnn_s1_09,val,Log-Mel CNN,0.2893800139427185,0.2948765854040782
seg_008453,sample_02916,Empty Pockets - Pete Prodoehl,1,0.4108751714229584,cnn_revised_20260919T110440Z,cnn_s1_09,val,Log-Mel CNN,0.2893800139427185,0.2948765854040782
seg_008460,sample_02919,Evil Cannot Create - Caleb Lemond,1,0.5897020101547241,cnn_revised_20260919T110440Z,cnn_s1_09,val,Log-Mel CNN,0.2893800139427185,0.2948765854040782
seg_008461,sample_02919,Evil Cannot Create - Caleb Lemond,1,0.2588701546192169,cnn_revised_20260919T110440Z,cnn_s1_09,val,Log-Mel CNN,0.2893800139427185,0.2948765854040782
seg_008462,sample_02919,Evil Cannot Create - Caleb Lemond,1,0.31050828099250793,cnn_revised_20260919T110440Z,cnn_s1_09,val,Log-Mel CNN,0.2893800139427185,0.2948765854040782
seg_008463,sample_02920,Evil Cannot Create - Caleb Lemond,1,0.4064212143421173,cnn_revised_20260919T110440Z,cnn_s1_09,val,Log-Mel CNN,0.2893800139427185,0.2948765854040782
seg_008464,sample_02920,Evil Cannot Create - Caleb Lemond,1,0.30243030190467834,cnn_revised_20260919T110440Z,cnn_s1_09,val,Log-Mel CNN,0.2893800139427185,0.2948765854040782
seg_008465,sample_02920,Evil Cannot Create - Caleb Lemond,1,0.2920975685119629,cnn_revised_20260919T110440Z,cnn_s1_09,val,Log-Mel CNN,0.2893800139427185,0.2948765854040782
seg_008502,sample_02933,Gila Monster Flop/Music History Lesson:The Sonics - The Crypts!,1,0.27191850543022156,cnn_revised_20260919T110440Z,cnn_s1_09,val,Log-Mel CNN,0.2893800139427185,0.2948765854040782
seg_008503,sample_02933,Gila Monster Flop/Music History Lesson:The Sonics - The Crypts!,1,0.3158503770828247,cnn_revised_20260919T110440Z,cnn_s1_09,val,Log-Mel CNN,0.2893800139427185,0.2948765854040782
seg_008504,sample_02933,Gila Monster Flop/Music History Lesson:The Sonics - The Crypts!,1,0.3237408697605133,cnn_revised_20260919T110440Z,cnn_s1_09,val,Log-Mel CNN,0.2893800139427185,0.2948765854040782
seg_008505,sample_02934,Gila Monster Flop/Music History Lesson:The Sonics - The Crypts!,1,0.08692117780447006,cnn_revised_20260919T110440Z,cnn_s1_09,val,Log-Mel CNN,0.2893800139427185,0.2948765854040782
seg_008506,sample_02934,Gila Monster Flop/Music History Lesson:The Sonics - The Crypts!,1,0.0946429967880249,cnn_revised_20260919T110440Z,cnn_s1_09,val,Log-Mel CNN,0.2893800139427185,0.2948765854040782
seg_008507,sample_02934,Gila Monster Flop/Music History Lesson:The Sonics - The Crypts!,1,0.21329423785209656,cnn_revised_20260919T110440Z,cnn_s1_09,val,Log-Mel CNN,0.2893800139427185,0.2948765854040782
seg_008538,sample_02945,I Fell - Mod Fun,1,0.14702381193637848,cnn_revised_20260919T110440Z,cnn_s1_09,val,Log-Mel CNN,0.2893800139427185,0.2948765854040782
seg_008539,sample_02945,I Fell - Mod Fun,1,0.20718248188495636,cnn_revised_20260919T110440Z,cnn_s1_09,val,Log-Mel CNN,0.2893800139427185,0.2948765854040782
seg_008540,sample_02945,I Fell - Mod Fun,1,0.32328054308891296,cnn_revised_20260919T110440Z,cnn_s1_09,val,Log-Mel CNN,0.2893800139427185,0.2948765854040782
seg_008541,sample_02946,I Fell - Mod Fun,1,0.18410725891590118,cnn_revised_20260919T110440Z,cnn_s1_09,val,Log-Mel CNN,0.2893800139427185,0.2948765854040782
seg_008542,sample_02946,I Fell - Mod Fun,1,0.4348847270011902,cnn_revised_20260919T110440Z,cnn_s1_09,val,Log-Mel CNN,0.2893800139427185,0.2948765854040782
seg_008543,sample_02946,I Fell - Mod Fun,1,0.40500712394714355,cnn_revised_20260919T110440Z,cnn_s1_09,val,Log-Mel CNN,0.2893800139427185,0.2948765854040782
seg_008652,sample_02983,March of the GPA Mechanics - [t]ghost,1,0.1362840086221695,cnn_revised_20260919T110440Z,cnn_s1_09,val,Log-Mel CNN,0.2893800139427185,0.2948765854040782
seg_008653,sample_02983,March of the GPA Mechanics - [t]ghost,1,0.3847780227661133,cnn_revised_20260919T110440Z,cnn_s1_09,val,Log-Mel CNN,0.2893800139427185,0.2948765854040782
seg_008654,sample_02983,March of the GPA Mechanics - [t]ghost,1,0.518152117729187,cnn_revised_20260919T110440Z,cnn_s1_09,val,Log-Mel CNN,0.2893800139427185,0.2948765854040782
seg_008655,sample_02984,March of the GPA Mechanics - [t]ghost,1,0.08363430947065353,cnn_revised_20260919T110440Z,cnn_s1_09,val,Log-Mel CNN,0.2893800139427185,0.2948765854040782
seg_008656,sample_02984,March of the GPA Mechanics - [t]ghost,1,0.24323125183582306,cnn_revised_20260919T110440Z,cnn_s1_09,val,Log-Mel CNN,0.2893800139427185,0.2948765854040782
seg_008657,sample_02984,March of the GPA Mechanics - [t]ghost,1,0.46470606327056885,cnn_revised_20260919T110440Z,cnn_s1_09,val,Log-Mel CNN,0.2893800139427185,0.2948765854040782
seg_008700,sample_02999,New Life (take 1) - Bird Names,1,0.4497593939304352,cnn_revised_20260919T110440Z,cnn_s1_09,val,Log-Mel CNN,0.2893800139427185,0.2948765854040782
seg_008701,sample_02999,New Life (take 1) - Bird Names,1,0.2850928008556366,cnn_revised_20260919T110440Z,cnn_s1_09,val,Log-Mel CNN,0.2893800139427185,0.2948765854040782
seg_008702,sample_02999,New Life (take 1) - Bird Names,1,0.7711227536201477,cnn_revised_20260919T110440Z,cnn_s1_09,val,Log-Mel CNN,0.2893800139427185,0.2948765854040782
seg_008703,sample_03000,New Life (take 1) - Bird Names,1,0.4886862337589264,cnn_revised_20260919T110440Z,cnn_s1_09,val,Log-Mel CNN,0.2893800139427185,0.2948765854040782
seg_008704,sample_03000,New Life (take 1) - Bird Names,1,0.26638323068618774,cnn_revised_20260919T110440Z,cnn_s1_09,val,Log-Mel CNN,0.2893800139427185,0.2948765854040782
seg_008705,sample_03000,New Life (take 1) - Bird Names,1,0.5091155171394348,cnn_revised_20260919T110440Z,cnn_s1_09,val,Log-Mel CNN,0.2893800139427185,0.2948765854040782
seg_008706,sample_03001,Night Drive - Decktonic,1,0.2801579535007477,cnn_revised_20260919T110440Z,cnn_s1_09,val,Log-Mel CNN,0.2893800139427185,0.2948765854040782
seg_008707,sample_03001,Night Drive - Decktonic,1,0.4833194315433502,cnn_revised_20260919T110440Z,cnn_s1_09,val,Log-Mel CNN,0.2893800139427185,0.2948765854040782
seg_008708,sample_03001,Night Drive - Decktonic,1,0.45514562726020813,cnn_revised_20260919T110440Z,cnn_s1_09,val,Log-Mel CNN,0.2893800139427185,0.2948765854040782
seg_008709,sample_03002,Night Drive - Decktonic,1,0.4548134207725525,cnn_revised_20260919T110440Z,cnn_s1_09,val,Log-Mel CNN,0.2893800139427185,0.2948765854040782
seg_008710,sample_03002,Night Drive - Decktonic,1,0.2049357146024704,cnn_revised_20260919T110440Z,cnn_s1_09,val,Log-Mel CNN,0.2893800139427185,0.2948765854040782
seg_008711,sample_03002,Night Drive - Decktonic,1,0.7040981650352478,cnn_revised_20260919T110440Z,cnn_s1_09,val,Log-Mel CNN,0.2893800139427185,0.2948765854040782
seg_008724,sample_03007,Norweigian Wood II - Bird Names,1,0.3865494132041931,cnn_revised_20260919T110440Z,cnn_s1_09,val,Log-Mel CNN,0.2893800139427185,0.2948765854040782
seg_008725,sample_03007,Norweigian Wood II - Bird Names,1,0.22696152329444885,cnn_revised_20260919T110440Z,cnn_s1_09,val,Log-Mel CNN,0.2893800139427185,0.2948765854040782
seg_008726,sample_03007,Norweigian Wood II - Bird Names,1,0.8198888301849365,cnn_revised_20260919T110440Z,cnn_s1_09,val,Log-Mel CNN,0.2893800139427185,0.2948765854040782
seg_008727,sample_03008,Norweigian Wood II - Bird Names,1,0.6834075450897217,cnn_revised_20260919T110440Z,cnn_s1_09,val,Log-Mel CNN,0.2893800139427185,0.2948765854040782
seg_008728,sample_03008,Norweigian Wood II - Bird Names,1,0.29786404967308044,cnn_revised_20260919T110440Z,cnn_s1_09,val,Log-Mel CNN,0.2893800139427185,0.2948765854040782
seg_008729,sample_03008,Norweigian Wood II - Bird Names,1,0.563852846622467,cnn_revised_20260919T110440Z,cnn_s1_09,val,Log-Mel CNN,0.2893800139427185,0.2948765854040782
seg_008736,sample_03011,Nuo Maisemat - Paavoharju,1,0.38085421919822693,cnn_revised_20260919T110440Z,cnn_s1_09,val,Log-Mel CNN,0.2893800139427185,0.2948765854040782
seg_008737,sample_03011,Nuo Maisemat - Paavoharju,1,0.28675901889801025,cnn_revised_20260919T110440Z,cnn_s1_09,val,Log-Mel CNN,0.2893800139427185,0.2948765854040782
seg_008738,sample_03011,Nuo Maisemat - Paavoharju,1,0.5106372833251953,cnn_revised_20260919T110440Z,cnn_s1_09,val,Log-Mel CNN,0.2893800139427185,0.2948765854040782
seg_008739,sample_03012,Nuo Maisemat - Paavoharju,1,0.6268064975738525,cnn_revised_20260919T110440Z,cnn_s1_09,val,Log-Mel CNN,0.2893800139427185,0.2948765854040782
seg_008740,sample_03012,Nuo Maisemat - Paavoharju,1,0.40223610401153564,cnn_revised_20260919T110440Z,cnn_s1_09,val,Log-Mel CNN,0.2893800139427185,0.2948765854040782
seg_008741,sample_03012,Nuo Maisemat - Paavoharju,1,0.1281934231519699,cnn_revised_20260919T110440Z,cnn_s1_09,val,Log-Mel CNN,0.2893800139427185,0.2948765854040782
seg_008844,sample_03047,Roller Star - Monroeville Music Center,1,0.3081149756908417,cnn_revised_20260919T110440Z,cnn_s1_09,val,Log-Mel CNN,0.2893800139427185,0.2948765854040782
seg_008845,sample_03047,Roller Star - Monroeville Music Center,1,0.247089222073555,cnn_revised_20260919T110440Z,cnn_s1_09,val,Log-Mel CNN,0.2893800139427185,0.2948765854040782
seg_008846,sample_03047,Roller Star - Monroeville Music Center,1,0.44812509417533875,cnn_revised_20260919T110440Z,cnn_s1_09,val,Log-Mel CNN,0.2893800139427185,0.2948765854040782
seg_008847,sample_03048,Roller Star - Monroeville Music Center,1,0.5487868189811707,cnn_revised_20260919T110440Z,cnn_s1_09,val,Log-Mel CNN,0.2893800139427185,0.2948765854040782
seg_008848,sample_03048,Roller Star - Monroeville Music Center,1,0.36213579773902893,cnn_revised_20260919T110440Z,cnn_s1_09,val,Log-Mel CNN,0.2893800139427185,0.2948765854040782
seg_008849,sample_03048,Roller Star - Monroeville Music Center,1,0.5864860415458679,cnn_revised_20260919T110440Z,cnn_s1_09,val,Log-Mel CNN,0.2893800139427185,0.2948765854040782
seg_008850,sample_03049,"Roundtrip - Oh Yeah, the Future",1,0.6809126138687134,cnn_revised_20260919T110440Z,cnn_s1_09,val,Log-Mel CNN,0.2893800139427185,0.2948765854040782
seg_008851,sample_03049,"Roundtrip - Oh Yeah, the Future",1,0.20338401198387146,cnn_revised_20260919T110440Z,cnn_s1_09,val,Log-Mel CNN,0.2893800139427185,0.2948765854040782
seg_008852,sample_03049,"Roundtrip - Oh Yeah, the Future",1,0.5102852582931519,cnn_revised_20260919T110440Z,cnn_s1_09,val,Log-Mel CNN,0.2893800139427185,0.2948765854040782
seg_008853,sample_03050,"Roundtrip - Oh Yeah, the Future",1,0.5304920673370361,cnn_revised_20260919T110440Z,cnn_s1_09,val,Log-Mel CNN,0.2893800139427185,0.2948765854040782
seg_008854,sample_03050,"Roundtrip - Oh Yeah, the Future",1,0.2829192578792572,cnn_revised_20260919T110440Z,cnn_s1_09,val,Log-Mel CNN,0.2893800139427185,0.2948765854040782
seg_008855,sample_03050,"Roundtrip - Oh Yeah, the Future",1,0.6400022506713867,cnn_revised_20260919T110440Z,cnn_s1_09,val,Log-Mel CNN,0.2893800139427185,0.2948765854040782
seg_008862,sample_03053,SD (Ill Mix) - H-LR,1,0.2220601886510849,cnn_revised_20260919T110440Z,cnn_s1_09,val,Log-Mel CNN,0.2893800139427185,0.2948765854040782
seg_008863,sample_03053,SD (Ill Mix) - H-LR,1,0.3067111372947693,cnn_revised_20260919T110440Z,cnn_s1_09,val,Log-Mel CNN,0.2893800139427185,0.2948765854040782
seg_008864,sample_03053,SD (Ill Mix) - H-LR,1,0.6400349736213684,cnn_revised_20260919T110440Z,cnn_s1_09,val,Log-Mel CNN,0.2893800139427185,0.2948765854040782
seg_008865,sample_03054,SD (Ill Mix) - H-LR,1,0.4855603277683258,cnn_revised_20260919T110440Z,cnn_s1_09,val,Log-Mel CNN,0.2893800139427185,0.2948765854040782
seg_008866,sample_03054,SD (Ill Mix) - H-LR,1,0.385272741317749,cnn_revised_20260919T110440Z,cnn_s1_09,val,Log-Mel CNN,0.2893800139427185,0.2948765854040782
seg_008867,sample_03054,SD (Ill Mix) - H-LR,1,0.5569353699684143,cnn_revised_20260919T110440Z,cnn_s1_09,val,Log-Mel CNN,0.2893800139427185,0.2948765854040782
seg_008868,sample_03055,Scramby Eggs - Andy G. Cohen,1,0.06342294067144394,cnn_revised_20260919T110440Z,cnn_s1_09,val,Log-Mel CNN,0.2893800139427185,0.2948765854040782
seg_008869,sample_03055,Scramby Eggs - Andy G. Cohen,1,0.1858164370059967,cnn_revised_20260919T110440Z,cnn_s1_09,val,Log-Mel CNN,0.2893800139427185,0.2948765854040782
seg_008870,sample_03055,Scramby Eggs - Andy G. Cohen,1,0.09264431893825531,cnn_revised_20260919T110440Z,cnn_s1_09,val,Log-Mel CNN,0.2893800139427185,0.2948765854040782
seg_008871,sample_03056,Scramby Eggs - Andy G. Cohen,1,0.1721826046705246,cnn_revised_20260919T110440Z,cnn_s1_09,val,Log-Mel CNN,0.2893800139427185,0.2948765854040782
seg_008872,sample_03056,Scramby Eggs - Andy G. Cohen,1,0.3778476119041443,cnn_revised_20260919T110440Z,cnn_s1_09,val,Log-Mel CNN,0.2893800139427185,0.2948765854040782
seg_008873,sample_03056,Scramby Eggs - Andy G. Cohen,1,0.3744986653327942,cnn_revised_20260919T110440Z,cnn_s1_09,val,Log-Mel CNN,0.2893800139427185,0.2948765854040782
seg_008910,sample_03069,Soleares&beats - Malaventura,1,0.42776209115982056,cnn_revised_20260919T110440Z,cnn_s1_09,val,Log-Mel CNN,0.2893800139427185,0.2948765854040782
seg_008911,sample_03069,Soleares&beats - Malaventura,1,0.47348400950431824,cnn_revised_20260919T110440Z,cnn_s1_09,val,Log-Mel CNN,0.2893800139427185,0.2948765854040782
seg_008912,sample_03069,Soleares&beats - Malaventura,1,0.7417736649513245,cnn_revised_20260919T110440Z,cnn_s1_09,val,Log-Mel CNN,0.2893800139427185,0.2948765854040782
seg_008913,sample_03070,Soleares&beats - Malaventura,1,0.5292148590087891,cnn_revised_20260919T110440Z,cnn_s1_09,val,Log-Mel CNN,0.2893800139427185,0.2948765854040782
seg_008914,sample_03070,Soleares&beats - Malaventura,1,0.4528059959411621,cnn_revised_20260919T110440Z,cnn_s1_09,val,Log-Mel CNN,0.2893800139427185,0.2948765854040782
seg_008915,sample_03070,Soleares&beats - Malaventura,1,0.548646092414856,cnn_revised_20260919T110440Z,cnn_s1_09,val,Log-Mel CNN,0.2893800139427185,0.2948765854040782
seg_008934,sample_03077,Stockholm Syndrome / People Should Be More Aware - Bird Names,1,0.5096734166145325,cnn_revised_20260919T110440Z,cnn_s1_09,val,Log-Mel CNN,0.2893800139427185,0.2948765854040782
seg_008935,sample_03077,Stockholm Syndrome / People Should Be More Aware - Bird Names,1,0.5928160548210144,cnn_revised_20260919T110440Z,cnn_s1_09,val,Log-Mel CNN,0.2893800139427185,0.2948765854040782
seg_008936,sample_03077,Stockholm Syndrome / People Should Be More Aware - Bird Names,1,0.5224291086196899,cnn_revised_20260919T110440Z,cnn_s1_09,val,Log-Mel CNN,0.2893800139427185,0.2948765854040782
seg_008937,sample_03078,Stockholm Syndrome / People Should Be More Aware - Bird Names,1,0.0837191492319107,cnn_revised_20260919T110440Z,cnn_s1_09,val,Log-Mel CNN,0.2893800139427185,0.2948765854040782
seg_008938,sample_03078,Stockholm Syndrome / People Should Be More Aware - Bird Names,1,0.4798533320426941,cnn_revised_20260919T110440Z,cnn_s1_09,val,Log-Mel CNN,0.2893800139427185,0.2948765854040782
seg_008939,sample_03078,Stockholm Syndrome / People Should Be More Aware - Bird Names,1,0.723522424697876,cnn_revised_20260919T110440Z,cnn_s1_09,val,Log-Mel CNN,0.2893800139427185,0.2948765854040782
seg_009030,sample_03109,The girl just faded - Los Llamarada,1,0.3407648801803589,cnn_revised_20260919T110440Z,cnn_s1_09,val,Log-Mel CNN,0.2893800139427185,0.2948765854040782
seg_009031,sample_03109,The girl just faded - Los Llamarada,1,0.03112596459686756,cnn_revised_20260919T110440Z,cnn_s1_09,val,Log-Mel CNN,0.2893800139427185,0.2948765854040782
seg_009032,sample_03109,The girl just faded - Los Llamarada,1,0.24303562939167023,cnn_revised_20260919T110440Z,cnn_s1_09,val,Log-Mel CNN,0.2893800139427185,0.2948765854040782
seg_009033,sample_03110,The girl just faded - Los Llamarada,1,0.33047083020210266,cnn_revised_20260919T110440Z,cnn_s1_09,val,Log-Mel CNN,0.2893800139427185,0.2948765854040782
seg_009034,sample_03110,The girl just faded - Los Llamarada,1,0.08665214478969574,cnn_revised_20260919T110440Z,cnn_s1_09,val,Log-Mel CNN,0.2893800139427185,0.2948765854040782
seg_009035,sample_03110,The girl just faded - Los Llamarada,1,0.32064151763916016,cnn_revised_20260919T110440Z,cnn_s1_09,val,Log-Mel CNN,0.2893800139427185,0.2948765854040782
seg_009042,sample_03113,Time Is Love - Silence is full of birds,1,0.198460191488266,cnn_revised_20260919T110440Z,cnn_s1_09,val,Log-Mel CNN,0.2893800139427185,0.2948765854040782
seg_009043,sample_03113,Time Is Love - Silence is full of birds,1,0.19002996385097504,cnn_revised_20260919T110440Z,cnn_s1_09,val,Log-Mel CNN,0.2893800139427185,0.2948765854040782
seg_009044,sample_03113,Time Is Love - Silence is full of birds,1,0.3884377181529999,cnn_revised_20260919T110440Z,cnn_s1_09,val,Log-Mel CNN,0.2893800139427185,0.2948765854040782
seg_009045,sample_03114,Time Is Love - Silence is full of birds,1,0.6753509640693665,cnn_revised_20260919T110440Z,cnn_s1_09,val,Log-Mel CNN,0.2893800139427185,0.2948765854040782
seg_009046,sample_03114,Time Is Love - Silence is full of birds,1,0.25511884689331055,cnn_revised_20260919T110440Z,cnn_s1_09,val,Log-Mel CNN,0.2893800139427185,0.2948765854040782
seg_009047,sample_03114,Time Is Love - Silence is full of birds,1,0.4838689863681793,cnn_revised_20260919T110440Z,cnn_s1_09,val,Log-Mel CNN,0.2893800139427185,0.2948765854040782
seg_009078,sample_03125,Voxel - Andy G. Cohen,1,0.19235852360725403,cnn_revised_20260919T110440Z,cnn_s1_09,val,Log-Mel CNN,0.2893800139427185,0.2948765854040782
seg_009079,sample_03125,Voxel - Andy G. Cohen,1,0.1196323111653328,cnn_revised_20260919T110440Z,cnn_s1_09,val,Log-Mel CNN,0.2893800139427185,0.2948765854040782
seg_009080,sample_03125,Voxel - Andy G. Cohen,1,0.4711393117904663,cnn_revised_20260919T110440Z,cnn_s1_09,val,Log-Mel CNN,0.2893800139427185,0.2948765854040782
seg_009081,sample_03126,Voxel - Andy G. Cohen,1,0.21405941247940063,cnn_revised_20260919T110440Z,cnn_s1_09,val,Log-Mel CNN,0.2893800139427185,0.2948765854040782
seg_009082,sample_03126,Voxel - Andy G. Cohen,1,0.2241983711719513,cnn_revised_20260919T110440Z,cnn_s1_09,val,Log-Mel CNN,0.2893800139427185,0.2948765854040782
seg_009083,sample_03126,Voxel - Andy G. Cohen,1,0.42084723711013794,cnn_revised_20260919T110440Z,cnn_s1_09,val,Log-Mel CNN,0.2893800139427185,0.2948765854040782
seg_009114,sample_03137,Windows of the Skull - Sarin,1,0.5368513464927673,cnn_revised_20260919T110440Z,cnn_s1_09,val,Log-Mel CNN,0.2893800139427185,0.2948765854040782
seg_009115,sample_03137,Windows of the Skull - Sarin,1,0.24019013345241547,cnn_revised_20260919T110440Z,cnn_s1_09,val,Log-Mel CNN,0.2893800139427185,0.2948765854040782
seg_009116,sample_03137,Windows of the Skull - Sarin,1,0.596774697303772,cnn_revised_20260919T110440Z,cnn_s1_09,val,Log-Mel CNN,0.2893800139427185,0.2948765854040782
seg_009117,sample_03138,Windows of the Skull - Sarin,1,0.4913114309310913,cnn_revised_20260919T110440Z,cnn_s1_09,val,Log-Mel CNN,0.2893800139427185,0.2948765854040782
seg_009118,sample_03138,Windows of the Skull - Sarin,1,0.23410139977931976,cnn_revised_20260919T110440Z,cnn_s1_09,val,Log-Mel CNN,0.2893800139427185,0.2948765854040782
seg_009119,sample_03138,Windows of the Skull - Sarin,1,0.27197083830833435,cnn_revised_20260919T110440Z,cnn_s1_09,val,Log-Mel CNN,0.2893800139427185,0.2948765854040782
seg_009168,sample_03155,mystery team 2090 - Jesse Futerman,1,0.7372686266899109,cnn_revised_20260919T110440Z,cnn_s1_09,val,Log-Mel CNN,0.2893800139427185,0.2948765854040782
seg_009169,sample_03155,mystery team 2090 - Jesse Futerman,1,0.36453765630722046,cnn_revised_20260919T110440Z,cnn_s1_09,val,Log-Mel CNN,0.2893800139427185,0.2948765854040782
seg_009170,sample_03155,mystery team 2090 - Jesse Futerman,1,0.6511285901069641,cnn_revised_20260919T110440Z,cnn_s1_09,val,Log-Mel CNN,0.2893800139427185,0.2948765854040782
seg_009171,sample_03156,mystery team 2090 - Jesse Futerman,1,0.35228145122528076,cnn_revised_20260919T110440Z,cnn_s1_09,val,Log-Mel CNN,0.2893800139427185,0.2948765854040782
seg_009172,sample_03156,mystery team 2090 - Jesse Futerman,1,0.6142566204071045,cnn_revised_20260919T110440Z,cnn_s1_09,val,Log-Mel CNN,0.2893800139427185,0.2948765854040782
seg_009173,sample_03156,mystery team 2090 - Jesse Futerman,1,0.3607567250728607,cnn_revised_20260919T110440Z,cnn_s1_09,val,Log-Mel CNN,0.2893800139427185,0.2948765854040782
seg_009192,sample_03163,Новый Нью-Йорк 2 - Чокнутый Пропеллер,1,0.1791769564151764,cnn_revised_20260919T110440Z,cnn_s1_09,val,Log-Mel CNN,0.2893800139427185,0.2948765854040782
seg_009193,sample_03163,Новый Нью-Йорк 2 - Чокнутый Пропеллер,1,0.20154841244220734,cnn_revised_20260919T110440Z,cnn_s1_09,val,Log-Mel CNN,0.2893800139427185,0.2948765854040782
seg_009194,sample_03163,Новый Нью-Йорк 2 - Чокнутый Пропеллер,1,0.20771688222885132,cnn_revised_20260919T110440Z,cnn_s1_09,val,Log-Mel CNN,0.2893800139427185,0.2948765854040782
seg_009195,sample_03164,Новый Нью-Йорк 2 - Чокнутый Пропеллер,1,0.19253619015216827,cnn_revised_20260919T110440Z,cnn_s1_09,val,Log-Mel CNN,0.2893800139427185,0.2948765854040782
seg_009196,sample_03164,Новый Нью-Йорк 2 - Чокнутый Пропеллер,1,0.2824743688106537,cnn_revised_20260919T110440Z,cnn_s1_09,val,Log-Mel CNN,0.2893800139427185,0.2948765854040782
seg_009197,sample_03164,Новый Нью-Йорк 2 - Чокнутый Пропеллер,1,0.5468682646751404,cnn_revised_20260919T110440Z,cnn_s1_09,val,Log-Mel CNN,0.2893800139427185,0.2948765854040782
seg_009207,sample_03168,2 (Wasn't There) - Isle of Pine,1,0.23821330070495605,cnn_revised_20260919T110440Z,cnn_s1_09,val,Log-Mel CNN,0.2893800139427185,0.2948765854040782
seg_009208,sample_03168,2 (Wasn't There) - Isle of Pine,1,0.06082209199666977,cnn_revised_20260919T110440Z,cnn_s1_09,val,Log-Mel CNN,0.2893800139427185,0.2948765854040782
seg_009209,sample_03168,2 (Wasn't There) - Isle of Pine,1,0.21806998550891876,cnn_revised_20260919T110440Z,cnn_s1_09,val,Log-Mel CNN,0.2893800139427185,0.2948765854040782
seg_009228,sample_03175,Agora - Malaventura,1,0.29309532046318054,cnn_revised_20260919T110440Z,cnn_s1_09,val,Log-Mel CNN,0.2893800139427185,0.2948765854040782
seg_009229,sample_03175,Agora - Malaventura,1,0.6429957747459412,cnn_revised_20260919T110440Z,cnn_s1_09,val,Log-Mel CNN,0.2893800139427185,0.2948765854040782
seg_009230,sample_03175,Agora - Malaventura,1,0.3366449773311615,cnn_revised_20260919T110440Z,cnn_s1_09,val,Log-Mel CNN,0.2893800139427185,0.2948765854040782
seg_009279,sample_03192,Beyond Luxury - Mors Ontologica,1,0.2378992736339569,cnn_revised_20260919T110440Z,cnn_s1_09,val,Log-Mel CNN,0.2893800139427185,0.2948765854040782
seg_009280,sample_03192,Beyond Luxury - Mors Ontologica,1,0.18511174619197845,cnn_revised_20260919T110440Z,cnn_s1_09,val,Log-Mel CNN,0.2893800139427185,0.2948765854040782
seg_009281,sample_03192,Beyond Luxury - Mors Ontologica,1,0.5603956580162048,cnn_revised_20260919T110440Z,cnn_s1_09,val,Log-Mel CNN,0.2893800139427185,0.2948765854040782
seg_009324,sample_03207,CopperNickle - UncleBibby,1,0.29101309180259705,cnn_revised_20260919T110440Z,cnn_s1_09,val,Log-Mel CNN,0.2893800139427185,0.2948765854040782
seg_009325,sample_03207,CopperNickle - UncleBibby,1,0.6984039545059204,cnn_revised_20260919T110440Z,cnn_s1_09,val,Log-Mel CNN,0.2893800139427185,0.2948765854040782
seg_009326,sample_03207,CopperNickle - UncleBibby,1,0.4699274003505707,cnn_revised_20260919T110440Z,cnn_s1_09,val,Log-Mel CNN,0.2893800139427185,0.2948765854040782
seg_009339,sample_03212,Daylight Savings - My brother Daniel,1,0.533528745174408,cnn_revised_20260919T110440Z,cnn_s1_09,val,Log-Mel CNN,0.2893800139427185,0.2948765854040782
seg_009340,sample_03212,Daylight Savings - My brother Daniel,1,0.16607575118541718,cnn_revised_20260919T110440Z,cnn_s1_09,val,Log-Mel CNN,0.2893800139427185,0.2948765854040782
seg_009341,sample_03212,Daylight Savings - My brother Daniel,1,0.1800553947687149,cnn_revised_20260919T110440Z,cnn_s1_09,val,Log-Mel CNN,0.2893800139427185,0.2948765854040782
seg_009375,sample_03224,Empty Pockets - Pete Prodoehl,1,0.669503927230835,cnn_revised_20260919T110440Z,cnn_s1_09,val,Log-Mel CNN,0.2893800139427185,0.2948765854040782
seg_009376,sample_03224,Empty Pockets - Pete Prodoehl,1,0.5513697862625122,cnn_revised_20260919T110440Z,cnn_s1_09,val,Log-Mel CNN,0.2893800139427185,0.2948765854040782
seg_009377,sample_03224,Empty Pockets - Pete Prodoehl,1,0.3479195535182953,cnn_revised_20260919T110440Z,cnn_s1_09,val,Log-Mel CNN,0.2893800139427185,0.2948765854040782
seg_009393,sample_03230,Evil Cannot Create - Caleb Lemond,1,0.38686874508857727,cnn_revised_20260919T110440Z,cnn_s1_09,val,Log-Mel CNN,0.2893800139427185,0.2948765854040782
seg_009394,sample_03230,Evil Cannot Create - Caleb Lemond,1,0.3184696435928345,cnn_revised_20260919T110440Z,cnn_s1_09,val,Log-Mel CNN,0.2893800139427185,0.2948765854040782
seg_009395,sample_03230,Evil Cannot Create - Caleb Lemond,1,0.6001944541931152,cnn_revised_20260919T110440Z,cnn_s1_09,val,Log-Mel CNN,0.2893800139427185,0.2948765854040782
seg_009399,sample_03232,Fear - Los Fancy Free,1,0.6044397950172424,cnn_revised_20260919T110440Z,cnn_s1_09,val,Log-Mel CNN,0.2893800139427185,0.2948765854040782
seg_009400,sample_03232,Fear - Los Fancy Free,1,0.8135398030281067,cnn_revised_20260919T110440Z,cnn_s1_09,val,Log-Mel CNN,0.2893800139427185,0.2948765854040782
seg_009401,sample_03232,Fear - Los Fancy Free,1,0.660690188407898,cnn_revised_20260919T110440Z,cnn_s1_09,val,Log-Mel CNN,0.2893800139427185,0.2948765854040782
seg_009402,sample_03233,Fifth Ramble - From the album Keith [RSVP007] - My brother Daniel,1,0.3377075493335724,cnn_revised_20260919T110440Z,cnn_s1_09,val,Log-Mel CNN,0.2893800139427185,0.2948765854040782
seg_009403,sample_03233,Fifth Ramble - From the album Keith [RSVP007] - My brother Daniel,1,0.2658711373806,cnn_revised_20260919T110440Z,cnn_s1_09,val,Log-Mel CNN,0.2893800139427185,0.2948765854040782
seg_009404,sample_03233,Fifth Ramble - From the album Keith [RSVP007] - My brother Daniel,1,0.22157621383666992,cnn_revised_20260919T110440Z,cnn_s1_09,val,Log-Mel CNN,0.2893800139427185,0.2948765854040782
seg_009438,sample_03245,Gila Monster Flop/Music History Lesson:The Sonics - The Crypts!,1,0.34928449988365173,cnn_revised_20260919T110440Z,cnn_s1_09,val,Log-Mel CNN,0.2893800139427185,0.2948765854040782
seg_009439,sample_03245,Gila Monster Flop/Music History Lesson:The Sonics - The Crypts!,1,0.5385885834693909,cnn_revised_20260919T110440Z,cnn_s1_09,val,Log-Mel CNN,0.2893800139427185,0.2948765854040782
seg_009440,sample_03245,Gila Monster Flop/Music History Lesson:The Sonics - The Crypts!,1,0.3463421165943146,cnn_revised_20260919T110440Z,cnn_s1_09,val,Log-Mel CNN,0.2893800139427185,0.2948765854040782
seg_009471,sample_03256,If You're Ther - Nicola Ratti,1,0.5084846615791321,cnn_revised_20260919T110440Z,cnn_s1_09,val,Log-Mel CNN,0.2893800139427185,0.2948765854040782
seg_009472,sample_03256,If You're Ther - Nicola Ratti,1,0.7905041575431824,cnn_revised_20260919T110440Z,cnn_s1_09,val,Log-Mel CNN,0.2893800139427185,0.2948765854040782
seg_009473,sample_03256,If You're Ther - Nicola Ratti,1,0.581244945526123,cnn_revised_20260919T110440Z,cnn_s1_09,val,Log-Mel CNN,0.2893800139427185,0.2948765854040782
seg_009501,sample_03266,I Fell - Mod Fun,1,0.4869783818721771,cnn_revised_20260919T110440Z,cnn_s1_09,val,Log-Mel CNN,0.2893800139427185,0.2948765854040782
seg_009502,sample_03266,I Fell - Mod Fun,1,0.2443588525056839,cnn_revised_20260919T110440Z,cnn_s1_09,val,Log-Mel CNN,0.2893800139427185,0.2948765854040782
seg_009503,sample_03266,I Fell - Mod Fun,1,0.215156689286232,cnn_revised_20260919T110440Z,cnn_s1_09,val,Log-Mel CNN,0.2893800139427185,0.2948765854040782
seg_009549,sample_03282,Kumorizoranohajimarutokoro - Hosomi,1,0.7487943768501282,cnn_revised_20260919T110440Z,cnn_s1_09,val,Log-Mel CNN,0.2893800139427185,0.2948765854040782
seg_009550,sample_03282,Kumorizoranohajimarutokoro - Hosomi,1,0.8261471390724182,cnn_revised_20260919T110440Z,cnn_s1_09,val,Log-Mel CNN,0.2893800139427185,0.2948765854040782
seg_009551,sample_03282,Kumorizoranohajimarutokoro - Hosomi,1,0.7428298592567444,cnn_revised_20260919T110440Z,cnn_s1_09,val,Log-Mel CNN,0.2893800139427185,0.2948765854040782
seg_009585,sample_03294,Lights Up - Pipe Choir,1,0.3598194420337677,cnn_revised_20260919T110440Z,cnn_s1_09,val,Log-Mel CNN,0.2893800139427185,0.2948765854040782
seg_009586,sample_03294,Lights Up - Pipe Choir,1,0.6957548260688782,cnn_revised_20260919T110440Z,cnn_s1_09,val,Log-Mel CNN,0.2893800139427185,0.2948765854040782
seg_009587,sample_03294,Lights Up - Pipe Choir,1,0.38254284858703613,cnn_revised_20260919T110440Z,cnn_s1_09,val,Log-Mel CNN,0.2893800139427185,0.2948765854040782
seg_009603,sample_03300,Loved Ones - Rowan Box,1,0.6785032749176025,cnn_revised_20260919T110440Z,cnn_s1_09,val,Log-Mel CNN,0.2893800139427185,0.2948765854040782
seg_009604,sample_03300,Loved Ones - Rowan Box,1,0.7686135172843933,cnn_revised_20260919T110440Z,cnn_s1_09,val,Log-Mel CNN,0.2893800139427185,0.2948765854040782
seg_009605,sample_03300,Loved Ones - Rowan Box,1,0.484463632106781,cnn_revised_20260919T110440Z,cnn_s1_09,val,Log-Mel CNN,0.2893800139427185,0.2948765854040782
seg_009615,sample_03304,March of the GPA Mechanics - [t]ghost,1,0.3984884023666382,cnn_revised_20260919T110440Z,cnn_s1_09,val,Log-Mel CNN,0.2893800139427185,0.2948765854040782
seg_009616,sample_03304,March of the GPA Mechanics - [t]ghost,1,0.6305665969848633,cnn_revised_20260919T110440Z,cnn_s1_09,val,Log-Mel CNN,0.2893800139427185,0.2948765854040782
seg_009617,sample_03304,March of the GPA Mechanics - [t]ghost,1,0.6731652021408081,cnn_revised_20260919T110440Z,cnn_s1_09,val,Log-Mel CNN,0.2893800139427185,0.2948765854040782
seg_009636,sample_03311,Morning Bell - Nihilore,1,0.7300300002098083,cnn_revised_20260919T110440Z,cnn_s1_09,val,Log-Mel CNN,0.2893800139427185,0.2948765854040782
seg_009637,sample_03311,Morning Bell - Nihilore,1,0.6471800208091736,cnn_revised_20260919T110440Z,cnn_s1_09,val,Log-Mel CNN,0.2893800139427185,0.2948765854040782
seg_009638,sample_03311,Morning Bell - Nihilore,1,0.49051952362060547,cnn_revised_20260919T110440Z,cnn_s1_09,val,Log-Mel CNN,0.2893800139427185,0.2948765854040782
seg_009651,sample_03316,mystery team 2090 - Jesse Futerman,1,0.4830530881881714,cnn_revised_20260919T110440Z,cnn_s1_09,val,Log-Mel CNN,0.2893800139427185,0.2948765854040782
seg_009652,sample_03316,mystery team 2090 - Jesse Futerman,1,0.7756070494651794,cnn_revised_20260919T110440Z,cnn_s1_09,val,Log-Mel CNN,0.2893800139427185,0.2948765854040782
seg_009653,sample_03316,mystery team 2090 - Jesse Futerman,1,0.22076143324375153,cnn_revised_20260919T110440Z,cnn_s1_09,val,Log-Mel CNN,0.2893800139427185,0.2948765854040782
seg_009654,sample_03317,My Body Is A Weapon (Compromise Edit) - Silence is full of birds,1,0.7583067417144775,cnn_revised_20260919T110440Z,cnn_s1_09,val,Log-Mel CNN,0.2893800139427185,0.2948765854040782
seg_009655,sample_03317,My Body Is A Weapon (Compromise Edit) - Silence is full of birds,1,0.4384225904941559,cnn_revised_20260919T110440Z,cnn_s1_09,val,Log-Mel CNN,0.2893800139427185,0.2948765854040782
seg_009656,sample_03317,My Body Is A Weapon (Compromise Edit) - Silence is full of birds,1,0.27358776330947876,cnn_revised_20260919T110440Z,cnn_s1_09,val,Log-Mel CNN,0.2893800139427185,0.2948765854040782
seg_009666,sample_03321,New Life (take 1) - Bird Names,1,0.7646207213401794,cnn_revised_20260919T110440Z,cnn_s1_09,val,Log-Mel CNN,0.2893800139427185,0.2948765854040782
seg_009667,sample_03321,New Life (take 1) - Bird Names,1,0.7932573556900024,cnn_revised_20260919T110440Z,cnn_s1_09,val,Log-Mel CNN,0.2893800139427185,0.2948765854040782
seg_009668,sample_03321,New Life (take 1) - Bird Names,1,0.7117178440093994,cnn_revised_20260919T110440Z,cnn_s1_09,val,Log-Mel CNN,0.2893800139427185,0.2948765854040782
seg_009672,sample_03323,Night Drive - Decktonic,1,0.2724122703075409,cnn_revised_20260919T110440Z,cnn_s1_09,val,Log-Mel CNN,0.2893800139427185,0.2948765854040782
seg_009673,sample_03323,Night Drive - Decktonic,1,0.26958996057510376,cnn_revised_20260919T110440Z,cnn_s1_09,val,Log-Mel CNN,0.2893800139427185,0.2948765854040782
seg_009674,sample_03323,Night Drive - Decktonic,1,0.3867506682872772,cnn_revised_20260919T110440Z,cnn_s1_09,val,Log-Mel CNN,0.2893800139427185,0.2948765854040782
seg_009681,sample_03326,Norweigian Wood II - Bird Names,1,0.3772401511669159,cnn_revised_20260919T110440Z,cnn_s1_09,val,Log-Mel CNN,0.2893800139427185,0.2948765854040782
seg_009682,sample_03326,Norweigian Wood II - Bird Names,1,0.4484107494354248,cnn_revised_20260919T110440Z,cnn_s1_09,val,Log-Mel CNN,0.2893800139427185,0.2948765854040782
seg_009683,sample_03326,Norweigian Wood II - Bird Names,1,0.26245424151420593,cnn_revised_20260919T110440Z,cnn_s1_09,val,Log-Mel CNN,0.2893800139427185,0.2948765854040782
seg_009693,sample_03330,Nuo Maisemat - Paavoharju,1,0.5892394781112671,cnn_revised_20260919T110440Z,cnn_s1_09,val,Log-Mel CNN,0.2893800139427185,0.2948765854040782
seg_009694,sample_03330,Nuo Maisemat - Paavoharju,1,0.8367325663566589,cnn_revised_20260919T110440Z,cnn_s1_09,val,Log-Mel CNN,0.2893800139427185,0.2948765854040782
seg_009695,sample_03330,Nuo Maisemat - Paavoharju,1,0.653216540813446,cnn_revised_20260919T110440Z,cnn_s1_09,val,Log-Mel CNN,0.2893800139427185,0.2948765854040782
seg_009756,sample_03351,Redlight - Room For A Ghost,1,0.5488597750663757,cnn_revised_20260919T110440Z,cnn_s1_09,val,Log-Mel CNN,0.2893800139427185,0.2948765854040782
seg_009757,sample_03351,Redlight - Room For A Ghost,1,0.6416151523590088,cnn_revised_20260919T110440Z,cnn_s1_09,val,Log-Mel CNN,0.2893800139427185,0.2948765854040782
seg_009758,sample_03351,Redlight - Room For A Ghost,1,0.35719743371009827,cnn_revised_20260919T110440Z,cnn_s1_09,val,Log-Mel CNN,0.2893800139427185,0.2948765854040782
seg_009774,sample_03357,Roller Star - Monroeville Music Center,1,0.6655018329620361,cnn_revised_20260919T110440Z,cnn_s1_09,val,Log-Mel CNN,0.2893800139427185,0.2948765854040782
seg_009775,sample_03357,Roller Star - Monroeville Music Center,1,0.4946340024471283,cnn_revised_20260919T110440Z,cnn_s1_09,val,Log-Mel CNN,0.2893800139427185,0.2948765854040782
seg_009776,sample_03357,Roller Star - Monroeville Music Center,1,0.5427109599113464,cnn_revised_20260919T110440Z,cnn_s1_09,val,Log-Mel CNN,0.2893800139427185,0.2948765854040782
seg_009780,sample_03359,"Roundtrip - Oh Yeah, the Future",1,0.6454967856407166,cnn_revised_20260919T110440Z,cnn_s1_09,val,Log-Mel CNN,0.2893800139427185,0.2948765854040782
seg_009781,sample_03359,"Roundtrip - Oh Yeah, the Future",1,0.5686546564102173,cnn_revised_20260919T110440Z,cnn_s1_09,val,Log-Mel CNN,0.2893800139427185,0.2948765854040782
seg_009782,sample_03359,"Roundtrip - Oh Yeah, the Future",1,0.33664029836654663,cnn_revised_20260919T110440Z,cnn_s1_09,val,Log-Mel CNN,0.2893800139427185,0.2948765854040782
seg_009792,sample_03363,Scramby Eggs - Andy G. Cohen,1,0.7058118581771851,cnn_revised_20260919T110440Z,cnn_s1_09,val,Log-Mel CNN,0.2893800139427185,0.2948765854040782
seg_009793,sample_03363,Scramby Eggs - Andy G. Cohen,1,0.1510494500398636,cnn_revised_20260919T110440Z,cnn_s1_09,val,Log-Mel CNN,0.2893800139427185,0.2948765854040782
seg_009794,sample_03363,Scramby Eggs - Andy G. Cohen,1,0.2951467037200928,cnn_revised_20260919T110440Z,cnn_s1_09,val,Log-Mel CNN,0.2893800139427185,0.2948765854040782
seg_009795,sample_03364,SD (Ill Mix) - H-LR,1,0.2237076610326767,cnn_revised_20260919T110440Z,cnn_s1_09,val,Log-Mel CNN,0.2893800139427185,0.2948765854040782
seg_009796,sample_03364,SD (Ill Mix) - H-LR,1,0.4343169629573822,cnn_revised_20260919T110440Z,cnn_s1_09,val,Log-Mel CNN,0.2893800139427185,0.2948765854040782
seg_009797,sample_03364,SD (Ill Mix) - H-LR,1,0.311935693025589,cnn_revised_20260919T110440Z,cnn_s1_09,val,Log-Mel CNN,0.2893800139427185,0.2948765854040782
seg_009819,sample_03372,Shipwrecked Crew - Pete Prodoehl,1,0.5116705298423767,cnn_revised_20260919T110440Z,cnn_s1_09,val,Log-Mel CNN,0.2893800139427185,0.2948765854040782
seg_009820,sample_03372,Shipwrecked Crew - Pete Prodoehl,1,0.2693292200565338,cnn_revised_20260919T110440Z,cnn_s1_09,val,Log-Mel CNN,0.2893800139427185,0.2948765854040782
seg_009821,sample_03372,Shipwrecked Crew - Pete Prodoehl,1,0.15995807945728302,cnn_revised_20260919T110440Z,cnn_s1_09,val,Log-Mel CNN,0.2893800139427185,0.2948765854040782
seg_009837,sample_03378,Soleares&beats - Malaventura,1,0.45551377534866333,cnn_revised_20260919T110440Z,cnn_s1_09,val,Log-Mel CNN,0.2893800139427185,0.2948765854040782
seg_009838,sample_03378,Soleares&beats - Malaventura,1,0.18822729587554932,cnn_revised_20260919T110440Z,cnn_s1_09,val,Log-Mel CNN,0.2893800139427185,0.2948765854040782
seg_009839,sample_03378,Soleares&beats - Malaventura,1,0.10845958441495895,cnn_revised_20260919T110440Z,cnn_s1_09,val,Log-Mel CNN,0.2893800139427185,0.2948765854040782
seg_009843,sample_03380,some dextromethorphan - Jeva,1,0.35319983959198,cnn_revised_20260919T110440Z,cnn_s1_09,val,Log-Mel CNN,0.2893800139427185,0.2948765854040782
seg_009844,sample_03380,some dextromethorphan - Jeva,1,0.4792446494102478,cnn_revised_20260919T110440Z,cnn_s1_09,val,Log-Mel CNN,0.2893800139427185,0.2948765854040782
seg_009845,sample_03380,some dextromethorphan - Jeva,1,0.43278759717941284,cnn_revised_20260919T110440Z,cnn_s1_09,val,Log-Mel CNN,0.2893800139427185,0.2948765854040782
seg_009858,sample_03385,Stockholm Syndrome / People Should Be More Aware - Bird Names,1,0.6499985456466675,cnn_revised_20260919T110440Z,cnn_s1_09,val,Log-Mel CNN,0.2893800139427185,0.2948765854040782
seg_009859,sample_03385,Stockholm Syndrome / People Should Be More Aware - Bird Names,1,0.7291958928108215,cnn_revised_20260919T110440Z,cnn_s1_09,val,Log-Mel CNN,0.2893800139427185,0.2948765854040782
seg_009860,sample_03385,Stockholm Syndrome / People Should Be More Aware - Bird Names,1,0.6398495435714722,cnn_revised_20260919T110440Z,cnn_s1_09,val,Log-Mel CNN,0.2893800139427185,0.2948765854040782
seg_009870,sample_03389,Sturgeon's Law - Nihilore,1,0.4098372161388397,cnn_revised_20260919T110440Z,cnn_s1_09,val,Log-Mel CNN,0.2893800139427185,0.2948765854040782
seg_009871,sample_03389,Sturgeon's Law - Nihilore,1,0.6873906254768372,cnn_revised_20260919T110440Z,cnn_s1_09,val,Log-Mel CNN,0.2893800139427185,0.2948765854040782
seg_009872,sample_03389,Sturgeon's Law - Nihilore,1,0.4012027680873871,cnn_revised_20260919T110440Z,cnn_s1_09,val,Log-Mel CNN,0.2893800139427185,0.2948765854040782
seg_009927,sample_03408,The girl just faded - Los Llamarada,1,0.7877877354621887,cnn_revised_20260919T110440Z,cnn_s1_09,val,Log-Mel CNN,0.2893800139427185,0.2948765854040782
seg_009928,sample_03408,The girl just faded - Los Llamarada,1,0.8093297481536865,cnn_revised_20260919T110440Z,cnn_s1_09,val,Log-Mel CNN,0.2893800139427185,0.2948765854040782
seg_009929,sample_03408,The girl just faded - Los Llamarada,1,0.47724249958992004,cnn_revised_20260919T110440Z,cnn_s1_09,val,Log-Mel CNN,0.2893800139427185,0.2948765854040782
seg_009954,sample_03417,The Stairway - WarpToken,1,0.7538008093833923,cnn_revised_20260919T110440Z,cnn_s1_09,val,Log-Mel CNN,0.2893800139427185,0.2948765854040782
seg_009955,sample_03417,The Stairway - WarpToken,1,0.835790753364563,cnn_revised_20260919T110440Z,cnn_s1_09,val,Log-Mel CNN,0.2893800139427185,0.2948765854040782
seg_009956,sample_03417,The Stairway - WarpToken,1,0.3543637692928314,cnn_revised_20260919T110440Z,cnn_s1_09,val,Log-Mel CNN,0.2893800139427185,0.2948765854040782
seg_009957,sample_03418,Three Bird - My brother Daniel,1,0.4576382637023926,cnn_revised_20260919T110440Z,cnn_s1_09,val,Log-Mel CNN,0.2893800139427185,0.2948765854040782
seg_009958,sample_03418,Three Bird - My brother Daniel,1,0.43368229269981384,cnn_revised_20260919T110440Z,cnn_s1_09,val,Log-Mel CNN,0.2893800139427185,0.2948765854040782
seg_009959,sample_03418,Three Bird - My brother Daniel,1,0.43430468440055847,cnn_revised_20260919T110440Z,cnn_s1_09,val,Log-Mel CNN,0.2893800139427185,0.2948765854040782
seg_009960,sample_03419,Timen Passing By - Jason Shaw,1,0.4871944785118103,cnn_revised_20260919T110440Z,cnn_s1_09,val,Log-Mel CNN,0.2893800139427185,0.2948765854040782
seg_009961,sample_03419,Timen Passing By - Jason Shaw,1,0.22055187821388245,cnn_revised_20260919T110440Z,cnn_s1_09,val,Log-Mel CNN,0.2893800139427185,0.2948765854040782
seg_009962,sample_03419,Timen Passing By - Jason Shaw,1,0.1930343061685562,cnn_revised_20260919T110440Z,cnn_s1_09,val,Log-Mel CNN,0.2893800139427185,0.2948765854040782
seg_009963,sample_03420,Time Is Love - Silence is full of birds,1,0.6211793422698975,cnn_revised_20260919T110440Z,cnn_s1_09,val,Log-Mel CNN,0.2893800139427185,0.2948765854040782
seg_009964,sample_03420,Time Is Love - Silence is full of birds,1,0.40952545404434204,cnn_revised_20260919T110440Z,cnn_s1_09,val,Log-Mel CNN,0.2893800139427185,0.2948765854040782
seg_009965,sample_03420,Time Is Love - Silence is full of birds,1,0.5451400279998779,cnn_revised_20260919T110440Z,cnn_s1_09,val,Log-Mel CNN,0.2893800139427185,0.2948765854040782
seg_009990,sample_03429,Understand That This Is A Dream - From the album Modulating Coil [RSVP008] - Forrest James,1,0.5435689091682434,cnn_revised_20260919T110440Z,cnn_s1_09,val,Log-Mel CNN,0.2893800139427185,0.2948765854040782
seg_009991,sample_03429,Understand That This Is A Dream - From the album Modulating Coil [RSVP008] - Forrest James,1,0.5648455619812012,cnn_revised_20260919T110440Z,cnn_s1_09,val,Log-Mel CNN,0.2893800139427185,0.2948765854040782
seg_009992,sample_03429,Understand That This Is A Dream - From the album Modulating Coil [RSVP008] - Forrest James,1,0.6602954864501953,cnn_revised_20260919T110440Z,cnn_s1_09,val,Log-Mel CNN,0.2893800139427185,0.2948765854040782
seg_010005,sample_03434,Voxel - Andy G. Cohen,1,0.5254093408584595,cnn_revised_20260919T110440Z,cnn_s1_09,val,Log-Mel CNN,0.2893800139427185,0.2948765854040782
seg_010006,sample_03434,Voxel - Andy G. Cohen,1,0.8128925561904907,cnn_revised_20260919T110440Z,cnn_s1_09,val,Log-Mel CNN,0.2893800139427185,0.2948765854040782
seg_010007,sample_03434,Voxel - Andy G. Cohen,1,0.7101330161094666,cnn_revised_20260919T110440Z,cnn_s1_09,val,Log-Mel CNN,0.2893800139427185,0.2948765854040782
seg_010011,sample_03436,Westside Chillers - Little Glass Men,1,0.7364909052848816,cnn_revised_20260919T110440Z,cnn_s1_09,val,Log-Mel CNN,0.2893800139427185,0.2948765854040782
seg_010012,sample_03436,Westside Chillers - Little Glass Men,1,0.08555887639522552,cnn_revised_20260919T110440Z,cnn_s1_09,val,Log-Mel CNN,0.2893800139427185,0.2948765854040782
seg_010013,sample_03436,Westside Chillers - Little Glass Men,1,0.33162450790405273,cnn_revised_20260919T110440Z,cnn_s1_09,val,Log-Mel CNN,0.2893800139427185,0.2948765854040782
seg_010065,sample_03454,Новый Нью-Йорк 2 - Чокнутый Пропеллер,1,0.7448840141296387,cnn_revised_20260919T110440Z,cnn_s1_09,val,Log-Mel CNN,0.2893800139427185,0.2948765854040782
seg_010066,sample_03454,Новый Нью-Йорк 2 - Чокнутый Пропеллер,1,0.14705389738082886,cnn_revised_20260919T110440Z,cnn_s1_09,val,Log-Mel CNN,0.2893800139427185,0.2948765854040782
seg_010067,sample_03454,Новый Нью-Йорк 2 - Чокнутый Пропеллер,1,0.06949830800294876,cnn_revised_20260919T110440Z,cnn_s1_09,val,Log-Mel CNN,0.2893800139427185,0.2948765854040782
seg_010071,sample_03456,Windows of the Skull - Sarin,1,0.7779448628425598,cnn_revised_20260919T110440Z,cnn_s1_09,val,Log-Mel CNN,0.2893800139427185,0.2948765854040782
seg_010072,sample_03456,Windows of the Skull - Sarin,1,0.7701130509376526,cnn_revised_20260919T110440Z,cnn_s1_09,val,Log-Mel CNN,0.2893800139427185,0.2948765854040782
seg_010073,sample_03456,Windows of the Skull - Sarin,1,0.8547531366348267,cnn_revised_20260919T110440Z,cnn_s1_09,val,Log-Mel CNN,0.2893800139427185,0.2948765854040782
