segment_id,track_id,original_audio_id,label,score,run_id,trial_id,split,model,segment_threshold,track_threshold
seg_000006,sample_00002,2 (Wasn't There) - Isle of Pine,0,0.004477416630834341,cnn_revised_20260919T110440Z,cnn_s2_15,val,Log-Mel CNN,0.12275417894124985,0.17832201719284058
seg_000007,sample_00002,2 (Wasn't There) - Isle of Pine,0,0.02352815493941307,cnn_revised_20260919T110440Z,cnn_s2_15,val,Log-Mel CNN,0.12275417894124985,0.17832201719284058
seg_000008,sample_00002,2 (Wasn't There) - Isle of Pine,0,0.009390230290591717,cnn_revised_20260919T110440Z,cnn_s2_15,val,Log-Mel CNN,0.12275417894124985,0.17832201719284058
seg_000039,sample_00013,Agora - Malaventura,0,0.04405771568417549,cnn_revised_20260919T110440Z,cnn_s2_15,val,Log-Mel CNN,0.12275417894124985,0.17832201719284058
seg_000040,sample_00013,Agora - Malaventura,0,0.09020563215017319,cnn_revised_20260919T110440Z,cnn_s2_15,val,Log-Mel CNN,0.12275417894124985,0.17832201719284058
seg_000041,sample_00013,Agora - Malaventura,0,0.1234462782740593,cnn_revised_20260919T110440Z,cnn_s2_15,val,Log-Mel CNN,0.12275417894124985,0.17832201719284058
seg_000081,sample_00027,Beyond Luxury - Mors Ontologica,0,0.0004170176980551332,cnn_revised_20260919T110440Z,cnn_s2_15,val,Log-Mel CNN,0.12275417894124985,0.17832201719284058
seg_000082,sample_00027,Beyond Luxury - Mors Ontologica,0,0.003190473187714815,cnn_revised_20260919T110440Z,cnn_s2_15,val,Log-Mel CNN,0.12275417894124985,0.17832201719284058
seg_000083,sample_00027,Beyond Luxury - Mors Ontologica,0,0.008780693635344505,cnn_revised_20260919T110440Z,cnn_s2_15,val,Log-Mel CNN,0.12275417894124985,0.17832201719284058
seg_000129,sample_00043,CopperNickle - UncleBibby,0,0.0016016564331948757,cnn_revised_20260919T110440Z,cnn_s2_15,val,Log-Mel CNN,0.12275417894124985,0.17832201719284058
seg_000130,sample_00043,CopperNickle - UncleBibby,0,0.011037023738026619,cnn_revised_20260919T110440Z,cnn_s2_15,val,Log-Mel CNN,0.12275417894124985,0.17832201719284058
seg_000131,sample_00043,CopperNickle - UncleBibby,0,0.003807750530540943,cnn_revised_20260919T110440Z,cnn_s2_15,val,Log-Mel CNN,0.12275417894124985,0.17832201719284058
seg_000141,sample_00047,Daylight Savings - My brother Daniel,0,0.03665981441736221,cnn_revised_20260919T110440Z,cnn_s2_15,val,Log-Mel CNN,0.12275417894124985,0.17832201719284058
seg_000142,sample_00047,Daylight Savings - My brother Daniel,0,0.06031540036201477,cnn_revised_20260919T110440Z,cnn_s2_15,val,Log-Mel CNN,0.12275417894124985,0.17832201719284058
seg_000143,sample_00047,Daylight Savings - My brother Daniel,0,0.05394468829035759,cnn_revised_20260919T110440Z,cnn_s2_15,val,Log-Mel CNN,0.12275417894124985,0.17832201719284058
seg_000177,sample_00059,Empty Pockets - Pete Prodoehl,0,0.002377924509346485,cnn_revised_20260919T110440Z,cnn_s2_15,val,Log-Mel CNN,0.12275417894124985,0.17832201719284058
seg_000178,sample_00059,Empty Pockets - Pete Prodoehl,0,0.035691775381565094,cnn_revised_20260919T110440Z,cnn_s2_15,val,Log-Mel CNN,0.12275417894124985,0.17832201719284058
seg_000179,sample_00059,Empty Pockets - Pete Prodoehl,0,0.06070993095636368,cnn_revised_20260919T110440Z,cnn_s2_15,val,Log-Mel CNN,0.12275417894124985,0.17832201719284058
seg_000195,sample_00065,Evil Cannot Create - Caleb Lemond,0,0.0441327840089798,cnn_revised_20260919T110440Z,cnn_s2_15,val,Log-Mel CNN,0.12275417894124985,0.17832201719284058
seg_000196,sample_00065,Evil Cannot Create - Caleb Lemond,0,0.6426236033439636,cnn_revised_20260919T110440Z,cnn_s2_15,val,Log-Mel CNN,0.12275417894124985,0.17832201719284058
seg_000197,sample_00065,Evil Cannot Create - Caleb Lemond,0,0.3257337510585785,cnn_revised_20260919T110440Z,cnn_s2_15,val,Log-Mel CNN,0.12275417894124985,0.17832201719284058
seg_000201,sample_00067,Fear - Los Fancy Free,0,0.0004499019414652139,cnn_revised_20260919T110440Z,cnn_s2_15,val,Log-Mel CNN,0.12275417894124985,0.17832201719284058
seg_000202,sample_00067,Fear - Los Fancy Free,0,0.00271368445828557,cnn_revised_20260919T110440Z,cnn_s2_15,val,Log-Mel CNN,0.12275417894124985,0.17832201719284058
seg_000203,sample_00067,Fear - Los Fancy Free,0,0.003897450165823102,cnn_revised_20260919T110440Z,cnn_s2_15,val,Log-Mel CNN,0.12275417894124985,0.17832201719284058
seg_000204,sample_00068,Fifth Ramble - From the album Keith [RSVP007] - My brother Daniel,0,0.7628290057182312,cnn_revised_20260919T110440Z,cnn_s2_15,val,Log-Mel CNN,0.12275417894124985,0.17832201719284058
seg_000205,sample_00068,Fifth Ramble - From the album Keith [RSVP007] - My brother Daniel,0,0.8201867341995239,cnn_revised_20260919T110440Z,cnn_s2_15,val,Log-Mel CNN,0.12275417894124985,0.17832201719284058
seg_000206,sample_00068,Fifth Ramble - From the album Keith [RSVP007] - My brother Daniel,0,0.7532841563224792,cnn_revised_20260919T110440Z,cnn_s2_15,val,Log-Mel CNN,0.12275417894124985,0.17832201719284058
seg_000240,sample_00080,Gila Monster Flop/Music History Lesson:The Sonics - The Crypts!,0,0.004958187695592642,cnn_revised_20260919T110440Z,cnn_s2_15,val,Log-Mel CNN,0.12275417894124985,0.17832201719284058
seg_000241,sample_00080,Gila Monster Flop/Music History Lesson:The Sonics - The Crypts!,0,0.0027135268319398165,cnn_revised_20260919T110440Z,cnn_s2_15,val,Log-Mel CNN,0.12275417894124985,0.17832201719284058
seg_000242,sample_00080,Gila Monster Flop/Music History Lesson:The Sonics - The Crypts!,0,0.0015827390598133206,cnn_revised_20260919T110440Z,cnn_s2_15,val,Log-Mel CNN,0.12275417894124985,0.17832201719284058
seg_000285,sample_00095,I Fell - Mod Fun,0,0.00047038320917636156,cnn_revised_20260919T110440Z,cnn_s2_15,val,Log-Mel CNN,0.12275417894124985,0.17832201719284058
seg_000286,sample_00095,I Fell - Mod Fun,0,0.0018792374758049846,cnn_revised_20260919T110440Z,cnn_s2_15,val,Log-Mel CNN,0.12275417894124985,0.17832201719284058
seg_000287,sample_00095,I Fell - Mod Fun,0,0.002237796550616622,cnn_revised_20260919T110440Z,cnn_s2_15,val,Log-Mel CNN,0.12275417894124985,0.17832201719284058
seg_000297,sample_00099,If You're Ther - Nicola Ratti,0,0.10935487598180771,cnn_revised_20260919T110440Z,cnn_s2_15,val,Log-Mel CNN,0.12275417894124985,0.17832201719284058
seg_000298,sample_00099,If You're Ther - Nicola Ratti,0,0.016363488510251045,cnn_revised_20260919T110440Z,cnn_s2_15,val,Log-Mel CNN,0.12275417894124985,0.17832201719284058
seg_000299,sample_00099,If You're Ther - Nicola Ratti,0,0.007617409341037273,cnn_revised_20260919T110440Z,cnn_s2_15,val,Log-Mel CNN,0.12275417894124985,0.17832201719284058
seg_000342,sample_00114,Kumorizoranohajimarutokoro - Hosomi,0,0.03241629898548126,cnn_revised_20260919T110440Z,cnn_s2_15,val,Log-Mel CNN,0.12275417894124985,0.17832201719284058
seg_000343,sample_00114,Kumorizoranohajimarutokoro - Hosomi,0,0.08909358084201813,cnn_revised_20260919T110440Z,cnn_s2_15,val,Log-Mel CNN,0.12275417894124985,0.17832201719284058
seg_000344,sample_00114,Kumorizoranohajimarutokoro - Hosomi,0,0.1418091356754303,cnn_revised_20260919T110440Z,cnn_s2_15,val,Log-Mel CNN,0.12275417894124985,0.17832201719284058
seg_000384,sample_00128,Lights Up - Pipe Choir,0,0.011089685373008251,cnn_revised_20260919T110440Z,cnn_s2_15,val,Log-Mel CNN,0.12275417894124985,0.17832201719284058
seg_000385,sample_00128,Lights Up - Pipe Choir,0,0.1073579341173172,cnn_revised_20260919T110440Z,cnn_s2_15,val,Log-Mel CNN,0.12275417894124985,0.17832201719284058
seg_000386,sample_00128,Lights Up - Pipe Choir,0,0.03703610971570015,cnn_revised_20260919T110440Z,cnn_s2_15,val,Log-Mel CNN,0.12275417894124985,0.17832201719284058
seg_000399,sample_00133,Loved Ones - Rowan Box,0,0.001430250471457839,cnn_revised_20260919T110440Z,cnn_s2_15,val,Log-Mel CNN,0.12275417894124985,0.17832201719284058
seg_000400,sample_00133,Loved Ones - Rowan Box,0,0.0049266810528934,cnn_revised_20260919T110440Z,cnn_s2_15,val,Log-Mel CNN,0.12275417894124985,0.17832201719284058
seg_000401,sample_00133,Loved Ones - Rowan Box,0,0.0019144626567140222,cnn_revised_20260919T110440Z,cnn_s2_15,val,Log-Mel CNN,0.12275417894124985,0.17832201719284058
seg_000408,sample_00136,March of the GPA Mechanics - [t]ghost,0,0.009469999931752682,cnn_revised_20260919T110440Z,cnn_s2_15,val,Log-Mel CNN,0.12275417894124985,0.17832201719284058
seg_000409,sample_00136,March of the GPA Mechanics - [t]ghost,0,0.042580585926771164,cnn_revised_20260919T110440Z,cnn_s2_15,val,Log-Mel CNN,0.12275417894124985,0.17832201719284058
seg_000410,sample_00136,March of the GPA Mechanics - [t]ghost,0,0.009959214366972446,cnn_revised_20260919T110440Z,cnn_s2_15,val,Log-Mel CNN,0.12275417894124985,0.17832201719284058
seg_000426,sample_00142,Morning Bell - Nihilore,0,0.026210840791463852,cnn_revised_20260919T110440Z,cnn_s2_15,val,Log-Mel CNN,0.12275417894124985,0.17832201719284058
seg_000427,sample_00142,Morning Bell - Nihilore,0,0.10473086684942245,cnn_revised_20260919T110440Z,cnn_s2_15,val,Log-Mel CNN,0.12275417894124985,0.17832201719284058
seg_000428,sample_00142,Morning Bell - Nihilore,0,0.03455780819058418,cnn_revised_20260919T110440Z,cnn_s2_15,val,Log-Mel CNN,0.12275417894124985,0.17832201719284058
seg_000441,sample_00147,My Body Is A Weapon (Compromise Edit) - Silence is full of birds,0,0.03792727738618851,cnn_revised_20260919T110440Z,cnn_s2_15,val,Log-Mel CNN,0.12275417894124985,0.17832201719284058
seg_000442,sample_00147,My Body Is A Weapon (Compromise Edit) - Silence is full of birds,0,0.025453658774495125,cnn_revised_20260919T110440Z,cnn_s2_15,val,Log-Mel CNN,0.12275417894124985,0.17832201719284058
seg_000443,sample_00147,My Body Is A Weapon (Compromise Edit) - Silence is full of birds,0,0.02809067815542221,cnn_revised_20260919T110440Z,cnn_s2_15,val,Log-Mel CNN,0.12275417894124985,0.17832201719284058
seg_000453,sample_00151,New Life (take 1) - Bird Names,0,0.0005117722903378308,cnn_revised_20260919T110440Z,cnn_s2_15,val,Log-Mel CNN,0.12275417894124985,0.17832201719284058
seg_000454,sample_00151,New Life (take 1) - Bird Names,0,0.0012502034660428762,cnn_revised_20260919T110440Z,cnn_s2_15,val,Log-Mel CNN,0.12275417894124985,0.17832201719284058
seg_000455,sample_00151,New Life (take 1) - Bird Names,0,0.001903001917526126,cnn_revised_20260919T110440Z,cnn_s2_15,val,Log-Mel CNN,0.12275417894124985,0.17832201719284058
seg_000459,sample_00153,Night Drive - Decktonic,0,0.00028114437009207904,cnn_revised_20260919T110440Z,cnn_s2_15,val,Log-Mel CNN,0.12275417894124985,0.17832201719284058
seg_000460,sample_00153,Night Drive - Decktonic,0,0.018744323402643204,cnn_revised_20260919T110440Z,cnn_s2_15,val,Log-Mel CNN,0.12275417894124985,0.17832201719284058
seg_000461,sample_00153,Night Drive - Decktonic,0,0.035884078592061996,cnn_revised_20260919T110440Z,cnn_s2_15,val,Log-Mel CNN,0.12275417894124985,0.17832201719284058
seg_000468,sample_00156,Norweigian Wood II - Bird Names,0,0.0004932641750201583,cnn_revised_20260919T110440Z,cnn_s2_15,val,Log-Mel CNN,0.12275417894124985,0.17832201719284058
seg_000469,sample_00156,Norweigian Wood II - Bird Names,0,0.0024128213990479708,cnn_revised_20260919T110440Z,cnn_s2_15,val,Log-Mel CNN,0.12275417894124985,0.17832201719284058
seg_000470,sample_00156,Norweigian Wood II - Bird Names,0,0.00579431839287281,cnn_revised_20260919T110440Z,cnn_s2_15,val,Log-Mel CNN,0.12275417894124985,0.17832201719284058
seg_000480,sample_00160,Nuo Maisemat - Paavoharju,0,0.022183068096637726,cnn_revised_20260919T110440Z,cnn_s2_15,val,Log-Mel CNN,0.12275417894124985,0.17832201719284058
seg_000481,sample_00160,Nuo Maisemat - Paavoharju,0,0.03413185104727745,cnn_revised_20260919T110440Z,cnn_s2_15,val,Log-Mel CNN,0.12275417894124985,0.17832201719284058
seg_000482,sample_00160,Nuo Maisemat - Paavoharju,0,0.03126480057835579,cnn_revised_20260919T110440Z,cnn_s2_15,val,Log-Mel CNN,0.12275417894124985,0.17832201719284058
seg_000537,sample_00179,Redlight - Room For A Ghost,0,0.0017658013384789228,cnn_revised_20260919T110440Z,cnn_s2_15,val,Log-Mel CNN,0.12275417894124985,0.17832201719284058
seg_000538,sample_00179,Redlight - Room For A Ghost,0,0.0617317371070385,cnn_revised_20260919T110440Z,cnn_s2_15,val,Log-Mel CNN,0.12275417894124985,0.17832201719284058
seg_000539,sample_00179,Redlight - Room For A Ghost,0,0.11528010666370392,cnn_revised_20260919T110440Z,cnn_s2_15,val,Log-Mel CNN,0.12275417894124985,0.17832201719284058
seg_000555,sample_00185,Roller Star - Monroeville Music Center,0,0.006945935543626547,cnn_revised_20260919T110440Z,cnn_s2_15,val,Log-Mel CNN,0.12275417894124985,0.17832201719284058
seg_000556,sample_00185,Roller Star - Monroeville Music Center,0,0.013536261394619942,cnn_revised_20260919T110440Z,cnn_s2_15,val,Log-Mel CNN,0.12275417894124985,0.17832201719284058
seg_000557,sample_00185,Roller Star - Monroeville Music Center,0,0.020003080368041992,cnn_revised_20260919T110440Z,cnn_s2_15,val,Log-Mel CNN,0.12275417894124985,0.17832201719284058
seg_000561,sample_00187,"Roundtrip - Oh Yeah, the Future",0,0.001084609655663371,cnn_revised_20260919T110440Z,cnn_s2_15,val,Log-Mel CNN,0.12275417894124985,0.17832201719284058
seg_000562,sample_00187,"Roundtrip - Oh Yeah, the Future",0,0.001595055335201323,cnn_revised_20260919T110440Z,cnn_s2_15,val,Log-Mel CNN,0.12275417894124985,0.17832201719284058
seg_000563,sample_00187,"Roundtrip - Oh Yeah, the Future",0,0.005480797495692968,cnn_revised_20260919T110440Z,cnn_s2_15,val,Log-Mel CNN,0.12275417894124985,0.17832201719284058
seg_000570,sample_00190,SD (Ill Mix) - H-LR,0,0.007460897322744131,cnn_revised_20260919T110440Z,cnn_s2_15,val,Log-Mel CNN,0.12275417894124985,0.17832201719284058
seg_000571,sample_00190,SD (Ill Mix) - H-LR,0,0.052140261977910995,cnn_revised_20260919T110440Z,cnn_s2_15,val,Log-Mel CNN,0.12275417894124985,0.17832201719284058
seg_000572,sample_00190,SD (Ill Mix) - H-LR,0,0.0020827141124755144,cnn_revised_20260919T110440Z,cnn_s2_15,val,Log-Mel CNN,0.12275417894124985,0.17832201719284058
seg_000576,sample_00192,Scramby Eggs - Andy G. Cohen,0,0.003579455427825451,cnn_revised_20260919T110440Z,cnn_s2_15,val,Log-Mel CNN,0.12275417894124985,0.17832201719284058
seg_000577,sample_00192,Scramby Eggs - Andy G. Cohen,0,0.0032646008767187595,cnn_revised_20260919T110440Z,cnn_s2_15,val,Log-Mel CNN,0.12275417894124985,0.17832201719284058
seg_000578,sample_00192,Scramby Eggs - Andy G. Cohen,0,0.003977109678089619,cnn_revised_20260919T110440Z,cnn_s2_15,val,Log-Mel CNN,0.12275417894124985,0.17832201719284058
seg_000600,sample_00200,Shipwrecked Crew - Pete Prodoehl,0,0.04451209679245949,cnn_revised_20260919T110440Z,cnn_s2_15,val,Log-Mel CNN,0.12275417894124985,0.17832201719284058
seg_000601,sample_00200,Shipwrecked Crew - Pete Prodoehl,0,0.12270576506853104,cnn_revised_20260919T110440Z,cnn_s2_15,val,Log-Mel CNN,0.12275417894124985,0.17832201719284058
seg_000602,sample_00200,Shipwrecked Crew - Pete Prodoehl,0,0.22989942133426666,cnn_revised_20260919T110440Z,cnn_s2_15,val,Log-Mel CNN,0.12275417894124985,0.17832201719284058
seg_000615,sample_00205,Soleares&beats - Malaventura,0,0.07021856307983398,cnn_revised_20260919T110440Z,cnn_s2_15,val,Log-Mel CNN,0.12275417894124985,0.17832201719284058
seg_000616,sample_00205,Soleares&beats - Malaventura,0,0.0620180182158947,cnn_revised_20260919T110440Z,cnn_s2_15,val,Log-Mel CNN,0.12275417894124985,0.17832201719284058
seg_000617,sample_00205,Soleares&beats - Malaventura,0,0.1338687688112259,cnn_revised_20260919T110440Z,cnn_s2_15,val,Log-Mel CNN,0.12275417894124985,0.17832201719284058
seg_000633,sample_00211,Stockholm Syndrome / People Should Be More Aware - Bird Names,0,0.0007436454179696739,cnn_revised_20260919T110440Z,cnn_s2_15,val,Log-Mel CNN,0.12275417894124985,0.17832201719284058
seg_000634,sample_00211,Stockholm Syndrome / People Should Be More Aware - Bird Names,0,0.017265820875763893,cnn_revised_20260919T110440Z,cnn_s2_15,val,Log-Mel CNN,0.12275417894124985,0.17832201719284058
seg_000635,sample_00211,Stockholm Syndrome / People Should Be More Aware - Bird Names,0,0.0031076709274202585,cnn_revised_20260919T110440Z,cnn_s2_15,val,Log-Mel CNN,0.12275417894124985,0.17832201719284058
seg_000645,sample_00215,Sturgeon's Law - Nihilore,0,0.006940839812159538,cnn_revised_20260919T110440Z,cnn_s2_15,val,Log-Mel CNN,0.12275417894124985,0.17832201719284058
seg_000646,sample_00215,Sturgeon's Law - Nihilore,0,0.08015786111354828,cnn_revised_20260919T110440Z,cnn_s2_15,val,Log-Mel CNN,0.12275417894124985,0.17832201719284058
seg_000647,sample_00215,Sturgeon's Law - Nihilore,0,0.1590891033411026,cnn_revised_20260919T110440Z,cnn_s2_15,val,Log-Mel CNN,0.12275417894124985,0.17832201719284058
seg_000726,sample_00242,The Stairway - WarpToken,0,0.003559642471373081,cnn_revised_20260919T110440Z,cnn_s2_15,val,Log-Mel CNN,0.12275417894124985,0.17832201719284058
seg_000727,sample_00242,The Stairway - WarpToken,0,0.1790175437927246,cnn_revised_20260919T110440Z,cnn_s2_15,val,Log-Mel CNN,0.12275417894124985,0.17832201719284058
seg_000728,sample_00242,The Stairway - WarpToken,0,0.017040938138961792,cnn_revised_20260919T110440Z,cnn_s2_15,val,Log-Mel CNN,0.12275417894124985,0.17832201719284058
seg_000729,sample_00243,The girl just faded - Los Llamarada,0,0.0011252841213718057,cnn_revised_20260919T110440Z,cnn_s2_15,val,Log-Mel CNN,0.12275417894124985,0.17832201719284058
seg_000730,sample_00243,The girl just faded - Los Llamarada,0,0.009935513138771057,cnn_revised_20260919T110440Z,cnn_s2_15,val,Log-Mel CNN,0.12275417894124985,0.17832201719284058
seg_000731,sample_00243,The girl just faded - Los Llamarada,0,0.006802803836762905,cnn_revised_20260919T110440Z,cnn_s2_15,val,Log-Mel CNN,0.12275417894124985,0.17832201719284058
seg_000735,sample_00245,Three Bird - My brother Daniel,0,0.010779669508337975,cnn_revised_20260919T110440Z,cnn_s2_15,val,Log-Mel CNN,0.12275417894124985,0.17832201719284058
seg_000736,sample_00245,Three Bird - My brother Daniel,0,0.004493915010243654,cnn_revised_20260919T110440Z,cnn_s2_15,val,Log-Mel CNN,0.12275417894124985,0.17832201719284058
seg_000737,sample_00245,Three Bird - My brother Daniel,0,0.020435776561498642,cnn_revised_20260919T110440Z,cnn_s2_15,val,Log-Mel CNN,0.12275417894124985,0.17832201719284058
seg_000738,sample_00246,Time Is Love - Silence is full of birds,0,0.008438969030976295,cnn_revised_20260919T110440Z,cnn_s2_15,val,Log-Mel CNN,0.12275417894124985,0.17832201719284058
seg_000739,sample_00246,Time Is Love - Silence is full of birds,0,0.022499999031424522,cnn_revised_20260919T110440Z,cnn_s2_15,val,Log-Mel CNN,0.12275417894124985,0.17832201719284058
seg_000740,sample_00246,Time Is Love - Silence is full of birds,0,0.017285484820604324,cnn_revised_20260919T110440Z,cnn_s2_15,val,Log-Mel CNN,0.12275417894124985,0.17832201719284058
seg_000744,sample_00248,Timen Passing By - Jason Shaw,0,0.020932357758283615,cnn_revised_20260919T110440Z,cnn_s2_15,val,Log-Mel CNN,0.12275417894124985,0.17832201719284058
seg_000745,sample_00248,Timen Passing By - Jason Shaw,0,0.01358965877443552,cnn_revised_20260919T110440Z,cnn_s2_15,val,Log-Mel CNN,0.12275417894124985,0.17832201719284058
seg_000746,sample_00248,Timen Passing By - Jason Shaw,0,0.015472861006855965,cnn_revised_20260919T110440Z,cnn_s2_15,val,Log-Mel CNN,0.12275417894124985,0.17832201719284058
seg_000765,sample_00255,Understand That This Is A Dream - From the album Modulating Coil [RSVP008] - Forrest James,0,0.020067352801561356,cnn_revised_20260919T110440Z,cnn_s2_15,val,Log-Mel CNN,0.12275417894124985,0.17832201719284058
seg_000766,sample_00255,Understand That This Is A Dream - From the album Modulating Coil [RSVP008] - Forrest James,0,0.01272729691118002,cnn_revised_20260919T110440Z,cnn_s2_15,val,Log-Mel CNN,0.12275417894124985,0.17832201719284058
seg_000767,sample_00255,Understand That This Is A Dream - From the album Modulating Coil [RSVP008] - Forrest James,0,0.04439030960202217,cnn_revised_20260919T110440Z,cnn_s2_15,val,Log-Mel CNN,0.12275417894124985,0.17832201719284058
seg_000783,sample_00261,Voxel - Andy G. Cohen,0,0.002968862187117338,cnn_revised_20260919T110440Z,cnn_s2_15,val,Log-Mel CNN,0.12275417894124985,0.17832201719284058
seg_000784,sample_00261,Voxel - Andy G. Cohen,0,0.013113763183355331,cnn_revised_20260919T110440Z,cnn_s2_15,val,Log-Mel CNN,0.12275417894124985,0.17832201719284058
seg_000785,sample_00261,Voxel - Andy G. Cohen,0,0.010293584316968918,cnn_revised_20260919T110440Z,cnn_s2_15,val,Log-Mel CNN,0.12275417894124985,0.17832201719284058
seg_000801,sample_00267,Westside Chillers - Little Glass Men,0,0.015292676165699959,cnn_revised_20260919T110440Z,cnn_s2_15,val,Log-Mel CNN,0.12275417894124985,0.17832201719284058
seg_000802,sample_00267,Westside Chillers - Little Glass Men,0,0.014175205491483212,cnn_revised_20260919T110440Z,cnn_s2_15,val,Log-Mel CNN,0.12275417894124985,0.17832201719284058
seg_000803,sample_00267,Westside Chillers - Little Glass Men,0,0.0016759287100285292,cnn_revised_20260919T110440Z,cnn_s2_15,val,Log-Mel CNN,0.12275417894124985,0.17832201719284058
seg_000819,sample_00273,Windows of the Skull - Sarin,0,0.0022736454848200083,cnn_revised_20260919T110440Z,cnn_s2_15,val,Log-Mel CNN,0.12275417894124985,0.17832201719284058
seg_000820,sample_00273,Windows of the Skull - Sarin,0,0.010172433219850063,cnn_revised_20260919T110440Z,cnn_s2_15,val,Log-Mel CNN,0.12275417894124985,0.17832201719284058
seg_000821,sample_00273,Windows of the Skull - Sarin,0,0.007009570486843586,cnn_revised_20260919T110440Z,cnn_s2_15,val,Log-Mel CNN,0.12275417894124985,0.17832201719284058
seg_000858,sample_00286,mystery team 2090 - Jesse Futerman,0,0.030604802072048187,cnn_revised_20260919T110440Z,cnn_s2_15,val,Log-Mel CNN,0.12275417894124985,0.17832201719284058
seg_000859,sample_00286,mystery team 2090 - Jesse Futerman,0,0.0231524296104908,cnn_revised_20260919T110440Z,cnn_s2_15,val,Log-Mel CNN,0.12275417894124985,0.17832201719284058
seg_000860,sample_00286,mystery team 2090 - Jesse Futerman,0,0.03219429403543472,cnn_revised_20260919T110440Z,cnn_s2_15,val,Log-Mel CNN,0.12275417894124985,0.17832201719284058
seg_000870,sample_00290,some dextromethorphan - Jeva,0,0.004719305317848921,cnn_revised_20260919T110440Z,cnn_s2_15,val,Log-Mel CNN,0.12275417894124985,0.17832201719284058
seg_000871,sample_00290,some dextromethorphan - Jeva,0,0.0048643141053617,cnn_revised_20260919T110440Z,cnn_s2_15,val,Log-Mel CNN,0.12275417894124985,0.17832201719284058
seg_000872,sample_00290,some dextromethorphan - Jeva,0,0.007464153692126274,cnn_revised_20260919T110440Z,cnn_s2_15,val,Log-Mel CNN,0.12275417894124985,0.17832201719284058
seg_000876,sample_00292,В Наших Сердцах - Чокнутый Пропеллер,0,0.15233293175697327,cnn_revised_20260919T110440Z,cnn_s2_15,val,Log-Mel CNN,0.12275417894124985,0.17832201719284058
seg_000877,sample_00292,В Наших Сердцах - Чокнутый Пропеллер,0,0.11843248456716537,cnn_revised_20260919T110440Z,cnn_s2_15,val,Log-Mel CNN,0.12275417894124985,0.17832201719284058
seg_000878,sample_00292,В Наших Сердцах - Чокнутый Пропеллер,0,0.1947290152311325,cnn_revised_20260919T110440Z,cnn_s2_15,val,Log-Mel CNN,0.12275417894124985,0.17832201719284058
seg_000885,sample_00295,Новый Нью-Йорк 2 - Чокнутый Пропеллер,0,0.06938217580318451,cnn_revised_20260919T110440Z,cnn_s2_15,val,Log-Mel CNN,0.12275417894124985,0.17832201719284058
seg_000886,sample_00295,Новый Нью-Йорк 2 - Чокнутый Пропеллер,0,0.11154578626155853,cnn_revised_20260919T110440Z,cnn_s2_15,val,Log-Mel CNN,0.12275417894124985,0.17832201719284058
seg_000887,sample_00295,Новый Нью-Йорк 2 - Чокнутый Пропеллер,0,0.16103588044643402,cnn_revised_20260919T110440Z,cnn_s2_15,val,Log-Mel CNN,0.12275417894124985,0.17832201719284058
seg_000897,sample_00299,2 (Wasn't There) - Isle of Pine,1,0.5342806577682495,cnn_revised_20260919T110440Z,cnn_s2_15,val,Log-Mel CNN,0.12275417894124985,0.17832201719284058
seg_000898,sample_00299,2 (Wasn't There) - Isle of Pine,1,0.36262452602386475,cnn_revised_20260919T110440Z,cnn_s2_15,val,Log-Mel CNN,0.12275417894124985,0.17832201719284058
seg_000899,sample_00299,2 (Wasn't There) - Isle of Pine,1,0.8859206438064575,cnn_revised_20260919T110440Z,cnn_s2_15,val,Log-Mel CNN,0.12275417894124985,0.17832201719284058
seg_000918,sample_00306,Agora - Malaventura,1,0.7742083072662354,cnn_revised_20260919T110440Z,cnn_s2_15,val,Log-Mel CNN,0.12275417894124985,0.17832201719284058
seg_000919,sample_00306,Agora - Malaventura,1,0.6681232452392578,cnn_revised_20260919T110440Z,cnn_s2_15,val,Log-Mel CNN,0.12275417894124985,0.17832201719284058
seg_000920,sample_00306,Agora - Malaventura,1,0.8904630541801453,cnn_revised_20260919T110440Z,cnn_s2_15,val,Log-Mel CNN,0.12275417894124985,0.17832201719284058
seg_000969,sample_00323,Beyond Luxury - Mors Ontologica,1,0.42106893658638,cnn_revised_20260919T110440Z,cnn_s2_15,val,Log-Mel CNN,0.12275417894124985,0.17832201719284058
seg_000970,sample_00323,Beyond Luxury - Mors Ontologica,1,0.6452686786651611,cnn_revised_20260919T110440Z,cnn_s2_15,val,Log-Mel CNN,0.12275417894124985,0.17832201719284058
seg_000971,sample_00323,Beyond Luxury - Mors Ontologica,1,0.9210168719291687,cnn_revised_20260919T110440Z,cnn_s2_15,val,Log-Mel CNN,0.12275417894124985,0.17832201719284058
seg_001014,sample_00338,CopperNickle - UncleBibby,1,0.20892217755317688,cnn_revised_20260919T110440Z,cnn_s2_15,val,Log-Mel CNN,0.12275417894124985,0.17832201719284058
seg_001015,sample_00338,CopperNickle - UncleBibby,1,0.20333904027938843,cnn_revised_20260919T110440Z,cnn_s2_15,val,Log-Mel CNN,0.12275417894124985,0.17832201719284058
seg_001016,sample_00338,CopperNickle - UncleBibby,1,0.2514580190181732,cnn_revised_20260919T110440Z,cnn_s2_15,val,Log-Mel CNN,0.12275417894124985,0.17832201719284058
seg_001029,sample_00343,Daylight Savings - My brother Daniel,1,0.2707624137401581,cnn_revised_20260919T110440Z,cnn_s2_15,val,Log-Mel CNN,0.12275417894124985,0.17832201719284058
seg_001030,sample_00343,Daylight Savings - My brother Daniel,1,0.1477668285369873,cnn_revised_20260919T110440Z,cnn_s2_15,val,Log-Mel CNN,0.12275417894124985,0.17832201719284058
seg_001031,sample_00343,Daylight Savings - My brother Daniel,1,0.9400274753570557,cnn_revised_20260919T110440Z,cnn_s2_15,val,Log-Mel CNN,0.12275417894124985,0.17832201719284058
seg_001065,sample_00355,Empty Pockets - Pete Prodoehl,1,0.5889120697975159,cnn_revised_20260919T110440Z,cnn_s2_15,val,Log-Mel CNN,0.12275417894124985,0.17832201719284058
seg_001066,sample_00355,Empty Pockets - Pete Prodoehl,1,0.8401641249656677,cnn_revised_20260919T110440Z,cnn_s2_15,val,Log-Mel CNN,0.12275417894124985,0.17832201719284058
seg_001067,sample_00355,Empty Pockets - Pete Prodoehl,1,0.9060882925987244,cnn_revised_20260919T110440Z,cnn_s2_15,val,Log-Mel CNN,0.12275417894124985,0.17832201719284058
seg_001083,sample_00361,Evil Cannot Create - Caleb Lemond,1,0.8043306469917297,cnn_revised_20260919T110440Z,cnn_s2_15,val,Log-Mel CNN,0.12275417894124985,0.17832201719284058
seg_001084,sample_00361,Evil Cannot Create - Caleb Lemond,1,0.8043915033340454,cnn_revised_20260919T110440Z,cnn_s2_15,val,Log-Mel CNN,0.12275417894124985,0.17832201719284058
seg_001085,sample_00361,Evil Cannot Create - Caleb Lemond,1,0.9758829474449158,cnn_revised_20260919T110440Z,cnn_s2_15,val,Log-Mel CNN,0.12275417894124985,0.17832201719284058
seg_001089,sample_00363,Fear - Los Fancy Free,1,0.18970157206058502,cnn_revised_20260919T110440Z,cnn_s2_15,val,Log-Mel CNN,0.12275417894124985,0.17832201719284058
seg_001090,sample_00363,Fear - Los Fancy Free,1,0.14080294966697693,cnn_revised_20260919T110440Z,cnn_s2_15,val,Log-Mel CNN,0.12275417894124985,0.17832201719284058
seg_001091,sample_00363,Fear - Los Fancy Free,1,0.6836697459220886,cnn_revised_20260919T110440Z,cnn_s2_15,val,Log-Mel CNN,0.12275417894124985,0.17832201719284058
seg_001092,sample_00364,Fifth Ramble - From the album Keith [RSVP007] - My brother Daniel,1,0.25160300731658936,cnn_revised_20260919T110440Z,cnn_s2_15,val,Log-Mel CNN,0.12275417894124985,0.17832201719284058
seg_001093,sample_00364,Fifth Ramble - From the album Keith [RSVP007] - My brother Daniel,1,0.21225698292255402,cnn_revised_20260919T110440Z,cnn_s2_15,val,Log-Mel CNN,0.12275417894124985,0.17832201719284058
seg_001094,sample_00364,Fifth Ramble - From the album Keith [RSVP007] - My brother Daniel,1,0.9439685940742493,cnn_revised_20260919T110440Z,cnn_s2_15,val,Log-Mel CNN,0.12275417894124985,0.17832201719284058
seg_001128,sample_00376,Gila Monster Flop/Music History Lesson:The Sonics - The Crypts!,1,0.2463923841714859,cnn_revised_20260919T110440Z,cnn_s2_15,val,Log-Mel CNN,0.12275417894124985,0.17832201719284058
seg_001129,sample_00376,Gila Monster Flop/Music History Lesson:The Sonics - The Crypts!,1,0.03703184425830841,cnn_revised_20260919T110440Z,cnn_s2_15,val,Log-Mel CNN,0.12275417894124985,0.17832201719284058
seg_001130,sample_00376,Gila Monster Flop/Music History Lesson:The Sonics - The Crypts!,1,0.011508299969136715,cnn_revised_20260919T110440Z,cnn_s2_15,val,Log-Mel CNN,0.12275417894124985,0.17832201719284058
seg_001161,sample_00387,If You're Ther - Nicola Ratti,1,0.6966874003410339,cnn_revised_20260919T110440Z,cnn_s2_15,val,Log-Mel CNN,0.12275417894124985,0.17832201719284058
seg_001162,sample_00387,If You're Ther - Nicola Ratti,1,0.7895804643630981,cnn_revised_20260919T110440Z,cnn_s2_15,val,Log-Mel CNN,0.12275417894124985,0.17832201719284058
seg_001163,sample_00387,If You're Ther - Nicola Ratti,1,0.8535081148147583,cnn_revised_20260919T110440Z,cnn_s2_15,val,Log-Mel CNN,0.12275417894124985,0.17832201719284058
seg_001191,sample_00397,I Fell - Mod Fun,1,0.8362372517585754,cnn_revised_20260919T110440Z,cnn_s2_15,val,Log-Mel CNN,0.12275417894124985,0.17832201719284058
seg_001192,sample_00397,I Fell - Mod Fun,1,0.9135509133338928,cnn_revised_20260919T110440Z,cnn_s2_15,val,Log-Mel CNN,0.12275417894124985,0.17832201719284058
seg_001193,sample_00397,I Fell - Mod Fun,1,0.8261932134628296,cnn_revised_20260919T110440Z,cnn_s2_15,val,Log-Mel CNN,0.12275417894124985,0.17832201719284058
seg_001239,sample_00413,Kumorizoranohajimarutokoro - Hosomi,1,0.910757839679718,cnn_revised_20260919T110440Z,cnn_s2_15,val,Log-Mel CNN,0.12275417894124985,0.17832201719284058
seg_001240,sample_00413,Kumorizoranohajimarutokoro - Hosomi,1,0.521122932434082,cnn_revised_20260919T110440Z,cnn_s2_15,val,Log-Mel CNN,0.12275417894124985,0.17832201719284058
seg_001241,sample_00413,Kumorizoranohajimarutokoro - Hosomi,1,0.717962384223938,cnn_revised_20260919T110440Z,cnn_s2_15,val,Log-Mel CNN,0.12275417894124985,0.17832201719284058
seg_001275,sample_00425,Lights Up - Pipe Choir,1,0.2760586440563202,cnn_revised_20260919T110440Z,cnn_s2_15,val,Log-Mel CNN,0.12275417894124985,0.17832201719284058
seg_001276,sample_00425,Lights Up - Pipe Choir,1,0.0024338250514119864,cnn_revised_20260919T110440Z,cnn_s2_15,val,Log-Mel CNN,0.12275417894124985,0.17832201719284058
seg_001277,sample_00425,Lights Up - Pipe Choir,1,0.5083658695220947,cnn_revised_20260919T110440Z,cnn_s2_15,val,Log-Mel CNN,0.12275417894124985,0.17832201719284058
seg_001293,sample_00431,Loved Ones - Rowan Box,1,0.9729490280151367,cnn_revised_20260919T110440Z,cnn_s2_15,val,Log-Mel CNN,0.12275417894124985,0.17832201719284058
seg_001294,sample_00431,Loved Ones - Rowan Box,1,0.9641069769859314,cnn_revised_20260919T110440Z,cnn_s2_15,val,Log-Mel CNN,0.12275417894124985,0.17832201719284058
seg_001295,sample_00431,Loved Ones - Rowan Box,1,0.991430938243866,cnn_revised_20260919T110440Z,cnn_s2_15,val,Log-Mel CNN,0.12275417894124985,0.17832201719284058
seg_001305,sample_00435,March of the GPA Mechanics - [t]ghost,1,0.9148442149162292,cnn_revised_20260919T110440Z,cnn_s2_15,val,Log-Mel CNN,0.12275417894124985,0.17832201719284058
seg_001306,sample_00435,March of the GPA Mechanics - [t]ghost,1,0.0764906033873558,cnn_revised_20260919T110440Z,cnn_s2_15,val,Log-Mel CNN,0.12275417894124985,0.17832201719284058
seg_001307,sample_00435,March of the GPA Mechanics - [t]ghost,1,0.6462913155555725,cnn_revised_20260919T110440Z,cnn_s2_15,val,Log-Mel CNN,0.12275417894124985,0.17832201719284058
seg_001326,sample_00442,Morning Bell - Nihilore,1,0.6831473112106323,cnn_revised_20260919T110440Z,cnn_s2_15,val,Log-Mel CNN,0.12275417894124985,0.17832201719284058
seg_001327,sample_00442,Morning Bell - Nihilore,1,0.09337271004915237,cnn_revised_20260919T110440Z,cnn_s2_15,val,Log-Mel CNN,0.12275417894124985,0.17832201719284058
seg_001328,sample_00442,Morning Bell - Nihilore,1,0.6842505931854248,cnn_revised_20260919T110440Z,cnn_s2_15,val,Log-Mel CNN,0.12275417894124985,0.17832201719284058
seg_001341,sample_00447,mystery team 2090 - Jesse Futerman,1,0.1776336431503296,cnn_revised_20260919T110440Z,cnn_s2_15,val,Log-Mel CNN,0.12275417894124985,0.17832201719284058
seg_001342,sample_00447,mystery team 2090 - Jesse Futerman,1,0.5386942028999329,cnn_revised_20260919T110440Z,cnn_s2_15,val,Log-Mel CNN,0.12275417894124985,0.17832201719284058
seg_001343,sample_00447,mystery team 2090 - Jesse Futerman,1,0.5697116255760193,cnn_revised_20260919T110440Z,cnn_s2_15,val,Log-Mel CNN,0.12275417894124985,0.17832201719284058
seg_001344,sample_00448,My Body Is A Weapon (Compromise Edit) - Silence is full of birds,1,0.48504871129989624,cnn_revised_20260919T110440Z,cnn_s2_15,val,Log-Mel CNN,0.12275417894124985,0.17832201719284058
seg_001345,sample_00448,My Body Is A Weapon (Compromise Edit) - Silence is full of birds,1,0.13845430314540863,cnn_revised_20260919T110440Z,cnn_s2_15,val,Log-Mel CNN,0.12275417894124985,0.17832201719284058
seg_001346,sample_00448,My Body Is A Weapon (Compromise Edit) - Silence is full of birds,1,0.784364640712738,cnn_revised_20260919T110440Z,cnn_s2_15,val,Log-Mel CNN,0.12275417894124985,0.17832201719284058
seg_001356,sample_00452,New Life (take 1) - Bird Names,1,0.9564065337181091,cnn_revised_20260919T110440Z,cnn_s2_15,val,Log-Mel CNN,0.12275417894124985,0.17832201719284058
seg_001357,sample_00452,New Life (take 1) - Bird Names,1,0.9013057947158813,cnn_revised_20260919T110440Z,cnn_s2_15,val,Log-Mel CNN,0.12275417894124985,0.17832201719284058
seg_001358,sample_00452,New Life (take 1) - Bird Names,1,0.5860204696655273,cnn_revised_20260919T110440Z,cnn_s2_15,val,Log-Mel CNN,0.12275417894124985,0.17832201719284058
seg_001362,sample_00454,Night Drive - Decktonic,1,0.9376906752586365,cnn_revised_20260919T110440Z,cnn_s2_15,val,Log-Mel CNN,0.12275417894124985,0.17832201719284058
seg_001363,sample_00454,Night Drive - Decktonic,1,0.9387739300727844,cnn_revised_20260919T110440Z,cnn_s2_15,val,Log-Mel CNN,0.12275417894124985,0.17832201719284058
seg_001364,sample_00454,Night Drive - Decktonic,1,0.8807738423347473,cnn_revised_20260919T110440Z,cnn_s2_15,val,Log-Mel CNN,0.12275417894124985,0.17832201719284058
seg_001371,sample_00457,Norweigian Wood II - Bird Names,1,0.2781418561935425,cnn_revised_20260919T110440Z,cnn_s2_15,val,Log-Mel CNN,0.12275417894124985,0.17832201719284058
seg_001372,sample_00457,Norweigian Wood II - Bird Names,1,0.1311047375202179,cnn_revised_20260919T110440Z,cnn_s2_15,val,Log-Mel CNN,0.12275417894124985,0.17832201719284058
seg_001373,sample_00457,Norweigian Wood II - Bird Names,1,0.9125230312347412,cnn_revised_20260919T110440Z,cnn_s2_15,val,Log-Mel CNN,0.12275417894124985,0.17832201719284058
seg_001383,sample_00461,Nuo Maisemat - Paavoharju,1,0.9710927605628967,cnn_revised_20260919T110440Z,cnn_s2_15,val,Log-Mel CNN,0.12275417894124985,0.17832201719284058
seg_001384,sample_00461,Nuo Maisemat - Paavoharju,1,0.811067521572113,cnn_revised_20260919T110440Z,cnn_s2_15,val,Log-Mel CNN,0.12275417894124985,0.17832201719284058
seg_001385,sample_00461,Nuo Maisemat - Paavoharju,1,0.7984898686408997,cnn_revised_20260919T110440Z,cnn_s2_15,val,Log-Mel CNN,0.12275417894124985,0.17832201719284058
seg_001446,sample_00482,Redlight - Room For A Ghost,1,0.8307598233222961,cnn_revised_20260919T110440Z,cnn_s2_15,val,Log-Mel CNN,0.12275417894124985,0.17832201719284058
seg_001447,sample_00482,Redlight - Room For A Ghost,1,0.1339442878961563,cnn_revised_20260919T110440Z,cnn_s2_15,val,Log-Mel CNN,0.12275417894124985,0.17832201719284058
seg_001448,sample_00482,Redlight - Room For A Ghost,1,0.10291726887226105,cnn_revised_20260919T110440Z,cnn_s2_15,val,Log-Mel CNN,0.12275417894124985,0.17832201719284058
seg_001464,sample_00488,Roller Star - Monroeville Music Center,1,0.845165491104126,cnn_revised_20260919T110440Z,cnn_s2_15,val,Log-Mel CNN,0.12275417894124985,0.17832201719284058
seg_001465,sample_00488,Roller Star - Monroeville Music Center,1,0.9987123012542725,cnn_revised_20260919T110440Z,cnn_s2_15,val,Log-Mel CNN,0.12275417894124985,0.17832201719284058
seg_001466,sample_00488,Roller Star - Monroeville Music Center,1,0.992567777633667,cnn_revised_20260919T110440Z,cnn_s2_15,val,Log-Mel CNN,0.12275417894124985,0.17832201719284058
seg_001470,sample_00490,"Roundtrip - Oh Yeah, the Future",1,0.9909109473228455,cnn_revised_20260919T110440Z,cnn_s2_15,val,Log-Mel CNN,0.12275417894124985,0.17832201719284058
seg_001471,sample_00490,"Roundtrip - Oh Yeah, the Future",1,0.9595329165458679,cnn_revised_20260919T110440Z,cnn_s2_15,val,Log-Mel CNN,0.12275417894124985,0.17832201719284058
seg_001472,sample_00490,"Roundtrip - Oh Yeah, the Future",1,0.9830217361450195,cnn_revised_20260919T110440Z,cnn_s2_15,val,Log-Mel CNN,0.12275417894124985,0.17832201719284058
seg_001482,sample_00494,Scramby Eggs - Andy G. Cohen,1,0.31783774495124817,cnn_revised_20260919T110440Z,cnn_s2_15,val,Log-Mel CNN,0.12275417894124985,0.17832201719284058
seg_001483,sample_00494,Scramby Eggs - Andy G. Cohen,1,0.7896220088005066,cnn_revised_20260919T110440Z,cnn_s2_15,val,Log-Mel CNN,0.12275417894124985,0.17832201719284058
seg_001484,sample_00494,Scramby Eggs - Andy G. Cohen,1,0.8996595144271851,cnn_revised_20260919T110440Z,cnn_s2_15,val,Log-Mel CNN,0.12275417894124985,0.17832201719284058
seg_001485,sample_00495,SD (Ill Mix) - H-LR,1,0.8027915358543396,cnn_revised_20260919T110440Z,cnn_s2_15,val,Log-Mel CNN,0.12275417894124985,0.17832201719284058
seg_001486,sample_00495,SD (Ill Mix) - H-LR,1,0.8953897953033447,cnn_revised_20260919T110440Z,cnn_s2_15,val,Log-Mel CNN,0.12275417894124985,0.17832201719284058
seg_001487,sample_00495,SD (Ill Mix) - H-LR,1,0.936935544013977,cnn_revised_20260919T110440Z,cnn_s2_15,val,Log-Mel CNN,0.12275417894124985,0.17832201719284058
seg_001509,sample_00503,Shipwrecked Crew - Pete Prodoehl,1,0.4530155658721924,cnn_revised_20260919T110440Z,cnn_s2_15,val,Log-Mel CNN,0.12275417894124985,0.17832201719284058
seg_001510,sample_00503,Shipwrecked Crew - Pete Prodoehl,1,0.30861130356788635,cnn_revised_20260919T110440Z,cnn_s2_15,val,Log-Mel CNN,0.12275417894124985,0.17832201719284058
seg_001511,sample_00503,Shipwrecked Crew - Pete Prodoehl,1,0.6109486222267151,cnn_revised_20260919T110440Z,cnn_s2_15,val,Log-Mel CNN,0.12275417894124985,0.17832201719284058
seg_001527,sample_00509,Soleares&beats - Malaventura,1,0.045797958970069885,cnn_revised_20260919T110440Z,cnn_s2_15,val,Log-Mel CNN,0.12275417894124985,0.17832201719284058
seg_001528,sample_00509,Soleares&beats - Malaventura,1,0.6816089749336243,cnn_revised_20260919T110440Z,cnn_s2_15,val,Log-Mel CNN,0.12275417894124985,0.17832201719284058
seg_001529,sample_00509,Soleares&beats - Malaventura,1,0.5372874736785889,cnn_revised_20260919T110440Z,cnn_s2_15,val,Log-Mel CNN,0.12275417894124985,0.17832201719284058
seg_001533,sample_00511,some dextromethorphan - Jeva,1,0.9918614625930786,cnn_revised_20260919T110440Z,cnn_s2_15,val,Log-Mel CNN,0.12275417894124985,0.17832201719284058
seg_001534,sample_00511,some dextromethorphan - Jeva,1,0.9985939860343933,cnn_revised_20260919T110440Z,cnn_s2_15,val,Log-Mel CNN,0.12275417894124985,0.17832201719284058
seg_001535,sample_00511,some dextromethorphan - Jeva,1,0.8214718103408813,cnn_revised_20260919T110440Z,cnn_s2_15,val,Log-Mel CNN,0.12275417894124985,0.17832201719284058
seg_001548,sample_00516,Stockholm Syndrome / People Should Be More Aware - Bird Names,1,0.3403289020061493,cnn_revised_20260919T110440Z,cnn_s2_15,val,Log-Mel CNN,0.12275417894124985,0.17832201719284058
seg_001549,sample_00516,Stockholm Syndrome / People Should Be More Aware - Bird Names,1,0.21346253156661987,cnn_revised_20260919T110440Z,cnn_s2_15,val,Log-Mel CNN,0.12275417894124985,0.17832201719284058
seg_001550,sample_00516,Stockholm Syndrome / People Should Be More Aware - Bird Names,1,0.9624947905540466,cnn_revised_20260919T110440Z,cnn_s2_15,val,Log-Mel CNN,0.12275417894124985,0.17832201719284058
seg_001560,sample_00520,Sturgeon's Law - Nihilore,1,0.3308733105659485,cnn_revised_20260919T110440Z,cnn_s2_15,val,Log-Mel CNN,0.12275417894124985,0.17832201719284058
seg_001561,sample_00520,Sturgeon's Law - Nihilore,1,0.9022639989852905,cnn_revised_20260919T110440Z,cnn_s2_15,val,Log-Mel CNN,0.12275417894124985,0.17832201719284058
seg_001562,sample_00520,Sturgeon's Law - Nihilore,1,0.9458565711975098,cnn_revised_20260919T110440Z,cnn_s2_15,val,Log-Mel CNN,0.12275417894124985,0.17832201719284058
seg_001617,sample_00539,The girl just faded - Los Llamarada,1,0.7226653695106506,cnn_revised_20260919T110440Z,cnn_s2_15,val,Log-Mel CNN,0.12275417894124985,0.17832201719284058
seg_001618,sample_00539,The girl just faded - Los Llamarada,1,0.4604533910751343,cnn_revised_20260919T110440Z,cnn_s2_15,val,Log-Mel CNN,0.12275417894124985,0.17832201719284058
seg_001619,sample_00539,The girl just faded - Los Llamarada,1,0.853209912776947,cnn_revised_20260919T110440Z,cnn_s2_15,val,Log-Mel CNN,0.12275417894124985,0.17832201719284058
seg_001644,sample_00548,The Stairway - WarpToken,1,0.9734684228897095,cnn_revised_20260919T110440Z,cnn_s2_15,val,Log-Mel CNN,0.12275417894124985,0.17832201719284058
seg_001645,sample_00548,The Stairway - WarpToken,1,0.74935382604599,cnn_revised_20260919T110440Z,cnn_s2_15,val,Log-Mel CNN,0.12275417894124985,0.17832201719284058
seg_001646,sample_00548,The Stairway - WarpToken,1,0.9749181270599365,cnn_revised_20260919T110440Z,cnn_s2_15,val,Log-Mel CNN,0.12275417894124985,0.17832201719284058
seg_001647,sample_00549,Three Bird - My brother Daniel,1,0.5145686864852905,cnn_revised_20260919T110440Z,cnn_s2_15,val,Log-Mel CNN,0.12275417894124985,0.17832201719284058
seg_001648,sample_00549,Three Bird - My brother Daniel,1,0.3032517731189728,cnn_revised_20260919T110440Z,cnn_s2_15,val,Log-Mel CNN,0.12275417894124985,0.17832201719284058
seg_001649,sample_00549,Three Bird - My brother Daniel,1,0.649986743927002,cnn_revised_20260919T110440Z,cnn_s2_15,val,Log-Mel CNN,0.12275417894124985,0.17832201719284058
seg_001650,sample_00550,Timen Passing By - Jason Shaw,1,0.9831362366676331,cnn_revised_20260919T110440Z,cnn_s2_15,val,Log-Mel CNN,0.12275417894124985,0.17832201719284058
seg_001651,sample_00550,Timen Passing By - Jason Shaw,1,0.9569587111473083,cnn_revised_20260919T110440Z,cnn_s2_15,val,Log-Mel CNN,0.12275417894124985,0.17832201719284058
seg_001652,sample_00550,Timen Passing By - Jason Shaw,1,0.9370233416557312,cnn_revised_20260919T110440Z,cnn_s2_15,val,Log-Mel CNN,0.12275417894124985,0.17832201719284058
seg_001653,sample_00551,Time Is Love - Silence is full of birds,1,0.1643536239862442,cnn_revised_20260919T110440Z,cnn_s2_15,val,Log-Mel CNN,0.12275417894124985,0.17832201719284058
seg_001654,sample_00551,Time Is Love - Silence is full of birds,1,0.6967482566833496,cnn_revised_20260919T110440Z,cnn_s2_15,val,Log-Mel CNN,0.12275417894124985,0.17832201719284058
seg_001655,sample_00551,Time Is Love - Silence is full of birds,1,0.9164028763771057,cnn_revised_20260919T110440Z,cnn_s2_15,val,Log-Mel CNN,0.12275417894124985,0.17832201719284058
seg_001680,sample_00560,Understand That This Is A Dream - From the album Modulating Coil [RSVP008] - Forrest James,1,0.7398825883865356,cnn_revised_20260919T110440Z,cnn_s2_15,val,Log-Mel CNN,0.12275417894124985,0.17832201719284058
seg_001681,sample_00560,Understand That This Is A Dream - From the album Modulating Coil [RSVP008] - Forrest James,1,0.845107913017273,cnn_revised_20260919T110440Z,cnn_s2_15,val,Log-Mel CNN,0.12275417894124985,0.17832201719284058
seg_001682,sample_00560,Understand That This Is A Dream - From the album Modulating Coil [RSVP008] - Forrest James,1,0.9197938442230225,cnn_revised_20260919T110440Z,cnn_s2_15,val,Log-Mel CNN,0.12275417894124985,0.17832201719284058
seg_001695,sample_00565,Voxel - Andy G. Cohen,1,0.725254237651825,cnn_revised_20260919T110440Z,cnn_s2_15,val,Log-Mel CNN,0.12275417894124985,0.17832201719284058
seg_001696,sample_00565,Voxel - Andy G. Cohen,1,0.6144689321517944,cnn_revised_20260919T110440Z,cnn_s2_15,val,Log-Mel CNN,0.12275417894124985,0.17832201719284058
seg_001697,sample_00565,Voxel - Andy G. Cohen,1,0.9353957176208496,cnn_revised_20260919T110440Z,cnn_s2_15,val,Log-Mel CNN,0.12275417894124985,0.17832201719284058
seg_001701,sample_00567,Westside Chillers - Little Glass Men,1,0.9250838160514832,cnn_revised_20260919T110440Z,cnn_s2_15,val,Log-Mel CNN,0.12275417894124985,0.17832201719284058
seg_001702,sample_00567,Westside Chillers - Little Glass Men,1,0.5905757546424866,cnn_revised_20260919T110440Z,cnn_s2_15,val,Log-Mel CNN,0.12275417894124985,0.17832201719284058
seg_001703,sample_00567,Westside Chillers - Little Glass Men,1,0.6351133584976196,cnn_revised_20260919T110440Z,cnn_s2_15,val,Log-Mel CNN,0.12275417894124985,0.17832201719284058
seg_001758,sample_00586,В Наших Сердцах - Чокнутый Пропеллер,1,0.008220120333135128,cnn_revised_20260919T110440Z,cnn_s2_15,val,Log-Mel CNN,0.12275417894124985,0.17832201719284058
seg_001759,sample_00586,В Наших Сердцах - Чокнутый Пропеллер,1,0.15322084724903107,cnn_revised_20260919T110440Z,cnn_s2_15,val,Log-Mel CNN,0.12275417894124985,0.17832201719284058
seg_001760,sample_00586,В Наших Сердцах - Чокнутый Пропеллер,1,0.10600905120372772,cnn_revised_20260919T110440Z,cnn_s2_15,val,Log-Mel CNN,0.12275417894124985,0.17832201719284058
seg_001767,sample_00589,Новый Нью-Йорк 2 - Чокнутый Пропеллер,1,0.33236613869667053,cnn_revised_20260919T110440Z,cnn_s2_15,val,Log-Mel CNN,0.12275417894124985,0.17832201719284058
seg_001768,sample_00589,Новый Нью-Йорк 2 - Чокнутый Пропеллер,1,0.5594285726547241,cnn_revised_20260919T110440Z,cnn_s2_15,val,Log-Mel CNN,0.12275417894124985,0.17832201719284058
seg_001769,sample_00589,Новый Нью-Йорк 2 - Чокнутый Пропеллер,1,0.9295457005500793,cnn_revised_20260919T110440Z,cnn_s2_15,val,Log-Mel CNN,0.12275417894124985,0.17832201719284058
seg_001785,sample_00595,Daylight Savings - My brother Daniel,1,0.9992808699607849,cnn_revised_20260919T110440Z,cnn_s2_15,val,Log-Mel CNN,0.12275417894124985,0.17832201719284058
seg_001786,sample_00595,Daylight Savings - My brother Daniel,1,0.999876856803894,cnn_revised_20260919T110440Z,cnn_s2_15,val,Log-Mel CNN,0.12275417894124985,0.17832201719284058
seg_001787,sample_00595,Daylight Savings - My brother Daniel,1,0.992830216884613,cnn_revised_20260919T110440Z,cnn_s2_15,val,Log-Mel CNN,0.12275417894124985,0.17832201719284058
seg_001788,sample_00596,Three Bird - My brother Daniel,1,0.8614648580551147,cnn_revised_20260919T110440Z,cnn_s2_15,val,Log-Mel CNN,0.12275417894124985,0.17832201719284058
seg_001789,sample_00596,Three Bird - My brother Daniel,1,0.8931805491447449,cnn_revised_20260919T110440Z,cnn_s2_15,val,Log-Mel CNN,0.12275417894124985,0.17832201719284058
seg_001790,sample_00596,Three Bird - My brother Daniel,1,0.934752345085144,cnn_revised_20260919T110440Z,cnn_s2_15,val,Log-Mel CNN,0.12275417894124985,0.17832201719284058
seg_001827,sample_00609,Timen Passing By - Jason Shaw,1,0.9791699647903442,cnn_revised_20260919T110440Z,cnn_s2_15,val,Log-Mel CNN,0.12275417894124985,0.17832201719284058
seg_001828,sample_00609,Timen Passing By - Jason Shaw,1,0.9990116357803345,cnn_revised_20260919T110440Z,cnn_s2_15,val,Log-Mel CNN,0.12275417894124985,0.17832201719284058
seg_001829,sample_00609,Timen Passing By - Jason Shaw,1,0.9967139959335327,cnn_revised_20260919T110440Z,cnn_s2_15,val,Log-Mel CNN,0.12275417894124985,0.17832201719284058
seg_001830,sample_00610,Night Drive - Decktonic,1,0.9907931685447693,cnn_revised_20260919T110440Z,cnn_s2_15,val,Log-Mel CNN,0.12275417894124985,0.17832201719284058
seg_001831,sample_00610,Night Drive - Decktonic,1,0.9910216927528381,cnn_revised_20260919T110440Z,cnn_s2_15,val,Log-Mel CNN,0.12275417894124985,0.17832201719284058
seg_001832,sample_00610,Night Drive - Decktonic,1,0.9815531969070435,cnn_revised_20260919T110440Z,cnn_s2_15,val,Log-Mel CNN,0.12275417894124985,0.17832201719284058
seg_001845,sample_00615,Sturgeon's Law - Nihilore,1,0.47010689973831177,cnn_revised_20260919T110440Z,cnn_s2_15,val,Log-Mel CNN,0.12275417894124985,0.17832201719284058
seg_001846,sample_00615,Sturgeon's Law - Nihilore,1,0.5690336227416992,cnn_revised_20260919T110440Z,cnn_s2_15,val,Log-Mel CNN,0.12275417894124985,0.17832201719284058
seg_001847,sample_00615,Sturgeon's Law - Nihilore,1,0.6845267415046692,cnn_revised_20260919T110440Z,cnn_s2_15,val,Log-Mel CNN,0.12275417894124985,0.17832201719284058
seg_001851,sample_00617,mystery team 2090 - Jesse Futerman,1,0.9416276812553406,cnn_revised_20260919T110440Z,cnn_s2_15,val,Log-Mel CNN,0.12275417894124985,0.17832201719284058
seg_001852,sample_00617,mystery team 2090 - Jesse Futerman,1,0.920220136642456,cnn_revised_20260919T110440Z,cnn_s2_15,val,Log-Mel CNN,0.12275417894124985,0.17832201719284058
seg_001853,sample_00617,mystery team 2090 - Jesse Futerman,1,0.9815329909324646,cnn_revised_20260919T110440Z,cnn_s2_15,val,Log-Mel CNN,0.12275417894124985,0.17832201719284058
seg_001875,sample_00625,Loved Ones - Rowan Box,1,0.4523012936115265,cnn_revised_20260919T110440Z,cnn_s2_15,val,Log-Mel CNN,0.12275417894124985,0.17832201719284058
seg_001876,sample_00625,Loved Ones - Rowan Box,1,0.48608511686325073,cnn_revised_20260919T110440Z,cnn_s2_15,val,Log-Mel CNN,0.12275417894124985,0.17832201719284058
seg_001877,sample_00625,Loved Ones - Rowan Box,1,0.5542376637458801,cnn_revised_20260919T110440Z,cnn_s2_15,val,Log-Mel CNN,0.12275417894124985,0.17832201719284058
seg_001917,sample_00639,CopperNickle - UncleBibby,1,0.9961236119270325,cnn_revised_20260919T110440Z,cnn_s2_15,val,Log-Mel CNN,0.12275417894124985,0.17832201719284058
seg_001918,sample_00639,CopperNickle - UncleBibby,1,0.9935114979743958,cnn_revised_20260919T110440Z,cnn_s2_15,val,Log-Mel CNN,0.12275417894124985,0.17832201719284058
seg_001919,sample_00639,CopperNickle - UncleBibby,1,0.9988106489181519,cnn_revised_20260919T110440Z,cnn_s2_15,val,Log-Mel CNN,0.12275417894124985,0.17832201719284058
seg_001953,sample_00651,Nuo Maisemat - Paavoharju,1,0.8665487766265869,cnn_revised_20260919T110440Z,cnn_s2_15,val,Log-Mel CNN,0.12275417894124985,0.17832201719284058
seg_001954,sample_00651,Nuo Maisemat - Paavoharju,1,0.9252277612686157,cnn_revised_20260919T110440Z,cnn_s2_15,val,Log-Mel CNN,0.12275417894124985,0.17832201719284058
seg_001955,sample_00651,Nuo Maisemat - Paavoharju,1,0.8822912573814392,cnn_revised_20260919T110440Z,cnn_s2_15,val,Log-Mel CNN,0.12275417894124985,0.17832201719284058
seg_001986,sample_00662,SD (Ill Mix) - H-LR,1,0.956317663192749,cnn_revised_20260919T110440Z,cnn_s2_15,val,Log-Mel CNN,0.12275417894124985,0.17832201719284058
seg_001987,sample_00662,SD (Ill Mix) - H-LR,1,0.9630375504493713,cnn_revised_20260919T110440Z,cnn_s2_15,val,Log-Mel CNN,0.12275417894124985,0.17832201719284058
seg_001988,sample_00662,SD (Ill Mix) - H-LR,1,0.9546512365341187,cnn_revised_20260919T110440Z,cnn_s2_15,val,Log-Mel CNN,0.12275417894124985,0.17832201719284058
seg_001998,sample_00666,Kumorizoranohajimarutokoro - Hosomi,1,0.7323683500289917,cnn_revised_20260919T110440Z,cnn_s2_15,val,Log-Mel CNN,0.12275417894124985,0.17832201719284058
seg_001999,sample_00666,Kumorizoranohajimarutokoro - Hosomi,1,0.9486160278320312,cnn_revised_20260919T110440Z,cnn_s2_15,val,Log-Mel CNN,0.12275417894124985,0.17832201719284058
seg_002000,sample_00666,Kumorizoranohajimarutokoro - Hosomi,1,0.9216639995574951,cnn_revised_20260919T110440Z,cnn_s2_15,val,Log-Mel CNN,0.12275417894124985,0.17832201719284058
seg_002019,sample_00673,some dextromethorphan - Jeva,1,0.9089682698249817,cnn_revised_20260919T110440Z,cnn_s2_15,val,Log-Mel CNN,0.12275417894124985,0.17832201719284058
seg_002020,sample_00673,some dextromethorphan - Jeva,1,0.8940316438674927,cnn_revised_20260919T110440Z,cnn_s2_15,val,Log-Mel CNN,0.12275417894124985,0.17832201719284058
seg_002021,sample_00673,some dextromethorphan - Jeva,1,0.7985023856163025,cnn_revised_20260919T110440Z,cnn_s2_15,val,Log-Mel CNN,0.12275417894124985,0.17832201719284058
seg_002028,sample_00676,Fifth Ramble - From the album Keith [RSVP007] - My brother Daniel,1,0.94527268409729,cnn_revised_20260919T110440Z,cnn_s2_15,val,Log-Mel CNN,0.12275417894124985,0.17832201719284058
seg_002029,sample_00676,Fifth Ramble - From the album Keith [RSVP007] - My brother Daniel,1,0.9713178873062134,cnn_revised_20260919T110440Z,cnn_s2_15,val,Log-Mel CNN,0.12275417894124985,0.17832201719284058
seg_002030,sample_00676,Fifth Ramble - From the album Keith [RSVP007] - My brother Daniel,1,0.9684099555015564,cnn_revised_20260919T110440Z,cnn_s2_15,val,Log-Mel CNN,0.12275417894124985,0.17832201719284058
seg_002043,sample_00681,Westside Chillers - Little Glass Men,1,0.9604685306549072,cnn_revised_20260919T110440Z,cnn_s2_15,val,Log-Mel CNN,0.12275417894124985,0.17832201719284058
seg_002044,sample_00681,Westside Chillers - Little Glass Men,1,0.9678119421005249,cnn_revised_20260919T110440Z,cnn_s2_15,val,Log-Mel CNN,0.12275417894124985,0.17832201719284058
seg_002045,sample_00681,Westside Chillers - Little Glass Men,1,0.9182648062705994,cnn_revised_20260919T110440Z,cnn_s2_15,val,Log-Mel CNN,0.12275417894124985,0.17832201719284058
seg_002076,sample_00692,If You're Ther - Nicola Ratti,1,0.9862412214279175,cnn_revised_20260919T110440Z,cnn_s2_15,val,Log-Mel CNN,0.12275417894124985,0.17832201719284058
seg_002077,sample_00692,If You're Ther - Nicola Ratti,1,0.786101222038269,cnn_revised_20260919T110440Z,cnn_s2_15,val,Log-Mel CNN,0.12275417894124985,0.17832201719284058
seg_002078,sample_00692,If You're Ther - Nicola Ratti,1,0.6661874055862427,cnn_revised_20260919T110440Z,cnn_s2_15,val,Log-Mel CNN,0.12275417894124985,0.17832201719284058
seg_002079,sample_00693,Understand That This Is A Dream - From the album Modulating Coil [RSVP008] - Forrest James,1,0.9486071467399597,cnn_revised_20260919T110440Z,cnn_s2_15,val,Log-Mel CNN,0.12275417894124985,0.17832201719284058
seg_002080,sample_00693,Understand That This Is A Dream - From the album Modulating Coil [RSVP008] - Forrest James,1,0.7963694930076599,cnn_revised_20260919T110440Z,cnn_s2_15,val,Log-Mel CNN,0.12275417894124985,0.17832201719284058
seg_002081,sample_00693,Understand That This Is A Dream - From the album Modulating Coil [RSVP008] - Forrest James,1,0.8746216297149658,cnn_revised_20260919T110440Z,cnn_s2_15,val,Log-Mel CNN,0.12275417894124985,0.17832201719284058
seg_002100,sample_00700,The Stairway - WarpToken,1,0.9815713763237,cnn_revised_20260919T110440Z,cnn_s2_15,val,Log-Mel CNN,0.12275417894124985,0.17832201719284058
seg_002101,sample_00700,The Stairway - WarpToken,1,0.9626453518867493,cnn_revised_20260919T110440Z,cnn_s2_15,val,Log-Mel CNN,0.12275417894124985,0.17832201719284058
seg_002102,sample_00700,The Stairway - WarpToken,1,0.9979606866836548,cnn_revised_20260919T110440Z,cnn_s2_15,val,Log-Mel CNN,0.12275417894124985,0.17832201719284058
seg_002112,sample_00704,Soleares&beats - Malaventura,1,0.846161425113678,cnn_revised_20260919T110440Z,cnn_s2_15,val,Log-Mel CNN,0.12275417894124985,0.17832201719284058
seg_002113,sample_00704,Soleares&beats - Malaventura,1,0.9135964512825012,cnn_revised_20260919T110440Z,cnn_s2_15,val,Log-Mel CNN,0.12275417894124985,0.17832201719284058
seg_002114,sample_00704,Soleares&beats - Malaventura,1,0.9028918147087097,cnn_revised_20260919T110440Z,cnn_s2_15,val,Log-Mel CNN,0.12275417894124985,0.17832201719284058
seg_002184,sample_00728,Evil Cannot Create - Caleb Lemond,1,0.9009108543395996,cnn_revised_20260919T110440Z,cnn_s2_15,val,Log-Mel CNN,0.12275417894124985,0.17832201719284058
seg_002185,sample_00728,Evil Cannot Create - Caleb Lemond,1,0.6113796234130859,cnn_revised_20260919T110440Z,cnn_s2_15,val,Log-Mel CNN,0.12275417894124985,0.17832201719284058
seg_002186,sample_00728,Evil Cannot Create - Caleb Lemond,1,0.8145880103111267,cnn_revised_20260919T110440Z,cnn_s2_15,val,Log-Mel CNN,0.12275417894124985,0.17832201719284058
seg_002196,sample_00732,Norweigian Wood II - Bird Names,1,0.8526073098182678,cnn_revised_20260919T110440Z,cnn_s2_15,val,Log-Mel CNN,0.12275417894124985,0.17832201719284058
seg_002197,sample_00732,Norweigian Wood II - Bird Names,1,0.9065731763839722,cnn_revised_20260919T110440Z,cnn_s2_15,val,Log-Mel CNN,0.12275417894124985,0.17832201719284058
seg_002198,sample_00732,Norweigian Wood II - Bird Names,1,0.9751518368721008,cnn_revised_20260919T110440Z,cnn_s2_15,val,Log-Mel CNN,0.12275417894124985,0.17832201719284058
seg_002214,sample_00738,Roller Star - Monroeville Music Center,1,0.987824559211731,cnn_revised_20260919T110440Z,cnn_s2_15,val,Log-Mel CNN,0.12275417894124985,0.17832201719284058
seg_002215,sample_00738,Roller Star - Monroeville Music Center,1,0.992586076259613,cnn_revised_20260919T110440Z,cnn_s2_15,val,Log-Mel CNN,0.12275417894124985,0.17832201719284058
seg_002216,sample_00738,Roller Star - Monroeville Music Center,1,0.9921018481254578,cnn_revised_20260919T110440Z,cnn_s2_15,val,Log-Mel CNN,0.12275417894124985,0.17832201719284058
seg_002229,sample_00743,Time Is Love - Silence is full of birds,1,0.7989701628684998,cnn_revised_20260919T110440Z,cnn_s2_15,val,Log-Mel CNN,0.12275417894124985,0.17832201719284058
seg_002230,sample_00743,Time Is Love - Silence is full of birds,1,0.8553767800331116,cnn_revised_20260919T110440Z,cnn_s2_15,val,Log-Mel CNN,0.12275417894124985,0.17832201719284058
seg_002231,sample_00743,Time Is Love - Silence is full of birds,1,0.5723122954368591,cnn_revised_20260919T110440Z,cnn_s2_15,val,Log-Mel CNN,0.12275417894124985,0.17832201719284058
seg_002232,sample_00744,Stockholm Syndrome / People Should Be More Aware - Bird Names,1,0.6961475610733032,cnn_revised_20260919T110440Z,cnn_s2_15,val,Log-Mel CNN,0.12275417894124985,0.17832201719284058
seg_002233,sample_00744,Stockholm Syndrome / People Should Be More Aware - Bird Names,1,0.7810139656066895,cnn_revised_20260919T110440Z,cnn_s2_15,val,Log-Mel CNN,0.12275417894124985,0.17832201719284058
seg_002234,sample_00744,Stockholm Syndrome / People Should Be More Aware - Bird Names,1,0.7440392971038818,cnn_revised_20260919T110440Z,cnn_s2_15,val,Log-Mel CNN,0.12275417894124985,0.17832201719284058
seg_002244,sample_00748,"Roundtrip - Oh Yeah, the Future",1,0.9350602626800537,cnn_revised_20260919T110440Z,cnn_s2_15,val,Log-Mel CNN,0.12275417894124985,0.17832201719284058
seg_002245,sample_00748,"Roundtrip - Oh Yeah, the Future",1,0.9948679208755493,cnn_revised_20260919T110440Z,cnn_s2_15,val,Log-Mel CNN,0.12275417894124985,0.17832201719284058
seg_002246,sample_00748,"Roundtrip - Oh Yeah, the Future",1,0.976841390132904,cnn_revised_20260919T110440Z,cnn_s2_15,val,Log-Mel CNN,0.12275417894124985,0.17832201719284058
seg_002247,sample_00749,New Life (take 1) - Bird Names,1,0.8967103362083435,cnn_revised_20260919T110440Z,cnn_s2_15,val,Log-Mel CNN,0.12275417894124985,0.17832201719284058
seg_002248,sample_00749,New Life (take 1) - Bird Names,1,0.9446839094161987,cnn_revised_20260919T110440Z,cnn_s2_15,val,Log-Mel CNN,0.12275417894124985,0.17832201719284058
seg_002249,sample_00749,New Life (take 1) - Bird Names,1,0.9381895661354065,cnn_revised_20260919T110440Z,cnn_s2_15,val,Log-Mel CNN,0.12275417894124985,0.17832201719284058
seg_002253,sample_00751,My Body Is A Weapon (Compromise Edit) - Silence is full of birds,1,0.930670440196991,cnn_revised_20260919T110440Z,cnn_s2_15,val,Log-Mel CNN,0.12275417894124985,0.17832201719284058
seg_002254,sample_00751,My Body Is A Weapon (Compromise Edit) - Silence is full of birds,1,0.9499887824058533,cnn_revised_20260919T110440Z,cnn_s2_15,val,Log-Mel CNN,0.12275417894124985,0.17832201719284058
seg_002255,sample_00751,My Body Is A Weapon (Compromise Edit) - Silence is full of birds,1,0.9766272306442261,cnn_revised_20260919T110440Z,cnn_s2_15,val,Log-Mel CNN,0.12275417894124985,0.17832201719284058
seg_002280,sample_00760,Agora - Malaventura,1,0.969701886177063,cnn_revised_20260919T110440Z,cnn_s2_15,val,Log-Mel CNN,0.12275417894124985,0.17832201719284058
seg_002281,sample_00760,Agora - Malaventura,1,0.9898808598518372,cnn_revised_20260919T110440Z,cnn_s2_15,val,Log-Mel CNN,0.12275417894124985,0.17832201719284058
seg_002282,sample_00760,Agora - Malaventura,1,0.9960662722587585,cnn_revised_20260919T110440Z,cnn_s2_15,val,Log-Mel CNN,0.12275417894124985,0.17832201719284058
seg_002304,sample_00768,Empty Pockets - Pete Prodoehl,1,0.7370520234107971,cnn_revised_20260919T110440Z,cnn_s2_15,val,Log-Mel CNN,0.12275417894124985,0.17832201719284058
seg_002305,sample_00768,Empty Pockets - Pete Prodoehl,1,0.8576720952987671,cnn_revised_20260919T110440Z,cnn_s2_15,val,Log-Mel CNN,0.12275417894124985,0.17832201719284058
seg_002306,sample_00768,Empty Pockets - Pete Prodoehl,1,0.981968104839325,cnn_revised_20260919T110440Z,cnn_s2_15,val,Log-Mel CNN,0.12275417894124985,0.17832201719284058
seg_002310,sample_00770,Windows of the Skull - Sarin,1,0.6696267127990723,cnn_revised_20260919T110440Z,cnn_s2_15,val,Log-Mel CNN,0.12275417894124985,0.17832201719284058
seg_002311,sample_00770,Windows of the Skull - Sarin,1,0.7424848675727844,cnn_revised_20260919T110440Z,cnn_s2_15,val,Log-Mel CNN,0.12275417894124985,0.17832201719284058
seg_002312,sample_00770,Windows of the Skull - Sarin,1,0.8255806565284729,cnn_revised_20260919T110440Z,cnn_s2_15,val,Log-Mel CNN,0.12275417894124985,0.17832201719284058
seg_002319,sample_00773,Gila Monster Flop/Music History Lesson:The Sonics - The Crypts!,1,0.8843511343002319,cnn_revised_20260919T110440Z,cnn_s2_15,val,Log-Mel CNN,0.12275417894124985,0.17832201719284058
seg_002320,sample_00773,Gila Monster Flop/Music History Lesson:The Sonics - The Crypts!,1,0.9115140438079834,cnn_revised_20260919T110440Z,cnn_s2_15,val,Log-Mel CNN,0.12275417894124985,0.17832201719284058
seg_002321,sample_00773,Gila Monster Flop/Music History Lesson:The Sonics - The Crypts!,1,0.9604552984237671,cnn_revised_20260919T110440Z,cnn_s2_15,val,Log-Mel CNN,0.12275417894124985,0.17832201719284058
seg_002343,sample_00781,Voxel - Andy G. Cohen,1,0.9400860667228699,cnn_revised_20260919T110440Z,cnn_s2_15,val,Log-Mel CNN,0.12275417894124985,0.17832201719284058
seg_002344,sample_00781,Voxel - Andy G. Cohen,1,0.7486391067504883,cnn_revised_20260919T110440Z,cnn_s2_15,val,Log-Mel CNN,0.12275417894124985,0.17832201719284058
seg_002345,sample_00781,Voxel - Andy G. Cohen,1,0.9240732192993164,cnn_revised_20260919T110440Z,cnn_s2_15,val,Log-Mel CNN,0.12275417894124985,0.17832201719284058
seg_002364,sample_00788,Scramby Eggs - Andy G. Cohen,1,0.9406567215919495,cnn_revised_20260919T110440Z,cnn_s2_15,val,Log-Mel CNN,0.12275417894124985,0.17832201719284058
seg_002365,sample_00788,Scramby Eggs - Andy G. Cohen,1,0.8930565714836121,cnn_revised_20260919T110440Z,cnn_s2_15,val,Log-Mel CNN,0.12275417894124985,0.17832201719284058
seg_002366,sample_00788,Scramby Eggs - Andy G. Cohen,1,0.9756455421447754,cnn_revised_20260919T110440Z,cnn_s2_15,val,Log-Mel CNN,0.12275417894124985,0.17832201719284058
seg_002406,sample_00802,I Fell - Mod Fun,1,0.9403396248817444,cnn_revised_20260919T110440Z,cnn_s2_15,val,Log-Mel CNN,0.12275417894124985,0.17832201719284058
seg_002407,sample_00802,I Fell - Mod Fun,1,0.8700063228607178,cnn_revised_20260919T110440Z,cnn_s2_15,val,Log-Mel CNN,0.12275417894124985,0.17832201719284058
seg_002408,sample_00802,I Fell - Mod Fun,1,0.9801031947135925,cnn_revised_20260919T110440Z,cnn_s2_15,val,Log-Mel CNN,0.12275417894124985,0.17832201719284058
seg_002409,sample_00803,Новый Нью-Йорк 2 - Чокнутый Пропеллер,1,0.9049549102783203,cnn_revised_20260919T110440Z,cnn_s2_15,val,Log-Mel CNN,0.12275417894124985,0.17832201719284058
seg_002410,sample_00803,Новый Нью-Йорк 2 - Чокнутый Пропеллер,1,0.8082167506217957,cnn_revised_20260919T110440Z,cnn_s2_15,val,Log-Mel CNN,0.12275417894124985,0.17832201719284058
seg_002411,sample_00803,Новый Нью-Йорк 2 - Чокнутый Пропеллер,1,0.7244871258735657,cnn_revised_20260919T110440Z,cnn_s2_15,val,Log-Mel CNN,0.12275417894124985,0.17832201719284058
seg_002421,sample_00807,March of the GPA Mechanics - [t]ghost,1,0.8017868399620056,cnn_revised_20260919T110440Z,cnn_s2_15,val,Log-Mel CNN,0.12275417894124985,0.17832201719284058
seg_002422,sample_00807,March of the GPA Mechanics - [t]ghost,1,0.8382270336151123,cnn_revised_20260919T110440Z,cnn_s2_15,val,Log-Mel CNN,0.12275417894124985,0.17832201719284058
seg_002423,sample_00807,March of the GPA Mechanics - [t]ghost,1,0.7345359921455383,cnn_revised_20260919T110440Z,cnn_s2_15,val,Log-Mel CNN,0.12275417894124985,0.17832201719284058
seg_002436,sample_00812,2 (Wasn't There) - Isle of Pine,1,0.9508613348007202,cnn_revised_20260919T110440Z,cnn_s2_15,val,Log-Mel CNN,0.12275417894124985,0.17832201719284058
seg_002437,sample_00812,2 (Wasn't There) - Isle of Pine,1,0.9710406064987183,cnn_revised_20260919T110440Z,cnn_s2_15,val,Log-Mel CNN,0.12275417894124985,0.17832201719284058
seg_002438,sample_00812,2 (Wasn't There) - Isle of Pine,1,0.9784206748008728,cnn_revised_20260919T110440Z,cnn_s2_15,val,Log-Mel CNN,0.12275417894124985,0.17832201719284058
seg_002439,sample_00813,The girl just faded - Los Llamarada,1,0.24839314818382263,cnn_revised_20260919T110440Z,cnn_s2_15,val,Log-Mel CNN,0.12275417894124985,0.17832201719284058
seg_002440,sample_00813,The girl just faded - Los Llamarada,1,0.25088512897491455,cnn_revised_20260919T110440Z,cnn_s2_15,val,Log-Mel CNN,0.12275417894124985,0.17832201719284058
seg_002441,sample_00813,The girl just faded - Los Llamarada,1,0.1918463408946991,cnn_revised_20260919T110440Z,cnn_s2_15,val,Log-Mel CNN,0.12275417894124985,0.17832201719284058
seg_002457,sample_00819,В Наших Сердцах - Чокнутый Пропеллер,1,0.9326256513595581,cnn_revised_20260919T110440Z,cnn_s2_15,val,Log-Mel CNN,0.12275417894124985,0.17832201719284058
seg_002458,sample_00819,В Наших Сердцах - Чокнутый Пропеллер,1,0.9556907415390015,cnn_revised_20260919T110440Z,cnn_s2_15,val,Log-Mel CNN,0.12275417894124985,0.17832201719284058
seg_002459,sample_00819,В Наших Сердцах - Чокнутый Пропеллер,1,0.9026262164115906,cnn_revised_20260919T110440Z,cnn_s2_15,val,Log-Mel CNN,0.12275417894124985,0.17832201719284058
seg_002460,sample_00820,Lights Up - Pipe Choir,1,0.9836380481719971,cnn_revised_20260919T110440Z,cnn_s2_15,val,Log-Mel CNN,0.12275417894124985,0.17832201719284058
seg_002461,sample_00820,Lights Up - Pipe Choir,1,0.974687933921814,cnn_revised_20260919T110440Z,cnn_s2_15,val,Log-Mel CNN,0.12275417894124985,0.17832201719284058
seg_002462,sample_00820,Lights Up - Pipe Choir,1,0.9847301840782166,cnn_revised_20260919T110440Z,cnn_s2_15,val,Log-Mel CNN,0.12275417894124985,0.17832201719284058
seg_002466,sample_00822,Beyond Luxury - Mors Ontologica,1,0.8473494052886963,cnn_revised_20260919T110440Z,cnn_s2_15,val,Log-Mel CNN,0.12275417894124985,0.17832201719284058
seg_002467,sample_00822,Beyond Luxury - Mors Ontologica,1,0.8570672273635864,cnn_revised_20260919T110440Z,cnn_s2_15,val,Log-Mel CNN,0.12275417894124985,0.17832201719284058
seg_002468,sample_00822,Beyond Luxury - Mors Ontologica,1,0.9051089882850647,cnn_revised_20260919T110440Z,cnn_s2_15,val,Log-Mel CNN,0.12275417894124985,0.17832201719284058
seg_002529,sample_00843,Fear - Los Fancy Free,1,0.9027567505836487,cnn_revised_20260919T110440Z,cnn_s2_15,val,Log-Mel CNN,0.12275417894124985,0.17832201719284058
seg_002530,sample_00843,Fear - Los Fancy Free,1,0.8809168934822083,cnn_revised_20260919T110440Z,cnn_s2_15,val,Log-Mel CNN,0.12275417894124985,0.17832201719284058
seg_002531,sample_00843,Fear - Los Fancy Free,1,0.8617075085639954,cnn_revised_20260919T110440Z,cnn_s2_15,val,Log-Mel CNN,0.12275417894124985,0.17832201719284058
seg_002622,sample_00874,Redlight - Room For A Ghost,1,0.48030173778533936,cnn_revised_20260919T110440Z,cnn_s2_15,val,Log-Mel CNN,0.12275417894124985,0.17832201719284058
seg_002623,sample_00874,Redlight - Room For A Ghost,1,0.5472288131713867,cnn_revised_20260919T110440Z,cnn_s2_15,val,Log-Mel CNN,0.12275417894124985,0.17832201719284058
seg_002624,sample_00874,Redlight - Room For A Ghost,1,0.9175589084625244,cnn_revised_20260919T110440Z,cnn_s2_15,val,Log-Mel CNN,0.12275417894124985,0.17832201719284058
seg_002625,sample_00875,Shipwrecked Crew - Pete Prodoehl,1,0.7486610412597656,cnn_revised_20260919T110440Z,cnn_s2_15,val,Log-Mel CNN,0.12275417894124985,0.17832201719284058
seg_002626,sample_00875,Shipwrecked Crew - Pete Prodoehl,1,0.8630496859550476,cnn_revised_20260919T110440Z,cnn_s2_15,val,Log-Mel CNN,0.12275417894124985,0.17832201719284058
seg_002627,sample_00875,Shipwrecked Crew - Pete Prodoehl,1,0.9827318787574768,cnn_revised_20260919T110440Z,cnn_s2_15,val,Log-Mel CNN,0.12275417894124985,0.17832201719284058
seg_002640,sample_00880,Morning Bell - Nihilore,1,0.9952651262283325,cnn_revised_20260919T110440Z,cnn_s2_15,val,Log-Mel CNN,0.12275417894124985,0.17832201719284058
seg_002641,sample_00880,Morning Bell - Nihilore,1,0.9900930523872375,cnn_revised_20260919T110440Z,cnn_s2_15,val,Log-Mel CNN,0.12275417894124985,0.17832201719284058
seg_002642,sample_00880,Morning Bell - Nihilore,1,0.9882809519767761,cnn_revised_20260919T110440Z,cnn_s2_15,val,Log-Mel CNN,0.12275417894124985,0.17832201719284058
seg_002694,sample_00898,CopperNickle - UncleBibby,1,0.3496868908405304,cnn_revised_20260919T110440Z,cnn_s2_15,val,Log-Mel CNN,0.12275417894124985,0.17832201719284058
seg_002695,sample_00898,CopperNickle - UncleBibby,1,0.9261013865470886,cnn_revised_20260919T110440Z,cnn_s2_15,val,Log-Mel CNN,0.12275417894124985,0.17832201719284058
seg_002696,sample_00898,CopperNickle - UncleBibby,1,0.7078655958175659,cnn_revised_20260919T110440Z,cnn_s2_15,val,Log-Mel CNN,0.12275417894124985,0.17832201719284058
seg_002697,sample_00899,CopperNickle - UncleBibby,1,0.989469051361084,cnn_revised_20260919T110440Z,cnn_s2_15,val,Log-Mel CNN,0.12275417894124985,0.17832201719284058
seg_002698,sample_00899,CopperNickle - UncleBibby,1,0.9317464232444763,cnn_revised_20260919T110440Z,cnn_s2_15,val,Log-Mel CNN,0.12275417894124985,0.17832201719284058
seg_002699,sample_00899,CopperNickle - UncleBibby,1,0.9741085767745972,cnn_revised_20260919T110440Z,cnn_s2_15,val,Log-Mel CNN,0.12275417894124985,0.17832201719284058
seg_002766,sample_00922,mystery team 2090 - Jesse Futerman,1,0.5349721312522888,cnn_revised_20260919T110440Z,cnn_s2_15,val,Log-Mel CNN,0.12275417894124985,0.17832201719284058
seg_002767,sample_00922,mystery team 2090 - Jesse Futerman,1,0.5078213214874268,cnn_revised_20260919T110440Z,cnn_s2_15,val,Log-Mel CNN,0.12275417894124985,0.17832201719284058
seg_002768,sample_00922,mystery team 2090 - Jesse Futerman,1,0.9801755547523499,cnn_revised_20260919T110440Z,cnn_s2_15,val,Log-Mel CNN,0.12275417894124985,0.17832201719284058
seg_002769,sample_00923,mystery team 2090 - Jesse Futerman,1,0.5107880234718323,cnn_revised_20260919T110440Z,cnn_s2_15,val,Log-Mel CNN,0.12275417894124985,0.17832201719284058
seg_002770,sample_00923,mystery team 2090 - Jesse Futerman,1,0.6261724233627319,cnn_revised_20260919T110440Z,cnn_s2_15,val,Log-Mel CNN,0.12275417894124985,0.17832201719284058
seg_002771,sample_00923,mystery team 2090 - Jesse Futerman,1,0.958641767501831,cnn_revised_20260919T110440Z,cnn_s2_15,val,Log-Mel CNN,0.12275417894124985,0.17832201719284058
seg_002772,sample_00924,Night Drive - Decktonic,1,0.4325989782810211,cnn_revised_20260919T110440Z,cnn_s2_15,val,Log-Mel CNN,0.12275417894124985,0.17832201719284058
seg_002773,sample_00924,Night Drive - Decktonic,1,0.7208173274993896,cnn_revised_20260919T110440Z,cnn_s2_15,val,Log-Mel CNN,0.12275417894124985,0.17832201719284058
seg_002774,sample_00924,Night Drive - Decktonic,1,0.9731813073158264,cnn_revised_20260919T110440Z,cnn_s2_15,val,Log-Mel CNN,0.12275417894124985,0.17832201719284058
seg_002775,sample_00925,Night Drive - Decktonic,1,0.6852023601531982,cnn_revised_20260919T110440Z,cnn_s2_15,val,Log-Mel CNN,0.12275417894124985,0.17832201719284058
seg_002776,sample_00925,Night Drive - Decktonic,1,0.7963707447052002,cnn_revised_20260919T110440Z,cnn_s2_15,val,Log-Mel CNN,0.12275417894124985,0.17832201719284058
seg_002777,sample_00925,Night Drive - Decktonic,1,0.9664492011070251,cnn_revised_20260919T110440Z,cnn_s2_15,val,Log-Mel CNN,0.12275417894124985,0.17832201719284058
seg_002790,sample_00930,Nuo Maisemat - Paavoharju,1,0.9766121506690979,cnn_revised_20260919T110440Z,cnn_s2_15,val,Log-Mel CNN,0.12275417894124985,0.17832201719284058
seg_002791,sample_00930,Nuo Maisemat - Paavoharju,1,0.8377177119255066,cnn_revised_20260919T110440Z,cnn_s2_15,val,Log-Mel CNN,0.12275417894124985,0.17832201719284058
seg_002792,sample_00930,Nuo Maisemat - Paavoharju,1,0.969397783279419,cnn_revised_20260919T110440Z,cnn_s2_15,val,Log-Mel CNN,0.12275417894124985,0.17832201719284058
seg_002793,sample_00931,Nuo Maisemat - Paavoharju,1,0.8224761486053467,cnn_revised_20260919T110440Z,cnn_s2_15,val,Log-Mel CNN,0.12275417894124985,0.17832201719284058
seg_002794,sample_00931,Nuo Maisemat - Paavoharju,1,0.8555253148078918,cnn_revised_20260919T110440Z,cnn_s2_15,val,Log-Mel CNN,0.12275417894124985,0.17832201719284058
seg_002795,sample_00931,Nuo Maisemat - Paavoharju,1,0.9710999727249146,cnn_revised_20260919T110440Z,cnn_s2_15,val,Log-Mel CNN,0.12275417894124985,0.17832201719284058
seg_002874,sample_00958,SD (Ill Mix) - H-LR,1,0.8314884305000305,cnn_revised_20260919T110440Z,cnn_s2_15,val,Log-Mel CNN,0.12275417894124985,0.17832201719284058
seg_002875,sample_00958,SD (Ill Mix) - H-LR,1,0.9059379696846008,cnn_revised_20260919T110440Z,cnn_s2_15,val,Log-Mel CNN,0.12275417894124985,0.17832201719284058
seg_002876,sample_00958,SD (Ill Mix) - H-LR,1,0.9957503080368042,cnn_revised_20260919T110440Z,cnn_s2_15,val,Log-Mel CNN,0.12275417894124985,0.17832201719284058
seg_002877,sample_00959,SD (Ill Mix) - H-LR,1,0.8012291789054871,cnn_revised_20260919T110440Z,cnn_s2_15,val,Log-Mel CNN,0.12275417894124985,0.17832201719284058
seg_002878,sample_00959,SD (Ill Mix) - H-LR,1,0.5842686295509338,cnn_revised_20260919T110440Z,cnn_s2_15,val,Log-Mel CNN,0.12275417894124985,0.17832201719284058
seg_002879,sample_00959,SD (Ill Mix) - H-LR,1,0.7719164490699768,cnn_revised_20260919T110440Z,cnn_s2_15,val,Log-Mel CNN,0.12275417894124985,0.17832201719284058
seg_002982,sample_00994,Evil Cannot Create - Caleb Lemond,1,0.8098458051681519,cnn_revised_20260919T110440Z,cnn_s2_15,val,Log-Mel CNN,0.12275417894124985,0.17832201719284058
seg_002983,sample_00994,Evil Cannot Create - Caleb Lemond,1,0.395184725522995,cnn_revised_20260919T110440Z,cnn_s2_15,val,Log-Mel CNN,0.12275417894124985,0.17832201719284058
seg_002984,sample_00994,Evil Cannot Create - Caleb Lemond,1,0.9660382866859436,cnn_revised_20260919T110440Z,cnn_s2_15,val,Log-Mel CNN,0.12275417894124985,0.17832201719284058
seg_002985,sample_00995,Evil Cannot Create - Caleb Lemond,1,0.9377518892288208,cnn_revised_20260919T110440Z,cnn_s2_15,val,Log-Mel CNN,0.12275417894124985,0.17832201719284058
seg_002986,sample_00995,Evil Cannot Create - Caleb Lemond,1,0.7292492985725403,cnn_revised_20260919T110440Z,cnn_s2_15,val,Log-Mel CNN,0.12275417894124985,0.17832201719284058
seg_002987,sample_00995,Evil Cannot Create - Caleb Lemond,1,0.8259837031364441,cnn_revised_20260919T110440Z,cnn_s2_15,val,Log-Mel CNN,0.12275417894124985,0.17832201719284058
seg_003090,sample_01030,New Life (take 1) - Bird Names,1,0.13578727841377258,cnn_revised_20260919T110440Z,cnn_s2_15,val,Log-Mel CNN,0.12275417894124985,0.17832201719284058
seg_003091,sample_01030,New Life (take 1) - Bird Names,1,0.04550806060433388,cnn_revised_20260919T110440Z,cnn_s2_15,val,Log-Mel CNN,0.12275417894124985,0.17832201719284058
seg_003092,sample_01030,New Life (take 1) - Bird Names,1,0.2942951023578644,cnn_revised_20260919T110440Z,cnn_s2_15,val,Log-Mel CNN,0.12275417894124985,0.17832201719284058
seg_003093,sample_01031,New Life (take 1) - Bird Names,1,0.36739790439605713,cnn_revised_20260919T110440Z,cnn_s2_15,val,Log-Mel CNN,0.12275417894124985,0.17832201719284058
seg_003094,sample_01031,New Life (take 1) - Bird Names,1,0.11713556200265884,cnn_revised_20260919T110440Z,cnn_s2_15,val,Log-Mel CNN,0.12275417894124985,0.17832201719284058
seg_003095,sample_01031,New Life (take 1) - Bird Names,1,0.8375270962715149,cnn_revised_20260919T110440Z,cnn_s2_15,val,Log-Mel CNN,0.12275417894124985,0.17832201719284058
seg_003096,sample_01032,Norweigian Wood II - Bird Names,1,0.5617468953132629,cnn_revised_20260919T110440Z,cnn_s2_15,val,Log-Mel CNN,0.12275417894124985,0.17832201719284058
seg_003097,sample_01032,Norweigian Wood II - Bird Names,1,0.06696440279483795,cnn_revised_20260919T110440Z,cnn_s2_15,val,Log-Mel CNN,0.12275417894124985,0.17832201719284058
seg_003098,sample_01032,Norweigian Wood II - Bird Names,1,0.8157594203948975,cnn_revised_20260919T110440Z,cnn_s2_15,val,Log-Mel CNN,0.12275417894124985,0.17832201719284058
seg_003099,sample_01033,Norweigian Wood II - Bird Names,1,0.4725762903690338,cnn_revised_20260919T110440Z,cnn_s2_15,val,Log-Mel CNN,0.12275417894124985,0.17832201719284058
seg_003100,sample_01033,Norweigian Wood II - Bird Names,1,0.3689008057117462,cnn_revised_20260919T110440Z,cnn_s2_15,val,Log-Mel CNN,0.12275417894124985,0.17832201719284058
seg_003101,sample_01033,Norweigian Wood II - Bird Names,1,0.7360696792602539,cnn_revised_20260919T110440Z,cnn_s2_15,val,Log-Mel CNN,0.12275417894124985,0.17832201719284058
seg_003120,sample_01040,Roller Star - Monroeville Music Center,1,0.8294973373413086,cnn_revised_20260919T110440Z,cnn_s2_15,val,Log-Mel CNN,0.12275417894124985,0.17832201719284058
seg_003121,sample_01040,Roller Star - Monroeville Music Center,1,0.6088963747024536,cnn_revised_20260919T110440Z,cnn_s2_15,val,Log-Mel CNN,0.12275417894124985,0.17832201719284058
seg_003122,sample_01040,Roller Star - Monroeville Music Center,1,0.8725486993789673,cnn_revised_20260919T110440Z,cnn_s2_15,val,Log-Mel CNN,0.12275417894124985,0.17832201719284058
seg_003123,sample_01041,Roller Star - Monroeville Music Center,1,0.8945630192756653,cnn_revised_20260919T110440Z,cnn_s2_15,val,Log-Mel CNN,0.12275417894124985,0.17832201719284058
seg_003124,sample_01041,Roller Star - Monroeville Music Center,1,0.698928952217102,cnn_revised_20260919T110440Z,cnn_s2_15,val,Log-Mel CNN,0.12275417894124985,0.17832201719284058
seg_003125,sample_01041,Roller Star - Monroeville Music Center,1,0.8414239287376404,cnn_revised_20260919T110440Z,cnn_s2_15,val,Log-Mel CNN,0.12275417894124985,0.17832201719284058
seg_003126,sample_01042,"Roundtrip - Oh Yeah, the Future",1,0.4853990375995636,cnn_revised_20260919T110440Z,cnn_s2_15,val,Log-Mel CNN,0.12275417894124985,0.17832201719284058
seg_003127,sample_01042,"Roundtrip - Oh Yeah, the Future",1,0.2601674497127533,cnn_revised_20260919T110440Z,cnn_s2_15,val,Log-Mel CNN,0.12275417894124985,0.17832201719284058
seg_003128,sample_01042,"Roundtrip - Oh Yeah, the Future",1,0.8349635004997253,cnn_revised_20260919T110440Z,cnn_s2_15,val,Log-Mel CNN,0.12275417894124985,0.17832201719284058
seg_003129,sample_01043,"Roundtrip - Oh Yeah, the Future",1,0.26173073053359985,cnn_revised_20260919T110440Z,cnn_s2_15,val,Log-Mel CNN,0.12275417894124985,0.17832201719284058
seg_003130,sample_01043,"Roundtrip - Oh Yeah, the Future",1,0.5893917679786682,cnn_revised_20260919T110440Z,cnn_s2_15,val,Log-Mel CNN,0.12275417894124985,0.17832201719284058
seg_003131,sample_01043,"Roundtrip - Oh Yeah, the Future",1,0.9189954400062561,cnn_revised_20260919T110440Z,cnn_s2_15,val,Log-Mel CNN,0.12275417894124985,0.17832201719284058
seg_003144,sample_01048,Soleares&beats - Malaventura,1,0.18190385401248932,cnn_revised_20260919T110440Z,cnn_s2_15,val,Log-Mel CNN,0.12275417894124985,0.17832201719284058
seg_003145,sample_01048,Soleares&beats - Malaventura,1,0.10341116786003113,cnn_revised_20260919T110440Z,cnn_s2_15,val,Log-Mel CNN,0.12275417894124985,0.17832201719284058
seg_003146,sample_01048,Soleares&beats - Malaventura,1,0.5806834101676941,cnn_revised_20260919T110440Z,cnn_s2_15,val,Log-Mel CNN,0.12275417894124985,0.17832201719284058
seg_003147,sample_01049,Soleares&beats - Malaventura,1,0.013323692604899406,cnn_revised_20260919T110440Z,cnn_s2_15,val,Log-Mel CNN,0.12275417894124985,0.17832201719284058
seg_003148,sample_01049,Soleares&beats - Malaventura,1,0.8316015005111694,cnn_revised_20260919T110440Z,cnn_s2_15,val,Log-Mel CNN,0.12275417894124985,0.17832201719284058
seg_003149,sample_01049,Soleares&beats - Malaventura,1,0.6042383313179016,cnn_revised_20260919T110440Z,cnn_s2_15,val,Log-Mel CNN,0.12275417894124985,0.17832201719284058
seg_003162,sample_01054,Stockholm Syndrome / People Should Be More Aware - Bird Names,1,0.015627546235919,cnn_revised_20260919T110440Z,cnn_s2_15,val,Log-Mel CNN,0.12275417894124985,0.17832201719284058
seg_003163,sample_01054,Stockholm Syndrome / People Should Be More Aware - Bird Names,1,0.369392067193985,cnn_revised_20260919T110440Z,cnn_s2_15,val,Log-Mel CNN,0.12275417894124985,0.17832201719284058
seg_003164,sample_01054,Stockholm Syndrome / People Should Be More Aware - Bird Names,1,0.2751489281654358,cnn_revised_20260919T110440Z,cnn_s2_15,val,Log-Mel CNN,0.12275417894124985,0.17832201719284058
seg_003165,sample_01055,Stockholm Syndrome / People Should Be More Aware - Bird Names,1,0.5208117365837097,cnn_revised_20260919T110440Z,cnn_s2_15,val,Log-Mel CNN,0.12275417894124985,0.17832201719284058
seg_003166,sample_01055,Stockholm Syndrome / People Should Be More Aware - Bird Names,1,0.12449844926595688,cnn_revised_20260919T110440Z,cnn_s2_15,val,Log-Mel CNN,0.12275417894124985,0.17832201719284058
seg_003167,sample_01055,Stockholm Syndrome / People Should Be More Aware - Bird Names,1,0.44788670539855957,cnn_revised_20260919T110440Z,cnn_s2_15,val,Log-Mel CNN,0.12275417894124985,0.17832201719284058
seg_003204,sample_01068,Time Is Love - Silence is full of birds,1,0.1184828132390976,cnn_revised_20260919T110440Z,cnn_s2_15,val,Log-Mel CNN,0.12275417894124985,0.17832201719284058
seg_003205,sample_01068,Time Is Love - Silence is full of birds,1,0.15137887001037598,cnn_revised_20260919T110440Z,cnn_s2_15,val,Log-Mel CNN,0.12275417894124985,0.17832201719284058
seg_003206,sample_01068,Time Is Love - Silence is full of birds,1,0.5524662137031555,cnn_revised_20260919T110440Z,cnn_s2_15,val,Log-Mel CNN,0.12275417894124985,0.17832201719284058
seg_003207,sample_01069,Time Is Love - Silence is full of birds,1,0.43494054675102234,cnn_revised_20260919T110440Z,cnn_s2_15,val,Log-Mel CNN,0.12275417894124985,0.17832201719284058
seg_003208,sample_01069,Time Is Love - Silence is full of birds,1,0.7235705256462097,cnn_revised_20260919T110440Z,cnn_s2_15,val,Log-Mel CNN,0.12275417894124985,0.17832201719284058
seg_003209,sample_01069,Time Is Love - Silence is full of birds,1,0.9332726001739502,cnn_revised_20260919T110440Z,cnn_s2_15,val,Log-Mel CNN,0.12275417894124985,0.17832201719284058
seg_003246,sample_01082,2 (Wasn't There) - Isle of Pine,1,0.6103952527046204,cnn_revised_20260919T110440Z,cnn_s2_15,val,Log-Mel CNN,0.12275417894124985,0.17832201719284058
seg_003247,sample_01082,2 (Wasn't There) - Isle of Pine,1,0.46079960465431213,cnn_revised_20260919T110440Z,cnn_s2_15,val,Log-Mel CNN,0.12275417894124985,0.17832201719284058
seg_003248,sample_01082,2 (Wasn't There) - Isle of Pine,1,0.9747388958930969,cnn_revised_20260919T110440Z,cnn_s2_15,val,Log-Mel CNN,0.12275417894124985,0.17832201719284058
seg_003249,sample_01083,2 (Wasn't There) - Isle of Pine,1,0.17349916696548462,cnn_revised_20260919T110440Z,cnn_s2_15,val,Log-Mel CNN,0.12275417894124985,0.17832201719284058
seg_003250,sample_01083,2 (Wasn't There) - Isle of Pine,1,0.33107492327690125,cnn_revised_20260919T110440Z,cnn_s2_15,val,Log-Mel CNN,0.12275417894124985,0.17832201719284058
seg_003251,sample_01083,2 (Wasn't There) - Isle of Pine,1,0.5521941781044006,cnn_revised_20260919T110440Z,cnn_s2_15,val,Log-Mel CNN,0.12275417894124985,0.17832201719284058
seg_003276,sample_01092,Empty Pockets - Pete Prodoehl,1,0.4143161177635193,cnn_revised_20260919T110440Z,cnn_s2_15,val,Log-Mel CNN,0.12275417894124985,0.17832201719284058
seg_003277,sample_01092,Empty Pockets - Pete Prodoehl,1,0.6604151725769043,cnn_revised_20260919T110440Z,cnn_s2_15,val,Log-Mel CNN,0.12275417894124985,0.17832201719284058
seg_003278,sample_01092,Empty Pockets - Pete Prodoehl,1,0.42516058683395386,cnn_revised_20260919T110440Z,cnn_s2_15,val,Log-Mel CNN,0.12275417894124985,0.17832201719284058
seg_003279,sample_01093,Empty Pockets - Pete Prodoehl,1,0.6851922273635864,cnn_revised_20260919T110440Z,cnn_s2_15,val,Log-Mel CNN,0.12275417894124985,0.17832201719284058
seg_003280,sample_01093,Empty Pockets - Pete Prodoehl,1,0.1541856825351715,cnn_revised_20260919T110440Z,cnn_s2_15,val,Log-Mel CNN,0.12275417894124985,0.17832201719284058
seg_003281,sample_01093,Empty Pockets - Pete Prodoehl,1,0.28138357400894165,cnn_revised_20260919T110440Z,cnn_s2_15,val,Log-Mel CNN,0.12275417894124985,0.17832201719284058
seg_003294,sample_01098,Gila Monster Flop/Music History Lesson:The Sonics - The Crypts!,1,0.07723651081323624,cnn_revised_20260919T110440Z,cnn_s2_15,val,Log-Mel CNN,0.12275417894124985,0.17832201719284058
seg_003295,sample_01098,Gila Monster Flop/Music History Lesson:The Sonics - The Crypts!,1,0.2214951366186142,cnn_revised_20260919T110440Z,cnn_s2_15,val,Log-Mel CNN,0.12275417894124985,0.17832201719284058
seg_003296,sample_01098,Gila Monster Flop/Music History Lesson:The Sonics - The Crypts!,1,0.35174560546875,cnn_revised_20260919T110440Z,cnn_s2_15,val,Log-Mel CNN,0.12275417894124985,0.17832201719284058
seg_003297,sample_01099,Gila Monster Flop/Music History Lesson:The Sonics - The Crypts!,1,0.03796139732003212,cnn_revised_20260919T110440Z,cnn_s2_15,val,Log-Mel CNN,0.12275417894124985,0.17832201719284058
seg_003298,sample_01099,Gila Monster Flop/Music History Lesson:The Sonics - The Crypts!,1,0.5700141191482544,cnn_revised_20260919T110440Z,cnn_s2_15,val,Log-Mel CNN,0.12275417894124985,0.17832201719284058
seg_003299,sample_01099,Gila Monster Flop/Music History Lesson:The Sonics - The Crypts!,1,0.6652420163154602,cnn_revised_20260919T110440Z,cnn_s2_15,val,Log-Mel CNN,0.12275417894124985,0.17832201719284058
seg_003312,sample_01104,I Fell - Mod Fun,1,0.5255705118179321,cnn_revised_20260919T110440Z,cnn_s2_15,val,Log-Mel CNN,0.12275417894124985,0.17832201719284058
seg_003313,sample_01104,I Fell - Mod Fun,1,0.3150358498096466,cnn_revised_20260919T110440Z,cnn_s2_15,val,Log-Mel CNN,0.12275417894124985,0.17832201719284058
seg_003314,sample_01104,I Fell - Mod Fun,1,0.7300909757614136,cnn_revised_20260919T110440Z,cnn_s2_15,val,Log-Mel CNN,0.12275417894124985,0.17832201719284058
seg_003315,sample_01105,I Fell - Mod Fun,1,0.5587237477302551,cnn_revised_20260919T110440Z,cnn_s2_15,val,Log-Mel CNN,0.12275417894124985,0.17832201719284058
seg_003316,sample_01105,I Fell - Mod Fun,1,0.2625252604484558,cnn_revised_20260919T110440Z,cnn_s2_15,val,Log-Mel CNN,0.12275417894124985,0.17832201719284058
seg_003317,sample_01105,I Fell - Mod Fun,1,0.26431387662887573,cnn_revised_20260919T110440Z,cnn_s2_15,val,Log-Mel CNN,0.12275417894124985,0.17832201719284058
seg_003360,sample_01120,March of the GPA Mechanics - [t]ghost,1,0.14476604759693146,cnn_revised_20260919T110440Z,cnn_s2_15,val,Log-Mel CNN,0.12275417894124985,0.17832201719284058
seg_003361,sample_01120,March of the GPA Mechanics - [t]ghost,1,0.36099696159362793,cnn_revised_20260919T110440Z,cnn_s2_15,val,Log-Mel CNN,0.12275417894124985,0.17832201719284058
seg_003362,sample_01120,March of the GPA Mechanics - [t]ghost,1,0.8240100145339966,cnn_revised_20260919T110440Z,cnn_s2_15,val,Log-Mel CNN,0.12275417894124985,0.17832201719284058
seg_003363,sample_01121,March of the GPA Mechanics - [t]ghost,1,0.4892045259475708,cnn_revised_20260919T110440Z,cnn_s2_15,val,Log-Mel CNN,0.12275417894124985,0.17832201719284058
seg_003364,sample_01121,March of the GPA Mechanics - [t]ghost,1,0.642673909664154,cnn_revised_20260919T110440Z,cnn_s2_15,val,Log-Mel CNN,0.12275417894124985,0.17832201719284058
seg_003365,sample_01121,March of the GPA Mechanics - [t]ghost,1,0.8933243751525879,cnn_revised_20260919T110440Z,cnn_s2_15,val,Log-Mel CNN,0.12275417894124985,0.17832201719284058
seg_003420,sample_01140,Scramby Eggs - Andy G. Cohen,1,0.3287283480167389,cnn_revised_20260919T110440Z,cnn_s2_15,val,Log-Mel CNN,0.12275417894124985,0.17832201719284058
seg_003421,sample_01140,Scramby Eggs - Andy G. Cohen,1,0.2815365493297577,cnn_revised_20260919T110440Z,cnn_s2_15,val,Log-Mel CNN,0.12275417894124985,0.17832201719284058
seg_003422,sample_01140,Scramby Eggs - Andy G. Cohen,1,0.756365954875946,cnn_revised_20260919T110440Z,cnn_s2_15,val,Log-Mel CNN,0.12275417894124985,0.17832201719284058
seg_003423,sample_01141,Scramby Eggs - Andy G. Cohen,1,0.26512059569358826,cnn_revised_20260919T110440Z,cnn_s2_15,val,Log-Mel CNN,0.12275417894124985,0.17832201719284058
seg_003424,sample_01141,Scramby Eggs - Andy G. Cohen,1,0.06982062757015228,cnn_revised_20260919T110440Z,cnn_s2_15,val,Log-Mel CNN,0.12275417894124985,0.17832201719284058
seg_003425,sample_01141,Scramby Eggs - Andy G. Cohen,1,0.7702814340591431,cnn_revised_20260919T110440Z,cnn_s2_15,val,Log-Mel CNN,0.12275417894124985,0.17832201719284058
seg_003474,sample_01158,The girl just faded - Los Llamarada,1,0.1342104971408844,cnn_revised_20260919T110440Z,cnn_s2_15,val,Log-Mel CNN,0.12275417894124985,0.17832201719284058
seg_003475,sample_01158,The girl just faded - Los Llamarada,1,0.6262462735176086,cnn_revised_20260919T110440Z,cnn_s2_15,val,Log-Mel CNN,0.12275417894124985,0.17832201719284058
seg_003476,sample_01158,The girl just faded - Los Llamarada,1,0.9414894580841064,cnn_revised_20260919T110440Z,cnn_s2_15,val,Log-Mel CNN,0.12275417894124985,0.17832201719284058
seg_003477,sample_01159,The girl just faded - Los Llamarada,1,0.18291880190372467,cnn_revised_20260919T110440Z,cnn_s2_15,val,Log-Mel CNN,0.12275417894124985,0.17832201719284058
seg_003478,sample_01159,The girl just faded - Los Llamarada,1,0.29016587138175964,cnn_revised_20260919T110440Z,cnn_s2_15,val,Log-Mel CNN,0.12275417894124985,0.17832201719284058
seg_003479,sample_01159,The girl just faded - Los Llamarada,1,0.7414569854736328,cnn_revised_20260919T110440Z,cnn_s2_15,val,Log-Mel CNN,0.12275417894124985,0.17832201719284058
seg_003492,sample_01164,Voxel - Andy G. Cohen,1,0.4127648174762726,cnn_revised_20260919T110440Z,cnn_s2_15,val,Log-Mel CNN,0.12275417894124985,0.17832201719284058
seg_003493,sample_01164,Voxel - Andy G. Cohen,1,0.18518778681755066,cnn_revised_20260919T110440Z,cnn_s2_15,val,Log-Mel CNN,0.12275417894124985,0.17832201719284058
seg_003494,sample_01164,Voxel - Andy G. Cohen,1,0.005186213180422783,cnn_revised_20260919T110440Z,cnn_s2_15,val,Log-Mel CNN,0.12275417894124985,0.17832201719284058
seg_003495,sample_01165,Voxel - Andy G. Cohen,1,0.6555189490318298,cnn_revised_20260919T110440Z,cnn_s2_15,val,Log-Mel CNN,0.12275417894124985,0.17832201719284058
seg_003496,sample_01165,Voxel - Andy G. Cohen,1,0.8611078858375549,cnn_revised_20260919T110440Z,cnn_s2_15,val,Log-Mel CNN,0.12275417894124985,0.17832201719284058
seg_003497,sample_01165,Voxel - Andy G. Cohen,1,0.9693236351013184,cnn_revised_20260919T110440Z,cnn_s2_15,val,Log-Mel CNN,0.12275417894124985,0.17832201719284058
seg_003516,sample_01172,Windows of the Skull - Sarin,1,0.8129090070724487,cnn_revised_20260919T110440Z,cnn_s2_15,val,Log-Mel CNN,0.12275417894124985,0.17832201719284058
seg_003517,sample_01172,Windows of the Skull - Sarin,1,0.08607801049947739,cnn_revised_20260919T110440Z,cnn_s2_15,val,Log-Mel CNN,0.12275417894124985,0.17832201719284058
seg_003518,sample_01172,Windows of the Skull - Sarin,1,0.867422878742218,cnn_revised_20260919T110440Z,cnn_s2_15,val,Log-Mel CNN,0.12275417894124985,0.17832201719284058
seg_003519,sample_01173,Windows of the Skull - Sarin,1,0.9520741105079651,cnn_revised_20260919T110440Z,cnn_s2_15,val,Log-Mel CNN,0.12275417894124985,0.17832201719284058
seg_003520,sample_01173,Windows of the Skull - Sarin,1,0.14699210226535797,cnn_revised_20260919T110440Z,cnn_s2_15,val,Log-Mel CNN,0.12275417894124985,0.17832201719284058
seg_003521,sample_01173,Windows of the Skull - Sarin,1,0.8495757579803467,cnn_revised_20260919T110440Z,cnn_s2_15,val,Log-Mel CNN,0.12275417894124985,0.17832201719284058
seg_003534,sample_01178,Новый Нью-Йорк 2 - Чокнутый Пропеллер,1,0.2098817229270935,cnn_revised_20260919T110440Z,cnn_s2_15,val,Log-Mel CNN,0.12275417894124985,0.17832201719284058
seg_003535,sample_01178,Новый Нью-Йорк 2 - Чокнутый Пропеллер,1,0.49596118927001953,cnn_revised_20260919T110440Z,cnn_s2_15,val,Log-Mel CNN,0.12275417894124985,0.17832201719284058
seg_003536,sample_01178,Новый Нью-Йорк 2 - Чокнутый Пропеллер,1,0.3699708878993988,cnn_revised_20260919T110440Z,cnn_s2_15,val,Log-Mel CNN,0.12275417894124985,0.17832201719284058
seg_003537,sample_01179,Новый Нью-Йорк 2 - Чокнутый Пропеллер,1,0.5333475470542908,cnn_revised_20260919T110440Z,cnn_s2_15,val,Log-Mel CNN,0.12275417894124985,0.17832201719284058
seg_003538,sample_01179,Новый Нью-Йорк 2 - Чокнутый Пропеллер,1,0.22695431113243103,cnn_revised_20260919T110440Z,cnn_s2_15,val,Log-Mel CNN,0.12275417894124985,0.17832201719284058
seg_003539,sample_01179,Новый Нью-Йорк 2 - Чокнутый Пропеллер,1,0.5544774532318115,cnn_revised_20260919T110440Z,cnn_s2_15,val,Log-Mel CNN,0.12275417894124985,0.17832201719284058
seg_003597,sample_01199,CopperNickle - UncleBibby,1,0.6291611194610596,cnn_revised_20260919T110440Z,cnn_s2_15,val,Log-Mel CNN,0.12275417894124985,0.17832201719284058
seg_003598,sample_01199,CopperNickle - UncleBibby,1,0.7882609963417053,cnn_revised_20260919T110440Z,cnn_s2_15,val,Log-Mel CNN,0.12275417894124985,0.17832201719284058
seg_003599,sample_01199,CopperNickle - UncleBibby,1,0.9910668730735779,cnn_revised_20260919T110440Z,cnn_s2_15,val,Log-Mel CNN,0.12275417894124985,0.17832201719284058
seg_003606,sample_01202,Daylight Savings - My brother Daniel,1,0.11389894038438797,cnn_revised_20260919T110440Z,cnn_s2_15,val,Log-Mel CNN,0.12275417894124985,0.17832201719284058
seg_003607,sample_01202,Daylight Savings - My brother Daniel,1,0.4262259006500244,cnn_revised_20260919T110440Z,cnn_s2_15,val,Log-Mel CNN,0.12275417894124985,0.17832201719284058
seg_003608,sample_01202,Daylight Savings - My brother Daniel,1,0.3951151669025421,cnn_revised_20260919T110440Z,cnn_s2_15,val,Log-Mel CNN,0.12275417894124985,0.17832201719284058
seg_003633,sample_01211,Fifth Ramble - From the album Keith [RSVP007] - My brother Daniel,1,0.6640191078186035,cnn_revised_20260919T110440Z,cnn_s2_15,val,Log-Mel CNN,0.12275417894124985,0.17832201719284058
seg_003634,sample_01211,Fifth Ramble - From the album Keith [RSVP007] - My brother Daniel,1,0.22212567925453186,cnn_revised_20260919T110440Z,cnn_s2_15,val,Log-Mel CNN,0.12275417894124985,0.17832201719284058
seg_003635,sample_01211,Fifth Ramble - From the album Keith [RSVP007] - My brother Daniel,1,0.24964039027690887,cnn_revised_20260919T110440Z,cnn_s2_15,val,Log-Mel CNN,0.12275417894124985,0.17832201719284058
seg_003657,sample_01219,If You're Ther - Nicola Ratti,1,0.6025452613830566,cnn_revised_20260919T110440Z,cnn_s2_15,val,Log-Mel CNN,0.12275417894124985,0.17832201719284058
seg_003658,sample_01219,If You're Ther - Nicola Ratti,1,0.8185799717903137,cnn_revised_20260919T110440Z,cnn_s2_15,val,Log-Mel CNN,0.12275417894124985,0.17832201719284058
seg_003659,sample_01219,If You're Ther - Nicola Ratti,1,0.9810175895690918,cnn_revised_20260919T110440Z,cnn_s2_15,val,Log-Mel CNN,0.12275417894124985,0.17832201719284058
seg_003681,sample_01227,Kumorizoranohajimarutokoro - Hosomi,1,0.7668038606643677,cnn_revised_20260919T110440Z,cnn_s2_15,val,Log-Mel CNN,0.12275417894124985,0.17832201719284058
seg_003682,sample_01227,Kumorizoranohajimarutokoro - Hosomi,1,0.7852848172187805,cnn_revised_20260919T110440Z,cnn_s2_15,val,Log-Mel CNN,0.12275417894124985,0.17832201719284058
seg_003683,sample_01227,Kumorizoranohajimarutokoro - Hosomi,1,0.9813563823699951,cnn_revised_20260919T110440Z,cnn_s2_15,val,Log-Mel CNN,0.12275417894124985,0.17832201719284058
seg_003708,sample_01236,Loved Ones - Rowan Box,1,0.9663344025611877,cnn_revised_20260919T110440Z,cnn_s2_15,val,Log-Mel CNN,0.12275417894124985,0.17832201719284058
seg_003709,sample_01236,Loved Ones - Rowan Box,1,0.9974870681762695,cnn_revised_20260919T110440Z,cnn_s2_15,val,Log-Mel CNN,0.12275417894124985,0.17832201719284058
seg_003710,sample_01236,Loved Ones - Rowan Box,1,0.6317461133003235,cnn_revised_20260919T110440Z,cnn_s2_15,val,Log-Mel CNN,0.12275417894124985,0.17832201719284058
seg_003711,sample_01237,Morning Bell - Nihilore,1,0.15467198193073273,cnn_revised_20260919T110440Z,cnn_s2_15,val,Log-Mel CNN,0.12275417894124985,0.17832201719284058
seg_003712,sample_01237,Morning Bell - Nihilore,1,0.47127488255500793,cnn_revised_20260919T110440Z,cnn_s2_15,val,Log-Mel CNN,0.12275417894124985,0.17832201719284058
seg_003713,sample_01237,Morning Bell - Nihilore,1,0.9261946678161621,cnn_revised_20260919T110440Z,cnn_s2_15,val,Log-Mel CNN,0.12275417894124985,0.17832201719284058
seg_003714,sample_01238,mystery team 2090 - Jesse Futerman,1,0.7058716416358948,cnn_revised_20260919T110440Z,cnn_s2_15,val,Log-Mel CNN,0.12275417894124985,0.17832201719284058
seg_003715,sample_01238,mystery team 2090 - Jesse Futerman,1,0.44811370968818665,cnn_revised_20260919T110440Z,cnn_s2_15,val,Log-Mel CNN,0.12275417894124985,0.17832201719284058
seg_003716,sample_01238,mystery team 2090 - Jesse Futerman,1,0.23133043944835663,cnn_revised_20260919T110440Z,cnn_s2_15,val,Log-Mel CNN,0.12275417894124985,0.17832201719284058
seg_003717,sample_01239,Night Drive - Decktonic,1,0.7189045548439026,cnn_revised_20260919T110440Z,cnn_s2_15,val,Log-Mel CNN,0.12275417894124985,0.17832201719284058
seg_003718,sample_01239,Night Drive - Decktonic,1,0.9847676157951355,cnn_revised_20260919T110440Z,cnn_s2_15,val,Log-Mel CNN,0.12275417894124985,0.17832201719284058
seg_003719,sample_01239,Night Drive - Decktonic,1,0.9861175417900085,cnn_revised_20260919T110440Z,cnn_s2_15,val,Log-Mel CNN,0.12275417894124985,0.17832201719284058
seg_003729,sample_01243,Nuo Maisemat - Paavoharju,1,0.8138502240180969,cnn_revised_20260919T110440Z,cnn_s2_15,val,Log-Mel CNN,0.12275417894124985,0.17832201719284058
seg_003730,sample_01243,Nuo Maisemat - Paavoharju,1,0.9904933571815491,cnn_revised_20260919T110440Z,cnn_s2_15,val,Log-Mel CNN,0.12275417894124985,0.17832201719284058
seg_003731,sample_01243,Nuo Maisemat - Paavoharju,1,0.9128680229187012,cnn_revised_20260919T110440Z,cnn_s2_15,val,Log-Mel CNN,0.12275417894124985,0.17832201719284058
seg_003780,sample_01260,SD (Ill Mix) - H-LR,1,0.7086434364318848,cnn_revised_20260919T110440Z,cnn_s2_15,val,Log-Mel CNN,0.12275417894124985,0.17832201719284058
seg_003781,sample_01260,SD (Ill Mix) - H-LR,1,0.6785561442375183,cnn_revised_20260919T110440Z,cnn_s2_15,val,Log-Mel CNN,0.12275417894124985,0.17832201719284058
seg_003782,sample_01260,SD (Ill Mix) - H-LR,1,0.9190329909324646,cnn_revised_20260919T110440Z,cnn_s2_15,val,Log-Mel CNN,0.12275417894124985,0.17832201719284058
seg_003795,sample_01265,some dextromethorphan - Jeva,1,0.753290593624115,cnn_revised_20260919T110440Z,cnn_s2_15,val,Log-Mel CNN,0.12275417894124985,0.17832201719284058
seg_003796,sample_01265,some dextromethorphan - Jeva,1,0.9514285922050476,cnn_revised_20260919T110440Z,cnn_s2_15,val,Log-Mel CNN,0.12275417894124985,0.17832201719284058
seg_003797,sample_01265,some dextromethorphan - Jeva,1,0.9414482712745667,cnn_revised_20260919T110440Z,cnn_s2_15,val,Log-Mel CNN,0.12275417894124985,0.17832201719284058
seg_003804,sample_01268,Sturgeon's Law - Nihilore,1,0.8169453144073486,cnn_revised_20260919T110440Z,cnn_s2_15,val,Log-Mel CNN,0.12275417894124985,0.17832201719284058
seg_003805,sample_01268,Sturgeon's Law - Nihilore,1,0.9322099685668945,cnn_revised_20260919T110440Z,cnn_s2_15,val,Log-Mel CNN,0.12275417894124985,0.17832201719284058
seg_003806,sample_01268,Sturgeon's Law - Nihilore,1,0.975266695022583,cnn_revised_20260919T110440Z,cnn_s2_15,val,Log-Mel CNN,0.12275417894124985,0.17832201719284058
seg_003840,sample_01280,The Stairway - WarpToken,1,0.6249111294746399,cnn_revised_20260919T110440Z,cnn_s2_15,val,Log-Mel CNN,0.12275417894124985,0.17832201719284058
seg_003841,sample_01280,The Stairway - WarpToken,1,0.9657894968986511,cnn_revised_20260919T110440Z,cnn_s2_15,val,Log-Mel CNN,0.12275417894124985,0.17832201719284058
seg_003842,sample_01280,The Stairway - WarpToken,1,0.9909672141075134,cnn_revised_20260919T110440Z,cnn_s2_15,val,Log-Mel CNN,0.12275417894124985,0.17832201719284058
seg_003843,sample_01281,Three Bird - My brother Daniel,1,0.9234175086021423,cnn_revised_20260919T110440Z,cnn_s2_15,val,Log-Mel CNN,0.12275417894124985,0.17832201719284058
seg_003844,sample_01281,Three Bird - My brother Daniel,1,0.9857614040374756,cnn_revised_20260919T110440Z,cnn_s2_15,val,Log-Mel CNN,0.12275417894124985,0.17832201719284058
seg_003845,sample_01281,Three Bird - My brother Daniel,1,0.992065966129303,cnn_revised_20260919T110440Z,cnn_s2_15,val,Log-Mel CNN,0.12275417894124985,0.17832201719284058
seg_003846,sample_01282,Timen Passing By - Jason Shaw,1,0.1958322823047638,cnn_revised_20260919T110440Z,cnn_s2_15,val,Log-Mel CNN,0.12275417894124985,0.17832201719284058
seg_003847,sample_01282,Timen Passing By - Jason Shaw,1,0.9686775207519531,cnn_revised_20260919T110440Z,cnn_s2_15,val,Log-Mel CNN,0.12275417894124985,0.17832201719284058
seg_003848,sample_01282,Timen Passing By - Jason Shaw,1,0.988369345664978,cnn_revised_20260919T110440Z,cnn_s2_15,val,Log-Mel CNN,0.12275417894124985,0.17832201719284058
seg_003864,sample_01288,Understand That This Is A Dream - From the album Modulating Coil [RSVP008] - Forrest James,1,0.6452029943466187,cnn_revised_20260919T110440Z,cnn_s2_15,val,Log-Mel CNN,0.12275417894124985,0.17832201719284058
seg_003865,sample_01288,Understand That This Is A Dream - From the album Modulating Coil [RSVP008] - Forrest James,1,0.9858006834983826,cnn_revised_20260919T110440Z,cnn_s2_15,val,Log-Mel CNN,0.12275417894124985,0.17832201719284058
seg_003866,sample_01288,Understand That This Is A Dream - From the album Modulating Coil [RSVP008] - Forrest James,1,0.9147694706916809,cnn_revised_20260919T110440Z,cnn_s2_15,val,Log-Mel CNN,0.12275417894124985,0.17832201719284058
seg_003873,sample_01291,Westside Chillers - Little Glass Men,1,0.8973420858383179,cnn_revised_20260919T110440Z,cnn_s2_15,val,Log-Mel CNN,0.12275417894124985,0.17832201719284058
seg_003874,sample_01291,Westside Chillers - Little Glass Men,1,0.9176164269447327,cnn_revised_20260919T110440Z,cnn_s2_15,val,Log-Mel CNN,0.12275417894124985,0.17832201719284058
seg_003875,sample_01291,Westside Chillers - Little Glass Men,1,0.7038887739181519,cnn_revised_20260919T110440Z,cnn_s2_15,val,Log-Mel CNN,0.12275417894124985,0.17832201719284058
seg_003885,sample_01295,Agora - Malaventura,1,0.4766399562358856,cnn_revised_20260919T110440Z,cnn_s2_15,val,Log-Mel CNN,0.12275417894124985,0.17832201719284058
seg_003886,sample_01295,Agora - Malaventura,1,0.6749464273452759,cnn_revised_20260919T110440Z,cnn_s2_15,val,Log-Mel CNN,0.12275417894124985,0.17832201719284058
seg_003887,sample_01295,Agora - Malaventura,1,0.9332104325294495,cnn_revised_20260919T110440Z,cnn_s2_15,val,Log-Mel CNN,0.12275417894124985,0.17832201719284058
seg_003912,sample_01304,Evil Cannot Create - Caleb Lemond,1,0.29963135719299316,cnn_revised_20260919T110440Z,cnn_s2_15,val,Log-Mel CNN,0.12275417894124985,0.17832201719284058
seg_003913,sample_01304,Evil Cannot Create - Caleb Lemond,1,0.5409384369850159,cnn_revised_20260919T110440Z,cnn_s2_15,val,Log-Mel CNN,0.12275417894124985,0.17832201719284058
seg_003914,sample_01304,Evil Cannot Create - Caleb Lemond,1,0.8851500749588013,cnn_revised_20260919T110440Z,cnn_s2_15,val,Log-Mel CNN,0.12275417894124985,0.17832201719284058
seg_003972,sample_01324,My Body Is A Weapon (Compromise Edit) - Silence is full of birds,1,0.5880866646766663,cnn_revised_20260919T110440Z,cnn_s2_15,val,Log-Mel CNN,0.12275417894124985,0.17832201719284058
seg_003973,sample_01324,My Body Is A Weapon (Compromise Edit) - Silence is full of birds,1,0.9673560857772827,cnn_revised_20260919T110440Z,cnn_s2_15,val,Log-Mel CNN,0.12275417894124985,0.17832201719284058
seg_003974,sample_01324,My Body Is A Weapon (Compromise Edit) - Silence is full of birds,1,0.9244555830955505,cnn_revised_20260919T110440Z,cnn_s2_15,val,Log-Mel CNN,0.12275417894124985,0.17832201719284058
seg_003975,sample_01325,My Body Is A Weapon (Compromise Edit) - Silence is full of birds,1,0.5890149474143982,cnn_revised_20260919T110440Z,cnn_s2_15,val,Log-Mel CNN,0.12275417894124985,0.17832201719284058
seg_003976,sample_01325,My Body Is A Weapon (Compromise Edit) - Silence is full of birds,1,0.9757874011993408,cnn_revised_20260919T110440Z,cnn_s2_15,val,Log-Mel CNN,0.12275417894124985,0.17832201719284058
seg_003977,sample_01325,My Body Is A Weapon (Compromise Edit) - Silence is full of birds,1,0.8888131380081177,cnn_revised_20260919T110440Z,cnn_s2_15,val,Log-Mel CNN,0.12275417894124985,0.17832201719284058
seg_003987,sample_01329,New Life (take 1) - Bird Names,1,0.9356663227081299,cnn_revised_20260919T110440Z,cnn_s2_15,val,Log-Mel CNN,0.12275417894124985,0.17832201719284058
seg_003988,sample_01329,New Life (take 1) - Bird Names,1,0.8861173391342163,cnn_revised_20260919T110440Z,cnn_s2_15,val,Log-Mel CNN,0.12275417894124985,0.17832201719284058
seg_003989,sample_01329,New Life (take 1) - Bird Names,1,0.8272121548652649,cnn_revised_20260919T110440Z,cnn_s2_15,val,Log-Mel CNN,0.12275417894124985,0.17832201719284058
seg_003990,sample_01330,New Life (take 1) - Bird Names,1,0.6027265191078186,cnn_revised_20260919T110440Z,cnn_s2_15,val,Log-Mel CNN,0.12275417894124985,0.17832201719284058
seg_003991,sample_01330,New Life (take 1) - Bird Names,1,0.6877514123916626,cnn_revised_20260919T110440Z,cnn_s2_15,val,Log-Mel CNN,0.12275417894124985,0.17832201719284058
seg_003992,sample_01330,New Life (take 1) - Bird Names,1,0.9885672330856323,cnn_revised_20260919T110440Z,cnn_s2_15,val,Log-Mel CNN,0.12275417894124985,0.17832201719284058
seg_003993,sample_01331,Norweigian Wood II - Bird Names,1,0.1115732342004776,cnn_revised_20260919T110440Z,cnn_s2_15,val,Log-Mel CNN,0.12275417894124985,0.17832201719284058
seg_003994,sample_01331,Norweigian Wood II - Bird Names,1,0.004561465233564377,cnn_revised_20260919T110440Z,cnn_s2_15,val,Log-Mel CNN,0.12275417894124985,0.17832201719284058
seg_003995,sample_01331,Norweigian Wood II - Bird Names,1,0.10266870260238647,cnn_revised_20260919T110440Z,cnn_s2_15,val,Log-Mel CNN,0.12275417894124985,0.17832201719284058
seg_004020,sample_01340,Roller Star - Monroeville Music Center,1,0.9913286566734314,cnn_revised_20260919T110440Z,cnn_s2_15,val,Log-Mel CNN,0.12275417894124985,0.17832201719284058
seg_004021,sample_01340,Roller Star - Monroeville Music Center,1,0.9963326454162598,cnn_revised_20260919T110440Z,cnn_s2_15,val,Log-Mel CNN,0.12275417894124985,0.17832201719284058
seg_004022,sample_01340,Roller Star - Monroeville Music Center,1,0.9977734684944153,cnn_revised_20260919T110440Z,cnn_s2_15,val,Log-Mel CNN,0.12275417894124985,0.17832201719284058
seg_004023,sample_01341,"Roundtrip - Oh Yeah, the Future",1,0.3534613251686096,cnn_revised_20260919T110440Z,cnn_s2_15,val,Log-Mel CNN,0.12275417894124985,0.17832201719284058
seg_004024,sample_01341,"Roundtrip - Oh Yeah, the Future",1,0.2686942517757416,cnn_revised_20260919T110440Z,cnn_s2_15,val,Log-Mel CNN,0.12275417894124985,0.17832201719284058
seg_004025,sample_01341,"Roundtrip - Oh Yeah, the Future",1,0.9492257833480835,cnn_revised_20260919T110440Z,cnn_s2_15,val,Log-Mel CNN,0.12275417894124985,0.17832201719284058
seg_004041,sample_01347,Soleares&beats - Malaventura,1,0.8136334419250488,cnn_revised_20260919T110440Z,cnn_s2_15,val,Log-Mel CNN,0.12275417894124985,0.17832201719284058
seg_004042,sample_01347,Soleares&beats - Malaventura,1,0.9285403490066528,cnn_revised_20260919T110440Z,cnn_s2_15,val,Log-Mel CNN,0.12275417894124985,0.17832201719284058
seg_004043,sample_01347,Soleares&beats - Malaventura,1,0.9900029897689819,cnn_revised_20260919T110440Z,cnn_s2_15,val,Log-Mel CNN,0.12275417894124985,0.17832201719284058
seg_004053,sample_01351,Stockholm Syndrome / People Should Be More Aware - Bird Names,1,0.5399882197380066,cnn_revised_20260919T110440Z,cnn_s2_15,val,Log-Mel CNN,0.12275417894124985,0.17832201719284058
seg_004054,sample_01351,Stockholm Syndrome / People Should Be More Aware - Bird Names,1,0.09776698797941208,cnn_revised_20260919T110440Z,cnn_s2_15,val,Log-Mel CNN,0.12275417894124985,0.17832201719284058
seg_004055,sample_01351,Stockholm Syndrome / People Should Be More Aware - Bird Names,1,0.9764792323112488,cnn_revised_20260919T110440Z,cnn_s2_15,val,Log-Mel CNN,0.12275417894124985,0.17832201719284058
seg_004056,sample_01352,Stockholm Syndrome / People Should Be More Aware - Bird Names,1,0.6877790093421936,cnn_revised_20260919T110440Z,cnn_s2_15,val,Log-Mel CNN,0.12275417894124985,0.17832201719284058
seg_004057,sample_01352,Stockholm Syndrome / People Should Be More Aware - Bird Names,1,0.9108991622924805,cnn_revised_20260919T110440Z,cnn_s2_15,val,Log-Mel CNN,0.12275417894124985,0.17832201719284058
seg_004058,sample_01352,Stockholm Syndrome / People Should Be More Aware - Bird Names,1,0.43103861808776855,cnn_revised_20260919T110440Z,cnn_s2_15,val,Log-Mel CNN,0.12275417894124985,0.17832201719284058
seg_004086,sample_01362,Time Is Love - Silence is full of birds,1,0.460982084274292,cnn_revised_20260919T110440Z,cnn_s2_15,val,Log-Mel CNN,0.12275417894124985,0.17832201719284058
seg_004087,sample_01362,Time Is Love - Silence is full of birds,1,0.2984272837638855,cnn_revised_20260919T110440Z,cnn_s2_15,val,Log-Mel CNN,0.12275417894124985,0.17832201719284058
seg_004088,sample_01362,Time Is Love - Silence is full of birds,1,0.9486809372901917,cnn_revised_20260919T110440Z,cnn_s2_15,val,Log-Mel CNN,0.12275417894124985,0.17832201719284058
seg_004116,sample_01372,2 (Wasn't There) - Isle of Pine,1,0.9194359183311462,cnn_revised_20260919T110440Z,cnn_s2_15,val,Log-Mel CNN,0.12275417894124985,0.17832201719284058
seg_004117,sample_01372,2 (Wasn't There) - Isle of Pine,1,0.43164247274398804,cnn_revised_20260919T110440Z,cnn_s2_15,val,Log-Mel CNN,0.12275417894124985,0.17832201719284058
seg_004118,sample_01372,2 (Wasn't There) - Isle of Pine,1,0.9834467768669128,cnn_revised_20260919T110440Z,cnn_s2_15,val,Log-Mel CNN,0.12275417894124985,0.17832201719284058
seg_004146,sample_01382,Beyond Luxury - Mors Ontologica,1,0.9226374626159668,cnn_revised_20260919T110440Z,cnn_s2_15,val,Log-Mel CNN,0.12275417894124985,0.17832201719284058
seg_004147,sample_01382,Beyond Luxury - Mors Ontologica,1,0.8027867674827576,cnn_revised_20260919T110440Z,cnn_s2_15,val,Log-Mel CNN,0.12275417894124985,0.17832201719284058
seg_004148,sample_01382,Beyond Luxury - Mors Ontologica,1,0.9160178303718567,cnn_revised_20260919T110440Z,cnn_s2_15,val,Log-Mel CNN,0.12275417894124985,0.17832201719284058
seg_004182,sample_01394,Empty Pockets - Pete Prodoehl,1,0.02416938915848732,cnn_revised_20260919T110440Z,cnn_s2_15,val,Log-Mel CNN,0.12275417894124985,0.17832201719284058
seg_004183,sample_01394,Empty Pockets - Pete Prodoehl,1,0.06189674884080887,cnn_revised_20260919T110440Z,cnn_s2_15,val,Log-Mel CNN,0.12275417894124985,0.17832201719284058
seg_004184,sample_01394,Empty Pockets - Pete Prodoehl,1,0.9063043594360352,cnn_revised_20260919T110440Z,cnn_s2_15,val,Log-Mel CNN,0.12275417894124985,0.17832201719284058
seg_004191,sample_01397,Fear - Los Fancy Free,1,0.39876899123191833,cnn_revised_20260919T110440Z,cnn_s2_15,val,Log-Mel CNN,0.12275417894124985,0.17832201719284058
seg_004192,sample_01397,Fear - Los Fancy Free,1,0.19071900844573975,cnn_revised_20260919T110440Z,cnn_s2_15,val,Log-Mel CNN,0.12275417894124985,0.17832201719284058
seg_004193,sample_01397,Fear - Los Fancy Free,1,0.8616072535514832,cnn_revised_20260919T110440Z,cnn_s2_15,val,Log-Mel CNN,0.12275417894124985,0.17832201719284058
seg_004206,sample_01402,Gila Monster Flop/Music History Lesson:The Sonics - The Crypts!,1,0.5343269109725952,cnn_revised_20260919T110440Z,cnn_s2_15,val,Log-Mel CNN,0.12275417894124985,0.17832201719284058
seg_004207,sample_01402,Gila Monster Flop/Music History Lesson:The Sonics - The Crypts!,1,0.4525626003742218,cnn_revised_20260919T110440Z,cnn_s2_15,val,Log-Mel CNN,0.12275417894124985,0.17832201719284058
seg_004208,sample_01402,Gila Monster Flop/Music History Lesson:The Sonics - The Crypts!,1,0.9908587336540222,cnn_revised_20260919T110440Z,cnn_s2_15,val,Log-Mel CNN,0.12275417894124985,0.17832201719284058
seg_004245,sample_01415,I Fell - Mod Fun,1,0.5415872931480408,cnn_revised_20260919T110440Z,cnn_s2_15,val,Log-Mel CNN,0.12275417894124985,0.17832201719284058
seg_004246,sample_01415,I Fell - Mod Fun,1,0.15603023767471313,cnn_revised_20260919T110440Z,cnn_s2_15,val,Log-Mel CNN,0.12275417894124985,0.17832201719284058
seg_004247,sample_01415,I Fell - Mod Fun,1,0.9158123135566711,cnn_revised_20260919T110440Z,cnn_s2_15,val,Log-Mel CNN,0.12275417894124985,0.17832201719284058
seg_004275,sample_01425,Lights Up - Pipe Choir,1,0.859599232673645,cnn_revised_20260919T110440Z,cnn_s2_15,val,Log-Mel CNN,0.12275417894124985,0.17832201719284058
seg_004276,sample_01425,Lights Up - Pipe Choir,1,0.7404154539108276,cnn_revised_20260919T110440Z,cnn_s2_15,val,Log-Mel CNN,0.12275417894124985,0.17832201719284058
seg_004277,sample_01425,Lights Up - Pipe Choir,1,0.9921954870223999,cnn_revised_20260919T110440Z,cnn_s2_15,val,Log-Mel CNN,0.12275417894124985,0.17832201719284058
seg_004287,sample_01429,March of the GPA Mechanics - [t]ghost,1,0.9629607200622559,cnn_revised_20260919T110440Z,cnn_s2_15,val,Log-Mel CNN,0.12275417894124985,0.17832201719284058
seg_004288,sample_01429,March of the GPA Mechanics - [t]ghost,1,0.7758459448814392,cnn_revised_20260919T110440Z,cnn_s2_15,val,Log-Mel CNN,0.12275417894124985,0.17832201719284058
seg_004289,sample_01429,March of the GPA Mechanics - [t]ghost,1,0.698603630065918,cnn_revised_20260919T110440Z,cnn_s2_15,val,Log-Mel CNN,0.12275417894124985,0.17832201719284058
seg_004326,sample_01442,Redlight - Room For A Ghost,1,0.5100435614585876,cnn_revised_20260919T110440Z,cnn_s2_15,val,Log-Mel CNN,0.12275417894124985,0.17832201719284058
seg_004327,sample_01442,Redlight - Room For A Ghost,1,0.8772419095039368,cnn_revised_20260919T110440Z,cnn_s2_15,val,Log-Mel CNN,0.12275417894124985,0.17832201719284058
seg_004328,sample_01442,Redlight - Room For A Ghost,1,0.9350764155387878,cnn_revised_20260919T110440Z,cnn_s2_15,val,Log-Mel CNN,0.12275417894124985,0.17832201719284058
seg_004341,sample_01447,Scramby Eggs - Andy G. Cohen,1,0.42970216274261475,cnn_revised_20260919T110440Z,cnn_s2_15,val,Log-Mel CNN,0.12275417894124985,0.17832201719284058
seg_004342,sample_01447,Scramby Eggs - Andy G. Cohen,1,0.3631047308444977,cnn_revised_20260919T110440Z,cnn_s2_15,val,Log-Mel CNN,0.12275417894124985,0.17832201719284058
seg_004343,sample_01447,Scramby Eggs - Andy G. Cohen,1,0.9742729663848877,cnn_revised_20260919T110440Z,cnn_s2_15,val,Log-Mel CNN,0.12275417894124985,0.17832201719284058
seg_004353,sample_01451,Shipwrecked Crew - Pete Prodoehl,1,0.24111203849315643,cnn_revised_20260919T110440Z,cnn_s2_15,val,Log-Mel CNN,0.12275417894124985,0.17832201719284058
seg_004354,sample_01451,Shipwrecked Crew - Pete Prodoehl,1,0.9215377569198608,cnn_revised_20260919T110440Z,cnn_s2_15,val,Log-Mel CNN,0.12275417894124985,0.17832201719284058
seg_004355,sample_01451,Shipwrecked Crew - Pete Prodoehl,1,0.9821398854255676,cnn_revised_20260919T110440Z,cnn_s2_15,val,Log-Mel CNN,0.12275417894124985,0.17832201719284058
seg_004383,sample_01461,The girl just faded - Los Llamarada,1,0.5528809428215027,cnn_revised_20260919T110440Z,cnn_s2_15,val,Log-Mel CNN,0.12275417894124985,0.17832201719284058
seg_004384,sample_01461,The girl just faded - Los Llamarada,1,0.9101148843765259,cnn_revised_20260919T110440Z,cnn_s2_15,val,Log-Mel CNN,0.12275417894124985,0.17832201719284058
seg_004385,sample_01461,The girl just faded - Los Llamarada,1,0.9492264986038208,cnn_revised_20260919T110440Z,cnn_s2_15,val,Log-Mel CNN,0.12275417894124985,0.17832201719284058
seg_004401,sample_01467,Voxel - Andy G. Cohen,1,0.36136677861213684,cnn_revised_20260919T110440Z,cnn_s2_15,val,Log-Mel CNN,0.12275417894124985,0.17832201719284058
seg_004402,sample_01467,Voxel - Andy G. Cohen,1,0.2295212298631668,cnn_revised_20260919T110440Z,cnn_s2_15,val,Log-Mel CNN,0.12275417894124985,0.17832201719284058
seg_004403,sample_01467,Voxel - Andy G. Cohen,1,0.9823415875434875,cnn_revised_20260919T110440Z,cnn_s2_15,val,Log-Mel CNN,0.12275417894124985,0.17832201719284058
seg_004425,sample_01475,Windows of the Skull - Sarin,1,0.588875412940979,cnn_revised_20260919T110440Z,cnn_s2_15,val,Log-Mel CNN,0.12275417894124985,0.17832201719284058
seg_004426,sample_01475,Windows of the Skull - Sarin,1,0.9968529343605042,cnn_revised_20260919T110440Z,cnn_s2_15,val,Log-Mel CNN,0.12275417894124985,0.17832201719284058
seg_004427,sample_01475,Windows of the Skull - Sarin,1,0.923391580581665,cnn_revised_20260919T110440Z,cnn_s2_15,val,Log-Mel CNN,0.12275417894124985,0.17832201719284058
seg_004464,sample_01488,Night Drive - Decktonic,1,0.784841001033783,cnn_revised_20260919T110440Z,cnn_s2_15,val,Log-Mel CNN,0.12275417894124985,0.17832201719284058
seg_004465,sample_01488,Night Drive - Decktonic,1,0.7614462375640869,cnn_revised_20260919T110440Z,cnn_s2_15,val,Log-Mel CNN,0.12275417894124985,0.17832201719284058
seg_004466,sample_01488,Night Drive - Decktonic,1,0.7449450492858887,cnn_revised_20260919T110440Z,cnn_s2_15,val,Log-Mel CNN,0.12275417894124985,0.17832201719284058
seg_004521,sample_01507,Nuo Maisemat - Paavoharju,1,0.8169228434562683,cnn_revised_20260919T110440Z,cnn_s2_15,val,Log-Mel CNN,0.12275417894124985,0.17832201719284058
seg_004522,sample_01507,Nuo Maisemat - Paavoharju,1,0.7666151523590088,cnn_revised_20260919T110440Z,cnn_s2_15,val,Log-Mel CNN,0.12275417894124985,0.17832201719284058
seg_004523,sample_01507,Nuo Maisemat - Paavoharju,1,0.8517836928367615,cnn_revised_20260919T110440Z,cnn_s2_15,val,Log-Mel CNN,0.12275417894124985,0.17832201719284058
seg_004536,sample_01512,CopperNickle - UncleBibby,1,0.17631156742572784,cnn_revised_20260919T110440Z,cnn_s2_15,val,Log-Mel CNN,0.12275417894124985,0.17832201719284058
seg_004537,sample_01512,CopperNickle - UncleBibby,1,0.31079915165901184,cnn_revised_20260919T110440Z,cnn_s2_15,val,Log-Mel CNN,0.12275417894124985,0.17832201719284058
seg_004538,sample_01512,CopperNickle - UncleBibby,1,0.09454572200775146,cnn_revised_20260919T110440Z,cnn_s2_15,val,Log-Mel CNN,0.12275417894124985,0.17832201719284058
seg_004539,sample_01513,Daylight Savings - My brother Daniel,1,0.08822106570005417,cnn_revised_20260919T110440Z,cnn_s2_15,val,Log-Mel CNN,0.12275417894124985,0.17832201719284058
seg_004540,sample_01513,Daylight Savings - My brother Daniel,1,0.09489789605140686,cnn_revised_20260919T110440Z,cnn_s2_15,val,Log-Mel CNN,0.12275417894124985,0.17832201719284058
seg_004541,sample_01513,Daylight Savings - My brother Daniel,1,0.0859372615814209,cnn_revised_20260919T110440Z,cnn_s2_15,val,Log-Mel CNN,0.12275417894124985,0.17832201719284058
seg_004542,sample_01514,mystery team 2090 - Jesse Futerman,1,0.842868983745575,cnn_revised_20260919T110440Z,cnn_s2_15,val,Log-Mel CNN,0.12275417894124985,0.17832201719284058
seg_004543,sample_01514,mystery team 2090 - Jesse Futerman,1,0.6570160388946533,cnn_revised_20260919T110440Z,cnn_s2_15,val,Log-Mel CNN,0.12275417894124985,0.17832201719284058
seg_004544,sample_01514,mystery team 2090 - Jesse Futerman,1,0.8198760747909546,cnn_revised_20260919T110440Z,cnn_s2_15,val,Log-Mel CNN,0.12275417894124985,0.17832201719284058
seg_004575,sample_01525,SD (Ill Mix) - H-LR,1,0.6247009038925171,cnn_revised_20260919T110440Z,cnn_s2_15,val,Log-Mel CNN,0.12275417894124985,0.17832201719284058
seg_004576,sample_01525,SD (Ill Mix) - H-LR,1,0.8850985169410706,cnn_revised_20260919T110440Z,cnn_s2_15,val,Log-Mel CNN,0.12275417894124985,0.17832201719284058
seg_004577,sample_01525,SD (Ill Mix) - H-LR,1,0.8982155919075012,cnn_revised_20260919T110440Z,cnn_s2_15,val,Log-Mel CNN,0.12275417894124985,0.17832201719284058
seg_004590,sample_01530,Stockholm Syndrome / People Should Be More Aware - Bird Names,1,0.16087165474891663,cnn_revised_20260919T110440Z,cnn_s2_15,val,Log-Mel CNN,0.12275417894124985,0.17832201719284058
seg_004591,sample_01530,Stockholm Syndrome / People Should Be More Aware - Bird Names,1,0.898793637752533,cnn_revised_20260919T110440Z,cnn_s2_15,val,Log-Mel CNN,0.12275417894124985,0.17832201719284058
seg_004592,sample_01530,Stockholm Syndrome / People Should Be More Aware - Bird Names,1,0.1449323147535324,cnn_revised_20260919T110440Z,cnn_s2_15,val,Log-Mel CNN,0.12275417894124985,0.17832201719284058
seg_004596,sample_01532,Time Is Love - Silence is full of birds,1,0.9091916084289551,cnn_revised_20260919T110440Z,cnn_s2_15,val,Log-Mel CNN,0.12275417894124985,0.17832201719284058
seg_004597,sample_01532,Time Is Love - Silence is full of birds,1,0.8723442554473877,cnn_revised_20260919T110440Z,cnn_s2_15,val,Log-Mel CNN,0.12275417894124985,0.17832201719284058
seg_004598,sample_01532,Time Is Love - Silence is full of birds,1,0.9593132138252258,cnn_revised_20260919T110440Z,cnn_s2_15,val,Log-Mel CNN,0.12275417894124985,0.17832201719284058
seg_004602,sample_01534,Roller Star - Monroeville Music Center,1,0.13497819006443024,cnn_revised_20260919T110440Z,cnn_s2_15,val,Log-Mel CNN,0.12275417894124985,0.17832201719284058
seg_004603,sample_01534,Roller Star - Monroeville Music Center,1,0.9105097055435181,cnn_revised_20260919T110440Z,cnn_s2_15,val,Log-Mel CNN,0.12275417894124985,0.17832201719284058
seg_004604,sample_01534,Roller Star - Monroeville Music Center,1,0.8205415606498718,cnn_revised_20260919T110440Z,cnn_s2_15,val,Log-Mel CNN,0.12275417894124985,0.17832201719284058
seg_004611,sample_01537,Soleares&beats - Malaventura,1,0.07851853966712952,cnn_revised_20260919T110440Z,cnn_s2_15,val,Log-Mel CNN,0.12275417894124985,0.17832201719284058
seg_004612,sample_01537,Soleares&beats - Malaventura,1,0.49261969327926636,cnn_revised_20260919T110440Z,cnn_s2_15,val,Log-Mel CNN,0.12275417894124985,0.17832201719284058
seg_004613,sample_01537,Soleares&beats - Malaventura,1,0.3323369324207306,cnn_revised_20260919T110440Z,cnn_s2_15,val,Log-Mel CNN,0.12275417894124985,0.17832201719284058
seg_004629,sample_01543,Evil Cannot Create - Caleb Lemond,1,0.1866408884525299,cnn_revised_20260919T110440Z,cnn_s2_15,val,Log-Mel CNN,0.12275417894124985,0.17832201719284058
seg_004630,sample_01543,Evil Cannot Create - Caleb Lemond,1,0.38137468695640564,cnn_revised_20260919T110440Z,cnn_s2_15,val,Log-Mel CNN,0.12275417894124985,0.17832201719284058
seg_004631,sample_01543,Evil Cannot Create - Caleb Lemond,1,0.1941683143377304,cnn_revised_20260919T110440Z,cnn_s2_15,val,Log-Mel CNN,0.12275417894124985,0.17832201719284058
seg_004647,sample_01549,"Roundtrip - Oh Yeah, the Future",1,0.19765767455101013,cnn_revised_20260919T110440Z,cnn_s2_15,val,Log-Mel CNN,0.12275417894124985,0.17832201719284058
seg_004648,sample_01549,"Roundtrip - Oh Yeah, the Future",1,0.47970154881477356,cnn_revised_20260919T110440Z,cnn_s2_15,val,Log-Mel CNN,0.12275417894124985,0.17832201719284058
seg_004649,sample_01549,"Roundtrip - Oh Yeah, the Future",1,0.40890365839004517,cnn_revised_20260919T110440Z,cnn_s2_15,val,Log-Mel CNN,0.12275417894124985,0.17832201719284058
seg_004692,sample_01564,Norweigian Wood II - Bird Names,1,0.2532746493816376,cnn_revised_20260919T110440Z,cnn_s2_15,val,Log-Mel CNN,0.12275417894124985,0.17832201719284058
seg_004693,sample_01564,Norweigian Wood II - Bird Names,1,0.14894382655620575,cnn_revised_20260919T110440Z,cnn_s2_15,val,Log-Mel CNN,0.12275417894124985,0.17832201719284058
seg_004694,sample_01564,Norweigian Wood II - Bird Names,1,0.3834872543811798,cnn_revised_20260919T110440Z,cnn_s2_15,val,Log-Mel CNN,0.12275417894124985,0.17832201719284058
seg_004695,sample_01565,New Life (take 1) - Bird Names,1,0.6732147336006165,cnn_revised_20260919T110440Z,cnn_s2_15,val,Log-Mel CNN,0.12275417894124985,0.17832201719284058
seg_004696,sample_01565,New Life (take 1) - Bird Names,1,0.7252429723739624,cnn_revised_20260919T110440Z,cnn_s2_15,val,Log-Mel CNN,0.12275417894124985,0.17832201719284058
seg_004697,sample_01565,New Life (take 1) - Bird Names,1,0.5073361396789551,cnn_revised_20260919T110440Z,cnn_s2_15,val,Log-Mel CNN,0.12275417894124985,0.17832201719284058
seg_004698,sample_01566,New Life (take 1) - Bird Names,1,0.5382080674171448,cnn_revised_20260919T110440Z,cnn_s2_15,val,Log-Mel CNN,0.12275417894124985,0.17832201719284058
seg_004699,sample_01566,New Life (take 1) - Bird Names,1,0.8814893364906311,cnn_revised_20260919T110440Z,cnn_s2_15,val,Log-Mel CNN,0.12275417894124985,0.17832201719284058
seg_004700,sample_01566,New Life (take 1) - Bird Names,1,0.6315667033195496,cnn_revised_20260919T110440Z,cnn_s2_15,val,Log-Mel CNN,0.12275417894124985,0.17832201719284058
seg_004779,sample_01593,Gila Monster Flop/Music History Lesson:The Sonics - The Crypts!,1,0.2707405090332031,cnn_revised_20260919T110440Z,cnn_s2_15,val,Log-Mel CNN,0.12275417894124985,0.17832201719284058
seg_004780,sample_01593,Gila Monster Flop/Music History Lesson:The Sonics - The Crypts!,1,0.6579426527023315,cnn_revised_20260919T110440Z,cnn_s2_15,val,Log-Mel CNN,0.12275417894124985,0.17832201719284058
seg_004781,sample_01593,Gila Monster Flop/Music History Lesson:The Sonics - The Crypts!,1,0.3008212745189667,cnn_revised_20260919T110440Z,cnn_s2_15,val,Log-Mel CNN,0.12275417894124985,0.17832201719284058
seg_004821,sample_01607,March of the GPA Mechanics - [t]ghost,1,0.216404989361763,cnn_revised_20260919T110440Z,cnn_s2_15,val,Log-Mel CNN,0.12275417894124985,0.17832201719284058
seg_004822,sample_01607,March of the GPA Mechanics - [t]ghost,1,0.7065491676330566,cnn_revised_20260919T110440Z,cnn_s2_15,val,Log-Mel CNN,0.12275417894124985,0.17832201719284058
seg_004823,sample_01607,March of the GPA Mechanics - [t]ghost,1,0.09435057640075684,cnn_revised_20260919T110440Z,cnn_s2_15,val,Log-Mel CNN,0.12275417894124985,0.17832201719284058
seg_004824,sample_01608,Windows of the Skull - Sarin,1,0.695692241191864,cnn_revised_20260919T110440Z,cnn_s2_15,val,Log-Mel CNN,0.12275417894124985,0.17832201719284058
seg_004825,sample_01608,Windows of the Skull - Sarin,1,0.8394446969032288,cnn_revised_20260919T110440Z,cnn_s2_15,val,Log-Mel CNN,0.12275417894124985,0.17832201719284058
seg_004826,sample_01608,Windows of the Skull - Sarin,1,0.9488085508346558,cnn_revised_20260919T110440Z,cnn_s2_15,val,Log-Mel CNN,0.12275417894124985,0.17832201719284058
seg_004830,sample_01610,Empty Pockets - Pete Prodoehl,1,0.07457936555147171,cnn_revised_20260919T110440Z,cnn_s2_15,val,Log-Mel CNN,0.12275417894124985,0.17832201719284058
seg_004831,sample_01610,Empty Pockets - Pete Prodoehl,1,0.667364776134491,cnn_revised_20260919T110440Z,cnn_s2_15,val,Log-Mel CNN,0.12275417894124985,0.17832201719284058
seg_004832,sample_01610,Empty Pockets - Pete Prodoehl,1,0.5065235495567322,cnn_revised_20260919T110440Z,cnn_s2_15,val,Log-Mel CNN,0.12275417894124985,0.17832201719284058
seg_004836,sample_01612,Scramby Eggs - Andy G. Cohen,1,0.08149629831314087,cnn_revised_20260919T110440Z,cnn_s2_15,val,Log-Mel CNN,0.12275417894124985,0.17832201719284058
seg_004837,sample_01612,Scramby Eggs - Andy G. Cohen,1,0.07836304605007172,cnn_revised_20260919T110440Z,cnn_s2_15,val,Log-Mel CNN,0.12275417894124985,0.17832201719284058
seg_004838,sample_01612,Scramby Eggs - Andy G. Cohen,1,0.13859447836875916,cnn_revised_20260919T110440Z,cnn_s2_15,val,Log-Mel CNN,0.12275417894124985,0.17832201719284058
seg_004839,sample_01613,Voxel - Andy G. Cohen,1,0.4972440302371979,cnn_revised_20260919T110440Z,cnn_s2_15,val,Log-Mel CNN,0.12275417894124985,0.17832201719284058
seg_004840,sample_01613,Voxel - Andy G. Cohen,1,0.31720104813575745,cnn_revised_20260919T110440Z,cnn_s2_15,val,Log-Mel CNN,0.12275417894124985,0.17832201719284058
seg_004841,sample_01613,Voxel - Andy G. Cohen,1,0.5171167254447937,cnn_revised_20260919T110440Z,cnn_s2_15,val,Log-Mel CNN,0.12275417894124985,0.17832201719284058
seg_004845,sample_01615,The girl just faded - Los Llamarada,1,0.12709178030490875,cnn_revised_20260919T110440Z,cnn_s2_15,val,Log-Mel CNN,0.12275417894124985,0.17832201719284058
seg_004846,sample_01615,The girl just faded - Los Llamarada,1,0.17477178573608398,cnn_revised_20260919T110440Z,cnn_s2_15,val,Log-Mel CNN,0.12275417894124985,0.17832201719284058
seg_004847,sample_01615,The girl just faded - Los Llamarada,1,0.233102485537529,cnn_revised_20260919T110440Z,cnn_s2_15,val,Log-Mel CNN,0.12275417894124985,0.17832201719284058
seg_004860,sample_01620,2 (Wasn't There) - Isle of Pine,1,0.36966341733932495,cnn_revised_20260919T110440Z,cnn_s2_15,val,Log-Mel CNN,0.12275417894124985,0.17832201719284058
seg_004861,sample_01620,2 (Wasn't There) - Isle of Pine,1,0.5125247836112976,cnn_revised_20260919T110440Z,cnn_s2_15,val,Log-Mel CNN,0.12275417894124985,0.17832201719284058
seg_004862,sample_01620,2 (Wasn't There) - Isle of Pine,1,0.5157564282417297,cnn_revised_20260919T110440Z,cnn_s2_15,val,Log-Mel CNN,0.12275417894124985,0.17832201719284058
seg_004866,sample_01622,I Fell - Mod Fun,1,0.14645148813724518,cnn_revised_20260919T110440Z,cnn_s2_15,val,Log-Mel CNN,0.12275417894124985,0.17832201719284058
seg_004867,sample_01622,I Fell - Mod Fun,1,0.48132845759391785,cnn_revised_20260919T110440Z,cnn_s2_15,val,Log-Mel CNN,0.12275417894124985,0.17832201719284058
seg_004868,sample_01622,I Fell - Mod Fun,1,0.19638372957706451,cnn_revised_20260919T110440Z,cnn_s2_15,val,Log-Mel CNN,0.12275417894124985,0.17832201719284058
seg_004872,sample_01624,Новый Нью-Йорк 2 - Чокнутый Пропеллер,1,0.9903494119644165,cnn_revised_20260919T110440Z,cnn_s2_15,val,Log-Mel CNN,0.12275417894124985,0.17832201719284058
seg_004873,sample_01624,Новый Нью-Йорк 2 - Чокнутый Пропеллер,1,0.3881724178791046,cnn_revised_20260919T110440Z,cnn_s2_15,val,Log-Mel CNN,0.12275417894124985,0.17832201719284058
seg_004874,sample_01624,Новый Нью-Йорк 2 - Чокнутый Пропеллер,1,0.05396457761526108,cnn_revised_20260919T110440Z,cnn_s2_15,val,Log-Mel CNN,0.12275417894124985,0.17832201719284058
seg_004908,sample_01636,CopperNickle - UncleBibby,1,0.49486663937568665,cnn_revised_20260919T110440Z,cnn_s2_15,val,Log-Mel CNN,0.12275417894124985,0.17832201719284058
seg_004909,sample_01636,CopperNickle - UncleBibby,1,0.6181220412254333,cnn_revised_20260919T110440Z,cnn_s2_15,val,Log-Mel CNN,0.12275417894124985,0.17832201719284058
seg_004910,sample_01636,CopperNickle - UncleBibby,1,0.23321473598480225,cnn_revised_20260919T110440Z,cnn_s2_15,val,Log-Mel CNN,0.12275417894124985,0.17832201719284058
seg_004914,sample_01638,Daylight Savings - My brother Daniel,1,0.9517460465431213,cnn_revised_20260919T110440Z,cnn_s2_15,val,Log-Mel CNN,0.12275417894124985,0.17832201719284058
seg_004915,sample_01638,Daylight Savings - My brother Daniel,1,0.9039272665977478,cnn_revised_20260919T110440Z,cnn_s2_15,val,Log-Mel CNN,0.12275417894124985,0.17832201719284058
seg_004916,sample_01638,Daylight Savings - My brother Daniel,1,0.9225448369979858,cnn_revised_20260919T110440Z,cnn_s2_15,val,Log-Mel CNN,0.12275417894124985,0.17832201719284058
seg_004947,sample_01649,mystery team 2090 - Jesse Futerman,1,0.49971523880958557,cnn_revised_20260919T110440Z,cnn_s2_15,val,Log-Mel CNN,0.12275417894124985,0.17832201719284058
seg_004948,sample_01649,mystery team 2090 - Jesse Futerman,1,0.6334158182144165,cnn_revised_20260919T110440Z,cnn_s2_15,val,Log-Mel CNN,0.12275417894124985,0.17832201719284058
seg_004949,sample_01649,mystery team 2090 - Jesse Futerman,1,0.707536518573761,cnn_revised_20260919T110440Z,cnn_s2_15,val,Log-Mel CNN,0.12275417894124985,0.17832201719284058
seg_004950,sample_01650,Night Drive - Decktonic,1,0.3739663362503052,cnn_revised_20260919T110440Z,cnn_s2_15,val,Log-Mel CNN,0.12275417894124985,0.17832201719284058
seg_004951,sample_01650,Night Drive - Decktonic,1,0.9843043684959412,cnn_revised_20260919T110440Z,cnn_s2_15,val,Log-Mel CNN,0.12275417894124985,0.17832201719284058
seg_004952,sample_01650,Night Drive - Decktonic,1,0.9833065867424011,cnn_revised_20260919T110440Z,cnn_s2_15,val,Log-Mel CNN,0.12275417894124985,0.17832201719284058
seg_004959,sample_01653,Nuo Maisemat - Paavoharju,1,0.9611032605171204,cnn_revised_20260919T110440Z,cnn_s2_15,val,Log-Mel CNN,0.12275417894124985,0.17832201719284058
seg_004960,sample_01653,Nuo Maisemat - Paavoharju,1,0.5630162954330444,cnn_revised_20260919T110440Z,cnn_s2_15,val,Log-Mel CNN,0.12275417894124985,0.17832201719284058
seg_004961,sample_01653,Nuo Maisemat - Paavoharju,1,0.9603537917137146,cnn_revised_20260919T110440Z,cnn_s2_15,val,Log-Mel CNN,0.12275417894124985,0.17832201719284058
seg_005001,sample_01667,SD (Ill Mix) - H-LR,1,0.9869070053100586,cnn_revised_20260919T110440Z,cnn_s2_15,val,Log-Mel CNN,0.12275417894124985,0.17832201719284058
seg_005002,sample_01667,SD (Ill Mix) - H-LR,1,0.8631818890571594,cnn_revised_20260919T110440Z,cnn_s2_15,val,Log-Mel CNN,0.12275417894124985,0.17832201719284058
seg_005003,sample_01667,SD (Ill Mix) - H-LR,1,0.9771340489387512,cnn_revised_20260919T110440Z,cnn_s2_15,val,Log-Mel CNN,0.12275417894124985,0.17832201719284058
seg_005055,sample_01685,Evil Cannot Create - Caleb Lemond,1,0.693204402923584,cnn_revised_20260919T110440Z,cnn_s2_15,val,Log-Mel CNN,0.12275417894124985,0.17832201719284058
seg_005056,sample_01685,Evil Cannot Create - Caleb Lemond,1,0.9806076288223267,cnn_revised_20260919T110440Z,cnn_s2_15,val,Log-Mel CNN,0.12275417894124985,0.17832201719284058
seg_005057,sample_01685,Evil Cannot Create - Caleb Lemond,1,0.9623008966445923,cnn_revised_20260919T110440Z,cnn_s2_15,val,Log-Mel CNN,0.12275417894124985,0.17832201719284058
seg_005111,sample_01704,New Life (take 1) - Bird Names,1,0.9256696105003357,cnn_revised_20260919T110440Z,cnn_s2_15,val,Log-Mel CNN,0.12275417894124985,0.17832201719284058
seg_005112,sample_01704,New Life (take 1) - Bird Names,1,0.44621655344963074,cnn_revised_20260919T110440Z,cnn_s2_15,val,Log-Mel CNN,0.12275417894124985,0.17832201719284058
seg_005113,sample_01704,New Life (take 1) - Bird Names,1,0.0536968894302845,cnn_revised_20260919T110440Z,cnn_s2_15,val,Log-Mel CNN,0.12275417894124985,0.17832201719284058
seg_005114,sample_01705,Norweigian Wood II - Bird Names,1,0.07744716852903366,cnn_revised_20260919T110440Z,cnn_s2_15,val,Log-Mel CNN,0.12275417894124985,0.17832201719284058
seg_005115,sample_01705,Norweigian Wood II - Bird Names,1,0.08640629053115845,cnn_revised_20260919T110440Z,cnn_s2_15,val,Log-Mel CNN,0.12275417894124985,0.17832201719284058
seg_005116,sample_01705,Norweigian Wood II - Bird Names,1,0.03618162125349045,cnn_revised_20260919T110440Z,cnn_s2_15,val,Log-Mel CNN,0.12275417894124985,0.17832201719284058
seg_005126,sample_01709,Roller Star - Monroeville Music Center,1,0.890923023223877,cnn_revised_20260919T110440Z,cnn_s2_15,val,Log-Mel CNN,0.12275417894124985,0.17832201719284058
seg_005127,sample_01709,Roller Star - Monroeville Music Center,1,0.9689726829528809,cnn_revised_20260919T110440Z,cnn_s2_15,val,Log-Mel CNN,0.12275417894124985,0.17832201719284058
seg_005128,sample_01709,Roller Star - Monroeville Music Center,1,0.9837231636047363,cnn_revised_20260919T110440Z,cnn_s2_15,val,Log-Mel CNN,0.12275417894124985,0.17832201719284058
seg_005129,sample_01710,"Roundtrip - Oh Yeah, the Future",1,0.6418766975402832,cnn_revised_20260919T110440Z,cnn_s2_15,val,Log-Mel CNN,0.12275417894124985,0.17832201719284058
seg_005130,sample_01710,"Roundtrip - Oh Yeah, the Future",1,0.6456749439239502,cnn_revised_20260919T110440Z,cnn_s2_15,val,Log-Mel CNN,0.12275417894124985,0.17832201719284058
seg_005131,sample_01710,"Roundtrip - Oh Yeah, the Future",1,0.8793308734893799,cnn_revised_20260919T110440Z,cnn_s2_15,val,Log-Mel CNN,0.12275417894124985,0.17832201719284058
seg_005138,sample_01713,Soleares&beats - Malaventura,1,0.1979147493839264,cnn_revised_20260919T110440Z,cnn_s2_15,val,Log-Mel CNN,0.12275417894124985,0.17832201719284058
seg_005139,sample_01713,Soleares&beats - Malaventura,1,0.04601506143808365,cnn_revised_20260919T110440Z,cnn_s2_15,val,Log-Mel CNN,0.12275417894124985,0.17832201719284058
seg_005140,sample_01713,Soleares&beats - Malaventura,1,0.4125826358795166,cnn_revised_20260919T110440Z,cnn_s2_15,val,Log-Mel CNN,0.12275417894124985,0.17832201719284058
seg_005147,sample_01716,Stockholm Syndrome / People Should Be More Aware - Bird Names,1,0.8983525633811951,cnn_revised_20260919T110440Z,cnn_s2_15,val,Log-Mel CNN,0.12275417894124985,0.17832201719284058
seg_005148,sample_01716,Stockholm Syndrome / People Should Be More Aware - Bird Names,1,0.7783674597740173,cnn_revised_20260919T110440Z,cnn_s2_15,val,Log-Mel CNN,0.12275417894124985,0.17832201719284058
seg_005149,sample_01716,Stockholm Syndrome / People Should Be More Aware - Bird Names,1,0.8550218939781189,cnn_revised_20260919T110440Z,cnn_s2_15,val,Log-Mel CNN,0.12275417894124985,0.17832201719284058
seg_005168,sample_01723,Time Is Love - Silence is full of birds,1,0.13256873190402985,cnn_revised_20260919T110440Z,cnn_s2_15,val,Log-Mel CNN,0.12275417894124985,0.17832201719284058
seg_005169,sample_01723,Time Is Love - Silence is full of birds,1,0.2094428837299347,cnn_revised_20260919T110440Z,cnn_s2_15,val,Log-Mel CNN,0.12275417894124985,0.17832201719284058
seg_005170,sample_01723,Time Is Love - Silence is full of birds,1,0.5187196731567383,cnn_revised_20260919T110440Z,cnn_s2_15,val,Log-Mel CNN,0.12275417894124985,0.17832201719284058
seg_005188,sample_01730,2 (Wasn't There) - Isle of Pine,1,0.5395973920822144,cnn_revised_20260919T110440Z,cnn_s2_15,val,Log-Mel CNN,0.12275417894124985,0.17832201719284058
seg_005189,sample_01730,2 (Wasn't There) - Isle of Pine,1,0.04194002225995064,cnn_revised_20260919T110440Z,cnn_s2_15,val,Log-Mel CNN,0.12275417894124985,0.17832201719284058
seg_005190,sample_01730,2 (Wasn't There) - Isle of Pine,1,0.8417580723762512,cnn_revised_20260919T110440Z,cnn_s2_15,val,Log-Mel CNN,0.12275417894124985,0.17832201719284058
seg_005203,sample_01735,Empty Pockets - Pete Prodoehl,1,0.7521842122077942,cnn_revised_20260919T110440Z,cnn_s2_15,val,Log-Mel CNN,0.12275417894124985,0.17832201719284058
seg_005204,sample_01735,Empty Pockets - Pete Prodoehl,1,0.8345656394958496,cnn_revised_20260919T110440Z,cnn_s2_15,val,Log-Mel CNN,0.12275417894124985,0.17832201719284058
seg_005205,sample_01735,Empty Pockets - Pete Prodoehl,1,0.9452967643737793,cnn_revised_20260919T110440Z,cnn_s2_15,val,Log-Mel CNN,0.12275417894124985,0.17832201719284058
seg_005212,sample_01738,Gila Monster Flop/Music History Lesson:The Sonics - The Crypts!,1,0.7035771608352661,cnn_revised_20260919T110440Z,cnn_s2_15,val,Log-Mel CNN,0.12275417894124985,0.17832201719284058
seg_005213,sample_01738,Gila Monster Flop/Music History Lesson:The Sonics - The Crypts!,1,0.7384951114654541,cnn_revised_20260919T110440Z,cnn_s2_15,val,Log-Mel CNN,0.12275417894124985,0.17832201719284058
seg_005214,sample_01738,Gila Monster Flop/Music History Lesson:The Sonics - The Crypts!,1,0.762843906879425,cnn_revised_20260919T110440Z,cnn_s2_15,val,Log-Mel CNN,0.12275417894124985,0.17832201719284058
seg_005221,sample_01741,I Fell - Mod Fun,1,0.9264047741889954,cnn_revised_20260919T110440Z,cnn_s2_15,val,Log-Mel CNN,0.12275417894124985,0.17832201719284058
seg_005222,sample_01741,I Fell - Mod Fun,1,0.9235897064208984,cnn_revised_20260919T110440Z,cnn_s2_15,val,Log-Mel CNN,0.12275417894124985,0.17832201719284058
seg_005223,sample_01741,I Fell - Mod Fun,1,0.9897961020469666,cnn_revised_20260919T110440Z,cnn_s2_15,val,Log-Mel CNN,0.12275417894124985,0.17832201719284058
seg_005245,sample_01749,March of the GPA Mechanics - [t]ghost,1,0.6628904342651367,cnn_revised_20260919T110440Z,cnn_s2_15,val,Log-Mel CNN,0.12275417894124985,0.17832201719284058
seg_005246,sample_01749,March of the GPA Mechanics - [t]ghost,1,0.9762177467346191,cnn_revised_20260919T110440Z,cnn_s2_15,val,Log-Mel CNN,0.12275417894124985,0.17832201719284058
seg_005247,sample_01749,March of the GPA Mechanics - [t]ghost,1,0.953001081943512,cnn_revised_20260919T110440Z,cnn_s2_15,val,Log-Mel CNN,0.12275417894124985,0.17832201719284058
seg_005274,sample_01759,Scramby Eggs - Andy G. Cohen,1,0.9948222637176514,cnn_revised_20260919T110440Z,cnn_s2_15,val,Log-Mel CNN,0.12275417894124985,0.17832201719284058
seg_005275,sample_01759,Scramby Eggs - Andy G. Cohen,1,0.9424927830696106,cnn_revised_20260919T110440Z,cnn_s2_15,val,Log-Mel CNN,0.12275417894124985,0.17832201719284058
seg_005276,sample_01759,Scramby Eggs - Andy G. Cohen,1,0.9935171604156494,cnn_revised_20260919T110440Z,cnn_s2_15,val,Log-Mel CNN,0.12275417894124985,0.17832201719284058
seg_005301,sample_01768,The girl just faded - Los Llamarada,1,0.9878768920898438,cnn_revised_20260919T110440Z,cnn_s2_15,val,Log-Mel CNN,0.12275417894124985,0.17832201719284058
seg_005302,sample_01768,The girl just faded - Los Llamarada,1,0.9843837022781372,cnn_revised_20260919T110440Z,cnn_s2_15,val,Log-Mel CNN,0.12275417894124985,0.17832201719284058
seg_005303,sample_01768,The girl just faded - Los Llamarada,1,0.9850180745124817,cnn_revised_20260919T110440Z,cnn_s2_15,val,Log-Mel CNN,0.12275417894124985,0.17832201719284058
seg_005310,sample_01771,Voxel - Andy G. Cohen,1,0.9907945990562439,cnn_revised_20260919T110440Z,cnn_s2_15,val,Log-Mel CNN,0.12275417894124985,0.17832201719284058
seg_005311,sample_01771,Voxel - Andy G. Cohen,1,0.807577908039093,cnn_revised_20260919T110440Z,cnn_s2_15,val,Log-Mel CNN,0.12275417894124985,0.17832201719284058
seg_005312,sample_01771,Voxel - Andy G. Cohen,1,0.9499474763870239,cnn_revised_20260919T110440Z,cnn_s2_15,val,Log-Mel CNN,0.12275417894124985,0.17832201719284058
seg_005322,sample_01775,Windows of the Skull - Sarin,1,0.9862305521965027,cnn_revised_20260919T110440Z,cnn_s2_15,val,Log-Mel CNN,0.12275417894124985,0.17832201719284058
seg_005323,sample_01775,Windows of the Skull - Sarin,1,0.9844833016395569,cnn_revised_20260919T110440Z,cnn_s2_15,val,Log-Mel CNN,0.12275417894124985,0.17832201719284058
seg_005324,sample_01775,Windows of the Skull - Sarin,1,0.6078317165374756,cnn_revised_20260919T110440Z,cnn_s2_15,val,Log-Mel CNN,0.12275417894124985,0.17832201719284058
seg_005331,sample_01778,Новый Нью-Йорк 2 - Чокнутый Пропеллер,1,0.7686868906021118,cnn_revised_20260919T110440Z,cnn_s2_15,val,Log-Mel CNN,0.12275417894124985,0.17832201719284058
seg_005332,sample_01778,Новый Нью-Йорк 2 - Чокнутый Пропеллер,1,0.5905094742774963,cnn_revised_20260919T110440Z,cnn_s2_15,val,Log-Mel CNN,0.12275417894124985,0.17832201719284058
seg_005333,sample_01778,Новый Нью-Йорк 2 - Чокнутый Пропеллер,1,0.778576672077179,cnn_revised_20260919T110440Z,cnn_s2_15,val,Log-Mel CNN,0.12275417894124985,0.17832201719284058
seg_005372,sample_01798,CopperNickle - UncleBibby,1,0.8838036060333252,cnn_revised_20260919T110440Z,cnn_s2_15,val,Log-Mel CNN,0.12275417894124985,0.17832201719284058
seg_005373,sample_01798,CopperNickle - UncleBibby,1,0.8244267106056213,cnn_revised_20260919T110440Z,cnn_s2_15,val,Log-Mel CNN,0.12275417894124985,0.17832201719284058
seg_005378,sample_01801,Daylight Savings - My brother Daniel,1,0.9948368072509766,cnn_revised_20260919T110440Z,cnn_s2_15,val,Log-Mel CNN,0.12275417894124985,0.17832201719284058
seg_005379,sample_01801,Daylight Savings - My brother Daniel,1,0.9939711093902588,cnn_revised_20260919T110440Z,cnn_s2_15,val,Log-Mel CNN,0.12275417894124985,0.17832201719284058
seg_005396,sample_01810,Fifth Ramble - From the album Keith [RSVP007] - My brother Daniel,1,0.9861595034599304,cnn_revised_20260919T110440Z,cnn_s2_15,val,Log-Mel CNN,0.12275417894124985,0.17832201719284058
seg_005397,sample_01810,Fifth Ramble - From the album Keith [RSVP007] - My brother Daniel,1,0.98667311668396,cnn_revised_20260919T110440Z,cnn_s2_15,val,Log-Mel CNN,0.12275417894124985,0.17832201719284058
seg_005412,sample_01818,If You're Ther - Nicola Ratti,1,0.9489285349845886,cnn_revised_20260919T110440Z,cnn_s2_15,val,Log-Mel CNN,0.12275417894124985,0.17832201719284058
seg_005413,sample_01818,If You're Ther - Nicola Ratti,1,0.9913191199302673,cnn_revised_20260919T110440Z,cnn_s2_15,val,Log-Mel CNN,0.12275417894124985,0.17832201719284058
seg_005428,sample_01826,Kumorizoranohajimarutokoro - Hosomi,1,0.9845917820930481,cnn_revised_20260919T110440Z,cnn_s2_15,val,Log-Mel CNN,0.12275417894124985,0.17832201719284058
seg_005429,sample_01826,Kumorizoranohajimarutokoro - Hosomi,1,0.9732022285461426,cnn_revised_20260919T110440Z,cnn_s2_15,val,Log-Mel CNN,0.12275417894124985,0.17832201719284058
seg_005446,sample_01835,Loved Ones - Rowan Box,1,0.9727429151535034,cnn_revised_20260919T110440Z,cnn_s2_15,val,Log-Mel CNN,0.12275417894124985,0.17832201719284058
seg_005447,sample_01835,Loved Ones - Rowan Box,1,0.9611729383468628,cnn_revised_20260919T110440Z,cnn_s2_15,val,Log-Mel CNN,0.12275417894124985,0.17832201719284058
seg_005448,sample_01836,Morning Bell - Nihilore,1,0.9651676416397095,cnn_revised_20260919T110440Z,cnn_s2_15,val,Log-Mel CNN,0.12275417894124985,0.17832201719284058
seg_005449,sample_01836,Morning Bell - Nihilore,1,0.9842719435691833,cnn_revised_20260919T110440Z,cnn_s2_15,val,Log-Mel CNN,0.12275417894124985,0.17832201719284058
seg_005450,sample_01837,mystery team 2090 - Jesse Futerman,1,0.9466415047645569,cnn_revised_20260919T110440Z,cnn_s2_15,val,Log-Mel CNN,0.12275417894124985,0.17832201719284058
seg_005451,sample_01837,mystery team 2090 - Jesse Futerman,1,0.9538908004760742,cnn_revised_20260919T110440Z,cnn_s2_15,val,Log-Mel CNN,0.12275417894124985,0.17832201719284058
seg_005452,sample_01838,Night Drive - Decktonic,1,0.9804447889328003,cnn_revised_20260919T110440Z,cnn_s2_15,val,Log-Mel CNN,0.12275417894124985,0.17832201719284058
seg_005453,sample_01838,Night Drive - Decktonic,1,0.9883629679679871,cnn_revised_20260919T110440Z,cnn_s2_15,val,Log-Mel CNN,0.12275417894124985,0.17832201719284058
seg_005460,sample_01842,Nuo Maisemat - Paavoharju,1,0.9962410926818848,cnn_revised_20260919T110440Z,cnn_s2_15,val,Log-Mel CNN,0.12275417894124985,0.17832201719284058
seg_005461,sample_01842,Nuo Maisemat - Paavoharju,1,0.99595707654953,cnn_revised_20260919T110440Z,cnn_s2_15,val,Log-Mel CNN,0.12275417894124985,0.17832201719284058
seg_005494,sample_01859,SD (Ill Mix) - H-LR,1,0.776930570602417,cnn_revised_20260919T110440Z,cnn_s2_15,val,Log-Mel CNN,0.12275417894124985,0.17832201719284058
seg_005495,sample_01859,SD (Ill Mix) - H-LR,1,0.6473709344863892,cnn_revised_20260919T110440Z,cnn_s2_15,val,Log-Mel CNN,0.12275417894124985,0.17832201719284058
seg_005503,sample_01864,some dextromethorphan - Jeva,1,0.988283097743988,cnn_revised_20260919T110440Z,cnn_s2_15,val,Log-Mel CNN,0.12275417894124985,0.17832201719284058
seg_005504,sample_01864,some dextromethorphan - Jeva,1,0.9890838265419006,cnn_revised_20260919T110440Z,cnn_s2_15,val,Log-Mel CNN,0.12275417894124985,0.17832201719284058
seg_005509,sample_01867,Sturgeon's Law - Nihilore,1,0.9598388671875,cnn_revised_20260919T110440Z,cnn_s2_15,val,Log-Mel CNN,0.12275417894124985,0.17832201719284058
seg_005510,sample_01867,Sturgeon's Law - Nihilore,1,0.9238654971122742,cnn_revised_20260919T110440Z,cnn_s2_15,val,Log-Mel CNN,0.12275417894124985,0.17832201719284058
seg_005533,sample_01879,The Stairway - WarpToken,1,0.8293391466140747,cnn_revised_20260919T110440Z,cnn_s2_15,val,Log-Mel CNN,0.12275417894124985,0.17832201719284058
seg_005534,sample_01879,The Stairway - WarpToken,1,0.3544064164161682,cnn_revised_20260919T110440Z,cnn_s2_15,val,Log-Mel CNN,0.12275417894124985,0.17832201719284058
seg_005535,sample_01880,Three Bird - My brother Daniel,1,0.9675256609916687,cnn_revised_20260919T110440Z,cnn_s2_15,val,Log-Mel CNN,0.12275417894124985,0.17832201719284058
seg_005536,sample_01880,Three Bird - My brother Daniel,1,0.9848451018333435,cnn_revised_20260919T110440Z,cnn_s2_15,val,Log-Mel CNN,0.12275417894124985,0.17832201719284058
seg_005537,sample_01881,Timen Passing By - Jason Shaw,1,0.9410406947135925,cnn_revised_20260919T110440Z,cnn_s2_15,val,Log-Mel CNN,0.12275417894124985,0.17832201719284058
seg_005538,sample_01881,Timen Passing By - Jason Shaw,1,0.9639645218849182,cnn_revised_20260919T110440Z,cnn_s2_15,val,Log-Mel CNN,0.12275417894124985,0.17832201719284058
seg_005549,sample_01887,Understand That This Is A Dream - From the album Modulating Coil [RSVP008] - Forrest James,1,0.9939455389976501,cnn_revised_20260919T110440Z,cnn_s2_15,val,Log-Mel CNN,0.12275417894124985,0.17832201719284058
seg_005550,sample_01887,Understand That This Is A Dream - From the album Modulating Coil [RSVP008] - Forrest James,1,0.9948432445526123,cnn_revised_20260919T110440Z,cnn_s2_15,val,Log-Mel CNN,0.12275417894124985,0.17832201719284058
seg_005555,sample_01890,Westside Chillers - Little Glass Men,1,0.7936525940895081,cnn_revised_20260919T110440Z,cnn_s2_15,val,Log-Mel CNN,0.12275417894124985,0.17832201719284058
seg_005556,sample_01890,Westside Chillers - Little Glass Men,1,0.8478606939315796,cnn_revised_20260919T110440Z,cnn_s2_15,val,Log-Mel CNN,0.12275417894124985,0.17832201719284058
seg_005565,sample_01895,Agora - Malaventura,1,0.9645605087280273,cnn_revised_20260919T110440Z,cnn_s2_15,val,Log-Mel CNN,0.12275417894124985,0.17832201719284058
seg_005566,sample_01895,Agora - Malaventura,1,0.9652667045593262,cnn_revised_20260919T110440Z,cnn_s2_15,val,Log-Mel CNN,0.12275417894124985,0.17832201719284058
seg_005583,sample_01904,Evil Cannot Create - Caleb Lemond,1,0.9903082251548767,cnn_revised_20260919T110440Z,cnn_s2_15,val,Log-Mel CNN,0.12275417894124985,0.17832201719284058
seg_005584,sample_01904,Evil Cannot Create - Caleb Lemond,1,0.9798415899276733,cnn_revised_20260919T110440Z,cnn_s2_15,val,Log-Mel CNN,0.12275417894124985,0.17832201719284058
seg_005621,sample_01923,My Body Is A Weapon (Compromise Edit) - Silence is full of birds,1,0.9796745181083679,cnn_revised_20260919T110440Z,cnn_s2_15,val,Log-Mel CNN,0.12275417894124985,0.17832201719284058
seg_005622,sample_01923,My Body Is A Weapon (Compromise Edit) - Silence is full of birds,1,0.9361510276794434,cnn_revised_20260919T110440Z,cnn_s2_15,val,Log-Mel CNN,0.12275417894124985,0.17832201719284058
seg_005627,sample_01926,New Life (take 1) - Bird Names,1,0.9810535311698914,cnn_revised_20260919T110440Z,cnn_s2_15,val,Log-Mel CNN,0.12275417894124985,0.17832201719284058
seg_005628,sample_01926,New Life (take 1) - Bird Names,1,0.9848648309707642,cnn_revised_20260919T110440Z,cnn_s2_15,val,Log-Mel CNN,0.12275417894124985,0.17832201719284058
seg_005629,sample_01927,Norweigian Wood II - Bird Names,1,0.9191410541534424,cnn_revised_20260919T110440Z,cnn_s2_15,val,Log-Mel CNN,0.12275417894124985,0.17832201719284058
seg_005630,sample_01927,Norweigian Wood II - Bird Names,1,0.9569926261901855,cnn_revised_20260919T110440Z,cnn_s2_15,val,Log-Mel CNN,0.12275417894124985,0.17832201719284058
seg_005645,sample_01935,Roller Star - Monroeville Music Center,1,0.9391747117042542,cnn_revised_20260919T110440Z,cnn_s2_15,val,Log-Mel CNN,0.12275417894124985,0.17832201719284058
seg_005646,sample_01935,Roller Star - Monroeville Music Center,1,0.9069201946258545,cnn_revised_20260919T110440Z,cnn_s2_15,val,Log-Mel CNN,0.12275417894124985,0.17832201719284058
seg_005647,sample_01936,"Roundtrip - Oh Yeah, the Future",1,0.9719287157058716,cnn_revised_20260919T110440Z,cnn_s2_15,val,Log-Mel CNN,0.12275417894124985,0.17832201719284058
seg_005648,sample_01936,"Roundtrip - Oh Yeah, the Future",1,0.9948747754096985,cnn_revised_20260919T110440Z,cnn_s2_15,val,Log-Mel CNN,0.12275417894124985,0.17832201719284058
seg_005657,sample_01941,Soleares&beats - Malaventura,1,0.9941548705101013,cnn_revised_20260919T110440Z,cnn_s2_15,val,Log-Mel CNN,0.12275417894124985,0.17832201719284058
seg_005658,sample_01941,Soleares&beats - Malaventura,1,0.9932011961936951,cnn_revised_20260919T110440Z,cnn_s2_15,val,Log-Mel CNN,0.12275417894124985,0.17832201719284058
seg_005665,sample_01945,Stockholm Syndrome / People Should Be More Aware - Bird Names,1,0.8497682809829712,cnn_revised_20260919T110440Z,cnn_s2_15,val,Log-Mel CNN,0.12275417894124985,0.17832201719284058
seg_005666,sample_01945,Stockholm Syndrome / People Should Be More Aware - Bird Names,1,0.8189500570297241,cnn_revised_20260919T110440Z,cnn_s2_15,val,Log-Mel CNN,0.12275417894124985,0.17832201719284058
seg_005685,sample_01955,Time Is Love - Silence is full of birds,1,0.9788029789924622,cnn_revised_20260919T110440Z,cnn_s2_15,val,Log-Mel CNN,0.12275417894124985,0.17832201719284058
seg_005686,sample_01955,Time Is Love - Silence is full of birds,1,0.9966241121292114,cnn_revised_20260919T110440Z,cnn_s2_15,val,Log-Mel CNN,0.12275417894124985,0.17832201719284058
seg_005703,sample_01964,2 (Wasn't There) - Isle of Pine,1,0.7427231669425964,cnn_revised_20260919T110440Z,cnn_s2_15,val,Log-Mel CNN,0.12275417894124985,0.17832201719284058
seg_005704,sample_01964,2 (Wasn't There) - Isle of Pine,1,0.9305934906005859,cnn_revised_20260919T110440Z,cnn_s2_15,val,Log-Mel CNN,0.12275417894124985,0.17832201719284058
seg_005723,sample_01974,Beyond Luxury - Mors Ontologica,1,0.9921395182609558,cnn_revised_20260919T110440Z,cnn_s2_15,val,Log-Mel CNN,0.12275417894124985,0.17832201719284058
seg_005724,sample_01974,Beyond Luxury - Mors Ontologica,1,0.993780791759491,cnn_revised_20260919T110440Z,cnn_s2_15,val,Log-Mel CNN,0.12275417894124985,0.17832201719284058
seg_005747,sample_01986,Empty Pockets - Pete Prodoehl,1,0.9585744738578796,cnn_revised_20260919T110440Z,cnn_s2_15,val,Log-Mel CNN,0.12275417894124985,0.17832201719284058
seg_005748,sample_01986,Empty Pockets - Pete Prodoehl,1,0.99039626121521,cnn_revised_20260919T110440Z,cnn_s2_15,val,Log-Mel CNN,0.12275417894124985,0.17832201719284058
seg_005753,sample_01989,Fear - Los Fancy Free,1,0.9501837491989136,cnn_revised_20260919T110440Z,cnn_s2_15,val,Log-Mel CNN,0.12275417894124985,0.17832201719284058
seg_005754,sample_01989,Fear - Los Fancy Free,1,0.9109078049659729,cnn_revised_20260919T110440Z,cnn_s2_15,val,Log-Mel CNN,0.12275417894124985,0.17832201719284058
seg_005763,sample_01994,Gila Monster Flop/Music History Lesson:The Sonics - The Crypts!,1,0.9979977011680603,cnn_revised_20260919T110440Z,cnn_s2_15,val,Log-Mel CNN,0.12275417894124985,0.17832201719284058
seg_005788,sample_02007,I Fell - Mod Fun,1,0.8979723453521729,cnn_revised_20260919T110440Z,cnn_s2_15,val,Log-Mel CNN,0.12275417894124985,0.17832201719284058
seg_005789,sample_02007,I Fell - Mod Fun,1,0.9000433087348938,cnn_revised_20260919T110440Z,cnn_s2_15,val,Log-Mel CNN,0.12275417894124985,0.17832201719284058
seg_005808,sample_02017,Lights Up - Pipe Choir,1,0.9880253672599792,cnn_revised_20260919T110440Z,cnn_s2_15,val,Log-Mel CNN,0.12275417894124985,0.17832201719284058
seg_005809,sample_02017,Lights Up - Pipe Choir,1,0.9667287468910217,cnn_revised_20260919T110440Z,cnn_s2_15,val,Log-Mel CNN,0.12275417894124985,0.17832201719284058
seg_005816,sample_02021,March of the GPA Mechanics - [t]ghost,1,0.9742466807365417,cnn_revised_20260919T110440Z,cnn_s2_15,val,Log-Mel CNN,0.12275417894124985,0.17832201719284058
seg_005817,sample_02021,March of the GPA Mechanics - [t]ghost,1,0.9955505132675171,cnn_revised_20260919T110440Z,cnn_s2_15,val,Log-Mel CNN,0.12275417894124985,0.17832201719284058
seg_005842,sample_02034,Redlight - Room For A Ghost,1,0.9498842358589172,cnn_revised_20260919T110440Z,cnn_s2_15,val,Log-Mel CNN,0.12275417894124985,0.17832201719284058
seg_005843,sample_02034,Redlight - Room For A Ghost,1,0.94769686460495,cnn_revised_20260919T110440Z,cnn_s2_15,val,Log-Mel CNN,0.12275417894124985,0.17832201719284058
seg_005852,sample_02039,Scramby Eggs - Andy G. Cohen,1,0.9835575819015503,cnn_revised_20260919T110440Z,cnn_s2_15,val,Log-Mel CNN,0.12275417894124985,0.17832201719284058
seg_005853,sample_02039,Scramby Eggs - Andy G. Cohen,1,0.7143433094024658,cnn_revised_20260919T110440Z,cnn_s2_15,val,Log-Mel CNN,0.12275417894124985,0.17832201719284058
seg_005860,sample_02043,Shipwrecked Crew - Pete Prodoehl,1,0.9641320109367371,cnn_revised_20260919T110440Z,cnn_s2_15,val,Log-Mel CNN,0.12275417894124985,0.17832201719284058
seg_005861,sample_02043,Shipwrecked Crew - Pete Prodoehl,1,0.9816657900810242,cnn_revised_20260919T110440Z,cnn_s2_15,val,Log-Mel CNN,0.12275417894124985,0.17832201719284058
seg_005880,sample_02053,The girl just faded - Los Llamarada,1,0.9914013743400574,cnn_revised_20260919T110440Z,cnn_s2_15,val,Log-Mel CNN,0.12275417894124985,0.17832201719284058
seg_005881,sample_02053,The girl just faded - Los Llamarada,1,0.9880849719047546,cnn_revised_20260919T110440Z,cnn_s2_15,val,Log-Mel CNN,0.12275417894124985,0.17832201719284058
seg_005892,sample_02059,Voxel - Andy G. Cohen,1,0.8952471613883972,cnn_revised_20260919T110440Z,cnn_s2_15,val,Log-Mel CNN,0.12275417894124985,0.17832201719284058
seg_005893,sample_02059,Voxel - Andy G. Cohen,1,0.9259182214736938,cnn_revised_20260919T110440Z,cnn_s2_15,val,Log-Mel CNN,0.12275417894124985,0.17832201719284058
seg_005908,sample_02067,Windows of the Skull - Sarin,1,0.9938125610351562,cnn_revised_20260919T110440Z,cnn_s2_15,val,Log-Mel CNN,0.12275417894124985,0.17832201719284058
seg_005909,sample_02067,Windows of the Skull - Sarin,1,0.9961487054824829,cnn_revised_20260919T110440Z,cnn_s2_15,val,Log-Mel CNN,0.12275417894124985,0.17832201719284058
seg_005964,sample_02087,CopperNickle - UncleBibby,1,0.42961224913597107,cnn_revised_20260919T110440Z,cnn_s2_15,val,Log-Mel CNN,0.12275417894124985,0.17832201719284058
seg_005965,sample_02087,CopperNickle - UncleBibby,1,0.5862639546394348,cnn_revised_20260919T110440Z,cnn_s2_15,val,Log-Mel CNN,0.12275417894124985,0.17832201719284058
seg_005966,sample_02087,CopperNickle - UncleBibby,1,0.6505242586135864,cnn_revised_20260919T110440Z,cnn_s2_15,val,Log-Mel CNN,0.12275417894124985,0.17832201719284058
seg_005967,sample_02088,CopperNickle - UncleBibby,1,0.52000892162323,cnn_revised_20260919T110440Z,cnn_s2_15,val,Log-Mel CNN,0.12275417894124985,0.17832201719284058
seg_005968,sample_02088,CopperNickle - UncleBibby,1,0.8225477337837219,cnn_revised_20260919T110440Z,cnn_s2_15,val,Log-Mel CNN,0.12275417894124985,0.17832201719284058
seg_005969,sample_02088,CopperNickle - UncleBibby,1,0.8478120565414429,cnn_revised_20260919T110440Z,cnn_s2_15,val,Log-Mel CNN,0.12275417894124985,0.17832201719284058
seg_005976,sample_02091,Daylight Savings - My brother Daniel,1,0.0855812355875969,cnn_revised_20260919T110440Z,cnn_s2_15,val,Log-Mel CNN,0.12275417894124985,0.17832201719284058
seg_005977,sample_02091,Daylight Savings - My brother Daniel,1,0.36245137453079224,cnn_revised_20260919T110440Z,cnn_s2_15,val,Log-Mel CNN,0.12275417894124985,0.17832201719284058
seg_005978,sample_02091,Daylight Savings - My brother Daniel,1,0.7891438007354736,cnn_revised_20260919T110440Z,cnn_s2_15,val,Log-Mel CNN,0.12275417894124985,0.17832201719284058
seg_005979,sample_02092,Daylight Savings - My brother Daniel,1,0.9115846753120422,cnn_revised_20260919T110440Z,cnn_s2_15,val,Log-Mel CNN,0.12275417894124985,0.17832201719284058
seg_005980,sample_02092,Daylight Savings - My brother Daniel,1,0.46812865138053894,cnn_revised_20260919T110440Z,cnn_s2_15,val,Log-Mel CNN,0.12275417894124985,0.17832201719284058
seg_005981,sample_02092,Daylight Savings - My brother Daniel,1,0.9037808179855347,cnn_revised_20260919T110440Z,cnn_s2_15,val,Log-Mel CNN,0.12275417894124985,0.17832201719284058
seg_006042,sample_02113,mystery team 2090 - Jesse Futerman,1,0.061862751841545105,cnn_revised_20260919T110440Z,cnn_s2_15,val,Log-Mel CNN,0.12275417894124985,0.17832201719284058
seg_006043,sample_02113,mystery team 2090 - Jesse Futerman,1,0.2434040755033493,cnn_revised_20260919T110440Z,cnn_s2_15,val,Log-Mel CNN,0.12275417894124985,0.17832201719284058
seg_006044,sample_02113,mystery team 2090 - Jesse Futerman,1,0.9565978050231934,cnn_revised_20260919T110440Z,cnn_s2_15,val,Log-Mel CNN,0.12275417894124985,0.17832201719284058
seg_006045,sample_02114,mystery team 2090 - Jesse Futerman,1,0.2743561863899231,cnn_revised_20260919T110440Z,cnn_s2_15,val,Log-Mel CNN,0.12275417894124985,0.17832201719284058
seg_006046,sample_02114,mystery team 2090 - Jesse Futerman,1,0.5879614353179932,cnn_revised_20260919T110440Z,cnn_s2_15,val,Log-Mel CNN,0.12275417894124985,0.17832201719284058
seg_006047,sample_02114,mystery team 2090 - Jesse Futerman,1,0.7567436695098877,cnn_revised_20260919T110440Z,cnn_s2_15,val,Log-Mel CNN,0.12275417894124985,0.17832201719284058
seg_006048,sample_02115,Night Drive - Decktonic,1,0.88231360912323,cnn_revised_20260919T110440Z,cnn_s2_15,val,Log-Mel CNN,0.12275417894124985,0.17832201719284058
seg_006049,sample_02115,Night Drive - Decktonic,1,0.8093001246452332,cnn_revised_20260919T110440Z,cnn_s2_15,val,Log-Mel CNN,0.12275417894124985,0.17832201719284058
seg_006050,sample_02115,Night Drive - Decktonic,1,0.8291406035423279,cnn_revised_20260919T110440Z,cnn_s2_15,val,Log-Mel CNN,0.12275417894124985,0.17832201719284058
seg_006051,sample_02116,Night Drive - Decktonic,1,0.7346298098564148,cnn_revised_20260919T110440Z,cnn_s2_15,val,Log-Mel CNN,0.12275417894124985,0.17832201719284058
seg_006052,sample_02116,Night Drive - Decktonic,1,0.30998551845550537,cnn_revised_20260919T110440Z,cnn_s2_15,val,Log-Mel CNN,0.12275417894124985,0.17832201719284058
seg_006053,sample_02116,Night Drive - Decktonic,1,0.23839551210403442,cnn_revised_20260919T110440Z,cnn_s2_15,val,Log-Mel CNN,0.12275417894124985,0.17832201719284058
seg_006066,sample_02121,Nuo Maisemat - Paavoharju,1,0.9175935387611389,cnn_revised_20260919T110440Z,cnn_s2_15,val,Log-Mel CNN,0.12275417894124985,0.17832201719284058
seg_006067,sample_02121,Nuo Maisemat - Paavoharju,1,0.3038439452648163,cnn_revised_20260919T110440Z,cnn_s2_15,val,Log-Mel CNN,0.12275417894124985,0.17832201719284058
seg_006068,sample_02121,Nuo Maisemat - Paavoharju,1,0.8750261664390564,cnn_revised_20260919T110440Z,cnn_s2_15,val,Log-Mel CNN,0.12275417894124985,0.17832201719284058
seg_006069,sample_02122,Nuo Maisemat - Paavoharju,1,0.6749939322471619,cnn_revised_20260919T110440Z,cnn_s2_15,val,Log-Mel CNN,0.12275417894124985,0.17832201719284058
seg_006070,sample_02122,Nuo Maisemat - Paavoharju,1,0.8421560525894165,cnn_revised_20260919T110440Z,cnn_s2_15,val,Log-Mel CNN,0.12275417894124985,0.17832201719284058
seg_006071,sample_02122,Nuo Maisemat - Paavoharju,1,0.9644261002540588,cnn_revised_20260919T110440Z,cnn_s2_15,val,Log-Mel CNN,0.12275417894124985,0.17832201719284058
seg_006150,sample_02149,SD (Ill Mix) - H-LR,1,0.5341590642929077,cnn_revised_20260919T110440Z,cnn_s2_15,val,Log-Mel CNN,0.12275417894124985,0.17832201719284058
seg_006151,sample_02149,SD (Ill Mix) - H-LR,1,0.436959832906723,cnn_revised_20260919T110440Z,cnn_s2_15,val,Log-Mel CNN,0.12275417894124985,0.17832201719284058
seg_006152,sample_02149,SD (Ill Mix) - H-LR,1,0.3939383029937744,cnn_revised_20260919T110440Z,cnn_s2_15,val,Log-Mel CNN,0.12275417894124985,0.17832201719284058
seg_006153,sample_02150,SD (Ill Mix) - H-LR,1,0.021974124014377594,cnn_revised_20260919T110440Z,cnn_s2_15,val,Log-Mel CNN,0.12275417894124985,0.17832201719284058
seg_006154,sample_02150,SD (Ill Mix) - H-LR,1,0.0957178920507431,cnn_revised_20260919T110440Z,cnn_s2_15,val,Log-Mel CNN,0.12275417894124985,0.17832201719284058
seg_006155,sample_02150,SD (Ill Mix) - H-LR,1,0.40238744020462036,cnn_revised_20260919T110440Z,cnn_s2_15,val,Log-Mel CNN,0.12275417894124985,0.17832201719284058
seg_006258,sample_02185,Evil Cannot Create - Caleb Lemond,1,0.19966517388820648,cnn_revised_20260919T110440Z,cnn_s2_15,val,Log-Mel CNN,0.12275417894124985,0.17832201719284058
seg_006259,sample_02185,Evil Cannot Create - Caleb Lemond,1,0.2418317347764969,cnn_revised_20260919T110440Z,cnn_s2_15,val,Log-Mel CNN,0.12275417894124985,0.17832201719284058
seg_006260,sample_02185,Evil Cannot Create - Caleb Lemond,1,0.726290762424469,cnn_revised_20260919T110440Z,cnn_s2_15,val,Log-Mel CNN,0.12275417894124985,0.17832201719284058
seg_006261,sample_02186,Evil Cannot Create - Caleb Lemond,1,0.9200739860534668,cnn_revised_20260919T110440Z,cnn_s2_15,val,Log-Mel CNN,0.12275417894124985,0.17832201719284058
seg_006262,sample_02186,Evil Cannot Create - Caleb Lemond,1,0.44730281829833984,cnn_revised_20260919T110440Z,cnn_s2_15,val,Log-Mel CNN,0.12275417894124985,0.17832201719284058
seg_006263,sample_02186,Evil Cannot Create - Caleb Lemond,1,0.9266804456710815,cnn_revised_20260919T110440Z,cnn_s2_15,val,Log-Mel CNN,0.12275417894124985,0.17832201719284058
seg_006366,sample_02221,New Life (take 1) - Bird Names,1,0.5413602590560913,cnn_revised_20260919T110440Z,cnn_s2_15,val,Log-Mel CNN,0.12275417894124985,0.17832201719284058
seg_006367,sample_02221,New Life (take 1) - Bird Names,1,0.09657957404851913,cnn_revised_20260919T110440Z,cnn_s2_15,val,Log-Mel CNN,0.12275417894124985,0.17832201719284058
seg_006368,sample_02221,New Life (take 1) - Bird Names,1,0.24512608349323273,cnn_revised_20260919T110440Z,cnn_s2_15,val,Log-Mel CNN,0.12275417894124985,0.17832201719284058
seg_006369,sample_02222,New Life (take 1) - Bird Names,1,0.3219355344772339,cnn_revised_20260919T110440Z,cnn_s2_15,val,Log-Mel CNN,0.12275417894124985,0.17832201719284058
seg_006370,sample_02222,New Life (take 1) - Bird Names,1,0.9659608602523804,cnn_revised_20260919T110440Z,cnn_s2_15,val,Log-Mel CNN,0.12275417894124985,0.17832201719284058
seg_006371,sample_02222,New Life (take 1) - Bird Names,1,0.9946441650390625,cnn_revised_20260919T110440Z,cnn_s2_15,val,Log-Mel CNN,0.12275417894124985,0.17832201719284058
seg_006372,sample_02223,Norweigian Wood II - Bird Names,1,0.15141704678535461,cnn_revised_20260919T110440Z,cnn_s2_15,val,Log-Mel CNN,0.12275417894124985,0.17832201719284058
seg_006373,sample_02223,Norweigian Wood II - Bird Names,1,0.3119717538356781,cnn_revised_20260919T110440Z,cnn_s2_15,val,Log-Mel CNN,0.12275417894124985,0.17832201719284058
seg_006374,sample_02223,Norweigian Wood II - Bird Names,1,0.8968385457992554,cnn_revised_20260919T110440Z,cnn_s2_15,val,Log-Mel CNN,0.12275417894124985,0.17832201719284058
seg_006375,sample_02224,Norweigian Wood II - Bird Names,1,0.15132209658622742,cnn_revised_20260919T110440Z,cnn_s2_15,val,Log-Mel CNN,0.12275417894124985,0.17832201719284058
seg_006376,sample_02224,Norweigian Wood II - Bird Names,1,0.676123321056366,cnn_revised_20260919T110440Z,cnn_s2_15,val,Log-Mel CNN,0.12275417894124985,0.17832201719284058
seg_006377,sample_02224,Norweigian Wood II - Bird Names,1,0.9523423910140991,cnn_revised_20260919T110440Z,cnn_s2_15,val,Log-Mel CNN,0.12275417894124985,0.17832201719284058
seg_006396,sample_02231,Roller Star - Monroeville Music Center,1,0.3911365568637848,cnn_revised_20260919T110440Z,cnn_s2_15,val,Log-Mel CNN,0.12275417894124985,0.17832201719284058
seg_006397,sample_02231,Roller Star - Monroeville Music Center,1,0.4230577051639557,cnn_revised_20260919T110440Z,cnn_s2_15,val,Log-Mel CNN,0.12275417894124985,0.17832201719284058
seg_006398,sample_02231,Roller Star - Monroeville Music Center,1,0.4167659282684326,cnn_revised_20260919T110440Z,cnn_s2_15,val,Log-Mel CNN,0.12275417894124985,0.17832201719284058
seg_006399,sample_02232,Roller Star - Monroeville Music Center,1,0.3859989047050476,cnn_revised_20260919T110440Z,cnn_s2_15,val,Log-Mel CNN,0.12275417894124985,0.17832201719284058
seg_006400,sample_02232,Roller Star - Monroeville Music Center,1,0.7785372138023376,cnn_revised_20260919T110440Z,cnn_s2_15,val,Log-Mel CNN,0.12275417894124985,0.17832201719284058
seg_006401,sample_02232,Roller Star - Monroeville Music Center,1,0.9632299542427063,cnn_revised_20260919T110440Z,cnn_s2_15,val,Log-Mel CNN,0.12275417894124985,0.17832201719284058
seg_006402,sample_02233,"Roundtrip - Oh Yeah, the Future",1,0.8361968994140625,cnn_revised_20260919T110440Z,cnn_s2_15,val,Log-Mel CNN,0.12275417894124985,0.17832201719284058
seg_006403,sample_02233,"Roundtrip - Oh Yeah, the Future",1,0.660866916179657,cnn_revised_20260919T110440Z,cnn_s2_15,val,Log-Mel CNN,0.12275417894124985,0.17832201719284058
seg_006404,sample_02233,"Roundtrip - Oh Yeah, the Future",1,0.4306783378124237,cnn_revised_20260919T110440Z,cnn_s2_15,val,Log-Mel CNN,0.12275417894124985,0.17832201719284058
seg_006405,sample_02234,"Roundtrip - Oh Yeah, the Future",1,0.42065978050231934,cnn_revised_20260919T110440Z,cnn_s2_15,val,Log-Mel CNN,0.12275417894124985,0.17832201719284058
seg_006406,sample_02234,"Roundtrip - Oh Yeah, the Future",1,0.2735571265220642,cnn_revised_20260919T110440Z,cnn_s2_15,val,Log-Mel CNN,0.12275417894124985,0.17832201719284058
seg_006407,sample_02234,"Roundtrip - Oh Yeah, the Future",1,0.4404611885547638,cnn_revised_20260919T110440Z,cnn_s2_15,val,Log-Mel CNN,0.12275417894124985,0.17832201719284058
seg_006420,sample_02239,Soleares&beats - Malaventura,1,0.314614862203598,cnn_revised_20260919T110440Z,cnn_s2_15,val,Log-Mel CNN,0.12275417894124985,0.17832201719284058
seg_006421,sample_02239,Soleares&beats - Malaventura,1,0.675179123878479,cnn_revised_20260919T110440Z,cnn_s2_15,val,Log-Mel CNN,0.12275417894124985,0.17832201719284058
seg_006422,sample_02239,Soleares&beats - Malaventura,1,0.3400017321109772,cnn_revised_20260919T110440Z,cnn_s2_15,val,Log-Mel CNN,0.12275417894124985,0.17832201719284058
seg_006423,sample_02240,Soleares&beats - Malaventura,1,0.23300176858901978,cnn_revised_20260919T110440Z,cnn_s2_15,val,Log-Mel CNN,0.12275417894124985,0.17832201719284058
seg_006424,sample_02240,Soleares&beats - Malaventura,1,0.45444437861442566,cnn_revised_20260919T110440Z,cnn_s2_15,val,Log-Mel CNN,0.12275417894124985,0.17832201719284058
seg_006425,sample_02240,Soleares&beats - Malaventura,1,0.5060946941375732,cnn_revised_20260919T110440Z,cnn_s2_15,val,Log-Mel CNN,0.12275417894124985,0.17832201719284058
seg_006438,sample_02245,Stockholm Syndrome / People Should Be More Aware - Bird Names,1,0.9267410635948181,cnn_revised_20260919T110440Z,cnn_s2_15,val,Log-Mel CNN,0.12275417894124985,0.17832201719284058
seg_006439,sample_02245,Stockholm Syndrome / People Should Be More Aware - Bird Names,1,0.7383010387420654,cnn_revised_20260919T110440Z,cnn_s2_15,val,Log-Mel CNN,0.12275417894124985,0.17832201719284058
seg_006440,sample_02245,Stockholm Syndrome / People Should Be More Aware - Bird Names,1,0.8524128198623657,cnn_revised_20260919T110440Z,cnn_s2_15,val,Log-Mel CNN,0.12275417894124985,0.17832201719284058
seg_006441,sample_02246,Stockholm Syndrome / People Should Be More Aware - Bird Names,1,0.741532027721405,cnn_revised_20260919T110440Z,cnn_s2_15,val,Log-Mel CNN,0.12275417894124985,0.17832201719284058
seg_006442,sample_02246,Stockholm Syndrome / People Should Be More Aware - Bird Names,1,0.7680087685585022,cnn_revised_20260919T110440Z,cnn_s2_15,val,Log-Mel CNN,0.12275417894124985,0.17832201719284058
seg_006443,sample_02246,Stockholm Syndrome / People Should Be More Aware - Bird Names,1,0.4570111632347107,cnn_revised_20260919T110440Z,cnn_s2_15,val,Log-Mel CNN,0.12275417894124985,0.17832201719284058
seg_006480,sample_02259,Time Is Love - Silence is full of birds,1,0.6207623481750488,cnn_revised_20260919T110440Z,cnn_s2_15,val,Log-Mel CNN,0.12275417894124985,0.17832201719284058
seg_006481,sample_02259,Time Is Love - Silence is full of birds,1,0.7327428460121155,cnn_revised_20260919T110440Z,cnn_s2_15,val,Log-Mel CNN,0.12275417894124985,0.17832201719284058
seg_006482,sample_02259,Time Is Love - Silence is full of birds,1,0.6860471963882446,cnn_revised_20260919T110440Z,cnn_s2_15,val,Log-Mel CNN,0.12275417894124985,0.17832201719284058
seg_006483,sample_02260,Time Is Love - Silence is full of birds,1,0.0057647814974188805,cnn_revised_20260919T110440Z,cnn_s2_15,val,Log-Mel CNN,0.12275417894124985,0.17832201719284058
seg_006484,sample_02260,Time Is Love - Silence is full of birds,1,0.11611754447221756,cnn_revised_20260919T110440Z,cnn_s2_15,val,Log-Mel CNN,0.12275417894124985,0.17832201719284058
seg_006485,sample_02260,Time Is Love - Silence is full of birds,1,0.4913935661315918,cnn_revised_20260919T110440Z,cnn_s2_15,val,Log-Mel CNN,0.12275417894124985,0.17832201719284058
seg_006522,sample_02273,2 (Wasn't There) - Isle of Pine,1,0.2745971977710724,cnn_revised_20260919T110440Z,cnn_s2_15,val,Log-Mel CNN,0.12275417894124985,0.17832201719284058
seg_006523,sample_02273,2 (Wasn't There) - Isle of Pine,1,0.756690263748169,cnn_revised_20260919T110440Z,cnn_s2_15,val,Log-Mel CNN,0.12275417894124985,0.17832201719284058
seg_006524,sample_02273,2 (Wasn't There) - Isle of Pine,1,0.9485640525817871,cnn_revised_20260919T110440Z,cnn_s2_15,val,Log-Mel CNN,0.12275417894124985,0.17832201719284058
seg_006525,sample_02274,2 (Wasn't There) - Isle of Pine,1,0.3833632171154022,cnn_revised_20260919T110440Z,cnn_s2_15,val,Log-Mel CNN,0.12275417894124985,0.17832201719284058
seg_006526,sample_02274,2 (Wasn't There) - Isle of Pine,1,0.8266157507896423,cnn_revised_20260919T110440Z,cnn_s2_15,val,Log-Mel CNN,0.12275417894124985,0.17832201719284058
seg_006527,sample_02274,2 (Wasn't There) - Isle of Pine,1,0.9438055753707886,cnn_revised_20260919T110440Z,cnn_s2_15,val,Log-Mel CNN,0.12275417894124985,0.17832201719284058
seg_006552,sample_02283,Empty Pockets - Pete Prodoehl,1,0.253178209066391,cnn_revised_20260919T110440Z,cnn_s2_15,val,Log-Mel CNN,0.12275417894124985,0.17832201719284058
seg_006553,sample_02283,Empty Pockets - Pete Prodoehl,1,0.5169293880462646,cnn_revised_20260919T110440Z,cnn_s2_15,val,Log-Mel CNN,0.12275417894124985,0.17832201719284058
seg_006554,sample_02283,Empty Pockets - Pete Prodoehl,1,0.633004367351532,cnn_revised_20260919T110440Z,cnn_s2_15,val,Log-Mel CNN,0.12275417894124985,0.17832201719284058
seg_006555,sample_02284,Empty Pockets - Pete Prodoehl,1,0.2932872474193573,cnn_revised_20260919T110440Z,cnn_s2_15,val,Log-Mel CNN,0.12275417894124985,0.17832201719284058
seg_006556,sample_02284,Empty Pockets - Pete Prodoehl,1,0.036288730800151825,cnn_revised_20260919T110440Z,cnn_s2_15,val,Log-Mel CNN,0.12275417894124985,0.17832201719284058
seg_006557,sample_02284,Empty Pockets - Pete Prodoehl,1,0.36159414052963257,cnn_revised_20260919T110440Z,cnn_s2_15,val,Log-Mel CNN,0.12275417894124985,0.17832201719284058
seg_006570,sample_02289,Gila Monster Flop/Music History Lesson:The Sonics - The Crypts!,1,0.329364150762558,cnn_revised_20260919T110440Z,cnn_s2_15,val,Log-Mel CNN,0.12275417894124985,0.17832201719284058
seg_006571,sample_02289,Gila Monster Flop/Music History Lesson:The Sonics - The Crypts!,1,0.1842835694551468,cnn_revised_20260919T110440Z,cnn_s2_15,val,Log-Mel CNN,0.12275417894124985,0.17832201719284058
seg_006572,sample_02289,Gila Monster Flop/Music History Lesson:The Sonics - The Crypts!,1,0.2617088258266449,cnn_revised_20260919T110440Z,cnn_s2_15,val,Log-Mel CNN,0.12275417894124985,0.17832201719284058
seg_006573,sample_02290,Gila Monster Flop/Music History Lesson:The Sonics - The Crypts!,1,0.23771336674690247,cnn_revised_20260919T110440Z,cnn_s2_15,val,Log-Mel CNN,0.12275417894124985,0.17832201719284058
seg_006574,sample_02290,Gila Monster Flop/Music History Lesson:The Sonics - The Crypts!,1,0.04949072748422623,cnn_revised_20260919T110440Z,cnn_s2_15,val,Log-Mel CNN,0.12275417894124985,0.17832201719284058
seg_006575,sample_02290,Gila Monster Flop/Music History Lesson:The Sonics - The Crypts!,1,0.2967337965965271,cnn_revised_20260919T110440Z,cnn_s2_15,val,Log-Mel CNN,0.12275417894124985,0.17832201719284058
seg_006588,sample_02295,I Fell - Mod Fun,1,0.705736517906189,cnn_revised_20260919T110440Z,cnn_s2_15,val,Log-Mel CNN,0.12275417894124985,0.17832201719284058
seg_006589,sample_02295,I Fell - Mod Fun,1,0.39408114552497864,cnn_revised_20260919T110440Z,cnn_s2_15,val,Log-Mel CNN,0.12275417894124985,0.17832201719284058
seg_006590,sample_02295,I Fell - Mod Fun,1,0.517801821231842,cnn_revised_20260919T110440Z,cnn_s2_15,val,Log-Mel CNN,0.12275417894124985,0.17832201719284058
seg_006591,sample_02296,I Fell - Mod Fun,1,0.49224773049354553,cnn_revised_20260919T110440Z,cnn_s2_15,val,Log-Mel CNN,0.12275417894124985,0.17832201719284058
seg_006592,sample_02296,I Fell - Mod Fun,1,0.63780677318573,cnn_revised_20260919T110440Z,cnn_s2_15,val,Log-Mel CNN,0.12275417894124985,0.17832201719284058
seg_006593,sample_02296,I Fell - Mod Fun,1,0.8219131827354431,cnn_revised_20260919T110440Z,cnn_s2_15,val,Log-Mel CNN,0.12275417894124985,0.17832201719284058
seg_006636,sample_02311,March of the GPA Mechanics - [t]ghost,1,0.4222017228603363,cnn_revised_20260919T110440Z,cnn_s2_15,val,Log-Mel CNN,0.12275417894124985,0.17832201719284058
seg_006637,sample_02311,March of the GPA Mechanics - [t]ghost,1,0.33922022581100464,cnn_revised_20260919T110440Z,cnn_s2_15,val,Log-Mel CNN,0.12275417894124985,0.17832201719284058
seg_006638,sample_02311,March of the GPA Mechanics - [t]ghost,1,0.4690812826156616,cnn_revised_20260919T110440Z,cnn_s2_15,val,Log-Mel CNN,0.12275417894124985,0.17832201719284058
seg_006639,sample_02312,March of the GPA Mechanics - [t]ghost,1,0.758036196231842,cnn_revised_20260919T110440Z,cnn_s2_15,val,Log-Mel CNN,0.12275417894124985,0.17832201719284058
seg_006640,sample_02312,March of the GPA Mechanics - [t]ghost,1,0.22976821660995483,cnn_revised_20260919T110440Z,cnn_s2_15,val,Log-Mel CNN,0.12275417894124985,0.17832201719284058
seg_006641,sample_02312,March of the GPA Mechanics - [t]ghost,1,0.6883590221405029,cnn_revised_20260919T110440Z,cnn_s2_15,val,Log-Mel CNN,0.12275417894124985,0.17832201719284058
seg_006696,sample_02331,Scramby Eggs - Andy G. Cohen,1,0.32152697443962097,cnn_revised_20260919T110440Z,cnn_s2_15,val,Log-Mel CNN,0.12275417894124985,0.17832201719284058
seg_006697,sample_02331,Scramby Eggs - Andy G. Cohen,1,0.7343460917472839,cnn_revised_20260919T110440Z,cnn_s2_15,val,Log-Mel CNN,0.12275417894124985,0.17832201719284058
seg_006698,sample_02331,Scramby Eggs - Andy G. Cohen,1,0.7569803595542908,cnn_revised_20260919T110440Z,cnn_s2_15,val,Log-Mel CNN,0.12275417894124985,0.17832201719284058
seg_006699,sample_02332,Scramby Eggs - Andy G. Cohen,1,0.539848268032074,cnn_revised_20260919T110440Z,cnn_s2_15,val,Log-Mel CNN,0.12275417894124985,0.17832201719284058
seg_006700,sample_02332,Scramby Eggs - Andy G. Cohen,1,0.12572525441646576,cnn_revised_20260919T110440Z,cnn_s2_15,val,Log-Mel CNN,0.12275417894124985,0.17832201719284058
seg_006701,sample_02332,Scramby Eggs - Andy G. Cohen,1,0.4563162624835968,cnn_revised_20260919T110440Z,cnn_s2_15,val,Log-Mel CNN,0.12275417894124985,0.17832201719284058
seg_006750,sample_02349,The girl just faded - Los Llamarada,1,0.3806782066822052,cnn_revised_20260919T110440Z,cnn_s2_15,val,Log-Mel CNN,0.12275417894124985,0.17832201719284058
seg_006751,sample_02349,The girl just faded - Los Llamarada,1,0.2809729278087616,cnn_revised_20260919T110440Z,cnn_s2_15,val,Log-Mel CNN,0.12275417894124985,0.17832201719284058
seg_006752,sample_02349,The girl just faded - Los Llamarada,1,0.22798500955104828,cnn_revised_20260919T110440Z,cnn_s2_15,val,Log-Mel CNN,0.12275417894124985,0.17832201719284058
seg_006753,sample_02350,The girl just faded - Los Llamarada,1,0.4733739197254181,cnn_revised_20260919T110440Z,cnn_s2_15,val,Log-Mel CNN,0.12275417894124985,0.17832201719284058
seg_006754,sample_02350,The girl just faded - Los Llamarada,1,0.7591230273246765,cnn_revised_20260919T110440Z,cnn_s2_15,val,Log-Mel CNN,0.12275417894124985,0.17832201719284058
seg_006755,sample_02350,The girl just faded - Los Llamarada,1,0.5753118991851807,cnn_revised_20260919T110440Z,cnn_s2_15,val,Log-Mel CNN,0.12275417894124985,0.17832201719284058
seg_006768,sample_02355,Voxel - Andy G. Cohen,1,0.36093205213546753,cnn_revised_20260919T110440Z,cnn_s2_15,val,Log-Mel CNN,0.12275417894124985,0.17832201719284058
seg_006769,sample_02355,Voxel - Andy G. Cohen,1,0.5497652292251587,cnn_revised_20260919T110440Z,cnn_s2_15,val,Log-Mel CNN,0.12275417894124985,0.17832201719284058
seg_006770,sample_02355,Voxel - Andy G. Cohen,1,0.9658346176147461,cnn_revised_20260919T110440Z,cnn_s2_15,val,Log-Mel CNN,0.12275417894124985,0.17832201719284058
seg_006771,sample_02356,Voxel - Andy G. Cohen,1,0.934012770652771,cnn_revised_20260919T110440Z,cnn_s2_15,val,Log-Mel CNN,0.12275417894124985,0.17832201719284058
seg_006772,sample_02356,Voxel - Andy G. Cohen,1,0.3879911005496979,cnn_revised_20260919T110440Z,cnn_s2_15,val,Log-Mel CNN,0.12275417894124985,0.17832201719284058
seg_006773,sample_02356,Voxel - Andy G. Cohen,1,0.8121386766433716,cnn_revised_20260919T110440Z,cnn_s2_15,val,Log-Mel CNN,0.12275417894124985,0.17832201719284058
seg_006792,sample_02363,Windows of the Skull - Sarin,1,0.9065406918525696,cnn_revised_20260919T110440Z,cnn_s2_15,val,Log-Mel CNN,0.12275417894124985,0.17832201719284058
seg_006793,sample_02363,Windows of the Skull - Sarin,1,0.3446854054927826,cnn_revised_20260919T110440Z,cnn_s2_15,val,Log-Mel CNN,0.12275417894124985,0.17832201719284058
seg_006794,sample_02363,Windows of the Skull - Sarin,1,0.6414156556129456,cnn_revised_20260919T110440Z,cnn_s2_15,val,Log-Mel CNN,0.12275417894124985,0.17832201719284058
seg_006795,sample_02364,Windows of the Skull - Sarin,1,0.8804641366004944,cnn_revised_20260919T110440Z,cnn_s2_15,val,Log-Mel CNN,0.12275417894124985,0.17832201719284058
seg_006796,sample_02364,Windows of the Skull - Sarin,1,0.3157583773136139,cnn_revised_20260919T110440Z,cnn_s2_15,val,Log-Mel CNN,0.12275417894124985,0.17832201719284058
seg_006797,sample_02364,Windows of the Skull - Sarin,1,0.9588901400566101,cnn_revised_20260919T110440Z,cnn_s2_15,val,Log-Mel CNN,0.12275417894124985,0.17832201719284058
seg_006810,sample_02369,Новый Нью-Йорк 2 - Чокнутый Пропеллер,1,0.042792126536369324,cnn_revised_20260919T110440Z,cnn_s2_15,val,Log-Mel CNN,0.12275417894124985,0.17832201719284058
seg_006811,sample_02369,Новый Нью-Йорк 2 - Чокнутый Пропеллер,1,0.38336890935897827,cnn_revised_20260919T110440Z,cnn_s2_15,val,Log-Mel CNN,0.12275417894124985,0.17832201719284058
seg_006812,sample_02369,Новый Нью-Йорк 2 - Чокнутый Пропеллер,1,0.4585154354572296,cnn_revised_20260919T110440Z,cnn_s2_15,val,Log-Mel CNN,0.12275417894124985,0.17832201719284058
seg_006813,sample_02370,Новый Нью-Йорк 2 - Чокнутый Пропеллер,1,0.32539767026901245,cnn_revised_20260919T110440Z,cnn_s2_15,val,Log-Mel CNN,0.12275417894124985,0.17832201719284058
seg_006814,sample_02370,Новый Нью-Йорк 2 - Чокнутый Пропеллер,1,0.4518948793411255,cnn_revised_20260919T110440Z,cnn_s2_15,val,Log-Mel CNN,0.12275417894124985,0.17832201719284058
seg_006815,sample_02370,Новый Нью-Йорк 2 - Чокнутый Пропеллер,1,0.5660733580589294,cnn_revised_20260919T110440Z,cnn_s2_15,val,Log-Mel CNN,0.12275417894124985,0.17832201719284058
seg_006864,sample_02387,CopperNickle - UncleBibby,1,0.9029887318611145,cnn_revised_20260919T110440Z,cnn_s2_15,val,Log-Mel CNN,0.12275417894124985,0.17832201719284058
seg_006865,sample_02387,CopperNickle - UncleBibby,1,0.9491854906082153,cnn_revised_20260919T110440Z,cnn_s2_15,val,Log-Mel CNN,0.12275417894124985,0.17832201719284058
seg_006866,sample_02387,CopperNickle - UncleBibby,1,0.7736315727233887,cnn_revised_20260919T110440Z,cnn_s2_15,val,Log-Mel CNN,0.12275417894124985,0.17832201719284058
seg_006867,sample_02388,CopperNickle - UncleBibby,1,0.6055142283439636,cnn_revised_20260919T110440Z,cnn_s2_15,val,Log-Mel CNN,0.12275417894124985,0.17832201719284058
seg_006868,sample_02388,CopperNickle - UncleBibby,1,0.5512892007827759,cnn_revised_20260919T110440Z,cnn_s2_15,val,Log-Mel CNN,0.12275417894124985,0.17832201719284058
seg_006869,sample_02388,CopperNickle - UncleBibby,1,0.6263734698295593,cnn_revised_20260919T110440Z,cnn_s2_15,val,Log-Mel CNN,0.12275417894124985,0.17832201719284058
seg_006876,sample_02391,Daylight Savings - My brother Daniel,1,0.5069173574447632,cnn_revised_20260919T110440Z,cnn_s2_15,val,Log-Mel CNN,0.12275417894124985,0.17832201719284058
seg_006877,sample_02391,Daylight Savings - My brother Daniel,1,0.606922447681427,cnn_revised_20260919T110440Z,cnn_s2_15,val,Log-Mel CNN,0.12275417894124985,0.17832201719284058
seg_006878,sample_02391,Daylight Savings - My brother Daniel,1,0.9567198753356934,cnn_revised_20260919T110440Z,cnn_s2_15,val,Log-Mel CNN,0.12275417894124985,0.17832201719284058
seg_006879,sample_02392,Daylight Savings - My brother Daniel,1,0.5394724607467651,cnn_revised_20260919T110440Z,cnn_s2_15,val,Log-Mel CNN,0.12275417894124985,0.17832201719284058
seg_006880,sample_02392,Daylight Savings - My brother Daniel,1,0.7995717525482178,cnn_revised_20260919T110440Z,cnn_s2_15,val,Log-Mel CNN,0.12275417894124985,0.17832201719284058
seg_006881,sample_02392,Daylight Savings - My brother Daniel,1,0.7455547451972961,cnn_revised_20260919T110440Z,cnn_s2_15,val,Log-Mel CNN,0.12275417894124985,0.17832201719284058
seg_006942,sample_02413,mystery team 2090 - Jesse Futerman,1,0.32184964418411255,cnn_revised_20260919T110440Z,cnn_s2_15,val,Log-Mel CNN,0.12275417894124985,0.17832201719284058
seg_006943,sample_02413,mystery team 2090 - Jesse Futerman,1,0.31064996123313904,cnn_revised_20260919T110440Z,cnn_s2_15,val,Log-Mel CNN,0.12275417894124985,0.17832201719284058
seg_006944,sample_02413,mystery team 2090 - Jesse Futerman,1,0.4056997299194336,cnn_revised_20260919T110440Z,cnn_s2_15,val,Log-Mel CNN,0.12275417894124985,0.17832201719284058
seg_006945,sample_02414,mystery team 2090 - Jesse Futerman,1,0.21576596796512604,cnn_revised_20260919T110440Z,cnn_s2_15,val,Log-Mel CNN,0.12275417894124985,0.17832201719284058
seg_006946,sample_02414,mystery team 2090 - Jesse Futerman,1,0.2254164218902588,cnn_revised_20260919T110440Z,cnn_s2_15,val,Log-Mel CNN,0.12275417894124985,0.17832201719284058
seg_006947,sample_02414,mystery team 2090 - Jesse Futerman,1,0.9469602108001709,cnn_revised_20260919T110440Z,cnn_s2_15,val,Log-Mel CNN,0.12275417894124985,0.17832201719284058
seg_006948,sample_02415,Night Drive - Decktonic,1,0.5027866959571838,cnn_revised_20260919T110440Z,cnn_s2_15,val,Log-Mel CNN,0.12275417894124985,0.17832201719284058
seg_006949,sample_02415,Night Drive - Decktonic,1,0.33926132321357727,cnn_revised_20260919T110440Z,cnn_s2_15,val,Log-Mel CNN,0.12275417894124985,0.17832201719284058
seg_006950,sample_02415,Night Drive - Decktonic,1,0.958927571773529,cnn_revised_20260919T110440Z,cnn_s2_15,val,Log-Mel CNN,0.12275417894124985,0.17832201719284058
seg_006951,sample_02416,Night Drive - Decktonic,1,0.7830085158348083,cnn_revised_20260919T110440Z,cnn_s2_15,val,Log-Mel CNN,0.12275417894124985,0.17832201719284058
seg_006952,sample_02416,Night Drive - Decktonic,1,0.39949312806129456,cnn_revised_20260919T110440Z,cnn_s2_15,val,Log-Mel CNN,0.12275417894124985,0.17832201719284058
seg_006953,sample_02416,Night Drive - Decktonic,1,0.9241208434104919,cnn_revised_20260919T110440Z,cnn_s2_15,val,Log-Mel CNN,0.12275417894124985,0.17832201719284058
seg_006966,sample_02421,Nuo Maisemat - Paavoharju,1,0.24696488678455353,cnn_revised_20260919T110440Z,cnn_s2_15,val,Log-Mel CNN,0.12275417894124985,0.17832201719284058
seg_006967,sample_02421,Nuo Maisemat - Paavoharju,1,0.08808021247386932,cnn_revised_20260919T110440Z,cnn_s2_15,val,Log-Mel CNN,0.12275417894124985,0.17832201719284058
seg_006968,sample_02421,Nuo Maisemat - Paavoharju,1,0.2724166214466095,cnn_revised_20260919T110440Z,cnn_s2_15,val,Log-Mel CNN,0.12275417894124985,0.17832201719284058
seg_006969,sample_02422,Nuo Maisemat - Paavoharju,1,0.476762592792511,cnn_revised_20260919T110440Z,cnn_s2_15,val,Log-Mel CNN,0.12275417894124985,0.17832201719284058
seg_006970,sample_02422,Nuo Maisemat - Paavoharju,1,0.12275417894124985,cnn_revised_20260919T110440Z,cnn_s2_15,val,Log-Mel CNN,0.12275417894124985,0.17832201719284058
seg_006971,sample_02422,Nuo Maisemat - Paavoharju,1,0.22349591553211212,cnn_revised_20260919T110440Z,cnn_s2_15,val,Log-Mel CNN,0.12275417894124985,0.17832201719284058
seg_007050,sample_02449,SD (Ill Mix) - H-LR,1,0.7873449921607971,cnn_revised_20260919T110440Z,cnn_s2_15,val,Log-Mel CNN,0.12275417894124985,0.17832201719284058
seg_007051,sample_02449,SD (Ill Mix) - H-LR,1,0.9603342413902283,cnn_revised_20260919T110440Z,cnn_s2_15,val,Log-Mel CNN,0.12275417894124985,0.17832201719284058
seg_007052,sample_02449,SD (Ill Mix) - H-LR,1,0.9212731122970581,cnn_revised_20260919T110440Z,cnn_s2_15,val,Log-Mel CNN,0.12275417894124985,0.17832201719284058
seg_007053,sample_02450,SD (Ill Mix) - H-LR,1,0.6528365612030029,cnn_revised_20260919T110440Z,cnn_s2_15,val,Log-Mel CNN,0.12275417894124985,0.17832201719284058
seg_007054,sample_02450,SD (Ill Mix) - H-LR,1,0.979989230632782,cnn_revised_20260919T110440Z,cnn_s2_15,val,Log-Mel CNN,0.12275417894124985,0.17832201719284058
seg_007055,sample_02450,SD (Ill Mix) - H-LR,1,0.8796412944793701,cnn_revised_20260919T110440Z,cnn_s2_15,val,Log-Mel CNN,0.12275417894124985,0.17832201719284058
seg_007158,sample_02485,Evil Cannot Create - Caleb Lemond,1,0.020117467269301414,cnn_revised_20260919T110440Z,cnn_s2_15,val,Log-Mel CNN,0.12275417894124985,0.17832201719284058
seg_007159,sample_02485,Evil Cannot Create - Caleb Lemond,1,0.3707582950592041,cnn_revised_20260919T110440Z,cnn_s2_15,val,Log-Mel CNN,0.12275417894124985,0.17832201719284058
seg_007160,sample_02485,Evil Cannot Create - Caleb Lemond,1,0.2626909911632538,cnn_revised_20260919T110440Z,cnn_s2_15,val,Log-Mel CNN,0.12275417894124985,0.17832201719284058
seg_007161,sample_02486,Evil Cannot Create - Caleb Lemond,1,0.10708707571029663,cnn_revised_20260919T110440Z,cnn_s2_15,val,Log-Mel CNN,0.12275417894124985,0.17832201719284058
seg_007162,sample_02486,Evil Cannot Create - Caleb Lemond,1,0.18609821796417236,cnn_revised_20260919T110440Z,cnn_s2_15,val,Log-Mel CNN,0.12275417894124985,0.17832201719284058
seg_007163,sample_02486,Evil Cannot Create - Caleb Lemond,1,0.10014428198337555,cnn_revised_20260919T110440Z,cnn_s2_15,val,Log-Mel CNN,0.12275417894124985,0.17832201719284058
seg_007266,sample_02521,New Life (take 1) - Bird Names,1,0.06604421883821487,cnn_revised_20260919T110440Z,cnn_s2_15,val,Log-Mel CNN,0.12275417894124985,0.17832201719284058
seg_007267,sample_02521,New Life (take 1) - Bird Names,1,0.16437368094921112,cnn_revised_20260919T110440Z,cnn_s2_15,val,Log-Mel CNN,0.12275417894124985,0.17832201719284058
seg_007268,sample_02521,New Life (take 1) - Bird Names,1,0.7902556657791138,cnn_revised_20260919T110440Z,cnn_s2_15,val,Log-Mel CNN,0.12275417894124985,0.17832201719284058
seg_007269,sample_02522,New Life (take 1) - Bird Names,1,0.026923831552267075,cnn_revised_20260919T110440Z,cnn_s2_15,val,Log-Mel CNN,0.12275417894124985,0.17832201719284058
seg_007270,sample_02522,New Life (take 1) - Bird Names,1,0.013672144152224064,cnn_revised_20260919T110440Z,cnn_s2_15,val,Log-Mel CNN,0.12275417894124985,0.17832201719284058
seg_007271,sample_02522,New Life (take 1) - Bird Names,1,0.02669180929660797,cnn_revised_20260919T110440Z,cnn_s2_15,val,Log-Mel CNN,0.12275417894124985,0.17832201719284058
seg_007272,sample_02523,Norweigian Wood II - Bird Names,1,0.023764027282595634,cnn_revised_20260919T110440Z,cnn_s2_15,val,Log-Mel CNN,0.12275417894124985,0.17832201719284058
seg_007273,sample_02523,Norweigian Wood II - Bird Names,1,0.2829127609729767,cnn_revised_20260919T110440Z,cnn_s2_15,val,Log-Mel CNN,0.12275417894124985,0.17832201719284058
seg_007274,sample_02523,Norweigian Wood II - Bird Names,1,0.9140529632568359,cnn_revised_20260919T110440Z,cnn_s2_15,val,Log-Mel CNN,0.12275417894124985,0.17832201719284058
seg_007275,sample_02524,Norweigian Wood II - Bird Names,1,0.14093799889087677,cnn_revised_20260919T110440Z,cnn_s2_15,val,Log-Mel CNN,0.12275417894124985,0.17832201719284058
seg_007276,sample_02524,Norweigian Wood II - Bird Names,1,0.035009872168302536,cnn_revised_20260919T110440Z,cnn_s2_15,val,Log-Mel CNN,0.12275417894124985,0.17832201719284058
seg_007277,sample_02524,Norweigian Wood II - Bird Names,1,0.10300786048173904,cnn_revised_20260919T110440Z,cnn_s2_15,val,Log-Mel CNN,0.12275417894124985,0.17832201719284058
seg_007296,sample_02531,Roller Star - Monroeville Music Center,1,0.7944923639297485,cnn_revised_20260919T110440Z,cnn_s2_15,val,Log-Mel CNN,0.12275417894124985,0.17832201719284058
seg_007297,sample_02531,Roller Star - Monroeville Music Center,1,0.6836016178131104,cnn_revised_20260919T110440Z,cnn_s2_15,val,Log-Mel CNN,0.12275417894124985,0.17832201719284058
seg_007298,sample_02531,Roller Star - Monroeville Music Center,1,0.8641413450241089,cnn_revised_20260919T110440Z,cnn_s2_15,val,Log-Mel CNN,0.12275417894124985,0.17832201719284058
seg_007299,sample_02532,Roller Star - Monroeville Music Center,1,0.2011537104845047,cnn_revised_20260919T110440Z,cnn_s2_15,val,Log-Mel CNN,0.12275417894124985,0.17832201719284058
seg_007300,sample_02532,Roller Star - Monroeville Music Center,1,0.9305402040481567,cnn_revised_20260919T110440Z,cnn_s2_15,val,Log-Mel CNN,0.12275417894124985,0.17832201719284058
seg_007301,sample_02532,Roller Star - Monroeville Music Center,1,0.9676767587661743,cnn_revised_20260919T110440Z,cnn_s2_15,val,Log-Mel CNN,0.12275417894124985,0.17832201719284058
seg_007302,sample_02533,"Roundtrip - Oh Yeah, the Future",1,0.7798225283622742,cnn_revised_20260919T110440Z,cnn_s2_15,val,Log-Mel CNN,0.12275417894124985,0.17832201719284058
seg_007303,sample_02533,"Roundtrip - Oh Yeah, the Future",1,0.5292417407035828,cnn_revised_20260919T110440Z,cnn_s2_15,val,Log-Mel CNN,0.12275417894124985,0.17832201719284058
seg_007304,sample_02533,"Roundtrip - Oh Yeah, the Future",1,0.6665794849395752,cnn_revised_20260919T110440Z,cnn_s2_15,val,Log-Mel CNN,0.12275417894124985,0.17832201719284058
seg_007305,sample_02534,"Roundtrip - Oh Yeah, the Future",1,0.15250219404697418,cnn_revised_20260919T110440Z,cnn_s2_15,val,Log-Mel CNN,0.12275417894124985,0.17832201719284058
seg_007306,sample_02534,"Roundtrip - Oh Yeah, the Future",1,0.6538332104682922,cnn_revised_20260919T110440Z,cnn_s2_15,val,Log-Mel CNN,0.12275417894124985,0.17832201719284058
seg_007307,sample_02534,"Roundtrip - Oh Yeah, the Future",1,0.448821097612381,cnn_revised_20260919T110440Z,cnn_s2_15,val,Log-Mel CNN,0.12275417894124985,0.17832201719284058
seg_007320,sample_02539,Soleares&beats - Malaventura,1,0.49581068754196167,cnn_revised_20260919T110440Z,cnn_s2_15,val,Log-Mel CNN,0.12275417894124985,0.17832201719284058
seg_007321,sample_02539,Soleares&beats - Malaventura,1,0.6038239598274231,cnn_revised_20260919T110440Z,cnn_s2_15,val,Log-Mel CNN,0.12275417894124985,0.17832201719284058
seg_007322,sample_02539,Soleares&beats - Malaventura,1,0.19961705803871155,cnn_revised_20260919T110440Z,cnn_s2_15,val,Log-Mel CNN,0.12275417894124985,0.17832201719284058
seg_007323,sample_02540,Soleares&beats - Malaventura,1,0.14340828359127045,cnn_revised_20260919T110440Z,cnn_s2_15,val,Log-Mel CNN,0.12275417894124985,0.17832201719284058
seg_007324,sample_02540,Soleares&beats - Malaventura,1,0.45383358001708984,cnn_revised_20260919T110440Z,cnn_s2_15,val,Log-Mel CNN,0.12275417894124985,0.17832201719284058
seg_007325,sample_02540,Soleares&beats - Malaventura,1,0.6033391356468201,cnn_revised_20260919T110440Z,cnn_s2_15,val,Log-Mel CNN,0.12275417894124985,0.17832201719284058
seg_007338,sample_02545,Stockholm Syndrome / People Should Be More Aware - Bird Names,1,0.4695263206958771,cnn_revised_20260919T110440Z,cnn_s2_15,val,Log-Mel CNN,0.12275417894124985,0.17832201719284058
seg_007339,sample_02545,Stockholm Syndrome / People Should Be More Aware - Bird Names,1,0.10233063995838165,cnn_revised_20260919T110440Z,cnn_s2_15,val,Log-Mel CNN,0.12275417894124985,0.17832201719284058
seg_007340,sample_02545,Stockholm Syndrome / People Should Be More Aware - Bird Names,1,0.06482870876789093,cnn_revised_20260919T110440Z,cnn_s2_15,val,Log-Mel CNN,0.12275417894124985,0.17832201719284058
seg_007341,sample_02546,Stockholm Syndrome / People Should Be More Aware - Bird Names,1,0.006630682852119207,cnn_revised_20260919T110440Z,cnn_s2_15,val,Log-Mel CNN,0.12275417894124985,0.17832201719284058
seg_007342,sample_02546,Stockholm Syndrome / People Should Be More Aware - Bird Names,1,0.021888576447963715,cnn_revised_20260919T110440Z,cnn_s2_15,val,Log-Mel CNN,0.12275417894124985,0.17832201719284058
seg_007343,sample_02546,Stockholm Syndrome / People Should Be More Aware - Bird Names,1,0.007353117689490318,cnn_revised_20260919T110440Z,cnn_s2_15,val,Log-Mel CNN,0.12275417894124985,0.17832201719284058
seg_007380,sample_02559,Time Is Love - Silence is full of birds,1,0.11977346986532211,cnn_revised_20260919T110440Z,cnn_s2_15,val,Log-Mel CNN,0.12275417894124985,0.17832201719284058
seg_007381,sample_02559,Time Is Love - Silence is full of birds,1,0.18371760845184326,cnn_revised_20260919T110440Z,cnn_s2_15,val,Log-Mel CNN,0.12275417894124985,0.17832201719284058
seg_007382,sample_02559,Time Is Love - Silence is full of birds,1,0.7879231572151184,cnn_revised_20260919T110440Z,cnn_s2_15,val,Log-Mel CNN,0.12275417894124985,0.17832201719284058
seg_007383,sample_02560,Time Is Love - Silence is full of birds,1,0.035725124180316925,cnn_revised_20260919T110440Z,cnn_s2_15,val,Log-Mel CNN,0.12275417894124985,0.17832201719284058
seg_007384,sample_02560,Time Is Love - Silence is full of birds,1,0.5087615847587585,cnn_revised_20260919T110440Z,cnn_s2_15,val,Log-Mel CNN,0.12275417894124985,0.17832201719284058
seg_007385,sample_02560,Time Is Love - Silence is full of birds,1,0.09697817265987396,cnn_revised_20260919T110440Z,cnn_s2_15,val,Log-Mel CNN,0.12275417894124985,0.17832201719284058
seg_007422,sample_02573,2 (Wasn't There) - Isle of Pine,1,0.09386025369167328,cnn_revised_20260919T110440Z,cnn_s2_15,val,Log-Mel CNN,0.12275417894124985,0.17832201719284058
seg_007423,sample_02573,2 (Wasn't There) - Isle of Pine,1,0.9340391159057617,cnn_revised_20260919T110440Z,cnn_s2_15,val,Log-Mel CNN,0.12275417894124985,0.17832201719284058
seg_007424,sample_02573,2 (Wasn't There) - Isle of Pine,1,0.8771451115608215,cnn_revised_20260919T110440Z,cnn_s2_15,val,Log-Mel CNN,0.12275417894124985,0.17832201719284058
seg_007425,sample_02574,2 (Wasn't There) - Isle of Pine,1,0.017263734713196754,cnn_revised_20260919T110440Z,cnn_s2_15,val,Log-Mel CNN,0.12275417894124985,0.17832201719284058
seg_007426,sample_02574,2 (Wasn't There) - Isle of Pine,1,0.0902838483452797,cnn_revised_20260919T110440Z,cnn_s2_15,val,Log-Mel CNN,0.12275417894124985,0.17832201719284058
seg_007427,sample_02574,2 (Wasn't There) - Isle of Pine,1,0.7230644822120667,cnn_revised_20260919T110440Z,cnn_s2_15,val,Log-Mel CNN,0.12275417894124985,0.17832201719284058
seg_007452,sample_02583,Empty Pockets - Pete Prodoehl,1,0.4100365936756134,cnn_revised_20260919T110440Z,cnn_s2_15,val,Log-Mel CNN,0.12275417894124985,0.17832201719284058
seg_007453,sample_02583,Empty Pockets - Pete Prodoehl,1,0.17945648729801178,cnn_revised_20260919T110440Z,cnn_s2_15,val,Log-Mel CNN,0.12275417894124985,0.17832201719284058
seg_007454,sample_02583,Empty Pockets - Pete Prodoehl,1,0.9025046229362488,cnn_revised_20260919T110440Z,cnn_s2_15,val,Log-Mel CNN,0.12275417894124985,0.17832201719284058
seg_007455,sample_02584,Empty Pockets - Pete Prodoehl,1,0.008627003990113735,cnn_revised_20260919T110440Z,cnn_s2_15,val,Log-Mel CNN,0.12275417894124985,0.17832201719284058
seg_007456,sample_02584,Empty Pockets - Pete Prodoehl,1,0.037852030247449875,cnn_revised_20260919T110440Z,cnn_s2_15,val,Log-Mel CNN,0.12275417894124985,0.17832201719284058
seg_007457,sample_02584,Empty Pockets - Pete Prodoehl,1,0.20388895273208618,cnn_revised_20260919T110440Z,cnn_s2_15,val,Log-Mel CNN,0.12275417894124985,0.17832201719284058
seg_007470,sample_02589,Gila Monster Flop/Music History Lesson:The Sonics - The Crypts!,1,0.14830917119979858,cnn_revised_20260919T110440Z,cnn_s2_15,val,Log-Mel CNN,0.12275417894124985,0.17832201719284058
seg_007471,sample_02589,Gila Monster Flop/Music History Lesson:The Sonics - The Crypts!,1,0.04965180531144142,cnn_revised_20260919T110440Z,cnn_s2_15,val,Log-Mel CNN,0.12275417894124985,0.17832201719284058
seg_007472,sample_02589,Gila Monster Flop/Music History Lesson:The Sonics - The Crypts!,1,0.9114713668823242,cnn_revised_20260919T110440Z,cnn_s2_15,val,Log-Mel CNN,0.12275417894124985,0.17832201719284058
seg_007473,sample_02590,Gila Monster Flop/Music History Lesson:The Sonics - The Crypts!,1,0.10274732112884521,cnn_revised_20260919T110440Z,cnn_s2_15,val,Log-Mel CNN,0.12275417894124985,0.17832201719284058
seg_007474,sample_02590,Gila Monster Flop/Music History Lesson:The Sonics - The Crypts!,1,0.010818500071763992,cnn_revised_20260919T110440Z,cnn_s2_15,val,Log-Mel CNN,0.12275417894124985,0.17832201719284058
seg_007475,sample_02590,Gila Monster Flop/Music History Lesson:The Sonics - The Crypts!,1,0.48343831300735474,cnn_revised_20260919T110440Z,cnn_s2_15,val,Log-Mel CNN,0.12275417894124985,0.17832201719284058
seg_007488,sample_02595,I Fell - Mod Fun,1,0.36352625489234924,cnn_revised_20260919T110440Z,cnn_s2_15,val,Log-Mel CNN,0.12275417894124985,0.17832201719284058
seg_007489,sample_02595,I Fell - Mod Fun,1,0.3959767818450928,cnn_revised_20260919T110440Z,cnn_s2_15,val,Log-Mel CNN,0.12275417894124985,0.17832201719284058
seg_007490,sample_02595,I Fell - Mod Fun,1,0.8353210687637329,cnn_revised_20260919T110440Z,cnn_s2_15,val,Log-Mel CNN,0.12275417894124985,0.17832201719284058
seg_007491,sample_02596,I Fell - Mod Fun,1,0.1310032159090042,cnn_revised_20260919T110440Z,cnn_s2_15,val,Log-Mel CNN,0.12275417894124985,0.17832201719284058
seg_007492,sample_02596,I Fell - Mod Fun,1,0.054924093186855316,cnn_revised_20260919T110440Z,cnn_s2_15,val,Log-Mel CNN,0.12275417894124985,0.17832201719284058
seg_007493,sample_02596,I Fell - Mod Fun,1,0.7415328621864319,cnn_revised_20260919T110440Z,cnn_s2_15,val,Log-Mel CNN,0.12275417894124985,0.17832201719284058
seg_007536,sample_02611,March of the GPA Mechanics - [t]ghost,1,0.08492319285869598,cnn_revised_20260919T110440Z,cnn_s2_15,val,Log-Mel CNN,0.12275417894124985,0.17832201719284058
seg_007537,sample_02611,March of the GPA Mechanics - [t]ghost,1,0.027748871594667435,cnn_revised_20260919T110440Z,cnn_s2_15,val,Log-Mel CNN,0.12275417894124985,0.17832201719284058
seg_007538,sample_02611,March of the GPA Mechanics - [t]ghost,1,0.975328803062439,cnn_revised_20260919T110440Z,cnn_s2_15,val,Log-Mel CNN,0.12275417894124985,0.17832201719284058
seg_007539,sample_02612,March of the GPA Mechanics - [t]ghost,1,0.36504244804382324,cnn_revised_20260919T110440Z,cnn_s2_15,val,Log-Mel CNN,0.12275417894124985,0.17832201719284058
seg_007540,sample_02612,March of the GPA Mechanics - [t]ghost,1,0.8140959739685059,cnn_revised_20260919T110440Z,cnn_s2_15,val,Log-Mel CNN,0.12275417894124985,0.17832201719284058
seg_007541,sample_02612,March of the GPA Mechanics - [t]ghost,1,0.8359346389770508,cnn_revised_20260919T110440Z,cnn_s2_15,val,Log-Mel CNN,0.12275417894124985,0.17832201719284058
seg_007596,sample_02631,Scramby Eggs - Andy G. Cohen,1,0.2792688012123108,cnn_revised_20260919T110440Z,cnn_s2_15,val,Log-Mel CNN,0.12275417894124985,0.17832201719284058
seg_007597,sample_02631,Scramby Eggs - Andy G. Cohen,1,0.1390693038702011,cnn_revised_20260919T110440Z,cnn_s2_15,val,Log-Mel CNN,0.12275417894124985,0.17832201719284058
seg_007598,sample_02631,Scramby Eggs - Andy G. Cohen,1,0.1398410201072693,cnn_revised_20260919T110440Z,cnn_s2_15,val,Log-Mel CNN,0.12275417894124985,0.17832201719284058
seg_007599,sample_02632,Scramby Eggs - Andy G. Cohen,1,0.6541603207588196,cnn_revised_20260919T110440Z,cnn_s2_15,val,Log-Mel CNN,0.12275417894124985,0.17832201719284058
seg_007600,sample_02632,Scramby Eggs - Andy G. Cohen,1,0.22318482398986816,cnn_revised_20260919T110440Z,cnn_s2_15,val,Log-Mel CNN,0.12275417894124985,0.17832201719284058
seg_007601,sample_02632,Scramby Eggs - Andy G. Cohen,1,0.6537652015686035,cnn_revised_20260919T110440Z,cnn_s2_15,val,Log-Mel CNN,0.12275417894124985,0.17832201719284058
seg_007650,sample_02649,The girl just faded - Los Llamarada,1,0.7474188804626465,cnn_revised_20260919T110440Z,cnn_s2_15,val,Log-Mel CNN,0.12275417894124985,0.17832201719284058
seg_007651,sample_02649,The girl just faded - Los Llamarada,1,0.8472977876663208,cnn_revised_20260919T110440Z,cnn_s2_15,val,Log-Mel CNN,0.12275417894124985,0.17832201719284058
seg_007652,sample_02649,The girl just faded - Los Llamarada,1,0.3543054461479187,cnn_revised_20260919T110440Z,cnn_s2_15,val,Log-Mel CNN,0.12275417894124985,0.17832201719284058
seg_007653,sample_02650,The girl just faded - Los Llamarada,1,0.13971415162086487,cnn_revised_20260919T110440Z,cnn_s2_15,val,Log-Mel CNN,0.12275417894124985,0.17832201719284058
seg_007654,sample_02650,The girl just faded - Los Llamarada,1,0.01785239949822426,cnn_revised_20260919T110440Z,cnn_s2_15,val,Log-Mel CNN,0.12275417894124985,0.17832201719284058
seg_007655,sample_02650,The girl just faded - Los Llamarada,1,0.6097331643104553,cnn_revised_20260919T110440Z,cnn_s2_15,val,Log-Mel CNN,0.12275417894124985,0.17832201719284058
seg_007668,sample_02655,Voxel - Andy G. Cohen,1,0.4858865737915039,cnn_revised_20260919T110440Z,cnn_s2_15,val,Log-Mel CNN,0.12275417894124985,0.17832201719284058
seg_007669,sample_02655,Voxel - Andy G. Cohen,1,0.27880632877349854,cnn_revised_20260919T110440Z,cnn_s2_15,val,Log-Mel CNN,0.12275417894124985,0.17832201719284058
seg_007670,sample_02655,Voxel - Andy G. Cohen,1,0.10150060802698135,cnn_revised_20260919T110440Z,cnn_s2_15,val,Log-Mel CNN,0.12275417894124985,0.17832201719284058
seg_007671,sample_02656,Voxel - Andy G. Cohen,1,0.6272127628326416,cnn_revised_20260919T110440Z,cnn_s2_15,val,Log-Mel CNN,0.12275417894124985,0.17832201719284058
seg_007672,sample_02656,Voxel - Andy G. Cohen,1,0.2001340687274933,cnn_revised_20260919T110440Z,cnn_s2_15,val,Log-Mel CNN,0.12275417894124985,0.17832201719284058
seg_007673,sample_02656,Voxel - Andy G. Cohen,1,0.181730255484581,cnn_revised_20260919T110440Z,cnn_s2_15,val,Log-Mel CNN,0.12275417894124985,0.17832201719284058
seg_007692,sample_02663,Windows of the Skull - Sarin,1,0.05100928246974945,cnn_revised_20260919T110440Z,cnn_s2_15,val,Log-Mel CNN,0.12275417894124985,0.17832201719284058
seg_007693,sample_02663,Windows of the Skull - Sarin,1,0.021688392385840416,cnn_revised_20260919T110440Z,cnn_s2_15,val,Log-Mel CNN,0.12275417894124985,0.17832201719284058
seg_007694,sample_02663,Windows of the Skull - Sarin,1,0.9573119878768921,cnn_revised_20260919T110440Z,cnn_s2_15,val,Log-Mel CNN,0.12275417894124985,0.17832201719284058
seg_007695,sample_02664,Windows of the Skull - Sarin,1,0.17928797006607056,cnn_revised_20260919T110440Z,cnn_s2_15,val,Log-Mel CNN,0.12275417894124985,0.17832201719284058
seg_007696,sample_02664,Windows of the Skull - Sarin,1,0.04063247889280319,cnn_revised_20260919T110440Z,cnn_s2_15,val,Log-Mel CNN,0.12275417894124985,0.17832201719284058
seg_007697,sample_02664,Windows of the Skull - Sarin,1,0.8647366762161255,cnn_revised_20260919T110440Z,cnn_s2_15,val,Log-Mel CNN,0.12275417894124985,0.17832201719284058
seg_007710,sample_02669,Новый Нью-Йорк 2 - Чокнутый Пропеллер,1,0.11028637737035751,cnn_revised_20260919T110440Z,cnn_s2_15,val,Log-Mel CNN,0.12275417894124985,0.17832201719284058
seg_007711,sample_02669,Новый Нью-Йорк 2 - Чокнутый Пропеллер,1,0.07342015206813812,cnn_revised_20260919T110440Z,cnn_s2_15,val,Log-Mel CNN,0.12275417894124985,0.17832201719284058
seg_007712,sample_02669,Новый Нью-Йорк 2 - Чокнутый Пропеллер,1,0.04811401292681694,cnn_revised_20260919T110440Z,cnn_s2_15,val,Log-Mel CNN,0.12275417894124985,0.17832201719284058
seg_007713,sample_02670,Новый Нью-Йорк 2 - Чокнутый Пропеллер,1,0.5758441686630249,cnn_revised_20260919T110440Z,cnn_s2_15,val,Log-Mel CNN,0.12275417894124985,0.17832201719284058
seg_007714,sample_02670,Новый Нью-Йорк 2 - Чокнутый Пропеллер,1,0.2676466107368469,cnn_revised_20260919T110440Z,cnn_s2_15,val,Log-Mel CNN,0.12275417894124985,0.17832201719284058
seg_007715,sample_02670,Новый Нью-Йорк 2 - Чокнутый Пропеллер,1,0.19981689751148224,cnn_revised_20260919T110440Z,cnn_s2_15,val,Log-Mel CNN,0.12275417894124985,0.17832201719284058
seg_007737,sample_02678,CopperNickle - UncleBibby,1,0.3000355064868927,cnn_revised_20260919T110440Z,cnn_s2_15,val,Log-Mel CNN,0.12275417894124985,0.17832201719284058
seg_007738,sample_02678,CopperNickle - UncleBibby,1,0.1955239474773407,cnn_revised_20260919T110440Z,cnn_s2_15,val,Log-Mel CNN,0.12275417894124985,0.17832201719284058
seg_007739,sample_02678,CopperNickle - UncleBibby,1,0.9600013494491577,cnn_revised_20260919T110440Z,cnn_s2_15,val,Log-Mel CNN,0.12275417894124985,0.17832201719284058
seg_007743,sample_02680,Daylight Savings - My brother Daniel,1,0.8776652812957764,cnn_revised_20260919T110440Z,cnn_s2_15,val,Log-Mel CNN,0.12275417894124985,0.17832201719284058
seg_007744,sample_02680,Daylight Savings - My brother Daniel,1,0.5295321941375732,cnn_revised_20260919T110440Z,cnn_s2_15,val,Log-Mel CNN,0.12275417894124985,0.17832201719284058
seg_007745,sample_02680,Daylight Savings - My brother Daniel,1,0.8526344299316406,cnn_revised_20260919T110440Z,cnn_s2_15,val,Log-Mel CNN,0.12275417894124985,0.17832201719284058
seg_007770,sample_02689,mystery team 2090 - Jesse Futerman,1,0.6023631691932678,cnn_revised_20260919T110440Z,cnn_s2_15,val,Log-Mel CNN,0.12275417894124985,0.17832201719284058
seg_007771,sample_02689,mystery team 2090 - Jesse Futerman,1,0.08124669641256332,cnn_revised_20260919T110440Z,cnn_s2_15,val,Log-Mel CNN,0.12275417894124985,0.17832201719284058
seg_007772,sample_02689,mystery team 2090 - Jesse Futerman,1,0.9221394062042236,cnn_revised_20260919T110440Z,cnn_s2_15,val,Log-Mel CNN,0.12275417894124985,0.17832201719284058
seg_007773,sample_02690,Night Drive - Decktonic,1,0.4432368278503418,cnn_revised_20260919T110440Z,cnn_s2_15,val,Log-Mel CNN,0.12275417894124985,0.17832201719284058
seg_007774,sample_02690,Night Drive - Decktonic,1,0.5102028846740723,cnn_revised_20260919T110440Z,cnn_s2_15,val,Log-Mel CNN,0.12275417894124985,0.17832201719284058
seg_007775,sample_02690,Night Drive - Decktonic,1,0.9002799987792969,cnn_revised_20260919T110440Z,cnn_s2_15,val,Log-Mel CNN,0.12275417894124985,0.17832201719284058
seg_007854,sample_02717,Agora - Malaventura,1,0.7871619462966919,cnn_revised_20260919T110440Z,cnn_s2_15,val,Log-Mel CNN,0.12275417894124985,0.17832201719284058
seg_007855,sample_02717,Agora - Malaventura,1,0.12695983052253723,cnn_revised_20260919T110440Z,cnn_s2_15,val,Log-Mel CNN,0.12275417894124985,0.17832201719284058
seg_007856,sample_02717,Agora - Malaventura,1,0.9710668921470642,cnn_revised_20260919T110440Z,cnn_s2_15,val,Log-Mel CNN,0.12275417894124985,0.17832201719284058
seg_007878,sample_02725,Evil Cannot Create - Caleb Lemond,1,0.971924364566803,cnn_revised_20260919T110440Z,cnn_s2_15,val,Log-Mel CNN,0.12275417894124985,0.17832201719284058
seg_007879,sample_02725,Evil Cannot Create - Caleb Lemond,1,0.0404960997402668,cnn_revised_20260919T110440Z,cnn_s2_15,val,Log-Mel CNN,0.12275417894124985,0.17832201719284058
seg_007880,sample_02725,Evil Cannot Create - Caleb Lemond,1,0.942906379699707,cnn_revised_20260919T110440Z,cnn_s2_15,val,Log-Mel CNN,0.12275417894124985,0.17832201719284058
seg_007932,sample_02743,My Body Is A Weapon (Compromise Edit) - Silence is full of birds,1,0.5927655696868896,cnn_revised_20260919T110440Z,cnn_s2_15,val,Log-Mel CNN,0.12275417894124985,0.17832201719284058
seg_007933,sample_02743,My Body Is A Weapon (Compromise Edit) - Silence is full of birds,1,0.5880832672119141,cnn_revised_20260919T110440Z,cnn_s2_15,val,Log-Mel CNN,0.12275417894124985,0.17832201719284058
seg_007934,sample_02743,My Body Is A Weapon (Compromise Edit) - Silence is full of birds,1,0.7527065873146057,cnn_revised_20260919T110440Z,cnn_s2_15,val,Log-Mel CNN,0.12275417894124985,0.17832201719284058
seg_007938,sample_02745,New Life (take 1) - Bird Names,1,0.7638605833053589,cnn_revised_20260919T110440Z,cnn_s2_15,val,Log-Mel CNN,0.12275417894124985,0.17832201719284058
seg_007939,sample_02745,New Life (take 1) - Bird Names,1,0.649548351764679,cnn_revised_20260919T110440Z,cnn_s2_15,val,Log-Mel CNN,0.12275417894124985,0.17832201719284058
seg_007940,sample_02745,New Life (take 1) - Bird Names,1,0.9249693155288696,cnn_revised_20260919T110440Z,cnn_s2_15,val,Log-Mel CNN,0.12275417894124985,0.17832201719284058
seg_007941,sample_02746,Norweigian Wood II - Bird Names,1,0.7014549970626831,cnn_revised_20260919T110440Z,cnn_s2_15,val,Log-Mel CNN,0.12275417894124985,0.17832201719284058
seg_007942,sample_02746,Norweigian Wood II - Bird Names,1,0.2690146267414093,cnn_revised_20260919T110440Z,cnn_s2_15,val,Log-Mel CNN,0.12275417894124985,0.17832201719284058
seg_007943,sample_02746,Norweigian Wood II - Bird Names,1,0.946802020072937,cnn_revised_20260919T110440Z,cnn_s2_15,val,Log-Mel CNN,0.12275417894124985,0.17832201719284058
seg_007965,sample_02754,Roller Star - Monroeville Music Center,1,0.9554125070571899,cnn_revised_20260919T110440Z,cnn_s2_15,val,Log-Mel CNN,0.12275417894124985,0.17832201719284058
seg_007966,sample_02754,Roller Star - Monroeville Music Center,1,0.9568241238594055,cnn_revised_20260919T110440Z,cnn_s2_15,val,Log-Mel CNN,0.12275417894124985,0.17832201719284058
seg_007967,sample_02754,Roller Star - Monroeville Music Center,1,0.9932841062545776,cnn_revised_20260919T110440Z,cnn_s2_15,val,Log-Mel CNN,0.12275417894124985,0.17832201719284058
seg_007977,sample_02758,Soleares&beats - Malaventura,1,0.3208131790161133,cnn_revised_20260919T110440Z,cnn_s2_15,val,Log-Mel CNN,0.12275417894124985,0.17832201719284058
seg_007978,sample_02758,Soleares&beats - Malaventura,1,0.6274707913398743,cnn_revised_20260919T110440Z,cnn_s2_15,val,Log-Mel CNN,0.12275417894124985,0.17832201719284058
seg_007979,sample_02758,Soleares&beats - Malaventura,1,0.9702311754226685,cnn_revised_20260919T110440Z,cnn_s2_15,val,Log-Mel CNN,0.12275417894124985,0.17832201719284058
seg_007989,sample_02762,Stockholm Syndrome / People Should Be More Aware - Bird Names,1,0.7090473771095276,cnn_revised_20260919T110440Z,cnn_s2_15,val,Log-Mel CNN,0.12275417894124985,0.17832201719284058
seg_007990,sample_02762,Stockholm Syndrome / People Should Be More Aware - Bird Names,1,0.5925548076629639,cnn_revised_20260919T110440Z,cnn_s2_15,val,Log-Mel CNN,0.12275417894124985,0.17832201719284058
seg_007991,sample_02762,Stockholm Syndrome / People Should Be More Aware - Bird Names,1,0.982272744178772,cnn_revised_20260919T110440Z,cnn_s2_15,val,Log-Mel CNN,0.12275417894124985,0.17832201719284058
seg_008019,sample_02772,Time Is Love - Silence is full of birds,1,0.268189936876297,cnn_revised_20260919T110440Z,cnn_s2_15,val,Log-Mel CNN,0.12275417894124985,0.17832201719284058
seg_008020,sample_02772,Time Is Love - Silence is full of birds,1,0.04418052360415459,cnn_revised_20260919T110440Z,cnn_s2_15,val,Log-Mel CNN,0.12275417894124985,0.17832201719284058
seg_008021,sample_02772,Time Is Love - Silence is full of birds,1,0.8974236249923706,cnn_revised_20260919T110440Z,cnn_s2_15,val,Log-Mel CNN,0.12275417894124985,0.17832201719284058
seg_008043,sample_02780,2 (Wasn't There) - Isle of Pine,1,0.5630690455436707,cnn_revised_20260919T110440Z,cnn_s2_15,val,Log-Mel CNN,0.12275417894124985,0.17832201719284058
seg_008044,sample_02780,2 (Wasn't There) - Isle of Pine,1,0.7625002264976501,cnn_revised_20260919T110440Z,cnn_s2_15,val,Log-Mel CNN,0.12275417894124985,0.17832201719284058
seg_008045,sample_02780,2 (Wasn't There) - Isle of Pine,1,0.9392217993736267,cnn_revised_20260919T110440Z,cnn_s2_15,val,Log-Mel CNN,0.12275417894124985,0.17832201719284058
seg_008073,sample_02790,Beyond Luxury - Mors Ontologica,1,0.27150267362594604,cnn_revised_20260919T110440Z,cnn_s2_15,val,Log-Mel CNN,0.12275417894124985,0.17832201719284058
seg_008074,sample_02790,Beyond Luxury - Mors Ontologica,1,0.04314033314585686,cnn_revised_20260919T110440Z,cnn_s2_15,val,Log-Mel CNN,0.12275417894124985,0.17832201719284058
seg_008075,sample_02790,Beyond Luxury - Mors Ontologica,1,0.9602303504943848,cnn_revised_20260919T110440Z,cnn_s2_15,val,Log-Mel CNN,0.12275417894124985,0.17832201719284058
seg_008106,sample_02801,Empty Pockets - Pete Prodoehl,1,0.895316481590271,cnn_revised_20260919T110440Z,cnn_s2_15,val,Log-Mel CNN,0.12275417894124985,0.17832201719284058
seg_008107,sample_02801,Empty Pockets - Pete Prodoehl,1,0.8805177211761475,cnn_revised_20260919T110440Z,cnn_s2_15,val,Log-Mel CNN,0.12275417894124985,0.17832201719284058
seg_008108,sample_02801,Empty Pockets - Pete Prodoehl,1,0.9961386322975159,cnn_revised_20260919T110440Z,cnn_s2_15,val,Log-Mel CNN,0.12275417894124985,0.17832201719284058
seg_008121,sample_02806,Gila Monster Flop/Music History Lesson:The Sonics - The Crypts!,1,0.9252240061759949,cnn_revised_20260919T110440Z,cnn_s2_15,val,Log-Mel CNN,0.12275417894124985,0.17832201719284058
seg_008122,sample_02806,Gila Monster Flop/Music History Lesson:The Sonics - The Crypts!,1,0.05469810962677002,cnn_revised_20260919T110440Z,cnn_s2_15,val,Log-Mel CNN,0.12275417894124985,0.17832201719284058
seg_008123,sample_02806,Gila Monster Flop/Music History Lesson:The Sonics - The Crypts!,1,0.8712893128395081,cnn_revised_20260919T110440Z,cnn_s2_15,val,Log-Mel CNN,0.12275417894124985,0.17832201719284058
seg_008166,sample_02821,Lights Up - Pipe Choir,1,0.9072973132133484,cnn_revised_20260919T110440Z,cnn_s2_15,val,Log-Mel CNN,0.12275417894124985,0.17832201719284058
seg_008167,sample_02821,Lights Up - Pipe Choir,1,0.48406967520713806,cnn_revised_20260919T110440Z,cnn_s2_15,val,Log-Mel CNN,0.12275417894124985,0.17832201719284058
seg_008168,sample_02821,Lights Up - Pipe Choir,1,0.9759400486946106,cnn_revised_20260919T110440Z,cnn_s2_15,val,Log-Mel CNN,0.12275417894124985,0.17832201719284058
seg_008178,sample_02825,March of the GPA Mechanics - [t]ghost,1,0.6925045847892761,cnn_revised_20260919T110440Z,cnn_s2_15,val,Log-Mel CNN,0.12275417894124985,0.17832201719284058
seg_008179,sample_02825,March of the GPA Mechanics - [t]ghost,1,0.2979418933391571,cnn_revised_20260919T110440Z,cnn_s2_15,val,Log-Mel CNN,0.12275417894124985,0.17832201719284058
seg_008180,sample_02825,March of the GPA Mechanics - [t]ghost,1,0.9931013584136963,cnn_revised_20260919T110440Z,cnn_s2_15,val,Log-Mel CNN,0.12275417894124985,0.17832201719284058
seg_008205,sample_02834,Redlight - Room For A Ghost,1,0.28678494691848755,cnn_revised_20260919T110440Z,cnn_s2_15,val,Log-Mel CNN,0.12275417894124985,0.17832201719284058
seg_008206,sample_02834,Redlight - Room For A Ghost,1,0.9013558626174927,cnn_revised_20260919T110440Z,cnn_s2_15,val,Log-Mel CNN,0.12275417894124985,0.17832201719284058
seg_008207,sample_02834,Redlight - Room For A Ghost,1,0.9256005883216858,cnn_revised_20260919T110440Z,cnn_s2_15,val,Log-Mel CNN,0.12275417894124985,0.17832201719284058
seg_008217,sample_02838,Scramby Eggs - Andy G. Cohen,1,0.7445282340049744,cnn_revised_20260919T110440Z,cnn_s2_15,val,Log-Mel CNN,0.12275417894124985,0.17832201719284058
seg_008218,sample_02838,Scramby Eggs - Andy G. Cohen,1,0.9823580384254456,cnn_revised_20260919T110440Z,cnn_s2_15,val,Log-Mel CNN,0.12275417894124985,0.17832201719284058
seg_008219,sample_02838,Scramby Eggs - Andy G. Cohen,1,0.9892798066139221,cnn_revised_20260919T110440Z,cnn_s2_15,val,Log-Mel CNN,0.12275417894124985,0.17832201719284058
seg_008226,sample_02841,Shipwrecked Crew - Pete Prodoehl,1,0.07553250342607498,cnn_revised_20260919T110440Z,cnn_s2_15,val,Log-Mel CNN,0.12275417894124985,0.17832201719284058
seg_008227,sample_02841,Shipwrecked Crew - Pete Prodoehl,1,0.3404102325439453,cnn_revised_20260919T110440Z,cnn_s2_15,val,Log-Mel CNN,0.12275417894124985,0.17832201719284058
seg_008228,sample_02841,Shipwrecked Crew - Pete Prodoehl,1,0.8269760608673096,cnn_revised_20260919T110440Z,cnn_s2_15,val,Log-Mel CNN,0.12275417894124985,0.17832201719284058
seg_008244,sample_02847,В Наших Сердцах - Чокнутый Пропеллер,1,0.5096405744552612,cnn_revised_20260919T110440Z,cnn_s2_15,val,Log-Mel CNN,0.12275417894124985,0.17832201719284058
seg_008245,sample_02847,В Наших Сердцах - Чокнутый Пропеллер,1,0.19081927835941315,cnn_revised_20260919T110440Z,cnn_s2_15,val,Log-Mel CNN,0.12275417894124985,0.17832201719284058
seg_008246,sample_02847,В Наших Сердцах - Чокнутый Пропеллер,1,0.9339070320129395,cnn_revised_20260919T110440Z,cnn_s2_15,val,Log-Mel CNN,0.12275417894124985,0.17832201719284058
seg_008253,sample_02850,The girl just faded - Los Llamarada,1,0.7965751886367798,cnn_revised_20260919T110440Z,cnn_s2_15,val,Log-Mel CNN,0.12275417894124985,0.17832201719284058
seg_008254,sample_02850,The girl just faded - Los Llamarada,1,0.6209090948104858,cnn_revised_20260919T110440Z,cnn_s2_15,val,Log-Mel CNN,0.12275417894124985,0.17832201719284058
seg_008255,sample_02850,The girl just faded - Los Llamarada,1,0.9963488578796387,cnn_revised_20260919T110440Z,cnn_s2_15,val,Log-Mel CNN,0.12275417894124985,0.17832201719284058
seg_008265,sample_02854,Voxel - Andy G. Cohen,1,0.2388474941253662,cnn_revised_20260919T110440Z,cnn_s2_15,val,Log-Mel CNN,0.12275417894124985,0.17832201719284058
seg_008266,sample_02854,Voxel - Andy G. Cohen,1,0.28693875670433044,cnn_revised_20260919T110440Z,cnn_s2_15,val,Log-Mel CNN,0.12275417894124985,0.17832201719284058
seg_008267,sample_02854,Voxel - Andy G. Cohen,1,0.9184074401855469,cnn_revised_20260919T110440Z,cnn_s2_15,val,Log-Mel CNN,0.12275417894124985,0.17832201719284058
seg_008289,sample_02862,В Наших Сердцах - Чокнутый Пропеллер,1,0.22086475789546967,cnn_revised_20260919T110440Z,cnn_s2_15,val,Log-Mel CNN,0.12275417894124985,0.17832201719284058
seg_008290,sample_02862,В Наших Сердцах - Чокнутый Пропеллер,1,0.8137735724449158,cnn_revised_20260919T110440Z,cnn_s2_15,val,Log-Mel CNN,0.12275417894124985,0.17832201719284058
seg_008291,sample_02862,В Наших Сердцах - Чокнутый Пропеллер,1,0.961834192276001,cnn_revised_20260919T110440Z,cnn_s2_15,val,Log-Mel CNN,0.12275417894124985,0.17832201719284058
seg_008295,sample_02864,В Наших Сердцах - Чокнутый Пропеллер,1,0.4625861644744873,cnn_revised_20260919T110440Z,cnn_s2_15,val,Log-Mel CNN,0.12275417894124985,0.17832201719284058
seg_008296,sample_02864,В Наших Сердцах - Чокнутый Пропеллер,1,0.10957952588796616,cnn_revised_20260919T110440Z,cnn_s2_15,val,Log-Mel CNN,0.12275417894124985,0.17832201719284058
seg_008297,sample_02864,В Наших Сердцах - Чокнутый Пропеллер,1,0.5279240012168884,cnn_revised_20260919T110440Z,cnn_s2_15,val,Log-Mel CNN,0.12275417894124985,0.17832201719284058
seg_008304,sample_02867,2 (Wasn't There) - Isle of Pine,1,0.09511137008666992,cnn_revised_20260919T110440Z,cnn_s2_15,val,Log-Mel CNN,0.12275417894124985,0.17832201719284058
seg_008305,sample_02867,2 (Wasn't There) - Isle of Pine,1,0.003966728691011667,cnn_revised_20260919T110440Z,cnn_s2_15,val,Log-Mel CNN,0.12275417894124985,0.17832201719284058
seg_008306,sample_02867,2 (Wasn't There) - Isle of Pine,1,0.11545836180448532,cnn_revised_20260919T110440Z,cnn_s2_15,val,Log-Mel CNN,0.12275417894124985,0.17832201719284058
seg_008307,sample_02868,2 (Wasn't There) - Isle of Pine,1,0.4383303225040436,cnn_revised_20260919T110440Z,cnn_s2_15,val,Log-Mel CNN,0.12275417894124985,0.17832201719284058
seg_008308,sample_02868,2 (Wasn't There) - Isle of Pine,1,0.012191702611744404,cnn_revised_20260919T110440Z,cnn_s2_15,val,Log-Mel CNN,0.12275417894124985,0.17832201719284058
seg_008309,sample_02868,2 (Wasn't There) - Isle of Pine,1,0.8888480067253113,cnn_revised_20260919T110440Z,cnn_s2_15,val,Log-Mel CNN,0.12275417894124985,0.17832201719284058
seg_008400,sample_02899,CopperNickle - UncleBibby,1,0.9895909428596497,cnn_revised_20260919T110440Z,cnn_s2_15,val,Log-Mel CNN,0.12275417894124985,0.17832201719284058
seg_008401,sample_02899,CopperNickle - UncleBibby,1,0.04311453923583031,cnn_revised_20260919T110440Z,cnn_s2_15,val,Log-Mel CNN,0.12275417894124985,0.17832201719284058
seg_008402,sample_02899,CopperNickle - UncleBibby,1,0.5635040402412415,cnn_revised_20260919T110440Z,cnn_s2_15,val,Log-Mel CNN,0.12275417894124985,0.17832201719284058
seg_008403,sample_02900,CopperNickle - UncleBibby,1,0.016987459734082222,cnn_revised_20260919T110440Z,cnn_s2_15,val,Log-Mel CNN,0.12275417894124985,0.17832201719284058
seg_008404,sample_02900,CopperNickle - UncleBibby,1,0.44163742661476135,cnn_revised_20260919T110440Z,cnn_s2_15,val,Log-Mel CNN,0.12275417894124985,0.17832201719284058
seg_008405,sample_02900,CopperNickle - UncleBibby,1,0.7968905568122864,cnn_revised_20260919T110440Z,cnn_s2_15,val,Log-Mel CNN,0.12275417894124985,0.17832201719284058
seg_008418,sample_02905,Daylight Savings - My brother Daniel,1,0.29292458295822144,cnn_revised_20260919T110440Z,cnn_s2_15,val,Log-Mel CNN,0.12275417894124985,0.17832201719284058
seg_008419,sample_02905,Daylight Savings - My brother Daniel,1,0.17265677452087402,cnn_revised_20260919T110440Z,cnn_s2_15,val,Log-Mel CNN,0.12275417894124985,0.17832201719284058
seg_008420,sample_02905,Daylight Savings - My brother Daniel,1,0.34320369362831116,cnn_revised_20260919T110440Z,cnn_s2_15,val,Log-Mel CNN,0.12275417894124985,0.17832201719284058
seg_008421,sample_02906,Daylight Savings - My brother Daniel,1,0.012567011639475822,cnn_revised_20260919T110440Z,cnn_s2_15,val,Log-Mel CNN,0.12275417894124985,0.17832201719284058
seg_008422,sample_02906,Daylight Savings - My brother Daniel,1,0.09545208513736725,cnn_revised_20260919T110440Z,cnn_s2_15,val,Log-Mel CNN,0.12275417894124985,0.17832201719284058
seg_008423,sample_02906,Daylight Savings - My brother Daniel,1,0.7187096476554871,cnn_revised_20260919T110440Z,cnn_s2_15,val,Log-Mel CNN,0.12275417894124985,0.17832201719284058
seg_008448,sample_02915,Empty Pockets - Pete Prodoehl,1,0.9361040592193604,cnn_revised_20260919T110440Z,cnn_s2_15,val,Log-Mel CNN,0.12275417894124985,0.17832201719284058
seg_008449,sample_02915,Empty Pockets - Pete Prodoehl,1,0.6517923474311829,cnn_revised_20260919T110440Z,cnn_s2_15,val,Log-Mel CNN,0.12275417894124985,0.17832201719284058
seg_008450,sample_02915,Empty Pockets - Pete Prodoehl,1,0.14830860495567322,cnn_revised_20260919T110440Z,cnn_s2_15,val,Log-Mel CNN,0.12275417894124985,0.17832201719284058
seg_008451,sample_02916,Empty Pockets - Pete Prodoehl,1,0.47501757740974426,cnn_revised_20260919T110440Z,cnn_s2_15,val,Log-Mel CNN,0.12275417894124985,0.17832201719284058
seg_008452,sample_02916,Empty Pockets - Pete Prodoehl,1,0.0664147138595581,cnn_revised_20260919T110440Z,cnn_s2_15,val,Log-Mel CNN,0.12275417894124985,0.17832201719284058
seg_008453,sample_02916,Empty Pockets - Pete Prodoehl,1,0.8810104727745056,cnn_revised_20260919T110440Z,cnn_s2_15,val,Log-Mel CNN,0.12275417894124985,0.17832201719284058
seg_008460,sample_02919,Evil Cannot Create - Caleb Lemond,1,0.9438920021057129,cnn_revised_20260919T110440Z,cnn_s2_15,val,Log-Mel CNN,0.12275417894124985,0.17832201719284058
seg_008461,sample_02919,Evil Cannot Create - Caleb Lemond,1,0.6897425651550293,cnn_revised_20260919T110440Z,cnn_s2_15,val,Log-Mel CNN,0.12275417894124985,0.17832201719284058
seg_008462,sample_02919,Evil Cannot Create - Caleb Lemond,1,0.8059481978416443,cnn_revised_20260919T110440Z,cnn_s2_15,val,Log-Mel CNN,0.12275417894124985,0.17832201719284058
seg_008463,sample_02920,Evil Cannot Create - Caleb Lemond,1,0.7965900897979736,cnn_revised_20260919T110440Z,cnn_s2_15,val,Log-Mel CNN,0.12275417894124985,0.17832201719284058
seg_008464,sample_02920,Evil Cannot Create - Caleb Lemond,1,0.5048607587814331,cnn_revised_20260919T110440Z,cnn_s2_15,val,Log-Mel CNN,0.12275417894124985,0.17832201719284058
seg_008465,sample_02920,Evil Cannot Create - Caleb Lemond,1,0.36710262298583984,cnn_revised_20260919T110440Z,cnn_s2_15,val,Log-Mel CNN,0.12275417894124985,0.17832201719284058
seg_008502,sample_02933,Gila Monster Flop/Music History Lesson:The Sonics - The Crypts!,1,0.09157279878854752,cnn_revised_20260919T110440Z,cnn_s2_15,val,Log-Mel CNN,0.12275417894124985,0.17832201719284058
seg_008503,sample_02933,Gila Monster Flop/Music History Lesson:The Sonics - The Crypts!,1,0.35826024413108826,cnn_revised_20260919T110440Z,cnn_s2_15,val,Log-Mel CNN,0.12275417894124985,0.17832201719284058
seg_008504,sample_02933,Gila Monster Flop/Music History Lesson:The Sonics - The Crypts!,1,0.2604036331176758,cnn_revised_20260919T110440Z,cnn_s2_15,val,Log-Mel CNN,0.12275417894124985,0.17832201719284058
seg_008505,sample_02934,Gila Monster Flop/Music History Lesson:The Sonics - The Crypts!,1,0.005860332399606705,cnn_revised_20260919T110440Z,cnn_s2_15,val,Log-Mel CNN,0.12275417894124985,0.17832201719284058
seg_008506,sample_02934,Gila Monster Flop/Music History Lesson:The Sonics - The Crypts!,1,0.015814976766705513,cnn_revised_20260919T110440Z,cnn_s2_15,val,Log-Mel CNN,0.12275417894124985,0.17832201719284058
seg_008507,sample_02934,Gila Monster Flop/Music History Lesson:The Sonics - The Crypts!,1,0.07444602251052856,cnn_revised_20260919T110440Z,cnn_s2_15,val,Log-Mel CNN,0.12275417894124985,0.17832201719284058
seg_008538,sample_02945,I Fell - Mod Fun,1,0.03937534987926483,cnn_revised_20260919T110440Z,cnn_s2_15,val,Log-Mel CNN,0.12275417894124985,0.17832201719284058
seg_008539,sample_02945,I Fell - Mod Fun,1,0.024288197979331017,cnn_revised_20260919T110440Z,cnn_s2_15,val,Log-Mel CNN,0.12275417894124985,0.17832201719284058
seg_008540,sample_02945,I Fell - Mod Fun,1,0.36658427119255066,cnn_revised_20260919T110440Z,cnn_s2_15,val,Log-Mel CNN,0.12275417894124985,0.17832201719284058
seg_008541,sample_02946,I Fell - Mod Fun,1,0.02258945256471634,cnn_revised_20260919T110440Z,cnn_s2_15,val,Log-Mel CNN,0.12275417894124985,0.17832201719284058
seg_008542,sample_02946,I Fell - Mod Fun,1,0.15862897038459778,cnn_revised_20260919T110440Z,cnn_s2_15,val,Log-Mel CNN,0.12275417894124985,0.17832201719284058
seg_008543,sample_02946,I Fell - Mod Fun,1,0.4421803951263428,cnn_revised_20260919T110440Z,cnn_s2_15,val,Log-Mel CNN,0.12275417894124985,0.17832201719284058
seg_008652,sample_02983,March of the GPA Mechanics - [t]ghost,1,0.002951819682493806,cnn_revised_20260919T110440Z,cnn_s2_15,val,Log-Mel CNN,0.12275417894124985,0.17832201719284058
seg_008653,sample_02983,March of the GPA Mechanics - [t]ghost,1,0.2664911448955536,cnn_revised_20260919T110440Z,cnn_s2_15,val,Log-Mel CNN,0.12275417894124985,0.17832201719284058
seg_008654,sample_02983,March of the GPA Mechanics - [t]ghost,1,0.7762104272842407,cnn_revised_20260919T110440Z,cnn_s2_15,val,Log-Mel CNN,0.12275417894124985,0.17832201719284058
seg_008655,sample_02984,March of the GPA Mechanics - [t]ghost,1,0.0021762498654425144,cnn_revised_20260919T110440Z,cnn_s2_15,val,Log-Mel CNN,0.12275417894124985,0.17832201719284058
seg_008656,sample_02984,March of the GPA Mechanics - [t]ghost,1,0.07092518359422684,cnn_revised_20260919T110440Z,cnn_s2_15,val,Log-Mel CNN,0.12275417894124985,0.17832201719284058
seg_008657,sample_02984,March of the GPA Mechanics - [t]ghost,1,0.7147588133811951,cnn_revised_20260919T110440Z,cnn_s2_15,val,Log-Mel CNN,0.12275417894124985,0.17832201719284058
seg_008700,sample_02999,New Life (take 1) - Bird Names,1,0.23534922301769257,cnn_revised_20260919T110440Z,cnn_s2_15,val,Log-Mel CNN,0.12275417894124985,0.17832201719284058
seg_008701,sample_02999,New Life (take 1) - Bird Names,1,0.17259162664413452,cnn_revised_20260919T110440Z,cnn_s2_15,val,Log-Mel CNN,0.12275417894124985,0.17832201719284058
seg_008702,sample_02999,New Life (take 1) - Bird Names,1,0.6193559169769287,cnn_revised_20260919T110440Z,cnn_s2_15,val,Log-Mel CNN,0.12275417894124985,0.17832201719284058
seg_008703,sample_03000,New Life (take 1) - Bird Names,1,0.5844995379447937,cnn_revised_20260919T110440Z,cnn_s2_15,val,Log-Mel CNN,0.12275417894124985,0.17832201719284058
seg_008704,sample_03000,New Life (take 1) - Bird Names,1,0.1677948385477066,cnn_revised_20260919T110440Z,cnn_s2_15,val,Log-Mel CNN,0.12275417894124985,0.17832201719284058
seg_008705,sample_03000,New Life (take 1) - Bird Names,1,0.815558671951294,cnn_revised_20260919T110440Z,cnn_s2_15,val,Log-Mel CNN,0.12275417894124985,0.17832201719284058
seg_008706,sample_03001,Night Drive - Decktonic,1,0.5897254943847656,cnn_revised_20260919T110440Z,cnn_s2_15,val,Log-Mel CNN,0.12275417894124985,0.17832201719284058
seg_008707,sample_03001,Night Drive - Decktonic,1,0.9787697792053223,cnn_revised_20260919T110440Z,cnn_s2_15,val,Log-Mel CNN,0.12275417894124985,0.17832201719284058
seg_008708,sample_03001,Night Drive - Decktonic,1,0.344709575176239,cnn_revised_20260919T110440Z,cnn_s2_15,val,Log-Mel CNN,0.12275417894124985,0.17832201719284058
seg_008709,sample_03002,Night Drive - Decktonic,1,0.6756123304367065,cnn_revised_20260919T110440Z,cnn_s2_15,val,Log-Mel CNN,0.12275417894124985,0.17832201719284058
seg_008710,sample_03002,Night Drive - Decktonic,1,0.7967485189437866,cnn_revised_20260919T110440Z,cnn_s2_15,val,Log-Mel CNN,0.12275417894124985,0.17832201719284058
seg_008711,sample_03002,Night Drive - Decktonic,1,0.930397093296051,cnn_revised_20260919T110440Z,cnn_s2_15,val,Log-Mel CNN,0.12275417894124985,0.17832201719284058
seg_008724,sample_03007,Norweigian Wood II - Bird Names,1,0.3376888036727905,cnn_revised_20260919T110440Z,cnn_s2_15,val,Log-Mel CNN,0.12275417894124985,0.17832201719284058
seg_008725,sample_03007,Norweigian Wood II - Bird Names,1,0.23371627926826477,cnn_revised_20260919T110440Z,cnn_s2_15,val,Log-Mel CNN,0.12275417894124985,0.17832201719284058
seg_008726,sample_03007,Norweigian Wood II - Bird Names,1,0.9601077437400818,cnn_revised_20260919T110440Z,cnn_s2_15,val,Log-Mel CNN,0.12275417894124985,0.17832201719284058
seg_008727,sample_03008,Norweigian Wood II - Bird Names,1,0.4141406714916229,cnn_revised_20260919T110440Z,cnn_s2_15,val,Log-Mel CNN,0.12275417894124985,0.17832201719284058
seg_008728,sample_03008,Norweigian Wood II - Bird Names,1,0.43261924386024475,cnn_revised_20260919T110440Z,cnn_s2_15,val,Log-Mel CNN,0.12275417894124985,0.17832201719284058
seg_008729,sample_03008,Norweigian Wood II - Bird Names,1,0.6999124884605408,cnn_revised_20260919T110440Z,cnn_s2_15,val,Log-Mel CNN,0.12275417894124985,0.17832201719284058
seg_008736,sample_03011,Nuo Maisemat - Paavoharju,1,0.052995335310697556,cnn_revised_20260919T110440Z,cnn_s2_15,val,Log-Mel CNN,0.12275417894124985,0.17832201719284058
seg_008737,sample_03011,Nuo Maisemat - Paavoharju,1,0.08808507770299911,cnn_revised_20260919T110440Z,cnn_s2_15,val,Log-Mel CNN,0.12275417894124985,0.17832201719284058
seg_008738,sample_03011,Nuo Maisemat - Paavoharju,1,0.571158766746521,cnn_revised_20260919T110440Z,cnn_s2_15,val,Log-Mel CNN,0.12275417894124985,0.17832201719284058
seg_008739,sample_03012,Nuo Maisemat - Paavoharju,1,0.8049204349517822,cnn_revised_20260919T110440Z,cnn_s2_15,val,Log-Mel CNN,0.12275417894124985,0.17832201719284058
seg_008740,sample_03012,Nuo Maisemat - Paavoharju,1,0.309787392616272,cnn_revised_20260919T110440Z,cnn_s2_15,val,Log-Mel CNN,0.12275417894124985,0.17832201719284058
seg_008741,sample_03012,Nuo Maisemat - Paavoharju,1,0.09745153039693832,cnn_revised_20260919T110440Z,cnn_s2_15,val,Log-Mel CNN,0.12275417894124985,0.17832201719284058
seg_008844,sample_03047,Roller Star - Monroeville Music Center,1,0.23276260495185852,cnn_revised_20260919T110440Z,cnn_s2_15,val,Log-Mel CNN,0.12275417894124985,0.17832201719284058
seg_008845,sample_03047,Roller Star - Monroeville Music Center,1,0.05774642527103424,cnn_revised_20260919T110440Z,cnn_s2_15,val,Log-Mel CNN,0.12275417894124985,0.17832201719284058
seg_008846,sample_03047,Roller Star - Monroeville Music Center,1,0.870468020439148,cnn_revised_20260919T110440Z,cnn_s2_15,val,Log-Mel CNN,0.12275417894124985,0.17832201719284058
seg_008847,sample_03048,Roller Star - Monroeville Music Center,1,0.27021393179893494,cnn_revised_20260919T110440Z,cnn_s2_15,val,Log-Mel CNN,0.12275417894124985,0.17832201719284058
seg_008848,sample_03048,Roller Star - Monroeville Music Center,1,0.13270017504692078,cnn_revised_20260919T110440Z,cnn_s2_15,val,Log-Mel CNN,0.12275417894124985,0.17832201719284058
seg_008849,sample_03048,Roller Star - Monroeville Music Center,1,0.7542775869369507,cnn_revised_20260919T110440Z,cnn_s2_15,val,Log-Mel CNN,0.12275417894124985,0.17832201719284058
seg_008850,sample_03049,"Roundtrip - Oh Yeah, the Future",1,0.9402124881744385,cnn_revised_20260919T110440Z,cnn_s2_15,val,Log-Mel CNN,0.12275417894124985,0.17832201719284058
seg_008851,sample_03049,"Roundtrip - Oh Yeah, the Future",1,0.22371666133403778,cnn_revised_20260919T110440Z,cnn_s2_15,val,Log-Mel CNN,0.12275417894124985,0.17832201719284058
seg_008852,sample_03049,"Roundtrip - Oh Yeah, the Future",1,0.8528699278831482,cnn_revised_20260919T110440Z,cnn_s2_15,val,Log-Mel CNN,0.12275417894124985,0.17832201719284058
seg_008853,sample_03050,"Roundtrip - Oh Yeah, the Future",1,0.47581321001052856,cnn_revised_20260919T110440Z,cnn_s2_15,val,Log-Mel CNN,0.12275417894124985,0.17832201719284058
seg_008854,sample_03050,"Roundtrip - Oh Yeah, the Future",1,0.06818373501300812,cnn_revised_20260919T110440Z,cnn_s2_15,val,Log-Mel CNN,0.12275417894124985,0.17832201719284058
seg_008855,sample_03050,"Roundtrip - Oh Yeah, the Future",1,0.9661729335784912,cnn_revised_20260919T110440Z,cnn_s2_15,val,Log-Mel CNN,0.12275417894124985,0.17832201719284058
seg_008862,sample_03053,SD (Ill Mix) - H-LR,1,0.09404831379652023,cnn_revised_20260919T110440Z,cnn_s2_15,val,Log-Mel CNN,0.12275417894124985,0.17832201719284058
seg_008863,sample_03053,SD (Ill Mix) - H-LR,1,0.11298833042383194,cnn_revised_20260919T110440Z,cnn_s2_15,val,Log-Mel CNN,0.12275417894124985,0.17832201719284058
seg_008864,sample_03053,SD (Ill Mix) - H-LR,1,0.9726927280426025,cnn_revised_20260919T110440Z,cnn_s2_15,val,Log-Mel CNN,0.12275417894124985,0.17832201719284058
seg_008865,sample_03054,SD (Ill Mix) - H-LR,1,0.2265900820493698,cnn_revised_20260919T110440Z,cnn_s2_15,val,Log-Mel CNN,0.12275417894124985,0.17832201719284058
seg_008866,sample_03054,SD (Ill Mix) - H-LR,1,0.09390118718147278,cnn_revised_20260919T110440Z,cnn_s2_15,val,Log-Mel CNN,0.12275417894124985,0.17832201719284058
seg_008867,sample_03054,SD (Ill Mix) - H-LR,1,0.8988946676254272,cnn_revised_20260919T110440Z,cnn_s2_15,val,Log-Mel CNN,0.12275417894124985,0.17832201719284058
seg_008868,sample_03055,Scramby Eggs - Andy G. Cohen,1,0.01125443633645773,cnn_revised_20260919T110440Z,cnn_s2_15,val,Log-Mel CNN,0.12275417894124985,0.17832201719284058
seg_008869,sample_03055,Scramby Eggs - Andy G. Cohen,1,0.017068982124328613,cnn_revised_20260919T110440Z,cnn_s2_15,val,Log-Mel CNN,0.12275417894124985,0.17832201719284058
seg_008870,sample_03055,Scramby Eggs - Andy G. Cohen,1,0.039696093648672104,cnn_revised_20260919T110440Z,cnn_s2_15,val,Log-Mel CNN,0.12275417894124985,0.17832201719284058
seg_008871,sample_03056,Scramby Eggs - Andy G. Cohen,1,0.015367303043603897,cnn_revised_20260919T110440Z,cnn_s2_15,val,Log-Mel CNN,0.12275417894124985,0.17832201719284058
seg_008872,sample_03056,Scramby Eggs - Andy G. Cohen,1,0.27261096239089966,cnn_revised_20260919T110440Z,cnn_s2_15,val,Log-Mel CNN,0.12275417894124985,0.17832201719284058
seg_008873,sample_03056,Scramby Eggs - Andy G. Cohen,1,0.10888002067804337,cnn_revised_20260919T110440Z,cnn_s2_15,val,Log-Mel CNN,0.12275417894124985,0.17832201719284058
seg_008910,sample_03069,Soleares&beats - Malaventura,1,0.2520582973957062,cnn_revised_20260919T110440Z,cnn_s2_15,val,Log-Mel CNN,0.12275417894124985,0.17832201719284058
seg_008911,sample_03069,Soleares&beats - Malaventura,1,0.17098328471183777,cnn_revised_20260919T110440Z,cnn_s2_15,val,Log-Mel CNN,0.12275417894124985,0.17832201719284058
seg_008912,sample_03069,Soleares&beats - Malaventura,1,0.881351113319397,cnn_revised_20260919T110440Z,cnn_s2_15,val,Log-Mel CNN,0.12275417894124985,0.17832201719284058
seg_008913,sample_03070,Soleares&beats - Malaventura,1,0.5493740439414978,cnn_revised_20260919T110440Z,cnn_s2_15,val,Log-Mel CNN,0.12275417894124985,0.17832201719284058
seg_008914,sample_03070,Soleares&beats - Malaventura,1,0.29879796504974365,cnn_revised_20260919T110440Z,cnn_s2_15,val,Log-Mel CNN,0.12275417894124985,0.17832201719284058
seg_008915,sample_03070,Soleares&beats - Malaventura,1,0.7361279726028442,cnn_revised_20260919T110440Z,cnn_s2_15,val,Log-Mel CNN,0.12275417894124985,0.17832201719284058
seg_008934,sample_03077,Stockholm Syndrome / People Should Be More Aware - Bird Names,1,0.9410245418548584,cnn_revised_20260919T110440Z,cnn_s2_15,val,Log-Mel CNN,0.12275417894124985,0.17832201719284058
seg_008935,sample_03077,Stockholm Syndrome / People Should Be More Aware - Bird Names,1,0.9999289512634277,cnn_revised_20260919T110440Z,cnn_s2_15,val,Log-Mel CNN,0.12275417894124985,0.17832201719284058
seg_008936,sample_03077,Stockholm Syndrome / People Should Be More Aware - Bird Names,1,0.8961808681488037,cnn_revised_20260919T110440Z,cnn_s2_15,val,Log-Mel CNN,0.12275417894124985,0.17832201719284058
seg_008937,sample_03078,Stockholm Syndrome / People Should Be More Aware - Bird Names,1,0.0011833417229354382,cnn_revised_20260919T110440Z,cnn_s2_15,val,Log-Mel CNN,0.12275417894124985,0.17832201719284058
seg_008938,sample_03078,Stockholm Syndrome / People Should Be More Aware - Bird Names,1,0.038020405918359756,cnn_revised_20260919T110440Z,cnn_s2_15,val,Log-Mel CNN,0.12275417894124985,0.17832201719284058
seg_008939,sample_03078,Stockholm Syndrome / People Should Be More Aware - Bird Names,1,0.1375746876001358,cnn_revised_20260919T110440Z,cnn_s2_15,val,Log-Mel CNN,0.12275417894124985,0.17832201719284058
seg_009030,sample_03109,The girl just faded - Los Llamarada,1,0.6580295562744141,cnn_revised_20260919T110440Z,cnn_s2_15,val,Log-Mel CNN,0.12275417894124985,0.17832201719284058
seg_009031,sample_03109,The girl just faded - Los Llamarada,1,0.0035606306046247482,cnn_revised_20260919T110440Z,cnn_s2_15,val,Log-Mel CNN,0.12275417894124985,0.17832201719284058
seg_009032,sample_03109,The girl just faded - Los Llamarada,1,0.5646405816078186,cnn_revised_20260919T110440Z,cnn_s2_15,val,Log-Mel CNN,0.12275417894124985,0.17832201719284058
seg_009033,sample_03110,The girl just faded - Los Llamarada,1,0.07266111671924591,cnn_revised_20260919T110440Z,cnn_s2_15,val,Log-Mel CNN,0.12275417894124985,0.17832201719284058
seg_009034,sample_03110,The girl just faded - Los Llamarada,1,0.011447662487626076,cnn_revised_20260919T110440Z,cnn_s2_15,val,Log-Mel CNN,0.12275417894124985,0.17832201719284058
seg_009035,sample_03110,The girl just faded - Los Llamarada,1,0.5263903737068176,cnn_revised_20260919T110440Z,cnn_s2_15,val,Log-Mel CNN,0.12275417894124985,0.17832201719284058
seg_009042,sample_03113,Time Is Love - Silence is full of birds,1,0.07052060961723328,cnn_revised_20260919T110440Z,cnn_s2_15,val,Log-Mel CNN,0.12275417894124985,0.17832201719284058
seg_009043,sample_03113,Time Is Love - Silence is full of birds,1,0.07752675563097,cnn_revised_20260919T110440Z,cnn_s2_15,val,Log-Mel CNN,0.12275417894124985,0.17832201719284058
seg_009044,sample_03113,Time Is Love - Silence is full of birds,1,0.9157274961471558,cnn_revised_20260919T110440Z,cnn_s2_15,val,Log-Mel CNN,0.12275417894124985,0.17832201719284058
seg_009045,sample_03114,Time Is Love - Silence is full of birds,1,0.9261396527290344,cnn_revised_20260919T110440Z,cnn_s2_15,val,Log-Mel CNN,0.12275417894124985,0.17832201719284058
seg_009046,sample_03114,Time Is Love - Silence is full of birds,1,0.2348528653383255,cnn_revised_20260919T110440Z,cnn_s2_15,val,Log-Mel CNN,0.12275417894124985,0.17832201719284058
seg_009047,sample_03114,Time Is Love - Silence is full of birds,1,0.3428763747215271,cnn_revised_20260919T110440Z,cnn_s2_15,val,Log-Mel CNN,0.12275417894124985,0.17832201719284058
seg_009078,sample_03125,Voxel - Andy G. Cohen,1,0.035077206790447235,cnn_revised_20260919T110440Z,cnn_s2_15,val,Log-Mel CNN,0.12275417894124985,0.17832201719284058
seg_009079,sample_03125,Voxel - Andy G. Cohen,1,0.019310830160975456,cnn_revised_20260919T110440Z,cnn_s2_15,val,Log-Mel CNN,0.12275417894124985,0.17832201719284058
seg_009080,sample_03125,Voxel - Andy G. Cohen,1,0.3708820044994354,cnn_revised_20260919T110440Z,cnn_s2_15,val,Log-Mel CNN,0.12275417894124985,0.17832201719284058
seg_009081,sample_03126,Voxel - Andy G. Cohen,1,0.1768244057893753,cnn_revised_20260919T110440Z,cnn_s2_15,val,Log-Mel CNN,0.12275417894124985,0.17832201719284058
seg_009082,sample_03126,Voxel - Andy G. Cohen,1,0.11172453314065933,cnn_revised_20260919T110440Z,cnn_s2_15,val,Log-Mel CNN,0.12275417894124985,0.17832201719284058
seg_009083,sample_03126,Voxel - Andy G. Cohen,1,0.45610755681991577,cnn_revised_20260919T110440Z,cnn_s2_15,val,Log-Mel CNN,0.12275417894124985,0.17832201719284058
seg_009114,sample_03137,Windows of the Skull - Sarin,1,0.8197953104972839,cnn_revised_20260919T110440Z,cnn_s2_15,val,Log-Mel CNN,0.12275417894124985,0.17832201719284058
seg_009115,sample_03137,Windows of the Skull - Sarin,1,0.1523384302854538,cnn_revised_20260919T110440Z,cnn_s2_15,val,Log-Mel CNN,0.12275417894124985,0.17832201719284058
seg_009116,sample_03137,Windows of the Skull - Sarin,1,0.9526454210281372,cnn_revised_20260919T110440Z,cnn_s2_15,val,Log-Mel CNN,0.12275417894124985,0.17832201719284058
seg_009117,sample_03138,Windows of the Skull - Sarin,1,0.34326139092445374,cnn_revised_20260919T110440Z,cnn_s2_15,val,Log-Mel CNN,0.12275417894124985,0.17832201719284058
seg_009118,sample_03138,Windows of the Skull - Sarin,1,0.07725150138139725,cnn_revised_20260919T110440Z,cnn_s2_15,val,Log-Mel CNN,0.12275417894124985,0.17832201719284058
seg_009119,sample_03138,Windows of the Skull - Sarin,1,0.5844433903694153,cnn_revised_20260919T110440Z,cnn_s2_15,val,Log-Mel CNN,0.12275417894124985,0.17832201719284058
seg_009168,sample_03155,mystery team 2090 - Jesse Futerman,1,0.7365107536315918,cnn_revised_20260919T110440Z,cnn_s2_15,val,Log-Mel CNN,0.12275417894124985,0.17832201719284058
seg_009169,sample_03155,mystery team 2090 - Jesse Futerman,1,0.31822872161865234,cnn_revised_20260919T110440Z,cnn_s2_15,val,Log-Mel CNN,0.12275417894124985,0.17832201719284058
seg_009170,sample_03155,mystery team 2090 - Jesse Futerman,1,0.9112012386322021,cnn_revised_20260919T110440Z,cnn_s2_15,val,Log-Mel CNN,0.12275417894124985,0.17832201719284058
seg_009171,sample_03156,mystery team 2090 - Jesse Futerman,1,0.10806635022163391,cnn_revised_20260919T110440Z,cnn_s2_15,val,Log-Mel CNN,0.12275417894124985,0.17832201719284058
seg_009172,sample_03156,mystery team 2090 - Jesse Futerman,1,0.5322818756103516,cnn_revised_20260919T110440Z,cnn_s2_15,val,Log-Mel CNN,0.12275417894124985,0.17832201719284058
seg_009173,sample_03156,mystery team 2090 - Jesse Futerman,1,0.38798844814300537,cnn_revised_20260919T110440Z,cnn_s2_15,val,Log-Mel CNN,0.12275417894124985,0.17832201719284058
seg_009192,sample_03163,Новый Нью-Йорк 2 - Чокнутый Пропеллер,1,0.02491394430398941,cnn_revised_20260919T110440Z,cnn_s2_15,val,Log-Mel CNN,0.12275417894124985,0.17832201719284058
seg_009193,sample_03163,Новый Нью-Йорк 2 - Чокнутый Пропеллер,1,0.10509490221738815,cnn_revised_20260919T110440Z,cnn_s2_15,val,Log-Mel CNN,0.12275417894124985,0.17832201719284058
seg_009194,sample_03163,Новый Нью-Йорк 2 - Чокнутый Пропеллер,1,0.1437215805053711,cnn_revised_20260919T110440Z,cnn_s2_15,val,Log-Mel CNN,0.12275417894124985,0.17832201719284058
seg_009195,sample_03164,Новый Нью-Йорк 2 - Чокнутый Пропеллер,1,0.1059054285287857,cnn_revised_20260919T110440Z,cnn_s2_15,val,Log-Mel CNN,0.12275417894124985,0.17832201719284058
seg_009196,sample_03164,Новый Нью-Йорк 2 - Чокнутый Пропеллер,1,0.1708730310201645,cnn_revised_20260919T110440Z,cnn_s2_15,val,Log-Mel CNN,0.12275417894124985,0.17832201719284058
seg_009197,sample_03164,Новый Нью-Йорк 2 - Чокнутый Пропеллер,1,0.5120035409927368,cnn_revised_20260919T110440Z,cnn_s2_15,val,Log-Mel CNN,0.12275417894124985,0.17832201719284058
seg_009207,sample_03168,2 (Wasn't There) - Isle of Pine,1,0.41875800490379333,cnn_revised_20260919T110440Z,cnn_s2_15,val,Log-Mel CNN,0.12275417894124985,0.17832201719284058
seg_009208,sample_03168,2 (Wasn't There) - Isle of Pine,1,0.043907199054956436,cnn_revised_20260919T110440Z,cnn_s2_15,val,Log-Mel CNN,0.12275417894124985,0.17832201719284058
seg_009209,sample_03168,2 (Wasn't There) - Isle of Pine,1,0.5031602382659912,cnn_revised_20260919T110440Z,cnn_s2_15,val,Log-Mel CNN,0.12275417894124985,0.17832201719284058
seg_009228,sample_03175,Agora - Malaventura,1,0.20262596011161804,cnn_revised_20260919T110440Z,cnn_s2_15,val,Log-Mel CNN,0.12275417894124985,0.17832201719284058
seg_009229,sample_03175,Agora - Malaventura,1,0.8965732455253601,cnn_revised_20260919T110440Z,cnn_s2_15,val,Log-Mel CNN,0.12275417894124985,0.17832201719284058
seg_009230,sample_03175,Agora - Malaventura,1,0.9439241886138916,cnn_revised_20260919T110440Z,cnn_s2_15,val,Log-Mel CNN,0.12275417894124985,0.17832201719284058
seg_009279,sample_03192,Beyond Luxury - Mors Ontologica,1,0.09240061789751053,cnn_revised_20260919T110440Z,cnn_s2_15,val,Log-Mel CNN,0.12275417894124985,0.17832201719284058
seg_009280,sample_03192,Beyond Luxury - Mors Ontologica,1,0.14937907457351685,cnn_revised_20260919T110440Z,cnn_s2_15,val,Log-Mel CNN,0.12275417894124985,0.17832201719284058
seg_009281,sample_03192,Beyond Luxury - Mors Ontologica,1,0.9404215216636658,cnn_revised_20260919T110440Z,cnn_s2_15,val,Log-Mel CNN,0.12275417894124985,0.17832201719284058
seg_009324,sample_03207,CopperNickle - UncleBibby,1,0.12970569729804993,cnn_revised_20260919T110440Z,cnn_s2_15,val,Log-Mel CNN,0.12275417894124985,0.17832201719284058
seg_009325,sample_03207,CopperNickle - UncleBibby,1,0.8636723756790161,cnn_revised_20260919T110440Z,cnn_s2_15,val,Log-Mel CNN,0.12275417894124985,0.17832201719284058
seg_009326,sample_03207,CopperNickle - UncleBibby,1,0.9635769724845886,cnn_revised_20260919T110440Z,cnn_s2_15,val,Log-Mel CNN,0.12275417894124985,0.17832201719284058
seg_009339,sample_03212,Daylight Savings - My brother Daniel,1,0.8248975276947021,cnn_revised_20260919T110440Z,cnn_s2_15,val,Log-Mel CNN,0.12275417894124985,0.17832201719284058
seg_009340,sample_03212,Daylight Savings - My brother Daniel,1,0.24524341523647308,cnn_revised_20260919T110440Z,cnn_s2_15,val,Log-Mel CNN,0.12275417894124985,0.17832201719284058
seg_009341,sample_03212,Daylight Savings - My brother Daniel,1,0.4515467584133148,cnn_revised_20260919T110440Z,cnn_s2_15,val,Log-Mel CNN,0.12275417894124985,0.17832201719284058
seg_009375,sample_03224,Empty Pockets - Pete Prodoehl,1,0.6548678278923035,cnn_revised_20260919T110440Z,cnn_s2_15,val,Log-Mel CNN,0.12275417894124985,0.17832201719284058
seg_009376,sample_03224,Empty Pockets - Pete Prodoehl,1,0.5427150130271912,cnn_revised_20260919T110440Z,cnn_s2_15,val,Log-Mel CNN,0.12275417894124985,0.17832201719284058
seg_009377,sample_03224,Empty Pockets - Pete Prodoehl,1,0.71892911195755,cnn_revised_20260919T110440Z,cnn_s2_15,val,Log-Mel CNN,0.12275417894124985,0.17832201719284058
seg_009393,sample_03230,Evil Cannot Create - Caleb Lemond,1,0.9105828404426575,cnn_revised_20260919T110440Z,cnn_s2_15,val,Log-Mel CNN,0.12275417894124985,0.17832201719284058
seg_009394,sample_03230,Evil Cannot Create - Caleb Lemond,1,0.9080851078033447,cnn_revised_20260919T110440Z,cnn_s2_15,val,Log-Mel CNN,0.12275417894124985,0.17832201719284058
seg_009395,sample_03230,Evil Cannot Create - Caleb Lemond,1,0.9181203842163086,cnn_revised_20260919T110440Z,cnn_s2_15,val,Log-Mel CNN,0.12275417894124985,0.17832201719284058
seg_009399,sample_03232,Fear - Los Fancy Free,1,0.822163462638855,cnn_revised_20260919T110440Z,cnn_s2_15,val,Log-Mel CNN,0.12275417894124985,0.17832201719284058
seg_009400,sample_03232,Fear - Los Fancy Free,1,0.8677811026573181,cnn_revised_20260919T110440Z,cnn_s2_15,val,Log-Mel CNN,0.12275417894124985,0.17832201719284058
seg_009401,sample_03232,Fear - Los Fancy Free,1,0.4255377948284149,cnn_revised_20260919T110440Z,cnn_s2_15,val,Log-Mel CNN,0.12275417894124985,0.17832201719284058
seg_009402,sample_03233,Fifth Ramble - From the album Keith [RSVP007] - My brother Daniel,1,0.6286282539367676,cnn_revised_20260919T110440Z,cnn_s2_15,val,Log-Mel CNN,0.12275417894124985,0.17832201719284058
seg_009403,sample_03233,Fifth Ramble - From the album Keith [RSVP007] - My brother Daniel,1,0.8111871480941772,cnn_revised_20260919T110440Z,cnn_s2_15,val,Log-Mel CNN,0.12275417894124985,0.17832201719284058
seg_009404,sample_03233,Fifth Ramble - From the album Keith [RSVP007] - My brother Daniel,1,0.5367064476013184,cnn_revised_20260919T110440Z,cnn_s2_15,val,Log-Mel CNN,0.12275417894124985,0.17832201719284058
seg_009438,sample_03245,Gila Monster Flop/Music History Lesson:The Sonics - The Crypts!,1,0.20029588043689728,cnn_revised_20260919T110440Z,cnn_s2_15,val,Log-Mel CNN,0.12275417894124985,0.17832201719284058
seg_009439,sample_03245,Gila Monster Flop/Music History Lesson:The Sonics - The Crypts!,1,0.4941876530647278,cnn_revised_20260919T110440Z,cnn_s2_15,val,Log-Mel CNN,0.12275417894124985,0.17832201719284058
seg_009440,sample_03245,Gila Monster Flop/Music History Lesson:The Sonics - The Crypts!,1,0.5969352722167969,cnn_revised_20260919T110440Z,cnn_s2_15,val,Log-Mel CNN,0.12275417894124985,0.17832201719284058
seg_009471,sample_03256,If You're Ther - Nicola Ratti,1,0.8218542337417603,cnn_revised_20260919T110440Z,cnn_s2_15,val,Log-Mel CNN,0.12275417894124985,0.17832201719284058
seg_009472,sample_03256,If You're Ther - Nicola Ratti,1,0.8976497650146484,cnn_revised_20260919T110440Z,cnn_s2_15,val,Log-Mel CNN,0.12275417894124985,0.17832201719284058
seg_009473,sample_03256,If You're Ther - Nicola Ratti,1,0.7780446410179138,cnn_revised_20260919T110440Z,cnn_s2_15,val,Log-Mel CNN,0.12275417894124985,0.17832201719284058
seg_009501,sample_03266,I Fell - Mod Fun,1,0.5872323513031006,cnn_revised_20260919T110440Z,cnn_s2_15,val,Log-Mel CNN,0.12275417894124985,0.17832201719284058
seg_009502,sample_03266,I Fell - Mod Fun,1,0.8014302253723145,cnn_revised_20260919T110440Z,cnn_s2_15,val,Log-Mel CNN,0.12275417894124985,0.17832201719284058
seg_009503,sample_03266,I Fell - Mod Fun,1,0.5023059844970703,cnn_revised_20260919T110440Z,cnn_s2_15,val,Log-Mel CNN,0.12275417894124985,0.17832201719284058
seg_009549,sample_03282,Kumorizoranohajimarutokoro - Hosomi,1,0.8117088079452515,cnn_revised_20260919T110440Z,cnn_s2_15,val,Log-Mel CNN,0.12275417894124985,0.17832201719284058
seg_009550,sample_03282,Kumorizoranohajimarutokoro - Hosomi,1,0.9840002655982971,cnn_revised_20260919T110440Z,cnn_s2_15,val,Log-Mel CNN,0.12275417894124985,0.17832201719284058
seg_009551,sample_03282,Kumorizoranohajimarutokoro - Hosomi,1,0.9718598127365112,cnn_revised_20260919T110440Z,cnn_s2_15,val,Log-Mel CNN,0.12275417894124985,0.17832201719284058
seg_009585,sample_03294,Lights Up - Pipe Choir,1,0.17163601517677307,cnn_revised_20260919T110440Z,cnn_s2_15,val,Log-Mel CNN,0.12275417894124985,0.17832201719284058
seg_009586,sample_03294,Lights Up - Pipe Choir,1,0.8071563243865967,cnn_revised_20260919T110440Z,cnn_s2_15,val,Log-Mel CNN,0.12275417894124985,0.17832201719284058
seg_009587,sample_03294,Lights Up - Pipe Choir,1,0.45917436480522156,cnn_revised_20260919T110440Z,cnn_s2_15,val,Log-Mel CNN,0.12275417894124985,0.17832201719284058
seg_009603,sample_03300,Loved Ones - Rowan Box,1,0.6739283800125122,cnn_revised_20260919T110440Z,cnn_s2_15,val,Log-Mel CNN,0.12275417894124985,0.17832201719284058
seg_009604,sample_03300,Loved Ones - Rowan Box,1,0.6806209087371826,cnn_revised_20260919T110440Z,cnn_s2_15,val,Log-Mel CNN,0.12275417894124985,0.17832201719284058
seg_009605,sample_03300,Loved Ones - Rowan Box,1,0.5873478651046753,cnn_revised_20260919T110440Z,cnn_s2_15,val,Log-Mel CNN,0.12275417894124985,0.17832201719284058
seg_009615,sample_03304,March of the GPA Mechanics - [t]ghost,1,0.7800155878067017,cnn_revised_20260919T110440Z,cnn_s2_15,val,Log-Mel CNN,0.12275417894124985,0.17832201719284058
seg_009616,sample_03304,March of the GPA Mechanics - [t]ghost,1,0.8797181844711304,cnn_revised_20260919T110440Z,cnn_s2_15,val,Log-Mel CNN,0.12275417894124985,0.17832201719284058
seg_009617,sample_03304,March of the GPA Mechanics - [t]ghost,1,0.9218465089797974,cnn_revised_20260919T110440Z,cnn_s2_15,val,Log-Mel CNN,0.12275417894124985,0.17832201719284058
seg_009636,sample_03311,Morning Bell - Nihilore,1,0.8506275415420532,cnn_revised_20260919T110440Z,cnn_s2_15,val,Log-Mel CNN,0.12275417894124985,0.17832201719284058
seg_009637,sample_03311,Morning Bell - Nihilore,1,0.8045670390129089,cnn_revised_20260919T110440Z,cnn_s2_15,val,Log-Mel CNN,0.12275417894124985,0.17832201719284058
seg_009638,sample_03311,Morning Bell - Nihilore,1,0.6785749197006226,cnn_revised_20260919T110440Z,cnn_s2_15,val,Log-Mel CNN,0.12275417894124985,0.17832201719284058
seg_009651,sample_03316,mystery team 2090 - Jesse Futerman,1,0.5444708466529846,cnn_revised_20260919T110440Z,cnn_s2_15,val,Log-Mel CNN,0.12275417894124985,0.17832201719284058
seg_009652,sample_03316,mystery team 2090 - Jesse Futerman,1,0.9866616129875183,cnn_revised_20260919T110440Z,cnn_s2_15,val,Log-Mel CNN,0.12275417894124985,0.17832201719284058
seg_009653,sample_03316,mystery team 2090 - Jesse Futerman,1,0.3445420563220978,cnn_revised_20260919T110440Z,cnn_s2_15,val,Log-Mel CNN,0.12275417894124985,0.17832201719284058
seg_009654,sample_03317,My Body Is A Weapon (Compromise Edit) - Silence is full of birds,1,0.9507354497909546,cnn_revised_20260919T110440Z,cnn_s2_15,val,Log-Mel CNN,0.12275417894124985,0.17832201719284058
seg_009655,sample_03317,My Body Is A Weapon (Compromise Edit) - Silence is full of birds,1,0.6302802562713623,cnn_revised_20260919T110440Z,cnn_s2_15,val,Log-Mel CNN,0.12275417894124985,0.17832201719284058
seg_009656,sample_03317,My Body Is A Weapon (Compromise Edit) - Silence is full of birds,1,0.22763706743717194,cnn_revised_20260919T110440Z,cnn_s2_15,val,Log-Mel CNN,0.12275417894124985,0.17832201719284058
seg_009666,sample_03321,New Life (take 1) - Bird Names,1,0.7422172427177429,cnn_revised_20260919T110440Z,cnn_s2_15,val,Log-Mel CNN,0.12275417894124985,0.17832201719284058
seg_009667,sample_03321,New Life (take 1) - Bird Names,1,0.8555335998535156,cnn_revised_20260919T110440Z,cnn_s2_15,val,Log-Mel CNN,0.12275417894124985,0.17832201719284058
seg_009668,sample_03321,New Life (take 1) - Bird Names,1,0.6661273241043091,cnn_revised_20260919T110440Z,cnn_s2_15,val,Log-Mel CNN,0.12275417894124985,0.17832201719284058
seg_009672,sample_03323,Night Drive - Decktonic,1,0.6291483640670776,cnn_revised_20260919T110440Z,cnn_s2_15,val,Log-Mel CNN,0.12275417894124985,0.17832201719284058
seg_009673,sample_03323,Night Drive - Decktonic,1,0.8817000389099121,cnn_revised_20260919T110440Z,cnn_s2_15,val,Log-Mel CNN,0.12275417894124985,0.17832201719284058
seg_009674,sample_03323,Night Drive - Decktonic,1,0.7304622530937195,cnn_revised_20260919T110440Z,cnn_s2_15,val,Log-Mel CNN,0.12275417894124985,0.17832201719284058
seg_009681,sample_03326,Norweigian Wood II - Bird Names,1,0.6788254976272583,cnn_revised_20260919T110440Z,cnn_s2_15,val,Log-Mel CNN,0.12275417894124985,0.17832201719284058
seg_009682,sample_03326,Norweigian Wood II - Bird Names,1,0.4445963203907013,cnn_revised_20260919T110440Z,cnn_s2_15,val,Log-Mel CNN,0.12275417894124985,0.17832201719284058
seg_009683,sample_03326,Norweigian Wood II - Bird Names,1,0.8649327158927917,cnn_revised_20260919T110440Z,cnn_s2_15,val,Log-Mel CNN,0.12275417894124985,0.17832201719284058
seg_009693,sample_03330,Nuo Maisemat - Paavoharju,1,0.46035727858543396,cnn_revised_20260919T110440Z,cnn_s2_15,val,Log-Mel CNN,0.12275417894124985,0.17832201719284058
seg_009694,sample_03330,Nuo Maisemat - Paavoharju,1,0.9963086247444153,cnn_revised_20260919T110440Z,cnn_s2_15,val,Log-Mel CNN,0.12275417894124985,0.17832201719284058
seg_009695,sample_03330,Nuo Maisemat - Paavoharju,1,0.967228353023529,cnn_revised_20260919T110440Z,cnn_s2_15,val,Log-Mel CNN,0.12275417894124985,0.17832201719284058
seg_009756,sample_03351,Redlight - Room For A Ghost,1,0.9239006042480469,cnn_revised_20260919T110440Z,cnn_s2_15,val,Log-Mel CNN,0.12275417894124985,0.17832201719284058
seg_009757,sample_03351,Redlight - Room For A Ghost,1,0.9689325094223022,cnn_revised_20260919T110440Z,cnn_s2_15,val,Log-Mel CNN,0.12275417894124985,0.17832201719284058
seg_009758,sample_03351,Redlight - Room For A Ghost,1,0.8540504574775696,cnn_revised_20260919T110440Z,cnn_s2_15,val,Log-Mel CNN,0.12275417894124985,0.17832201719284058
seg_009774,sample_03357,Roller Star - Monroeville Music Center,1,0.8386335968971252,cnn_revised_20260919T110440Z,cnn_s2_15,val,Log-Mel CNN,0.12275417894124985,0.17832201719284058
seg_009775,sample_03357,Roller Star - Monroeville Music Center,1,0.8275672197341919,cnn_revised_20260919T110440Z,cnn_s2_15,val,Log-Mel CNN,0.12275417894124985,0.17832201719284058
seg_009776,sample_03357,Roller Star - Monroeville Music Center,1,0.6205077171325684,cnn_revised_20260919T110440Z,cnn_s2_15,val,Log-Mel CNN,0.12275417894124985,0.17832201719284058
seg_009780,sample_03359,"Roundtrip - Oh Yeah, the Future",1,0.6881052851676941,cnn_revised_20260919T110440Z,cnn_s2_15,val,Log-Mel CNN,0.12275417894124985,0.17832201719284058
seg_009781,sample_03359,"Roundtrip - Oh Yeah, the Future",1,0.6830716729164124,cnn_revised_20260919T110440Z,cnn_s2_15,val,Log-Mel CNN,0.12275417894124985,0.17832201719284058
seg_009782,sample_03359,"Roundtrip - Oh Yeah, the Future",1,0.8606772422790527,cnn_revised_20260919T110440Z,cnn_s2_15,val,Log-Mel CNN,0.12275417894124985,0.17832201719284058
seg_009792,sample_03363,Scramby Eggs - Andy G. Cohen,1,0.9649274349212646,cnn_revised_20260919T110440Z,cnn_s2_15,val,Log-Mel CNN,0.12275417894124985,0.17832201719284058
seg_009793,sample_03363,Scramby Eggs - Andy G. Cohen,1,0.30766600370407104,cnn_revised_20260919T110440Z,cnn_s2_15,val,Log-Mel CNN,0.12275417894124985,0.17832201719284058
seg_009794,sample_03363,Scramby Eggs - Andy G. Cohen,1,0.6121501326560974,cnn_revised_20260919T110440Z,cnn_s2_15,val,Log-Mel CNN,0.12275417894124985,0.17832201719284058
seg_009795,sample_03364,SD (Ill Mix) - H-LR,1,0.4684082865715027,cnn_revised_20260919T110440Z,cnn_s2_15,val,Log-Mel CNN,0.12275417894124985,0.17832201719284058
seg_009796,sample_03364,SD (Ill Mix) - H-LR,1,0.9395739436149597,cnn_revised_20260919T110440Z,cnn_s2_15,val,Log-Mel CNN,0.12275417894124985,0.17832201719284058
seg_009797,sample_03364,SD (Ill Mix) - H-LR,1,0.493106871843338,cnn_revised_20260919T110440Z,cnn_s2_15,val,Log-Mel CNN,0.12275417894124985,0.17832201719284058
seg_009819,sample_03372,Shipwrecked Crew - Pete Prodoehl,1,0.739852786064148,cnn_revised_20260919T110440Z,cnn_s2_15,val,Log-Mel CNN,0.12275417894124985,0.17832201719284058
seg_009820,sample_03372,Shipwrecked Crew - Pete Prodoehl,1,0.7461797595024109,cnn_revised_20260919T110440Z,cnn_s2_15,val,Log-Mel CNN,0.12275417894124985,0.17832201719284058
seg_009821,sample_03372,Shipwrecked Crew - Pete Prodoehl,1,0.15548129379749298,cnn_revised_20260919T110440Z,cnn_s2_15,val,Log-Mel CNN,0.12275417894124985,0.17832201719284058
seg_009837,sample_03378,Soleares&beats - Malaventura,1,0.8424914479255676,cnn_revised_20260919T110440Z,cnn_s2_15,val,Log-Mel CNN,0.12275417894124985,0.17832201719284058
seg_009838,sample_03378,Soleares&beats - Malaventura,1,0.6890666484832764,cnn_revised_20260919T110440Z,cnn_s2_15,val,Log-Mel CNN,0.12275417894124985,0.17832201719284058
seg_009839,sample_03378,Soleares&beats - Malaventura,1,0.2293420135974884,cnn_revised_20260919T110440Z,cnn_s2_15,val,Log-Mel CNN,0.12275417894124985,0.17832201719284058
seg_009843,sample_03380,some dextromethorphan - Jeva,1,0.7717246413230896,cnn_revised_20260919T110440Z,cnn_s2_15,val,Log-Mel CNN,0.12275417894124985,0.17832201719284058
seg_009844,sample_03380,some dextromethorphan - Jeva,1,0.9732424020767212,cnn_revised_20260919T110440Z,cnn_s2_15,val,Log-Mel CNN,0.12275417894124985,0.17832201719284058
seg_009845,sample_03380,some dextromethorphan - Jeva,1,0.9108598828315735,cnn_revised_20260919T110440Z,cnn_s2_15,val,Log-Mel CNN,0.12275417894124985,0.17832201719284058
seg_009858,sample_03385,Stockholm Syndrome / People Should Be More Aware - Bird Names,1,0.9207689762115479,cnn_revised_20260919T110440Z,cnn_s2_15,val,Log-Mel CNN,0.12275417894124985,0.17832201719284058
seg_009859,sample_03385,Stockholm Syndrome / People Should Be More Aware - Bird Names,1,0.9303455948829651,cnn_revised_20260919T110440Z,cnn_s2_15,val,Log-Mel CNN,0.12275417894124985,0.17832201719284058
seg_009860,sample_03385,Stockholm Syndrome / People Should Be More Aware - Bird Names,1,0.947450578212738,cnn_revised_20260919T110440Z,cnn_s2_15,val,Log-Mel CNN,0.12275417894124985,0.17832201719284058
seg_009870,sample_03389,Sturgeon's Law - Nihilore,1,0.5367282629013062,cnn_revised_20260919T110440Z,cnn_s2_15,val,Log-Mel CNN,0.12275417894124985,0.17832201719284058
seg_009871,sample_03389,Sturgeon's Law - Nihilore,1,0.9514244198799133,cnn_revised_20260919T110440Z,cnn_s2_15,val,Log-Mel CNN,0.12275417894124985,0.17832201719284058
seg_009872,sample_03389,Sturgeon's Law - Nihilore,1,0.8389285802841187,cnn_revised_20260919T110440Z,cnn_s2_15,val,Log-Mel CNN,0.12275417894124985,0.17832201719284058
seg_009927,sample_03408,The girl just faded - Los Llamarada,1,0.7062385082244873,cnn_revised_20260919T110440Z,cnn_s2_15,val,Log-Mel CNN,0.12275417894124985,0.17832201719284058
seg_009928,sample_03408,The girl just faded - Los Llamarada,1,0.6688284277915955,cnn_revised_20260919T110440Z,cnn_s2_15,val,Log-Mel CNN,0.12275417894124985,0.17832201719284058
seg_009929,sample_03408,The girl just faded - Los Llamarada,1,0.4101523458957672,cnn_revised_20260919T110440Z,cnn_s2_15,val,Log-Mel CNN,0.12275417894124985,0.17832201719284058
seg_009954,sample_03417,The Stairway - WarpToken,1,0.6783401966094971,cnn_revised_20260919T110440Z,cnn_s2_15,val,Log-Mel CNN,0.12275417894124985,0.17832201719284058
seg_009955,sample_03417,The Stairway - WarpToken,1,0.935852587223053,cnn_revised_20260919T110440Z,cnn_s2_15,val,Log-Mel CNN,0.12275417894124985,0.17832201719284058
seg_009956,sample_03417,The Stairway - WarpToken,1,0.5522783398628235,cnn_revised_20260919T110440Z,cnn_s2_15,val,Log-Mel CNN,0.12275417894124985,0.17832201719284058
seg_009957,sample_03418,Three Bird - My brother Daniel,1,0.4013163447380066,cnn_revised_20260919T110440Z,cnn_s2_15,val,Log-Mel CNN,0.12275417894124985,0.17832201719284058
seg_009958,sample_03418,Three Bird - My brother Daniel,1,0.7266768217086792,cnn_revised_20260919T110440Z,cnn_s2_15,val,Log-Mel CNN,0.12275417894124985,0.17832201719284058
seg_009959,sample_03418,Three Bird - My brother Daniel,1,0.8515201807022095,cnn_revised_20260919T110440Z,cnn_s2_15,val,Log-Mel CNN,0.12275417894124985,0.17832201719284058
seg_009960,sample_03419,Timen Passing By - Jason Shaw,1,0.5483382344245911,cnn_revised_20260919T110440Z,cnn_s2_15,val,Log-Mel CNN,0.12275417894124985,0.17832201719284058
seg_009961,sample_03419,Timen Passing By - Jason Shaw,1,0.3189164996147156,cnn_revised_20260919T110440Z,cnn_s2_15,val,Log-Mel CNN,0.12275417894124985,0.17832201719284058
seg_009962,sample_03419,Timen Passing By - Jason Shaw,1,0.6165080666542053,cnn_revised_20260919T110440Z,cnn_s2_15,val,Log-Mel CNN,0.12275417894124985,0.17832201719284058
seg_009963,sample_03420,Time Is Love - Silence is full of birds,1,0.6813194155693054,cnn_revised_20260919T110440Z,cnn_s2_15,val,Log-Mel CNN,0.12275417894124985,0.17832201719284058
seg_009964,sample_03420,Time Is Love - Silence is full of birds,1,0.5928181409835815,cnn_revised_20260919T110440Z,cnn_s2_15,val,Log-Mel CNN,0.12275417894124985,0.17832201719284058
seg_009965,sample_03420,Time Is Love - Silence is full of birds,1,0.8739939332008362,cnn_revised_20260919T110440Z,cnn_s2_15,val,Log-Mel CNN,0.12275417894124985,0.17832201719284058
seg_009990,sample_03429,Understand That This Is A Dream - From the album Modulating Coil [RSVP008] - Forrest James,1,0.8370154500007629,cnn_revised_20260919T110440Z,cnn_s2_15,val,Log-Mel CNN,0.12275417894124985,0.17832201719284058
seg_009991,sample_03429,Understand That This Is A Dream - From the album Modulating Coil [RSVP008] - Forrest James,1,0.6900700330734253,cnn_revised_20260919T110440Z,cnn_s2_15,val,Log-Mel CNN,0.12275417894124985,0.17832201719284058
seg_009992,sample_03429,Understand That This Is A Dream - From the album Modulating Coil [RSVP008] - Forrest James,1,0.8514866232872009,cnn_revised_20260919T110440Z,cnn_s2_15,val,Log-Mel CNN,0.12275417894124985,0.17832201719284058
seg_010005,sample_03434,Voxel - Andy G. Cohen,1,0.37546706199645996,cnn_revised_20260919T110440Z,cnn_s2_15,val,Log-Mel CNN,0.12275417894124985,0.17832201719284058
seg_010006,sample_03434,Voxel - Andy G. Cohen,1,0.9522707462310791,cnn_revised_20260919T110440Z,cnn_s2_15,val,Log-Mel CNN,0.12275417894124985,0.17832201719284058
seg_010007,sample_03434,Voxel - Andy G. Cohen,1,0.7986019253730774,cnn_revised_20260919T110440Z,cnn_s2_15,val,Log-Mel CNN,0.12275417894124985,0.17832201719284058
seg_010011,sample_03436,Westside Chillers - Little Glass Men,1,0.8446866273880005,cnn_revised_20260919T110440Z,cnn_s2_15,val,Log-Mel CNN,0.12275417894124985,0.17832201719284058
seg_010012,sample_03436,Westside Chillers - Little Glass Men,1,0.3377981185913086,cnn_revised_20260919T110440Z,cnn_s2_15,val,Log-Mel CNN,0.12275417894124985,0.17832201719284058
seg_010013,sample_03436,Westside Chillers - Little Glass Men,1,0.6005863547325134,cnn_revised_20260919T110440Z,cnn_s2_15,val,Log-Mel CNN,0.12275417894124985,0.17832201719284058
seg_010065,sample_03454,Новый Нью-Йорк 2 - Чокнутый Пропеллер,1,0.7267408967018127,cnn_revised_20260919T110440Z,cnn_s2_15,val,Log-Mel CNN,0.12275417894124985,0.17832201719284058
seg_010066,sample_03454,Новый Нью-Йорк 2 - Чокнутый Пропеллер,1,0.025742923840880394,cnn_revised_20260919T110440Z,cnn_s2_15,val,Log-Mel CNN,0.12275417894124985,0.17832201719284058
seg_010067,sample_03454,Новый Нью-Йорк 2 - Чокнутый Пропеллер,1,0.03895283862948418,cnn_revised_20260919T110440Z,cnn_s2_15,val,Log-Mel CNN,0.12275417894124985,0.17832201719284058
seg_010071,sample_03456,Windows of the Skull - Sarin,1,0.8224709033966064,cnn_revised_20260919T110440Z,cnn_s2_15,val,Log-Mel CNN,0.12275417894124985,0.17832201719284058
seg_010072,sample_03456,Windows of the Skull - Sarin,1,0.8035112619400024,cnn_revised_20260919T110440Z,cnn_s2_15,val,Log-Mel CNN,0.12275417894124985,0.17832201719284058
seg_010073,sample_03456,Windows of the Skull - Sarin,1,0.997686505317688,cnn_revised_20260919T110440Z,cnn_s2_15,val,Log-Mel CNN,0.12275417894124985,0.17832201719284058
