segment_id,track_id,original_audio_id,label,score,run_id,trial_id,split,model,segment_threshold,track_threshold
seg_000006,sample_00002,2 (Wasn't There) - Isle of Pine,0,0.017783021554350853,cnn_revised_20260919T110440Z,cnn_s2_16,val,Log-Mel CNN,0.05698331817984581,0.11215849220752716
seg_000007,sample_00002,2 (Wasn't There) - Isle of Pine,0,0.05556061863899231,cnn_revised_20260919T110440Z,cnn_s2_16,val,Log-Mel CNN,0.05698331817984581,0.11215849220752716
seg_000008,sample_00002,2 (Wasn't There) - Isle of Pine,0,0.03768857195973396,cnn_revised_20260919T110440Z,cnn_s2_16,val,Log-Mel CNN,0.05698331817984581,0.11215849220752716
seg_000039,sample_00013,Agora - Malaventura,0,0.009312990121543407,cnn_revised_20260919T110440Z,cnn_s2_16,val,Log-Mel CNN,0.05698331817984581,0.11215849220752716
seg_000040,sample_00013,Agora - Malaventura,0,0.020388377830386162,cnn_revised_20260919T110440Z,cnn_s2_16,val,Log-Mel CNN,0.05698331817984581,0.11215849220752716
seg_000041,sample_00013,Agora - Malaventura,0,0.024525944143533707,cnn_revised_20260919T110440Z,cnn_s2_16,val,Log-Mel CNN,0.05698331817984581,0.11215849220752716
seg_000081,sample_00027,Beyond Luxury - Mors Ontologica,0,8.055299986153841e-05,cnn_revised_20260919T110440Z,cnn_s2_16,val,Log-Mel CNN,0.05698331817984581,0.11215849220752716
seg_000082,sample_00027,Beyond Luxury - Mors Ontologica,0,0.000532264297362417,cnn_revised_20260919T110440Z,cnn_s2_16,val,Log-Mel CNN,0.05698331817984581,0.11215849220752716
seg_000083,sample_00027,Beyond Luxury - Mors Ontologica,0,0.0011308984830975533,cnn_revised_20260919T110440Z,cnn_s2_16,val,Log-Mel CNN,0.05698331817984581,0.11215849220752716
seg_000129,sample_00043,CopperNickle - UncleBibby,0,0.00036504078889265656,cnn_revised_20260919T110440Z,cnn_s2_16,val,Log-Mel CNN,0.05698331817984581,0.11215849220752716
seg_000130,sample_00043,CopperNickle - UncleBibby,0,0.0002848324947990477,cnn_revised_20260919T110440Z,cnn_s2_16,val,Log-Mel CNN,0.05698331817984581,0.11215849220752716
seg_000131,sample_00043,CopperNickle - UncleBibby,0,0.000376344658434391,cnn_revised_20260919T110440Z,cnn_s2_16,val,Log-Mel CNN,0.05698331817984581,0.11215849220752716
seg_000141,sample_00047,Daylight Savings - My brother Daniel,0,0.0005442072870209813,cnn_revised_20260919T110440Z,cnn_s2_16,val,Log-Mel CNN,0.05698331817984581,0.11215849220752716
seg_000142,sample_00047,Daylight Savings - My brother Daniel,0,0.0014287749072536826,cnn_revised_20260919T110440Z,cnn_s2_16,val,Log-Mel CNN,0.05698331817984581,0.11215849220752716
seg_000143,sample_00047,Daylight Savings - My brother Daniel,0,0.0015068687498569489,cnn_revised_20260919T110440Z,cnn_s2_16,val,Log-Mel CNN,0.05698331817984581,0.11215849220752716
seg_000177,sample_00059,Empty Pockets - Pete Prodoehl,0,0.00014325467054732144,cnn_revised_20260919T110440Z,cnn_s2_16,val,Log-Mel CNN,0.05698331817984581,0.11215849220752716
seg_000178,sample_00059,Empty Pockets - Pete Prodoehl,0,0.002787255682051182,cnn_revised_20260919T110440Z,cnn_s2_16,val,Log-Mel CNN,0.05698331817984581,0.11215849220752716
seg_000179,sample_00059,Empty Pockets - Pete Prodoehl,0,0.0054067205637693405,cnn_revised_20260919T110440Z,cnn_s2_16,val,Log-Mel CNN,0.05698331817984581,0.11215849220752716
seg_000195,sample_00065,Evil Cannot Create - Caleb Lemond,0,0.0019299163250252604,cnn_revised_20260919T110440Z,cnn_s2_16,val,Log-Mel CNN,0.05698331817984581,0.11215849220752716
seg_000196,sample_00065,Evil Cannot Create - Caleb Lemond,0,0.058975666761398315,cnn_revised_20260919T110440Z,cnn_s2_16,val,Log-Mel CNN,0.05698331817984581,0.11215849220752716
seg_000197,sample_00065,Evil Cannot Create - Caleb Lemond,0,0.019246554002165794,cnn_revised_20260919T110440Z,cnn_s2_16,val,Log-Mel CNN,0.05698331817984581,0.11215849220752716
seg_000201,sample_00067,Fear - Los Fancy Free,0,6.977921293582767e-05,cnn_revised_20260919T110440Z,cnn_s2_16,val,Log-Mel CNN,0.05698331817984581,0.11215849220752716
seg_000202,sample_00067,Fear - Los Fancy Free,0,0.0005355589091777802,cnn_revised_20260919T110440Z,cnn_s2_16,val,Log-Mel CNN,0.05698331817984581,0.11215849220752716
seg_000203,sample_00067,Fear - Los Fancy Free,0,0.0007214138749986887,cnn_revised_20260919T110440Z,cnn_s2_16,val,Log-Mel CNN,0.05698331817984581,0.11215849220752716
seg_000204,sample_00068,Fifth Ramble - From the album Keith [RSVP007] - My brother Daniel,0,0.7367792725563049,cnn_revised_20260919T110440Z,cnn_s2_16,val,Log-Mel CNN,0.05698331817984581,0.11215849220752716
seg_000205,sample_00068,Fifth Ramble - From the album Keith [RSVP007] - My brother Daniel,0,0.7349691987037659,cnn_revised_20260919T110440Z,cnn_s2_16,val,Log-Mel CNN,0.05698331817984581,0.11215849220752716
seg_000206,sample_00068,Fifth Ramble - From the album Keith [RSVP007] - My brother Daniel,0,0.7346406579017639,cnn_revised_20260919T110440Z,cnn_s2_16,val,Log-Mel CNN,0.05698331817984581,0.11215849220752716
seg_000240,sample_00080,Gila Monster Flop/Music History Lesson:The Sonics - The Crypts!,0,0.0016949515556916595,cnn_revised_20260919T110440Z,cnn_s2_16,val,Log-Mel CNN,0.05698331817984581,0.11215849220752716
seg_000241,sample_00080,Gila Monster Flop/Music History Lesson:The Sonics - The Crypts!,0,0.0009187479154206812,cnn_revised_20260919T110440Z,cnn_s2_16,val,Log-Mel CNN,0.05698331817984581,0.11215849220752716
seg_000242,sample_00080,Gila Monster Flop/Music History Lesson:The Sonics - The Crypts!,0,0.0001864640216808766,cnn_revised_20260919T110440Z,cnn_s2_16,val,Log-Mel CNN,0.05698331817984581,0.11215849220752716
seg_000285,sample_00095,I Fell - Mod Fun,0,4.046308822580613e-05,cnn_revised_20260919T110440Z,cnn_s2_16,val,Log-Mel CNN,0.05698331817984581,0.11215849220752716
seg_000286,sample_00095,I Fell - Mod Fun,0,0.0002740114869084209,cnn_revised_20260919T110440Z,cnn_s2_16,val,Log-Mel CNN,0.05698331817984581,0.11215849220752716
seg_000287,sample_00095,I Fell - Mod Fun,0,0.0004308805800974369,cnn_revised_20260919T110440Z,cnn_s2_16,val,Log-Mel CNN,0.05698331817984581,0.11215849220752716
seg_000297,sample_00099,If You're Ther - Nicola Ratti,0,0.014147205278277397,cnn_revised_20260919T110440Z,cnn_s2_16,val,Log-Mel CNN,0.05698331817984581,0.11215849220752716
seg_000298,sample_00099,If You're Ther - Nicola Ratti,0,0.008656035177409649,cnn_revised_20260919T110440Z,cnn_s2_16,val,Log-Mel CNN,0.05698331817984581,0.11215849220752716
seg_000299,sample_00099,If You're Ther - Nicola Ratti,0,0.004153276327997446,cnn_revised_20260919T110440Z,cnn_s2_16,val,Log-Mel CNN,0.05698331817984581,0.11215849220752716
seg_000342,sample_00114,Kumorizoranohajimarutokoro - Hosomi,0,0.00597871420904994,cnn_revised_20260919T110440Z,cnn_s2_16,val,Log-Mel CNN,0.05698331817984581,0.11215849220752716
seg_000343,sample_00114,Kumorizoranohajimarutokoro - Hosomi,0,0.10795586556196213,cnn_revised_20260919T110440Z,cnn_s2_16,val,Log-Mel CNN,0.05698331817984581,0.11215849220752716
seg_000344,sample_00114,Kumorizoranohajimarutokoro - Hosomi,0,0.3850730359554291,cnn_revised_20260919T110440Z,cnn_s2_16,val,Log-Mel CNN,0.05698331817984581,0.11215849220752716
seg_000384,sample_00128,Lights Up - Pipe Choir,0,0.0030669705010950565,cnn_revised_20260919T110440Z,cnn_s2_16,val,Log-Mel CNN,0.05698331817984581,0.11215849220752716
seg_000385,sample_00128,Lights Up - Pipe Choir,0,0.04487345367670059,cnn_revised_20260919T110440Z,cnn_s2_16,val,Log-Mel CNN,0.05698331817984581,0.11215849220752716
seg_000386,sample_00128,Lights Up - Pipe Choir,0,0.011073032394051552,cnn_revised_20260919T110440Z,cnn_s2_16,val,Log-Mel CNN,0.05698331817984581,0.11215849220752716
seg_000399,sample_00133,Loved Ones - Rowan Box,0,0.004467018414288759,cnn_revised_20260919T110440Z,cnn_s2_16,val,Log-Mel CNN,0.05698331817984581,0.11215849220752716
seg_000400,sample_00133,Loved Ones - Rowan Box,0,0.04004311189055443,cnn_revised_20260919T110440Z,cnn_s2_16,val,Log-Mel CNN,0.05698331817984581,0.11215849220752716
seg_000401,sample_00133,Loved Ones - Rowan Box,0,0.004340631887316704,cnn_revised_20260919T110440Z,cnn_s2_16,val,Log-Mel CNN,0.05698331817984581,0.11215849220752716
seg_000408,sample_00136,March of the GPA Mechanics - [t]ghost,0,0.005045522004365921,cnn_revised_20260919T110440Z,cnn_s2_16,val,Log-Mel CNN,0.05698331817984581,0.11215849220752716
seg_000409,sample_00136,March of the GPA Mechanics - [t]ghost,0,0.023621853440999985,cnn_revised_20260919T110440Z,cnn_s2_16,val,Log-Mel CNN,0.05698331817984581,0.11215849220752716
seg_000410,sample_00136,March of the GPA Mechanics - [t]ghost,0,0.0044471570290625095,cnn_revised_20260919T110440Z,cnn_s2_16,val,Log-Mel CNN,0.05698331817984581,0.11215849220752716
seg_000426,sample_00142,Morning Bell - Nihilore,0,0.00032460756483487785,cnn_revised_20260919T110440Z,cnn_s2_16,val,Log-Mel CNN,0.05698331817984581,0.11215849220752716
seg_000427,sample_00142,Morning Bell - Nihilore,0,0.0014866068959236145,cnn_revised_20260919T110440Z,cnn_s2_16,val,Log-Mel CNN,0.05698331817984581,0.11215849220752716
seg_000428,sample_00142,Morning Bell - Nihilore,0,0.00046530464896932244,cnn_revised_20260919T110440Z,cnn_s2_16,val,Log-Mel CNN,0.05698331817984581,0.11215849220752716
seg_000441,sample_00147,My Body Is A Weapon (Compromise Edit) - Silence is full of birds,0,0.001986459828913212,cnn_revised_20260919T110440Z,cnn_s2_16,val,Log-Mel CNN,0.05698331817984581,0.11215849220752716
seg_000442,sample_00147,My Body Is A Weapon (Compromise Edit) - Silence is full of birds,0,0.0018034789245575666,cnn_revised_20260919T110440Z,cnn_s2_16,val,Log-Mel CNN,0.05698331817984581,0.11215849220752716
seg_000443,sample_00147,My Body Is A Weapon (Compromise Edit) - Silence is full of birds,0,0.0018355890642851591,cnn_revised_20260919T110440Z,cnn_s2_16,val,Log-Mel CNN,0.05698331817984581,0.11215849220752716
seg_000453,sample_00151,New Life (take 1) - Bird Names,0,0.0005287126987241209,cnn_revised_20260919T110440Z,cnn_s2_16,val,Log-Mel CNN,0.05698331817984581,0.11215849220752716
seg_000454,sample_00151,New Life (take 1) - Bird Names,0,8.607383642811328e-05,cnn_revised_20260919T110440Z,cnn_s2_16,val,Log-Mel CNN,0.05698331817984581,0.11215849220752716
seg_000455,sample_00151,New Life (take 1) - Bird Names,0,0.0005231432733125985,cnn_revised_20260919T110440Z,cnn_s2_16,val,Log-Mel CNN,0.05698331817984581,0.11215849220752716
seg_000459,sample_00153,Night Drive - Decktonic,0,0.0037625422701239586,cnn_revised_20260919T110440Z,cnn_s2_16,val,Log-Mel CNN,0.05698331817984581,0.11215849220752716
seg_000460,sample_00153,Night Drive - Decktonic,0,0.052281856536865234,cnn_revised_20260919T110440Z,cnn_s2_16,val,Log-Mel CNN,0.05698331817984581,0.11215849220752716
seg_000461,sample_00153,Night Drive - Decktonic,0,0.03819138929247856,cnn_revised_20260919T110440Z,cnn_s2_16,val,Log-Mel CNN,0.05698331817984581,0.11215849220752716
seg_000468,sample_00156,Norweigian Wood II - Bird Names,0,8.643030014354736e-05,cnn_revised_20260919T110440Z,cnn_s2_16,val,Log-Mel CNN,0.05698331817984581,0.11215849220752716
seg_000469,sample_00156,Norweigian Wood II - Bird Names,0,0.0003417632251512259,cnn_revised_20260919T110440Z,cnn_s2_16,val,Log-Mel CNN,0.05698331817984581,0.11215849220752716
seg_000470,sample_00156,Norweigian Wood II - Bird Names,0,0.0002175564441131428,cnn_revised_20260919T110440Z,cnn_s2_16,val,Log-Mel CNN,0.05698331817984581,0.11215849220752716
seg_000480,sample_00160,Nuo Maisemat - Paavoharju,0,0.00338428164832294,cnn_revised_20260919T110440Z,cnn_s2_16,val,Log-Mel CNN,0.05698331817984581,0.11215849220752716
seg_000481,sample_00160,Nuo Maisemat - Paavoharju,0,0.006113635841757059,cnn_revised_20260919T110440Z,cnn_s2_16,val,Log-Mel CNN,0.05698331817984581,0.11215849220752716
seg_000482,sample_00160,Nuo Maisemat - Paavoharju,0,0.005549137946218252,cnn_revised_20260919T110440Z,cnn_s2_16,val,Log-Mel CNN,0.05698331817984581,0.11215849220752716
seg_000537,sample_00179,Redlight - Room For A Ghost,0,0.00013713791850022972,cnn_revised_20260919T110440Z,cnn_s2_16,val,Log-Mel CNN,0.05698331817984581,0.11215849220752716
seg_000538,sample_00179,Redlight - Room For A Ghost,0,0.003175760619342327,cnn_revised_20260919T110440Z,cnn_s2_16,val,Log-Mel CNN,0.05698331817984581,0.11215849220752716
seg_000539,sample_00179,Redlight - Room For A Ghost,0,0.006051469594240189,cnn_revised_20260919T110440Z,cnn_s2_16,val,Log-Mel CNN,0.05698331817984581,0.11215849220752716
seg_000555,sample_00185,Roller Star - Monroeville Music Center,0,0.002834898419678211,cnn_revised_20260919T110440Z,cnn_s2_16,val,Log-Mel CNN,0.05698331817984581,0.11215849220752716
seg_000556,sample_00185,Roller Star - Monroeville Music Center,0,0.025886306539177895,cnn_revised_20260919T110440Z,cnn_s2_16,val,Log-Mel CNN,0.05698331817984581,0.11215849220752716
seg_000557,sample_00185,Roller Star - Monroeville Music Center,0,0.030993275344371796,cnn_revised_20260919T110440Z,cnn_s2_16,val,Log-Mel CNN,0.05698331817984581,0.11215849220752716
seg_000561,sample_00187,"Roundtrip - Oh Yeah, the Future",0,0.0030759500805288553,cnn_revised_20260919T110440Z,cnn_s2_16,val,Log-Mel CNN,0.05698331817984581,0.11215849220752716
seg_000562,sample_00187,"Roundtrip - Oh Yeah, the Future",0,0.00036015751538798213,cnn_revised_20260919T110440Z,cnn_s2_16,val,Log-Mel CNN,0.05698331817984581,0.11215849220752716
seg_000563,sample_00187,"Roundtrip - Oh Yeah, the Future",0,0.00032123495475389063,cnn_revised_20260919T110440Z,cnn_s2_16,val,Log-Mel CNN,0.05698331817984581,0.11215849220752716
seg_000570,sample_00190,SD (Ill Mix) - H-LR,0,0.0003015757247339934,cnn_revised_20260919T110440Z,cnn_s2_16,val,Log-Mel CNN,0.05698331817984581,0.11215849220752716
seg_000571,sample_00190,SD (Ill Mix) - H-LR,0,0.025726161897182465,cnn_revised_20260919T110440Z,cnn_s2_16,val,Log-Mel CNN,0.05698331817984581,0.11215849220752716
seg_000572,sample_00190,SD (Ill Mix) - H-LR,0,0.0023379225749522448,cnn_revised_20260919T110440Z,cnn_s2_16,val,Log-Mel CNN,0.05698331817984581,0.11215849220752716
seg_000576,sample_00192,Scramby Eggs - Andy G. Cohen,0,0.0019037429010495543,cnn_revised_20260919T110440Z,cnn_s2_16,val,Log-Mel CNN,0.05698331817984581,0.11215849220752716
seg_000577,sample_00192,Scramby Eggs - Andy G. Cohen,0,0.0013745047617703676,cnn_revised_20260919T110440Z,cnn_s2_16,val,Log-Mel CNN,0.05698331817984581,0.11215849220752716
seg_000578,sample_00192,Scramby Eggs - Andy G. Cohen,0,0.001885102246887982,cnn_revised_20260919T110440Z,cnn_s2_16,val,Log-Mel CNN,0.05698331817984581,0.11215849220752716
seg_000600,sample_00200,Shipwrecked Crew - Pete Prodoehl,0,0.03773700073361397,cnn_revised_20260919T110440Z,cnn_s2_16,val,Log-Mel CNN,0.05698331817984581,0.11215849220752716
seg_000601,sample_00200,Shipwrecked Crew - Pete Prodoehl,0,0.10868256539106369,cnn_revised_20260919T110440Z,cnn_s2_16,val,Log-Mel CNN,0.05698331817984581,0.11215849220752716
seg_000602,sample_00200,Shipwrecked Crew - Pete Prodoehl,0,0.18503791093826294,cnn_revised_20260919T110440Z,cnn_s2_16,val,Log-Mel CNN,0.05698331817984581,0.11215849220752716
seg_000615,sample_00205,Soleares&beats - Malaventura,0,0.06043105572462082,cnn_revised_20260919T110440Z,cnn_s2_16,val,Log-Mel CNN,0.05698331817984581,0.11215849220752716
seg_000616,sample_00205,Soleares&beats - Malaventura,0,0.028968166559934616,cnn_revised_20260919T110440Z,cnn_s2_16,val,Log-Mel CNN,0.05698331817984581,0.11215849220752716
seg_000617,sample_00205,Soleares&beats - Malaventura,0,0.0573732927441597,cnn_revised_20260919T110440Z,cnn_s2_16,val,Log-Mel CNN,0.05698331817984581,0.11215849220752716
seg_000633,sample_00211,Stockholm Syndrome / People Should Be More Aware - Bird Names,0,0.00016285762831103057,cnn_revised_20260919T110440Z,cnn_s2_16,val,Log-Mel CNN,0.05698331817984581,0.11215849220752716
seg_000634,sample_00211,Stockholm Syndrome / People Should Be More Aware - Bird Names,0,0.004485313314944506,cnn_revised_20260919T110440Z,cnn_s2_16,val,Log-Mel CNN,0.05698331817984581,0.11215849220752716
seg_000635,sample_00211,Stockholm Syndrome / People Should Be More Aware - Bird Names,0,0.0007445147493854165,cnn_revised_20260919T110440Z,cnn_s2_16,val,Log-Mel CNN,0.05698331817984581,0.11215849220752716
seg_000645,sample_00215,Sturgeon's Law - Nihilore,0,0.0010336722480133176,cnn_revised_20260919T110440Z,cnn_s2_16,val,Log-Mel CNN,0.05698331817984581,0.11215849220752716
seg_000646,sample_00215,Sturgeon's Law - Nihilore,0,0.007022560108453035,cnn_revised_20260919T110440Z,cnn_s2_16,val,Log-Mel CNN,0.05698331817984581,0.11215849220752716
seg_000647,sample_00215,Sturgeon's Law - Nihilore,0,0.0495363250374794,cnn_revised_20260919T110440Z,cnn_s2_16,val,Log-Mel CNN,0.05698331817984581,0.11215849220752716
seg_000726,sample_00242,The Stairway - WarpToken,0,0.00672196364030242,cnn_revised_20260919T110440Z,cnn_s2_16,val,Log-Mel CNN,0.05698331817984581,0.11215849220752716
seg_000727,sample_00242,The Stairway - WarpToken,0,0.12075883150100708,cnn_revised_20260919T110440Z,cnn_s2_16,val,Log-Mel CNN,0.05698331817984581,0.11215849220752716
seg_000728,sample_00242,The Stairway - WarpToken,0,0.018726283684372902,cnn_revised_20260919T110440Z,cnn_s2_16,val,Log-Mel CNN,0.05698331817984581,0.11215849220752716
seg_000729,sample_00243,The girl just faded - Los Llamarada,0,0.0036600548774003983,cnn_revised_20260919T110440Z,cnn_s2_16,val,Log-Mel CNN,0.05698331817984581,0.11215849220752716
seg_000730,sample_00243,The girl just faded - Los Llamarada,0,0.06807238608598709,cnn_revised_20260919T110440Z,cnn_s2_16,val,Log-Mel CNN,0.05698331817984581,0.11215849220752716
seg_000731,sample_00243,The girl just faded - Los Llamarada,0,0.028502872213721275,cnn_revised_20260919T110440Z,cnn_s2_16,val,Log-Mel CNN,0.05698331817984581,0.11215849220752716
seg_000735,sample_00245,Three Bird - My brother Daniel,0,0.022183725610375404,cnn_revised_20260919T110440Z,cnn_s2_16,val,Log-Mel CNN,0.05698331817984581,0.11215849220752716
seg_000736,sample_00245,Three Bird - My brother Daniel,0,0.005693789571523666,cnn_revised_20260919T110440Z,cnn_s2_16,val,Log-Mel CNN,0.05698331817984581,0.11215849220752716
seg_000737,sample_00245,Three Bird - My brother Daniel,0,0.06873638927936554,cnn_revised_20260919T110440Z,cnn_s2_16,val,Log-Mel CNN,0.05698331817984581,0.11215849220752716
seg_000738,sample_00246,Time Is Love - Silence is full of birds,0,0.0005871743196621537,cnn_revised_20260919T110440Z,cnn_s2_16,val,Log-Mel CNN,0.05698331817984581,0.11215849220752716
seg_000739,sample_00246,Time Is Love - Silence is full of birds,0,0.0012097192229703069,cnn_revised_20260919T110440Z,cnn_s2_16,val,Log-Mel CNN,0.05698331817984581,0.11215849220752716
seg_000740,sample_00246,Time Is Love - Silence is full of birds,0,0.0008423721301369369,cnn_revised_20260919T110440Z,cnn_s2_16,val,Log-Mel CNN,0.05698331817984581,0.11215849220752716
seg_000744,sample_00248,Timen Passing By - Jason Shaw,0,0.10347895324230194,cnn_revised_20260919T110440Z,cnn_s2_16,val,Log-Mel CNN,0.05698331817984581,0.11215849220752716
seg_000745,sample_00248,Timen Passing By - Jason Shaw,0,0.033367086201906204,cnn_revised_20260919T110440Z,cnn_s2_16,val,Log-Mel CNN,0.05698331817984581,0.11215849220752716
seg_000746,sample_00248,Timen Passing By - Jason Shaw,0,0.042077306658029556,cnn_revised_20260919T110440Z,cnn_s2_16,val,Log-Mel CNN,0.05698331817984581,0.11215849220752716
seg_000765,sample_00255,Understand That This Is A Dream - From the album Modulating Coil [RSVP008] - Forrest James,0,0.04859408363699913,cnn_revised_20260919T110440Z,cnn_s2_16,val,Log-Mel CNN,0.05698331817984581,0.11215849220752716
seg_000766,sample_00255,Understand That This Is A Dream - From the album Modulating Coil [RSVP008] - Forrest James,0,0.023248523473739624,cnn_revised_20260919T110440Z,cnn_s2_16,val,Log-Mel CNN,0.05698331817984581,0.11215849220752716
seg_000767,sample_00255,Understand That This Is A Dream - From the album Modulating Coil [RSVP008] - Forrest James,0,0.15213724970817566,cnn_revised_20260919T110440Z,cnn_s2_16,val,Log-Mel CNN,0.05698331817984581,0.11215849220752716
seg_000783,sample_00261,Voxel - Andy G. Cohen,0,0.00031440440216101706,cnn_revised_20260919T110440Z,cnn_s2_16,val,Log-Mel CNN,0.05698331817984581,0.11215849220752716
seg_000784,sample_00261,Voxel - Andy G. Cohen,0,0.0009653082815930247,cnn_revised_20260919T110440Z,cnn_s2_16,val,Log-Mel CNN,0.05698331817984581,0.11215849220752716
seg_000785,sample_00261,Voxel - Andy G. Cohen,0,0.00200866861268878,cnn_revised_20260919T110440Z,cnn_s2_16,val,Log-Mel CNN,0.05698331817984581,0.11215849220752716
seg_000801,sample_00267,Westside Chillers - Little Glass Men,0,0.013407562859356403,cnn_revised_20260919T110440Z,cnn_s2_16,val,Log-Mel CNN,0.05698331817984581,0.11215849220752716
seg_000802,sample_00267,Westside Chillers - Little Glass Men,0,0.011886419728398323,cnn_revised_20260919T110440Z,cnn_s2_16,val,Log-Mel CNN,0.05698331817984581,0.11215849220752716
seg_000803,sample_00267,Westside Chillers - Little Glass Men,0,0.012435250915586948,cnn_revised_20260919T110440Z,cnn_s2_16,val,Log-Mel CNN,0.05698331817984581,0.11215849220752716
seg_000819,sample_00273,Windows of the Skull - Sarin,0,0.01525899302214384,cnn_revised_20260919T110440Z,cnn_s2_16,val,Log-Mel CNN,0.05698331817984581,0.11215849220752716
seg_000820,sample_00273,Windows of the Skull - Sarin,0,0.05630158260464668,cnn_revised_20260919T110440Z,cnn_s2_16,val,Log-Mel CNN,0.05698331817984581,0.11215849220752716
seg_000821,sample_00273,Windows of the Skull - Sarin,0,0.0572018101811409,cnn_revised_20260919T110440Z,cnn_s2_16,val,Log-Mel CNN,0.05698331817984581,0.11215849220752716
seg_000858,sample_00286,mystery team 2090 - Jesse Futerman,0,0.009140809997916222,cnn_revised_20260919T110440Z,cnn_s2_16,val,Log-Mel CNN,0.05698331817984581,0.11215849220752716
seg_000859,sample_00286,mystery team 2090 - Jesse Futerman,0,0.00954375509172678,cnn_revised_20260919T110440Z,cnn_s2_16,val,Log-Mel CNN,0.05698331817984581,0.11215849220752716
seg_000860,sample_00286,mystery team 2090 - Jesse Futerman,0,0.015045667067170143,cnn_revised_20260919T110440Z,cnn_s2_16,val,Log-Mel CNN,0.05698331817984581,0.11215849220752716
seg_000870,sample_00290,some dextromethorphan - Jeva,0,0.004692958667874336,cnn_revised_20260919T110440Z,cnn_s2_16,val,Log-Mel CNN,0.05698331817984581,0.11215849220752716
seg_000871,sample_00290,some dextromethorphan - Jeva,0,0.023551084101200104,cnn_revised_20260919T110440Z,cnn_s2_16,val,Log-Mel CNN,0.05698331817984581,0.11215849220752716
seg_000872,sample_00290,some dextromethorphan - Jeva,0,0.0020354436710476875,cnn_revised_20260919T110440Z,cnn_s2_16,val,Log-Mel CNN,0.05698331817984581,0.11215849220752716
seg_000876,sample_00292,В Наших Сердцах - Чокнутый Пропеллер,0,0.019184622913599014,cnn_revised_20260919T110440Z,cnn_s2_16,val,Log-Mel CNN,0.05698331817984581,0.11215849220752716
seg_000877,sample_00292,В Наших Сердцах - Чокнутый Пропеллер,0,0.013739108107984066,cnn_revised_20260919T110440Z,cnn_s2_16,val,Log-Mel CNN,0.05698331817984581,0.11215849220752716
seg_000878,sample_00292,В Наших Сердцах - Чокнутый Пропеллер,0,0.013969430699944496,cnn_revised_20260919T110440Z,cnn_s2_16,val,Log-Mel CNN,0.05698331817984581,0.11215849220752716
seg_000885,sample_00295,Новый Нью-Йорк 2 - Чокнутый Пропеллер,0,0.004268118645995855,cnn_revised_20260919T110440Z,cnn_s2_16,val,Log-Mel CNN,0.05698331817984581,0.11215849220752716
seg_000886,sample_00295,Новый Нью-Йорк 2 - Чокнутый Пропеллер,0,0.009922744706273079,cnn_revised_20260919T110440Z,cnn_s2_16,val,Log-Mel CNN,0.05698331817984581,0.11215849220752716
seg_000887,sample_00295,Новый Нью-Йорк 2 - Чокнутый Пропеллер,0,0.010777310468256474,cnn_revised_20260919T110440Z,cnn_s2_16,val,Log-Mel CNN,0.05698331817984581,0.11215849220752716
seg_000897,sample_00299,2 (Wasn't There) - Isle of Pine,1,0.9553648829460144,cnn_revised_20260919T110440Z,cnn_s2_16,val,Log-Mel CNN,0.05698331817984581,0.11215849220752716
seg_000898,sample_00299,2 (Wasn't There) - Isle of Pine,1,0.8017538785934448,cnn_revised_20260919T110440Z,cnn_s2_16,val,Log-Mel CNN,0.05698331817984581,0.11215849220752716
seg_000899,sample_00299,2 (Wasn't There) - Isle of Pine,1,0.992728590965271,cnn_revised_20260919T110440Z,cnn_s2_16,val,Log-Mel CNN,0.05698331817984581,0.11215849220752716
seg_000918,sample_00306,Agora - Malaventura,1,0.9974085688591003,cnn_revised_20260919T110440Z,cnn_s2_16,val,Log-Mel CNN,0.05698331817984581,0.11215849220752716
seg_000919,sample_00306,Agora - Malaventura,1,0.9827747941017151,cnn_revised_20260919T110440Z,cnn_s2_16,val,Log-Mel CNN,0.05698331817984581,0.11215849220752716
seg_000920,sample_00306,Agora - Malaventura,1,0.9965332746505737,cnn_revised_20260919T110440Z,cnn_s2_16,val,Log-Mel CNN,0.05698331817984581,0.11215849220752716
seg_000969,sample_00323,Beyond Luxury - Mors Ontologica,1,0.23688067495822906,cnn_revised_20260919T110440Z,cnn_s2_16,val,Log-Mel CNN,0.05698331817984581,0.11215849220752716
seg_000970,sample_00323,Beyond Luxury - Mors Ontologica,1,0.0741797462105751,cnn_revised_20260919T110440Z,cnn_s2_16,val,Log-Mel CNN,0.05698331817984581,0.11215849220752716
seg_000971,sample_00323,Beyond Luxury - Mors Ontologica,1,0.7618764042854309,cnn_revised_20260919T110440Z,cnn_s2_16,val,Log-Mel CNN,0.05698331817984581,0.11215849220752716
seg_001014,sample_00338,CopperNickle - UncleBibby,1,0.4490133821964264,cnn_revised_20260919T110440Z,cnn_s2_16,val,Log-Mel CNN,0.05698331817984581,0.11215849220752716
seg_001015,sample_00338,CopperNickle - UncleBibby,1,0.4463215470314026,cnn_revised_20260919T110440Z,cnn_s2_16,val,Log-Mel CNN,0.05698331817984581,0.11215849220752716
seg_001016,sample_00338,CopperNickle - UncleBibby,1,0.6957118511199951,cnn_revised_20260919T110440Z,cnn_s2_16,val,Log-Mel CNN,0.05698331817984581,0.11215849220752716
seg_001029,sample_00343,Daylight Savings - My brother Daniel,1,0.9102553129196167,cnn_revised_20260919T110440Z,cnn_s2_16,val,Log-Mel CNN,0.05698331817984581,0.11215849220752716
seg_001030,sample_00343,Daylight Savings - My brother Daniel,1,0.4539416432380676,cnn_revised_20260919T110440Z,cnn_s2_16,val,Log-Mel CNN,0.05698331817984581,0.11215849220752716
seg_001031,sample_00343,Daylight Savings - My brother Daniel,1,0.9980366826057434,cnn_revised_20260919T110440Z,cnn_s2_16,val,Log-Mel CNN,0.05698331817984581,0.11215849220752716
seg_001065,sample_00355,Empty Pockets - Pete Prodoehl,1,0.9873510003089905,cnn_revised_20260919T110440Z,cnn_s2_16,val,Log-Mel CNN,0.05698331817984581,0.11215849220752716
seg_001066,sample_00355,Empty Pockets - Pete Prodoehl,1,0.9973354935646057,cnn_revised_20260919T110440Z,cnn_s2_16,val,Log-Mel CNN,0.05698331817984581,0.11215849220752716
seg_001067,sample_00355,Empty Pockets - Pete Prodoehl,1,0.9997895359992981,cnn_revised_20260919T110440Z,cnn_s2_16,val,Log-Mel CNN,0.05698331817984581,0.11215849220752716
seg_001083,sample_00361,Evil Cannot Create - Caleb Lemond,1,0.9870391488075256,cnn_revised_20260919T110440Z,cnn_s2_16,val,Log-Mel CNN,0.05698331817984581,0.11215849220752716
seg_001084,sample_00361,Evil Cannot Create - Caleb Lemond,1,0.982718825340271,cnn_revised_20260919T110440Z,cnn_s2_16,val,Log-Mel CNN,0.05698331817984581,0.11215849220752716
seg_001085,sample_00361,Evil Cannot Create - Caleb Lemond,1,0.9993625283241272,cnn_revised_20260919T110440Z,cnn_s2_16,val,Log-Mel CNN,0.05698331817984581,0.11215849220752716
seg_001089,sample_00363,Fear - Los Fancy Free,1,0.8863303661346436,cnn_revised_20260919T110440Z,cnn_s2_16,val,Log-Mel CNN,0.05698331817984581,0.11215849220752716
seg_001090,sample_00363,Fear - Los Fancy Free,1,0.6934962868690491,cnn_revised_20260919T110440Z,cnn_s2_16,val,Log-Mel CNN,0.05698331817984581,0.11215849220752716
seg_001091,sample_00363,Fear - Los Fancy Free,1,0.9961318969726562,cnn_revised_20260919T110440Z,cnn_s2_16,val,Log-Mel CNN,0.05698331817984581,0.11215849220752716
seg_001092,sample_00364,Fifth Ramble - From the album Keith [RSVP007] - My brother Daniel,1,0.6912552118301392,cnn_revised_20260919T110440Z,cnn_s2_16,val,Log-Mel CNN,0.05698331817984581,0.11215849220752716
seg_001093,sample_00364,Fifth Ramble - From the album Keith [RSVP007] - My brother Daniel,1,0.674613356590271,cnn_revised_20260919T110440Z,cnn_s2_16,val,Log-Mel CNN,0.05698331817984581,0.11215849220752716
seg_001094,sample_00364,Fifth Ramble - From the album Keith [RSVP007] - My brother Daniel,1,0.995551347732544,cnn_revised_20260919T110440Z,cnn_s2_16,val,Log-Mel CNN,0.05698331817984581,0.11215849220752716
seg_001128,sample_00376,Gila Monster Flop/Music History Lesson:The Sonics - The Crypts!,1,0.8248082399368286,cnn_revised_20260919T110440Z,cnn_s2_16,val,Log-Mel CNN,0.05698331817984581,0.11215849220752716
seg_001129,sample_00376,Gila Monster Flop/Music History Lesson:The Sonics - The Crypts!,1,0.40277132391929626,cnn_revised_20260919T110440Z,cnn_s2_16,val,Log-Mel CNN,0.05698331817984581,0.11215849220752716
seg_001130,sample_00376,Gila Monster Flop/Music History Lesson:The Sonics - The Crypts!,1,0.11315201967954636,cnn_revised_20260919T110440Z,cnn_s2_16,val,Log-Mel CNN,0.05698331817984581,0.11215849220752716
seg_001161,sample_00387,If You're Ther - Nicola Ratti,1,0.9424515962600708,cnn_revised_20260919T110440Z,cnn_s2_16,val,Log-Mel CNN,0.05698331817984581,0.11215849220752716
seg_001162,sample_00387,If You're Ther - Nicola Ratti,1,0.9717682600021362,cnn_revised_20260919T110440Z,cnn_s2_16,val,Log-Mel CNN,0.05698331817984581,0.11215849220752716
seg_001163,sample_00387,If You're Ther - Nicola Ratti,1,0.9865807294845581,cnn_revised_20260919T110440Z,cnn_s2_16,val,Log-Mel CNN,0.05698331817984581,0.11215849220752716
seg_001191,sample_00397,I Fell - Mod Fun,1,0.7330878376960754,cnn_revised_20260919T110440Z,cnn_s2_16,val,Log-Mel CNN,0.05698331817984581,0.11215849220752716
seg_001192,sample_00397,I Fell - Mod Fun,1,0.636060357093811,cnn_revised_20260919T110440Z,cnn_s2_16,val,Log-Mel CNN,0.05698331817984581,0.11215849220752716
seg_001193,sample_00397,I Fell - Mod Fun,1,0.45542648434638977,cnn_revised_20260919T110440Z,cnn_s2_16,val,Log-Mel CNN,0.05698331817984581,0.11215849220752716
seg_001239,sample_00413,Kumorizoranohajimarutokoro - Hosomi,1,0.9984241724014282,cnn_revised_20260919T110440Z,cnn_s2_16,val,Log-Mel CNN,0.05698331817984581,0.11215849220752716
seg_001240,sample_00413,Kumorizoranohajimarutokoro - Hosomi,1,0.8677038550376892,cnn_revised_20260919T110440Z,cnn_s2_16,val,Log-Mel CNN,0.05698331817984581,0.11215849220752716
seg_001241,sample_00413,Kumorizoranohajimarutokoro - Hosomi,1,0.9547742009162903,cnn_revised_20260919T110440Z,cnn_s2_16,val,Log-Mel CNN,0.05698331817984581,0.11215849220752716
seg_001275,sample_00425,Lights Up - Pipe Choir,1,0.8890304565429688,cnn_revised_20260919T110440Z,cnn_s2_16,val,Log-Mel CNN,0.05698331817984581,0.11215849220752716
seg_001276,sample_00425,Lights Up - Pipe Choir,1,0.0016340804286301136,cnn_revised_20260919T110440Z,cnn_s2_16,val,Log-Mel CNN,0.05698331817984581,0.11215849220752716
seg_001277,sample_00425,Lights Up - Pipe Choir,1,0.7333378195762634,cnn_revised_20260919T110440Z,cnn_s2_16,val,Log-Mel CNN,0.05698331817984581,0.11215849220752716
seg_001293,sample_00431,Loved Ones - Rowan Box,1,0.9988800883293152,cnn_revised_20260919T110440Z,cnn_s2_16,val,Log-Mel CNN,0.05698331817984581,0.11215849220752716
seg_001294,sample_00431,Loved Ones - Rowan Box,1,0.9970152378082275,cnn_revised_20260919T110440Z,cnn_s2_16,val,Log-Mel CNN,0.05698331817984581,0.11215849220752716
seg_001295,sample_00431,Loved Ones - Rowan Box,1,0.9999203681945801,cnn_revised_20260919T110440Z,cnn_s2_16,val,Log-Mel CNN,0.05698331817984581,0.11215849220752716
seg_001305,sample_00435,March of the GPA Mechanics - [t]ghost,1,0.9858711361885071,cnn_revised_20260919T110440Z,cnn_s2_16,val,Log-Mel CNN,0.05698331817984581,0.11215849220752716
seg_001306,sample_00435,March of the GPA Mechanics - [t]ghost,1,0.028277089819312096,cnn_revised_20260919T110440Z,cnn_s2_16,val,Log-Mel CNN,0.05698331817984581,0.11215849220752716
seg_001307,sample_00435,March of the GPA Mechanics - [t]ghost,1,0.6894166469573975,cnn_revised_20260919T110440Z,cnn_s2_16,val,Log-Mel CNN,0.05698331817984581,0.11215849220752716
seg_001326,sample_00442,Morning Bell - Nihilore,1,0.9613425731658936,cnn_revised_20260919T110440Z,cnn_s2_16,val,Log-Mel CNN,0.05698331817984581,0.11215849220752716
seg_001327,sample_00442,Morning Bell - Nihilore,1,0.686528742313385,cnn_revised_20260919T110440Z,cnn_s2_16,val,Log-Mel CNN,0.05698331817984581,0.11215849220752716
seg_001328,sample_00442,Morning Bell - Nihilore,1,0.9456942677497864,cnn_revised_20260919T110440Z,cnn_s2_16,val,Log-Mel CNN,0.05698331817984581,0.11215849220752716
seg_001341,sample_00447,mystery team 2090 - Jesse Futerman,1,0.39304476976394653,cnn_revised_20260919T110440Z,cnn_s2_16,val,Log-Mel CNN,0.05698331817984581,0.11215849220752716
seg_001342,sample_00447,mystery team 2090 - Jesse Futerman,1,0.8697894811630249,cnn_revised_20260919T110440Z,cnn_s2_16,val,Log-Mel CNN,0.05698331817984581,0.11215849220752716
seg_001343,sample_00447,mystery team 2090 - Jesse Futerman,1,0.8512629270553589,cnn_revised_20260919T110440Z,cnn_s2_16,val,Log-Mel CNN,0.05698331817984581,0.11215849220752716
seg_001344,sample_00448,My Body Is A Weapon (Compromise Edit) - Silence is full of birds,1,0.3125421106815338,cnn_revised_20260919T110440Z,cnn_s2_16,val,Log-Mel CNN,0.05698331817984581,0.11215849220752716
seg_001345,sample_00448,My Body Is A Weapon (Compromise Edit) - Silence is full of birds,1,0.2300279289484024,cnn_revised_20260919T110440Z,cnn_s2_16,val,Log-Mel CNN,0.05698331817984581,0.11215849220752716
seg_001346,sample_00448,My Body Is A Weapon (Compromise Edit) - Silence is full of birds,1,0.9828260540962219,cnn_revised_20260919T110440Z,cnn_s2_16,val,Log-Mel CNN,0.05698331817984581,0.11215849220752716
seg_001356,sample_00452,New Life (take 1) - Bird Names,1,0.9969812035560608,cnn_revised_20260919T110440Z,cnn_s2_16,val,Log-Mel CNN,0.05698331817984581,0.11215849220752716
seg_001357,sample_00452,New Life (take 1) - Bird Names,1,0.9741895794868469,cnn_revised_20260919T110440Z,cnn_s2_16,val,Log-Mel CNN,0.05698331817984581,0.11215849220752716
seg_001358,sample_00452,New Life (take 1) - Bird Names,1,0.8830094933509827,cnn_revised_20260919T110440Z,cnn_s2_16,val,Log-Mel CNN,0.05698331817984581,0.11215849220752716
seg_001362,sample_00454,Night Drive - Decktonic,1,0.7848962545394897,cnn_revised_20260919T110440Z,cnn_s2_16,val,Log-Mel CNN,0.05698331817984581,0.11215849220752716
seg_001363,sample_00454,Night Drive - Decktonic,1,0.7312673926353455,cnn_revised_20260919T110440Z,cnn_s2_16,val,Log-Mel CNN,0.05698331817984581,0.11215849220752716
seg_001364,sample_00454,Night Drive - Decktonic,1,0.47068625688552856,cnn_revised_20260919T110440Z,cnn_s2_16,val,Log-Mel CNN,0.05698331817984581,0.11215849220752716
seg_001371,sample_00457,Norweigian Wood II - Bird Names,1,0.9385750889778137,cnn_revised_20260919T110440Z,cnn_s2_16,val,Log-Mel CNN,0.05698331817984581,0.11215849220752716
seg_001372,sample_00457,Norweigian Wood II - Bird Names,1,0.7787903547286987,cnn_revised_20260919T110440Z,cnn_s2_16,val,Log-Mel CNN,0.05698331817984581,0.11215849220752716
seg_001373,sample_00457,Norweigian Wood II - Bird Names,1,0.9995372295379639,cnn_revised_20260919T110440Z,cnn_s2_16,val,Log-Mel CNN,0.05698331817984581,0.11215849220752716
seg_001383,sample_00461,Nuo Maisemat - Paavoharju,1,0.999268114566803,cnn_revised_20260919T110440Z,cnn_s2_16,val,Log-Mel CNN,0.05698331817984581,0.11215849220752716
seg_001384,sample_00461,Nuo Maisemat - Paavoharju,1,0.992946445941925,cnn_revised_20260919T110440Z,cnn_s2_16,val,Log-Mel CNN,0.05698331817984581,0.11215849220752716
seg_001385,sample_00461,Nuo Maisemat - Paavoharju,1,0.9715648889541626,cnn_revised_20260919T110440Z,cnn_s2_16,val,Log-Mel CNN,0.05698331817984581,0.11215849220752716
seg_001446,sample_00482,Redlight - Room For A Ghost,1,0.6472086310386658,cnn_revised_20260919T110440Z,cnn_s2_16,val,Log-Mel CNN,0.05698331817984581,0.11215849220752716
seg_001447,sample_00482,Redlight - Room For A Ghost,1,0.026018649339675903,cnn_revised_20260919T110440Z,cnn_s2_16,val,Log-Mel CNN,0.05698331817984581,0.11215849220752716
seg_001448,sample_00482,Redlight - Room For A Ghost,1,0.1185801699757576,cnn_revised_20260919T110440Z,cnn_s2_16,val,Log-Mel CNN,0.05698331817984581,0.11215849220752716
seg_001464,sample_00488,Roller Star - Monroeville Music Center,1,0.9748058319091797,cnn_revised_20260919T110440Z,cnn_s2_16,val,Log-Mel CNN,0.05698331817984581,0.11215849220752716
seg_001465,sample_00488,Roller Star - Monroeville Music Center,1,0.9890918731689453,cnn_revised_20260919T110440Z,cnn_s2_16,val,Log-Mel CNN,0.05698331817984581,0.11215849220752716
seg_001466,sample_00488,Roller Star - Monroeville Music Center,1,0.9998549222946167,cnn_revised_20260919T110440Z,cnn_s2_16,val,Log-Mel CNN,0.05698331817984581,0.11215849220752716
seg_001470,sample_00490,"Roundtrip - Oh Yeah, the Future",1,0.6056919693946838,cnn_revised_20260919T110440Z,cnn_s2_16,val,Log-Mel CNN,0.05698331817984581,0.11215849220752716
seg_001471,sample_00490,"Roundtrip - Oh Yeah, the Future",1,0.8179584741592407,cnn_revised_20260919T110440Z,cnn_s2_16,val,Log-Mel CNN,0.05698331817984581,0.11215849220752716
seg_001472,sample_00490,"Roundtrip - Oh Yeah, the Future",1,0.9985643029212952,cnn_revised_20260919T110440Z,cnn_s2_16,val,Log-Mel CNN,0.05698331817984581,0.11215849220752716
seg_001482,sample_00494,Scramby Eggs - Andy G. Cohen,1,0.9245380163192749,cnn_revised_20260919T110440Z,cnn_s2_16,val,Log-Mel CNN,0.05698331817984581,0.11215849220752716
seg_001483,sample_00494,Scramby Eggs - Andy G. Cohen,1,0.5193454623222351,cnn_revised_20260919T110440Z,cnn_s2_16,val,Log-Mel CNN,0.05698331817984581,0.11215849220752716
seg_001484,sample_00494,Scramby Eggs - Andy G. Cohen,1,0.4167294204235077,cnn_revised_20260919T110440Z,cnn_s2_16,val,Log-Mel CNN,0.05698331817984581,0.11215849220752716
seg_001485,sample_00495,SD (Ill Mix) - H-LR,1,0.2639830410480499,cnn_revised_20260919T110440Z,cnn_s2_16,val,Log-Mel CNN,0.05698331817984581,0.11215849220752716
seg_001486,sample_00495,SD (Ill Mix) - H-LR,1,0.21400615572929382,cnn_revised_20260919T110440Z,cnn_s2_16,val,Log-Mel CNN,0.05698331817984581,0.11215849220752716
seg_001487,sample_00495,SD (Ill Mix) - H-LR,1,0.9951016306877136,cnn_revised_20260919T110440Z,cnn_s2_16,val,Log-Mel CNN,0.05698331817984581,0.11215849220752716
seg_001509,sample_00503,Shipwrecked Crew - Pete Prodoehl,1,0.9312646985054016,cnn_revised_20260919T110440Z,cnn_s2_16,val,Log-Mel CNN,0.05698331817984581,0.11215849220752716
seg_001510,sample_00503,Shipwrecked Crew - Pete Prodoehl,1,0.8126612305641174,cnn_revised_20260919T110440Z,cnn_s2_16,val,Log-Mel CNN,0.05698331817984581,0.11215849220752716
seg_001511,sample_00503,Shipwrecked Crew - Pete Prodoehl,1,0.9827715754508972,cnn_revised_20260919T110440Z,cnn_s2_16,val,Log-Mel CNN,0.05698331817984581,0.11215849220752716
seg_001527,sample_00509,Soleares&beats - Malaventura,1,0.2655342221260071,cnn_revised_20260919T110440Z,cnn_s2_16,val,Log-Mel CNN,0.05698331817984581,0.11215849220752716
seg_001528,sample_00509,Soleares&beats - Malaventura,1,0.855805516242981,cnn_revised_20260919T110440Z,cnn_s2_16,val,Log-Mel CNN,0.05698331817984581,0.11215849220752716
seg_001529,sample_00509,Soleares&beats - Malaventura,1,0.9542120695114136,cnn_revised_20260919T110440Z,cnn_s2_16,val,Log-Mel CNN,0.05698331817984581,0.11215849220752716
seg_001533,sample_00511,some dextromethorphan - Jeva,1,0.9999687671661377,cnn_revised_20260919T110440Z,cnn_s2_16,val,Log-Mel CNN,0.05698331817984581,0.11215849220752716
seg_001534,sample_00511,some dextromethorphan - Jeva,1,0.9992471933364868,cnn_revised_20260919T110440Z,cnn_s2_16,val,Log-Mel CNN,0.05698331817984581,0.11215849220752716
seg_001535,sample_00511,some dextromethorphan - Jeva,1,0.9664964079856873,cnn_revised_20260919T110440Z,cnn_s2_16,val,Log-Mel CNN,0.05698331817984581,0.11215849220752716
seg_001548,sample_00516,Stockholm Syndrome / People Should Be More Aware - Bird Names,1,0.17584611475467682,cnn_revised_20260919T110440Z,cnn_s2_16,val,Log-Mel CNN,0.05698331817984581,0.11215849220752716
seg_001549,sample_00516,Stockholm Syndrome / People Should Be More Aware - Bird Names,1,0.12517479062080383,cnn_revised_20260919T110440Z,cnn_s2_16,val,Log-Mel CNN,0.05698331817984581,0.11215849220752716
seg_001550,sample_00516,Stockholm Syndrome / People Should Be More Aware - Bird Names,1,0.9965527057647705,cnn_revised_20260919T110440Z,cnn_s2_16,val,Log-Mel CNN,0.05698331817984581,0.11215849220752716
seg_001560,sample_00520,Sturgeon's Law - Nihilore,1,0.9118303060531616,cnn_revised_20260919T110440Z,cnn_s2_16,val,Log-Mel CNN,0.05698331817984581,0.11215849220752716
seg_001561,sample_00520,Sturgeon's Law - Nihilore,1,0.2960146963596344,cnn_revised_20260919T110440Z,cnn_s2_16,val,Log-Mel CNN,0.05698331817984581,0.11215849220752716
seg_001562,sample_00520,Sturgeon's Law - Nihilore,1,0.999035120010376,cnn_revised_20260919T110440Z,cnn_s2_16,val,Log-Mel CNN,0.05698331817984581,0.11215849220752716
seg_001617,sample_00539,The girl just faded - Los Llamarada,1,0.9757787585258484,cnn_revised_20260919T110440Z,cnn_s2_16,val,Log-Mel CNN,0.05698331817984581,0.11215849220752716
seg_001618,sample_00539,The girl just faded - Los Llamarada,1,0.8455883860588074,cnn_revised_20260919T110440Z,cnn_s2_16,val,Log-Mel CNN,0.05698331817984581,0.11215849220752716
seg_001619,sample_00539,The girl just faded - Los Llamarada,1,0.7580904364585876,cnn_revised_20260919T110440Z,cnn_s2_16,val,Log-Mel CNN,0.05698331817984581,0.11215849220752716
seg_001644,sample_00548,The Stairway - WarpToken,1,0.9967953562736511,cnn_revised_20260919T110440Z,cnn_s2_16,val,Log-Mel CNN,0.05698331817984581,0.11215849220752716
seg_001645,sample_00548,The Stairway - WarpToken,1,0.9880502820014954,cnn_revised_20260919T110440Z,cnn_s2_16,val,Log-Mel CNN,0.05698331817984581,0.11215849220752716
seg_001646,sample_00548,The Stairway - WarpToken,1,0.9997373223304749,cnn_revised_20260919T110440Z,cnn_s2_16,val,Log-Mel CNN,0.05698331817984581,0.11215849220752716
seg_001647,sample_00549,Three Bird - My brother Daniel,1,0.9099287986755371,cnn_revised_20260919T110440Z,cnn_s2_16,val,Log-Mel CNN,0.05698331817984581,0.11215849220752716
seg_001648,sample_00549,Three Bird - My brother Daniel,1,0.7168844938278198,cnn_revised_20260919T110440Z,cnn_s2_16,val,Log-Mel CNN,0.05698331817984581,0.11215849220752716
seg_001649,sample_00549,Three Bird - My brother Daniel,1,0.9331274628639221,cnn_revised_20260919T110440Z,cnn_s2_16,val,Log-Mel CNN,0.05698331817984581,0.11215849220752716
seg_001650,sample_00550,Timen Passing By - Jason Shaw,1,0.9986231327056885,cnn_revised_20260919T110440Z,cnn_s2_16,val,Log-Mel CNN,0.05698331817984581,0.11215849220752716
seg_001651,sample_00550,Timen Passing By - Jason Shaw,1,0.9871799349784851,cnn_revised_20260919T110440Z,cnn_s2_16,val,Log-Mel CNN,0.05698331817984581,0.11215849220752716
seg_001652,sample_00550,Timen Passing By - Jason Shaw,1,0.9945303797721863,cnn_revised_20260919T110440Z,cnn_s2_16,val,Log-Mel CNN,0.05698331817984581,0.11215849220752716
seg_001653,sample_00551,Time Is Love - Silence is full of birds,1,0.1536993533372879,cnn_revised_20260919T110440Z,cnn_s2_16,val,Log-Mel CNN,0.05698331817984581,0.11215849220752716
seg_001654,sample_00551,Time Is Love - Silence is full of birds,1,0.5937230587005615,cnn_revised_20260919T110440Z,cnn_s2_16,val,Log-Mel CNN,0.05698331817984581,0.11215849220752716
seg_001655,sample_00551,Time Is Love - Silence is full of birds,1,0.9965014457702637,cnn_revised_20260919T110440Z,cnn_s2_16,val,Log-Mel CNN,0.05698331817984581,0.11215849220752716
seg_001680,sample_00560,Understand That This Is A Dream - From the album Modulating Coil [RSVP008] - Forrest James,1,0.8458058834075928,cnn_revised_20260919T110440Z,cnn_s2_16,val,Log-Mel CNN,0.05698331817984581,0.11215849220752716
seg_001681,sample_00560,Understand That This Is A Dream - From the album Modulating Coil [RSVP008] - Forrest James,1,0.3554449677467346,cnn_revised_20260919T110440Z,cnn_s2_16,val,Log-Mel CNN,0.05698331817984581,0.11215849220752716
seg_001682,sample_00560,Understand That This Is A Dream - From the album Modulating Coil [RSVP008] - Forrest James,1,0.961798369884491,cnn_revised_20260919T110440Z,cnn_s2_16,val,Log-Mel CNN,0.05698331817984581,0.11215849220752716
seg_001695,sample_00565,Voxel - Andy G. Cohen,1,0.516210675239563,cnn_revised_20260919T110440Z,cnn_s2_16,val,Log-Mel CNN,0.05698331817984581,0.11215849220752716
seg_001696,sample_00565,Voxel - Andy G. Cohen,1,0.36018311977386475,cnn_revised_20260919T110440Z,cnn_s2_16,val,Log-Mel CNN,0.05698331817984581,0.11215849220752716
seg_001697,sample_00565,Voxel - Andy G. Cohen,1,0.9709064960479736,cnn_revised_20260919T110440Z,cnn_s2_16,val,Log-Mel CNN,0.05698331817984581,0.11215849220752716
seg_001701,sample_00567,Westside Chillers - Little Glass Men,1,0.9899139404296875,cnn_revised_20260919T110440Z,cnn_s2_16,val,Log-Mel CNN,0.05698331817984581,0.11215849220752716
seg_001702,sample_00567,Westside Chillers - Little Glass Men,1,0.8244081735610962,cnn_revised_20260919T110440Z,cnn_s2_16,val,Log-Mel CNN,0.05698331817984581,0.11215849220752716
seg_001703,sample_00567,Westside Chillers - Little Glass Men,1,0.8841416835784912,cnn_revised_20260919T110440Z,cnn_s2_16,val,Log-Mel CNN,0.05698331817984581,0.11215849220752716
seg_001758,sample_00586,В Наших Сердцах - Чокнутый Пропеллер,1,0.003704802133142948,cnn_revised_20260919T110440Z,cnn_s2_16,val,Log-Mel CNN,0.05698331817984581,0.11215849220752716
seg_001759,sample_00586,В Наших Сердцах - Чокнутый Пропеллер,1,0.018967952579259872,cnn_revised_20260919T110440Z,cnn_s2_16,val,Log-Mel CNN,0.05698331817984581,0.11215849220752716
seg_001760,sample_00586,В Наших Сердцах - Чокнутый Пропеллер,1,0.024830041453242302,cnn_revised_20260919T110440Z,cnn_s2_16,val,Log-Mel CNN,0.05698331817984581,0.11215849220752716
seg_001767,sample_00589,Новый Нью-Йорк 2 - Чокнутый Пропеллер,1,0.10209434479475021,cnn_revised_20260919T110440Z,cnn_s2_16,val,Log-Mel CNN,0.05698331817984581,0.11215849220752716
seg_001768,sample_00589,Новый Нью-Йорк 2 - Чокнутый Пропеллер,1,0.2401941567659378,cnn_revised_20260919T110440Z,cnn_s2_16,val,Log-Mel CNN,0.05698331817984581,0.11215849220752716
seg_001769,sample_00589,Новый Нью-Йорк 2 - Чокнутый Пропеллер,1,0.9688584208488464,cnn_revised_20260919T110440Z,cnn_s2_16,val,Log-Mel CNN,0.05698331817984581,0.11215849220752716
seg_001785,sample_00595,Daylight Savings - My brother Daniel,1,0.9993670582771301,cnn_revised_20260919T110440Z,cnn_s2_16,val,Log-Mel CNN,0.05698331817984581,0.11215849220752716
seg_001786,sample_00595,Daylight Savings - My brother Daniel,1,0.9999462366104126,cnn_revised_20260919T110440Z,cnn_s2_16,val,Log-Mel CNN,0.05698331817984581,0.11215849220752716
seg_001787,sample_00595,Daylight Savings - My brother Daniel,1,0.9993184804916382,cnn_revised_20260919T110440Z,cnn_s2_16,val,Log-Mel CNN,0.05698331817984581,0.11215849220752716
seg_001788,sample_00596,Three Bird - My brother Daniel,1,0.6370967626571655,cnn_revised_20260919T110440Z,cnn_s2_16,val,Log-Mel CNN,0.05698331817984581,0.11215849220752716
seg_001789,sample_00596,Three Bird - My brother Daniel,1,0.8099097013473511,cnn_revised_20260919T110440Z,cnn_s2_16,val,Log-Mel CNN,0.05698331817984581,0.11215849220752716
seg_001790,sample_00596,Three Bird - My brother Daniel,1,0.9813230037689209,cnn_revised_20260919T110440Z,cnn_s2_16,val,Log-Mel CNN,0.05698331817984581,0.11215849220752716
seg_001827,sample_00609,Timen Passing By - Jason Shaw,1,0.9905933737754822,cnn_revised_20260919T110440Z,cnn_s2_16,val,Log-Mel CNN,0.05698331817984581,0.11215849220752716
seg_001828,sample_00609,Timen Passing By - Jason Shaw,1,0.999923825263977,cnn_revised_20260919T110440Z,cnn_s2_16,val,Log-Mel CNN,0.05698331817984581,0.11215849220752716
seg_001829,sample_00609,Timen Passing By - Jason Shaw,1,0.9998757839202881,cnn_revised_20260919T110440Z,cnn_s2_16,val,Log-Mel CNN,0.05698331817984581,0.11215849220752716
seg_001830,sample_00610,Night Drive - Decktonic,1,0.9565584063529968,cnn_revised_20260919T110440Z,cnn_s2_16,val,Log-Mel CNN,0.05698331817984581,0.11215849220752716
seg_001831,sample_00610,Night Drive - Decktonic,1,0.9520476460456848,cnn_revised_20260919T110440Z,cnn_s2_16,val,Log-Mel CNN,0.05698331817984581,0.11215849220752716
seg_001832,sample_00610,Night Drive - Decktonic,1,0.9276279211044312,cnn_revised_20260919T110440Z,cnn_s2_16,val,Log-Mel CNN,0.05698331817984581,0.11215849220752716
seg_001845,sample_00615,Sturgeon's Law - Nihilore,1,0.7045387625694275,cnn_revised_20260919T110440Z,cnn_s2_16,val,Log-Mel CNN,0.05698331817984581,0.11215849220752716
seg_001846,sample_00615,Sturgeon's Law - Nihilore,1,0.6576040983200073,cnn_revised_20260919T110440Z,cnn_s2_16,val,Log-Mel CNN,0.05698331817984581,0.11215849220752716
seg_001847,sample_00615,Sturgeon's Law - Nihilore,1,0.818040132522583,cnn_revised_20260919T110440Z,cnn_s2_16,val,Log-Mel CNN,0.05698331817984581,0.11215849220752716
seg_001851,sample_00617,mystery team 2090 - Jesse Futerman,1,0.9398765563964844,cnn_revised_20260919T110440Z,cnn_s2_16,val,Log-Mel CNN,0.05698331817984581,0.11215849220752716
seg_001852,sample_00617,mystery team 2090 - Jesse Futerman,1,0.9062589406967163,cnn_revised_20260919T110440Z,cnn_s2_16,val,Log-Mel CNN,0.05698331817984581,0.11215849220752716
seg_001853,sample_00617,mystery team 2090 - Jesse Futerman,1,0.9990978240966797,cnn_revised_20260919T110440Z,cnn_s2_16,val,Log-Mel CNN,0.05698331817984581,0.11215849220752716
seg_001875,sample_00625,Loved Ones - Rowan Box,1,0.8039566278457642,cnn_revised_20260919T110440Z,cnn_s2_16,val,Log-Mel CNN,0.05698331817984581,0.11215849220752716
seg_001876,sample_00625,Loved Ones - Rowan Box,1,0.8113442063331604,cnn_revised_20260919T110440Z,cnn_s2_16,val,Log-Mel CNN,0.05698331817984581,0.11215849220752716
seg_001877,sample_00625,Loved Ones - Rowan Box,1,0.8802252411842346,cnn_revised_20260919T110440Z,cnn_s2_16,val,Log-Mel CNN,0.05698331817984581,0.11215849220752716
seg_001917,sample_00639,CopperNickle - UncleBibby,1,0.9957476258277893,cnn_revised_20260919T110440Z,cnn_s2_16,val,Log-Mel CNN,0.05698331817984581,0.11215849220752716
seg_001918,sample_00639,CopperNickle - UncleBibby,1,0.9903286099433899,cnn_revised_20260919T110440Z,cnn_s2_16,val,Log-Mel CNN,0.05698331817984581,0.11215849220752716
seg_001919,sample_00639,CopperNickle - UncleBibby,1,0.9990047812461853,cnn_revised_20260919T110440Z,cnn_s2_16,val,Log-Mel CNN,0.05698331817984581,0.11215849220752716
seg_001953,sample_00651,Nuo Maisemat - Paavoharju,1,0.993043065071106,cnn_revised_20260919T110440Z,cnn_s2_16,val,Log-Mel CNN,0.05698331817984581,0.11215849220752716
seg_001954,sample_00651,Nuo Maisemat - Paavoharju,1,0.9863548874855042,cnn_revised_20260919T110440Z,cnn_s2_16,val,Log-Mel CNN,0.05698331817984581,0.11215849220752716
seg_001955,sample_00651,Nuo Maisemat - Paavoharju,1,0.9853395223617554,cnn_revised_20260919T110440Z,cnn_s2_16,val,Log-Mel CNN,0.05698331817984581,0.11215849220752716
seg_001986,sample_00662,SD (Ill Mix) - H-LR,1,0.9905158281326294,cnn_revised_20260919T110440Z,cnn_s2_16,val,Log-Mel CNN,0.05698331817984581,0.11215849220752716
seg_001987,sample_00662,SD (Ill Mix) - H-LR,1,0.9874517321586609,cnn_revised_20260919T110440Z,cnn_s2_16,val,Log-Mel CNN,0.05698331817984581,0.11215849220752716
seg_001988,sample_00662,SD (Ill Mix) - H-LR,1,0.9882866740226746,cnn_revised_20260919T110440Z,cnn_s2_16,val,Log-Mel CNN,0.05698331817984581,0.11215849220752716
seg_001998,sample_00666,Kumorizoranohajimarutokoro - Hosomi,1,0.9241213202476501,cnn_revised_20260919T110440Z,cnn_s2_16,val,Log-Mel CNN,0.05698331817984581,0.11215849220752716
seg_001999,sample_00666,Kumorizoranohajimarutokoro - Hosomi,1,0.9614238739013672,cnn_revised_20260919T110440Z,cnn_s2_16,val,Log-Mel CNN,0.05698331817984581,0.11215849220752716
seg_002000,sample_00666,Kumorizoranohajimarutokoro - Hosomi,1,0.9687370657920837,cnn_revised_20260919T110440Z,cnn_s2_16,val,Log-Mel CNN,0.05698331817984581,0.11215849220752716
seg_002019,sample_00673,some dextromethorphan - Jeva,1,0.9783611297607422,cnn_revised_20260919T110440Z,cnn_s2_16,val,Log-Mel CNN,0.05698331817984581,0.11215849220752716
seg_002020,sample_00673,some dextromethorphan - Jeva,1,0.9619680047035217,cnn_revised_20260919T110440Z,cnn_s2_16,val,Log-Mel CNN,0.05698331817984581,0.11215849220752716
seg_002021,sample_00673,some dextromethorphan - Jeva,1,0.9716877937316895,cnn_revised_20260919T110440Z,cnn_s2_16,val,Log-Mel CNN,0.05698331817984581,0.11215849220752716
seg_002028,sample_00676,Fifth Ramble - From the album Keith [RSVP007] - My brother Daniel,1,0.9070312976837158,cnn_revised_20260919T110440Z,cnn_s2_16,val,Log-Mel CNN,0.05698331817984581,0.11215849220752716
seg_002029,sample_00676,Fifth Ramble - From the album Keith [RSVP007] - My brother Daniel,1,0.9683776497840881,cnn_revised_20260919T110440Z,cnn_s2_16,val,Log-Mel CNN,0.05698331817984581,0.11215849220752716
seg_002030,sample_00676,Fifth Ramble - From the album Keith [RSVP007] - My brother Daniel,1,0.9858347773551941,cnn_revised_20260919T110440Z,cnn_s2_16,val,Log-Mel CNN,0.05698331817984581,0.11215849220752716
seg_002043,sample_00681,Westside Chillers - Little Glass Men,1,0.9438682198524475,cnn_revised_20260919T110440Z,cnn_s2_16,val,Log-Mel CNN,0.05698331817984581,0.11215849220752716
seg_002044,sample_00681,Westside Chillers - Little Glass Men,1,0.9524528980255127,cnn_revised_20260919T110440Z,cnn_s2_16,val,Log-Mel CNN,0.05698331817984581,0.11215849220752716
seg_002045,sample_00681,Westside Chillers - Little Glass Men,1,0.896759569644928,cnn_revised_20260919T110440Z,cnn_s2_16,val,Log-Mel CNN,0.05698331817984581,0.11215849220752716
seg_002076,sample_00692,If You're Ther - Nicola Ratti,1,0.9998346567153931,cnn_revised_20260919T110440Z,cnn_s2_16,val,Log-Mel CNN,0.05698331817984581,0.11215849220752716
seg_002077,sample_00692,If You're Ther - Nicola Ratti,1,0.9600887894630432,cnn_revised_20260919T110440Z,cnn_s2_16,val,Log-Mel CNN,0.05698331817984581,0.11215849220752716
seg_002078,sample_00692,If You're Ther - Nicola Ratti,1,0.8797221183776855,cnn_revised_20260919T110440Z,cnn_s2_16,val,Log-Mel CNN,0.05698331817984581,0.11215849220752716
seg_002079,sample_00693,Understand That This Is A Dream - From the album Modulating Coil [RSVP008] - Forrest James,1,0.9984613656997681,cnn_revised_20260919T110440Z,cnn_s2_16,val,Log-Mel CNN,0.05698331817984581,0.11215849220752716
seg_002080,sample_00693,Understand That This Is A Dream - From the album Modulating Coil [RSVP008] - Forrest James,1,0.9867231249809265,cnn_revised_20260919T110440Z,cnn_s2_16,val,Log-Mel CNN,0.05698331817984581,0.11215849220752716
seg_002081,sample_00693,Understand That This Is A Dream - From the album Modulating Coil [RSVP008] - Forrest James,1,0.9937365055084229,cnn_revised_20260919T110440Z,cnn_s2_16,val,Log-Mel CNN,0.05698331817984581,0.11215849220752716
seg_002100,sample_00700,The Stairway - WarpToken,1,0.9770042300224304,cnn_revised_20260919T110440Z,cnn_s2_16,val,Log-Mel CNN,0.05698331817984581,0.11215849220752716
seg_002101,sample_00700,The Stairway - WarpToken,1,0.9625204205513,cnn_revised_20260919T110440Z,cnn_s2_16,val,Log-Mel CNN,0.05698331817984581,0.11215849220752716
seg_002102,sample_00700,The Stairway - WarpToken,1,0.9986170530319214,cnn_revised_20260919T110440Z,cnn_s2_16,val,Log-Mel CNN,0.05698331817984581,0.11215849220752716
seg_002112,sample_00704,Soleares&beats - Malaventura,1,0.5217390060424805,cnn_revised_20260919T110440Z,cnn_s2_16,val,Log-Mel CNN,0.05698331817984581,0.11215849220752716
seg_002113,sample_00704,Soleares&beats - Malaventura,1,0.5033718943595886,cnn_revised_20260919T110440Z,cnn_s2_16,val,Log-Mel CNN,0.05698331817984581,0.11215849220752716
seg_002114,sample_00704,Soleares&beats - Malaventura,1,0.5266950130462646,cnn_revised_20260919T110440Z,cnn_s2_16,val,Log-Mel CNN,0.05698331817984581,0.11215849220752716
seg_002184,sample_00728,Evil Cannot Create - Caleb Lemond,1,0.9895970225334167,cnn_revised_20260919T110440Z,cnn_s2_16,val,Log-Mel CNN,0.05698331817984581,0.11215849220752716
seg_002185,sample_00728,Evil Cannot Create - Caleb Lemond,1,0.9888414740562439,cnn_revised_20260919T110440Z,cnn_s2_16,val,Log-Mel CNN,0.05698331817984581,0.11215849220752716
seg_002186,sample_00728,Evil Cannot Create - Caleb Lemond,1,0.9866294860839844,cnn_revised_20260919T110440Z,cnn_s2_16,val,Log-Mel CNN,0.05698331817984581,0.11215849220752716
seg_002196,sample_00732,Norweigian Wood II - Bird Names,1,0.8682443499565125,cnn_revised_20260919T110440Z,cnn_s2_16,val,Log-Mel CNN,0.05698331817984581,0.11215849220752716
seg_002197,sample_00732,Norweigian Wood II - Bird Names,1,0.9021112322807312,cnn_revised_20260919T110440Z,cnn_s2_16,val,Log-Mel CNN,0.05698331817984581,0.11215849220752716
seg_002198,sample_00732,Norweigian Wood II - Bird Names,1,0.9698650240898132,cnn_revised_20260919T110440Z,cnn_s2_16,val,Log-Mel CNN,0.05698331817984581,0.11215849220752716
seg_002214,sample_00738,Roller Star - Monroeville Music Center,1,0.9874611496925354,cnn_revised_20260919T110440Z,cnn_s2_16,val,Log-Mel CNN,0.05698331817984581,0.11215849220752716
seg_002215,sample_00738,Roller Star - Monroeville Music Center,1,0.990838348865509,cnn_revised_20260919T110440Z,cnn_s2_16,val,Log-Mel CNN,0.05698331817984581,0.11215849220752716
seg_002216,sample_00738,Roller Star - Monroeville Music Center,1,0.9884606599807739,cnn_revised_20260919T110440Z,cnn_s2_16,val,Log-Mel CNN,0.05698331817984581,0.11215849220752716
seg_002229,sample_00743,Time Is Love - Silence is full of birds,1,0.9846477508544922,cnn_revised_20260919T110440Z,cnn_s2_16,val,Log-Mel CNN,0.05698331817984581,0.11215849220752716
seg_002230,sample_00743,Time Is Love - Silence is full of birds,1,0.9672186374664307,cnn_revised_20260919T110440Z,cnn_s2_16,val,Log-Mel CNN,0.05698331817984581,0.11215849220752716
seg_002231,sample_00743,Time Is Love - Silence is full of birds,1,0.7787789106369019,cnn_revised_20260919T110440Z,cnn_s2_16,val,Log-Mel CNN,0.05698331817984581,0.11215849220752716
seg_002232,sample_00744,Stockholm Syndrome / People Should Be More Aware - Bird Names,1,0.8058488965034485,cnn_revised_20260919T110440Z,cnn_s2_16,val,Log-Mel CNN,0.05698331817984581,0.11215849220752716
seg_002233,sample_00744,Stockholm Syndrome / People Should Be More Aware - Bird Names,1,0.7590855360031128,cnn_revised_20260919T110440Z,cnn_s2_16,val,Log-Mel CNN,0.05698331817984581,0.11215849220752716
seg_002234,sample_00744,Stockholm Syndrome / People Should Be More Aware - Bird Names,1,0.8065721988677979,cnn_revised_20260919T110440Z,cnn_s2_16,val,Log-Mel CNN,0.05698331817984581,0.11215849220752716
seg_002244,sample_00748,"Roundtrip - Oh Yeah, the Future",1,0.9854304790496826,cnn_revised_20260919T110440Z,cnn_s2_16,val,Log-Mel CNN,0.05698331817984581,0.11215849220752716
seg_002245,sample_00748,"Roundtrip - Oh Yeah, the Future",1,0.9997597336769104,cnn_revised_20260919T110440Z,cnn_s2_16,val,Log-Mel CNN,0.05698331817984581,0.11215849220752716
seg_002246,sample_00748,"Roundtrip - Oh Yeah, the Future",1,0.9985178112983704,cnn_revised_20260919T110440Z,cnn_s2_16,val,Log-Mel CNN,0.05698331817984581,0.11215849220752716
seg_002247,sample_00749,New Life (take 1) - Bird Names,1,0.7591569423675537,cnn_revised_20260919T110440Z,cnn_s2_16,val,Log-Mel CNN,0.05698331817984581,0.11215849220752716
seg_002248,sample_00749,New Life (take 1) - Bird Names,1,0.928360641002655,cnn_revised_20260919T110440Z,cnn_s2_16,val,Log-Mel CNN,0.05698331817984581,0.11215849220752716
seg_002249,sample_00749,New Life (take 1) - Bird Names,1,0.8218282461166382,cnn_revised_20260919T110440Z,cnn_s2_16,val,Log-Mel CNN,0.05698331817984581,0.11215849220752716
seg_002253,sample_00751,My Body Is A Weapon (Compromise Edit) - Silence is full of birds,1,0.9211825728416443,cnn_revised_20260919T110440Z,cnn_s2_16,val,Log-Mel CNN,0.05698331817984581,0.11215849220752716
seg_002254,sample_00751,My Body Is A Weapon (Compromise Edit) - Silence is full of birds,1,0.9624533653259277,cnn_revised_20260919T110440Z,cnn_s2_16,val,Log-Mel CNN,0.05698331817984581,0.11215849220752716
seg_002255,sample_00751,My Body Is A Weapon (Compromise Edit) - Silence is full of birds,1,0.996868908405304,cnn_revised_20260919T110440Z,cnn_s2_16,val,Log-Mel CNN,0.05698331817984581,0.11215849220752716
seg_002280,sample_00760,Agora - Malaventura,1,0.9889714121818542,cnn_revised_20260919T110440Z,cnn_s2_16,val,Log-Mel CNN,0.05698331817984581,0.11215849220752716
seg_002281,sample_00760,Agora - Malaventura,1,0.9967840909957886,cnn_revised_20260919T110440Z,cnn_s2_16,val,Log-Mel CNN,0.05698331817984581,0.11215849220752716
seg_002282,sample_00760,Agora - Malaventura,1,0.9983186721801758,cnn_revised_20260919T110440Z,cnn_s2_16,val,Log-Mel CNN,0.05698331817984581,0.11215849220752716
seg_002304,sample_00768,Empty Pockets - Pete Prodoehl,1,0.9926328063011169,cnn_revised_20260919T110440Z,cnn_s2_16,val,Log-Mel CNN,0.05698331817984581,0.11215849220752716
seg_002305,sample_00768,Empty Pockets - Pete Prodoehl,1,0.9896162748336792,cnn_revised_20260919T110440Z,cnn_s2_16,val,Log-Mel CNN,0.05698331817984581,0.11215849220752716
seg_002306,sample_00768,Empty Pockets - Pete Prodoehl,1,0.9997507929801941,cnn_revised_20260919T110440Z,cnn_s2_16,val,Log-Mel CNN,0.05698331817984581,0.11215849220752716
seg_002310,sample_00770,Windows of the Skull - Sarin,1,0.8366765975952148,cnn_revised_20260919T110440Z,cnn_s2_16,val,Log-Mel CNN,0.05698331817984581,0.11215849220752716
seg_002311,sample_00770,Windows of the Skull - Sarin,1,0.8335267901420593,cnn_revised_20260919T110440Z,cnn_s2_16,val,Log-Mel CNN,0.05698331817984581,0.11215849220752716
seg_002312,sample_00770,Windows of the Skull - Sarin,1,0.884243369102478,cnn_revised_20260919T110440Z,cnn_s2_16,val,Log-Mel CNN,0.05698331817984581,0.11215849220752716
seg_002319,sample_00773,Gila Monster Flop/Music History Lesson:The Sonics - The Crypts!,1,0.971464991569519,cnn_revised_20260919T110440Z,cnn_s2_16,val,Log-Mel CNN,0.05698331817984581,0.11215849220752716
seg_002320,sample_00773,Gila Monster Flop/Music History Lesson:The Sonics - The Crypts!,1,0.9767306447029114,cnn_revised_20260919T110440Z,cnn_s2_16,val,Log-Mel CNN,0.05698331817984581,0.11215849220752716
seg_002321,sample_00773,Gila Monster Flop/Music History Lesson:The Sonics - The Crypts!,1,0.9805704951286316,cnn_revised_20260919T110440Z,cnn_s2_16,val,Log-Mel CNN,0.05698331817984581,0.11215849220752716
seg_002343,sample_00781,Voxel - Andy G. Cohen,1,0.9848912358283997,cnn_revised_20260919T110440Z,cnn_s2_16,val,Log-Mel CNN,0.05698331817984581,0.11215849220752716
seg_002344,sample_00781,Voxel - Andy G. Cohen,1,0.6923853754997253,cnn_revised_20260919T110440Z,cnn_s2_16,val,Log-Mel CNN,0.05698331817984581,0.11215849220752716
seg_002345,sample_00781,Voxel - Andy G. Cohen,1,0.9816737174987793,cnn_revised_20260919T110440Z,cnn_s2_16,val,Log-Mel CNN,0.05698331817984581,0.11215849220752716
seg_002364,sample_00788,Scramby Eggs - Andy G. Cohen,1,0.9294367432594299,cnn_revised_20260919T110440Z,cnn_s2_16,val,Log-Mel CNN,0.05698331817984581,0.11215849220752716
seg_002365,sample_00788,Scramby Eggs - Andy G. Cohen,1,0.6273695826530457,cnn_revised_20260919T110440Z,cnn_s2_16,val,Log-Mel CNN,0.05698331817984581,0.11215849220752716
seg_002366,sample_00788,Scramby Eggs - Andy G. Cohen,1,0.9971828460693359,cnn_revised_20260919T110440Z,cnn_s2_16,val,Log-Mel CNN,0.05698331817984581,0.11215849220752716
seg_002406,sample_00802,I Fell - Mod Fun,1,0.901901364326477,cnn_revised_20260919T110440Z,cnn_s2_16,val,Log-Mel CNN,0.05698331817984581,0.11215849220752716
seg_002407,sample_00802,I Fell - Mod Fun,1,0.8181476593017578,cnn_revised_20260919T110440Z,cnn_s2_16,val,Log-Mel CNN,0.05698331817984581,0.11215849220752716
seg_002408,sample_00802,I Fell - Mod Fun,1,0.9959079027175903,cnn_revised_20260919T110440Z,cnn_s2_16,val,Log-Mel CNN,0.05698331817984581,0.11215849220752716
seg_002409,sample_00803,Новый Нью-Йорк 2 - Чокнутый Пропеллер,1,0.9788155555725098,cnn_revised_20260919T110440Z,cnn_s2_16,val,Log-Mel CNN,0.05698331817984581,0.11215849220752716
seg_002410,sample_00803,Новый Нью-Йорк 2 - Чокнутый Пропеллер,1,0.7518259882926941,cnn_revised_20260919T110440Z,cnn_s2_16,val,Log-Mel CNN,0.05698331817984581,0.11215849220752716
seg_002411,sample_00803,Новый Нью-Йорк 2 - Чокнутый Пропеллер,1,0.9221938252449036,cnn_revised_20260919T110440Z,cnn_s2_16,val,Log-Mel CNN,0.05698331817984581,0.11215849220752716
seg_002421,sample_00807,March of the GPA Mechanics - [t]ghost,1,0.8689468502998352,cnn_revised_20260919T110440Z,cnn_s2_16,val,Log-Mel CNN,0.05698331817984581,0.11215849220752716
seg_002422,sample_00807,March of the GPA Mechanics - [t]ghost,1,0.864264726638794,cnn_revised_20260919T110440Z,cnn_s2_16,val,Log-Mel CNN,0.05698331817984581,0.11215849220752716
seg_002423,sample_00807,March of the GPA Mechanics - [t]ghost,1,0.8037611842155457,cnn_revised_20260919T110440Z,cnn_s2_16,val,Log-Mel CNN,0.05698331817984581,0.11215849220752716
seg_002436,sample_00812,2 (Wasn't There) - Isle of Pine,1,0.9807851314544678,cnn_revised_20260919T110440Z,cnn_s2_16,val,Log-Mel CNN,0.05698331817984581,0.11215849220752716
seg_002437,sample_00812,2 (Wasn't There) - Isle of Pine,1,0.991654634475708,cnn_revised_20260919T110440Z,cnn_s2_16,val,Log-Mel CNN,0.05698331817984581,0.11215849220752716
seg_002438,sample_00812,2 (Wasn't There) - Isle of Pine,1,0.9990262985229492,cnn_revised_20260919T110440Z,cnn_s2_16,val,Log-Mel CNN,0.05698331817984581,0.11215849220752716
seg_002439,sample_00813,The girl just faded - Los Llamarada,1,0.5501295328140259,cnn_revised_20260919T110440Z,cnn_s2_16,val,Log-Mel CNN,0.05698331817984581,0.11215849220752716
seg_002440,sample_00813,The girl just faded - Los Llamarada,1,0.5069746971130371,cnn_revised_20260919T110440Z,cnn_s2_16,val,Log-Mel CNN,0.05698331817984581,0.11215849220752716
seg_002441,sample_00813,The girl just faded - Los Llamarada,1,0.3745879530906677,cnn_revised_20260919T110440Z,cnn_s2_16,val,Log-Mel CNN,0.05698331817984581,0.11215849220752716
seg_002457,sample_00819,В Наших Сердцах - Чокнутый Пропеллер,1,0.9542593955993652,cnn_revised_20260919T110440Z,cnn_s2_16,val,Log-Mel CNN,0.05698331817984581,0.11215849220752716
seg_002458,sample_00819,В Наших Сердцах - Чокнутый Пропеллер,1,0.9788339734077454,cnn_revised_20260919T110440Z,cnn_s2_16,val,Log-Mel CNN,0.05698331817984581,0.11215849220752716
seg_002459,sample_00819,В Наших Сердцах - Чокнутый Пропеллер,1,0.9424610137939453,cnn_revised_20260919T110440Z,cnn_s2_16,val,Log-Mel CNN,0.05698331817984581,0.11215849220752716
seg_002460,sample_00820,Lights Up - Pipe Choir,1,0.9932612776756287,cnn_revised_20260919T110440Z,cnn_s2_16,val,Log-Mel CNN,0.05698331817984581,0.11215849220752716
seg_002461,sample_00820,Lights Up - Pipe Choir,1,0.9361582398414612,cnn_revised_20260919T110440Z,cnn_s2_16,val,Log-Mel CNN,0.05698331817984581,0.11215849220752716
seg_002462,sample_00820,Lights Up - Pipe Choir,1,0.9911338686943054,cnn_revised_20260919T110440Z,cnn_s2_16,val,Log-Mel CNN,0.05698331817984581,0.11215849220752716
seg_002466,sample_00822,Beyond Luxury - Mors Ontologica,1,0.830635130405426,cnn_revised_20260919T110440Z,cnn_s2_16,val,Log-Mel CNN,0.05698331817984581,0.11215849220752716
seg_002467,sample_00822,Beyond Luxury - Mors Ontologica,1,0.7834534049034119,cnn_revised_20260919T110440Z,cnn_s2_16,val,Log-Mel CNN,0.05698331817984581,0.11215849220752716
seg_002468,sample_00822,Beyond Luxury - Mors Ontologica,1,0.9736932516098022,cnn_revised_20260919T110440Z,cnn_s2_16,val,Log-Mel CNN,0.05698331817984581,0.11215849220752716
seg_002529,sample_00843,Fear - Los Fancy Free,1,0.972725510597229,cnn_revised_20260919T110440Z,cnn_s2_16,val,Log-Mel CNN,0.05698331817984581,0.11215849220752716
seg_002530,sample_00843,Fear - Los Fancy Free,1,0.9464554786682129,cnn_revised_20260919T110440Z,cnn_s2_16,val,Log-Mel CNN,0.05698331817984581,0.11215849220752716
seg_002531,sample_00843,Fear - Los Fancy Free,1,0.9672802090644836,cnn_revised_20260919T110440Z,cnn_s2_16,val,Log-Mel CNN,0.05698331817984581,0.11215849220752716
seg_002622,sample_00874,Redlight - Room For A Ghost,1,0.7142678499221802,cnn_revised_20260919T110440Z,cnn_s2_16,val,Log-Mel CNN,0.05698331817984581,0.11215849220752716
seg_002623,sample_00874,Redlight - Room For A Ghost,1,0.5211930274963379,cnn_revised_20260919T110440Z,cnn_s2_16,val,Log-Mel CNN,0.05698331817984581,0.11215849220752716
seg_002624,sample_00874,Redlight - Room For A Ghost,1,0.9906398057937622,cnn_revised_20260919T110440Z,cnn_s2_16,val,Log-Mel CNN,0.05698331817984581,0.11215849220752716
seg_002625,sample_00875,Shipwrecked Crew - Pete Prodoehl,1,0.9828571081161499,cnn_revised_20260919T110440Z,cnn_s2_16,val,Log-Mel CNN,0.05698331817984581,0.11215849220752716
seg_002626,sample_00875,Shipwrecked Crew - Pete Prodoehl,1,0.9104913473129272,cnn_revised_20260919T110440Z,cnn_s2_16,val,Log-Mel CNN,0.05698331817984581,0.11215849220752716
seg_002627,sample_00875,Shipwrecked Crew - Pete Prodoehl,1,0.9998409748077393,cnn_revised_20260919T110440Z,cnn_s2_16,val,Log-Mel CNN,0.05698331817984581,0.11215849220752716
seg_002640,sample_00880,Morning Bell - Nihilore,1,0.9931731820106506,cnn_revised_20260919T110440Z,cnn_s2_16,val,Log-Mel CNN,0.05698331817984581,0.11215849220752716
seg_002641,sample_00880,Morning Bell - Nihilore,1,0.9681456089019775,cnn_revised_20260919T110440Z,cnn_s2_16,val,Log-Mel CNN,0.05698331817984581,0.11215849220752716
seg_002642,sample_00880,Morning Bell - Nihilore,1,0.9990004897117615,cnn_revised_20260919T110440Z,cnn_s2_16,val,Log-Mel CNN,0.05698331817984581,0.11215849220752716
seg_002694,sample_00898,CopperNickle - UncleBibby,1,0.09383738785982132,cnn_revised_20260919T110440Z,cnn_s2_16,val,Log-Mel CNN,0.05698331817984581,0.11215849220752716
seg_002695,sample_00898,CopperNickle - UncleBibby,1,0.21145667135715485,cnn_revised_20260919T110440Z,cnn_s2_16,val,Log-Mel CNN,0.05698331817984581,0.11215849220752716
seg_002696,sample_00898,CopperNickle - UncleBibby,1,0.45005232095718384,cnn_revised_20260919T110440Z,cnn_s2_16,val,Log-Mel CNN,0.05698331817984581,0.11215849220752716
seg_002697,sample_00899,CopperNickle - UncleBibby,1,0.9839614629745483,cnn_revised_20260919T110440Z,cnn_s2_16,val,Log-Mel CNN,0.05698331817984581,0.11215849220752716
seg_002698,sample_00899,CopperNickle - UncleBibby,1,0.9378032684326172,cnn_revised_20260919T110440Z,cnn_s2_16,val,Log-Mel CNN,0.05698331817984581,0.11215849220752716
seg_002699,sample_00899,CopperNickle - UncleBibby,1,0.9992541670799255,cnn_revised_20260919T110440Z,cnn_s2_16,val,Log-Mel CNN,0.05698331817984581,0.11215849220752716
seg_002766,sample_00922,mystery team 2090 - Jesse Futerman,1,0.8336586952209473,cnn_revised_20260919T110440Z,cnn_s2_16,val,Log-Mel CNN,0.05698331817984581,0.11215849220752716
seg_002767,sample_00922,mystery team 2090 - Jesse Futerman,1,0.9401280283927917,cnn_revised_20260919T110440Z,cnn_s2_16,val,Log-Mel CNN,0.05698331817984581,0.11215849220752716
seg_002768,sample_00922,mystery team 2090 - Jesse Futerman,1,0.9998428821563721,cnn_revised_20260919T110440Z,cnn_s2_16,val,Log-Mel CNN,0.05698331817984581,0.11215849220752716
seg_002769,sample_00923,mystery team 2090 - Jesse Futerman,1,0.7237334251403809,cnn_revised_20260919T110440Z,cnn_s2_16,val,Log-Mel CNN,0.05698331817984581,0.11215849220752716
seg_002770,sample_00923,mystery team 2090 - Jesse Futerman,1,0.8347054123878479,cnn_revised_20260919T110440Z,cnn_s2_16,val,Log-Mel CNN,0.05698331817984581,0.11215849220752716
seg_002771,sample_00923,mystery team 2090 - Jesse Futerman,1,0.9947516322135925,cnn_revised_20260919T110440Z,cnn_s2_16,val,Log-Mel CNN,0.05698331817984581,0.11215849220752716
seg_002772,sample_00924,Night Drive - Decktonic,1,0.8331689834594727,cnn_revised_20260919T110440Z,cnn_s2_16,val,Log-Mel CNN,0.05698331817984581,0.11215849220752716
seg_002773,sample_00924,Night Drive - Decktonic,1,0.10691160708665848,cnn_revised_20260919T110440Z,cnn_s2_16,val,Log-Mel CNN,0.05698331817984581,0.11215849220752716
seg_002774,sample_00924,Night Drive - Decktonic,1,0.9596822261810303,cnn_revised_20260919T110440Z,cnn_s2_16,val,Log-Mel CNN,0.05698331817984581,0.11215849220752716
seg_002775,sample_00925,Night Drive - Decktonic,1,0.4724687933921814,cnn_revised_20260919T110440Z,cnn_s2_16,val,Log-Mel CNN,0.05698331817984581,0.11215849220752716
seg_002776,sample_00925,Night Drive - Decktonic,1,0.8072255253791809,cnn_revised_20260919T110440Z,cnn_s2_16,val,Log-Mel CNN,0.05698331817984581,0.11215849220752716
seg_002777,sample_00925,Night Drive - Decktonic,1,0.9886735081672668,cnn_revised_20260919T110440Z,cnn_s2_16,val,Log-Mel CNN,0.05698331817984581,0.11215849220752716
seg_002790,sample_00930,Nuo Maisemat - Paavoharju,1,0.9989940524101257,cnn_revised_20260919T110440Z,cnn_s2_16,val,Log-Mel CNN,0.05698331817984581,0.11215849220752716
seg_002791,sample_00930,Nuo Maisemat - Paavoharju,1,0.8110845685005188,cnn_revised_20260919T110440Z,cnn_s2_16,val,Log-Mel CNN,0.05698331817984581,0.11215849220752716
seg_002792,sample_00930,Nuo Maisemat - Paavoharju,1,0.9999247789382935,cnn_revised_20260919T110440Z,cnn_s2_16,val,Log-Mel CNN,0.05698331817984581,0.11215849220752716
seg_002793,sample_00931,Nuo Maisemat - Paavoharju,1,0.9672970771789551,cnn_revised_20260919T110440Z,cnn_s2_16,val,Log-Mel CNN,0.05698331817984581,0.11215849220752716
seg_002794,sample_00931,Nuo Maisemat - Paavoharju,1,0.9868907332420349,cnn_revised_20260919T110440Z,cnn_s2_16,val,Log-Mel CNN,0.05698331817984581,0.11215849220752716
seg_002795,sample_00931,Nuo Maisemat - Paavoharju,1,0.9993554949760437,cnn_revised_20260919T110440Z,cnn_s2_16,val,Log-Mel CNN,0.05698331817984581,0.11215849220752716
seg_002874,sample_00958,SD (Ill Mix) - H-LR,1,0.8163501024246216,cnn_revised_20260919T110440Z,cnn_s2_16,val,Log-Mel CNN,0.05698331817984581,0.11215849220752716
seg_002875,sample_00958,SD (Ill Mix) - H-LR,1,0.5914344191551208,cnn_revised_20260919T110440Z,cnn_s2_16,val,Log-Mel CNN,0.05698331817984581,0.11215849220752716
seg_002876,sample_00958,SD (Ill Mix) - H-LR,1,0.9834672808647156,cnn_revised_20260919T110440Z,cnn_s2_16,val,Log-Mel CNN,0.05698331817984581,0.11215849220752716
seg_002877,sample_00959,SD (Ill Mix) - H-LR,1,0.7094144821166992,cnn_revised_20260919T110440Z,cnn_s2_16,val,Log-Mel CNN,0.05698331817984581,0.11215849220752716
seg_002878,sample_00959,SD (Ill Mix) - H-LR,1,0.5527555346488953,cnn_revised_20260919T110440Z,cnn_s2_16,val,Log-Mel CNN,0.05698331817984581,0.11215849220752716
seg_002879,sample_00959,SD (Ill Mix) - H-LR,1,0.5477851629257202,cnn_revised_20260919T110440Z,cnn_s2_16,val,Log-Mel CNN,0.05698331817984581,0.11215849220752716
seg_002982,sample_00994,Evil Cannot Create - Caleb Lemond,1,0.9910407662391663,cnn_revised_20260919T110440Z,cnn_s2_16,val,Log-Mel CNN,0.05698331817984581,0.11215849220752716
seg_002983,sample_00994,Evil Cannot Create - Caleb Lemond,1,0.7655636668205261,cnn_revised_20260919T110440Z,cnn_s2_16,val,Log-Mel CNN,0.05698331817984581,0.11215849220752716
seg_002984,sample_00994,Evil Cannot Create - Caleb Lemond,1,0.9995585083961487,cnn_revised_20260919T110440Z,cnn_s2_16,val,Log-Mel CNN,0.05698331817984581,0.11215849220752716
seg_002985,sample_00995,Evil Cannot Create - Caleb Lemond,1,0.9787958264350891,cnn_revised_20260919T110440Z,cnn_s2_16,val,Log-Mel CNN,0.05698331817984581,0.11215849220752716
seg_002986,sample_00995,Evil Cannot Create - Caleb Lemond,1,0.8727772831916809,cnn_revised_20260919T110440Z,cnn_s2_16,val,Log-Mel CNN,0.05698331817984581,0.11215849220752716
seg_002987,sample_00995,Evil Cannot Create - Caleb Lemond,1,0.962019145488739,cnn_revised_20260919T110440Z,cnn_s2_16,val,Log-Mel CNN,0.05698331817984581,0.11215849220752716
seg_003090,sample_01030,New Life (take 1) - Bird Names,1,0.7269462943077087,cnn_revised_20260919T110440Z,cnn_s2_16,val,Log-Mel CNN,0.05698331817984581,0.11215849220752716
seg_003091,sample_01030,New Life (take 1) - Bird Names,1,0.08437727391719818,cnn_revised_20260919T110440Z,cnn_s2_16,val,Log-Mel CNN,0.05698331817984581,0.11215849220752716
seg_003092,sample_01030,New Life (take 1) - Bird Names,1,0.9533532857894897,cnn_revised_20260919T110440Z,cnn_s2_16,val,Log-Mel CNN,0.05698331817984581,0.11215849220752716
seg_003093,sample_01031,New Life (take 1) - Bird Names,1,0.6954887509346008,cnn_revised_20260919T110440Z,cnn_s2_16,val,Log-Mel CNN,0.05698331817984581,0.11215849220752716
seg_003094,sample_01031,New Life (take 1) - Bird Names,1,0.06679143756628036,cnn_revised_20260919T110440Z,cnn_s2_16,val,Log-Mel CNN,0.05698331817984581,0.11215849220752716
seg_003095,sample_01031,New Life (take 1) - Bird Names,1,0.9747451543807983,cnn_revised_20260919T110440Z,cnn_s2_16,val,Log-Mel CNN,0.05698331817984581,0.11215849220752716
seg_003096,sample_01032,Norweigian Wood II - Bird Names,1,0.6722255349159241,cnn_revised_20260919T110440Z,cnn_s2_16,val,Log-Mel CNN,0.05698331817984581,0.11215849220752716
seg_003097,sample_01032,Norweigian Wood II - Bird Names,1,0.10759290307760239,cnn_revised_20260919T110440Z,cnn_s2_16,val,Log-Mel CNN,0.05698331817984581,0.11215849220752716
seg_003098,sample_01032,Norweigian Wood II - Bird Names,1,0.9611207246780396,cnn_revised_20260919T110440Z,cnn_s2_16,val,Log-Mel CNN,0.05698331817984581,0.11215849220752716
seg_003099,sample_01033,Norweigian Wood II - Bird Names,1,0.8671979904174805,cnn_revised_20260919T110440Z,cnn_s2_16,val,Log-Mel CNN,0.05698331817984581,0.11215849220752716
seg_003100,sample_01033,Norweigian Wood II - Bird Names,1,0.6943562030792236,cnn_revised_20260919T110440Z,cnn_s2_16,val,Log-Mel CNN,0.05698331817984581,0.11215849220752716
seg_003101,sample_01033,Norweigian Wood II - Bird Names,1,0.9929549098014832,cnn_revised_20260919T110440Z,cnn_s2_16,val,Log-Mel CNN,0.05698331817984581,0.11215849220752716
seg_003120,sample_01040,Roller Star - Monroeville Music Center,1,0.8825294971466064,cnn_revised_20260919T110440Z,cnn_s2_16,val,Log-Mel CNN,0.05698331817984581,0.11215849220752716
seg_003121,sample_01040,Roller Star - Monroeville Music Center,1,0.1257961243391037,cnn_revised_20260919T110440Z,cnn_s2_16,val,Log-Mel CNN,0.05698331817984581,0.11215849220752716
seg_003122,sample_01040,Roller Star - Monroeville Music Center,1,0.6009166240692139,cnn_revised_20260919T110440Z,cnn_s2_16,val,Log-Mel CNN,0.05698331817984581,0.11215849220752716
seg_003123,sample_01041,Roller Star - Monroeville Music Center,1,0.9005817174911499,cnn_revised_20260919T110440Z,cnn_s2_16,val,Log-Mel CNN,0.05698331817984581,0.11215849220752716
seg_003124,sample_01041,Roller Star - Monroeville Music Center,1,0.34364673495292664,cnn_revised_20260919T110440Z,cnn_s2_16,val,Log-Mel CNN,0.05698331817984581,0.11215849220752716
seg_003125,sample_01041,Roller Star - Monroeville Music Center,1,0.6838341355323792,cnn_revised_20260919T110440Z,cnn_s2_16,val,Log-Mel CNN,0.05698331817984581,0.11215849220752716
seg_003126,sample_01042,"Roundtrip - Oh Yeah, the Future",1,0.15446321666240692,cnn_revised_20260919T110440Z,cnn_s2_16,val,Log-Mel CNN,0.05698331817984581,0.11215849220752716
seg_003127,sample_01042,"Roundtrip - Oh Yeah, the Future",1,0.016714997589588165,cnn_revised_20260919T110440Z,cnn_s2_16,val,Log-Mel CNN,0.05698331817984581,0.11215849220752716
seg_003128,sample_01042,"Roundtrip - Oh Yeah, the Future",1,0.815879762172699,cnn_revised_20260919T110440Z,cnn_s2_16,val,Log-Mel CNN,0.05698331817984581,0.11215849220752716
seg_003129,sample_01043,"Roundtrip - Oh Yeah, the Future",1,0.42364904284477234,cnn_revised_20260919T110440Z,cnn_s2_16,val,Log-Mel CNN,0.05698331817984581,0.11215849220752716
seg_003130,sample_01043,"Roundtrip - Oh Yeah, the Future",1,0.12434946745634079,cnn_revised_20260919T110440Z,cnn_s2_16,val,Log-Mel CNN,0.05698331817984581,0.11215849220752716
seg_003131,sample_01043,"Roundtrip - Oh Yeah, the Future",1,0.9203997254371643,cnn_revised_20260919T110440Z,cnn_s2_16,val,Log-Mel CNN,0.05698331817984581,0.11215849220752716
seg_003144,sample_01048,Soleares&beats - Malaventura,1,0.9288256168365479,cnn_revised_20260919T110440Z,cnn_s2_16,val,Log-Mel CNN,0.05698331817984581,0.11215849220752716
seg_003145,sample_01048,Soleares&beats - Malaventura,1,0.01778472028672695,cnn_revised_20260919T110440Z,cnn_s2_16,val,Log-Mel CNN,0.05698331817984581,0.11215849220752716
seg_003146,sample_01048,Soleares&beats - Malaventura,1,0.8195391297340393,cnn_revised_20260919T110440Z,cnn_s2_16,val,Log-Mel CNN,0.05698331817984581,0.11215849220752716
seg_003147,sample_01049,Soleares&beats - Malaventura,1,0.03218716382980347,cnn_revised_20260919T110440Z,cnn_s2_16,val,Log-Mel CNN,0.05698331817984581,0.11215849220752716
seg_003148,sample_01049,Soleares&beats - Malaventura,1,0.10095537453889847,cnn_revised_20260919T110440Z,cnn_s2_16,val,Log-Mel CNN,0.05698331817984581,0.11215849220752716
seg_003149,sample_01049,Soleares&beats - Malaventura,1,0.37380096316337585,cnn_revised_20260919T110440Z,cnn_s2_16,val,Log-Mel CNN,0.05698331817984581,0.11215849220752716
seg_003162,sample_01054,Stockholm Syndrome / People Should Be More Aware - Bird Names,1,0.043234437704086304,cnn_revised_20260919T110440Z,cnn_s2_16,val,Log-Mel CNN,0.05698331817984581,0.11215849220752716
seg_003163,sample_01054,Stockholm Syndrome / People Should Be More Aware - Bird Names,1,0.1138809472322464,cnn_revised_20260919T110440Z,cnn_s2_16,val,Log-Mel CNN,0.05698331817984581,0.11215849220752716
seg_003164,sample_01054,Stockholm Syndrome / People Should Be More Aware - Bird Names,1,0.2034396231174469,cnn_revised_20260919T110440Z,cnn_s2_16,val,Log-Mel CNN,0.05698331817984581,0.11215849220752716
seg_003165,sample_01055,Stockholm Syndrome / People Should Be More Aware - Bird Names,1,0.38023465871810913,cnn_revised_20260919T110440Z,cnn_s2_16,val,Log-Mel CNN,0.05698331817984581,0.11215849220752716
seg_003166,sample_01055,Stockholm Syndrome / People Should Be More Aware - Bird Names,1,0.030566081404685974,cnn_revised_20260919T110440Z,cnn_s2_16,val,Log-Mel CNN,0.05698331817984581,0.11215849220752716
seg_003167,sample_01055,Stockholm Syndrome / People Should Be More Aware - Bird Names,1,0.5120954513549805,cnn_revised_20260919T110440Z,cnn_s2_16,val,Log-Mel CNN,0.05698331817984581,0.11215849220752716
seg_003204,sample_01068,Time Is Love - Silence is full of birds,1,0.34613385796546936,cnn_revised_20260919T110440Z,cnn_s2_16,val,Log-Mel CNN,0.05698331817984581,0.11215849220752716
seg_003205,sample_01068,Time Is Love - Silence is full of birds,1,0.029199790209531784,cnn_revised_20260919T110440Z,cnn_s2_16,val,Log-Mel CNN,0.05698331817984581,0.11215849220752716
seg_003206,sample_01068,Time Is Love - Silence is full of birds,1,0.9184026718139648,cnn_revised_20260919T110440Z,cnn_s2_16,val,Log-Mel CNN,0.05698331817984581,0.11215849220752716
seg_003207,sample_01069,Time Is Love - Silence is full of birds,1,0.34551453590393066,cnn_revised_20260919T110440Z,cnn_s2_16,val,Log-Mel CNN,0.05698331817984581,0.11215849220752716
seg_003208,sample_01069,Time Is Love - Silence is full of birds,1,0.2989712059497833,cnn_revised_20260919T110440Z,cnn_s2_16,val,Log-Mel CNN,0.05698331817984581,0.11215849220752716
seg_003209,sample_01069,Time Is Love - Silence is full of birds,1,0.9858454465866089,cnn_revised_20260919T110440Z,cnn_s2_16,val,Log-Mel CNN,0.05698331817984581,0.11215849220752716
seg_003246,sample_01082,2 (Wasn't There) - Isle of Pine,1,0.9764829874038696,cnn_revised_20260919T110440Z,cnn_s2_16,val,Log-Mel CNN,0.05698331817984581,0.11215849220752716
seg_003247,sample_01082,2 (Wasn't There) - Isle of Pine,1,0.1819065362215042,cnn_revised_20260919T110440Z,cnn_s2_16,val,Log-Mel CNN,0.05698331817984581,0.11215849220752716
seg_003248,sample_01082,2 (Wasn't There) - Isle of Pine,1,0.9989805817604065,cnn_revised_20260919T110440Z,cnn_s2_16,val,Log-Mel CNN,0.05698331817984581,0.11215849220752716
seg_003249,sample_01083,2 (Wasn't There) - Isle of Pine,1,0.4742498993873596,cnn_revised_20260919T110440Z,cnn_s2_16,val,Log-Mel CNN,0.05698331817984581,0.11215849220752716
seg_003250,sample_01083,2 (Wasn't There) - Isle of Pine,1,0.059070710092782974,cnn_revised_20260919T110440Z,cnn_s2_16,val,Log-Mel CNN,0.05698331817984581,0.11215849220752716
seg_003251,sample_01083,2 (Wasn't There) - Isle of Pine,1,0.8109361529350281,cnn_revised_20260919T110440Z,cnn_s2_16,val,Log-Mel CNN,0.05698331817984581,0.11215849220752716
seg_003276,sample_01092,Empty Pockets - Pete Prodoehl,1,0.8941288590431213,cnn_revised_20260919T110440Z,cnn_s2_16,val,Log-Mel CNN,0.05698331817984581,0.11215849220752716
seg_003277,sample_01092,Empty Pockets - Pete Prodoehl,1,0.17199459671974182,cnn_revised_20260919T110440Z,cnn_s2_16,val,Log-Mel CNN,0.05698331817984581,0.11215849220752716
seg_003278,sample_01092,Empty Pockets - Pete Prodoehl,1,0.9609816670417786,cnn_revised_20260919T110440Z,cnn_s2_16,val,Log-Mel CNN,0.05698331817984581,0.11215849220752716
seg_003279,sample_01093,Empty Pockets - Pete Prodoehl,1,0.9938721656799316,cnn_revised_20260919T110440Z,cnn_s2_16,val,Log-Mel CNN,0.05698331817984581,0.11215849220752716
seg_003280,sample_01093,Empty Pockets - Pete Prodoehl,1,0.11254402995109558,cnn_revised_20260919T110440Z,cnn_s2_16,val,Log-Mel CNN,0.05698331817984581,0.11215849220752716
seg_003281,sample_01093,Empty Pockets - Pete Prodoehl,1,0.8163195848464966,cnn_revised_20260919T110440Z,cnn_s2_16,val,Log-Mel CNN,0.05698331817984581,0.11215849220752716
seg_003294,sample_01098,Gila Monster Flop/Music History Lesson:The Sonics - The Crypts!,1,0.023185810074210167,cnn_revised_20260919T110440Z,cnn_s2_16,val,Log-Mel CNN,0.05698331817984581,0.11215849220752716
seg_003295,sample_01098,Gila Monster Flop/Music History Lesson:The Sonics - The Crypts!,1,0.016164379194378853,cnn_revised_20260919T110440Z,cnn_s2_16,val,Log-Mel CNN,0.05698331817984581,0.11215849220752716
seg_003296,sample_01098,Gila Monster Flop/Music History Lesson:The Sonics - The Crypts!,1,0.1432548314332962,cnn_revised_20260919T110440Z,cnn_s2_16,val,Log-Mel CNN,0.05698331817984581,0.11215849220752716
seg_003297,sample_01099,Gila Monster Flop/Music History Lesson:The Sonics - The Crypts!,1,0.026844287291169167,cnn_revised_20260919T110440Z,cnn_s2_16,val,Log-Mel CNN,0.05698331817984581,0.11215849220752716
seg_003298,sample_01099,Gila Monster Flop/Music History Lesson:The Sonics - The Crypts!,1,0.3557661175727844,cnn_revised_20260919T110440Z,cnn_s2_16,val,Log-Mel CNN,0.05698331817984581,0.11215849220752716
seg_003299,sample_01099,Gila Monster Flop/Music History Lesson:The Sonics - The Crypts!,1,0.8412003517150879,cnn_revised_20260919T110440Z,cnn_s2_16,val,Log-Mel CNN,0.05698331817984581,0.11215849220752716
seg_003312,sample_01104,I Fell - Mod Fun,1,0.2227620631456375,cnn_revised_20260919T110440Z,cnn_s2_16,val,Log-Mel CNN,0.05698331817984581,0.11215849220752716
seg_003313,sample_01104,I Fell - Mod Fun,1,0.17713873088359833,cnn_revised_20260919T110440Z,cnn_s2_16,val,Log-Mel CNN,0.05698331817984581,0.11215849220752716
seg_003314,sample_01104,I Fell - Mod Fun,1,0.9046857357025146,cnn_revised_20260919T110440Z,cnn_s2_16,val,Log-Mel CNN,0.05698331817984581,0.11215849220752716
seg_003315,sample_01105,I Fell - Mod Fun,1,0.2763948440551758,cnn_revised_20260919T110440Z,cnn_s2_16,val,Log-Mel CNN,0.05698331817984581,0.11215849220752716
seg_003316,sample_01105,I Fell - Mod Fun,1,0.06530173867940903,cnn_revised_20260919T110440Z,cnn_s2_16,val,Log-Mel CNN,0.05698331817984581,0.11215849220752716
seg_003317,sample_01105,I Fell - Mod Fun,1,0.19552075862884521,cnn_revised_20260919T110440Z,cnn_s2_16,val,Log-Mel CNN,0.05698331817984581,0.11215849220752716
seg_003360,sample_01120,March of the GPA Mechanics - [t]ghost,1,0.06625279039144516,cnn_revised_20260919T110440Z,cnn_s2_16,val,Log-Mel CNN,0.05698331817984581,0.11215849220752716
seg_003361,sample_01120,March of the GPA Mechanics - [t]ghost,1,0.012992624193429947,cnn_revised_20260919T110440Z,cnn_s2_16,val,Log-Mel CNN,0.05698331817984581,0.11215849220752716
seg_003362,sample_01120,March of the GPA Mechanics - [t]ghost,1,0.9524466395378113,cnn_revised_20260919T110440Z,cnn_s2_16,val,Log-Mel CNN,0.05698331817984581,0.11215849220752716
seg_003363,sample_01121,March of the GPA Mechanics - [t]ghost,1,0.630255937576294,cnn_revised_20260919T110440Z,cnn_s2_16,val,Log-Mel CNN,0.05698331817984581,0.11215849220752716
seg_003364,sample_01121,March of the GPA Mechanics - [t]ghost,1,0.15663208067417145,cnn_revised_20260919T110440Z,cnn_s2_16,val,Log-Mel CNN,0.05698331817984581,0.11215849220752716
seg_003365,sample_01121,March of the GPA Mechanics - [t]ghost,1,0.9029216170310974,cnn_revised_20260919T110440Z,cnn_s2_16,val,Log-Mel CNN,0.05698331817984581,0.11215849220752716
seg_003420,sample_01140,Scramby Eggs - Andy G. Cohen,1,0.015568971633911133,cnn_revised_20260919T110440Z,cnn_s2_16,val,Log-Mel CNN,0.05698331817984581,0.11215849220752716
seg_003421,sample_01140,Scramby Eggs - Andy G. Cohen,1,0.03883270546793938,cnn_revised_20260919T110440Z,cnn_s2_16,val,Log-Mel CNN,0.05698331817984581,0.11215849220752716
seg_003422,sample_01140,Scramby Eggs - Andy G. Cohen,1,0.4786015450954437,cnn_revised_20260919T110440Z,cnn_s2_16,val,Log-Mel CNN,0.05698331817984581,0.11215849220752716
seg_003423,sample_01141,Scramby Eggs - Andy G. Cohen,1,0.017127353698015213,cnn_revised_20260919T110440Z,cnn_s2_16,val,Log-Mel CNN,0.05698331817984581,0.11215849220752716
seg_003424,sample_01141,Scramby Eggs - Andy G. Cohen,1,0.007352331653237343,cnn_revised_20260919T110440Z,cnn_s2_16,val,Log-Mel CNN,0.05698331817984581,0.11215849220752716
seg_003425,sample_01141,Scramby Eggs - Andy G. Cohen,1,0.6957909464836121,cnn_revised_20260919T110440Z,cnn_s2_16,val,Log-Mel CNN,0.05698331817984581,0.11215849220752716
seg_003474,sample_01158,The girl just faded - Los Llamarada,1,0.08215148746967316,cnn_revised_20260919T110440Z,cnn_s2_16,val,Log-Mel CNN,0.05698331817984581,0.11215849220752716
seg_003475,sample_01158,The girl just faded - Los Llamarada,1,0.16181078553199768,cnn_revised_20260919T110440Z,cnn_s2_16,val,Log-Mel CNN,0.05698331817984581,0.11215849220752716
seg_003476,sample_01158,The girl just faded - Los Llamarada,1,0.7360787391662598,cnn_revised_20260919T110440Z,cnn_s2_16,val,Log-Mel CNN,0.05698331817984581,0.11215849220752716
seg_003477,sample_01159,The girl just faded - Los Llamarada,1,0.23516538739204407,cnn_revised_20260919T110440Z,cnn_s2_16,val,Log-Mel CNN,0.05698331817984581,0.11215849220752716
seg_003478,sample_01159,The girl just faded - Los Llamarada,1,0.24213361740112305,cnn_revised_20260919T110440Z,cnn_s2_16,val,Log-Mel CNN,0.05698331817984581,0.11215849220752716
seg_003479,sample_01159,The girl just faded - Los Llamarada,1,0.8224785923957825,cnn_revised_20260919T110440Z,cnn_s2_16,val,Log-Mel CNN,0.05698331817984581,0.11215849220752716
seg_003492,sample_01164,Voxel - Andy G. Cohen,1,0.03864213079214096,cnn_revised_20260919T110440Z,cnn_s2_16,val,Log-Mel CNN,0.05698331817984581,0.11215849220752716
seg_003493,sample_01164,Voxel - Andy G. Cohen,1,0.01696862280368805,cnn_revised_20260919T110440Z,cnn_s2_16,val,Log-Mel CNN,0.05698331817984581,0.11215849220752716
seg_003494,sample_01164,Voxel - Andy G. Cohen,1,0.010364331305027008,cnn_revised_20260919T110440Z,cnn_s2_16,val,Log-Mel CNN,0.05698331817984581,0.11215849220752716
seg_003495,sample_01165,Voxel - Andy G. Cohen,1,0.23783214390277863,cnn_revised_20260919T110440Z,cnn_s2_16,val,Log-Mel CNN,0.05698331817984581,0.11215849220752716
seg_003496,sample_01165,Voxel - Andy G. Cohen,1,0.5238170027732849,cnn_revised_20260919T110440Z,cnn_s2_16,val,Log-Mel CNN,0.05698331817984581,0.11215849220752716
seg_003497,sample_01165,Voxel - Andy G. Cohen,1,0.6471726298332214,cnn_revised_20260919T110440Z,cnn_s2_16,val,Log-Mel CNN,0.05698331817984581,0.11215849220752716
seg_003516,sample_01172,Windows of the Skull - Sarin,1,0.8961260318756104,cnn_revised_20260919T110440Z,cnn_s2_16,val,Log-Mel CNN,0.05698331817984581,0.11215849220752716
seg_003517,sample_01172,Windows of the Skull - Sarin,1,0.052309550344944,cnn_revised_20260919T110440Z,cnn_s2_16,val,Log-Mel CNN,0.05698331817984581,0.11215849220752716
seg_003518,sample_01172,Windows of the Skull - Sarin,1,0.796158492565155,cnn_revised_20260919T110440Z,cnn_s2_16,val,Log-Mel CNN,0.05698331817984581,0.11215849220752716
seg_003519,sample_01173,Windows of the Skull - Sarin,1,0.990958571434021,cnn_revised_20260919T110440Z,cnn_s2_16,val,Log-Mel CNN,0.05698331817984581,0.11215849220752716
seg_003520,sample_01173,Windows of the Skull - Sarin,1,0.10433754324913025,cnn_revised_20260919T110440Z,cnn_s2_16,val,Log-Mel CNN,0.05698331817984581,0.11215849220752716
seg_003521,sample_01173,Windows of the Skull - Sarin,1,0.876743495464325,cnn_revised_20260919T110440Z,cnn_s2_16,val,Log-Mel CNN,0.05698331817984581,0.11215849220752716
seg_003534,sample_01178,Новый Нью-Йорк 2 - Чокнутый Пропеллер,1,0.11872552335262299,cnn_revised_20260919T110440Z,cnn_s2_16,val,Log-Mel CNN,0.05698331817984581,0.11215849220752716
seg_003535,sample_01178,Новый Нью-Йорк 2 - Чокнутый Пропеллер,1,0.04709252715110779,cnn_revised_20260919T110440Z,cnn_s2_16,val,Log-Mel CNN,0.05698331817984581,0.11215849220752716
seg_003536,sample_01178,Новый Нью-Йорк 2 - Чокнутый Пропеллер,1,0.1959695965051651,cnn_revised_20260919T110440Z,cnn_s2_16,val,Log-Mel CNN,0.05698331817984581,0.11215849220752716
seg_003537,sample_01179,Новый Нью-Йорк 2 - Чокнутый Пропеллер,1,0.2675330936908722,cnn_revised_20260919T110440Z,cnn_s2_16,val,Log-Mel CNN,0.05698331817984581,0.11215849220752716
seg_003538,sample_01179,Новый Нью-Йорк 2 - Чокнутый Пропеллер,1,0.008711013942956924,cnn_revised_20260919T110440Z,cnn_s2_16,val,Log-Mel CNN,0.05698331817984581,0.11215849220752716
seg_003539,sample_01179,Новый Нью-Йорк 2 - Чокнутый Пропеллер,1,0.2922112047672272,cnn_revised_20260919T110440Z,cnn_s2_16,val,Log-Mel CNN,0.05698331817984581,0.11215849220752716
seg_003597,sample_01199,CopperNickle - UncleBibby,1,0.10503758490085602,cnn_revised_20260919T110440Z,cnn_s2_16,val,Log-Mel CNN,0.05698331817984581,0.11215849220752716
seg_003598,sample_01199,CopperNickle - UncleBibby,1,0.08020979911088943,cnn_revised_20260919T110440Z,cnn_s2_16,val,Log-Mel CNN,0.05698331817984581,0.11215849220752716
seg_003599,sample_01199,CopperNickle - UncleBibby,1,0.968970000743866,cnn_revised_20260919T110440Z,cnn_s2_16,val,Log-Mel CNN,0.05698331817984581,0.11215849220752716
seg_003606,sample_01202,Daylight Savings - My brother Daniel,1,0.003269097302109003,cnn_revised_20260919T110440Z,cnn_s2_16,val,Log-Mel CNN,0.05698331817984581,0.11215849220752716
seg_003607,sample_01202,Daylight Savings - My brother Daniel,1,0.022479847073554993,cnn_revised_20260919T110440Z,cnn_s2_16,val,Log-Mel CNN,0.05698331817984581,0.11215849220752716
seg_003608,sample_01202,Daylight Savings - My brother Daniel,1,0.15474924445152283,cnn_revised_20260919T110440Z,cnn_s2_16,val,Log-Mel CNN,0.05698331817984581,0.11215849220752716
seg_003633,sample_01211,Fifth Ramble - From the album Keith [RSVP007] - My brother Daniel,1,0.287092387676239,cnn_revised_20260919T110440Z,cnn_s2_16,val,Log-Mel CNN,0.05698331817984581,0.11215849220752716
seg_003634,sample_01211,Fifth Ramble - From the album Keith [RSVP007] - My brother Daniel,1,0.004293476231396198,cnn_revised_20260919T110440Z,cnn_s2_16,val,Log-Mel CNN,0.05698331817984581,0.11215849220752716
seg_003635,sample_01211,Fifth Ramble - From the album Keith [RSVP007] - My brother Daniel,1,0.10867378860712051,cnn_revised_20260919T110440Z,cnn_s2_16,val,Log-Mel CNN,0.05698331817984581,0.11215849220752716
seg_003657,sample_01219,If You're Ther - Nicola Ratti,1,0.744093656539917,cnn_revised_20260919T110440Z,cnn_s2_16,val,Log-Mel CNN,0.05698331817984581,0.11215849220752716
seg_003658,sample_01219,If You're Ther - Nicola Ratti,1,0.9452804923057556,cnn_revised_20260919T110440Z,cnn_s2_16,val,Log-Mel CNN,0.05698331817984581,0.11215849220752716
seg_003659,sample_01219,If You're Ther - Nicola Ratti,1,0.9907806515693665,cnn_revised_20260919T110440Z,cnn_s2_16,val,Log-Mel CNN,0.05698331817984581,0.11215849220752716
seg_003681,sample_01227,Kumorizoranohajimarutokoro - Hosomi,1,0.4420304000377655,cnn_revised_20260919T110440Z,cnn_s2_16,val,Log-Mel CNN,0.05698331817984581,0.11215849220752716
seg_003682,sample_01227,Kumorizoranohajimarutokoro - Hosomi,1,0.3125458359718323,cnn_revised_20260919T110440Z,cnn_s2_16,val,Log-Mel CNN,0.05698331817984581,0.11215849220752716
seg_003683,sample_01227,Kumorizoranohajimarutokoro - Hosomi,1,0.9993398785591125,cnn_revised_20260919T110440Z,cnn_s2_16,val,Log-Mel CNN,0.05698331817984581,0.11215849220752716
seg_003708,sample_01236,Loved Ones - Rowan Box,1,0.6641821265220642,cnn_revised_20260919T110440Z,cnn_s2_16,val,Log-Mel CNN,0.05698331817984581,0.11215849220752716
seg_003709,sample_01236,Loved Ones - Rowan Box,1,0.9385098814964294,cnn_revised_20260919T110440Z,cnn_s2_16,val,Log-Mel CNN,0.05698331817984581,0.11215849220752716
seg_003710,sample_01236,Loved Ones - Rowan Box,1,0.17728392779827118,cnn_revised_20260919T110440Z,cnn_s2_16,val,Log-Mel CNN,0.05698331817984581,0.11215849220752716
seg_003711,sample_01237,Morning Bell - Nihilore,1,0.06450872123241425,cnn_revised_20260919T110440Z,cnn_s2_16,val,Log-Mel CNN,0.05698331817984581,0.11215849220752716
seg_003712,sample_01237,Morning Bell - Nihilore,1,0.46471405029296875,cnn_revised_20260919T110440Z,cnn_s2_16,val,Log-Mel CNN,0.05698331817984581,0.11215849220752716
seg_003713,sample_01237,Morning Bell - Nihilore,1,0.9933229088783264,cnn_revised_20260919T110440Z,cnn_s2_16,val,Log-Mel CNN,0.05698331817984581,0.11215849220752716
seg_003714,sample_01238,mystery team 2090 - Jesse Futerman,1,0.42879050970077515,cnn_revised_20260919T110440Z,cnn_s2_16,val,Log-Mel CNN,0.05698331817984581,0.11215849220752716
seg_003715,sample_01238,mystery team 2090 - Jesse Futerman,1,0.25409993529319763,cnn_revised_20260919T110440Z,cnn_s2_16,val,Log-Mel CNN,0.05698331817984581,0.11215849220752716
seg_003716,sample_01238,mystery team 2090 - Jesse Futerman,1,0.00867849588394165,cnn_revised_20260919T110440Z,cnn_s2_16,val,Log-Mel CNN,0.05698331817984581,0.11215849220752716
seg_003717,sample_01239,Night Drive - Decktonic,1,0.2088274359703064,cnn_revised_20260919T110440Z,cnn_s2_16,val,Log-Mel CNN,0.05698331817984581,0.11215849220752716
seg_003718,sample_01239,Night Drive - Decktonic,1,0.9992163181304932,cnn_revised_20260919T110440Z,cnn_s2_16,val,Log-Mel CNN,0.05698331817984581,0.11215849220752716
seg_003719,sample_01239,Night Drive - Decktonic,1,0.9986516833305359,cnn_revised_20260919T110440Z,cnn_s2_16,val,Log-Mel CNN,0.05698331817984581,0.11215849220752716
seg_003729,sample_01243,Nuo Maisemat - Paavoharju,1,0.5627655982971191,cnn_revised_20260919T110440Z,cnn_s2_16,val,Log-Mel CNN,0.05698331817984581,0.11215849220752716
seg_003730,sample_01243,Nuo Maisemat - Paavoharju,1,0.9997698664665222,cnn_revised_20260919T110440Z,cnn_s2_16,val,Log-Mel CNN,0.05698331817984581,0.11215849220752716
seg_003731,sample_01243,Nuo Maisemat - Paavoharju,1,0.5814628005027771,cnn_revised_20260919T110440Z,cnn_s2_16,val,Log-Mel CNN,0.05698331817984581,0.11215849220752716
seg_003780,sample_01260,SD (Ill Mix) - H-LR,1,0.13437414169311523,cnn_revised_20260919T110440Z,cnn_s2_16,val,Log-Mel CNN,0.05698331817984581,0.11215849220752716
seg_003781,sample_01260,SD (Ill Mix) - H-LR,1,0.42074456810951233,cnn_revised_20260919T110440Z,cnn_s2_16,val,Log-Mel CNN,0.05698331817984581,0.11215849220752716
seg_003782,sample_01260,SD (Ill Mix) - H-LR,1,0.9769468903541565,cnn_revised_20260919T110440Z,cnn_s2_16,val,Log-Mel CNN,0.05698331817984581,0.11215849220752716
seg_003795,sample_01265,some dextromethorphan - Jeva,1,0.3625466227531433,cnn_revised_20260919T110440Z,cnn_s2_16,val,Log-Mel CNN,0.05698331817984581,0.11215849220752716
seg_003796,sample_01265,some dextromethorphan - Jeva,1,0.9778328537940979,cnn_revised_20260919T110440Z,cnn_s2_16,val,Log-Mel CNN,0.05698331817984581,0.11215849220752716
seg_003797,sample_01265,some dextromethorphan - Jeva,1,0.9947785139083862,cnn_revised_20260919T110440Z,cnn_s2_16,val,Log-Mel CNN,0.05698331817984581,0.11215849220752716
seg_003804,sample_01268,Sturgeon's Law - Nihilore,1,0.6273781657218933,cnn_revised_20260919T110440Z,cnn_s2_16,val,Log-Mel CNN,0.05698331817984581,0.11215849220752716
seg_003805,sample_01268,Sturgeon's Law - Nihilore,1,0.6266123056411743,cnn_revised_20260919T110440Z,cnn_s2_16,val,Log-Mel CNN,0.05698331817984581,0.11215849220752716
seg_003806,sample_01268,Sturgeon's Law - Nihilore,1,0.9953659772872925,cnn_revised_20260919T110440Z,cnn_s2_16,val,Log-Mel CNN,0.05698331817984581,0.11215849220752716
seg_003840,sample_01280,The Stairway - WarpToken,1,0.10038571804761887,cnn_revised_20260919T110440Z,cnn_s2_16,val,Log-Mel CNN,0.05698331817984581,0.11215849220752716
seg_003841,sample_01280,The Stairway - WarpToken,1,0.991032063961029,cnn_revised_20260919T110440Z,cnn_s2_16,val,Log-Mel CNN,0.05698331817984581,0.11215849220752716
seg_003842,sample_01280,The Stairway - WarpToken,1,0.9796921610832214,cnn_revised_20260919T110440Z,cnn_s2_16,val,Log-Mel CNN,0.05698331817984581,0.11215849220752716
seg_003843,sample_01281,Three Bird - My brother Daniel,1,0.21818065643310547,cnn_revised_20260919T110440Z,cnn_s2_16,val,Log-Mel CNN,0.05698331817984581,0.11215849220752716
seg_003844,sample_01281,Three Bird - My brother Daniel,1,0.3324921429157257,cnn_revised_20260919T110440Z,cnn_s2_16,val,Log-Mel CNN,0.05698331817984581,0.11215849220752716
seg_003845,sample_01281,Three Bird - My brother Daniel,1,0.9807367324829102,cnn_revised_20260919T110440Z,cnn_s2_16,val,Log-Mel CNN,0.05698331817984581,0.11215849220752716
seg_003846,sample_01282,Timen Passing By - Jason Shaw,1,0.007777614519000053,cnn_revised_20260919T110440Z,cnn_s2_16,val,Log-Mel CNN,0.05698331817984581,0.11215849220752716
seg_003847,sample_01282,Timen Passing By - Jason Shaw,1,0.8593728542327881,cnn_revised_20260919T110440Z,cnn_s2_16,val,Log-Mel CNN,0.05698331817984581,0.11215849220752716
seg_003848,sample_01282,Timen Passing By - Jason Shaw,1,0.9620561003684998,cnn_revised_20260919T110440Z,cnn_s2_16,val,Log-Mel CNN,0.05698331817984581,0.11215849220752716
seg_003864,sample_01288,Understand That This Is A Dream - From the album Modulating Coil [RSVP008] - Forrest James,1,0.04791996255517006,cnn_revised_20260919T110440Z,cnn_s2_16,val,Log-Mel CNN,0.05698331817984581,0.11215849220752716
seg_003865,sample_01288,Understand That This Is A Dream - From the album Modulating Coil [RSVP008] - Forrest James,1,0.19576142728328705,cnn_revised_20260919T110440Z,cnn_s2_16,val,Log-Mel CNN,0.05698331817984581,0.11215849220752716
seg_003866,sample_01288,Understand That This Is A Dream - From the album Modulating Coil [RSVP008] - Forrest James,1,0.9930543303489685,cnn_revised_20260919T110440Z,cnn_s2_16,val,Log-Mel CNN,0.05698331817984581,0.11215849220752716
seg_003873,sample_01291,Westside Chillers - Little Glass Men,1,0.143119677901268,cnn_revised_20260919T110440Z,cnn_s2_16,val,Log-Mel CNN,0.05698331817984581,0.11215849220752716
seg_003874,sample_01291,Westside Chillers - Little Glass Men,1,0.13491706550121307,cnn_revised_20260919T110440Z,cnn_s2_16,val,Log-Mel CNN,0.05698331817984581,0.11215849220752716
seg_003875,sample_01291,Westside Chillers - Little Glass Men,1,0.9726913571357727,cnn_revised_20260919T110440Z,cnn_s2_16,val,Log-Mel CNN,0.05698331817984581,0.11215849220752716
seg_003885,sample_01295,Agora - Malaventura,1,0.2446550726890564,cnn_revised_20260919T110440Z,cnn_s2_16,val,Log-Mel CNN,0.05698331817984581,0.11215849220752716
seg_003886,sample_01295,Agora - Malaventura,1,0.3348580300807953,cnn_revised_20260919T110440Z,cnn_s2_16,val,Log-Mel CNN,0.05698331817984581,0.11215849220752716
seg_003887,sample_01295,Agora - Malaventura,1,0.9419829845428467,cnn_revised_20260919T110440Z,cnn_s2_16,val,Log-Mel CNN,0.05698331817984581,0.11215849220752716
seg_003912,sample_01304,Evil Cannot Create - Caleb Lemond,1,0.15625439584255219,cnn_revised_20260919T110440Z,cnn_s2_16,val,Log-Mel CNN,0.05698331817984581,0.11215849220752716
seg_003913,sample_01304,Evil Cannot Create - Caleb Lemond,1,0.4024743437767029,cnn_revised_20260919T110440Z,cnn_s2_16,val,Log-Mel CNN,0.05698331817984581,0.11215849220752716
seg_003914,sample_01304,Evil Cannot Create - Caleb Lemond,1,0.9920652508735657,cnn_revised_20260919T110440Z,cnn_s2_16,val,Log-Mel CNN,0.05698331817984581,0.11215849220752716
seg_003972,sample_01324,My Body Is A Weapon (Compromise Edit) - Silence is full of birds,1,0.14487704634666443,cnn_revised_20260919T110440Z,cnn_s2_16,val,Log-Mel CNN,0.05698331817984581,0.11215849220752716
seg_003973,sample_01324,My Body Is A Weapon (Compromise Edit) - Silence is full of birds,1,0.9976106882095337,cnn_revised_20260919T110440Z,cnn_s2_16,val,Log-Mel CNN,0.05698331817984581,0.11215849220752716
seg_003974,sample_01324,My Body Is A Weapon (Compromise Edit) - Silence is full of birds,1,0.9937094449996948,cnn_revised_20260919T110440Z,cnn_s2_16,val,Log-Mel CNN,0.05698331817984581,0.11215849220752716
seg_003975,sample_01325,My Body Is A Weapon (Compromise Edit) - Silence is full of birds,1,0.28155016899108887,cnn_revised_20260919T110440Z,cnn_s2_16,val,Log-Mel CNN,0.05698331817984581,0.11215849220752716
seg_003976,sample_01325,My Body Is A Weapon (Compromise Edit) - Silence is full of birds,1,0.999424934387207,cnn_revised_20260919T110440Z,cnn_s2_16,val,Log-Mel CNN,0.05698331817984581,0.11215849220752716
seg_003977,sample_01325,My Body Is A Weapon (Compromise Edit) - Silence is full of birds,1,0.9920204281806946,cnn_revised_20260919T110440Z,cnn_s2_16,val,Log-Mel CNN,0.05698331817984581,0.11215849220752716
seg_003987,sample_01329,New Life (take 1) - Bird Names,1,0.5377837419509888,cnn_revised_20260919T110440Z,cnn_s2_16,val,Log-Mel CNN,0.05698331817984581,0.11215849220752716
seg_003988,sample_01329,New Life (take 1) - Bird Names,1,0.20251494646072388,cnn_revised_20260919T110440Z,cnn_s2_16,val,Log-Mel CNN,0.05698331817984581,0.11215849220752716
seg_003989,sample_01329,New Life (take 1) - Bird Names,1,0.2226235568523407,cnn_revised_20260919T110440Z,cnn_s2_16,val,Log-Mel CNN,0.05698331817984581,0.11215849220752716
seg_003990,sample_01330,New Life (take 1) - Bird Names,1,0.041965387761592865,cnn_revised_20260919T110440Z,cnn_s2_16,val,Log-Mel CNN,0.05698331817984581,0.11215849220752716
seg_003991,sample_01330,New Life (take 1) - Bird Names,1,0.8338519930839539,cnn_revised_20260919T110440Z,cnn_s2_16,val,Log-Mel CNN,0.05698331817984581,0.11215849220752716
seg_003992,sample_01330,New Life (take 1) - Bird Names,1,0.9964610934257507,cnn_revised_20260919T110440Z,cnn_s2_16,val,Log-Mel CNN,0.05698331817984581,0.11215849220752716
seg_003993,sample_01331,Norweigian Wood II - Bird Names,1,0.012720378115773201,cnn_revised_20260919T110440Z,cnn_s2_16,val,Log-Mel CNN,0.05698331817984581,0.11215849220752716
seg_003994,sample_01331,Norweigian Wood II - Bird Names,1,0.00029929401353001595,cnn_revised_20260919T110440Z,cnn_s2_16,val,Log-Mel CNN,0.05698331817984581,0.11215849220752716
seg_003995,sample_01331,Norweigian Wood II - Bird Names,1,0.09853289276361465,cnn_revised_20260919T110440Z,cnn_s2_16,val,Log-Mel CNN,0.05698331817984581,0.11215849220752716
seg_004020,sample_01340,Roller Star - Monroeville Music Center,1,0.8825048208236694,cnn_revised_20260919T110440Z,cnn_s2_16,val,Log-Mel CNN,0.05698331817984581,0.11215849220752716
seg_004021,sample_01340,Roller Star - Monroeville Music Center,1,0.9038493633270264,cnn_revised_20260919T110440Z,cnn_s2_16,val,Log-Mel CNN,0.05698331817984581,0.11215849220752716
seg_004022,sample_01340,Roller Star - Monroeville Music Center,1,0.9975613355636597,cnn_revised_20260919T110440Z,cnn_s2_16,val,Log-Mel CNN,0.05698331817984581,0.11215849220752716
seg_004023,sample_01341,"Roundtrip - Oh Yeah, the Future",1,0.11820363998413086,cnn_revised_20260919T110440Z,cnn_s2_16,val,Log-Mel CNN,0.05698331817984581,0.11215849220752716
seg_004024,sample_01341,"Roundtrip - Oh Yeah, the Future",1,0.08262526243925095,cnn_revised_20260919T110440Z,cnn_s2_16,val,Log-Mel CNN,0.05698331817984581,0.11215849220752716
seg_004025,sample_01341,"Roundtrip - Oh Yeah, the Future",1,0.9842045903205872,cnn_revised_20260919T110440Z,cnn_s2_16,val,Log-Mel CNN,0.05698331817984581,0.11215849220752716
seg_004041,sample_01347,Soleares&beats - Malaventura,1,0.1144046038389206,cnn_revised_20260919T110440Z,cnn_s2_16,val,Log-Mel CNN,0.05698331817984581,0.11215849220752716
seg_004042,sample_01347,Soleares&beats - Malaventura,1,0.203064426779747,cnn_revised_20260919T110440Z,cnn_s2_16,val,Log-Mel CNN,0.05698331817984581,0.11215849220752716
seg_004043,sample_01347,Soleares&beats - Malaventura,1,0.9852086305618286,cnn_revised_20260919T110440Z,cnn_s2_16,val,Log-Mel CNN,0.05698331817984581,0.11215849220752716
seg_004053,sample_01351,Stockholm Syndrome / People Should Be More Aware - Bird Names,1,0.09145474433898926,cnn_revised_20260919T110440Z,cnn_s2_16,val,Log-Mel CNN,0.05698331817984581,0.11215849220752716
seg_004054,sample_01351,Stockholm Syndrome / People Should Be More Aware - Bird Names,1,0.020385444164276123,cnn_revised_20260919T110440Z,cnn_s2_16,val,Log-Mel CNN,0.05698331817984581,0.11215849220752716
seg_004055,sample_01351,Stockholm Syndrome / People Should Be More Aware - Bird Names,1,0.9988455772399902,cnn_revised_20260919T110440Z,cnn_s2_16,val,Log-Mel CNN,0.05698331817984581,0.11215849220752716
seg_004056,sample_01352,Stockholm Syndrome / People Should Be More Aware - Bird Names,1,0.0970795676112175,cnn_revised_20260919T110440Z,cnn_s2_16,val,Log-Mel CNN,0.05698331817984581,0.11215849220752716
seg_004057,sample_01352,Stockholm Syndrome / People Should Be More Aware - Bird Names,1,0.33746013045310974,cnn_revised_20260919T110440Z,cnn_s2_16,val,Log-Mel CNN,0.05698331817984581,0.11215849220752716
seg_004058,sample_01352,Stockholm Syndrome / People Should Be More Aware - Bird Names,1,0.045730218291282654,cnn_revised_20260919T110440Z,cnn_s2_16,val,Log-Mel CNN,0.05698331817984581,0.11215849220752716
seg_004086,sample_01362,Time Is Love - Silence is full of birds,1,0.3559287190437317,cnn_revised_20260919T110440Z,cnn_s2_16,val,Log-Mel CNN,0.05698331817984581,0.11215849220752716
seg_004087,sample_01362,Time Is Love - Silence is full of birds,1,0.43906116485595703,cnn_revised_20260919T110440Z,cnn_s2_16,val,Log-Mel CNN,0.05698331817984581,0.11215849220752716
seg_004088,sample_01362,Time Is Love - Silence is full of birds,1,0.9919276237487793,cnn_revised_20260919T110440Z,cnn_s2_16,val,Log-Mel CNN,0.05698331817984581,0.11215849220752716
seg_004116,sample_01372,2 (Wasn't There) - Isle of Pine,1,0.2940175533294678,cnn_revised_20260919T110440Z,cnn_s2_16,val,Log-Mel CNN,0.05698331817984581,0.11215849220752716
seg_004117,sample_01372,2 (Wasn't There) - Isle of Pine,1,0.013368135318160057,cnn_revised_20260919T110440Z,cnn_s2_16,val,Log-Mel CNN,0.05698331817984581,0.11215849220752716
seg_004118,sample_01372,2 (Wasn't There) - Isle of Pine,1,0.3083553612232208,cnn_revised_20260919T110440Z,cnn_s2_16,val,Log-Mel CNN,0.05698331817984581,0.11215849220752716
seg_004146,sample_01382,Beyond Luxury - Mors Ontologica,1,0.8492205142974854,cnn_revised_20260919T110440Z,cnn_s2_16,val,Log-Mel CNN,0.05698331817984581,0.11215849220752716
seg_004147,sample_01382,Beyond Luxury - Mors Ontologica,1,0.4585365951061249,cnn_revised_20260919T110440Z,cnn_s2_16,val,Log-Mel CNN,0.05698331817984581,0.11215849220752716
seg_004148,sample_01382,Beyond Luxury - Mors Ontologica,1,0.8127391934394836,cnn_revised_20260919T110440Z,cnn_s2_16,val,Log-Mel CNN,0.05698331817984581,0.11215849220752716
seg_004182,sample_01394,Empty Pockets - Pete Prodoehl,1,0.0025502280332148075,cnn_revised_20260919T110440Z,cnn_s2_16,val,Log-Mel CNN,0.05698331817984581,0.11215849220752716
seg_004183,sample_01394,Empty Pockets - Pete Prodoehl,1,0.016194185242056847,cnn_revised_20260919T110440Z,cnn_s2_16,val,Log-Mel CNN,0.05698331817984581,0.11215849220752716
seg_004184,sample_01394,Empty Pockets - Pete Prodoehl,1,0.9921711683273315,cnn_revised_20260919T110440Z,cnn_s2_16,val,Log-Mel CNN,0.05698331817984581,0.11215849220752716
seg_004191,sample_01397,Fear - Los Fancy Free,1,0.06195604056119919,cnn_revised_20260919T110440Z,cnn_s2_16,val,Log-Mel CNN,0.05698331817984581,0.11215849220752716
seg_004192,sample_01397,Fear - Los Fancy Free,1,0.013554112985730171,cnn_revised_20260919T110440Z,cnn_s2_16,val,Log-Mel CNN,0.05698331817984581,0.11215849220752716
seg_004193,sample_01397,Fear - Los Fancy Free,1,0.9614134430885315,cnn_revised_20260919T110440Z,cnn_s2_16,val,Log-Mel CNN,0.05698331817984581,0.11215849220752716
seg_004206,sample_01402,Gila Monster Flop/Music History Lesson:The Sonics - The Crypts!,1,0.17588073015213013,cnn_revised_20260919T110440Z,cnn_s2_16,val,Log-Mel CNN,0.05698331817984581,0.11215849220752716
seg_004207,sample_01402,Gila Monster Flop/Music History Lesson:The Sonics - The Crypts!,1,0.44410547614097595,cnn_revised_20260919T110440Z,cnn_s2_16,val,Log-Mel CNN,0.05698331817984581,0.11215849220752716
seg_004208,sample_01402,Gila Monster Flop/Music History Lesson:The Sonics - The Crypts!,1,0.9895429611206055,cnn_revised_20260919T110440Z,cnn_s2_16,val,Log-Mel CNN,0.05698331817984581,0.11215849220752716
seg_004245,sample_01415,I Fell - Mod Fun,1,0.16244694590568542,cnn_revised_20260919T110440Z,cnn_s2_16,val,Log-Mel CNN,0.05698331817984581,0.11215849220752716
seg_004246,sample_01415,I Fell - Mod Fun,1,0.13749945163726807,cnn_revised_20260919T110440Z,cnn_s2_16,val,Log-Mel CNN,0.05698331817984581,0.11215849220752716
seg_004247,sample_01415,I Fell - Mod Fun,1,0.9887834191322327,cnn_revised_20260919T110440Z,cnn_s2_16,val,Log-Mel CNN,0.05698331817984581,0.11215849220752716
seg_004275,sample_01425,Lights Up - Pipe Choir,1,0.6465207934379578,cnn_revised_20260919T110440Z,cnn_s2_16,val,Log-Mel CNN,0.05698331817984581,0.11215849220752716
seg_004276,sample_01425,Lights Up - Pipe Choir,1,0.8627555966377258,cnn_revised_20260919T110440Z,cnn_s2_16,val,Log-Mel CNN,0.05698331817984581,0.11215849220752716
seg_004277,sample_01425,Lights Up - Pipe Choir,1,0.9901266098022461,cnn_revised_20260919T110440Z,cnn_s2_16,val,Log-Mel CNN,0.05698331817984581,0.11215849220752716
seg_004287,sample_01429,March of the GPA Mechanics - [t]ghost,1,0.7026611566543579,cnn_revised_20260919T110440Z,cnn_s2_16,val,Log-Mel CNN,0.05698331817984581,0.11215849220752716
seg_004288,sample_01429,March of the GPA Mechanics - [t]ghost,1,0.39671123027801514,cnn_revised_20260919T110440Z,cnn_s2_16,val,Log-Mel CNN,0.05698331817984581,0.11215849220752716
seg_004289,sample_01429,March of the GPA Mechanics - [t]ghost,1,0.9230054020881653,cnn_revised_20260919T110440Z,cnn_s2_16,val,Log-Mel CNN,0.05698331817984581,0.11215849220752716
seg_004326,sample_01442,Redlight - Room For A Ghost,1,0.19922767579555511,cnn_revised_20260919T110440Z,cnn_s2_16,val,Log-Mel CNN,0.05698331817984581,0.11215849220752716
seg_004327,sample_01442,Redlight - Room For A Ghost,1,0.2762516438961029,cnn_revised_20260919T110440Z,cnn_s2_16,val,Log-Mel CNN,0.05698331817984581,0.11215849220752716
seg_004328,sample_01442,Redlight - Room For A Ghost,1,0.9937958717346191,cnn_revised_20260919T110440Z,cnn_s2_16,val,Log-Mel CNN,0.05698331817984581,0.11215849220752716
seg_004341,sample_01447,Scramby Eggs - Andy G. Cohen,1,0.15098299086093903,cnn_revised_20260919T110440Z,cnn_s2_16,val,Log-Mel CNN,0.05698331817984581,0.11215849220752716
seg_004342,sample_01447,Scramby Eggs - Andy G. Cohen,1,0.019788358360528946,cnn_revised_20260919T110440Z,cnn_s2_16,val,Log-Mel CNN,0.05698331817984581,0.11215849220752716
seg_004343,sample_01447,Scramby Eggs - Andy G. Cohen,1,0.994616687297821,cnn_revised_20260919T110440Z,cnn_s2_16,val,Log-Mel CNN,0.05698331817984581,0.11215849220752716
seg_004353,sample_01451,Shipwrecked Crew - Pete Prodoehl,1,0.08559388667345047,cnn_revised_20260919T110440Z,cnn_s2_16,val,Log-Mel CNN,0.05698331817984581,0.11215849220752716
seg_004354,sample_01451,Shipwrecked Crew - Pete Prodoehl,1,0.1694517731666565,cnn_revised_20260919T110440Z,cnn_s2_16,val,Log-Mel CNN,0.05698331817984581,0.11215849220752716
seg_004355,sample_01451,Shipwrecked Crew - Pete Prodoehl,1,0.9950996041297913,cnn_revised_20260919T110440Z,cnn_s2_16,val,Log-Mel CNN,0.05698331817984581,0.11215849220752716
seg_004383,sample_01461,The girl just faded - Los Llamarada,1,0.17585669457912445,cnn_revised_20260919T110440Z,cnn_s2_16,val,Log-Mel CNN,0.05698331817984581,0.11215849220752716
seg_004384,sample_01461,The girl just faded - Los Llamarada,1,0.47967225313186646,cnn_revised_20260919T110440Z,cnn_s2_16,val,Log-Mel CNN,0.05698331817984581,0.11215849220752716
seg_004385,sample_01461,The girl just faded - Los Llamarada,1,0.4138796031475067,cnn_revised_20260919T110440Z,cnn_s2_16,val,Log-Mel CNN,0.05698331817984581,0.11215849220752716
seg_004401,sample_01467,Voxel - Andy G. Cohen,1,0.08360987901687622,cnn_revised_20260919T110440Z,cnn_s2_16,val,Log-Mel CNN,0.05698331817984581,0.11215849220752716
seg_004402,sample_01467,Voxel - Andy G. Cohen,1,0.023503655567765236,cnn_revised_20260919T110440Z,cnn_s2_16,val,Log-Mel CNN,0.05698331817984581,0.11215849220752716
seg_004403,sample_01467,Voxel - Andy G. Cohen,1,0.9952710270881653,cnn_revised_20260919T110440Z,cnn_s2_16,val,Log-Mel CNN,0.05698331817984581,0.11215849220752716
seg_004425,sample_01475,Windows of the Skull - Sarin,1,0.18588656187057495,cnn_revised_20260919T110440Z,cnn_s2_16,val,Log-Mel CNN,0.05698331817984581,0.11215849220752716
seg_004426,sample_01475,Windows of the Skull - Sarin,1,0.9171540141105652,cnn_revised_20260919T110440Z,cnn_s2_16,val,Log-Mel CNN,0.05698331817984581,0.11215849220752716
seg_004427,sample_01475,Windows of the Skull - Sarin,1,0.5493738651275635,cnn_revised_20260919T110440Z,cnn_s2_16,val,Log-Mel CNN,0.05698331817984581,0.11215849220752716
seg_004464,sample_01488,Night Drive - Decktonic,1,0.9487408399581909,cnn_revised_20260919T110440Z,cnn_s2_16,val,Log-Mel CNN,0.05698331817984581,0.11215849220752716
seg_004465,sample_01488,Night Drive - Decktonic,1,0.768243134021759,cnn_revised_20260919T110440Z,cnn_s2_16,val,Log-Mel CNN,0.05698331817984581,0.11215849220752716
seg_004466,sample_01488,Night Drive - Decktonic,1,0.9197813272476196,cnn_revised_20260919T110440Z,cnn_s2_16,val,Log-Mel CNN,0.05698331817984581,0.11215849220752716
seg_004521,sample_01507,Nuo Maisemat - Paavoharju,1,0.9078866839408875,cnn_revised_20260919T110440Z,cnn_s2_16,val,Log-Mel CNN,0.05698331817984581,0.11215849220752716
seg_004522,sample_01507,Nuo Maisemat - Paavoharju,1,0.7410848140716553,cnn_revised_20260919T110440Z,cnn_s2_16,val,Log-Mel CNN,0.05698331817984581,0.11215849220752716
seg_004523,sample_01507,Nuo Maisemat - Paavoharju,1,0.9367751479148865,cnn_revised_20260919T110440Z,cnn_s2_16,val,Log-Mel CNN,0.05698331817984581,0.11215849220752716
seg_004536,sample_01512,CopperNickle - UncleBibby,1,0.0038219918496906757,cnn_revised_20260919T110440Z,cnn_s2_16,val,Log-Mel CNN,0.05698331817984581,0.11215849220752716
seg_004537,sample_01512,CopperNickle - UncleBibby,1,0.00895498413592577,cnn_revised_20260919T110440Z,cnn_s2_16,val,Log-Mel CNN,0.05698331817984581,0.11215849220752716
seg_004538,sample_01512,CopperNickle - UncleBibby,1,0.0052873543463647366,cnn_revised_20260919T110440Z,cnn_s2_16,val,Log-Mel CNN,0.05698331817984581,0.11215849220752716
seg_004539,sample_01513,Daylight Savings - My brother Daniel,1,0.007244777865707874,cnn_revised_20260919T110440Z,cnn_s2_16,val,Log-Mel CNN,0.05698331817984581,0.11215849220752716
seg_004540,sample_01513,Daylight Savings - My brother Daniel,1,0.0066129229962825775,cnn_revised_20260919T110440Z,cnn_s2_16,val,Log-Mel CNN,0.05698331817984581,0.11215849220752716
seg_004541,sample_01513,Daylight Savings - My brother Daniel,1,0.007277045398950577,cnn_revised_20260919T110440Z,cnn_s2_16,val,Log-Mel CNN,0.05698331817984581,0.11215849220752716
seg_004542,sample_01514,mystery team 2090 - Jesse Futerman,1,0.6653397679328918,cnn_revised_20260919T110440Z,cnn_s2_16,val,Log-Mel CNN,0.05698331817984581,0.11215849220752716
seg_004543,sample_01514,mystery team 2090 - Jesse Futerman,1,0.8068597912788391,cnn_revised_20260919T110440Z,cnn_s2_16,val,Log-Mel CNN,0.05698331817984581,0.11215849220752716
seg_004544,sample_01514,mystery team 2090 - Jesse Futerman,1,0.7386896014213562,cnn_revised_20260919T110440Z,cnn_s2_16,val,Log-Mel CNN,0.05698331817984581,0.11215849220752716
seg_004575,sample_01525,SD (Ill Mix) - H-LR,1,0.29803743958473206,cnn_revised_20260919T110440Z,cnn_s2_16,val,Log-Mel CNN,0.05698331817984581,0.11215849220752716
seg_004576,sample_01525,SD (Ill Mix) - H-LR,1,0.6047269701957703,cnn_revised_20260919T110440Z,cnn_s2_16,val,Log-Mel CNN,0.05698331817984581,0.11215849220752716
seg_004577,sample_01525,SD (Ill Mix) - H-LR,1,0.44556576013565063,cnn_revised_20260919T110440Z,cnn_s2_16,val,Log-Mel CNN,0.05698331817984581,0.11215849220752716
seg_004590,sample_01530,Stockholm Syndrome / People Should Be More Aware - Bird Names,1,0.07922884076833725,cnn_revised_20260919T110440Z,cnn_s2_16,val,Log-Mel CNN,0.05698331817984581,0.11215849220752716
seg_004591,sample_01530,Stockholm Syndrome / People Should Be More Aware - Bird Names,1,0.07892957329750061,cnn_revised_20260919T110440Z,cnn_s2_16,val,Log-Mel CNN,0.05698331817984581,0.11215849220752716
seg_004592,sample_01530,Stockholm Syndrome / People Should Be More Aware - Bird Names,1,0.4870373606681824,cnn_revised_20260919T110440Z,cnn_s2_16,val,Log-Mel CNN,0.05698331817984581,0.11215849220752716
seg_004596,sample_01532,Time Is Love - Silence is full of birds,1,0.983551561832428,cnn_revised_20260919T110440Z,cnn_s2_16,val,Log-Mel CNN,0.05698331817984581,0.11215849220752716
seg_004597,sample_01532,Time Is Love - Silence is full of birds,1,0.9602649807929993,cnn_revised_20260919T110440Z,cnn_s2_16,val,Log-Mel CNN,0.05698331817984581,0.11215849220752716
seg_004598,sample_01532,Time Is Love - Silence is full of birds,1,0.9964319467544556,cnn_revised_20260919T110440Z,cnn_s2_16,val,Log-Mel CNN,0.05698331817984581,0.11215849220752716
seg_004602,sample_01534,Roller Star - Monroeville Music Center,1,0.08121246844530106,cnn_revised_20260919T110440Z,cnn_s2_16,val,Log-Mel CNN,0.05698331817984581,0.11215849220752716
seg_004603,sample_01534,Roller Star - Monroeville Music Center,1,0.1705152839422226,cnn_revised_20260919T110440Z,cnn_s2_16,val,Log-Mel CNN,0.05698331817984581,0.11215849220752716
seg_004604,sample_01534,Roller Star - Monroeville Music Center,1,0.007131860591471195,cnn_revised_20260919T110440Z,cnn_s2_16,val,Log-Mel CNN,0.05698331817984581,0.11215849220752716
seg_004611,sample_01537,Soleares&beats - Malaventura,1,0.033222220838069916,cnn_revised_20260919T110440Z,cnn_s2_16,val,Log-Mel CNN,0.05698331817984581,0.11215849220752716
seg_004612,sample_01537,Soleares&beats - Malaventura,1,0.35414186120033264,cnn_revised_20260919T110440Z,cnn_s2_16,val,Log-Mel CNN,0.05698331817984581,0.11215849220752716
seg_004613,sample_01537,Soleares&beats - Malaventura,1,0.12451855838298798,cnn_revised_20260919T110440Z,cnn_s2_16,val,Log-Mel CNN,0.05698331817984581,0.11215849220752716
seg_004629,sample_01543,Evil Cannot Create - Caleb Lemond,1,0.13406918942928314,cnn_revised_20260919T110440Z,cnn_s2_16,val,Log-Mel CNN,0.05698331817984581,0.11215849220752716
seg_004630,sample_01543,Evil Cannot Create - Caleb Lemond,1,0.7972996234893799,cnn_revised_20260919T110440Z,cnn_s2_16,val,Log-Mel CNN,0.05698331817984581,0.11215849220752716
seg_004631,sample_01543,Evil Cannot Create - Caleb Lemond,1,0.37935686111450195,cnn_revised_20260919T110440Z,cnn_s2_16,val,Log-Mel CNN,0.05698331817984581,0.11215849220752716
seg_004647,sample_01549,"Roundtrip - Oh Yeah, the Future",1,0.3432440161705017,cnn_revised_20260919T110440Z,cnn_s2_16,val,Log-Mel CNN,0.05698331817984581,0.11215849220752716
seg_004648,sample_01549,"Roundtrip - Oh Yeah, the Future",1,0.735614538192749,cnn_revised_20260919T110440Z,cnn_s2_16,val,Log-Mel CNN,0.05698331817984581,0.11215849220752716
seg_004649,sample_01549,"Roundtrip - Oh Yeah, the Future",1,0.7314286828041077,cnn_revised_20260919T110440Z,cnn_s2_16,val,Log-Mel CNN,0.05698331817984581,0.11215849220752716
seg_004692,sample_01564,Norweigian Wood II - Bird Names,1,0.8681986331939697,cnn_revised_20260919T110440Z,cnn_s2_16,val,Log-Mel CNN,0.05698331817984581,0.11215849220752716
seg_004693,sample_01564,Norweigian Wood II - Bird Names,1,0.8298133611679077,cnn_revised_20260919T110440Z,cnn_s2_16,val,Log-Mel CNN,0.05698331817984581,0.11215849220752716
seg_004694,sample_01564,Norweigian Wood II - Bird Names,1,0.9437007904052734,cnn_revised_20260919T110440Z,cnn_s2_16,val,Log-Mel CNN,0.05698331817984581,0.11215849220752716
seg_004695,sample_01565,New Life (take 1) - Bird Names,1,0.5534431338310242,cnn_revised_20260919T110440Z,cnn_s2_16,val,Log-Mel CNN,0.05698331817984581,0.11215849220752716
seg_004696,sample_01565,New Life (take 1) - Bird Names,1,0.1386004388332367,cnn_revised_20260919T110440Z,cnn_s2_16,val,Log-Mel CNN,0.05698331817984581,0.11215849220752716
seg_004697,sample_01565,New Life (take 1) - Bird Names,1,0.5924310684204102,cnn_revised_20260919T110440Z,cnn_s2_16,val,Log-Mel CNN,0.05698331817984581,0.11215849220752716
seg_004698,sample_01566,New Life (take 1) - Bird Names,1,0.2808282673358917,cnn_revised_20260919T110440Z,cnn_s2_16,val,Log-Mel CNN,0.05698331817984581,0.11215849220752716
seg_004699,sample_01566,New Life (take 1) - Bird Names,1,0.4259132146835327,cnn_revised_20260919T110440Z,cnn_s2_16,val,Log-Mel CNN,0.05698331817984581,0.11215849220752716
seg_004700,sample_01566,New Life (take 1) - Bird Names,1,0.3222540616989136,cnn_revised_20260919T110440Z,cnn_s2_16,val,Log-Mel CNN,0.05698331817984581,0.11215849220752716
seg_004779,sample_01593,Gila Monster Flop/Music History Lesson:The Sonics - The Crypts!,1,0.16923895478248596,cnn_revised_20260919T110440Z,cnn_s2_16,val,Log-Mel CNN,0.05698331817984581,0.11215849220752716
seg_004780,sample_01593,Gila Monster Flop/Music History Lesson:The Sonics - The Crypts!,1,0.07687760144472122,cnn_revised_20260919T110440Z,cnn_s2_16,val,Log-Mel CNN,0.05698331817984581,0.11215849220752716
seg_004781,sample_01593,Gila Monster Flop/Music History Lesson:The Sonics - The Crypts!,1,0.11252912878990173,cnn_revised_20260919T110440Z,cnn_s2_16,val,Log-Mel CNN,0.05698331817984581,0.11215849220752716
seg_004821,sample_01607,March of the GPA Mechanics - [t]ghost,1,0.014075618237257004,cnn_revised_20260919T110440Z,cnn_s2_16,val,Log-Mel CNN,0.05698331817984581,0.11215849220752716
seg_004822,sample_01607,March of the GPA Mechanics - [t]ghost,1,0.11299030482769012,cnn_revised_20260919T110440Z,cnn_s2_16,val,Log-Mel CNN,0.05698331817984581,0.11215849220752716
seg_004823,sample_01607,March of the GPA Mechanics - [t]ghost,1,0.05430670827627182,cnn_revised_20260919T110440Z,cnn_s2_16,val,Log-Mel CNN,0.05698331817984581,0.11215849220752716
seg_004824,sample_01608,Windows of the Skull - Sarin,1,0.22585736215114594,cnn_revised_20260919T110440Z,cnn_s2_16,val,Log-Mel CNN,0.05698331817984581,0.11215849220752716
seg_004825,sample_01608,Windows of the Skull - Sarin,1,0.11742359399795532,cnn_revised_20260919T110440Z,cnn_s2_16,val,Log-Mel CNN,0.05698331817984581,0.11215849220752716
seg_004826,sample_01608,Windows of the Skull - Sarin,1,0.23247221112251282,cnn_revised_20260919T110440Z,cnn_s2_16,val,Log-Mel CNN,0.05698331817984581,0.11215849220752716
seg_004830,sample_01610,Empty Pockets - Pete Prodoehl,1,0.43094465136528015,cnn_revised_20260919T110440Z,cnn_s2_16,val,Log-Mel CNN,0.05698331817984581,0.11215849220752716
seg_004831,sample_01610,Empty Pockets - Pete Prodoehl,1,0.9692049026489258,cnn_revised_20260919T110440Z,cnn_s2_16,val,Log-Mel CNN,0.05698331817984581,0.11215849220752716
seg_004832,sample_01610,Empty Pockets - Pete Prodoehl,1,0.9615215063095093,cnn_revised_20260919T110440Z,cnn_s2_16,val,Log-Mel CNN,0.05698331817984581,0.11215849220752716
seg_004836,sample_01612,Scramby Eggs - Andy G. Cohen,1,0.15546593070030212,cnn_revised_20260919T110440Z,cnn_s2_16,val,Log-Mel CNN,0.05698331817984581,0.11215849220752716
seg_004837,sample_01612,Scramby Eggs - Andy G. Cohen,1,0.03191382437944412,cnn_revised_20260919T110440Z,cnn_s2_16,val,Log-Mel CNN,0.05698331817984581,0.11215849220752716
seg_004838,sample_01612,Scramby Eggs - Andy G. Cohen,1,0.061898473650217056,cnn_revised_20260919T110440Z,cnn_s2_16,val,Log-Mel CNN,0.05698331817984581,0.11215849220752716
seg_004839,sample_01613,Voxel - Andy G. Cohen,1,0.07643072307109833,cnn_revised_20260919T110440Z,cnn_s2_16,val,Log-Mel CNN,0.05698331817984581,0.11215849220752716
seg_004840,sample_01613,Voxel - Andy G. Cohen,1,0.00621199794113636,cnn_revised_20260919T110440Z,cnn_s2_16,val,Log-Mel CNN,0.05698331817984581,0.11215849220752716
seg_004841,sample_01613,Voxel - Andy G. Cohen,1,0.022652065381407738,cnn_revised_20260919T110440Z,cnn_s2_16,val,Log-Mel CNN,0.05698331817984581,0.11215849220752716
seg_004845,sample_01615,The girl just faded - Los Llamarada,1,0.014411327429115772,cnn_revised_20260919T110440Z,cnn_s2_16,val,Log-Mel CNN,0.05698331817984581,0.11215849220752716
seg_004846,sample_01615,The girl just faded - Los Llamarada,1,0.015149769373238087,cnn_revised_20260919T110440Z,cnn_s2_16,val,Log-Mel CNN,0.05698331817984581,0.11215849220752716
seg_004847,sample_01615,The girl just faded - Los Llamarada,1,0.07352393120527267,cnn_revised_20260919T110440Z,cnn_s2_16,val,Log-Mel CNN,0.05698331817984581,0.11215849220752716
seg_004860,sample_01620,2 (Wasn't There) - Isle of Pine,1,0.9600004553794861,cnn_revised_20260919T110440Z,cnn_s2_16,val,Log-Mel CNN,0.05698331817984581,0.11215849220752716
seg_004861,sample_01620,2 (Wasn't There) - Isle of Pine,1,0.9550555348396301,cnn_revised_20260919T110440Z,cnn_s2_16,val,Log-Mel CNN,0.05698331817984581,0.11215849220752716
seg_004862,sample_01620,2 (Wasn't There) - Isle of Pine,1,0.9783251881599426,cnn_revised_20260919T110440Z,cnn_s2_16,val,Log-Mel CNN,0.05698331817984581,0.11215849220752716
seg_004866,sample_01622,I Fell - Mod Fun,1,0.03812567517161369,cnn_revised_20260919T110440Z,cnn_s2_16,val,Log-Mel CNN,0.05698331817984581,0.11215849220752716
seg_004867,sample_01622,I Fell - Mod Fun,1,0.042765919119119644,cnn_revised_20260919T110440Z,cnn_s2_16,val,Log-Mel CNN,0.05698331817984581,0.11215849220752716
seg_004868,sample_01622,I Fell - Mod Fun,1,0.08796828985214233,cnn_revised_20260919T110440Z,cnn_s2_16,val,Log-Mel CNN,0.05698331817984581,0.11215849220752716
seg_004872,sample_01624,Новый Нью-Йорк 2 - Чокнутый Пропеллер,1,0.9483489394187927,cnn_revised_20260919T110440Z,cnn_s2_16,val,Log-Mel CNN,0.05698331817984581,0.11215849220752716
seg_004873,sample_01624,Новый Нью-Йорк 2 - Чокнутый Пропеллер,1,0.02579309232532978,cnn_revised_20260919T110440Z,cnn_s2_16,val,Log-Mel CNN,0.05698331817984581,0.11215849220752716
seg_004874,sample_01624,Новый Нью-Йорк 2 - Чокнутый Пропеллер,1,0.027788961306214333,cnn_revised_20260919T110440Z,cnn_s2_16,val,Log-Mel CNN,0.05698331817984581,0.11215849220752716
seg_004908,sample_01636,CopperNickle - UncleBibby,1,0.7352745532989502,cnn_revised_20260919T110440Z,cnn_s2_16,val,Log-Mel CNN,0.05698331817984581,0.11215849220752716
seg_004909,sample_01636,CopperNickle - UncleBibby,1,0.8081216812133789,cnn_revised_20260919T110440Z,cnn_s2_16,val,Log-Mel CNN,0.05698331817984581,0.11215849220752716
seg_004910,sample_01636,CopperNickle - UncleBibby,1,0.3291793465614319,cnn_revised_20260919T110440Z,cnn_s2_16,val,Log-Mel CNN,0.05698331817984581,0.11215849220752716
seg_004914,sample_01638,Daylight Savings - My brother Daniel,1,0.9956734776496887,cnn_revised_20260919T110440Z,cnn_s2_16,val,Log-Mel CNN,0.05698331817984581,0.11215849220752716
seg_004915,sample_01638,Daylight Savings - My brother Daniel,1,0.837922215461731,cnn_revised_20260919T110440Z,cnn_s2_16,val,Log-Mel CNN,0.05698331817984581,0.11215849220752716
seg_004916,sample_01638,Daylight Savings - My brother Daniel,1,0.9588753581047058,cnn_revised_20260919T110440Z,cnn_s2_16,val,Log-Mel CNN,0.05698331817984581,0.11215849220752716
seg_004947,sample_01649,mystery team 2090 - Jesse Futerman,1,0.8921048045158386,cnn_revised_20260919T110440Z,cnn_s2_16,val,Log-Mel CNN,0.05698331817984581,0.11215849220752716
seg_004948,sample_01649,mystery team 2090 - Jesse Futerman,1,0.9474212527275085,cnn_revised_20260919T110440Z,cnn_s2_16,val,Log-Mel CNN,0.05698331817984581,0.11215849220752716
seg_004949,sample_01649,mystery team 2090 - Jesse Futerman,1,0.9638068675994873,cnn_revised_20260919T110440Z,cnn_s2_16,val,Log-Mel CNN,0.05698331817984581,0.11215849220752716
seg_004950,sample_01650,Night Drive - Decktonic,1,0.35165566205978394,cnn_revised_20260919T110440Z,cnn_s2_16,val,Log-Mel CNN,0.05698331817984581,0.11215849220752716
seg_004951,sample_01650,Night Drive - Decktonic,1,0.8489113450050354,cnn_revised_20260919T110440Z,cnn_s2_16,val,Log-Mel CNN,0.05698331817984581,0.11215849220752716
seg_004952,sample_01650,Night Drive - Decktonic,1,0.9954075217247009,cnn_revised_20260919T110440Z,cnn_s2_16,val,Log-Mel CNN,0.05698331817984581,0.11215849220752716
seg_004959,sample_01653,Nuo Maisemat - Paavoharju,1,0.9999351501464844,cnn_revised_20260919T110440Z,cnn_s2_16,val,Log-Mel CNN,0.05698331817984581,0.11215849220752716
seg_004960,sample_01653,Nuo Maisemat - Paavoharju,1,0.9059491157531738,cnn_revised_20260919T110440Z,cnn_s2_16,val,Log-Mel CNN,0.05698331817984581,0.11215849220752716
seg_004961,sample_01653,Nuo Maisemat - Paavoharju,1,0.9997245669364929,cnn_revised_20260919T110440Z,cnn_s2_16,val,Log-Mel CNN,0.05698331817984581,0.11215849220752716
seg_005001,sample_01667,SD (Ill Mix) - H-LR,1,0.549235463142395,cnn_revised_20260919T110440Z,cnn_s2_16,val,Log-Mel CNN,0.05698331817984581,0.11215849220752716
seg_005002,sample_01667,SD (Ill Mix) - H-LR,1,0.36709243059158325,cnn_revised_20260919T110440Z,cnn_s2_16,val,Log-Mel CNN,0.05698331817984581,0.11215849220752716
seg_005003,sample_01667,SD (Ill Mix) - H-LR,1,0.9803990721702576,cnn_revised_20260919T110440Z,cnn_s2_16,val,Log-Mel CNN,0.05698331817984581,0.11215849220752716
seg_005055,sample_01685,Evil Cannot Create - Caleb Lemond,1,0.95636385679245,cnn_revised_20260919T110440Z,cnn_s2_16,val,Log-Mel CNN,0.05698331817984581,0.11215849220752716
seg_005056,sample_01685,Evil Cannot Create - Caleb Lemond,1,0.8018395304679871,cnn_revised_20260919T110440Z,cnn_s2_16,val,Log-Mel CNN,0.05698331817984581,0.11215849220752716
seg_005057,sample_01685,Evil Cannot Create - Caleb Lemond,1,0.548017680644989,cnn_revised_20260919T110440Z,cnn_s2_16,val,Log-Mel CNN,0.05698331817984581,0.11215849220752716
seg_005111,sample_01704,New Life (take 1) - Bird Names,1,0.9917359948158264,cnn_revised_20260919T110440Z,cnn_s2_16,val,Log-Mel CNN,0.05698331817984581,0.11215849220752716
seg_005112,sample_01704,New Life (take 1) - Bird Names,1,0.9271249771118164,cnn_revised_20260919T110440Z,cnn_s2_16,val,Log-Mel CNN,0.05698331817984581,0.11215849220752716
seg_005113,sample_01704,New Life (take 1) - Bird Names,1,0.30180397629737854,cnn_revised_20260919T110440Z,cnn_s2_16,val,Log-Mel CNN,0.05698331817984581,0.11215849220752716
seg_005114,sample_01705,Norweigian Wood II - Bird Names,1,0.36611199378967285,cnn_revised_20260919T110440Z,cnn_s2_16,val,Log-Mel CNN,0.05698331817984581,0.11215849220752716
seg_005115,sample_01705,Norweigian Wood II - Bird Names,1,0.4805583953857422,cnn_revised_20260919T110440Z,cnn_s2_16,val,Log-Mel CNN,0.05698331817984581,0.11215849220752716
seg_005116,sample_01705,Norweigian Wood II - Bird Names,1,0.2057817429304123,cnn_revised_20260919T110440Z,cnn_s2_16,val,Log-Mel CNN,0.05698331817984581,0.11215849220752716
seg_005126,sample_01709,Roller Star - Monroeville Music Center,1,0.9512953758239746,cnn_revised_20260919T110440Z,cnn_s2_16,val,Log-Mel CNN,0.05698331817984581,0.11215849220752716
seg_005127,sample_01709,Roller Star - Monroeville Music Center,1,0.34736162424087524,cnn_revised_20260919T110440Z,cnn_s2_16,val,Log-Mel CNN,0.05698331817984581,0.11215849220752716
seg_005128,sample_01709,Roller Star - Monroeville Music Center,1,0.6374810934066772,cnn_revised_20260919T110440Z,cnn_s2_16,val,Log-Mel CNN,0.05698331817984581,0.11215849220752716
seg_005129,sample_01710,"Roundtrip - Oh Yeah, the Future",1,0.6034964919090271,cnn_revised_20260919T110440Z,cnn_s2_16,val,Log-Mel CNN,0.05698331817984581,0.11215849220752716
seg_005130,sample_01710,"Roundtrip - Oh Yeah, the Future",1,0.8255695700645447,cnn_revised_20260919T110440Z,cnn_s2_16,val,Log-Mel CNN,0.05698331817984581,0.11215849220752716
seg_005131,sample_01710,"Roundtrip - Oh Yeah, the Future",1,0.9003175497055054,cnn_revised_20260919T110440Z,cnn_s2_16,val,Log-Mel CNN,0.05698331817984581,0.11215849220752716
seg_005138,sample_01713,Soleares&beats - Malaventura,1,0.9574075937271118,cnn_revised_20260919T110440Z,cnn_s2_16,val,Log-Mel CNN,0.05698331817984581,0.11215849220752716
seg_005139,sample_01713,Soleares&beats - Malaventura,1,0.06798489391803741,cnn_revised_20260919T110440Z,cnn_s2_16,val,Log-Mel CNN,0.05698331817984581,0.11215849220752716
seg_005140,sample_01713,Soleares&beats - Malaventura,1,0.7747832536697388,cnn_revised_20260919T110440Z,cnn_s2_16,val,Log-Mel CNN,0.05698331817984581,0.11215849220752716
seg_005147,sample_01716,Stockholm Syndrome / People Should Be More Aware - Bird Names,1,0.983380913734436,cnn_revised_20260919T110440Z,cnn_s2_16,val,Log-Mel CNN,0.05698331817984581,0.11215849220752716
seg_005148,sample_01716,Stockholm Syndrome / People Should Be More Aware - Bird Names,1,0.9749917984008789,cnn_revised_20260919T110440Z,cnn_s2_16,val,Log-Mel CNN,0.05698331817984581,0.11215849220752716
seg_005149,sample_01716,Stockholm Syndrome / People Should Be More Aware - Bird Names,1,0.9929159879684448,cnn_revised_20260919T110440Z,cnn_s2_16,val,Log-Mel CNN,0.05698331817984581,0.11215849220752716
seg_005168,sample_01723,Time Is Love - Silence is full of birds,1,0.3705923557281494,cnn_revised_20260919T110440Z,cnn_s2_16,val,Log-Mel CNN,0.05698331817984581,0.11215849220752716
seg_005169,sample_01723,Time Is Love - Silence is full of birds,1,0.485333114862442,cnn_revised_20260919T110440Z,cnn_s2_16,val,Log-Mel CNN,0.05698331817984581,0.11215849220752716
seg_005170,sample_01723,Time Is Love - Silence is full of birds,1,0.8687215447425842,cnn_revised_20260919T110440Z,cnn_s2_16,val,Log-Mel CNN,0.05698331817984581,0.11215849220752716
seg_005188,sample_01730,2 (Wasn't There) - Isle of Pine,1,0.9874460697174072,cnn_revised_20260919T110440Z,cnn_s2_16,val,Log-Mel CNN,0.05698331817984581,0.11215849220752716
seg_005189,sample_01730,2 (Wasn't There) - Isle of Pine,1,0.08206796646118164,cnn_revised_20260919T110440Z,cnn_s2_16,val,Log-Mel CNN,0.05698331817984581,0.11215849220752716
seg_005190,sample_01730,2 (Wasn't There) - Isle of Pine,1,0.9996583461761475,cnn_revised_20260919T110440Z,cnn_s2_16,val,Log-Mel CNN,0.05698331817984581,0.11215849220752716
seg_005203,sample_01735,Empty Pockets - Pete Prodoehl,1,0.9975566864013672,cnn_revised_20260919T110440Z,cnn_s2_16,val,Log-Mel CNN,0.05698331817984581,0.11215849220752716
seg_005204,sample_01735,Empty Pockets - Pete Prodoehl,1,0.9882601499557495,cnn_revised_20260919T110440Z,cnn_s2_16,val,Log-Mel CNN,0.05698331817984581,0.11215849220752716
seg_005205,sample_01735,Empty Pockets - Pete Prodoehl,1,0.9995017051696777,cnn_revised_20260919T110440Z,cnn_s2_16,val,Log-Mel CNN,0.05698331817984581,0.11215849220752716
seg_005212,sample_01738,Gila Monster Flop/Music History Lesson:The Sonics - The Crypts!,1,0.392581969499588,cnn_revised_20260919T110440Z,cnn_s2_16,val,Log-Mel CNN,0.05698331817984581,0.11215849220752716
seg_005213,sample_01738,Gila Monster Flop/Music History Lesson:The Sonics - The Crypts!,1,0.42005330324172974,cnn_revised_20260919T110440Z,cnn_s2_16,val,Log-Mel CNN,0.05698331817984581,0.11215849220752716
seg_005214,sample_01738,Gila Monster Flop/Music History Lesson:The Sonics - The Crypts!,1,0.5757567882537842,cnn_revised_20260919T110440Z,cnn_s2_16,val,Log-Mel CNN,0.05698331817984581,0.11215849220752716
seg_005221,sample_01741,I Fell - Mod Fun,1,0.8765596747398376,cnn_revised_20260919T110440Z,cnn_s2_16,val,Log-Mel CNN,0.05698331817984581,0.11215849220752716
seg_005222,sample_01741,I Fell - Mod Fun,1,0.8474297523498535,cnn_revised_20260919T110440Z,cnn_s2_16,val,Log-Mel CNN,0.05698331817984581,0.11215849220752716
seg_005223,sample_01741,I Fell - Mod Fun,1,0.9924103021621704,cnn_revised_20260919T110440Z,cnn_s2_16,val,Log-Mel CNN,0.05698331817984581,0.11215849220752716
seg_005245,sample_01749,March of the GPA Mechanics - [t]ghost,1,0.4860353171825409,cnn_revised_20260919T110440Z,cnn_s2_16,val,Log-Mel CNN,0.05698331817984581,0.11215849220752716
seg_005246,sample_01749,March of the GPA Mechanics - [t]ghost,1,0.7610635757446289,cnn_revised_20260919T110440Z,cnn_s2_16,val,Log-Mel CNN,0.05698331817984581,0.11215849220752716
seg_005247,sample_01749,March of the GPA Mechanics - [t]ghost,1,0.7733899354934692,cnn_revised_20260919T110440Z,cnn_s2_16,val,Log-Mel CNN,0.05698331817984581,0.11215849220752716
seg_005274,sample_01759,Scramby Eggs - Andy G. Cohen,1,0.9676563143730164,cnn_revised_20260919T110440Z,cnn_s2_16,val,Log-Mel CNN,0.05698331817984581,0.11215849220752716
seg_005275,sample_01759,Scramby Eggs - Andy G. Cohen,1,0.7337989807128906,cnn_revised_20260919T110440Z,cnn_s2_16,val,Log-Mel CNN,0.05698331817984581,0.11215849220752716
seg_005276,sample_01759,Scramby Eggs - Andy G. Cohen,1,0.9418089985847473,cnn_revised_20260919T110440Z,cnn_s2_16,val,Log-Mel CNN,0.05698331817984581,0.11215849220752716
seg_005301,sample_01768,The girl just faded - Los Llamarada,1,0.9998459815979004,cnn_revised_20260919T110440Z,cnn_s2_16,val,Log-Mel CNN,0.05698331817984581,0.11215849220752716
seg_005302,sample_01768,The girl just faded - Los Llamarada,1,0.9869041442871094,cnn_revised_20260919T110440Z,cnn_s2_16,val,Log-Mel CNN,0.05698331817984581,0.11215849220752716
seg_005303,sample_01768,The girl just faded - Los Llamarada,1,0.9997207522392273,cnn_revised_20260919T110440Z,cnn_s2_16,val,Log-Mel CNN,0.05698331817984581,0.11215849220752716
seg_005310,sample_01771,Voxel - Andy G. Cohen,1,0.8794273138046265,cnn_revised_20260919T110440Z,cnn_s2_16,val,Log-Mel CNN,0.05698331817984581,0.11215849220752716
seg_005311,sample_01771,Voxel - Andy G. Cohen,1,0.8360819816589355,cnn_revised_20260919T110440Z,cnn_s2_16,val,Log-Mel CNN,0.05698331817984581,0.11215849220752716
seg_005312,sample_01771,Voxel - Andy G. Cohen,1,0.9496996998786926,cnn_revised_20260919T110440Z,cnn_s2_16,val,Log-Mel CNN,0.05698331817984581,0.11215849220752716
seg_005322,sample_01775,Windows of the Skull - Sarin,1,0.9998410940170288,cnn_revised_20260919T110440Z,cnn_s2_16,val,Log-Mel CNN,0.05698331817984581,0.11215849220752716
seg_005323,sample_01775,Windows of the Skull - Sarin,1,0.6046819686889648,cnn_revised_20260919T110440Z,cnn_s2_16,val,Log-Mel CNN,0.05698331817984581,0.11215849220752716
seg_005324,sample_01775,Windows of the Skull - Sarin,1,0.610686719417572,cnn_revised_20260919T110440Z,cnn_s2_16,val,Log-Mel CNN,0.05698331817984581,0.11215849220752716
seg_005331,sample_01778,Новый Нью-Йорк 2 - Чокнутый Пропеллер,1,0.6633447408676147,cnn_revised_20260919T110440Z,cnn_s2_16,val,Log-Mel CNN,0.05698331817984581,0.11215849220752716
seg_005332,sample_01778,Новый Нью-Йорк 2 - Чокнутый Пропеллер,1,0.22698788344860077,cnn_revised_20260919T110440Z,cnn_s2_16,val,Log-Mel CNN,0.05698331817984581,0.11215849220752716
seg_005333,sample_01778,Новый Нью-Йорк 2 - Чокнутый Пропеллер,1,0.27681005001068115,cnn_revised_20260919T110440Z,cnn_s2_16,val,Log-Mel CNN,0.05698331817984581,0.11215849220752716
seg_005372,sample_01798,CopperNickle - UncleBibby,1,0.9472053647041321,cnn_revised_20260919T110440Z,cnn_s2_16,val,Log-Mel CNN,0.05698331817984581,0.11215849220752716
seg_005373,sample_01798,CopperNickle - UncleBibby,1,0.9156741499900818,cnn_revised_20260919T110440Z,cnn_s2_16,val,Log-Mel CNN,0.05698331817984581,0.11215849220752716
seg_005378,sample_01801,Daylight Savings - My brother Daniel,1,0.9943430423736572,cnn_revised_20260919T110440Z,cnn_s2_16,val,Log-Mel CNN,0.05698331817984581,0.11215849220752716
seg_005379,sample_01801,Daylight Savings - My brother Daniel,1,0.9896134734153748,cnn_revised_20260919T110440Z,cnn_s2_16,val,Log-Mel CNN,0.05698331817984581,0.11215849220752716
seg_005396,sample_01810,Fifth Ramble - From the album Keith [RSVP007] - My brother Daniel,1,0.9340949654579163,cnn_revised_20260919T110440Z,cnn_s2_16,val,Log-Mel CNN,0.05698331817984581,0.11215849220752716
seg_005397,sample_01810,Fifth Ramble - From the album Keith [RSVP007] - My brother Daniel,1,0.9895044565200806,cnn_revised_20260919T110440Z,cnn_s2_16,val,Log-Mel CNN,0.05698331817984581,0.11215849220752716
seg_005412,sample_01818,If You're Ther - Nicola Ratti,1,0.9522923231124878,cnn_revised_20260919T110440Z,cnn_s2_16,val,Log-Mel CNN,0.05698331817984581,0.11215849220752716
seg_005413,sample_01818,If You're Ther - Nicola Ratti,1,0.992982029914856,cnn_revised_20260919T110440Z,cnn_s2_16,val,Log-Mel CNN,0.05698331817984581,0.11215849220752716
seg_005428,sample_01826,Kumorizoranohajimarutokoro - Hosomi,1,0.9397901296615601,cnn_revised_20260919T110440Z,cnn_s2_16,val,Log-Mel CNN,0.05698331817984581,0.11215849220752716
seg_005429,sample_01826,Kumorizoranohajimarutokoro - Hosomi,1,0.8200658559799194,cnn_revised_20260919T110440Z,cnn_s2_16,val,Log-Mel CNN,0.05698331817984581,0.11215849220752716
seg_005446,sample_01835,Loved Ones - Rowan Box,1,0.9828006029129028,cnn_revised_20260919T110440Z,cnn_s2_16,val,Log-Mel CNN,0.05698331817984581,0.11215849220752716
seg_005447,sample_01835,Loved Ones - Rowan Box,1,0.9590960741043091,cnn_revised_20260919T110440Z,cnn_s2_16,val,Log-Mel CNN,0.05698331817984581,0.11215849220752716
seg_005448,sample_01836,Morning Bell - Nihilore,1,0.8834581971168518,cnn_revised_20260919T110440Z,cnn_s2_16,val,Log-Mel CNN,0.05698331817984581,0.11215849220752716
seg_005449,sample_01836,Morning Bell - Nihilore,1,0.9546371102333069,cnn_revised_20260919T110440Z,cnn_s2_16,val,Log-Mel CNN,0.05698331817984581,0.11215849220752716
seg_005450,sample_01837,mystery team 2090 - Jesse Futerman,1,0.8368182182312012,cnn_revised_20260919T110440Z,cnn_s2_16,val,Log-Mel CNN,0.05698331817984581,0.11215849220752716
seg_005451,sample_01837,mystery team 2090 - Jesse Futerman,1,0.8517270088195801,cnn_revised_20260919T110440Z,cnn_s2_16,val,Log-Mel CNN,0.05698331817984581,0.11215849220752716
seg_005452,sample_01838,Night Drive - Decktonic,1,0.9170246720314026,cnn_revised_20260919T110440Z,cnn_s2_16,val,Log-Mel CNN,0.05698331817984581,0.11215849220752716
seg_005453,sample_01838,Night Drive - Decktonic,1,0.926345705986023,cnn_revised_20260919T110440Z,cnn_s2_16,val,Log-Mel CNN,0.05698331817984581,0.11215849220752716
seg_005460,sample_01842,Nuo Maisemat - Paavoharju,1,0.9568358659744263,cnn_revised_20260919T110440Z,cnn_s2_16,val,Log-Mel CNN,0.05698331817984581,0.11215849220752716
seg_005461,sample_01842,Nuo Maisemat - Paavoharju,1,0.9771220088005066,cnn_revised_20260919T110440Z,cnn_s2_16,val,Log-Mel CNN,0.05698331817984581,0.11215849220752716
seg_005494,sample_01859,SD (Ill Mix) - H-LR,1,0.8725671172142029,cnn_revised_20260919T110440Z,cnn_s2_16,val,Log-Mel CNN,0.05698331817984581,0.11215849220752716
seg_005495,sample_01859,SD (Ill Mix) - H-LR,1,0.9797943234443665,cnn_revised_20260919T110440Z,cnn_s2_16,val,Log-Mel CNN,0.05698331817984581,0.11215849220752716
seg_005503,sample_01864,some dextromethorphan - Jeva,1,0.984998881816864,cnn_revised_20260919T110440Z,cnn_s2_16,val,Log-Mel CNN,0.05698331817984581,0.11215849220752716
seg_005504,sample_01864,some dextromethorphan - Jeva,1,0.9817926287651062,cnn_revised_20260919T110440Z,cnn_s2_16,val,Log-Mel CNN,0.05698331817984581,0.11215849220752716
seg_005509,sample_01867,Sturgeon's Law - Nihilore,1,0.9640161395072937,cnn_revised_20260919T110440Z,cnn_s2_16,val,Log-Mel CNN,0.05698331817984581,0.11215849220752716
seg_005510,sample_01867,Sturgeon's Law - Nihilore,1,0.9333869218826294,cnn_revised_20260919T110440Z,cnn_s2_16,val,Log-Mel CNN,0.05698331817984581,0.11215849220752716
seg_005533,sample_01879,The Stairway - WarpToken,1,0.6675854921340942,cnn_revised_20260919T110440Z,cnn_s2_16,val,Log-Mel CNN,0.05698331817984581,0.11215849220752716
seg_005534,sample_01879,The Stairway - WarpToken,1,0.5071471333503723,cnn_revised_20260919T110440Z,cnn_s2_16,val,Log-Mel CNN,0.05698331817984581,0.11215849220752716
seg_005535,sample_01880,Three Bird - My brother Daniel,1,0.7926409840583801,cnn_revised_20260919T110440Z,cnn_s2_16,val,Log-Mel CNN,0.05698331817984581,0.11215849220752716
seg_005536,sample_01880,Three Bird - My brother Daniel,1,0.9381834864616394,cnn_revised_20260919T110440Z,cnn_s2_16,val,Log-Mel CNN,0.05698331817984581,0.11215849220752716
seg_005537,sample_01881,Timen Passing By - Jason Shaw,1,0.7588511109352112,cnn_revised_20260919T110440Z,cnn_s2_16,val,Log-Mel CNN,0.05698331817984581,0.11215849220752716
seg_005538,sample_01881,Timen Passing By - Jason Shaw,1,0.7728611826896667,cnn_revised_20260919T110440Z,cnn_s2_16,val,Log-Mel CNN,0.05698331817984581,0.11215849220752716
seg_005549,sample_01887,Understand That This Is A Dream - From the album Modulating Coil [RSVP008] - Forrest James,1,0.971992015838623,cnn_revised_20260919T110440Z,cnn_s2_16,val,Log-Mel CNN,0.05698331817984581,0.11215849220752716
seg_005550,sample_01887,Understand That This Is A Dream - From the album Modulating Coil [RSVP008] - Forrest James,1,0.9848154783248901,cnn_revised_20260919T110440Z,cnn_s2_16,val,Log-Mel CNN,0.05698331817984581,0.11215849220752716
seg_005555,sample_01890,Westside Chillers - Little Glass Men,1,0.6529319882392883,cnn_revised_20260919T110440Z,cnn_s2_16,val,Log-Mel CNN,0.05698331817984581,0.11215849220752716
seg_005556,sample_01890,Westside Chillers - Little Glass Men,1,0.7243787050247192,cnn_revised_20260919T110440Z,cnn_s2_16,val,Log-Mel CNN,0.05698331817984581,0.11215849220752716
seg_005565,sample_01895,Agora - Malaventura,1,0.9410006999969482,cnn_revised_20260919T110440Z,cnn_s2_16,val,Log-Mel CNN,0.05698331817984581,0.11215849220752716
seg_005566,sample_01895,Agora - Malaventura,1,0.9600838422775269,cnn_revised_20260919T110440Z,cnn_s2_16,val,Log-Mel CNN,0.05698331817984581,0.11215849220752716
seg_005583,sample_01904,Evil Cannot Create - Caleb Lemond,1,0.9588263630867004,cnn_revised_20260919T110440Z,cnn_s2_16,val,Log-Mel CNN,0.05698331817984581,0.11215849220752716
seg_005584,sample_01904,Evil Cannot Create - Caleb Lemond,1,0.9290764331817627,cnn_revised_20260919T110440Z,cnn_s2_16,val,Log-Mel CNN,0.05698331817984581,0.11215849220752716
seg_005621,sample_01923,My Body Is A Weapon (Compromise Edit) - Silence is full of birds,1,0.9715004563331604,cnn_revised_20260919T110440Z,cnn_s2_16,val,Log-Mel CNN,0.05698331817984581,0.11215849220752716
seg_005622,sample_01923,My Body Is A Weapon (Compromise Edit) - Silence is full of birds,1,0.8659047484397888,cnn_revised_20260919T110440Z,cnn_s2_16,val,Log-Mel CNN,0.05698331817984581,0.11215849220752716
seg_005627,sample_01926,New Life (take 1) - Bird Names,1,0.9691610932350159,cnn_revised_20260919T110440Z,cnn_s2_16,val,Log-Mel CNN,0.05698331817984581,0.11215849220752716
seg_005628,sample_01926,New Life (take 1) - Bird Names,1,0.9516279697418213,cnn_revised_20260919T110440Z,cnn_s2_16,val,Log-Mel CNN,0.05698331817984581,0.11215849220752716
seg_005629,sample_01927,Norweigian Wood II - Bird Names,1,0.8377568125724792,cnn_revised_20260919T110440Z,cnn_s2_16,val,Log-Mel CNN,0.05698331817984581,0.11215849220752716
seg_005630,sample_01927,Norweigian Wood II - Bird Names,1,0.9534910321235657,cnn_revised_20260919T110440Z,cnn_s2_16,val,Log-Mel CNN,0.05698331817984581,0.11215849220752716
seg_005645,sample_01935,Roller Star - Monroeville Music Center,1,0.9473395943641663,cnn_revised_20260919T110440Z,cnn_s2_16,val,Log-Mel CNN,0.05698331817984581,0.11215849220752716
seg_005646,sample_01935,Roller Star - Monroeville Music Center,1,0.9325000047683716,cnn_revised_20260919T110440Z,cnn_s2_16,val,Log-Mel CNN,0.05698331817984581,0.11215849220752716
seg_005647,sample_01936,"Roundtrip - Oh Yeah, the Future",1,0.9447115659713745,cnn_revised_20260919T110440Z,cnn_s2_16,val,Log-Mel CNN,0.05698331817984581,0.11215849220752716
seg_005648,sample_01936,"Roundtrip - Oh Yeah, the Future",1,0.9875062704086304,cnn_revised_20260919T110440Z,cnn_s2_16,val,Log-Mel CNN,0.05698331817984581,0.11215849220752716
seg_005657,sample_01941,Soleares&beats - Malaventura,1,0.9747724533081055,cnn_revised_20260919T110440Z,cnn_s2_16,val,Log-Mel CNN,0.05698331817984581,0.11215849220752716
seg_005658,sample_01941,Soleares&beats - Malaventura,1,0.9767829179763794,cnn_revised_20260919T110440Z,cnn_s2_16,val,Log-Mel CNN,0.05698331817984581,0.11215849220752716
seg_005665,sample_01945,Stockholm Syndrome / People Should Be More Aware - Bird Names,1,0.8570284247398376,cnn_revised_20260919T110440Z,cnn_s2_16,val,Log-Mel CNN,0.05698331817984581,0.11215849220752716
seg_005666,sample_01945,Stockholm Syndrome / People Should Be More Aware - Bird Names,1,0.7664350867271423,cnn_revised_20260919T110440Z,cnn_s2_16,val,Log-Mel CNN,0.05698331817984581,0.11215849220752716
seg_005685,sample_01955,Time Is Love - Silence is full of birds,1,0.9641765356063843,cnn_revised_20260919T110440Z,cnn_s2_16,val,Log-Mel CNN,0.05698331817984581,0.11215849220752716
seg_005686,sample_01955,Time Is Love - Silence is full of birds,1,0.9983673691749573,cnn_revised_20260919T110440Z,cnn_s2_16,val,Log-Mel CNN,0.05698331817984581,0.11215849220752716
seg_005703,sample_01964,2 (Wasn't There) - Isle of Pine,1,0.8858242034912109,cnn_revised_20260919T110440Z,cnn_s2_16,val,Log-Mel CNN,0.05698331817984581,0.11215849220752716
seg_005704,sample_01964,2 (Wasn't There) - Isle of Pine,1,0.9195786714553833,cnn_revised_20260919T110440Z,cnn_s2_16,val,Log-Mel CNN,0.05698331817984581,0.11215849220752716
seg_005723,sample_01974,Beyond Luxury - Mors Ontologica,1,0.9552451968193054,cnn_revised_20260919T110440Z,cnn_s2_16,val,Log-Mel CNN,0.05698331817984581,0.11215849220752716
seg_005724,sample_01974,Beyond Luxury - Mors Ontologica,1,0.9561885595321655,cnn_revised_20260919T110440Z,cnn_s2_16,val,Log-Mel CNN,0.05698331817984581,0.11215849220752716
seg_005747,sample_01986,Empty Pockets - Pete Prodoehl,1,0.9310022592544556,cnn_revised_20260919T110440Z,cnn_s2_16,val,Log-Mel CNN,0.05698331817984581,0.11215849220752716
seg_005748,sample_01986,Empty Pockets - Pete Prodoehl,1,0.9619044661521912,cnn_revised_20260919T110440Z,cnn_s2_16,val,Log-Mel CNN,0.05698331817984581,0.11215849220752716
seg_005753,sample_01989,Fear - Los Fancy Free,1,0.9647154808044434,cnn_revised_20260919T110440Z,cnn_s2_16,val,Log-Mel CNN,0.05698331817984581,0.11215849220752716
seg_005754,sample_01989,Fear - Los Fancy Free,1,0.9851904511451721,cnn_revised_20260919T110440Z,cnn_s2_16,val,Log-Mel CNN,0.05698331817984581,0.11215849220752716
seg_005763,sample_01994,Gila Monster Flop/Music History Lesson:The Sonics - The Crypts!,1,0.988410234451294,cnn_revised_20260919T110440Z,cnn_s2_16,val,Log-Mel CNN,0.05698331817984581,0.11215849220752716
seg_005788,sample_02007,I Fell - Mod Fun,1,0.8452618718147278,cnn_revised_20260919T110440Z,cnn_s2_16,val,Log-Mel CNN,0.05698331817984581,0.11215849220752716
seg_005789,sample_02007,I Fell - Mod Fun,1,0.9552716612815857,cnn_revised_20260919T110440Z,cnn_s2_16,val,Log-Mel CNN,0.05698331817984581,0.11215849220752716
seg_005808,sample_02017,Lights Up - Pipe Choir,1,0.9318665862083435,cnn_revised_20260919T110440Z,cnn_s2_16,val,Log-Mel CNN,0.05698331817984581,0.11215849220752716
seg_005809,sample_02017,Lights Up - Pipe Choir,1,0.7678701281547546,cnn_revised_20260919T110440Z,cnn_s2_16,val,Log-Mel CNN,0.05698331817984581,0.11215849220752716
seg_005816,sample_02021,March of the GPA Mechanics - [t]ghost,1,0.9575852751731873,cnn_revised_20260919T110440Z,cnn_s2_16,val,Log-Mel CNN,0.05698331817984581,0.11215849220752716
seg_005817,sample_02021,March of the GPA Mechanics - [t]ghost,1,0.9891633987426758,cnn_revised_20260919T110440Z,cnn_s2_16,val,Log-Mel CNN,0.05698331817984581,0.11215849220752716
seg_005842,sample_02034,Redlight - Room For A Ghost,1,0.9596282839775085,cnn_revised_20260919T110440Z,cnn_s2_16,val,Log-Mel CNN,0.05698331817984581,0.11215849220752716
seg_005843,sample_02034,Redlight - Room For A Ghost,1,0.9573763012886047,cnn_revised_20260919T110440Z,cnn_s2_16,val,Log-Mel CNN,0.05698331817984581,0.11215849220752716
seg_005852,sample_02039,Scramby Eggs - Andy G. Cohen,1,0.9916322827339172,cnn_revised_20260919T110440Z,cnn_s2_16,val,Log-Mel CNN,0.05698331817984581,0.11215849220752716
seg_005853,sample_02039,Scramby Eggs - Andy G. Cohen,1,0.8942902684211731,cnn_revised_20260919T110440Z,cnn_s2_16,val,Log-Mel CNN,0.05698331817984581,0.11215849220752716
seg_005860,sample_02043,Shipwrecked Crew - Pete Prodoehl,1,0.753490149974823,cnn_revised_20260919T110440Z,cnn_s2_16,val,Log-Mel CNN,0.05698331817984581,0.11215849220752716
seg_005861,sample_02043,Shipwrecked Crew - Pete Prodoehl,1,0.9516699314117432,cnn_revised_20260919T110440Z,cnn_s2_16,val,Log-Mel CNN,0.05698331817984581,0.11215849220752716
seg_005880,sample_02053,The girl just faded - Los Llamarada,1,0.9898527264595032,cnn_revised_20260919T110440Z,cnn_s2_16,val,Log-Mel CNN,0.05698331817984581,0.11215849220752716
seg_005881,sample_02053,The girl just faded - Los Llamarada,1,0.9919552206993103,cnn_revised_20260919T110440Z,cnn_s2_16,val,Log-Mel CNN,0.05698331817984581,0.11215849220752716
seg_005892,sample_02059,Voxel - Andy G. Cohen,1,0.6954641342163086,cnn_revised_20260919T110440Z,cnn_s2_16,val,Log-Mel CNN,0.05698331817984581,0.11215849220752716
seg_005893,sample_02059,Voxel - Andy G. Cohen,1,0.9826467633247375,cnn_revised_20260919T110440Z,cnn_s2_16,val,Log-Mel CNN,0.05698331817984581,0.11215849220752716
seg_005908,sample_02067,Windows of the Skull - Sarin,1,0.9721283316612244,cnn_revised_20260919T110440Z,cnn_s2_16,val,Log-Mel CNN,0.05698331817984581,0.11215849220752716
seg_005909,sample_02067,Windows of the Skull - Sarin,1,0.9876076579093933,cnn_revised_20260919T110440Z,cnn_s2_16,val,Log-Mel CNN,0.05698331817984581,0.11215849220752716
seg_005964,sample_02087,CopperNickle - UncleBibby,1,0.11161059886217117,cnn_revised_20260919T110440Z,cnn_s2_16,val,Log-Mel CNN,0.05698331817984581,0.11215849220752716
seg_005965,sample_02087,CopperNickle - UncleBibby,1,0.047825511544942856,cnn_revised_20260919T110440Z,cnn_s2_16,val,Log-Mel CNN,0.05698331817984581,0.11215849220752716
seg_005966,sample_02087,CopperNickle - UncleBibby,1,0.17876790463924408,cnn_revised_20260919T110440Z,cnn_s2_16,val,Log-Mel CNN,0.05698331817984581,0.11215849220752716
seg_005967,sample_02088,CopperNickle - UncleBibby,1,0.1382444202899933,cnn_revised_20260919T110440Z,cnn_s2_16,val,Log-Mel CNN,0.05698331817984581,0.11215849220752716
seg_005968,sample_02088,CopperNickle - UncleBibby,1,0.5640932321548462,cnn_revised_20260919T110440Z,cnn_s2_16,val,Log-Mel CNN,0.05698331817984581,0.11215849220752716
seg_005969,sample_02088,CopperNickle - UncleBibby,1,0.2982562482357025,cnn_revised_20260919T110440Z,cnn_s2_16,val,Log-Mel CNN,0.05698331817984581,0.11215849220752716
seg_005976,sample_02091,Daylight Savings - My brother Daniel,1,0.005490380804985762,cnn_revised_20260919T110440Z,cnn_s2_16,val,Log-Mel CNN,0.05698331817984581,0.11215849220752716
seg_005977,sample_02091,Daylight Savings - My brother Daniel,1,0.028205662965774536,cnn_revised_20260919T110440Z,cnn_s2_16,val,Log-Mel CNN,0.05698331817984581,0.11215849220752716
seg_005978,sample_02091,Daylight Savings - My brother Daniel,1,0.6889486312866211,cnn_revised_20260919T110440Z,cnn_s2_16,val,Log-Mel CNN,0.05698331817984581,0.11215849220752716
seg_005979,sample_02092,Daylight Savings - My brother Daniel,1,0.7348617315292358,cnn_revised_20260919T110440Z,cnn_s2_16,val,Log-Mel CNN,0.05698331817984581,0.11215849220752716
seg_005980,sample_02092,Daylight Savings - My brother Daniel,1,0.09881671518087387,cnn_revised_20260919T110440Z,cnn_s2_16,val,Log-Mel CNN,0.05698331817984581,0.11215849220752716
seg_005981,sample_02092,Daylight Savings - My brother Daniel,1,0.9069600701332092,cnn_revised_20260919T110440Z,cnn_s2_16,val,Log-Mel CNN,0.05698331817984581,0.11215849220752716
seg_006042,sample_02113,mystery team 2090 - Jesse Futerman,1,0.055727358907461166,cnn_revised_20260919T110440Z,cnn_s2_16,val,Log-Mel CNN,0.05698331817984581,0.11215849220752716
seg_006043,sample_02113,mystery team 2090 - Jesse Futerman,1,0.18535330891609192,cnn_revised_20260919T110440Z,cnn_s2_16,val,Log-Mel CNN,0.05698331817984581,0.11215849220752716
seg_006044,sample_02113,mystery team 2090 - Jesse Futerman,1,0.9992985725402832,cnn_revised_20260919T110440Z,cnn_s2_16,val,Log-Mel CNN,0.05698331817984581,0.11215849220752716
seg_006045,sample_02114,mystery team 2090 - Jesse Futerman,1,0.2977354824542999,cnn_revised_20260919T110440Z,cnn_s2_16,val,Log-Mel CNN,0.05698331817984581,0.11215849220752716
seg_006046,sample_02114,mystery team 2090 - Jesse Futerman,1,0.2559419572353363,cnn_revised_20260919T110440Z,cnn_s2_16,val,Log-Mel CNN,0.05698331817984581,0.11215849220752716
seg_006047,sample_02114,mystery team 2090 - Jesse Futerman,1,0.8634990453720093,cnn_revised_20260919T110440Z,cnn_s2_16,val,Log-Mel CNN,0.05698331817984581,0.11215849220752716
seg_006048,sample_02115,Night Drive - Decktonic,1,0.970772385597229,cnn_revised_20260919T110440Z,cnn_s2_16,val,Log-Mel CNN,0.05698331817984581,0.11215849220752716
seg_006049,sample_02115,Night Drive - Decktonic,1,0.4076676070690155,cnn_revised_20260919T110440Z,cnn_s2_16,val,Log-Mel CNN,0.05698331817984581,0.11215849220752716
seg_006050,sample_02115,Night Drive - Decktonic,1,0.9165706634521484,cnn_revised_20260919T110440Z,cnn_s2_16,val,Log-Mel CNN,0.05698331817984581,0.11215849220752716
seg_006051,sample_02116,Night Drive - Decktonic,1,0.8195915222167969,cnn_revised_20260919T110440Z,cnn_s2_16,val,Log-Mel CNN,0.05698331817984581,0.11215849220752716
seg_006052,sample_02116,Night Drive - Decktonic,1,0.038695644587278366,cnn_revised_20260919T110440Z,cnn_s2_16,val,Log-Mel CNN,0.05698331817984581,0.11215849220752716
seg_006053,sample_02116,Night Drive - Decktonic,1,0.3979432284832001,cnn_revised_20260919T110440Z,cnn_s2_16,val,Log-Mel CNN,0.05698331817984581,0.11215849220752716
seg_006066,sample_02121,Nuo Maisemat - Paavoharju,1,0.9976649284362793,cnn_revised_20260919T110440Z,cnn_s2_16,val,Log-Mel CNN,0.05698331817984581,0.11215849220752716
seg_006067,sample_02121,Nuo Maisemat - Paavoharju,1,0.06331682950258255,cnn_revised_20260919T110440Z,cnn_s2_16,val,Log-Mel CNN,0.05698331817984581,0.11215849220752716
seg_006068,sample_02121,Nuo Maisemat - Paavoharju,1,0.9781876802444458,cnn_revised_20260919T110440Z,cnn_s2_16,val,Log-Mel CNN,0.05698331817984581,0.11215849220752716
seg_006069,sample_02122,Nuo Maisemat - Paavoharju,1,0.783467173576355,cnn_revised_20260919T110440Z,cnn_s2_16,val,Log-Mel CNN,0.05698331817984581,0.11215849220752716
seg_006070,sample_02122,Nuo Maisemat - Paavoharju,1,0.28995904326438904,cnn_revised_20260919T110440Z,cnn_s2_16,val,Log-Mel CNN,0.05698331817984581,0.11215849220752716
seg_006071,sample_02122,Nuo Maisemat - Paavoharju,1,0.9924887418746948,cnn_revised_20260919T110440Z,cnn_s2_16,val,Log-Mel CNN,0.05698331817984581,0.11215849220752716
seg_006150,sample_02149,SD (Ill Mix) - H-LR,1,0.052745379507541656,cnn_revised_20260919T110440Z,cnn_s2_16,val,Log-Mel CNN,0.05698331817984581,0.11215849220752716
seg_006151,sample_02149,SD (Ill Mix) - H-LR,1,0.15978212654590607,cnn_revised_20260919T110440Z,cnn_s2_16,val,Log-Mel CNN,0.05698331817984581,0.11215849220752716
seg_006152,sample_02149,SD (Ill Mix) - H-LR,1,0.21365778148174286,cnn_revised_20260919T110440Z,cnn_s2_16,val,Log-Mel CNN,0.05698331817984581,0.11215849220752716
seg_006153,sample_02150,SD (Ill Mix) - H-LR,1,0.008121692575514317,cnn_revised_20260919T110440Z,cnn_s2_16,val,Log-Mel CNN,0.05698331817984581,0.11215849220752716
seg_006154,sample_02150,SD (Ill Mix) - H-LR,1,0.005202221684157848,cnn_revised_20260919T110440Z,cnn_s2_16,val,Log-Mel CNN,0.05698331817984581,0.11215849220752716
seg_006155,sample_02150,SD (Ill Mix) - H-LR,1,0.1397870033979416,cnn_revised_20260919T110440Z,cnn_s2_16,val,Log-Mel CNN,0.05698331817984581,0.11215849220752716
seg_006258,sample_02185,Evil Cannot Create - Caleb Lemond,1,0.3372839093208313,cnn_revised_20260919T110440Z,cnn_s2_16,val,Log-Mel CNN,0.05698331817984581,0.11215849220752716
seg_006259,sample_02185,Evil Cannot Create - Caleb Lemond,1,0.1690700203180313,cnn_revised_20260919T110440Z,cnn_s2_16,val,Log-Mel CNN,0.05698331817984581,0.11215849220752716
seg_006260,sample_02185,Evil Cannot Create - Caleb Lemond,1,0.9511904120445251,cnn_revised_20260919T110440Z,cnn_s2_16,val,Log-Mel CNN,0.05698331817984581,0.11215849220752716
seg_006261,sample_02186,Evil Cannot Create - Caleb Lemond,1,0.9839162230491638,cnn_revised_20260919T110440Z,cnn_s2_16,val,Log-Mel CNN,0.05698331817984581,0.11215849220752716
seg_006262,sample_02186,Evil Cannot Create - Caleb Lemond,1,0.3965819180011749,cnn_revised_20260919T110440Z,cnn_s2_16,val,Log-Mel CNN,0.05698331817984581,0.11215849220752716
seg_006263,sample_02186,Evil Cannot Create - Caleb Lemond,1,0.9954296350479126,cnn_revised_20260919T110440Z,cnn_s2_16,val,Log-Mel CNN,0.05698331817984581,0.11215849220752716
seg_006366,sample_02221,New Life (take 1) - Bird Names,1,0.8298218846321106,cnn_revised_20260919T110440Z,cnn_s2_16,val,Log-Mel CNN,0.05698331817984581,0.11215849220752716
seg_006367,sample_02221,New Life (take 1) - Bird Names,1,0.023413805291056633,cnn_revised_20260919T110440Z,cnn_s2_16,val,Log-Mel CNN,0.05698331817984581,0.11215849220752716
seg_006368,sample_02221,New Life (take 1) - Bird Names,1,0.17354916036128998,cnn_revised_20260919T110440Z,cnn_s2_16,val,Log-Mel CNN,0.05698331817984581,0.11215849220752716
seg_006369,sample_02222,New Life (take 1) - Bird Names,1,0.5393287539482117,cnn_revised_20260919T110440Z,cnn_s2_16,val,Log-Mel CNN,0.05698331817984581,0.11215849220752716
seg_006370,sample_02222,New Life (take 1) - Bird Names,1,0.8939961194992065,cnn_revised_20260919T110440Z,cnn_s2_16,val,Log-Mel CNN,0.05698331817984581,0.11215849220752716
seg_006371,sample_02222,New Life (take 1) - Bird Names,1,0.9933799505233765,cnn_revised_20260919T110440Z,cnn_s2_16,val,Log-Mel CNN,0.05698331817984581,0.11215849220752716
seg_006372,sample_02223,Norweigian Wood II - Bird Names,1,0.08273489773273468,cnn_revised_20260919T110440Z,cnn_s2_16,val,Log-Mel CNN,0.05698331817984581,0.11215849220752716
seg_006373,sample_02223,Norweigian Wood II - Bird Names,1,0.08696912229061127,cnn_revised_20260919T110440Z,cnn_s2_16,val,Log-Mel CNN,0.05698331817984581,0.11215849220752716
seg_006374,sample_02223,Norweigian Wood II - Bird Names,1,0.7235115170478821,cnn_revised_20260919T110440Z,cnn_s2_16,val,Log-Mel CNN,0.05698331817984581,0.11215849220752716
seg_006375,sample_02224,Norweigian Wood II - Bird Names,1,0.5712578892707825,cnn_revised_20260919T110440Z,cnn_s2_16,val,Log-Mel CNN,0.05698331817984581,0.11215849220752716
seg_006376,sample_02224,Norweigian Wood II - Bird Names,1,0.19960424304008484,cnn_revised_20260919T110440Z,cnn_s2_16,val,Log-Mel CNN,0.05698331817984581,0.11215849220752716
seg_006377,sample_02224,Norweigian Wood II - Bird Names,1,0.950920820236206,cnn_revised_20260919T110440Z,cnn_s2_16,val,Log-Mel CNN,0.05698331817984581,0.11215849220752716
seg_006396,sample_02231,Roller Star - Monroeville Music Center,1,0.03162951394915581,cnn_revised_20260919T110440Z,cnn_s2_16,val,Log-Mel CNN,0.05698331817984581,0.11215849220752716
seg_006397,sample_02231,Roller Star - Monroeville Music Center,1,0.03240332007408142,cnn_revised_20260919T110440Z,cnn_s2_16,val,Log-Mel CNN,0.05698331817984581,0.11215849220752716
seg_006398,sample_02231,Roller Star - Monroeville Music Center,1,0.2662142515182495,cnn_revised_20260919T110440Z,cnn_s2_16,val,Log-Mel CNN,0.05698331817984581,0.11215849220752716
seg_006399,sample_02232,Roller Star - Monroeville Music Center,1,0.09372655302286148,cnn_revised_20260919T110440Z,cnn_s2_16,val,Log-Mel CNN,0.05698331817984581,0.11215849220752716
seg_006400,sample_02232,Roller Star - Monroeville Music Center,1,0.2586074471473694,cnn_revised_20260919T110440Z,cnn_s2_16,val,Log-Mel CNN,0.05698331817984581,0.11215849220752716
seg_006401,sample_02232,Roller Star - Monroeville Music Center,1,0.9477578997612,cnn_revised_20260919T110440Z,cnn_s2_16,val,Log-Mel CNN,0.05698331817984581,0.11215849220752716
seg_006402,sample_02233,"Roundtrip - Oh Yeah, the Future",1,0.2829304337501526,cnn_revised_20260919T110440Z,cnn_s2_16,val,Log-Mel CNN,0.05698331817984581,0.11215849220752716
seg_006403,sample_02233,"Roundtrip - Oh Yeah, the Future",1,0.07603756338357925,cnn_revised_20260919T110440Z,cnn_s2_16,val,Log-Mel CNN,0.05698331817984581,0.11215849220752716
seg_006404,sample_02233,"Roundtrip - Oh Yeah, the Future",1,0.3655296862125397,cnn_revised_20260919T110440Z,cnn_s2_16,val,Log-Mel CNN,0.05698331817984581,0.11215849220752716
seg_006405,sample_02234,"Roundtrip - Oh Yeah, the Future",1,0.11502355337142944,cnn_revised_20260919T110440Z,cnn_s2_16,val,Log-Mel CNN,0.05698331817984581,0.11215849220752716
seg_006406,sample_02234,"Roundtrip - Oh Yeah, the Future",1,0.016454363241791725,cnn_revised_20260919T110440Z,cnn_s2_16,val,Log-Mel CNN,0.05698331817984581,0.11215849220752716
seg_006407,sample_02234,"Roundtrip - Oh Yeah, the Future",1,0.45330727100372314,cnn_revised_20260919T110440Z,cnn_s2_16,val,Log-Mel CNN,0.05698331817984581,0.11215849220752716
seg_006420,sample_02239,Soleares&beats - Malaventura,1,0.8167875409126282,cnn_revised_20260919T110440Z,cnn_s2_16,val,Log-Mel CNN,0.05698331817984581,0.11215849220752716
seg_006421,sample_02239,Soleares&beats - Malaventura,1,0.323813796043396,cnn_revised_20260919T110440Z,cnn_s2_16,val,Log-Mel CNN,0.05698331817984581,0.11215849220752716
seg_006422,sample_02239,Soleares&beats - Malaventura,1,0.36548489332199097,cnn_revised_20260919T110440Z,cnn_s2_16,val,Log-Mel CNN,0.05698331817984581,0.11215849220752716
seg_006423,sample_02240,Soleares&beats - Malaventura,1,0.08156217634677887,cnn_revised_20260919T110440Z,cnn_s2_16,val,Log-Mel CNN,0.05698331817984581,0.11215849220752716
seg_006424,sample_02240,Soleares&beats - Malaventura,1,0.02029999904334545,cnn_revised_20260919T110440Z,cnn_s2_16,val,Log-Mel CNN,0.05698331817984581,0.11215849220752716
seg_006425,sample_02240,Soleares&beats - Malaventura,1,0.015837153419852257,cnn_revised_20260919T110440Z,cnn_s2_16,val,Log-Mel CNN,0.05698331817984581,0.11215849220752716
seg_006438,sample_02245,Stockholm Syndrome / People Should Be More Aware - Bird Names,1,0.9443758130073547,cnn_revised_20260919T110440Z,cnn_s2_16,val,Log-Mel CNN,0.05698331817984581,0.11215849220752716
seg_006439,sample_02245,Stockholm Syndrome / People Should Be More Aware - Bird Names,1,0.76935875415802,cnn_revised_20260919T110440Z,cnn_s2_16,val,Log-Mel CNN,0.05698331817984581,0.11215849220752716
seg_006440,sample_02245,Stockholm Syndrome / People Should Be More Aware - Bird Names,1,0.46616289019584656,cnn_revised_20260919T110440Z,cnn_s2_16,val,Log-Mel CNN,0.05698331817984581,0.11215849220752716
seg_006441,sample_02246,Stockholm Syndrome / People Should Be More Aware - Bird Names,1,0.6732892990112305,cnn_revised_20260919T110440Z,cnn_s2_16,val,Log-Mel CNN,0.05698331817984581,0.11215849220752716
seg_006442,sample_02246,Stockholm Syndrome / People Should Be More Aware - Bird Names,1,0.6965245008468628,cnn_revised_20260919T110440Z,cnn_s2_16,val,Log-Mel CNN,0.05698331817984581,0.11215849220752716
seg_006443,sample_02246,Stockholm Syndrome / People Should Be More Aware - Bird Names,1,0.7239353060722351,cnn_revised_20260919T110440Z,cnn_s2_16,val,Log-Mel CNN,0.05698331817984581,0.11215849220752716
seg_006480,sample_02259,Time Is Love - Silence is full of birds,1,0.9606079459190369,cnn_revised_20260919T110440Z,cnn_s2_16,val,Log-Mel CNN,0.05698331817984581,0.11215849220752716
seg_006481,sample_02259,Time Is Love - Silence is full of birds,1,0.25844985246658325,cnn_revised_20260919T110440Z,cnn_s2_16,val,Log-Mel CNN,0.05698331817984581,0.11215849220752716
seg_006482,sample_02259,Time Is Love - Silence is full of birds,1,0.8074933886528015,cnn_revised_20260919T110440Z,cnn_s2_16,val,Log-Mel CNN,0.05698331817984581,0.11215849220752716
seg_006483,sample_02260,Time Is Love - Silence is full of birds,1,0.2265373170375824,cnn_revised_20260919T110440Z,cnn_s2_16,val,Log-Mel CNN,0.05698331817984581,0.11215849220752716
seg_006484,sample_02260,Time Is Love - Silence is full of birds,1,0.044623956084251404,cnn_revised_20260919T110440Z,cnn_s2_16,val,Log-Mel CNN,0.05698331817984581,0.11215849220752716
seg_006485,sample_02260,Time Is Love - Silence is full of birds,1,0.8732126355171204,cnn_revised_20260919T110440Z,cnn_s2_16,val,Log-Mel CNN,0.05698331817984581,0.11215849220752716
seg_006522,sample_02273,2 (Wasn't There) - Isle of Pine,1,0.6525660157203674,cnn_revised_20260919T110440Z,cnn_s2_16,val,Log-Mel CNN,0.05698331817984581,0.11215849220752716
seg_006523,sample_02273,2 (Wasn't There) - Isle of Pine,1,0.3319842219352722,cnn_revised_20260919T110440Z,cnn_s2_16,val,Log-Mel CNN,0.05698331817984581,0.11215849220752716
seg_006524,sample_02273,2 (Wasn't There) - Isle of Pine,1,0.9938202500343323,cnn_revised_20260919T110440Z,cnn_s2_16,val,Log-Mel CNN,0.05698331817984581,0.11215849220752716
seg_006525,sample_02274,2 (Wasn't There) - Isle of Pine,1,0.8481078743934631,cnn_revised_20260919T110440Z,cnn_s2_16,val,Log-Mel CNN,0.05698331817984581,0.11215849220752716
seg_006526,sample_02274,2 (Wasn't There) - Isle of Pine,1,0.35510286688804626,cnn_revised_20260919T110440Z,cnn_s2_16,val,Log-Mel CNN,0.05698331817984581,0.11215849220752716
seg_006527,sample_02274,2 (Wasn't There) - Isle of Pine,1,0.9966763257980347,cnn_revised_20260919T110440Z,cnn_s2_16,val,Log-Mel CNN,0.05698331817984581,0.11215849220752716
seg_006552,sample_02283,Empty Pockets - Pete Prodoehl,1,0.9467986822128296,cnn_revised_20260919T110440Z,cnn_s2_16,val,Log-Mel CNN,0.05698331817984581,0.11215849220752716
seg_006553,sample_02283,Empty Pockets - Pete Prodoehl,1,0.0937468633055687,cnn_revised_20260919T110440Z,cnn_s2_16,val,Log-Mel CNN,0.05698331817984581,0.11215849220752716
seg_006554,sample_02283,Empty Pockets - Pete Prodoehl,1,0.9877726435661316,cnn_revised_20260919T110440Z,cnn_s2_16,val,Log-Mel CNN,0.05698331817984581,0.11215849220752716
seg_006555,sample_02284,Empty Pockets - Pete Prodoehl,1,0.8571400046348572,cnn_revised_20260919T110440Z,cnn_s2_16,val,Log-Mel CNN,0.05698331817984581,0.11215849220752716
seg_006556,sample_02284,Empty Pockets - Pete Prodoehl,1,0.059126030653715134,cnn_revised_20260919T110440Z,cnn_s2_16,val,Log-Mel CNN,0.05698331817984581,0.11215849220752716
seg_006557,sample_02284,Empty Pockets - Pete Prodoehl,1,0.893325924873352,cnn_revised_20260919T110440Z,cnn_s2_16,val,Log-Mel CNN,0.05698331817984581,0.11215849220752716
seg_006570,sample_02289,Gila Monster Flop/Music History Lesson:The Sonics - The Crypts!,1,0.10479229688644409,cnn_revised_20260919T110440Z,cnn_s2_16,val,Log-Mel CNN,0.05698331817984581,0.11215849220752716
seg_006571,sample_02289,Gila Monster Flop/Music History Lesson:The Sonics - The Crypts!,1,0.03975910693407059,cnn_revised_20260919T110440Z,cnn_s2_16,val,Log-Mel CNN,0.05698331817984581,0.11215849220752716
seg_006572,sample_02289,Gila Monster Flop/Music History Lesson:The Sonics - The Crypts!,1,0.15388689935207367,cnn_revised_20260919T110440Z,cnn_s2_16,val,Log-Mel CNN,0.05698331817984581,0.11215849220752716
seg_006573,sample_02290,Gila Monster Flop/Music History Lesson:The Sonics - The Crypts!,1,0.05901370197534561,cnn_revised_20260919T110440Z,cnn_s2_16,val,Log-Mel CNN,0.05698331817984581,0.11215849220752716
seg_006574,sample_02290,Gila Monster Flop/Music History Lesson:The Sonics - The Crypts!,1,0.003702537389472127,cnn_revised_20260919T110440Z,cnn_s2_16,val,Log-Mel CNN,0.05698331817984581,0.11215849220752716
seg_006575,sample_02290,Gila Monster Flop/Music History Lesson:The Sonics - The Crypts!,1,0.2778957486152649,cnn_revised_20260919T110440Z,cnn_s2_16,val,Log-Mel CNN,0.05698331817984581,0.11215849220752716
seg_006588,sample_02295,I Fell - Mod Fun,1,0.14090628921985626,cnn_revised_20260919T110440Z,cnn_s2_16,val,Log-Mel CNN,0.05698331817984581,0.11215849220752716
seg_006589,sample_02295,I Fell - Mod Fun,1,0.020254185423254967,cnn_revised_20260919T110440Z,cnn_s2_16,val,Log-Mel CNN,0.05698331817984581,0.11215849220752716
seg_006590,sample_02295,I Fell - Mod Fun,1,0.28166499733924866,cnn_revised_20260919T110440Z,cnn_s2_16,val,Log-Mel CNN,0.05698331817984581,0.11215849220752716
seg_006591,sample_02296,I Fell - Mod Fun,1,0.07204528898000717,cnn_revised_20260919T110440Z,cnn_s2_16,val,Log-Mel CNN,0.05698331817984581,0.11215849220752716
seg_006592,sample_02296,I Fell - Mod Fun,1,0.036596786230802536,cnn_revised_20260919T110440Z,cnn_s2_16,val,Log-Mel CNN,0.05698331817984581,0.11215849220752716
seg_006593,sample_02296,I Fell - Mod Fun,1,0.08279169350862503,cnn_revised_20260919T110440Z,cnn_s2_16,val,Log-Mel CNN,0.05698331817984581,0.11215849220752716
seg_006636,sample_02311,March of the GPA Mechanics - [t]ghost,1,0.3509826064109802,cnn_revised_20260919T110440Z,cnn_s2_16,val,Log-Mel CNN,0.05698331817984581,0.11215849220752716
seg_006637,sample_02311,March of the GPA Mechanics - [t]ghost,1,0.07651927322149277,cnn_revised_20260919T110440Z,cnn_s2_16,val,Log-Mel CNN,0.05698331817984581,0.11215849220752716
seg_006638,sample_02311,March of the GPA Mechanics - [t]ghost,1,0.20367750525474548,cnn_revised_20260919T110440Z,cnn_s2_16,val,Log-Mel CNN,0.05698331817984581,0.11215849220752716
seg_006639,sample_02312,March of the GPA Mechanics - [t]ghost,1,0.7569514513015747,cnn_revised_20260919T110440Z,cnn_s2_16,val,Log-Mel CNN,0.05698331817984581,0.11215849220752716
seg_006640,sample_02312,March of the GPA Mechanics - [t]ghost,1,0.03527636080980301,cnn_revised_20260919T110440Z,cnn_s2_16,val,Log-Mel CNN,0.05698331817984581,0.11215849220752716
seg_006641,sample_02312,March of the GPA Mechanics - [t]ghost,1,0.7678126096725464,cnn_revised_20260919T110440Z,cnn_s2_16,val,Log-Mel CNN,0.05698331817984581,0.11215849220752716
seg_006696,sample_02331,Scramby Eggs - Andy G. Cohen,1,0.02347477339208126,cnn_revised_20260919T110440Z,cnn_s2_16,val,Log-Mel CNN,0.05698331817984581,0.11215849220752716
seg_006697,sample_02331,Scramby Eggs - Andy G. Cohen,1,0.12261482328176498,cnn_revised_20260919T110440Z,cnn_s2_16,val,Log-Mel CNN,0.05698331817984581,0.11215849220752716
seg_006698,sample_02331,Scramby Eggs - Andy G. Cohen,1,0.47085681557655334,cnn_revised_20260919T110440Z,cnn_s2_16,val,Log-Mel CNN,0.05698331817984581,0.11215849220752716
seg_006699,sample_02332,Scramby Eggs - Andy G. Cohen,1,0.07466507703065872,cnn_revised_20260919T110440Z,cnn_s2_16,val,Log-Mel CNN,0.05698331817984581,0.11215849220752716
seg_006700,sample_02332,Scramby Eggs - Andy G. Cohen,1,0.07057138532400131,cnn_revised_20260919T110440Z,cnn_s2_16,val,Log-Mel CNN,0.05698331817984581,0.11215849220752716
seg_006701,sample_02332,Scramby Eggs - Andy G. Cohen,1,0.2810855507850647,cnn_revised_20260919T110440Z,cnn_s2_16,val,Log-Mel CNN,0.05698331817984581,0.11215849220752716
seg_006750,sample_02349,The girl just faded - Los Llamarada,1,0.6284996867179871,cnn_revised_20260919T110440Z,cnn_s2_16,val,Log-Mel CNN,0.05698331817984581,0.11215849220752716
seg_006751,sample_02349,The girl just faded - Los Llamarada,1,0.08478796482086182,cnn_revised_20260919T110440Z,cnn_s2_16,val,Log-Mel CNN,0.05698331817984581,0.11215849220752716
seg_006752,sample_02349,The girl just faded - Los Llamarada,1,0.27512994408607483,cnn_revised_20260919T110440Z,cnn_s2_16,val,Log-Mel CNN,0.05698331817984581,0.11215849220752716
seg_006753,sample_02350,The girl just faded - Los Llamarada,1,0.2417954057455063,cnn_revised_20260919T110440Z,cnn_s2_16,val,Log-Mel CNN,0.05698331817984581,0.11215849220752716
seg_006754,sample_02350,The girl just faded - Los Llamarada,1,0.24420438706874847,cnn_revised_20260919T110440Z,cnn_s2_16,val,Log-Mel CNN,0.05698331817984581,0.11215849220752716
seg_006755,sample_02350,The girl just faded - Los Llamarada,1,0.27848291397094727,cnn_revised_20260919T110440Z,cnn_s2_16,val,Log-Mel CNN,0.05698331817984581,0.11215849220752716
seg_006768,sample_02355,Voxel - Andy G. Cohen,1,0.02695549838244915,cnn_revised_20260919T110440Z,cnn_s2_16,val,Log-Mel CNN,0.05698331817984581,0.11215849220752716
seg_006769,sample_02355,Voxel - Andy G. Cohen,1,0.15343976020812988,cnn_revised_20260919T110440Z,cnn_s2_16,val,Log-Mel CNN,0.05698331817984581,0.11215849220752716
seg_006770,sample_02355,Voxel - Andy G. Cohen,1,0.9722850322723389,cnn_revised_20260919T110440Z,cnn_s2_16,val,Log-Mel CNN,0.05698331817984581,0.11215849220752716
seg_006771,sample_02356,Voxel - Andy G. Cohen,1,0.5601715445518494,cnn_revised_20260919T110440Z,cnn_s2_16,val,Log-Mel CNN,0.05698331817984581,0.11215849220752716
seg_006772,sample_02356,Voxel - Andy G. Cohen,1,0.17830628156661987,cnn_revised_20260919T110440Z,cnn_s2_16,val,Log-Mel CNN,0.05698331817984581,0.11215849220752716
seg_006773,sample_02356,Voxel - Andy G. Cohen,1,0.5135706067085266,cnn_revised_20260919T110440Z,cnn_s2_16,val,Log-Mel CNN,0.05698331817984581,0.11215849220752716
seg_006792,sample_02363,Windows of the Skull - Sarin,1,0.9954923391342163,cnn_revised_20260919T110440Z,cnn_s2_16,val,Log-Mel CNN,0.05698331817984581,0.11215849220752716
seg_006793,sample_02363,Windows of the Skull - Sarin,1,0.04548853263258934,cnn_revised_20260919T110440Z,cnn_s2_16,val,Log-Mel CNN,0.05698331817984581,0.11215849220752716
seg_006794,sample_02363,Windows of the Skull - Sarin,1,0.08552747219800949,cnn_revised_20260919T110440Z,cnn_s2_16,val,Log-Mel CNN,0.05698331817984581,0.11215849220752716
seg_006795,sample_02364,Windows of the Skull - Sarin,1,0.9805460572242737,cnn_revised_20260919T110440Z,cnn_s2_16,val,Log-Mel CNN,0.05698331817984581,0.11215849220752716
seg_006796,sample_02364,Windows of the Skull - Sarin,1,0.0733058899641037,cnn_revised_20260919T110440Z,cnn_s2_16,val,Log-Mel CNN,0.05698331817984581,0.11215849220752716
seg_006797,sample_02364,Windows of the Skull - Sarin,1,0.9969511032104492,cnn_revised_20260919T110440Z,cnn_s2_16,val,Log-Mel CNN,0.05698331817984581,0.11215849220752716
seg_006810,sample_02369,Новый Нью-Йорк 2 - Чокнутый Пропеллер,1,0.02639254368841648,cnn_revised_20260919T110440Z,cnn_s2_16,val,Log-Mel CNN,0.05698331817984581,0.11215849220752716
seg_006811,sample_02369,Новый Нью-Йорк 2 - Чокнутый Пропеллер,1,0.08165876567363739,cnn_revised_20260919T110440Z,cnn_s2_16,val,Log-Mel CNN,0.05698331817984581,0.11215849220752716
seg_006812,sample_02369,Новый Нью-Йорк 2 - Чокнутый Пропеллер,1,0.16210393607616425,cnn_revised_20260919T110440Z,cnn_s2_16,val,Log-Mel CNN,0.05698331817984581,0.11215849220752716
seg_006813,sample_02370,Новый Нью-Йорк 2 - Чокнутый Пропеллер,1,0.03717748820781708,cnn_revised_20260919T110440Z,cnn_s2_16,val,Log-Mel CNN,0.05698331817984581,0.11215849220752716
seg_006814,sample_02370,Новый Нью-Йорк 2 - Чокнутый Пропеллер,1,0.12139973044395447,cnn_revised_20260919T110440Z,cnn_s2_16,val,Log-Mel CNN,0.05698331817984581,0.11215849220752716
seg_006815,sample_02370,Новый Нью-Йорк 2 - Чокнутый Пропеллер,1,0.29974591732025146,cnn_revised_20260919T110440Z,cnn_s2_16,val,Log-Mel CNN,0.05698331817984581,0.11215849220752716
seg_006864,sample_02387,CopperNickle - UncleBibby,1,0.7055441737174988,cnn_revised_20260919T110440Z,cnn_s2_16,val,Log-Mel CNN,0.05698331817984581,0.11215849220752716
seg_006865,sample_02387,CopperNickle - UncleBibby,1,0.4180527627468109,cnn_revised_20260919T110440Z,cnn_s2_16,val,Log-Mel CNN,0.05698331817984581,0.11215849220752716
seg_006866,sample_02387,CopperNickle - UncleBibby,1,0.9250652194023132,cnn_revised_20260919T110440Z,cnn_s2_16,val,Log-Mel CNN,0.05698331817984581,0.11215849220752716
seg_006867,sample_02388,CopperNickle - UncleBibby,1,0.08804861456155777,cnn_revised_20260919T110440Z,cnn_s2_16,val,Log-Mel CNN,0.05698331817984581,0.11215849220752716
seg_006868,sample_02388,CopperNickle - UncleBibby,1,0.04413306713104248,cnn_revised_20260919T110440Z,cnn_s2_16,val,Log-Mel CNN,0.05698331817984581,0.11215849220752716
seg_006869,sample_02388,CopperNickle - UncleBibby,1,0.21355654299259186,cnn_revised_20260919T110440Z,cnn_s2_16,val,Log-Mel CNN,0.05698331817984581,0.11215849220752716
seg_006876,sample_02391,Daylight Savings - My brother Daniel,1,0.604778528213501,cnn_revised_20260919T110440Z,cnn_s2_16,val,Log-Mel CNN,0.05698331817984581,0.11215849220752716
seg_006877,sample_02391,Daylight Savings - My brother Daniel,1,0.31962132453918457,cnn_revised_20260919T110440Z,cnn_s2_16,val,Log-Mel CNN,0.05698331817984581,0.11215849220752716
seg_006878,sample_02391,Daylight Savings - My brother Daniel,1,0.9889543056488037,cnn_revised_20260919T110440Z,cnn_s2_16,val,Log-Mel CNN,0.05698331817984581,0.11215849220752716
seg_006879,sample_02392,Daylight Savings - My brother Daniel,1,0.05430767685174942,cnn_revised_20260919T110440Z,cnn_s2_16,val,Log-Mel CNN,0.05698331817984581,0.11215849220752716
seg_006880,sample_02392,Daylight Savings - My brother Daniel,1,0.19638343155384064,cnn_revised_20260919T110440Z,cnn_s2_16,val,Log-Mel CNN,0.05698331817984581,0.11215849220752716
seg_006881,sample_02392,Daylight Savings - My brother Daniel,1,0.7999011874198914,cnn_revised_20260919T110440Z,cnn_s2_16,val,Log-Mel CNN,0.05698331817984581,0.11215849220752716
seg_006942,sample_02413,mystery team 2090 - Jesse Futerman,1,0.49946340918540955,cnn_revised_20260919T110440Z,cnn_s2_16,val,Log-Mel CNN,0.05698331817984581,0.11215849220752716
seg_006943,sample_02413,mystery team 2090 - Jesse Futerman,1,0.5212589502334595,cnn_revised_20260919T110440Z,cnn_s2_16,val,Log-Mel CNN,0.05698331817984581,0.11215849220752716
seg_006944,sample_02413,mystery team 2090 - Jesse Futerman,1,0.9846624135971069,cnn_revised_20260919T110440Z,cnn_s2_16,val,Log-Mel CNN,0.05698331817984581,0.11215849220752716
seg_006945,sample_02414,mystery team 2090 - Jesse Futerman,1,0.5924227833747864,cnn_revised_20260919T110440Z,cnn_s2_16,val,Log-Mel CNN,0.05698331817984581,0.11215849220752716
seg_006946,sample_02414,mystery team 2090 - Jesse Futerman,1,0.7265363335609436,cnn_revised_20260919T110440Z,cnn_s2_16,val,Log-Mel CNN,0.05698331817984581,0.11215849220752716
seg_006947,sample_02414,mystery team 2090 - Jesse Futerman,1,0.997780978679657,cnn_revised_20260919T110440Z,cnn_s2_16,val,Log-Mel CNN,0.05698331817984581,0.11215849220752716
seg_006948,sample_02415,Night Drive - Decktonic,1,0.07080069929361343,cnn_revised_20260919T110440Z,cnn_s2_16,val,Log-Mel CNN,0.05698331817984581,0.11215849220752716
seg_006949,sample_02415,Night Drive - Decktonic,1,0.009026222862303257,cnn_revised_20260919T110440Z,cnn_s2_16,val,Log-Mel CNN,0.05698331817984581,0.11215849220752716
seg_006950,sample_02415,Night Drive - Decktonic,1,0.8960617184638977,cnn_revised_20260919T110440Z,cnn_s2_16,val,Log-Mel CNN,0.05698331817984581,0.11215849220752716
seg_006951,sample_02416,Night Drive - Decktonic,1,0.6274247169494629,cnn_revised_20260919T110440Z,cnn_s2_16,val,Log-Mel CNN,0.05698331817984581,0.11215849220752716
seg_006952,sample_02416,Night Drive - Decktonic,1,0.1818942129611969,cnn_revised_20260919T110440Z,cnn_s2_16,val,Log-Mel CNN,0.05698331817984581,0.11215849220752716
seg_006953,sample_02416,Night Drive - Decktonic,1,0.9874488711357117,cnn_revised_20260919T110440Z,cnn_s2_16,val,Log-Mel CNN,0.05698331817984581,0.11215849220752716
seg_006966,sample_02421,Nuo Maisemat - Paavoharju,1,0.7085158228874207,cnn_revised_20260919T110440Z,cnn_s2_16,val,Log-Mel CNN,0.05698331817984581,0.11215849220752716
seg_006967,sample_02421,Nuo Maisemat - Paavoharju,1,0.05698331817984581,cnn_revised_20260919T110440Z,cnn_s2_16,val,Log-Mel CNN,0.05698331817984581,0.11215849220752716
seg_006968,sample_02421,Nuo Maisemat - Paavoharju,1,0.8032099008560181,cnn_revised_20260919T110440Z,cnn_s2_16,val,Log-Mel CNN,0.05698331817984581,0.11215849220752716
seg_006969,sample_02422,Nuo Maisemat - Paavoharju,1,0.9811028838157654,cnn_revised_20260919T110440Z,cnn_s2_16,val,Log-Mel CNN,0.05698331817984581,0.11215849220752716
seg_006970,sample_02422,Nuo Maisemat - Paavoharju,1,0.5458470582962036,cnn_revised_20260919T110440Z,cnn_s2_16,val,Log-Mel CNN,0.05698331817984581,0.11215849220752716
seg_006971,sample_02422,Nuo Maisemat - Paavoharju,1,0.8665459156036377,cnn_revised_20260919T110440Z,cnn_s2_16,val,Log-Mel CNN,0.05698331817984581,0.11215849220752716
seg_007050,sample_02449,SD (Ill Mix) - H-LR,1,0.061047058552503586,cnn_revised_20260919T110440Z,cnn_s2_16,val,Log-Mel CNN,0.05698331817984581,0.11215849220752716
seg_007051,sample_02449,SD (Ill Mix) - H-LR,1,0.27466192841529846,cnn_revised_20260919T110440Z,cnn_s2_16,val,Log-Mel CNN,0.05698331817984581,0.11215849220752716
seg_007052,sample_02449,SD (Ill Mix) - H-LR,1,0.9711830019950867,cnn_revised_20260919T110440Z,cnn_s2_16,val,Log-Mel CNN,0.05698331817984581,0.11215849220752716
seg_007053,sample_02450,SD (Ill Mix) - H-LR,1,0.10823668539524078,cnn_revised_20260919T110440Z,cnn_s2_16,val,Log-Mel CNN,0.05698331817984581,0.11215849220752716
seg_007054,sample_02450,SD (Ill Mix) - H-LR,1,0.37582865357398987,cnn_revised_20260919T110440Z,cnn_s2_16,val,Log-Mel CNN,0.05698331817984581,0.11215849220752716
seg_007055,sample_02450,SD (Ill Mix) - H-LR,1,0.9355150461196899,cnn_revised_20260919T110440Z,cnn_s2_16,val,Log-Mel CNN,0.05698331817984581,0.11215849220752716
seg_007158,sample_02485,Evil Cannot Create - Caleb Lemond,1,0.021028518676757812,cnn_revised_20260919T110440Z,cnn_s2_16,val,Log-Mel CNN,0.05698331817984581,0.11215849220752716
seg_007159,sample_02485,Evil Cannot Create - Caleb Lemond,1,0.9489784836769104,cnn_revised_20260919T110440Z,cnn_s2_16,val,Log-Mel CNN,0.05698331817984581,0.11215849220752716
seg_007160,sample_02485,Evil Cannot Create - Caleb Lemond,1,0.8929503560066223,cnn_revised_20260919T110440Z,cnn_s2_16,val,Log-Mel CNN,0.05698331817984581,0.11215849220752716
seg_007161,sample_02486,Evil Cannot Create - Caleb Lemond,1,0.5297627449035645,cnn_revised_20260919T110440Z,cnn_s2_16,val,Log-Mel CNN,0.05698331817984581,0.11215849220752716
seg_007162,sample_02486,Evil Cannot Create - Caleb Lemond,1,0.9114614129066467,cnn_revised_20260919T110440Z,cnn_s2_16,val,Log-Mel CNN,0.05698331817984581,0.11215849220752716
seg_007163,sample_02486,Evil Cannot Create - Caleb Lemond,1,0.8654545545578003,cnn_revised_20260919T110440Z,cnn_s2_16,val,Log-Mel CNN,0.05698331817984581,0.11215849220752716
seg_007266,sample_02521,New Life (take 1) - Bird Names,1,0.38986751437187195,cnn_revised_20260919T110440Z,cnn_s2_16,val,Log-Mel CNN,0.05698331817984581,0.11215849220752716
seg_007267,sample_02521,New Life (take 1) - Bird Names,1,0.6651367545127869,cnn_revised_20260919T110440Z,cnn_s2_16,val,Log-Mel CNN,0.05698331817984581,0.11215849220752716
seg_007268,sample_02521,New Life (take 1) - Bird Names,1,0.9971272349357605,cnn_revised_20260919T110440Z,cnn_s2_16,val,Log-Mel CNN,0.05698331817984581,0.11215849220752716
seg_007269,sample_02522,New Life (take 1) - Bird Names,1,0.23095940053462982,cnn_revised_20260919T110440Z,cnn_s2_16,val,Log-Mel CNN,0.05698331817984581,0.11215849220752716
seg_007270,sample_02522,New Life (take 1) - Bird Names,1,0.15535639226436615,cnn_revised_20260919T110440Z,cnn_s2_16,val,Log-Mel CNN,0.05698331817984581,0.11215849220752716
seg_007271,sample_02522,New Life (take 1) - Bird Names,1,0.31597909331321716,cnn_revised_20260919T110440Z,cnn_s2_16,val,Log-Mel CNN,0.05698331817984581,0.11215849220752716
seg_007272,sample_02523,Norweigian Wood II - Bird Names,1,0.17375236749649048,cnn_revised_20260919T110440Z,cnn_s2_16,val,Log-Mel CNN,0.05698331817984581,0.11215849220752716
seg_007273,sample_02523,Norweigian Wood II - Bird Names,1,0.8459915518760681,cnn_revised_20260919T110440Z,cnn_s2_16,val,Log-Mel CNN,0.05698331817984581,0.11215849220752716
seg_007274,sample_02523,Norweigian Wood II - Bird Names,1,0.9990987777709961,cnn_revised_20260919T110440Z,cnn_s2_16,val,Log-Mel CNN,0.05698331817984581,0.11215849220752716
seg_007275,sample_02524,Norweigian Wood II - Bird Names,1,0.7865860462188721,cnn_revised_20260919T110440Z,cnn_s2_16,val,Log-Mel CNN,0.05698331817984581,0.11215849220752716
seg_007276,sample_02524,Norweigian Wood II - Bird Names,1,0.35203132033348083,cnn_revised_20260919T110440Z,cnn_s2_16,val,Log-Mel CNN,0.05698331817984581,0.11215849220752716
seg_007277,sample_02524,Norweigian Wood II - Bird Names,1,0.772135317325592,cnn_revised_20260919T110440Z,cnn_s2_16,val,Log-Mel CNN,0.05698331817984581,0.11215849220752716
seg_007296,sample_02531,Roller Star - Monroeville Music Center,1,0.16118571162223816,cnn_revised_20260919T110440Z,cnn_s2_16,val,Log-Mel CNN,0.05698331817984581,0.11215849220752716
seg_007297,sample_02531,Roller Star - Monroeville Music Center,1,0.05982435122132301,cnn_revised_20260919T110440Z,cnn_s2_16,val,Log-Mel CNN,0.05698331817984581,0.11215849220752716
seg_007298,sample_02531,Roller Star - Monroeville Music Center,1,0.5625699162483215,cnn_revised_20260919T110440Z,cnn_s2_16,val,Log-Mel CNN,0.05698331817984581,0.11215849220752716
seg_007299,sample_02532,Roller Star - Monroeville Music Center,1,0.11204226315021515,cnn_revised_20260919T110440Z,cnn_s2_16,val,Log-Mel CNN,0.05698331817984581,0.11215849220752716
seg_007300,sample_02532,Roller Star - Monroeville Music Center,1,0.6783000826835632,cnn_revised_20260919T110440Z,cnn_s2_16,val,Log-Mel CNN,0.05698331817984581,0.11215849220752716
seg_007301,sample_02532,Roller Star - Monroeville Music Center,1,0.9411565065383911,cnn_revised_20260919T110440Z,cnn_s2_16,val,Log-Mel CNN,0.05698331817984581,0.11215849220752716
seg_007302,sample_02533,"Roundtrip - Oh Yeah, the Future",1,0.1695854365825653,cnn_revised_20260919T110440Z,cnn_s2_16,val,Log-Mel CNN,0.05698331817984581,0.11215849220752716
seg_007303,sample_02533,"Roundtrip - Oh Yeah, the Future",1,0.2058718353509903,cnn_revised_20260919T110440Z,cnn_s2_16,val,Log-Mel CNN,0.05698331817984581,0.11215849220752716
seg_007304,sample_02533,"Roundtrip - Oh Yeah, the Future",1,0.8421825170516968,cnn_revised_20260919T110440Z,cnn_s2_16,val,Log-Mel CNN,0.05698331817984581,0.11215849220752716
seg_007305,sample_02534,"Roundtrip - Oh Yeah, the Future",1,0.008128782734274864,cnn_revised_20260919T110440Z,cnn_s2_16,val,Log-Mel CNN,0.05698331817984581,0.11215849220752716
seg_007306,sample_02534,"Roundtrip - Oh Yeah, the Future",1,0.30376431345939636,cnn_revised_20260919T110440Z,cnn_s2_16,val,Log-Mel CNN,0.05698331817984581,0.11215849220752716
seg_007307,sample_02534,"Roundtrip - Oh Yeah, the Future",1,0.024582380428910255,cnn_revised_20260919T110440Z,cnn_s2_16,val,Log-Mel CNN,0.05698331817984581,0.11215849220752716
seg_007320,sample_02539,Soleares&beats - Malaventura,1,0.4163528084754944,cnn_revised_20260919T110440Z,cnn_s2_16,val,Log-Mel CNN,0.05698331817984581,0.11215849220752716
seg_007321,sample_02539,Soleares&beats - Malaventura,1,0.5732297301292419,cnn_revised_20260919T110440Z,cnn_s2_16,val,Log-Mel CNN,0.05698331817984581,0.11215849220752716
seg_007322,sample_02539,Soleares&beats - Malaventura,1,0.45009806752204895,cnn_revised_20260919T110440Z,cnn_s2_16,val,Log-Mel CNN,0.05698331817984581,0.11215849220752716
seg_007323,sample_02540,Soleares&beats - Malaventura,1,0.04910077899694443,cnn_revised_20260919T110440Z,cnn_s2_16,val,Log-Mel CNN,0.05698331817984581,0.11215849220752716
seg_007324,sample_02540,Soleares&beats - Malaventura,1,0.03668744117021561,cnn_revised_20260919T110440Z,cnn_s2_16,val,Log-Mel CNN,0.05698331817984581,0.11215849220752716
seg_007325,sample_02540,Soleares&beats - Malaventura,1,0.4888432025909424,cnn_revised_20260919T110440Z,cnn_s2_16,val,Log-Mel CNN,0.05698331817984581,0.11215849220752716
seg_007338,sample_02545,Stockholm Syndrome / People Should Be More Aware - Bird Names,1,0.007695486303418875,cnn_revised_20260919T110440Z,cnn_s2_16,val,Log-Mel CNN,0.05698331817984581,0.11215849220752716
seg_007339,sample_02545,Stockholm Syndrome / People Should Be More Aware - Bird Names,1,0.0032769907265901566,cnn_revised_20260919T110440Z,cnn_s2_16,val,Log-Mel CNN,0.05698331817984581,0.11215849220752716
seg_007340,sample_02545,Stockholm Syndrome / People Should Be More Aware - Bird Names,1,0.06571659445762634,cnn_revised_20260919T110440Z,cnn_s2_16,val,Log-Mel CNN,0.05698331817984581,0.11215849220752716
seg_007341,sample_02546,Stockholm Syndrome / People Should Be More Aware - Bird Names,1,0.002555986400693655,cnn_revised_20260919T110440Z,cnn_s2_16,val,Log-Mel CNN,0.05698331817984581,0.11215849220752716
seg_007342,sample_02546,Stockholm Syndrome / People Should Be More Aware - Bird Names,1,0.010080850683152676,cnn_revised_20260919T110440Z,cnn_s2_16,val,Log-Mel CNN,0.05698331817984581,0.11215849220752716
seg_007343,sample_02546,Stockholm Syndrome / People Should Be More Aware - Bird Names,1,0.005394344683736563,cnn_revised_20260919T110440Z,cnn_s2_16,val,Log-Mel CNN,0.05698331817984581,0.11215849220752716
seg_007380,sample_02559,Time Is Love - Silence is full of birds,1,0.032967302948236465,cnn_revised_20260919T110440Z,cnn_s2_16,val,Log-Mel CNN,0.05698331817984581,0.11215849220752716
seg_007381,sample_02559,Time Is Love - Silence is full of birds,1,0.077365443110466,cnn_revised_20260919T110440Z,cnn_s2_16,val,Log-Mel CNN,0.05698331817984581,0.11215849220752716
seg_007382,sample_02559,Time Is Love - Silence is full of birds,1,0.9759771823883057,cnn_revised_20260919T110440Z,cnn_s2_16,val,Log-Mel CNN,0.05698331817984581,0.11215849220752716
seg_007383,sample_02560,Time Is Love - Silence is full of birds,1,0.2552439868450165,cnn_revised_20260919T110440Z,cnn_s2_16,val,Log-Mel CNN,0.05698331817984581,0.11215849220752716
seg_007384,sample_02560,Time Is Love - Silence is full of birds,1,0.5026537179946899,cnn_revised_20260919T110440Z,cnn_s2_16,val,Log-Mel CNN,0.05698331817984581,0.11215849220752716
seg_007385,sample_02560,Time Is Love - Silence is full of birds,1,0.500134289264679,cnn_revised_20260919T110440Z,cnn_s2_16,val,Log-Mel CNN,0.05698331817984581,0.11215849220752716
seg_007422,sample_02573,2 (Wasn't There) - Isle of Pine,1,0.6583541631698608,cnn_revised_20260919T110440Z,cnn_s2_16,val,Log-Mel CNN,0.05698331817984581,0.11215849220752716
seg_007423,sample_02573,2 (Wasn't There) - Isle of Pine,1,0.9980015158653259,cnn_revised_20260919T110440Z,cnn_s2_16,val,Log-Mel CNN,0.05698331817984581,0.11215849220752716
seg_007424,sample_02573,2 (Wasn't There) - Isle of Pine,1,0.9921796321868896,cnn_revised_20260919T110440Z,cnn_s2_16,val,Log-Mel CNN,0.05698331817984581,0.11215849220752716
seg_007425,sample_02574,2 (Wasn't There) - Isle of Pine,1,0.005623959936201572,cnn_revised_20260919T110440Z,cnn_s2_16,val,Log-Mel CNN,0.05698331817984581,0.11215849220752716
seg_007426,sample_02574,2 (Wasn't There) - Isle of Pine,1,0.010404286906123161,cnn_revised_20260919T110440Z,cnn_s2_16,val,Log-Mel CNN,0.05698331817984581,0.11215849220752716
seg_007427,sample_02574,2 (Wasn't There) - Isle of Pine,1,0.9757625460624695,cnn_revised_20260919T110440Z,cnn_s2_16,val,Log-Mel CNN,0.05698331817984581,0.11215849220752716
seg_007452,sample_02583,Empty Pockets - Pete Prodoehl,1,0.4648704528808594,cnn_revised_20260919T110440Z,cnn_s2_16,val,Log-Mel CNN,0.05698331817984581,0.11215849220752716
seg_007453,sample_02583,Empty Pockets - Pete Prodoehl,1,0.21335965394973755,cnn_revised_20260919T110440Z,cnn_s2_16,val,Log-Mel CNN,0.05698331817984581,0.11215849220752716
seg_007454,sample_02583,Empty Pockets - Pete Prodoehl,1,0.9971137046813965,cnn_revised_20260919T110440Z,cnn_s2_16,val,Log-Mel CNN,0.05698331817984581,0.11215849220752716
seg_007455,sample_02584,Empty Pockets - Pete Prodoehl,1,0.0068710981868207455,cnn_revised_20260919T110440Z,cnn_s2_16,val,Log-Mel CNN,0.05698331817984581,0.11215849220752716
seg_007456,sample_02584,Empty Pockets - Pete Prodoehl,1,0.0029456529300659895,cnn_revised_20260919T110440Z,cnn_s2_16,val,Log-Mel CNN,0.05698331817984581,0.11215849220752716
seg_007457,sample_02584,Empty Pockets - Pete Prodoehl,1,0.17983625829219818,cnn_revised_20260919T110440Z,cnn_s2_16,val,Log-Mel CNN,0.05698331817984581,0.11215849220752716
seg_007470,sample_02589,Gila Monster Flop/Music History Lesson:The Sonics - The Crypts!,1,0.6543606519699097,cnn_revised_20260919T110440Z,cnn_s2_16,val,Log-Mel CNN,0.05698331817984581,0.11215849220752716
seg_007471,sample_02589,Gila Monster Flop/Music History Lesson:The Sonics - The Crypts!,1,0.0035603800788521767,cnn_revised_20260919T110440Z,cnn_s2_16,val,Log-Mel CNN,0.05698331817984581,0.11215849220752716
seg_007472,sample_02589,Gila Monster Flop/Music History Lesson:The Sonics - The Crypts!,1,0.9948008060455322,cnn_revised_20260919T110440Z,cnn_s2_16,val,Log-Mel CNN,0.05698331817984581,0.11215849220752716
seg_007473,sample_02590,Gila Monster Flop/Music History Lesson:The Sonics - The Crypts!,1,0.015158181078732014,cnn_revised_20260919T110440Z,cnn_s2_16,val,Log-Mel CNN,0.05698331817984581,0.11215849220752716
seg_007474,sample_02590,Gila Monster Flop/Music History Lesson:The Sonics - The Crypts!,1,0.001309400424361229,cnn_revised_20260919T110440Z,cnn_s2_16,val,Log-Mel CNN,0.05698331817984581,0.11215849220752716
seg_007475,sample_02590,Gila Monster Flop/Music History Lesson:The Sonics - The Crypts!,1,0.9110769629478455,cnn_revised_20260919T110440Z,cnn_s2_16,val,Log-Mel CNN,0.05698331817984581,0.11215849220752716
seg_007488,sample_02595,I Fell - Mod Fun,1,0.2149714231491089,cnn_revised_20260919T110440Z,cnn_s2_16,val,Log-Mel CNN,0.05698331817984581,0.11215849220752716
seg_007489,sample_02595,I Fell - Mod Fun,1,0.41578227281570435,cnn_revised_20260919T110440Z,cnn_s2_16,val,Log-Mel CNN,0.05698331817984581,0.11215849220752716
seg_007490,sample_02595,I Fell - Mod Fun,1,0.9649320840835571,cnn_revised_20260919T110440Z,cnn_s2_16,val,Log-Mel CNN,0.05698331817984581,0.11215849220752716
seg_007491,sample_02596,I Fell - Mod Fun,1,0.01049034297466278,cnn_revised_20260919T110440Z,cnn_s2_16,val,Log-Mel CNN,0.05698331817984581,0.11215849220752716
seg_007492,sample_02596,I Fell - Mod Fun,1,0.004213917069137096,cnn_revised_20260919T110440Z,cnn_s2_16,val,Log-Mel CNN,0.05698331817984581,0.11215849220752716
seg_007493,sample_02596,I Fell - Mod Fun,1,0.9039503931999207,cnn_revised_20260919T110440Z,cnn_s2_16,val,Log-Mel CNN,0.05698331817984581,0.11215849220752716
seg_007536,sample_02611,March of the GPA Mechanics - [t]ghost,1,0.16699939966201782,cnn_revised_20260919T110440Z,cnn_s2_16,val,Log-Mel CNN,0.05698331817984581,0.11215849220752716
seg_007537,sample_02611,March of the GPA Mechanics - [t]ghost,1,0.0577196404337883,cnn_revised_20260919T110440Z,cnn_s2_16,val,Log-Mel CNN,0.05698331817984581,0.11215849220752716
seg_007538,sample_02611,March of the GPA Mechanics - [t]ghost,1,0.9998168349266052,cnn_revised_20260919T110440Z,cnn_s2_16,val,Log-Mel CNN,0.05698331817984581,0.11215849220752716
seg_007539,sample_02612,March of the GPA Mechanics - [t]ghost,1,0.015130428597331047,cnn_revised_20260919T110440Z,cnn_s2_16,val,Log-Mel CNN,0.05698331817984581,0.11215849220752716
seg_007540,sample_02612,March of the GPA Mechanics - [t]ghost,1,0.08360400050878525,cnn_revised_20260919T110440Z,cnn_s2_16,val,Log-Mel CNN,0.05698331817984581,0.11215849220752716
seg_007541,sample_02612,March of the GPA Mechanics - [t]ghost,1,0.706168532371521,cnn_revised_20260919T110440Z,cnn_s2_16,val,Log-Mel CNN,0.05698331817984581,0.11215849220752716
seg_007596,sample_02631,Scramby Eggs - Andy G. Cohen,1,0.3123139441013336,cnn_revised_20260919T110440Z,cnn_s2_16,val,Log-Mel CNN,0.05698331817984581,0.11215849220752716
seg_007597,sample_02631,Scramby Eggs - Andy G. Cohen,1,0.010770469903945923,cnn_revised_20260919T110440Z,cnn_s2_16,val,Log-Mel CNN,0.05698331817984581,0.11215849220752716
seg_007598,sample_02631,Scramby Eggs - Andy G. Cohen,1,0.05464661493897438,cnn_revised_20260919T110440Z,cnn_s2_16,val,Log-Mel CNN,0.05698331817984581,0.11215849220752716
seg_007599,sample_02632,Scramby Eggs - Andy G. Cohen,1,0.07982251048088074,cnn_revised_20260919T110440Z,cnn_s2_16,val,Log-Mel CNN,0.05698331817984581,0.11215849220752716
seg_007600,sample_02632,Scramby Eggs - Andy G. Cohen,1,0.014884434640407562,cnn_revised_20260919T110440Z,cnn_s2_16,val,Log-Mel CNN,0.05698331817984581,0.11215849220752716
seg_007601,sample_02632,Scramby Eggs - Andy G. Cohen,1,0.9569713473320007,cnn_revised_20260919T110440Z,cnn_s2_16,val,Log-Mel CNN,0.05698331817984581,0.11215849220752716
seg_007650,sample_02649,The girl just faded - Los Llamarada,1,0.8970388770103455,cnn_revised_20260919T110440Z,cnn_s2_16,val,Log-Mel CNN,0.05698331817984581,0.11215849220752716
seg_007651,sample_02649,The girl just faded - Los Llamarada,1,0.9956151247024536,cnn_revised_20260919T110440Z,cnn_s2_16,val,Log-Mel CNN,0.05698331817984581,0.11215849220752716
seg_007652,sample_02649,The girl just faded - Los Llamarada,1,0.9422581791877747,cnn_revised_20260919T110440Z,cnn_s2_16,val,Log-Mel CNN,0.05698331817984581,0.11215849220752716
seg_007653,sample_02650,The girl just faded - Los Llamarada,1,0.09013216942548752,cnn_revised_20260919T110440Z,cnn_s2_16,val,Log-Mel CNN,0.05698331817984581,0.11215849220752716
seg_007654,sample_02650,The girl just faded - Los Llamarada,1,0.021120695397257805,cnn_revised_20260919T110440Z,cnn_s2_16,val,Log-Mel CNN,0.05698331817984581,0.11215849220752716
seg_007655,sample_02650,The girl just faded - Los Llamarada,1,0.9664453864097595,cnn_revised_20260919T110440Z,cnn_s2_16,val,Log-Mel CNN,0.05698331817984581,0.11215849220752716
seg_007668,sample_02655,Voxel - Andy G. Cohen,1,0.010851241648197174,cnn_revised_20260919T110440Z,cnn_s2_16,val,Log-Mel CNN,0.05698331817984581,0.11215849220752716
seg_007669,sample_02655,Voxel - Andy G. Cohen,1,0.022012945264577866,cnn_revised_20260919T110440Z,cnn_s2_16,val,Log-Mel CNN,0.05698331817984581,0.11215849220752716
seg_007670,sample_02655,Voxel - Andy G. Cohen,1,0.00608912343159318,cnn_revised_20260919T110440Z,cnn_s2_16,val,Log-Mel CNN,0.05698331817984581,0.11215849220752716
seg_007671,sample_02656,Voxel - Andy G. Cohen,1,0.464405357837677,cnn_revised_20260919T110440Z,cnn_s2_16,val,Log-Mel CNN,0.05698331817984581,0.11215849220752716
seg_007672,sample_02656,Voxel - Andy G. Cohen,1,0.06684426218271255,cnn_revised_20260919T110440Z,cnn_s2_16,val,Log-Mel CNN,0.05698331817984581,0.11215849220752716
seg_007673,sample_02656,Voxel - Andy G. Cohen,1,0.561874508857727,cnn_revised_20260919T110440Z,cnn_s2_16,val,Log-Mel CNN,0.05698331817984581,0.11215849220752716
seg_007692,sample_02663,Windows of the Skull - Sarin,1,0.07939285784959793,cnn_revised_20260919T110440Z,cnn_s2_16,val,Log-Mel CNN,0.05698331817984581,0.11215849220752716
seg_007693,sample_02663,Windows of the Skull - Sarin,1,0.021815165877342224,cnn_revised_20260919T110440Z,cnn_s2_16,val,Log-Mel CNN,0.05698331817984581,0.11215849220752716
seg_007694,sample_02663,Windows of the Skull - Sarin,1,0.9969620108604431,cnn_revised_20260919T110440Z,cnn_s2_16,val,Log-Mel CNN,0.05698331817984581,0.11215849220752716
seg_007695,sample_02664,Windows of the Skull - Sarin,1,0.32157284021377563,cnn_revised_20260919T110440Z,cnn_s2_16,val,Log-Mel CNN,0.05698331817984581,0.11215849220752716
seg_007696,sample_02664,Windows of the Skull - Sarin,1,0.06429474800825119,cnn_revised_20260919T110440Z,cnn_s2_16,val,Log-Mel CNN,0.05698331817984581,0.11215849220752716
seg_007697,sample_02664,Windows of the Skull - Sarin,1,0.9814895987510681,cnn_revised_20260919T110440Z,cnn_s2_16,val,Log-Mel CNN,0.05698331817984581,0.11215849220752716
seg_007710,sample_02669,Новый Нью-Йорк 2 - Чокнутый Пропеллер,1,0.049320463091135025,cnn_revised_20260919T110440Z,cnn_s2_16,val,Log-Mel CNN,0.05698331817984581,0.11215849220752716
seg_007711,sample_02669,Новый Нью-Йорк 2 - Чокнутый Пропеллер,1,0.01937848888337612,cnn_revised_20260919T110440Z,cnn_s2_16,val,Log-Mel CNN,0.05698331817984581,0.11215849220752716
seg_007712,sample_02669,Новый Нью-Йорк 2 - Чокнутый Пропеллер,1,0.1912490576505661,cnn_revised_20260919T110440Z,cnn_s2_16,val,Log-Mel CNN,0.05698331817984581,0.11215849220752716
seg_007713,sample_02670,Новый Нью-Йорк 2 - Чокнутый Пропеллер,1,0.14345049858093262,cnn_revised_20260919T110440Z,cnn_s2_16,val,Log-Mel CNN,0.05698331817984581,0.11215849220752716
seg_007714,sample_02670,Новый Нью-Йорк 2 - Чокнутый Пропеллер,1,0.11509624123573303,cnn_revised_20260919T110440Z,cnn_s2_16,val,Log-Mel CNN,0.05698331817984581,0.11215849220752716
seg_007715,sample_02670,Новый Нью-Йорк 2 - Чокнутый Пропеллер,1,0.3254425525665283,cnn_revised_20260919T110440Z,cnn_s2_16,val,Log-Mel CNN,0.05698331817984581,0.11215849220752716
seg_007737,sample_02678,CopperNickle - UncleBibby,1,0.1445322483778,cnn_revised_20260919T110440Z,cnn_s2_16,val,Log-Mel CNN,0.05698331817984581,0.11215849220752716
seg_007738,sample_02678,CopperNickle - UncleBibby,1,0.05139847472310066,cnn_revised_20260919T110440Z,cnn_s2_16,val,Log-Mel CNN,0.05698331817984581,0.11215849220752716
seg_007739,sample_02678,CopperNickle - UncleBibby,1,0.9982800483703613,cnn_revised_20260919T110440Z,cnn_s2_16,val,Log-Mel CNN,0.05698331817984581,0.11215849220752716
seg_007743,sample_02680,Daylight Savings - My brother Daniel,1,0.7740914225578308,cnn_revised_20260919T110440Z,cnn_s2_16,val,Log-Mel CNN,0.05698331817984581,0.11215849220752716
seg_007744,sample_02680,Daylight Savings - My brother Daniel,1,0.7380988001823425,cnn_revised_20260919T110440Z,cnn_s2_16,val,Log-Mel CNN,0.05698331817984581,0.11215849220752716
seg_007745,sample_02680,Daylight Savings - My brother Daniel,1,0.9763310551643372,cnn_revised_20260919T110440Z,cnn_s2_16,val,Log-Mel CNN,0.05698331817984581,0.11215849220752716
seg_007770,sample_02689,mystery team 2090 - Jesse Futerman,1,0.7576744556427002,cnn_revised_20260919T110440Z,cnn_s2_16,val,Log-Mel CNN,0.05698331817984581,0.11215849220752716
seg_007771,sample_02689,mystery team 2090 - Jesse Futerman,1,0.06589449197053909,cnn_revised_20260919T110440Z,cnn_s2_16,val,Log-Mel CNN,0.05698331817984581,0.11215849220752716
seg_007772,sample_02689,mystery team 2090 - Jesse Futerman,1,0.9666460752487183,cnn_revised_20260919T110440Z,cnn_s2_16,val,Log-Mel CNN,0.05698331817984581,0.11215849220752716
seg_007773,sample_02690,Night Drive - Decktonic,1,0.2023411989212036,cnn_revised_20260919T110440Z,cnn_s2_16,val,Log-Mel CNN,0.05698331817984581,0.11215849220752716
seg_007774,sample_02690,Night Drive - Decktonic,1,0.6281158924102783,cnn_revised_20260919T110440Z,cnn_s2_16,val,Log-Mel CNN,0.05698331817984581,0.11215849220752716
seg_007775,sample_02690,Night Drive - Decktonic,1,0.8612242341041565,cnn_revised_20260919T110440Z,cnn_s2_16,val,Log-Mel CNN,0.05698331817984581,0.11215849220752716
seg_007854,sample_02717,Agora - Malaventura,1,0.962480902671814,cnn_revised_20260919T110440Z,cnn_s2_16,val,Log-Mel CNN,0.05698331817984581,0.11215849220752716
seg_007855,sample_02717,Agora - Malaventura,1,0.060464076697826385,cnn_revised_20260919T110440Z,cnn_s2_16,val,Log-Mel CNN,0.05698331817984581,0.11215849220752716
seg_007856,sample_02717,Agora - Malaventura,1,0.9992826581001282,cnn_revised_20260919T110440Z,cnn_s2_16,val,Log-Mel CNN,0.05698331817984581,0.11215849220752716
seg_007878,sample_02725,Evil Cannot Create - Caleb Lemond,1,0.9996305704116821,cnn_revised_20260919T110440Z,cnn_s2_16,val,Log-Mel CNN,0.05698331817984581,0.11215849220752716
seg_007879,sample_02725,Evil Cannot Create - Caleb Lemond,1,0.07425909489393234,cnn_revised_20260919T110440Z,cnn_s2_16,val,Log-Mel CNN,0.05698331817984581,0.11215849220752716
seg_007880,sample_02725,Evil Cannot Create - Caleb Lemond,1,0.9975983500480652,cnn_revised_20260919T110440Z,cnn_s2_16,val,Log-Mel CNN,0.05698331817984581,0.11215849220752716
seg_007932,sample_02743,My Body Is A Weapon (Compromise Edit) - Silence is full of birds,1,0.7878725528717041,cnn_revised_20260919T110440Z,cnn_s2_16,val,Log-Mel CNN,0.05698331817984581,0.11215849220752716
seg_007933,sample_02743,My Body Is A Weapon (Compromise Edit) - Silence is full of birds,1,0.8268836140632629,cnn_revised_20260919T110440Z,cnn_s2_16,val,Log-Mel CNN,0.05698331817984581,0.11215849220752716
seg_007934,sample_02743,My Body Is A Weapon (Compromise Edit) - Silence is full of birds,1,0.8073359727859497,cnn_revised_20260919T110440Z,cnn_s2_16,val,Log-Mel CNN,0.05698331817984581,0.11215849220752716
seg_007938,sample_02745,New Life (take 1) - Bird Names,1,0.9329696297645569,cnn_revised_20260919T110440Z,cnn_s2_16,val,Log-Mel CNN,0.05698331817984581,0.11215849220752716
seg_007939,sample_02745,New Life (take 1) - Bird Names,1,0.8420935869216919,cnn_revised_20260919T110440Z,cnn_s2_16,val,Log-Mel CNN,0.05698331817984581,0.11215849220752716
seg_007940,sample_02745,New Life (take 1) - Bird Names,1,0.9871587157249451,cnn_revised_20260919T110440Z,cnn_s2_16,val,Log-Mel CNN,0.05698331817984581,0.11215849220752716
seg_007941,sample_02746,Norweigian Wood II - Bird Names,1,0.9630730748176575,cnn_revised_20260919T110440Z,cnn_s2_16,val,Log-Mel CNN,0.05698331817984581,0.11215849220752716
seg_007942,sample_02746,Norweigian Wood II - Bird Names,1,0.4284990727901459,cnn_revised_20260919T110440Z,cnn_s2_16,val,Log-Mel CNN,0.05698331817984581,0.11215849220752716
seg_007943,sample_02746,Norweigian Wood II - Bird Names,1,0.9985559582710266,cnn_revised_20260919T110440Z,cnn_s2_16,val,Log-Mel CNN,0.05698331817984581,0.11215849220752716
seg_007965,sample_02754,Roller Star - Monroeville Music Center,1,0.7888737320899963,cnn_revised_20260919T110440Z,cnn_s2_16,val,Log-Mel CNN,0.05698331817984581,0.11215849220752716
seg_007966,sample_02754,Roller Star - Monroeville Music Center,1,0.5033375024795532,cnn_revised_20260919T110440Z,cnn_s2_16,val,Log-Mel CNN,0.05698331817984581,0.11215849220752716
seg_007967,sample_02754,Roller Star - Monroeville Music Center,1,0.9828921556472778,cnn_revised_20260919T110440Z,cnn_s2_16,val,Log-Mel CNN,0.05698331817984581,0.11215849220752716
seg_007977,sample_02758,Soleares&beats - Malaventura,1,0.6496217846870422,cnn_revised_20260919T110440Z,cnn_s2_16,val,Log-Mel CNN,0.05698331817984581,0.11215849220752716
seg_007978,sample_02758,Soleares&beats - Malaventura,1,0.7713274359703064,cnn_revised_20260919T110440Z,cnn_s2_16,val,Log-Mel CNN,0.05698331817984581,0.11215849220752716
seg_007979,sample_02758,Soleares&beats - Malaventura,1,0.9992043375968933,cnn_revised_20260919T110440Z,cnn_s2_16,val,Log-Mel CNN,0.05698331817984581,0.11215849220752716
seg_007989,sample_02762,Stockholm Syndrome / People Should Be More Aware - Bird Names,1,0.9710284471511841,cnn_revised_20260919T110440Z,cnn_s2_16,val,Log-Mel CNN,0.05698331817984581,0.11215849220752716
seg_007990,sample_02762,Stockholm Syndrome / People Should Be More Aware - Bird Names,1,0.3370172679424286,cnn_revised_20260919T110440Z,cnn_s2_16,val,Log-Mel CNN,0.05698331817984581,0.11215849220752716
seg_007991,sample_02762,Stockholm Syndrome / People Should Be More Aware - Bird Names,1,0.9978283047676086,cnn_revised_20260919T110440Z,cnn_s2_16,val,Log-Mel CNN,0.05698331817984581,0.11215849220752716
seg_008019,sample_02772,Time Is Love - Silence is full of birds,1,0.9709692001342773,cnn_revised_20260919T110440Z,cnn_s2_16,val,Log-Mel CNN,0.05698331817984581,0.11215849220752716
seg_008020,sample_02772,Time Is Love - Silence is full of birds,1,0.6609911322593689,cnn_revised_20260919T110440Z,cnn_s2_16,val,Log-Mel CNN,0.05698331817984581,0.11215849220752716
seg_008021,sample_02772,Time Is Love - Silence is full of birds,1,0.9991772770881653,cnn_revised_20260919T110440Z,cnn_s2_16,val,Log-Mel CNN,0.05698331817984581,0.11215849220752716
seg_008043,sample_02780,2 (Wasn't There) - Isle of Pine,1,0.9973059892654419,cnn_revised_20260919T110440Z,cnn_s2_16,val,Log-Mel CNN,0.05698331817984581,0.11215849220752716
seg_008044,sample_02780,2 (Wasn't There) - Isle of Pine,1,0.9901291728019714,cnn_revised_20260919T110440Z,cnn_s2_16,val,Log-Mel CNN,0.05698331817984581,0.11215849220752716
seg_008045,sample_02780,2 (Wasn't There) - Isle of Pine,1,0.998630166053772,cnn_revised_20260919T110440Z,cnn_s2_16,val,Log-Mel CNN,0.05698331817984581,0.11215849220752716
seg_008073,sample_02790,Beyond Luxury - Mors Ontologica,1,0.7985100746154785,cnn_revised_20260919T110440Z,cnn_s2_16,val,Log-Mel CNN,0.05698331817984581,0.11215849220752716
seg_008074,sample_02790,Beyond Luxury - Mors Ontologica,1,0.12810544669628143,cnn_revised_20260919T110440Z,cnn_s2_16,val,Log-Mel CNN,0.05698331817984581,0.11215849220752716
seg_008075,sample_02790,Beyond Luxury - Mors Ontologica,1,0.9991256594657898,cnn_revised_20260919T110440Z,cnn_s2_16,val,Log-Mel CNN,0.05698331817984581,0.11215849220752716
seg_008106,sample_02801,Empty Pockets - Pete Prodoehl,1,0.9978464841842651,cnn_revised_20260919T110440Z,cnn_s2_16,val,Log-Mel CNN,0.05698331817984581,0.11215849220752716
seg_008107,sample_02801,Empty Pockets - Pete Prodoehl,1,0.9926953315734863,cnn_revised_20260919T110440Z,cnn_s2_16,val,Log-Mel CNN,0.05698331817984581,0.11215849220752716
seg_008108,sample_02801,Empty Pockets - Pete Prodoehl,1,0.9999864101409912,cnn_revised_20260919T110440Z,cnn_s2_16,val,Log-Mel CNN,0.05698331817984581,0.11215849220752716
seg_008121,sample_02806,Gila Monster Flop/Music History Lesson:The Sonics - The Crypts!,1,0.9980008006095886,cnn_revised_20260919T110440Z,cnn_s2_16,val,Log-Mel CNN,0.05698331817984581,0.11215849220752716
seg_008122,sample_02806,Gila Monster Flop/Music History Lesson:The Sonics - The Crypts!,1,0.033288102596998215,cnn_revised_20260919T110440Z,cnn_s2_16,val,Log-Mel CNN,0.05698331817984581,0.11215849220752716
seg_008123,sample_02806,Gila Monster Flop/Music History Lesson:The Sonics - The Crypts!,1,0.9986323714256287,cnn_revised_20260919T110440Z,cnn_s2_16,val,Log-Mel CNN,0.05698331817984581,0.11215849220752716
seg_008166,sample_02821,Lights Up - Pipe Choir,1,0.9995644688606262,cnn_revised_20260919T110440Z,cnn_s2_16,val,Log-Mel CNN,0.05698331817984581,0.11215849220752716
seg_008167,sample_02821,Lights Up - Pipe Choir,1,0.3615635633468628,cnn_revised_20260919T110440Z,cnn_s2_16,val,Log-Mel CNN,0.05698331817984581,0.11215849220752716
seg_008168,sample_02821,Lights Up - Pipe Choir,1,0.9997298121452332,cnn_revised_20260919T110440Z,cnn_s2_16,val,Log-Mel CNN,0.05698331817984581,0.11215849220752716
seg_008178,sample_02825,March of the GPA Mechanics - [t]ghost,1,0.9919543862342834,cnn_revised_20260919T110440Z,cnn_s2_16,val,Log-Mel CNN,0.05698331817984581,0.11215849220752716
seg_008179,sample_02825,March of the GPA Mechanics - [t]ghost,1,0.9160118103027344,cnn_revised_20260919T110440Z,cnn_s2_16,val,Log-Mel CNN,0.05698331817984581,0.11215849220752716
seg_008180,sample_02825,March of the GPA Mechanics - [t]ghost,1,0.9999903440475464,cnn_revised_20260919T110440Z,cnn_s2_16,val,Log-Mel CNN,0.05698331817984581,0.11215849220752716
seg_008205,sample_02834,Redlight - Room For A Ghost,1,0.6399750709533691,cnn_revised_20260919T110440Z,cnn_s2_16,val,Log-Mel CNN,0.05698331817984581,0.11215849220752716
seg_008206,sample_02834,Redlight - Room For A Ghost,1,0.5015189051628113,cnn_revised_20260919T110440Z,cnn_s2_16,val,Log-Mel CNN,0.05698331817984581,0.11215849220752716
seg_008207,sample_02834,Redlight - Room For A Ghost,1,0.9987643957138062,cnn_revised_20260919T110440Z,cnn_s2_16,val,Log-Mel CNN,0.05698331817984581,0.11215849220752716
seg_008217,sample_02838,Scramby Eggs - Andy G. Cohen,1,0.15578925609588623,cnn_revised_20260919T110440Z,cnn_s2_16,val,Log-Mel CNN,0.05698331817984581,0.11215849220752716
seg_008218,sample_02838,Scramby Eggs - Andy G. Cohen,1,0.741865336894989,cnn_revised_20260919T110440Z,cnn_s2_16,val,Log-Mel CNN,0.05698331817984581,0.11215849220752716
seg_008219,sample_02838,Scramby Eggs - Andy G. Cohen,1,0.9900327920913696,cnn_revised_20260919T110440Z,cnn_s2_16,val,Log-Mel CNN,0.05698331817984581,0.11215849220752716
seg_008226,sample_02841,Shipwrecked Crew - Pete Prodoehl,1,0.4117100238800049,cnn_revised_20260919T110440Z,cnn_s2_16,val,Log-Mel CNN,0.05698331817984581,0.11215849220752716
seg_008227,sample_02841,Shipwrecked Crew - Pete Prodoehl,1,0.9090481400489807,cnn_revised_20260919T110440Z,cnn_s2_16,val,Log-Mel CNN,0.05698331817984581,0.11215849220752716
seg_008228,sample_02841,Shipwrecked Crew - Pete Prodoehl,1,0.9717217683792114,cnn_revised_20260919T110440Z,cnn_s2_16,val,Log-Mel CNN,0.05698331817984581,0.11215849220752716
seg_008244,sample_02847,В Наших Сердцах - Чокнутый Пропеллер,1,0.6269882321357727,cnn_revised_20260919T110440Z,cnn_s2_16,val,Log-Mel CNN,0.05698331817984581,0.11215849220752716
seg_008245,sample_02847,В Наших Сердцах - Чокнутый Пропеллер,1,0.04561922699213028,cnn_revised_20260919T110440Z,cnn_s2_16,val,Log-Mel CNN,0.05698331817984581,0.11215849220752716
seg_008246,sample_02847,В Наших Сердцах - Чокнутый Пропеллер,1,0.9966945648193359,cnn_revised_20260919T110440Z,cnn_s2_16,val,Log-Mel CNN,0.05698331817984581,0.11215849220752716
seg_008253,sample_02850,The girl just faded - Los Llamarada,1,0.9860458970069885,cnn_revised_20260919T110440Z,cnn_s2_16,val,Log-Mel CNN,0.05698331817984581,0.11215849220752716
seg_008254,sample_02850,The girl just faded - Los Llamarada,1,0.946475625038147,cnn_revised_20260919T110440Z,cnn_s2_16,val,Log-Mel CNN,0.05698331817984581,0.11215849220752716
seg_008255,sample_02850,The girl just faded - Los Llamarada,1,0.999707043170929,cnn_revised_20260919T110440Z,cnn_s2_16,val,Log-Mel CNN,0.05698331817984581,0.11215849220752716
seg_008265,sample_02854,Voxel - Andy G. Cohen,1,0.27383261919021606,cnn_revised_20260919T110440Z,cnn_s2_16,val,Log-Mel CNN,0.05698331817984581,0.11215849220752716
seg_008266,sample_02854,Voxel - Andy G. Cohen,1,0.14453086256980896,cnn_revised_20260919T110440Z,cnn_s2_16,val,Log-Mel CNN,0.05698331817984581,0.11215849220752716
seg_008267,sample_02854,Voxel - Andy G. Cohen,1,0.9791139960289001,cnn_revised_20260919T110440Z,cnn_s2_16,val,Log-Mel CNN,0.05698331817984581,0.11215849220752716
seg_008289,sample_02862,В Наших Сердцах - Чокнутый Пропеллер,1,0.7498484253883362,cnn_revised_20260919T110440Z,cnn_s2_16,val,Log-Mel CNN,0.05698331817984581,0.11215849220752716
seg_008290,sample_02862,В Наших Сердцах - Чокнутый Пропеллер,1,0.04050002619624138,cnn_revised_20260919T110440Z,cnn_s2_16,val,Log-Mel CNN,0.05698331817984581,0.11215849220752716
seg_008291,sample_02862,В Наших Сердцах - Чокнутый Пропеллер,1,0.9962778687477112,cnn_revised_20260919T110440Z,cnn_s2_16,val,Log-Mel CNN,0.05698331817984581,0.11215849220752716
seg_008295,sample_02864,В Наших Сердцах - Чокнутый Пропеллер,1,0.12092658877372742,cnn_revised_20260919T110440Z,cnn_s2_16,val,Log-Mel CNN,0.05698331817984581,0.11215849220752716
seg_008296,sample_02864,В Наших Сердцах - Чокнутый Пропеллер,1,0.01620398834347725,cnn_revised_20260919T110440Z,cnn_s2_16,val,Log-Mel CNN,0.05698331817984581,0.11215849220752716
seg_008297,sample_02864,В Наших Сердцах - Чокнутый Пропеллер,1,0.9179416298866272,cnn_revised_20260919T110440Z,cnn_s2_16,val,Log-Mel CNN,0.05698331817984581,0.11215849220752716
seg_008304,sample_02867,2 (Wasn't There) - Isle of Pine,1,0.5214974880218506,cnn_revised_20260919T110440Z,cnn_s2_16,val,Log-Mel CNN,0.05698331817984581,0.11215849220752716
seg_008305,sample_02867,2 (Wasn't There) - Isle of Pine,1,0.005622560158371925,cnn_revised_20260919T110440Z,cnn_s2_16,val,Log-Mel CNN,0.05698331817984581,0.11215849220752716
seg_008306,sample_02867,2 (Wasn't There) - Isle of Pine,1,0.7195091843605042,cnn_revised_20260919T110440Z,cnn_s2_16,val,Log-Mel CNN,0.05698331817984581,0.11215849220752716
seg_008307,sample_02868,2 (Wasn't There) - Isle of Pine,1,0.9363417625427246,cnn_revised_20260919T110440Z,cnn_s2_16,val,Log-Mel CNN,0.05698331817984581,0.11215849220752716
seg_008308,sample_02868,2 (Wasn't There) - Isle of Pine,1,0.004076319746673107,cnn_revised_20260919T110440Z,cnn_s2_16,val,Log-Mel CNN,0.05698331817984581,0.11215849220752716
seg_008309,sample_02868,2 (Wasn't There) - Isle of Pine,1,0.9889540672302246,cnn_revised_20260919T110440Z,cnn_s2_16,val,Log-Mel CNN,0.05698331817984581,0.11215849220752716
seg_008400,sample_02899,CopperNickle - UncleBibby,1,0.9884322285652161,cnn_revised_20260919T110440Z,cnn_s2_16,val,Log-Mel CNN,0.05698331817984581,0.11215849220752716
seg_008401,sample_02899,CopperNickle - UncleBibby,1,0.003136196406558156,cnn_revised_20260919T110440Z,cnn_s2_16,val,Log-Mel CNN,0.05698331817984581,0.11215849220752716
seg_008402,sample_02899,CopperNickle - UncleBibby,1,0.8331388831138611,cnn_revised_20260919T110440Z,cnn_s2_16,val,Log-Mel CNN,0.05698331817984581,0.11215849220752716
seg_008403,sample_02900,CopperNickle - UncleBibby,1,0.003426952986046672,cnn_revised_20260919T110440Z,cnn_s2_16,val,Log-Mel CNN,0.05698331817984581,0.11215849220752716
seg_008404,sample_02900,CopperNickle - UncleBibby,1,0.021510403603315353,cnn_revised_20260919T110440Z,cnn_s2_16,val,Log-Mel CNN,0.05698331817984581,0.11215849220752716
seg_008405,sample_02900,CopperNickle - UncleBibby,1,0.7165115475654602,cnn_revised_20260919T110440Z,cnn_s2_16,val,Log-Mel CNN,0.05698331817984581,0.11215849220752716
seg_008418,sample_02905,Daylight Savings - My brother Daniel,1,0.9320887923240662,cnn_revised_20260919T110440Z,cnn_s2_16,val,Log-Mel CNN,0.05698331817984581,0.11215849220752716
seg_008419,sample_02905,Daylight Savings - My brother Daniel,1,0.2370547205209732,cnn_revised_20260919T110440Z,cnn_s2_16,val,Log-Mel CNN,0.05698331817984581,0.11215849220752716
seg_008420,sample_02905,Daylight Savings - My brother Daniel,1,0.9755562543869019,cnn_revised_20260919T110440Z,cnn_s2_16,val,Log-Mel CNN,0.05698331817984581,0.11215849220752716
seg_008421,sample_02906,Daylight Savings - My brother Daniel,1,0.12263426929712296,cnn_revised_20260919T110440Z,cnn_s2_16,val,Log-Mel CNN,0.05698331817984581,0.11215849220752716
seg_008422,sample_02906,Daylight Savings - My brother Daniel,1,0.33974817395210266,cnn_revised_20260919T110440Z,cnn_s2_16,val,Log-Mel CNN,0.05698331817984581,0.11215849220752716
seg_008423,sample_02906,Daylight Savings - My brother Daniel,1,0.9879496097564697,cnn_revised_20260919T110440Z,cnn_s2_16,val,Log-Mel CNN,0.05698331817984581,0.11215849220752716
seg_008448,sample_02915,Empty Pockets - Pete Prodoehl,1,0.9987888932228088,cnn_revised_20260919T110440Z,cnn_s2_16,val,Log-Mel CNN,0.05698331817984581,0.11215849220752716
seg_008449,sample_02915,Empty Pockets - Pete Prodoehl,1,0.9539597630500793,cnn_revised_20260919T110440Z,cnn_s2_16,val,Log-Mel CNN,0.05698331817984581,0.11215849220752716
seg_008450,sample_02915,Empty Pockets - Pete Prodoehl,1,0.02965180017054081,cnn_revised_20260919T110440Z,cnn_s2_16,val,Log-Mel CNN,0.05698331817984581,0.11215849220752716
seg_008451,sample_02916,Empty Pockets - Pete Prodoehl,1,0.9572755098342896,cnn_revised_20260919T110440Z,cnn_s2_16,val,Log-Mel CNN,0.05698331817984581,0.11215849220752716
seg_008452,sample_02916,Empty Pockets - Pete Prodoehl,1,0.26569095253944397,cnn_revised_20260919T110440Z,cnn_s2_16,val,Log-Mel CNN,0.05698331817984581,0.11215849220752716
seg_008453,sample_02916,Empty Pockets - Pete Prodoehl,1,0.9979249238967896,cnn_revised_20260919T110440Z,cnn_s2_16,val,Log-Mel CNN,0.05698331817984581,0.11215849220752716
seg_008460,sample_02919,Evil Cannot Create - Caleb Lemond,1,0.9989773035049438,cnn_revised_20260919T110440Z,cnn_s2_16,val,Log-Mel CNN,0.05698331817984581,0.11215849220752716
seg_008461,sample_02919,Evil Cannot Create - Caleb Lemond,1,0.8616998195648193,cnn_revised_20260919T110440Z,cnn_s2_16,val,Log-Mel CNN,0.05698331817984581,0.11215849220752716
seg_008462,sample_02919,Evil Cannot Create - Caleb Lemond,1,0.9632997512817383,cnn_revised_20260919T110440Z,cnn_s2_16,val,Log-Mel CNN,0.05698331817984581,0.11215849220752716
seg_008463,sample_02920,Evil Cannot Create - Caleb Lemond,1,0.9952620267868042,cnn_revised_20260919T110440Z,cnn_s2_16,val,Log-Mel CNN,0.05698331817984581,0.11215849220752716
seg_008464,sample_02920,Evil Cannot Create - Caleb Lemond,1,0.7090139389038086,cnn_revised_20260919T110440Z,cnn_s2_16,val,Log-Mel CNN,0.05698331817984581,0.11215849220752716
seg_008465,sample_02920,Evil Cannot Create - Caleb Lemond,1,0.38256290555000305,cnn_revised_20260919T110440Z,cnn_s2_16,val,Log-Mel CNN,0.05698331817984581,0.11215849220752716
seg_008502,sample_02933,Gila Monster Flop/Music History Lesson:The Sonics - The Crypts!,1,0.02410019561648369,cnn_revised_20260919T110440Z,cnn_s2_16,val,Log-Mel CNN,0.05698331817984581,0.11215849220752716
seg_008503,sample_02933,Gila Monster Flop/Music History Lesson:The Sonics - The Crypts!,1,0.1721048355102539,cnn_revised_20260919T110440Z,cnn_s2_16,val,Log-Mel CNN,0.05698331817984581,0.11215849220752716
seg_008504,sample_02933,Gila Monster Flop/Music History Lesson:The Sonics - The Crypts!,1,0.1822754591703415,cnn_revised_20260919T110440Z,cnn_s2_16,val,Log-Mel CNN,0.05698331817984581,0.11215849220752716
seg_008505,sample_02934,Gila Monster Flop/Music History Lesson:The Sonics - The Crypts!,1,0.0016660230467095971,cnn_revised_20260919T110440Z,cnn_s2_16,val,Log-Mel CNN,0.05698331817984581,0.11215849220752716
seg_008506,sample_02934,Gila Monster Flop/Music History Lesson:The Sonics - The Crypts!,1,0.004948396701365709,cnn_revised_20260919T110440Z,cnn_s2_16,val,Log-Mel CNN,0.05698331817984581,0.11215849220752716
seg_008507,sample_02934,Gila Monster Flop/Music History Lesson:The Sonics - The Crypts!,1,0.02560613863170147,cnn_revised_20260919T110440Z,cnn_s2_16,val,Log-Mel CNN,0.05698331817984581,0.11215849220752716
seg_008538,sample_02945,I Fell - Mod Fun,1,0.00971449725329876,cnn_revised_20260919T110440Z,cnn_s2_16,val,Log-Mel CNN,0.05698331817984581,0.11215849220752716
seg_008539,sample_02945,I Fell - Mod Fun,1,0.0020833166781812906,cnn_revised_20260919T110440Z,cnn_s2_16,val,Log-Mel CNN,0.05698331817984581,0.11215849220752716
seg_008540,sample_02945,I Fell - Mod Fun,1,0.635230302810669,cnn_revised_20260919T110440Z,cnn_s2_16,val,Log-Mel CNN,0.05698331817984581,0.11215849220752716
seg_008541,sample_02946,I Fell - Mod Fun,1,0.003714639227837324,cnn_revised_20260919T110440Z,cnn_s2_16,val,Log-Mel CNN,0.05698331817984581,0.11215849220752716
seg_008542,sample_02946,I Fell - Mod Fun,1,0.02835497446358204,cnn_revised_20260919T110440Z,cnn_s2_16,val,Log-Mel CNN,0.05698331817984581,0.11215849220752716
seg_008543,sample_02946,I Fell - Mod Fun,1,0.3489508330821991,cnn_revised_20260919T110440Z,cnn_s2_16,val,Log-Mel CNN,0.05698331817984581,0.11215849220752716
seg_008652,sample_02983,March of the GPA Mechanics - [t]ghost,1,0.0004561553942039609,cnn_revised_20260919T110440Z,cnn_s2_16,val,Log-Mel CNN,0.05698331817984581,0.11215849220752716
seg_008653,sample_02983,March of the GPA Mechanics - [t]ghost,1,0.15302139520645142,cnn_revised_20260919T110440Z,cnn_s2_16,val,Log-Mel CNN,0.05698331817984581,0.11215849220752716
seg_008654,sample_02983,March of the GPA Mechanics - [t]ghost,1,0.8319700956344604,cnn_revised_20260919T110440Z,cnn_s2_16,val,Log-Mel CNN,0.05698331817984581,0.11215849220752716
seg_008655,sample_02984,March of the GPA Mechanics - [t]ghost,1,0.005026836879551411,cnn_revised_20260919T110440Z,cnn_s2_16,val,Log-Mel CNN,0.05698331817984581,0.11215849220752716
seg_008656,sample_02984,March of the GPA Mechanics - [t]ghost,1,0.014239663258194923,cnn_revised_20260919T110440Z,cnn_s2_16,val,Log-Mel CNN,0.05698331817984581,0.11215849220752716
seg_008657,sample_02984,March of the GPA Mechanics - [t]ghost,1,0.8436181545257568,cnn_revised_20260919T110440Z,cnn_s2_16,val,Log-Mel CNN,0.05698331817984581,0.11215849220752716
seg_008700,sample_02999,New Life (take 1) - Bird Names,1,0.059214264154434204,cnn_revised_20260919T110440Z,cnn_s2_16,val,Log-Mel CNN,0.05698331817984581,0.11215849220752716
seg_008701,sample_02999,New Life (take 1) - Bird Names,1,0.19790080189704895,cnn_revised_20260919T110440Z,cnn_s2_16,val,Log-Mel CNN,0.05698331817984581,0.11215849220752716
seg_008702,sample_02999,New Life (take 1) - Bird Names,1,0.8209370374679565,cnn_revised_20260919T110440Z,cnn_s2_16,val,Log-Mel CNN,0.05698331817984581,0.11215849220752716
seg_008703,sample_03000,New Life (take 1) - Bird Names,1,0.1838141530752182,cnn_revised_20260919T110440Z,cnn_s2_16,val,Log-Mel CNN,0.05698331817984581,0.11215849220752716
seg_008704,sample_03000,New Life (take 1) - Bird Names,1,0.37712225317955017,cnn_revised_20260919T110440Z,cnn_s2_16,val,Log-Mel CNN,0.05698331817984581,0.11215849220752716
seg_008705,sample_03000,New Life (take 1) - Bird Names,1,0.7779749035835266,cnn_revised_20260919T110440Z,cnn_s2_16,val,Log-Mel CNN,0.05698331817984581,0.11215849220752716
seg_008706,sample_03001,Night Drive - Decktonic,1,0.1777980923652649,cnn_revised_20260919T110440Z,cnn_s2_16,val,Log-Mel CNN,0.05698331817984581,0.11215849220752716
seg_008707,sample_03001,Night Drive - Decktonic,1,0.17541688680648804,cnn_revised_20260919T110440Z,cnn_s2_16,val,Log-Mel CNN,0.05698331817984581,0.11215849220752716
seg_008708,sample_03001,Night Drive - Decktonic,1,0.5929960012435913,cnn_revised_20260919T110440Z,cnn_s2_16,val,Log-Mel CNN,0.05698331817984581,0.11215849220752716
seg_008709,sample_03002,Night Drive - Decktonic,1,0.5540120601654053,cnn_revised_20260919T110440Z,cnn_s2_16,val,Log-Mel CNN,0.05698331817984581,0.11215849220752716
seg_008710,sample_03002,Night Drive - Decktonic,1,0.4067155122756958,cnn_revised_20260919T110440Z,cnn_s2_16,val,Log-Mel CNN,0.05698331817984581,0.11215849220752716
seg_008711,sample_03002,Night Drive - Decktonic,1,0.9930242300033569,cnn_revised_20260919T110440Z,cnn_s2_16,val,Log-Mel CNN,0.05698331817984581,0.11215849220752716
seg_008724,sample_03007,Norweigian Wood II - Bird Names,1,0.15066049993038177,cnn_revised_20260919T110440Z,cnn_s2_16,val,Log-Mel CNN,0.05698331817984581,0.11215849220752716
seg_008725,sample_03007,Norweigian Wood II - Bird Names,1,0.21052990853786469,cnn_revised_20260919T110440Z,cnn_s2_16,val,Log-Mel CNN,0.05698331817984581,0.11215849220752716
seg_008726,sample_03007,Norweigian Wood II - Bird Names,1,0.749977171421051,cnn_revised_20260919T110440Z,cnn_s2_16,val,Log-Mel CNN,0.05698331817984581,0.11215849220752716
seg_008727,sample_03008,Norweigian Wood II - Bird Names,1,0.4099713861942291,cnn_revised_20260919T110440Z,cnn_s2_16,val,Log-Mel CNN,0.05698331817984581,0.11215849220752716
seg_008728,sample_03008,Norweigian Wood II - Bird Names,1,0.21195946633815765,cnn_revised_20260919T110440Z,cnn_s2_16,val,Log-Mel CNN,0.05698331817984581,0.11215849220752716
seg_008729,sample_03008,Norweigian Wood II - Bird Names,1,0.8377400636672974,cnn_revised_20260919T110440Z,cnn_s2_16,val,Log-Mel CNN,0.05698331817984581,0.11215849220752716
seg_008736,sample_03011,Nuo Maisemat - Paavoharju,1,0.28031742572784424,cnn_revised_20260919T110440Z,cnn_s2_16,val,Log-Mel CNN,0.05698331817984581,0.11215849220752716
seg_008737,sample_03011,Nuo Maisemat - Paavoharju,1,0.47415584325790405,cnn_revised_20260919T110440Z,cnn_s2_16,val,Log-Mel CNN,0.05698331817984581,0.11215849220752716
seg_008738,sample_03011,Nuo Maisemat - Paavoharju,1,0.32383087277412415,cnn_revised_20260919T110440Z,cnn_s2_16,val,Log-Mel CNN,0.05698331817984581,0.11215849220752716
seg_008739,sample_03012,Nuo Maisemat - Paavoharju,1,0.9884722828865051,cnn_revised_20260919T110440Z,cnn_s2_16,val,Log-Mel CNN,0.05698331817984581,0.11215849220752716
seg_008740,sample_03012,Nuo Maisemat - Paavoharju,1,0.8108668327331543,cnn_revised_20260919T110440Z,cnn_s2_16,val,Log-Mel CNN,0.05698331817984581,0.11215849220752716
seg_008741,sample_03012,Nuo Maisemat - Paavoharju,1,0.069414883852005,cnn_revised_20260919T110440Z,cnn_s2_16,val,Log-Mel CNN,0.05698331817984581,0.11215849220752716
seg_008844,sample_03047,Roller Star - Monroeville Music Center,1,0.009753860533237457,cnn_revised_20260919T110440Z,cnn_s2_16,val,Log-Mel CNN,0.05698331817984581,0.11215849220752716
seg_008845,sample_03047,Roller Star - Monroeville Music Center,1,0.0013284580782055855,cnn_revised_20260919T110440Z,cnn_s2_16,val,Log-Mel CNN,0.05698331817984581,0.11215849220752716
seg_008846,sample_03047,Roller Star - Monroeville Music Center,1,0.7222277522087097,cnn_revised_20260919T110440Z,cnn_s2_16,val,Log-Mel CNN,0.05698331817984581,0.11215849220752716
seg_008847,sample_03048,Roller Star - Monroeville Music Center,1,0.05014219507575035,cnn_revised_20260919T110440Z,cnn_s2_16,val,Log-Mel CNN,0.05698331817984581,0.11215849220752716
seg_008848,sample_03048,Roller Star - Monroeville Music Center,1,0.005644739605486393,cnn_revised_20260919T110440Z,cnn_s2_16,val,Log-Mel CNN,0.05698331817984581,0.11215849220752716
seg_008849,sample_03048,Roller Star - Monroeville Music Center,1,0.9454367756843567,cnn_revised_20260919T110440Z,cnn_s2_16,val,Log-Mel CNN,0.05698331817984581,0.11215849220752716
seg_008850,sample_03049,"Roundtrip - Oh Yeah, the Future",1,0.9977174997329712,cnn_revised_20260919T110440Z,cnn_s2_16,val,Log-Mel CNN,0.05698331817984581,0.11215849220752716
seg_008851,sample_03049,"Roundtrip - Oh Yeah, the Future",1,0.1551710069179535,cnn_revised_20260919T110440Z,cnn_s2_16,val,Log-Mel CNN,0.05698331817984581,0.11215849220752716
seg_008852,sample_03049,"Roundtrip - Oh Yeah, the Future",1,0.9935530424118042,cnn_revised_20260919T110440Z,cnn_s2_16,val,Log-Mel CNN,0.05698331817984581,0.11215849220752716
seg_008853,sample_03050,"Roundtrip - Oh Yeah, the Future",1,0.8445339798927307,cnn_revised_20260919T110440Z,cnn_s2_16,val,Log-Mel CNN,0.05698331817984581,0.11215849220752716
seg_008854,sample_03050,"Roundtrip - Oh Yeah, the Future",1,0.010977272875607014,cnn_revised_20260919T110440Z,cnn_s2_16,val,Log-Mel CNN,0.05698331817984581,0.11215849220752716
seg_008855,sample_03050,"Roundtrip - Oh Yeah, the Future",1,0.9974525570869446,cnn_revised_20260919T110440Z,cnn_s2_16,val,Log-Mel CNN,0.05698331817984581,0.11215849220752716
seg_008862,sample_03053,SD (Ill Mix) - H-LR,1,0.037984345108270645,cnn_revised_20260919T110440Z,cnn_s2_16,val,Log-Mel CNN,0.05698331817984581,0.11215849220752716
seg_008863,sample_03053,SD (Ill Mix) - H-LR,1,0.012911396101117134,cnn_revised_20260919T110440Z,cnn_s2_16,val,Log-Mel CNN,0.05698331817984581,0.11215849220752716
seg_008864,sample_03053,SD (Ill Mix) - H-LR,1,0.9970218539237976,cnn_revised_20260919T110440Z,cnn_s2_16,val,Log-Mel CNN,0.05698331817984581,0.11215849220752716
seg_008865,sample_03054,SD (Ill Mix) - H-LR,1,0.5281044840812683,cnn_revised_20260919T110440Z,cnn_s2_16,val,Log-Mel CNN,0.05698331817984581,0.11215849220752716
seg_008866,sample_03054,SD (Ill Mix) - H-LR,1,0.00836977269500494,cnn_revised_20260919T110440Z,cnn_s2_16,val,Log-Mel CNN,0.05698331817984581,0.11215849220752716
seg_008867,sample_03054,SD (Ill Mix) - H-LR,1,0.869026243686676,cnn_revised_20260919T110440Z,cnn_s2_16,val,Log-Mel CNN,0.05698331817984581,0.11215849220752716
seg_008868,sample_03055,Scramby Eggs - Andy G. Cohen,1,0.13440272212028503,cnn_revised_20260919T110440Z,cnn_s2_16,val,Log-Mel CNN,0.05698331817984581,0.11215849220752716
seg_008869,sample_03055,Scramby Eggs - Andy G. Cohen,1,0.02706126682460308,cnn_revised_20260919T110440Z,cnn_s2_16,val,Log-Mel CNN,0.05698331817984581,0.11215849220752716
seg_008870,sample_03055,Scramby Eggs - Andy G. Cohen,1,0.2361108362674713,cnn_revised_20260919T110440Z,cnn_s2_16,val,Log-Mel CNN,0.05698331817984581,0.11215849220752716
seg_008871,sample_03056,Scramby Eggs - Andy G. Cohen,1,0.493516743183136,cnn_revised_20260919T110440Z,cnn_s2_16,val,Log-Mel CNN,0.05698331817984581,0.11215849220752716
seg_008872,sample_03056,Scramby Eggs - Andy G. Cohen,1,0.004904644563794136,cnn_revised_20260919T110440Z,cnn_s2_16,val,Log-Mel CNN,0.05698331817984581,0.11215849220752716
seg_008873,sample_03056,Scramby Eggs - Andy G. Cohen,1,0.04682937264442444,cnn_revised_20260919T110440Z,cnn_s2_16,val,Log-Mel CNN,0.05698331817984581,0.11215849220752716
seg_008910,sample_03069,Soleares&beats - Malaventura,1,0.3663235902786255,cnn_revised_20260919T110440Z,cnn_s2_16,val,Log-Mel CNN,0.05698331817984581,0.11215849220752716
seg_008911,sample_03069,Soleares&beats - Malaventura,1,0.29805999994277954,cnn_revised_20260919T110440Z,cnn_s2_16,val,Log-Mel CNN,0.05698331817984581,0.11215849220752716
seg_008912,sample_03069,Soleares&beats - Malaventura,1,0.02801259607076645,cnn_revised_20260919T110440Z,cnn_s2_16,val,Log-Mel CNN,0.05698331817984581,0.11215849220752716
seg_008913,sample_03070,Soleares&beats - Malaventura,1,0.6492090225219727,cnn_revised_20260919T110440Z,cnn_s2_16,val,Log-Mel CNN,0.05698331817984581,0.11215849220752716
seg_008914,sample_03070,Soleares&beats - Malaventura,1,0.7075627446174622,cnn_revised_20260919T110440Z,cnn_s2_16,val,Log-Mel CNN,0.05698331817984581,0.11215849220752716
seg_008915,sample_03070,Soleares&beats - Malaventura,1,0.8429064154624939,cnn_revised_20260919T110440Z,cnn_s2_16,val,Log-Mel CNN,0.05698331817984581,0.11215849220752716
seg_008934,sample_03077,Stockholm Syndrome / People Should Be More Aware - Bird Names,1,0.8265833854675293,cnn_revised_20260919T110440Z,cnn_s2_16,val,Log-Mel CNN,0.05698331817984581,0.11215849220752716
seg_008935,sample_03077,Stockholm Syndrome / People Should Be More Aware - Bird Names,1,0.9997735619544983,cnn_revised_20260919T110440Z,cnn_s2_16,val,Log-Mel CNN,0.05698331817984581,0.11215849220752716
seg_008936,sample_03077,Stockholm Syndrome / People Should Be More Aware - Bird Names,1,0.9851989150047302,cnn_revised_20260919T110440Z,cnn_s2_16,val,Log-Mel CNN,0.05698331817984581,0.11215849220752716
seg_008937,sample_03078,Stockholm Syndrome / People Should Be More Aware - Bird Names,1,0.0005156538099981844,cnn_revised_20260919T110440Z,cnn_s2_16,val,Log-Mel CNN,0.05698331817984581,0.11215849220752716
seg_008938,sample_03078,Stockholm Syndrome / People Should Be More Aware - Bird Names,1,0.012162151746451855,cnn_revised_20260919T110440Z,cnn_s2_16,val,Log-Mel CNN,0.05698331817984581,0.11215849220752716
seg_008939,sample_03078,Stockholm Syndrome / People Should Be More Aware - Bird Names,1,0.0029096484649926424,cnn_revised_20260919T110440Z,cnn_s2_16,val,Log-Mel CNN,0.05698331817984581,0.11215849220752716
seg_009030,sample_03109,The girl just faded - Los Llamarada,1,0.9566181898117065,cnn_revised_20260919T110440Z,cnn_s2_16,val,Log-Mel CNN,0.05698331817984581,0.11215849220752716
seg_009031,sample_03109,The girl just faded - Los Llamarada,1,0.015015092678368092,cnn_revised_20260919T110440Z,cnn_s2_16,val,Log-Mel CNN,0.05698331817984581,0.11215849220752716
seg_009032,sample_03109,The girl just faded - Los Llamarada,1,0.7409254908561707,cnn_revised_20260919T110440Z,cnn_s2_16,val,Log-Mel CNN,0.05698331817984581,0.11215849220752716
seg_009033,sample_03110,The girl just faded - Los Llamarada,1,0.2712291181087494,cnn_revised_20260919T110440Z,cnn_s2_16,val,Log-Mel CNN,0.05698331817984581,0.11215849220752716
seg_009034,sample_03110,The girl just faded - Los Llamarada,1,0.005197709891945124,cnn_revised_20260919T110440Z,cnn_s2_16,val,Log-Mel CNN,0.05698331817984581,0.11215849220752716
seg_009035,sample_03110,The girl just faded - Los Llamarada,1,0.33545243740081787,cnn_revised_20260919T110440Z,cnn_s2_16,val,Log-Mel CNN,0.05698331817984581,0.11215849220752716
seg_009042,sample_03113,Time Is Love - Silence is full of birds,1,0.3736901879310608,cnn_revised_20260919T110440Z,cnn_s2_16,val,Log-Mel CNN,0.05698331817984581,0.11215849220752716
seg_009043,sample_03113,Time Is Love - Silence is full of birds,1,0.042885106056928635,cnn_revised_20260919T110440Z,cnn_s2_16,val,Log-Mel CNN,0.05698331817984581,0.11215849220752716
seg_009044,sample_03113,Time Is Love - Silence is full of birds,1,0.9949280023574829,cnn_revised_20260919T110440Z,cnn_s2_16,val,Log-Mel CNN,0.05698331817984581,0.11215849220752716
seg_009045,sample_03114,Time Is Love - Silence is full of birds,1,0.8717219233512878,cnn_revised_20260919T110440Z,cnn_s2_16,val,Log-Mel CNN,0.05698331817984581,0.11215849220752716
seg_009046,sample_03114,Time Is Love - Silence is full of birds,1,0.07501295953989029,cnn_revised_20260919T110440Z,cnn_s2_16,val,Log-Mel CNN,0.05698331817984581,0.11215849220752716
seg_009047,sample_03114,Time Is Love - Silence is full of birds,1,0.3360690176486969,cnn_revised_20260919T110440Z,cnn_s2_16,val,Log-Mel CNN,0.05698331817984581,0.11215849220752716
seg_009078,sample_03125,Voxel - Andy G. Cohen,1,0.6196110844612122,cnn_revised_20260919T110440Z,cnn_s2_16,val,Log-Mel CNN,0.05698331817984581,0.11215849220752716
seg_009079,sample_03125,Voxel - Andy G. Cohen,1,0.0034406809136271477,cnn_revised_20260919T110440Z,cnn_s2_16,val,Log-Mel CNN,0.05698331817984581,0.11215849220752716
seg_009080,sample_03125,Voxel - Andy G. Cohen,1,0.1414804607629776,cnn_revised_20260919T110440Z,cnn_s2_16,val,Log-Mel CNN,0.05698331817984581,0.11215849220752716
seg_009081,sample_03126,Voxel - Andy G. Cohen,1,0.8334929347038269,cnn_revised_20260919T110440Z,cnn_s2_16,val,Log-Mel CNN,0.05698331817984581,0.11215849220752716
seg_009082,sample_03126,Voxel - Andy G. Cohen,1,0.02048768848180771,cnn_revised_20260919T110440Z,cnn_s2_16,val,Log-Mel CNN,0.05698331817984581,0.11215849220752716
seg_009083,sample_03126,Voxel - Andy G. Cohen,1,0.9782825112342834,cnn_revised_20260919T110440Z,cnn_s2_16,val,Log-Mel CNN,0.05698331817984581,0.11215849220752716
seg_009114,sample_03137,Windows of the Skull - Sarin,1,0.901836097240448,cnn_revised_20260919T110440Z,cnn_s2_16,val,Log-Mel CNN,0.05698331817984581,0.11215849220752716
seg_009115,sample_03137,Windows of the Skull - Sarin,1,0.003224118845537305,cnn_revised_20260919T110440Z,cnn_s2_16,val,Log-Mel CNN,0.05698331817984581,0.11215849220752716
seg_009116,sample_03137,Windows of the Skull - Sarin,1,0.9880490899085999,cnn_revised_20260919T110440Z,cnn_s2_16,val,Log-Mel CNN,0.05698331817984581,0.11215849220752716
seg_009117,sample_03138,Windows of the Skull - Sarin,1,0.8570214509963989,cnn_revised_20260919T110440Z,cnn_s2_16,val,Log-Mel CNN,0.05698331817984581,0.11215849220752716
seg_009118,sample_03138,Windows of the Skull - Sarin,1,0.028903357684612274,cnn_revised_20260919T110440Z,cnn_s2_16,val,Log-Mel CNN,0.05698331817984581,0.11215849220752716
seg_009119,sample_03138,Windows of the Skull - Sarin,1,0.5928833484649658,cnn_revised_20260919T110440Z,cnn_s2_16,val,Log-Mel CNN,0.05698331817984581,0.11215849220752716
seg_009168,sample_03155,mystery team 2090 - Jesse Futerman,1,0.9540995359420776,cnn_revised_20260919T110440Z,cnn_s2_16,val,Log-Mel CNN,0.05698331817984581,0.11215849220752716
seg_009169,sample_03155,mystery team 2090 - Jesse Futerman,1,0.57086181640625,cnn_revised_20260919T110440Z,cnn_s2_16,val,Log-Mel CNN,0.05698331817984581,0.11215849220752716
seg_009170,sample_03155,mystery team 2090 - Jesse Futerman,1,0.6286048889160156,cnn_revised_20260919T110440Z,cnn_s2_16,val,Log-Mel CNN,0.05698331817984581,0.11215849220752716
seg_009171,sample_03156,mystery team 2090 - Jesse Futerman,1,0.19397307932376862,cnn_revised_20260919T110440Z,cnn_s2_16,val,Log-Mel CNN,0.05698331817984581,0.11215849220752716
seg_009172,sample_03156,mystery team 2090 - Jesse Futerman,1,0.8536255955696106,cnn_revised_20260919T110440Z,cnn_s2_16,val,Log-Mel CNN,0.05698331817984581,0.11215849220752716
seg_009173,sample_03156,mystery team 2090 - Jesse Futerman,1,0.5561093091964722,cnn_revised_20260919T110440Z,cnn_s2_16,val,Log-Mel CNN,0.05698331817984581,0.11215849220752716
seg_009192,sample_03163,Новый Нью-Йорк 2 - Чокнутый Пропеллер,1,0.005672648083418608,cnn_revised_20260919T110440Z,cnn_s2_16,val,Log-Mel CNN,0.05698331817984581,0.11215849220752716
seg_009193,sample_03163,Новый Нью-Йорк 2 - Чокнутый Пропеллер,1,0.03647231683135033,cnn_revised_20260919T110440Z,cnn_s2_16,val,Log-Mel CNN,0.05698331817984581,0.11215849220752716
seg_009194,sample_03163,Новый Нью-Йорк 2 - Чокнутый Пропеллер,1,0.05353103578090668,cnn_revised_20260919T110440Z,cnn_s2_16,val,Log-Mel CNN,0.05698331817984581,0.11215849220752716
seg_009195,sample_03164,Новый Нью-Йорк 2 - Чокнутый Пропеллер,1,0.04822530969977379,cnn_revised_20260919T110440Z,cnn_s2_16,val,Log-Mel CNN,0.05698331817984581,0.11215849220752716
seg_009196,sample_03164,Новый Нью-Йорк 2 - Чокнутый Пропеллер,1,0.061153024435043335,cnn_revised_20260919T110440Z,cnn_s2_16,val,Log-Mel CNN,0.05698331817984581,0.11215849220752716
seg_009197,sample_03164,Новый Нью-Йорк 2 - Чокнутый Пропеллер,1,0.35737332701683044,cnn_revised_20260919T110440Z,cnn_s2_16,val,Log-Mel CNN,0.05698331817984581,0.11215849220752716
seg_009207,sample_03168,2 (Wasn't There) - Isle of Pine,1,0.8418168425559998,cnn_revised_20260919T110440Z,cnn_s2_16,val,Log-Mel CNN,0.05698331817984581,0.11215849220752716
seg_009208,sample_03168,2 (Wasn't There) - Isle of Pine,1,0.2577156126499176,cnn_revised_20260919T110440Z,cnn_s2_16,val,Log-Mel CNN,0.05698331817984581,0.11215849220752716
seg_009209,sample_03168,2 (Wasn't There) - Isle of Pine,1,0.6917334198951721,cnn_revised_20260919T110440Z,cnn_s2_16,val,Log-Mel CNN,0.05698331817984581,0.11215849220752716
seg_009228,sample_03175,Agora - Malaventura,1,0.1724885106086731,cnn_revised_20260919T110440Z,cnn_s2_16,val,Log-Mel CNN,0.05698331817984581,0.11215849220752716
seg_009229,sample_03175,Agora - Malaventura,1,0.8438766598701477,cnn_revised_20260919T110440Z,cnn_s2_16,val,Log-Mel CNN,0.05698331817984581,0.11215849220752716
seg_009230,sample_03175,Agora - Malaventura,1,0.8559250235557556,cnn_revised_20260919T110440Z,cnn_s2_16,val,Log-Mel CNN,0.05698331817984581,0.11215849220752716
seg_009279,sample_03192,Beyond Luxury - Mors Ontologica,1,0.1354283094406128,cnn_revised_20260919T110440Z,cnn_s2_16,val,Log-Mel CNN,0.05698331817984581,0.11215849220752716
seg_009280,sample_03192,Beyond Luxury - Mors Ontologica,1,0.01837798021733761,cnn_revised_20260919T110440Z,cnn_s2_16,val,Log-Mel CNN,0.05698331817984581,0.11215849220752716
seg_009281,sample_03192,Beyond Luxury - Mors Ontologica,1,0.9596610069274902,cnn_revised_20260919T110440Z,cnn_s2_16,val,Log-Mel CNN,0.05698331817984581,0.11215849220752716
seg_009324,sample_03207,CopperNickle - UncleBibby,1,0.07953204214572906,cnn_revised_20260919T110440Z,cnn_s2_16,val,Log-Mel CNN,0.05698331817984581,0.11215849220752716
seg_009325,sample_03207,CopperNickle - UncleBibby,1,0.8092085123062134,cnn_revised_20260919T110440Z,cnn_s2_16,val,Log-Mel CNN,0.05698331817984581,0.11215849220752716
seg_009326,sample_03207,CopperNickle - UncleBibby,1,0.9832078218460083,cnn_revised_20260919T110440Z,cnn_s2_16,val,Log-Mel CNN,0.05698331817984581,0.11215849220752716
seg_009339,sample_03212,Daylight Savings - My brother Daniel,1,0.928130030632019,cnn_revised_20260919T110440Z,cnn_s2_16,val,Log-Mel CNN,0.05698331817984581,0.11215849220752716
seg_009340,sample_03212,Daylight Savings - My brother Daniel,1,0.1826479583978653,cnn_revised_20260919T110440Z,cnn_s2_16,val,Log-Mel CNN,0.05698331817984581,0.11215849220752716
seg_009341,sample_03212,Daylight Savings - My brother Daniel,1,0.7277258634567261,cnn_revised_20260919T110440Z,cnn_s2_16,val,Log-Mel CNN,0.05698331817984581,0.11215849220752716
seg_009375,sample_03224,Empty Pockets - Pete Prodoehl,1,0.6814690828323364,cnn_revised_20260919T110440Z,cnn_s2_16,val,Log-Mel CNN,0.05698331817984581,0.11215849220752716
seg_009376,sample_03224,Empty Pockets - Pete Prodoehl,1,0.48061054944992065,cnn_revised_20260919T110440Z,cnn_s2_16,val,Log-Mel CNN,0.05698331817984581,0.11215849220752716
seg_009377,sample_03224,Empty Pockets - Pete Prodoehl,1,0.8489941358566284,cnn_revised_20260919T110440Z,cnn_s2_16,val,Log-Mel CNN,0.05698331817984581,0.11215849220752716
seg_009393,sample_03230,Evil Cannot Create - Caleb Lemond,1,0.979470431804657,cnn_revised_20260919T110440Z,cnn_s2_16,val,Log-Mel CNN,0.05698331817984581,0.11215849220752716
seg_009394,sample_03230,Evil Cannot Create - Caleb Lemond,1,0.9335486888885498,cnn_revised_20260919T110440Z,cnn_s2_16,val,Log-Mel CNN,0.05698331817984581,0.11215849220752716
seg_009395,sample_03230,Evil Cannot Create - Caleb Lemond,1,0.981243908405304,cnn_revised_20260919T110440Z,cnn_s2_16,val,Log-Mel CNN,0.05698331817984581,0.11215849220752716
seg_009399,sample_03232,Fear - Los Fancy Free,1,0.9031358957290649,cnn_revised_20260919T110440Z,cnn_s2_16,val,Log-Mel CNN,0.05698331817984581,0.11215849220752716
seg_009400,sample_03232,Fear - Los Fancy Free,1,0.871597409248352,cnn_revised_20260919T110440Z,cnn_s2_16,val,Log-Mel CNN,0.05698331817984581,0.11215849220752716
seg_009401,sample_03232,Fear - Los Fancy Free,1,0.07031598687171936,cnn_revised_20260919T110440Z,cnn_s2_16,val,Log-Mel CNN,0.05698331817984581,0.11215849220752716
seg_009402,sample_03233,Fifth Ramble - From the album Keith [RSVP007] - My brother Daniel,1,0.9134376645088196,cnn_revised_20260919T110440Z,cnn_s2_16,val,Log-Mel CNN,0.05698331817984581,0.11215849220752716
seg_009403,sample_03233,Fifth Ramble - From the album Keith [RSVP007] - My brother Daniel,1,0.9692762494087219,cnn_revised_20260919T110440Z,cnn_s2_16,val,Log-Mel CNN,0.05698331817984581,0.11215849220752716
seg_009404,sample_03233,Fifth Ramble - From the album Keith [RSVP007] - My brother Daniel,1,0.7073153853416443,cnn_revised_20260919T110440Z,cnn_s2_16,val,Log-Mel CNN,0.05698331817984581,0.11215849220752716
seg_009438,sample_03245,Gila Monster Flop/Music History Lesson:The Sonics - The Crypts!,1,0.029846379533410072,cnn_revised_20260919T110440Z,cnn_s2_16,val,Log-Mel CNN,0.05698331817984581,0.11215849220752716
seg_009439,sample_03245,Gila Monster Flop/Music History Lesson:The Sonics - The Crypts!,1,0.08066882193088531,cnn_revised_20260919T110440Z,cnn_s2_16,val,Log-Mel CNN,0.05698331817984581,0.11215849220752716
seg_009440,sample_03245,Gila Monster Flop/Music History Lesson:The Sonics - The Crypts!,1,0.8103668689727783,cnn_revised_20260919T110440Z,cnn_s2_16,val,Log-Mel CNN,0.05698331817984581,0.11215849220752716
seg_009471,sample_03256,If You're Ther - Nicola Ratti,1,0.6331089735031128,cnn_revised_20260919T110440Z,cnn_s2_16,val,Log-Mel CNN,0.05698331817984581,0.11215849220752716
seg_009472,sample_03256,If You're Ther - Nicola Ratti,1,0.7741730809211731,cnn_revised_20260919T110440Z,cnn_s2_16,val,Log-Mel CNN,0.05698331817984581,0.11215849220752716
seg_009473,sample_03256,If You're Ther - Nicola Ratti,1,0.5329603552818298,cnn_revised_20260919T110440Z,cnn_s2_16,val,Log-Mel CNN,0.05698331817984581,0.11215849220752716
seg_009501,sample_03266,I Fell - Mod Fun,1,0.8001568913459778,cnn_revised_20260919T110440Z,cnn_s2_16,val,Log-Mel CNN,0.05698331817984581,0.11215849220752716
seg_009502,sample_03266,I Fell - Mod Fun,1,0.9913299083709717,cnn_revised_20260919T110440Z,cnn_s2_16,val,Log-Mel CNN,0.05698331817984581,0.11215849220752716
seg_009503,sample_03266,I Fell - Mod Fun,1,0.9591941833496094,cnn_revised_20260919T110440Z,cnn_s2_16,val,Log-Mel CNN,0.05698331817984581,0.11215849220752716
seg_009549,sample_03282,Kumorizoranohajimarutokoro - Hosomi,1,0.45458984375,cnn_revised_20260919T110440Z,cnn_s2_16,val,Log-Mel CNN,0.05698331817984581,0.11215849220752716
seg_009550,sample_03282,Kumorizoranohajimarutokoro - Hosomi,1,0.9834369421005249,cnn_revised_20260919T110440Z,cnn_s2_16,val,Log-Mel CNN,0.05698331817984581,0.11215849220752716
seg_009551,sample_03282,Kumorizoranohajimarutokoro - Hosomi,1,0.8327072858810425,cnn_revised_20260919T110440Z,cnn_s2_16,val,Log-Mel CNN,0.05698331817984581,0.11215849220752716
seg_009585,sample_03294,Lights Up - Pipe Choir,1,0.2483242005109787,cnn_revised_20260919T110440Z,cnn_s2_16,val,Log-Mel CNN,0.05698331817984581,0.11215849220752716
seg_009586,sample_03294,Lights Up - Pipe Choir,1,0.6491965055465698,cnn_revised_20260919T110440Z,cnn_s2_16,val,Log-Mel CNN,0.05698331817984581,0.11215849220752716
seg_009587,sample_03294,Lights Up - Pipe Choir,1,0.45266827940940857,cnn_revised_20260919T110440Z,cnn_s2_16,val,Log-Mel CNN,0.05698331817984581,0.11215849220752716
seg_009603,sample_03300,Loved Ones - Rowan Box,1,0.4555286765098572,cnn_revised_20260919T110440Z,cnn_s2_16,val,Log-Mel CNN,0.05698331817984581,0.11215849220752716
seg_009604,sample_03300,Loved Ones - Rowan Box,1,0.29544633626937866,cnn_revised_20260919T110440Z,cnn_s2_16,val,Log-Mel CNN,0.05698331817984581,0.11215849220752716
seg_009605,sample_03300,Loved Ones - Rowan Box,1,0.344402015209198,cnn_revised_20260919T110440Z,cnn_s2_16,val,Log-Mel CNN,0.05698331817984581,0.11215849220752716
seg_009615,sample_03304,March of the GPA Mechanics - [t]ghost,1,0.9751673340797424,cnn_revised_20260919T110440Z,cnn_s2_16,val,Log-Mel CNN,0.05698331817984581,0.11215849220752716
seg_009616,sample_03304,March of the GPA Mechanics - [t]ghost,1,0.8823204636573792,cnn_revised_20260919T110440Z,cnn_s2_16,val,Log-Mel CNN,0.05698331817984581,0.11215849220752716
seg_009617,sample_03304,March of the GPA Mechanics - [t]ghost,1,0.8966045379638672,cnn_revised_20260919T110440Z,cnn_s2_16,val,Log-Mel CNN,0.05698331817984581,0.11215849220752716
seg_009636,sample_03311,Morning Bell - Nihilore,1,0.8075153827667236,cnn_revised_20260919T110440Z,cnn_s2_16,val,Log-Mel CNN,0.05698331817984581,0.11215849220752716
seg_009637,sample_03311,Morning Bell - Nihilore,1,0.9536107778549194,cnn_revised_20260919T110440Z,cnn_s2_16,val,Log-Mel CNN,0.05698331817984581,0.11215849220752716
seg_009638,sample_03311,Morning Bell - Nihilore,1,0.7688647508621216,cnn_revised_20260919T110440Z,cnn_s2_16,val,Log-Mel CNN,0.05698331817984581,0.11215849220752716
seg_009651,sample_03316,mystery team 2090 - Jesse Futerman,1,0.3908029794692993,cnn_revised_20260919T110440Z,cnn_s2_16,val,Log-Mel CNN,0.05698331817984581,0.11215849220752716
seg_009652,sample_03316,mystery team 2090 - Jesse Futerman,1,0.8730380535125732,cnn_revised_20260919T110440Z,cnn_s2_16,val,Log-Mel CNN,0.05698331817984581,0.11215849220752716
seg_009653,sample_03316,mystery team 2090 - Jesse Futerman,1,0.615391194820404,cnn_revised_20260919T110440Z,cnn_s2_16,val,Log-Mel CNN,0.05698331817984581,0.11215849220752716
seg_009654,sample_03317,My Body Is A Weapon (Compromise Edit) - Silence is full of birds,1,0.9028974175453186,cnn_revised_20260919T110440Z,cnn_s2_16,val,Log-Mel CNN,0.05698331817984581,0.11215849220752716
seg_009655,sample_03317,My Body Is A Weapon (Compromise Edit) - Silence is full of birds,1,0.5187718272209167,cnn_revised_20260919T110440Z,cnn_s2_16,val,Log-Mel CNN,0.05698331817984581,0.11215849220752716
seg_009656,sample_03317,My Body Is A Weapon (Compromise Edit) - Silence is full of birds,1,0.18771998584270477,cnn_revised_20260919T110440Z,cnn_s2_16,val,Log-Mel CNN,0.05698331817984581,0.11215849220752716
seg_009666,sample_03321,New Life (take 1) - Bird Names,1,0.8327797055244446,cnn_revised_20260919T110440Z,cnn_s2_16,val,Log-Mel CNN,0.05698331817984581,0.11215849220752716
seg_009667,sample_03321,New Life (take 1) - Bird Names,1,0.8785336017608643,cnn_revised_20260919T110440Z,cnn_s2_16,val,Log-Mel CNN,0.05698331817984581,0.11215849220752716
seg_009668,sample_03321,New Life (take 1) - Bird Names,1,0.203070729970932,cnn_revised_20260919T110440Z,cnn_s2_16,val,Log-Mel CNN,0.05698331817984581,0.11215849220752716
seg_009672,sample_03323,Night Drive - Decktonic,1,0.33168238401412964,cnn_revised_20260919T110440Z,cnn_s2_16,val,Log-Mel CNN,0.05698331817984581,0.11215849220752716
seg_009673,sample_03323,Night Drive - Decktonic,1,0.9816297292709351,cnn_revised_20260919T110440Z,cnn_s2_16,val,Log-Mel CNN,0.05698331817984581,0.11215849220752716
seg_009674,sample_03323,Night Drive - Decktonic,1,0.8740577101707458,cnn_revised_20260919T110440Z,cnn_s2_16,val,Log-Mel CNN,0.05698331817984581,0.11215849220752716
seg_009681,sample_03326,Norweigian Wood II - Bird Names,1,0.09836982190608978,cnn_revised_20260919T110440Z,cnn_s2_16,val,Log-Mel CNN,0.05698331817984581,0.11215849220752716
seg_009682,sample_03326,Norweigian Wood II - Bird Names,1,0.016441628336906433,cnn_revised_20260919T110440Z,cnn_s2_16,val,Log-Mel CNN,0.05698331817984581,0.11215849220752716
seg_009683,sample_03326,Norweigian Wood II - Bird Names,1,0.8400772213935852,cnn_revised_20260919T110440Z,cnn_s2_16,val,Log-Mel CNN,0.05698331817984581,0.11215849220752716
seg_009693,sample_03330,Nuo Maisemat - Paavoharju,1,0.3016659617424011,cnn_revised_20260919T110440Z,cnn_s2_16,val,Log-Mel CNN,0.05698331817984581,0.11215849220752716
seg_009694,sample_03330,Nuo Maisemat - Paavoharju,1,0.8561803698539734,cnn_revised_20260919T110440Z,cnn_s2_16,val,Log-Mel CNN,0.05698331817984581,0.11215849220752716
seg_009695,sample_03330,Nuo Maisemat - Paavoharju,1,0.7642624974250793,cnn_revised_20260919T110440Z,cnn_s2_16,val,Log-Mel CNN,0.05698331817984581,0.11215849220752716
seg_009756,sample_03351,Redlight - Room For A Ghost,1,0.9817807674407959,cnn_revised_20260919T110440Z,cnn_s2_16,val,Log-Mel CNN,0.05698331817984581,0.11215849220752716
seg_009757,sample_03351,Redlight - Room For A Ghost,1,0.9963370561599731,cnn_revised_20260919T110440Z,cnn_s2_16,val,Log-Mel CNN,0.05698331817984581,0.11215849220752716
seg_009758,sample_03351,Redlight - Room For A Ghost,1,0.972527265548706,cnn_revised_20260919T110440Z,cnn_s2_16,val,Log-Mel CNN,0.05698331817984581,0.11215849220752716
seg_009774,sample_03357,Roller Star - Monroeville Music Center,1,0.9582530856132507,cnn_revised_20260919T110440Z,cnn_s2_16,val,Log-Mel CNN,0.05698331817984581,0.11215849220752716
seg_009775,sample_03357,Roller Star - Monroeville Music Center,1,0.9726784825325012,cnn_revised_20260919T110440Z,cnn_s2_16,val,Log-Mel CNN,0.05698331817984581,0.11215849220752716
seg_009776,sample_03357,Roller Star - Monroeville Music Center,1,0.7789028882980347,cnn_revised_20260919T110440Z,cnn_s2_16,val,Log-Mel CNN,0.05698331817984581,0.11215849220752716
seg_009780,sample_03359,"Roundtrip - Oh Yeah, the Future",1,0.5805715918540955,cnn_revised_20260919T110440Z,cnn_s2_16,val,Log-Mel CNN,0.05698331817984581,0.11215849220752716
seg_009781,sample_03359,"Roundtrip - Oh Yeah, the Future",1,0.783561110496521,cnn_revised_20260919T110440Z,cnn_s2_16,val,Log-Mel CNN,0.05698331817984581,0.11215849220752716
seg_009782,sample_03359,"Roundtrip - Oh Yeah, the Future",1,0.7618210315704346,cnn_revised_20260919T110440Z,cnn_s2_16,val,Log-Mel CNN,0.05698331817984581,0.11215849220752716
seg_009792,sample_03363,Scramby Eggs - Andy G. Cohen,1,0.9829753041267395,cnn_revised_20260919T110440Z,cnn_s2_16,val,Log-Mel CNN,0.05698331817984581,0.11215849220752716
seg_009793,sample_03363,Scramby Eggs - Andy G. Cohen,1,0.3438646197319031,cnn_revised_20260919T110440Z,cnn_s2_16,val,Log-Mel CNN,0.05698331817984581,0.11215849220752716
seg_009794,sample_03363,Scramby Eggs - Andy G. Cohen,1,0.6913579106330872,cnn_revised_20260919T110440Z,cnn_s2_16,val,Log-Mel CNN,0.05698331817984581,0.11215849220752716
seg_009795,sample_03364,SD (Ill Mix) - H-LR,1,0.6629924178123474,cnn_revised_20260919T110440Z,cnn_s2_16,val,Log-Mel CNN,0.05698331817984581,0.11215849220752716
seg_009796,sample_03364,SD (Ill Mix) - H-LR,1,0.9314436912536621,cnn_revised_20260919T110440Z,cnn_s2_16,val,Log-Mel CNN,0.05698331817984581,0.11215849220752716
seg_009797,sample_03364,SD (Ill Mix) - H-LR,1,0.9073549509048462,cnn_revised_20260919T110440Z,cnn_s2_16,val,Log-Mel CNN,0.05698331817984581,0.11215849220752716
seg_009819,sample_03372,Shipwrecked Crew - Pete Prodoehl,1,0.8999967575073242,cnn_revised_20260919T110440Z,cnn_s2_16,val,Log-Mel CNN,0.05698331817984581,0.11215849220752716
seg_009820,sample_03372,Shipwrecked Crew - Pete Prodoehl,1,0.9600960612297058,cnn_revised_20260919T110440Z,cnn_s2_16,val,Log-Mel CNN,0.05698331817984581,0.11215849220752716
seg_009821,sample_03372,Shipwrecked Crew - Pete Prodoehl,1,0.07622157037258148,cnn_revised_20260919T110440Z,cnn_s2_16,val,Log-Mel CNN,0.05698331817984581,0.11215849220752716
seg_009837,sample_03378,Soleares&beats - Malaventura,1,0.9809103608131409,cnn_revised_20260919T110440Z,cnn_s2_16,val,Log-Mel CNN,0.05698331817984581,0.11215849220752716
seg_009838,sample_03378,Soleares&beats - Malaventura,1,0.8589267134666443,cnn_revised_20260919T110440Z,cnn_s2_16,val,Log-Mel CNN,0.05698331817984581,0.11215849220752716
seg_009839,sample_03378,Soleares&beats - Malaventura,1,0.4901801645755768,cnn_revised_20260919T110440Z,cnn_s2_16,val,Log-Mel CNN,0.05698331817984581,0.11215849220752716
seg_009843,sample_03380,some dextromethorphan - Jeva,1,0.981122612953186,cnn_revised_20260919T110440Z,cnn_s2_16,val,Log-Mel CNN,0.05698331817984581,0.11215849220752716
seg_009844,sample_03380,some dextromethorphan - Jeva,1,0.9923092126846313,cnn_revised_20260919T110440Z,cnn_s2_16,val,Log-Mel CNN,0.05698331817984581,0.11215849220752716
seg_009845,sample_03380,some dextromethorphan - Jeva,1,0.9390297532081604,cnn_revised_20260919T110440Z,cnn_s2_16,val,Log-Mel CNN,0.05698331817984581,0.11215849220752716
seg_009858,sample_03385,Stockholm Syndrome / People Should Be More Aware - Bird Names,1,0.9428300857543945,cnn_revised_20260919T110440Z,cnn_s2_16,val,Log-Mel CNN,0.05698331817984581,0.11215849220752716
seg_009859,sample_03385,Stockholm Syndrome / People Should Be More Aware - Bird Names,1,0.9675571322441101,cnn_revised_20260919T110440Z,cnn_s2_16,val,Log-Mel CNN,0.05698331817984581,0.11215849220752716
seg_009860,sample_03385,Stockholm Syndrome / People Should Be More Aware - Bird Names,1,0.9869159460067749,cnn_revised_20260919T110440Z,cnn_s2_16,val,Log-Mel CNN,0.05698331817984581,0.11215849220752716
seg_009870,sample_03389,Sturgeon's Law - Nihilore,1,0.5926770567893982,cnn_revised_20260919T110440Z,cnn_s2_16,val,Log-Mel CNN,0.05698331817984581,0.11215849220752716
seg_009871,sample_03389,Sturgeon's Law - Nihilore,1,0.9764397740364075,cnn_revised_20260919T110440Z,cnn_s2_16,val,Log-Mel CNN,0.05698331817984581,0.11215849220752716
seg_009872,sample_03389,Sturgeon's Law - Nihilore,1,0.9640278816223145,cnn_revised_20260919T110440Z,cnn_s2_16,val,Log-Mel CNN,0.05698331817984581,0.11215849220752716
seg_009927,sample_03408,The girl just faded - Los Llamarada,1,0.5428862571716309,cnn_revised_20260919T110440Z,cnn_s2_16,val,Log-Mel CNN,0.05698331817984581,0.11215849220752716
seg_009928,sample_03408,The girl just faded - Los Llamarada,1,0.45131465792655945,cnn_revised_20260919T110440Z,cnn_s2_16,val,Log-Mel CNN,0.05698331817984581,0.11215849220752716
seg_009929,sample_03408,The girl just faded - Los Llamarada,1,0.3147343695163727,cnn_revised_20260919T110440Z,cnn_s2_16,val,Log-Mel CNN,0.05698331817984581,0.11215849220752716
seg_009954,sample_03417,The Stairway - WarpToken,1,0.48169663548469543,cnn_revised_20260919T110440Z,cnn_s2_16,val,Log-Mel CNN,0.05698331817984581,0.11215849220752716
seg_009955,sample_03417,The Stairway - WarpToken,1,0.520478367805481,cnn_revised_20260919T110440Z,cnn_s2_16,val,Log-Mel CNN,0.05698331817984581,0.11215849220752716
seg_009956,sample_03417,The Stairway - WarpToken,1,0.36432120203971863,cnn_revised_20260919T110440Z,cnn_s2_16,val,Log-Mel CNN,0.05698331817984581,0.11215849220752716
seg_009957,sample_03418,Three Bird - My brother Daniel,1,0.07905753701925278,cnn_revised_20260919T110440Z,cnn_s2_16,val,Log-Mel CNN,0.05698331817984581,0.11215849220752716
seg_009958,sample_03418,Three Bird - My brother Daniel,1,0.20930339395999908,cnn_revised_20260919T110440Z,cnn_s2_16,val,Log-Mel CNN,0.05698331817984581,0.11215849220752716
seg_009959,sample_03418,Three Bird - My brother Daniel,1,0.495959997177124,cnn_revised_20260919T110440Z,cnn_s2_16,val,Log-Mel CNN,0.05698331817984581,0.11215849220752716
seg_009960,sample_03419,Timen Passing By - Jason Shaw,1,0.7919700145721436,cnn_revised_20260919T110440Z,cnn_s2_16,val,Log-Mel CNN,0.05698331817984581,0.11215849220752716
seg_009961,sample_03419,Timen Passing By - Jason Shaw,1,0.4321497678756714,cnn_revised_20260919T110440Z,cnn_s2_16,val,Log-Mel CNN,0.05698331817984581,0.11215849220752716
seg_009962,sample_03419,Timen Passing By - Jason Shaw,1,0.6302062273025513,cnn_revised_20260919T110440Z,cnn_s2_16,val,Log-Mel CNN,0.05698331817984581,0.11215849220752716
seg_009963,sample_03420,Time Is Love - Silence is full of birds,1,0.7024058103561401,cnn_revised_20260919T110440Z,cnn_s2_16,val,Log-Mel CNN,0.05698331817984581,0.11215849220752716
seg_009964,sample_03420,Time Is Love - Silence is full of birds,1,0.8128554224967957,cnn_revised_20260919T110440Z,cnn_s2_16,val,Log-Mel CNN,0.05698331817984581,0.11215849220752716
seg_009965,sample_03420,Time Is Love - Silence is full of birds,1,0.7470234632492065,cnn_revised_20260919T110440Z,cnn_s2_16,val,Log-Mel CNN,0.05698331817984581,0.11215849220752716
seg_009990,sample_03429,Understand That This Is A Dream - From the album Modulating Coil [RSVP008] - Forrest James,1,0.9784658551216125,cnn_revised_20260919T110440Z,cnn_s2_16,val,Log-Mel CNN,0.05698331817984581,0.11215849220752716
seg_009991,sample_03429,Understand That This Is A Dream - From the album Modulating Coil [RSVP008] - Forrest James,1,0.6366278529167175,cnn_revised_20260919T110440Z,cnn_s2_16,val,Log-Mel CNN,0.05698331817984581,0.11215849220752716
seg_009992,sample_03429,Understand That This Is A Dream - From the album Modulating Coil [RSVP008] - Forrest James,1,0.06630772352218628,cnn_revised_20260919T110440Z,cnn_s2_16,val,Log-Mel CNN,0.05698331817984581,0.11215849220752716
seg_010005,sample_03434,Voxel - Andy G. Cohen,1,0.7581592798233032,cnn_revised_20260919T110440Z,cnn_s2_16,val,Log-Mel CNN,0.05698331817984581,0.11215849220752716
seg_010006,sample_03434,Voxel - Andy G. Cohen,1,0.9416402578353882,cnn_revised_20260919T110440Z,cnn_s2_16,val,Log-Mel CNN,0.05698331817984581,0.11215849220752716
seg_010007,sample_03434,Voxel - Andy G. Cohen,1,0.4895310401916504,cnn_revised_20260919T110440Z,cnn_s2_16,val,Log-Mel CNN,0.05698331817984581,0.11215849220752716
seg_010011,sample_03436,Westside Chillers - Little Glass Men,1,0.9498920440673828,cnn_revised_20260919T110440Z,cnn_s2_16,val,Log-Mel CNN,0.05698331817984581,0.11215849220752716
seg_010012,sample_03436,Westside Chillers - Little Glass Men,1,0.27289193868637085,cnn_revised_20260919T110440Z,cnn_s2_16,val,Log-Mel CNN,0.05698331817984581,0.11215849220752716
seg_010013,sample_03436,Westside Chillers - Little Glass Men,1,0.7280182242393494,cnn_revised_20260919T110440Z,cnn_s2_16,val,Log-Mel CNN,0.05698331817984581,0.11215849220752716
seg_010065,sample_03454,Новый Нью-Йорк 2 - Чокнутый Пропеллер,1,0.8445323705673218,cnn_revised_20260919T110440Z,cnn_s2_16,val,Log-Mel CNN,0.05698331817984581,0.11215849220752716
seg_010066,sample_03454,Новый Нью-Йорк 2 - Чокнутый Пропеллер,1,0.009081556461751461,cnn_revised_20260919T110440Z,cnn_s2_16,val,Log-Mel CNN,0.05698331817984581,0.11215849220752716
seg_010067,sample_03454,Новый Нью-Йорк 2 - Чокнутый Пропеллер,1,0.02149033546447754,cnn_revised_20260919T110440Z,cnn_s2_16,val,Log-Mel CNN,0.05698331817984581,0.11215849220752716
seg_010071,sample_03456,Windows of the Skull - Sarin,1,0.71086585521698,cnn_revised_20260919T110440Z,cnn_s2_16,val,Log-Mel CNN,0.05698331817984581,0.11215849220752716
seg_010072,sample_03456,Windows of the Skull - Sarin,1,0.6127617359161377,cnn_revised_20260919T110440Z,cnn_s2_16,val,Log-Mel CNN,0.05698331817984581,0.11215849220752716
seg_010073,sample_03456,Windows of the Skull - Sarin,1,0.886854350566864,cnn_revised_20260919T110440Z,cnn_s2_16,val,Log-Mel CNN,0.05698331817984581,0.11215849220752716
