segment_id,track_id,original_audio_id,label,score,run_id,trial_id,split,model,segment_threshold,track_threshold
seg_000006,sample_00002,2 (Wasn't There) - Isle of Pine,0,0.013238110579550266,cnn_revised_20260919T110440Z,cnn_s2_10,val,Log-Mel CNN,0.29935845732688904,0.3501252681016922
seg_000007,sample_00002,2 (Wasn't There) - Isle of Pine,0,0.029301317408680916,cnn_revised_20260919T110440Z,cnn_s2_10,val,Log-Mel CNN,0.29935845732688904,0.3501252681016922
seg_000008,sample_00002,2 (Wasn't There) - Isle of Pine,0,0.012505789287388325,cnn_revised_20260919T110440Z,cnn_s2_10,val,Log-Mel CNN,0.29935845732688904,0.3501252681016922
seg_000039,sample_00013,Agora - Malaventura,0,0.04661265388131142,cnn_revised_20260919T110440Z,cnn_s2_10,val,Log-Mel CNN,0.29935845732688904,0.3501252681016922
seg_000040,sample_00013,Agora - Malaventura,0,0.09347862750291824,cnn_revised_20260919T110440Z,cnn_s2_10,val,Log-Mel CNN,0.29935845732688904,0.3501252681016922
seg_000041,sample_00013,Agora - Malaventura,0,0.16359467804431915,cnn_revised_20260919T110440Z,cnn_s2_10,val,Log-Mel CNN,0.29935845732688904,0.3501252681016922
seg_000081,sample_00027,Beyond Luxury - Mors Ontologica,0,0.000996938208118081,cnn_revised_20260919T110440Z,cnn_s2_10,val,Log-Mel CNN,0.29935845732688904,0.3501252681016922
seg_000082,sample_00027,Beyond Luxury - Mors Ontologica,0,0.00792959425598383,cnn_revised_20260919T110440Z,cnn_s2_10,val,Log-Mel CNN,0.29935845732688904,0.3501252681016922
seg_000083,sample_00027,Beyond Luxury - Mors Ontologica,0,0.03404245525598526,cnn_revised_20260919T110440Z,cnn_s2_10,val,Log-Mel CNN,0.29935845732688904,0.3501252681016922
seg_000129,sample_00043,CopperNickle - UncleBibby,0,0.01010434702038765,cnn_revised_20260919T110440Z,cnn_s2_10,val,Log-Mel CNN,0.29935845732688904,0.3501252681016922
seg_000130,sample_00043,CopperNickle - UncleBibby,0,0.02894503064453602,cnn_revised_20260919T110440Z,cnn_s2_10,val,Log-Mel CNN,0.29935845732688904,0.3501252681016922
seg_000131,sample_00043,CopperNickle - UncleBibby,0,0.004038284532725811,cnn_revised_20260919T110440Z,cnn_s2_10,val,Log-Mel CNN,0.29935845732688904,0.3501252681016922
seg_000141,sample_00047,Daylight Savings - My brother Daniel,0,0.0567421019077301,cnn_revised_20260919T110440Z,cnn_s2_10,val,Log-Mel CNN,0.29935845732688904,0.3501252681016922
seg_000142,sample_00047,Daylight Savings - My brother Daniel,0,0.1552499383687973,cnn_revised_20260919T110440Z,cnn_s2_10,val,Log-Mel CNN,0.29935845732688904,0.3501252681016922
seg_000143,sample_00047,Daylight Savings - My brother Daniel,0,0.04866428300738335,cnn_revised_20260919T110440Z,cnn_s2_10,val,Log-Mel CNN,0.29935845732688904,0.3501252681016922
seg_000177,sample_00059,Empty Pockets - Pete Prodoehl,0,0.0026226905174553394,cnn_revised_20260919T110440Z,cnn_s2_10,val,Log-Mel CNN,0.29935845732688904,0.3501252681016922
seg_000178,sample_00059,Empty Pockets - Pete Prodoehl,0,0.029473835602402687,cnn_revised_20260919T110440Z,cnn_s2_10,val,Log-Mel CNN,0.29935845732688904,0.3501252681016922
seg_000179,sample_00059,Empty Pockets - Pete Prodoehl,0,0.056915514171123505,cnn_revised_20260919T110440Z,cnn_s2_10,val,Log-Mel CNN,0.29935845732688904,0.3501252681016922
seg_000195,sample_00065,Evil Cannot Create - Caleb Lemond,0,0.42646342515945435,cnn_revised_20260919T110440Z,cnn_s2_10,val,Log-Mel CNN,0.29935845732688904,0.3501252681016922
seg_000196,sample_00065,Evil Cannot Create - Caleb Lemond,0,0.9284655451774597,cnn_revised_20260919T110440Z,cnn_s2_10,val,Log-Mel CNN,0.29935845732688904,0.3501252681016922
seg_000197,sample_00065,Evil Cannot Create - Caleb Lemond,0,0.6842766404151917,cnn_revised_20260919T110440Z,cnn_s2_10,val,Log-Mel CNN,0.29935845732688904,0.3501252681016922
seg_000201,sample_00067,Fear - Los Fancy Free,0,0.0037403369788080454,cnn_revised_20260919T110440Z,cnn_s2_10,val,Log-Mel CNN,0.29935845732688904,0.3501252681016922
seg_000202,sample_00067,Fear - Los Fancy Free,0,0.006812946405261755,cnn_revised_20260919T110440Z,cnn_s2_10,val,Log-Mel CNN,0.29935845732688904,0.3501252681016922
seg_000203,sample_00067,Fear - Los Fancy Free,0,0.0077078151516616344,cnn_revised_20260919T110440Z,cnn_s2_10,val,Log-Mel CNN,0.29935845732688904,0.3501252681016922
seg_000204,sample_00068,Fifth Ramble - From the album Keith [RSVP007] - My brother Daniel,0,0.998985230922699,cnn_revised_20260919T110440Z,cnn_s2_10,val,Log-Mel CNN,0.29935845732688904,0.3501252681016922
seg_000205,sample_00068,Fifth Ramble - From the album Keith [RSVP007] - My brother Daniel,0,0.9983617663383484,cnn_revised_20260919T110440Z,cnn_s2_10,val,Log-Mel CNN,0.29935845732688904,0.3501252681016922
seg_000206,sample_00068,Fifth Ramble - From the album Keith [RSVP007] - My brother Daniel,0,0.9988647699356079,cnn_revised_20260919T110440Z,cnn_s2_10,val,Log-Mel CNN,0.29935845732688904,0.3501252681016922
seg_000240,sample_00080,Gila Monster Flop/Music History Lesson:The Sonics - The Crypts!,0,0.04338569566607475,cnn_revised_20260919T110440Z,cnn_s2_10,val,Log-Mel CNN,0.29935845732688904,0.3501252681016922
seg_000241,sample_00080,Gila Monster Flop/Music History Lesson:The Sonics - The Crypts!,0,0.008631866425275803,cnn_revised_20260919T110440Z,cnn_s2_10,val,Log-Mel CNN,0.29935845732688904,0.3501252681016922
seg_000242,sample_00080,Gila Monster Flop/Music History Lesson:The Sonics - The Crypts!,0,0.0038023691158741713,cnn_revised_20260919T110440Z,cnn_s2_10,val,Log-Mel CNN,0.29935845732688904,0.3501252681016922
seg_000285,sample_00095,I Fell - Mod Fun,0,0.0014424523105844855,cnn_revised_20260919T110440Z,cnn_s2_10,val,Log-Mel CNN,0.29935845732688904,0.3501252681016922
seg_000286,sample_00095,I Fell - Mod Fun,0,0.00475107878446579,cnn_revised_20260919T110440Z,cnn_s2_10,val,Log-Mel CNN,0.29935845732688904,0.3501252681016922
seg_000287,sample_00095,I Fell - Mod Fun,0,0.0019392318790778518,cnn_revised_20260919T110440Z,cnn_s2_10,val,Log-Mel CNN,0.29935845732688904,0.3501252681016922
seg_000297,sample_00099,If You're Ther - Nicola Ratti,0,0.11704527586698532,cnn_revised_20260919T110440Z,cnn_s2_10,val,Log-Mel CNN,0.29935845732688904,0.3501252681016922
seg_000298,sample_00099,If You're Ther - Nicola Ratti,0,0.01582951657474041,cnn_revised_20260919T110440Z,cnn_s2_10,val,Log-Mel CNN,0.29935845732688904,0.3501252681016922
seg_000299,sample_00099,If You're Ther - Nicola Ratti,0,0.013310873880982399,cnn_revised_20260919T110440Z,cnn_s2_10,val,Log-Mel CNN,0.29935845732688904,0.3501252681016922
seg_000342,sample_00114,Kumorizoranohajimarutokoro - Hosomi,0,0.016018064692616463,cnn_revised_20260919T110440Z,cnn_s2_10,val,Log-Mel CNN,0.29935845732688904,0.3501252681016922
seg_000343,sample_00114,Kumorizoranohajimarutokoro - Hosomi,0,0.024505143985152245,cnn_revised_20260919T110440Z,cnn_s2_10,val,Log-Mel CNN,0.29935845732688904,0.3501252681016922
seg_000344,sample_00114,Kumorizoranohajimarutokoro - Hosomi,0,0.034980662167072296,cnn_revised_20260919T110440Z,cnn_s2_10,val,Log-Mel CNN,0.29935845732688904,0.3501252681016922
seg_000384,sample_00128,Lights Up - Pipe Choir,0,0.08615318685770035,cnn_revised_20260919T110440Z,cnn_s2_10,val,Log-Mel CNN,0.29935845732688904,0.3501252681016922
seg_000385,sample_00128,Lights Up - Pipe Choir,0,0.3783247768878937,cnn_revised_20260919T110440Z,cnn_s2_10,val,Log-Mel CNN,0.29935845732688904,0.3501252681016922
seg_000386,sample_00128,Lights Up - Pipe Choir,0,0.19310228526592255,cnn_revised_20260919T110440Z,cnn_s2_10,val,Log-Mel CNN,0.29935845732688904,0.3501252681016922
seg_000399,sample_00133,Loved Ones - Rowan Box,0,0.0012756474316120148,cnn_revised_20260919T110440Z,cnn_s2_10,val,Log-Mel CNN,0.29935845732688904,0.3501252681016922
seg_000400,sample_00133,Loved Ones - Rowan Box,0,0.0029999513644725084,cnn_revised_20260919T110440Z,cnn_s2_10,val,Log-Mel CNN,0.29935845732688904,0.3501252681016922
seg_000401,sample_00133,Loved Ones - Rowan Box,0,0.00040911012911237776,cnn_revised_20260919T110440Z,cnn_s2_10,val,Log-Mel CNN,0.29935845732688904,0.3501252681016922
seg_000408,sample_00136,March of the GPA Mechanics - [t]ghost,0,0.24576130509376526,cnn_revised_20260919T110440Z,cnn_s2_10,val,Log-Mel CNN,0.29935845732688904,0.3501252681016922
seg_000409,sample_00136,March of the GPA Mechanics - [t]ghost,0,0.42230817675590515,cnn_revised_20260919T110440Z,cnn_s2_10,val,Log-Mel CNN,0.29935845732688904,0.3501252681016922
seg_000410,sample_00136,March of the GPA Mechanics - [t]ghost,0,0.03805404528975487,cnn_revised_20260919T110440Z,cnn_s2_10,val,Log-Mel CNN,0.29935845732688904,0.3501252681016922
seg_000426,sample_00142,Morning Bell - Nihilore,0,0.029190829023718834,cnn_revised_20260919T110440Z,cnn_s2_10,val,Log-Mel CNN,0.29935845732688904,0.3501252681016922
seg_000427,sample_00142,Morning Bell - Nihilore,0,0.08753661811351776,cnn_revised_20260919T110440Z,cnn_s2_10,val,Log-Mel CNN,0.29935845732688904,0.3501252681016922
seg_000428,sample_00142,Morning Bell - Nihilore,0,0.022025765851140022,cnn_revised_20260919T110440Z,cnn_s2_10,val,Log-Mel CNN,0.29935845732688904,0.3501252681016922
seg_000441,sample_00147,My Body Is A Weapon (Compromise Edit) - Silence is full of birds,0,0.035571008920669556,cnn_revised_20260919T110440Z,cnn_s2_10,val,Log-Mel CNN,0.29935845732688904,0.3501252681016922
seg_000442,sample_00147,My Body Is A Weapon (Compromise Edit) - Silence is full of birds,0,0.03206690773367882,cnn_revised_20260919T110440Z,cnn_s2_10,val,Log-Mel CNN,0.29935845732688904,0.3501252681016922
seg_000443,sample_00147,My Body Is A Weapon (Compromise Edit) - Silence is full of birds,0,0.03971148282289505,cnn_revised_20260919T110440Z,cnn_s2_10,val,Log-Mel CNN,0.29935845732688904,0.3501252681016922
seg_000453,sample_00151,New Life (take 1) - Bird Names,0,0.0043364278972148895,cnn_revised_20260919T110440Z,cnn_s2_10,val,Log-Mel CNN,0.29935845732688904,0.3501252681016922
seg_000454,sample_00151,New Life (take 1) - Bird Names,0,0.0035544976126402617,cnn_revised_20260919T110440Z,cnn_s2_10,val,Log-Mel CNN,0.29935845732688904,0.3501252681016922
seg_000455,sample_00151,New Life (take 1) - Bird Names,0,0.00871158204972744,cnn_revised_20260919T110440Z,cnn_s2_10,val,Log-Mel CNN,0.29935845732688904,0.3501252681016922
seg_000459,sample_00153,Night Drive - Decktonic,0,0.00031448682420887053,cnn_revised_20260919T110440Z,cnn_s2_10,val,Log-Mel CNN,0.29935845732688904,0.3501252681016922
seg_000460,sample_00153,Night Drive - Decktonic,0,0.002632968360558152,cnn_revised_20260919T110440Z,cnn_s2_10,val,Log-Mel CNN,0.29935845732688904,0.3501252681016922
seg_000461,sample_00153,Night Drive - Decktonic,0,0.002482011215761304,cnn_revised_20260919T110440Z,cnn_s2_10,val,Log-Mel CNN,0.29935845732688904,0.3501252681016922
seg_000468,sample_00156,Norweigian Wood II - Bird Names,0,0.001915031229145825,cnn_revised_20260919T110440Z,cnn_s2_10,val,Log-Mel CNN,0.29935845732688904,0.3501252681016922
seg_000469,sample_00156,Norweigian Wood II - Bird Names,0,0.005339916329830885,cnn_revised_20260919T110440Z,cnn_s2_10,val,Log-Mel CNN,0.29935845732688904,0.3501252681016922
seg_000470,sample_00156,Norweigian Wood II - Bird Names,0,0.011124929413199425,cnn_revised_20260919T110440Z,cnn_s2_10,val,Log-Mel CNN,0.29935845732688904,0.3501252681016922
seg_000480,sample_00160,Nuo Maisemat - Paavoharju,0,0.06240467354655266,cnn_revised_20260919T110440Z,cnn_s2_10,val,Log-Mel CNN,0.29935845732688904,0.3501252681016922
seg_000481,sample_00160,Nuo Maisemat - Paavoharju,0,0.23503655195236206,cnn_revised_20260919T110440Z,cnn_s2_10,val,Log-Mel CNN,0.29935845732688904,0.3501252681016922
seg_000482,sample_00160,Nuo Maisemat - Paavoharju,0,0.17082761228084564,cnn_revised_20260919T110440Z,cnn_s2_10,val,Log-Mel CNN,0.29935845732688904,0.3501252681016922
seg_000537,sample_00179,Redlight - Room For A Ghost,0,0.044237472116947174,cnn_revised_20260919T110440Z,cnn_s2_10,val,Log-Mel CNN,0.29935845732688904,0.3501252681016922
seg_000538,sample_00179,Redlight - Room For A Ghost,0,0.4104962646961212,cnn_revised_20260919T110440Z,cnn_s2_10,val,Log-Mel CNN,0.29935845732688904,0.3501252681016922
seg_000539,sample_00179,Redlight - Room For A Ghost,0,0.593583345413208,cnn_revised_20260919T110440Z,cnn_s2_10,val,Log-Mel CNN,0.29935845732688904,0.3501252681016922
seg_000555,sample_00185,Roller Star - Monroeville Music Center,0,0.021068716421723366,cnn_revised_20260919T110440Z,cnn_s2_10,val,Log-Mel CNN,0.29935845732688904,0.3501252681016922
seg_000556,sample_00185,Roller Star - Monroeville Music Center,0,0.03836357221007347,cnn_revised_20260919T110440Z,cnn_s2_10,val,Log-Mel CNN,0.29935845732688904,0.3501252681016922
seg_000557,sample_00185,Roller Star - Monroeville Music Center,0,0.06012224778532982,cnn_revised_20260919T110440Z,cnn_s2_10,val,Log-Mel CNN,0.29935845732688904,0.3501252681016922
seg_000561,sample_00187,"Roundtrip - Oh Yeah, the Future",0,0.03288203850388527,cnn_revised_20260919T110440Z,cnn_s2_10,val,Log-Mel CNN,0.29935845732688904,0.3501252681016922
seg_000562,sample_00187,"Roundtrip - Oh Yeah, the Future",0,0.004889464005827904,cnn_revised_20260919T110440Z,cnn_s2_10,val,Log-Mel CNN,0.29935845732688904,0.3501252681016922
seg_000563,sample_00187,"Roundtrip - Oh Yeah, the Future",0,0.017362195998430252,cnn_revised_20260919T110440Z,cnn_s2_10,val,Log-Mel CNN,0.29935845732688904,0.3501252681016922
seg_000570,sample_00190,SD (Ill Mix) - H-LR,0,0.006075477693229914,cnn_revised_20260919T110440Z,cnn_s2_10,val,Log-Mel CNN,0.29935845732688904,0.3501252681016922
seg_000571,sample_00190,SD (Ill Mix) - H-LR,0,0.03758690506219864,cnn_revised_20260919T110440Z,cnn_s2_10,val,Log-Mel CNN,0.29935845732688904,0.3501252681016922
seg_000572,sample_00190,SD (Ill Mix) - H-LR,0,0.002329503884539008,cnn_revised_20260919T110440Z,cnn_s2_10,val,Log-Mel CNN,0.29935845732688904,0.3501252681016922
seg_000576,sample_00192,Scramby Eggs - Andy G. Cohen,0,0.002269729971885681,cnn_revised_20260919T110440Z,cnn_s2_10,val,Log-Mel CNN,0.29935845732688904,0.3501252681016922
seg_000577,sample_00192,Scramby Eggs - Andy G. Cohen,0,0.001305854064412415,cnn_revised_20260919T110440Z,cnn_s2_10,val,Log-Mel CNN,0.29935845732688904,0.3501252681016922
seg_000578,sample_00192,Scramby Eggs - Andy G. Cohen,0,0.0015953946858644485,cnn_revised_20260919T110440Z,cnn_s2_10,val,Log-Mel CNN,0.29935845732688904,0.3501252681016922
seg_000600,sample_00200,Shipwrecked Crew - Pete Prodoehl,0,0.20396259427070618,cnn_revised_20260919T110440Z,cnn_s2_10,val,Log-Mel CNN,0.29935845732688904,0.3501252681016922
seg_000601,sample_00200,Shipwrecked Crew - Pete Prodoehl,0,0.28492361307144165,cnn_revised_20260919T110440Z,cnn_s2_10,val,Log-Mel CNN,0.29935845732688904,0.3501252681016922
seg_000602,sample_00200,Shipwrecked Crew - Pete Prodoehl,0,0.3037566542625427,cnn_revised_20260919T110440Z,cnn_s2_10,val,Log-Mel CNN,0.29935845732688904,0.3501252681016922
seg_000615,sample_00205,Soleares&beats - Malaventura,0,0.02169070951640606,cnn_revised_20260919T110440Z,cnn_s2_10,val,Log-Mel CNN,0.29935845732688904,0.3501252681016922
seg_000616,sample_00205,Soleares&beats - Malaventura,0,0.04178372025489807,cnn_revised_20260919T110440Z,cnn_s2_10,val,Log-Mel CNN,0.29935845732688904,0.3501252681016922
seg_000617,sample_00205,Soleares&beats - Malaventura,0,0.10012277215719223,cnn_revised_20260919T110440Z,cnn_s2_10,val,Log-Mel CNN,0.29935845732688904,0.3501252681016922
seg_000633,sample_00211,Stockholm Syndrome / People Should Be More Aware - Bird Names,0,0.01612064428627491,cnn_revised_20260919T110440Z,cnn_s2_10,val,Log-Mel CNN,0.29935845732688904,0.3501252681016922
seg_000634,sample_00211,Stockholm Syndrome / People Should Be More Aware - Bird Names,0,0.16456420719623566,cnn_revised_20260919T110440Z,cnn_s2_10,val,Log-Mel CNN,0.29935845732688904,0.3501252681016922
seg_000635,sample_00211,Stockholm Syndrome / People Should Be More Aware - Bird Names,0,0.02803742326796055,cnn_revised_20260919T110440Z,cnn_s2_10,val,Log-Mel CNN,0.29935845732688904,0.3501252681016922
seg_000645,sample_00215,Sturgeon's Law - Nihilore,0,0.013966292142868042,cnn_revised_20260919T110440Z,cnn_s2_10,val,Log-Mel CNN,0.29935845732688904,0.3501252681016922
seg_000646,sample_00215,Sturgeon's Law - Nihilore,0,0.18407322466373444,cnn_revised_20260919T110440Z,cnn_s2_10,val,Log-Mel CNN,0.29935845732688904,0.3501252681016922
seg_000647,sample_00215,Sturgeon's Law - Nihilore,0,0.1738465279340744,cnn_revised_20260919T110440Z,cnn_s2_10,val,Log-Mel CNN,0.29935845732688904,0.3501252681016922
seg_000726,sample_00242,The Stairway - WarpToken,0,0.014180689118802547,cnn_revised_20260919T110440Z,cnn_s2_10,val,Log-Mel CNN,0.29935845732688904,0.3501252681016922
seg_000727,sample_00242,The Stairway - WarpToken,0,0.1791689693927765,cnn_revised_20260919T110440Z,cnn_s2_10,val,Log-Mel CNN,0.29935845732688904,0.3501252681016922
seg_000728,sample_00242,The Stairway - WarpToken,0,0.019488854333758354,cnn_revised_20260919T110440Z,cnn_s2_10,val,Log-Mel CNN,0.29935845732688904,0.3501252681016922
seg_000729,sample_00243,The girl just faded - Los Llamarada,0,0.014020443893969059,cnn_revised_20260919T110440Z,cnn_s2_10,val,Log-Mel CNN,0.29935845732688904,0.3501252681016922
seg_000730,sample_00243,The girl just faded - Los Llamarada,0,0.03198697790503502,cnn_revised_20260919T110440Z,cnn_s2_10,val,Log-Mel CNN,0.29935845732688904,0.3501252681016922
seg_000731,sample_00243,The girl just faded - Los Llamarada,0,0.0874849483370781,cnn_revised_20260919T110440Z,cnn_s2_10,val,Log-Mel CNN,0.29935845732688904,0.3501252681016922
seg_000735,sample_00245,Three Bird - My brother Daniel,0,0.003917894791811705,cnn_revised_20260919T110440Z,cnn_s2_10,val,Log-Mel CNN,0.29935845732688904,0.3501252681016922
seg_000736,sample_00245,Three Bird - My brother Daniel,0,0.004377685021609068,cnn_revised_20260919T110440Z,cnn_s2_10,val,Log-Mel CNN,0.29935845732688904,0.3501252681016922
seg_000737,sample_00245,Three Bird - My brother Daniel,0,0.03627697750926018,cnn_revised_20260919T110440Z,cnn_s2_10,val,Log-Mel CNN,0.29935845732688904,0.3501252681016922
seg_000738,sample_00246,Time Is Love - Silence is full of birds,0,0.006807311903685331,cnn_revised_20260919T110440Z,cnn_s2_10,val,Log-Mel CNN,0.29935845732688904,0.3501252681016922
seg_000739,sample_00246,Time Is Love - Silence is full of birds,0,0.037380777299404144,cnn_revised_20260919T110440Z,cnn_s2_10,val,Log-Mel CNN,0.29935845732688904,0.3501252681016922
seg_000740,sample_00246,Time Is Love - Silence is full of birds,0,0.026649801060557365,cnn_revised_20260919T110440Z,cnn_s2_10,val,Log-Mel CNN,0.29935845732688904,0.3501252681016922
seg_000744,sample_00248,Timen Passing By - Jason Shaw,0,0.36671358346939087,cnn_revised_20260919T110440Z,cnn_s2_10,val,Log-Mel CNN,0.29935845732688904,0.3501252681016922
seg_000745,sample_00248,Timen Passing By - Jason Shaw,0,0.2724209725856781,cnn_revised_20260919T110440Z,cnn_s2_10,val,Log-Mel CNN,0.29935845732688904,0.3501252681016922
seg_000746,sample_00248,Timen Passing By - Jason Shaw,0,0.35913196206092834,cnn_revised_20260919T110440Z,cnn_s2_10,val,Log-Mel CNN,0.29935845732688904,0.3501252681016922
seg_000765,sample_00255,Understand That This Is A Dream - From the album Modulating Coil [RSVP008] - Forrest James,0,0.009018097072839737,cnn_revised_20260919T110440Z,cnn_s2_10,val,Log-Mel CNN,0.29935845732688904,0.3501252681016922
seg_000766,sample_00255,Understand That This Is A Dream - From the album Modulating Coil [RSVP008] - Forrest James,0,0.006530707702040672,cnn_revised_20260919T110440Z,cnn_s2_10,val,Log-Mel CNN,0.29935845732688904,0.3501252681016922
seg_000767,sample_00255,Understand That This Is A Dream - From the album Modulating Coil [RSVP008] - Forrest James,0,0.028500713407993317,cnn_revised_20260919T110440Z,cnn_s2_10,val,Log-Mel CNN,0.29935845732688904,0.3501252681016922
seg_000783,sample_00261,Voxel - Andy G. Cohen,0,0.008274484425783157,cnn_revised_20260919T110440Z,cnn_s2_10,val,Log-Mel CNN,0.29935845732688904,0.3501252681016922
seg_000784,sample_00261,Voxel - Andy G. Cohen,0,0.007714713923633099,cnn_revised_20260919T110440Z,cnn_s2_10,val,Log-Mel CNN,0.29935845732688904,0.3501252681016922
seg_000785,sample_00261,Voxel - Andy G. Cohen,0,0.0453031063079834,cnn_revised_20260919T110440Z,cnn_s2_10,val,Log-Mel CNN,0.29935845732688904,0.3501252681016922
seg_000801,sample_00267,Westside Chillers - Little Glass Men,0,0.014823874458670616,cnn_revised_20260919T110440Z,cnn_s2_10,val,Log-Mel CNN,0.29935845732688904,0.3501252681016922
seg_000802,sample_00267,Westside Chillers - Little Glass Men,0,0.019112978130578995,cnn_revised_20260919T110440Z,cnn_s2_10,val,Log-Mel CNN,0.29935845732688904,0.3501252681016922
seg_000803,sample_00267,Westside Chillers - Little Glass Men,0,0.00984152127057314,cnn_revised_20260919T110440Z,cnn_s2_10,val,Log-Mel CNN,0.29935845732688904,0.3501252681016922
seg_000819,sample_00273,Windows of the Skull - Sarin,0,0.0075143855065107346,cnn_revised_20260919T110440Z,cnn_s2_10,val,Log-Mel CNN,0.29935845732688904,0.3501252681016922
seg_000820,sample_00273,Windows of the Skull - Sarin,0,0.016708744689822197,cnn_revised_20260919T110440Z,cnn_s2_10,val,Log-Mel CNN,0.29935845732688904,0.3501252681016922
seg_000821,sample_00273,Windows of the Skull - Sarin,0,0.015791747719049454,cnn_revised_20260919T110440Z,cnn_s2_10,val,Log-Mel CNN,0.29935845732688904,0.3501252681016922
seg_000858,sample_00286,mystery team 2090 - Jesse Futerman,0,0.06733205914497375,cnn_revised_20260919T110440Z,cnn_s2_10,val,Log-Mel CNN,0.29935845732688904,0.3501252681016922
seg_000859,sample_00286,mystery team 2090 - Jesse Futerman,0,0.06329598277807236,cnn_revised_20260919T110440Z,cnn_s2_10,val,Log-Mel CNN,0.29935845732688904,0.3501252681016922
seg_000860,sample_00286,mystery team 2090 - Jesse Futerman,0,0.06039028614759445,cnn_revised_20260919T110440Z,cnn_s2_10,val,Log-Mel CNN,0.29935845732688904,0.3501252681016922
seg_000870,sample_00290,some dextromethorphan - Jeva,0,0.012668044306337833,cnn_revised_20260919T110440Z,cnn_s2_10,val,Log-Mel CNN,0.29935845732688904,0.3501252681016922
seg_000871,sample_00290,some dextromethorphan - Jeva,0,0.008527256548404694,cnn_revised_20260919T110440Z,cnn_s2_10,val,Log-Mel CNN,0.29935845732688904,0.3501252681016922
seg_000872,sample_00290,some dextromethorphan - Jeva,0,0.005156153347343206,cnn_revised_20260919T110440Z,cnn_s2_10,val,Log-Mel CNN,0.29935845732688904,0.3501252681016922
seg_000876,sample_00292,В Наших Сердцах - Чокнутый Пропеллер,0,0.21788014471530914,cnn_revised_20260919T110440Z,cnn_s2_10,val,Log-Mel CNN,0.29935845732688904,0.3501252681016922
seg_000877,sample_00292,В Наших Сердцах - Чокнутый Пропеллер,0,0.20529551804065704,cnn_revised_20260919T110440Z,cnn_s2_10,val,Log-Mel CNN,0.29935845732688904,0.3501252681016922
seg_000878,sample_00292,В Наших Сердцах - Чокнутый Пропеллер,0,0.4792012572288513,cnn_revised_20260919T110440Z,cnn_s2_10,val,Log-Mel CNN,0.29935845732688904,0.3501252681016922
seg_000885,sample_00295,Новый Нью-Йорк 2 - Чокнутый Пропеллер,0,0.11819884181022644,cnn_revised_20260919T110440Z,cnn_s2_10,val,Log-Mel CNN,0.29935845732688904,0.3501252681016922
seg_000886,sample_00295,Новый Нью-Йорк 2 - Чокнутый Пропеллер,0,0.17900368571281433,cnn_revised_20260919T110440Z,cnn_s2_10,val,Log-Mel CNN,0.29935845732688904,0.3501252681016922
seg_000887,sample_00295,Новый Нью-Йорк 2 - Чокнутый Пропеллер,0,0.4549766182899475,cnn_revised_20260919T110440Z,cnn_s2_10,val,Log-Mel CNN,0.29935845732688904,0.3501252681016922
seg_000897,sample_00299,2 (Wasn't There) - Isle of Pine,1,0.9852477312088013,cnn_revised_20260919T110440Z,cnn_s2_10,val,Log-Mel CNN,0.29935845732688904,0.3501252681016922
seg_000898,sample_00299,2 (Wasn't There) - Isle of Pine,1,0.9648705720901489,cnn_revised_20260919T110440Z,cnn_s2_10,val,Log-Mel CNN,0.29935845732688904,0.3501252681016922
seg_000899,sample_00299,2 (Wasn't There) - Isle of Pine,1,0.9938846230506897,cnn_revised_20260919T110440Z,cnn_s2_10,val,Log-Mel CNN,0.29935845732688904,0.3501252681016922
seg_000918,sample_00306,Agora - Malaventura,1,0.9488932490348816,cnn_revised_20260919T110440Z,cnn_s2_10,val,Log-Mel CNN,0.29935845732688904,0.3501252681016922
seg_000919,sample_00306,Agora - Malaventura,1,0.9204740524291992,cnn_revised_20260919T110440Z,cnn_s2_10,val,Log-Mel CNN,0.29935845732688904,0.3501252681016922
seg_000920,sample_00306,Agora - Malaventura,1,0.9826229810714722,cnn_revised_20260919T110440Z,cnn_s2_10,val,Log-Mel CNN,0.29935845732688904,0.3501252681016922
seg_000969,sample_00323,Beyond Luxury - Mors Ontologica,1,0.8550071716308594,cnn_revised_20260919T110440Z,cnn_s2_10,val,Log-Mel CNN,0.29935845732688904,0.3501252681016922
seg_000970,sample_00323,Beyond Luxury - Mors Ontologica,1,0.8876796364784241,cnn_revised_20260919T110440Z,cnn_s2_10,val,Log-Mel CNN,0.29935845732688904,0.3501252681016922
seg_000971,sample_00323,Beyond Luxury - Mors Ontologica,1,0.9901504516601562,cnn_revised_20260919T110440Z,cnn_s2_10,val,Log-Mel CNN,0.29935845732688904,0.3501252681016922
seg_001014,sample_00338,CopperNickle - UncleBibby,1,0.17880548536777496,cnn_revised_20260919T110440Z,cnn_s2_10,val,Log-Mel CNN,0.29935845732688904,0.3501252681016922
seg_001015,sample_00338,CopperNickle - UncleBibby,1,0.28240376710891724,cnn_revised_20260919T110440Z,cnn_s2_10,val,Log-Mel CNN,0.29935845732688904,0.3501252681016922
seg_001016,sample_00338,CopperNickle - UncleBibby,1,0.19728155434131622,cnn_revised_20260919T110440Z,cnn_s2_10,val,Log-Mel CNN,0.29935845732688904,0.3501252681016922
seg_001029,sample_00343,Daylight Savings - My brother Daniel,1,0.5620908737182617,cnn_revised_20260919T110440Z,cnn_s2_10,val,Log-Mel CNN,0.29935845732688904,0.3501252681016922
seg_001030,sample_00343,Daylight Savings - My brother Daniel,1,0.5227436423301697,cnn_revised_20260919T110440Z,cnn_s2_10,val,Log-Mel CNN,0.29935845732688904,0.3501252681016922
seg_001031,sample_00343,Daylight Savings - My brother Daniel,1,0.9969024062156677,cnn_revised_20260919T110440Z,cnn_s2_10,val,Log-Mel CNN,0.29935845732688904,0.3501252681016922
seg_001065,sample_00355,Empty Pockets - Pete Prodoehl,1,0.9944473505020142,cnn_revised_20260919T110440Z,cnn_s2_10,val,Log-Mel CNN,0.29935845732688904,0.3501252681016922
seg_001066,sample_00355,Empty Pockets - Pete Prodoehl,1,0.9956900477409363,cnn_revised_20260919T110440Z,cnn_s2_10,val,Log-Mel CNN,0.29935845732688904,0.3501252681016922
seg_001067,sample_00355,Empty Pockets - Pete Prodoehl,1,0.9964126944541931,cnn_revised_20260919T110440Z,cnn_s2_10,val,Log-Mel CNN,0.29935845732688904,0.3501252681016922
seg_001083,sample_00361,Evil Cannot Create - Caleb Lemond,1,0.9849405884742737,cnn_revised_20260919T110440Z,cnn_s2_10,val,Log-Mel CNN,0.29935845732688904,0.3501252681016922
seg_001084,sample_00361,Evil Cannot Create - Caleb Lemond,1,0.9986371397972107,cnn_revised_20260919T110440Z,cnn_s2_10,val,Log-Mel CNN,0.29935845732688904,0.3501252681016922
seg_001085,sample_00361,Evil Cannot Create - Caleb Lemond,1,0.9977250695228577,cnn_revised_20260919T110440Z,cnn_s2_10,val,Log-Mel CNN,0.29935845732688904,0.3501252681016922
seg_001089,sample_00363,Fear - Los Fancy Free,1,0.16959230601787567,cnn_revised_20260919T110440Z,cnn_s2_10,val,Log-Mel CNN,0.29935845732688904,0.3501252681016922
seg_001090,sample_00363,Fear - Los Fancy Free,1,0.40119075775146484,cnn_revised_20260919T110440Z,cnn_s2_10,val,Log-Mel CNN,0.29935845732688904,0.3501252681016922
seg_001091,sample_00363,Fear - Los Fancy Free,1,0.9779865145683289,cnn_revised_20260919T110440Z,cnn_s2_10,val,Log-Mel CNN,0.29935845732688904,0.3501252681016922
seg_001092,sample_00364,Fifth Ramble - From the album Keith [RSVP007] - My brother Daniel,1,0.1714441329240799,cnn_revised_20260919T110440Z,cnn_s2_10,val,Log-Mel CNN,0.29935845732688904,0.3501252681016922
seg_001093,sample_00364,Fifth Ramble - From the album Keith [RSVP007] - My brother Daniel,1,0.7038784027099609,cnn_revised_20260919T110440Z,cnn_s2_10,val,Log-Mel CNN,0.29935845732688904,0.3501252681016922
seg_001094,sample_00364,Fifth Ramble - From the album Keith [RSVP007] - My brother Daniel,1,0.997602641582489,cnn_revised_20260919T110440Z,cnn_s2_10,val,Log-Mel CNN,0.29935845732688904,0.3501252681016922
seg_001128,sample_00376,Gila Monster Flop/Music History Lesson:The Sonics - The Crypts!,1,0.7908567190170288,cnn_revised_20260919T110440Z,cnn_s2_10,val,Log-Mel CNN,0.29935845732688904,0.3501252681016922
seg_001129,sample_00376,Gila Monster Flop/Music History Lesson:The Sonics - The Crypts!,1,0.8542318344116211,cnn_revised_20260919T110440Z,cnn_s2_10,val,Log-Mel CNN,0.29935845732688904,0.3501252681016922
seg_001130,sample_00376,Gila Monster Flop/Music History Lesson:The Sonics - The Crypts!,1,0.9591289758682251,cnn_revised_20260919T110440Z,cnn_s2_10,val,Log-Mel CNN,0.29935845732688904,0.3501252681016922
seg_001161,sample_00387,If You're Ther - Nicola Ratti,1,0.955740749835968,cnn_revised_20260919T110440Z,cnn_s2_10,val,Log-Mel CNN,0.29935845732688904,0.3501252681016922
seg_001162,sample_00387,If You're Ther - Nicola Ratti,1,0.9734492897987366,cnn_revised_20260919T110440Z,cnn_s2_10,val,Log-Mel CNN,0.29935845732688904,0.3501252681016922
seg_001163,sample_00387,If You're Ther - Nicola Ratti,1,0.9965037107467651,cnn_revised_20260919T110440Z,cnn_s2_10,val,Log-Mel CNN,0.29935845732688904,0.3501252681016922
seg_001191,sample_00397,I Fell - Mod Fun,1,0.9992425441741943,cnn_revised_20260919T110440Z,cnn_s2_10,val,Log-Mel CNN,0.29935845732688904,0.3501252681016922
seg_001192,sample_00397,I Fell - Mod Fun,1,0.9998798370361328,cnn_revised_20260919T110440Z,cnn_s2_10,val,Log-Mel CNN,0.29935845732688904,0.3501252681016922
seg_001193,sample_00397,I Fell - Mod Fun,1,0.9997672438621521,cnn_revised_20260919T110440Z,cnn_s2_10,val,Log-Mel CNN,0.29935845732688904,0.3501252681016922
seg_001239,sample_00413,Kumorizoranohajimarutokoro - Hosomi,1,0.9941259622573853,cnn_revised_20260919T110440Z,cnn_s2_10,val,Log-Mel CNN,0.29935845732688904,0.3501252681016922
seg_001240,sample_00413,Kumorizoranohajimarutokoro - Hosomi,1,0.7750352621078491,cnn_revised_20260919T110440Z,cnn_s2_10,val,Log-Mel CNN,0.29935845732688904,0.3501252681016922
seg_001241,sample_00413,Kumorizoranohajimarutokoro - Hosomi,1,0.959264874458313,cnn_revised_20260919T110440Z,cnn_s2_10,val,Log-Mel CNN,0.29935845732688904,0.3501252681016922
seg_001275,sample_00425,Lights Up - Pipe Choir,1,0.5352255702018738,cnn_revised_20260919T110440Z,cnn_s2_10,val,Log-Mel CNN,0.29935845732688904,0.3501252681016922
seg_001276,sample_00425,Lights Up - Pipe Choir,1,0.07956022024154663,cnn_revised_20260919T110440Z,cnn_s2_10,val,Log-Mel CNN,0.29935845732688904,0.3501252681016922
seg_001277,sample_00425,Lights Up - Pipe Choir,1,0.9353551268577576,cnn_revised_20260919T110440Z,cnn_s2_10,val,Log-Mel CNN,0.29935845732688904,0.3501252681016922
seg_001293,sample_00431,Loved Ones - Rowan Box,1,0.9971036314964294,cnn_revised_20260919T110440Z,cnn_s2_10,val,Log-Mel CNN,0.29935845732688904,0.3501252681016922
seg_001294,sample_00431,Loved Ones - Rowan Box,1,0.9991816878318787,cnn_revised_20260919T110440Z,cnn_s2_10,val,Log-Mel CNN,0.29935845732688904,0.3501252681016922
seg_001295,sample_00431,Loved Ones - Rowan Box,1,0.9994662404060364,cnn_revised_20260919T110440Z,cnn_s2_10,val,Log-Mel CNN,0.29935845732688904,0.3501252681016922
seg_001305,sample_00435,March of the GPA Mechanics - [t]ghost,1,0.9824147820472717,cnn_revised_20260919T110440Z,cnn_s2_10,val,Log-Mel CNN,0.29935845732688904,0.3501252681016922
seg_001306,sample_00435,March of the GPA Mechanics - [t]ghost,1,0.5568507313728333,cnn_revised_20260919T110440Z,cnn_s2_10,val,Log-Mel CNN,0.29935845732688904,0.3501252681016922
seg_001307,sample_00435,March of the GPA Mechanics - [t]ghost,1,0.9794961810112,cnn_revised_20260919T110440Z,cnn_s2_10,val,Log-Mel CNN,0.29935845732688904,0.3501252681016922
seg_001326,sample_00442,Morning Bell - Nihilore,1,0.7406836748123169,cnn_revised_20260919T110440Z,cnn_s2_10,val,Log-Mel CNN,0.29935845732688904,0.3501252681016922
seg_001327,sample_00442,Morning Bell - Nihilore,1,0.7905539870262146,cnn_revised_20260919T110440Z,cnn_s2_10,val,Log-Mel CNN,0.29935845732688904,0.3501252681016922
seg_001328,sample_00442,Morning Bell - Nihilore,1,0.9456751942634583,cnn_revised_20260919T110440Z,cnn_s2_10,val,Log-Mel CNN,0.29935845732688904,0.3501252681016922
seg_001341,sample_00447,mystery team 2090 - Jesse Futerman,1,0.49097612500190735,cnn_revised_20260919T110440Z,cnn_s2_10,val,Log-Mel CNN,0.29935845732688904,0.3501252681016922
seg_001342,sample_00447,mystery team 2090 - Jesse Futerman,1,0.8387178778648376,cnn_revised_20260919T110440Z,cnn_s2_10,val,Log-Mel CNN,0.29935845732688904,0.3501252681016922
seg_001343,sample_00447,mystery team 2090 - Jesse Futerman,1,0.971872866153717,cnn_revised_20260919T110440Z,cnn_s2_10,val,Log-Mel CNN,0.29935845732688904,0.3501252681016922
seg_001344,sample_00448,My Body Is A Weapon (Compromise Edit) - Silence is full of birds,1,0.9890462756156921,cnn_revised_20260919T110440Z,cnn_s2_10,val,Log-Mel CNN,0.29935845732688904,0.3501252681016922
seg_001345,sample_00448,My Body Is A Weapon (Compromise Edit) - Silence is full of birds,1,0.9433676600456238,cnn_revised_20260919T110440Z,cnn_s2_10,val,Log-Mel CNN,0.29935845732688904,0.3501252681016922
seg_001346,sample_00448,My Body Is A Weapon (Compromise Edit) - Silence is full of birds,1,0.9943494200706482,cnn_revised_20260919T110440Z,cnn_s2_10,val,Log-Mel CNN,0.29935845732688904,0.3501252681016922
seg_001356,sample_00452,New Life (take 1) - Bird Names,1,0.9939566850662231,cnn_revised_20260919T110440Z,cnn_s2_10,val,Log-Mel CNN,0.29935845732688904,0.3501252681016922
seg_001357,sample_00452,New Life (take 1) - Bird Names,1,0.9990772008895874,cnn_revised_20260919T110440Z,cnn_s2_10,val,Log-Mel CNN,0.29935845732688904,0.3501252681016922
seg_001358,sample_00452,New Life (take 1) - Bird Names,1,0.9795406460762024,cnn_revised_20260919T110440Z,cnn_s2_10,val,Log-Mel CNN,0.29935845732688904,0.3501252681016922
seg_001362,sample_00454,Night Drive - Decktonic,1,0.9999579191207886,cnn_revised_20260919T110440Z,cnn_s2_10,val,Log-Mel CNN,0.29935845732688904,0.3501252681016922
seg_001363,sample_00454,Night Drive - Decktonic,1,0.9999488592147827,cnn_revised_20260919T110440Z,cnn_s2_10,val,Log-Mel CNN,0.29935845732688904,0.3501252681016922
seg_001364,sample_00454,Night Drive - Decktonic,1,0.9999277591705322,cnn_revised_20260919T110440Z,cnn_s2_10,val,Log-Mel CNN,0.29935845732688904,0.3501252681016922
seg_001371,sample_00457,Norweigian Wood II - Bird Names,1,0.47275689244270325,cnn_revised_20260919T110440Z,cnn_s2_10,val,Log-Mel CNN,0.29935845732688904,0.3501252681016922
seg_001372,sample_00457,Norweigian Wood II - Bird Names,1,0.2846817076206207,cnn_revised_20260919T110440Z,cnn_s2_10,val,Log-Mel CNN,0.29935845732688904,0.3501252681016922
seg_001373,sample_00457,Norweigian Wood II - Bird Names,1,0.9789902567863464,cnn_revised_20260919T110440Z,cnn_s2_10,val,Log-Mel CNN,0.29935845732688904,0.3501252681016922
seg_001383,sample_00461,Nuo Maisemat - Paavoharju,1,0.9992511868476868,cnn_revised_20260919T110440Z,cnn_s2_10,val,Log-Mel CNN,0.29935845732688904,0.3501252681016922
seg_001384,sample_00461,Nuo Maisemat - Paavoharju,1,0.9720777273178101,cnn_revised_20260919T110440Z,cnn_s2_10,val,Log-Mel CNN,0.29935845732688904,0.3501252681016922
seg_001385,sample_00461,Nuo Maisemat - Paavoharju,1,0.8685712218284607,cnn_revised_20260919T110440Z,cnn_s2_10,val,Log-Mel CNN,0.29935845732688904,0.3501252681016922
seg_001446,sample_00482,Redlight - Room For A Ghost,1,0.5699337720870972,cnn_revised_20260919T110440Z,cnn_s2_10,val,Log-Mel CNN,0.29935845732688904,0.3501252681016922
seg_001447,sample_00482,Redlight - Room For A Ghost,1,0.24668841063976288,cnn_revised_20260919T110440Z,cnn_s2_10,val,Log-Mel CNN,0.29935845732688904,0.3501252681016922
seg_001448,sample_00482,Redlight - Room For A Ghost,1,0.4325423538684845,cnn_revised_20260919T110440Z,cnn_s2_10,val,Log-Mel CNN,0.29935845732688904,0.3501252681016922
seg_001464,sample_00488,Roller Star - Monroeville Music Center,1,0.8849393129348755,cnn_revised_20260919T110440Z,cnn_s2_10,val,Log-Mel CNN,0.29935845732688904,0.3501252681016922
seg_001465,sample_00488,Roller Star - Monroeville Music Center,1,0.9999305009841919,cnn_revised_20260919T110440Z,cnn_s2_10,val,Log-Mel CNN,0.29935845732688904,0.3501252681016922
seg_001466,sample_00488,Roller Star - Monroeville Music Center,1,0.9999532699584961,cnn_revised_20260919T110440Z,cnn_s2_10,val,Log-Mel CNN,0.29935845732688904,0.3501252681016922
seg_001470,sample_00490,"Roundtrip - Oh Yeah, the Future",1,0.9992455244064331,cnn_revised_20260919T110440Z,cnn_s2_10,val,Log-Mel CNN,0.29935845732688904,0.3501252681016922
seg_001471,sample_00490,"Roundtrip - Oh Yeah, the Future",1,0.9909011125564575,cnn_revised_20260919T110440Z,cnn_s2_10,val,Log-Mel CNN,0.29935845732688904,0.3501252681016922
seg_001472,sample_00490,"Roundtrip - Oh Yeah, the Future",1,0.9985343217849731,cnn_revised_20260919T110440Z,cnn_s2_10,val,Log-Mel CNN,0.29935845732688904,0.3501252681016922
seg_001482,sample_00494,Scramby Eggs - Andy G. Cohen,1,0.8474733233451843,cnn_revised_20260919T110440Z,cnn_s2_10,val,Log-Mel CNN,0.29935845732688904,0.3501252681016922
seg_001483,sample_00494,Scramby Eggs - Andy G. Cohen,1,0.9989166259765625,cnn_revised_20260919T110440Z,cnn_s2_10,val,Log-Mel CNN,0.29935845732688904,0.3501252681016922
seg_001484,sample_00494,Scramby Eggs - Andy G. Cohen,1,0.9995723366737366,cnn_revised_20260919T110440Z,cnn_s2_10,val,Log-Mel CNN,0.29935845732688904,0.3501252681016922
seg_001485,sample_00495,SD (Ill Mix) - H-LR,1,0.9670074582099915,cnn_revised_20260919T110440Z,cnn_s2_10,val,Log-Mel CNN,0.29935845732688904,0.3501252681016922
seg_001486,sample_00495,SD (Ill Mix) - H-LR,1,0.9949191212654114,cnn_revised_20260919T110440Z,cnn_s2_10,val,Log-Mel CNN,0.29935845732688904,0.3501252681016922
seg_001487,sample_00495,SD (Ill Mix) - H-LR,1,0.9990721940994263,cnn_revised_20260919T110440Z,cnn_s2_10,val,Log-Mel CNN,0.29935845732688904,0.3501252681016922
seg_001509,sample_00503,Shipwrecked Crew - Pete Prodoehl,1,0.6405475735664368,cnn_revised_20260919T110440Z,cnn_s2_10,val,Log-Mel CNN,0.29935845732688904,0.3501252681016922
seg_001510,sample_00503,Shipwrecked Crew - Pete Prodoehl,1,0.571965217590332,cnn_revised_20260919T110440Z,cnn_s2_10,val,Log-Mel CNN,0.29935845732688904,0.3501252681016922
seg_001511,sample_00503,Shipwrecked Crew - Pete Prodoehl,1,0.9374691247940063,cnn_revised_20260919T110440Z,cnn_s2_10,val,Log-Mel CNN,0.29935845732688904,0.3501252681016922
seg_001527,sample_00509,Soleares&beats - Malaventura,1,0.3501967489719391,cnn_revised_20260919T110440Z,cnn_s2_10,val,Log-Mel CNN,0.29935845732688904,0.3501252681016922
seg_001528,sample_00509,Soleares&beats - Malaventura,1,0.9921588897705078,cnn_revised_20260919T110440Z,cnn_s2_10,val,Log-Mel CNN,0.29935845732688904,0.3501252681016922
seg_001529,sample_00509,Soleares&beats - Malaventura,1,0.987223744392395,cnn_revised_20260919T110440Z,cnn_s2_10,val,Log-Mel CNN,0.29935845732688904,0.3501252681016922
seg_001533,sample_00511,some dextromethorphan - Jeva,1,0.9999314546585083,cnn_revised_20260919T110440Z,cnn_s2_10,val,Log-Mel CNN,0.29935845732688904,0.3501252681016922
seg_001534,sample_00511,some dextromethorphan - Jeva,1,0.9999927282333374,cnn_revised_20260919T110440Z,cnn_s2_10,val,Log-Mel CNN,0.29935845732688904,0.3501252681016922
seg_001535,sample_00511,some dextromethorphan - Jeva,1,0.9956234097480774,cnn_revised_20260919T110440Z,cnn_s2_10,val,Log-Mel CNN,0.29935845732688904,0.3501252681016922
seg_001548,sample_00516,Stockholm Syndrome / People Should Be More Aware - Bird Names,1,0.534239649772644,cnn_revised_20260919T110440Z,cnn_s2_10,val,Log-Mel CNN,0.29935845732688904,0.3501252681016922
seg_001549,sample_00516,Stockholm Syndrome / People Should Be More Aware - Bird Names,1,0.7653790712356567,cnn_revised_20260919T110440Z,cnn_s2_10,val,Log-Mel CNN,0.29935845732688904,0.3501252681016922
seg_001550,sample_00516,Stockholm Syndrome / People Should Be More Aware - Bird Names,1,0.9980018734931946,cnn_revised_20260919T110440Z,cnn_s2_10,val,Log-Mel CNN,0.29935845732688904,0.3501252681016922
seg_001560,sample_00520,Sturgeon's Law - Nihilore,1,0.9674569368362427,cnn_revised_20260919T110440Z,cnn_s2_10,val,Log-Mel CNN,0.29935845732688904,0.3501252681016922
seg_001561,sample_00520,Sturgeon's Law - Nihilore,1,0.997353196144104,cnn_revised_20260919T110440Z,cnn_s2_10,val,Log-Mel CNN,0.29935845732688904,0.3501252681016922
seg_001562,sample_00520,Sturgeon's Law - Nihilore,1,0.9986845850944519,cnn_revised_20260919T110440Z,cnn_s2_10,val,Log-Mel CNN,0.29935845732688904,0.3501252681016922
seg_001617,sample_00539,The girl just faded - Los Llamarada,1,0.9587014317512512,cnn_revised_20260919T110440Z,cnn_s2_10,val,Log-Mel CNN,0.29935845732688904,0.3501252681016922
seg_001618,sample_00539,The girl just faded - Los Llamarada,1,0.7531891465187073,cnn_revised_20260919T110440Z,cnn_s2_10,val,Log-Mel CNN,0.29935845732688904,0.3501252681016922
seg_001619,sample_00539,The girl just faded - Los Llamarada,1,0.9843273758888245,cnn_revised_20260919T110440Z,cnn_s2_10,val,Log-Mel CNN,0.29935845732688904,0.3501252681016922
seg_001644,sample_00548,The Stairway - WarpToken,1,0.9993622899055481,cnn_revised_20260919T110440Z,cnn_s2_10,val,Log-Mel CNN,0.29935845732688904,0.3501252681016922
seg_001645,sample_00548,The Stairway - WarpToken,1,0.9930857419967651,cnn_revised_20260919T110440Z,cnn_s2_10,val,Log-Mel CNN,0.29935845732688904,0.3501252681016922
seg_001646,sample_00548,The Stairway - WarpToken,1,0.998778760433197,cnn_revised_20260919T110440Z,cnn_s2_10,val,Log-Mel CNN,0.29935845732688904,0.3501252681016922
seg_001647,sample_00549,Three Bird - My brother Daniel,1,0.1577797383069992,cnn_revised_20260919T110440Z,cnn_s2_10,val,Log-Mel CNN,0.29935845732688904,0.3501252681016922
seg_001648,sample_00549,Three Bird - My brother Daniel,1,0.04994771629571915,cnn_revised_20260919T110440Z,cnn_s2_10,val,Log-Mel CNN,0.29935845732688904,0.3501252681016922
seg_001649,sample_00549,Three Bird - My brother Daniel,1,0.48255982995033264,cnn_revised_20260919T110440Z,cnn_s2_10,val,Log-Mel CNN,0.29935845732688904,0.3501252681016922
seg_001650,sample_00550,Timen Passing By - Jason Shaw,1,0.9937065243721008,cnn_revised_20260919T110440Z,cnn_s2_10,val,Log-Mel CNN,0.29935845732688904,0.3501252681016922
seg_001651,sample_00550,Timen Passing By - Jason Shaw,1,0.9483489394187927,cnn_revised_20260919T110440Z,cnn_s2_10,val,Log-Mel CNN,0.29935845732688904,0.3501252681016922
seg_001652,sample_00550,Timen Passing By - Jason Shaw,1,0.9999645948410034,cnn_revised_20260919T110440Z,cnn_s2_10,val,Log-Mel CNN,0.29935845732688904,0.3501252681016922
seg_001653,sample_00551,Time Is Love - Silence is full of birds,1,0.9436642527580261,cnn_revised_20260919T110440Z,cnn_s2_10,val,Log-Mel CNN,0.29935845732688904,0.3501252681016922
seg_001654,sample_00551,Time Is Love - Silence is full of birds,1,0.9941256046295166,cnn_revised_20260919T110440Z,cnn_s2_10,val,Log-Mel CNN,0.29935845732688904,0.3501252681016922
seg_001655,sample_00551,Time Is Love - Silence is full of birds,1,0.9923520684242249,cnn_revised_20260919T110440Z,cnn_s2_10,val,Log-Mel CNN,0.29935845732688904,0.3501252681016922
seg_001680,sample_00560,Understand That This Is A Dream - From the album Modulating Coil [RSVP008] - Forrest James,1,0.9503921866416931,cnn_revised_20260919T110440Z,cnn_s2_10,val,Log-Mel CNN,0.29935845732688904,0.3501252681016922
seg_001681,sample_00560,Understand That This Is A Dream - From the album Modulating Coil [RSVP008] - Forrest James,1,0.9934893846511841,cnn_revised_20260919T110440Z,cnn_s2_10,val,Log-Mel CNN,0.29935845732688904,0.3501252681016922
seg_001682,sample_00560,Understand That This Is A Dream - From the album Modulating Coil [RSVP008] - Forrest James,1,0.9939897060394287,cnn_revised_20260919T110440Z,cnn_s2_10,val,Log-Mel CNN,0.29935845732688904,0.3501252681016922
seg_001695,sample_00565,Voxel - Andy G. Cohen,1,0.1490040123462677,cnn_revised_20260919T110440Z,cnn_s2_10,val,Log-Mel CNN,0.29935845732688904,0.3501252681016922
seg_001696,sample_00565,Voxel - Andy G. Cohen,1,0.9943355917930603,cnn_revised_20260919T110440Z,cnn_s2_10,val,Log-Mel CNN,0.29935845732688904,0.3501252681016922
seg_001697,sample_00565,Voxel - Andy G. Cohen,1,0.26813557744026184,cnn_revised_20260919T110440Z,cnn_s2_10,val,Log-Mel CNN,0.29935845732688904,0.3501252681016922
seg_001701,sample_00567,Westside Chillers - Little Glass Men,1,0.9932349324226379,cnn_revised_20260919T110440Z,cnn_s2_10,val,Log-Mel CNN,0.29935845732688904,0.3501252681016922
seg_001702,sample_00567,Westside Chillers - Little Glass Men,1,0.3166308104991913,cnn_revised_20260919T110440Z,cnn_s2_10,val,Log-Mel CNN,0.29935845732688904,0.3501252681016922
seg_001703,sample_00567,Westside Chillers - Little Glass Men,1,0.49527809023857117,cnn_revised_20260919T110440Z,cnn_s2_10,val,Log-Mel CNN,0.29935845732688904,0.3501252681016922
seg_001758,sample_00586,В Наших Сердцах - Чокнутый Пропеллер,1,0.17784428596496582,cnn_revised_20260919T110440Z,cnn_s2_10,val,Log-Mel CNN,0.29935845732688904,0.3501252681016922
seg_001759,sample_00586,В Наших Сердцах - Чокнутый Пропеллер,1,0.7729471325874329,cnn_revised_20260919T110440Z,cnn_s2_10,val,Log-Mel CNN,0.29935845732688904,0.3501252681016922
seg_001760,sample_00586,В Наших Сердцах - Чокнутый Пропеллер,1,0.7748473286628723,cnn_revised_20260919T110440Z,cnn_s2_10,val,Log-Mel CNN,0.29935845732688904,0.3501252681016922
seg_001767,sample_00589,Новый Нью-Йорк 2 - Чокнутый Пропеллер,1,0.9806405305862427,cnn_revised_20260919T110440Z,cnn_s2_10,val,Log-Mel CNN,0.29935845732688904,0.3501252681016922
seg_001768,sample_00589,Новый Нью-Йорк 2 - Чокнутый Пропеллер,1,0.9528282880783081,cnn_revised_20260919T110440Z,cnn_s2_10,val,Log-Mel CNN,0.29935845732688904,0.3501252681016922
seg_001769,sample_00589,Новый Нью-Йорк 2 - Чокнутый Пропеллер,1,0.9991483688354492,cnn_revised_20260919T110440Z,cnn_s2_10,val,Log-Mel CNN,0.29935845732688904,0.3501252681016922
seg_001785,sample_00595,Daylight Savings - My brother Daniel,1,0.999588668346405,cnn_revised_20260919T110440Z,cnn_s2_10,val,Log-Mel CNN,0.29935845732688904,0.3501252681016922
seg_001786,sample_00595,Daylight Savings - My brother Daniel,1,0.9999904632568359,cnn_revised_20260919T110440Z,cnn_s2_10,val,Log-Mel CNN,0.29935845732688904,0.3501252681016922
seg_001787,sample_00595,Daylight Savings - My brother Daniel,1,0.9992014765739441,cnn_revised_20260919T110440Z,cnn_s2_10,val,Log-Mel CNN,0.29935845732688904,0.3501252681016922
seg_001788,sample_00596,Three Bird - My brother Daniel,1,0.9833911657333374,cnn_revised_20260919T110440Z,cnn_s2_10,val,Log-Mel CNN,0.29935845732688904,0.3501252681016922
seg_001789,sample_00596,Three Bird - My brother Daniel,1,0.9847763776779175,cnn_revised_20260919T110440Z,cnn_s2_10,val,Log-Mel CNN,0.29935845732688904,0.3501252681016922
seg_001790,sample_00596,Three Bird - My brother Daniel,1,0.998273491859436,cnn_revised_20260919T110440Z,cnn_s2_10,val,Log-Mel CNN,0.29935845732688904,0.3501252681016922
seg_001827,sample_00609,Timen Passing By - Jason Shaw,1,0.9956455826759338,cnn_revised_20260919T110440Z,cnn_s2_10,val,Log-Mel CNN,0.29935845732688904,0.3501252681016922
seg_001828,sample_00609,Timen Passing By - Jason Shaw,1,0.9998379945755005,cnn_revised_20260919T110440Z,cnn_s2_10,val,Log-Mel CNN,0.29935845732688904,0.3501252681016922
seg_001829,sample_00609,Timen Passing By - Jason Shaw,1,0.9998414516448975,cnn_revised_20260919T110440Z,cnn_s2_10,val,Log-Mel CNN,0.29935845732688904,0.3501252681016922
seg_001830,sample_00610,Night Drive - Decktonic,1,0.9983018636703491,cnn_revised_20260919T110440Z,cnn_s2_10,val,Log-Mel CNN,0.29935845732688904,0.3501252681016922
seg_001831,sample_00610,Night Drive - Decktonic,1,0.9983310103416443,cnn_revised_20260919T110440Z,cnn_s2_10,val,Log-Mel CNN,0.29935845732688904,0.3501252681016922
seg_001832,sample_00610,Night Drive - Decktonic,1,0.9948076605796814,cnn_revised_20260919T110440Z,cnn_s2_10,val,Log-Mel CNN,0.29935845732688904,0.3501252681016922
seg_001845,sample_00615,Sturgeon's Law - Nihilore,1,0.8202056288719177,cnn_revised_20260919T110440Z,cnn_s2_10,val,Log-Mel CNN,0.29935845732688904,0.3501252681016922
seg_001846,sample_00615,Sturgeon's Law - Nihilore,1,0.7696795463562012,cnn_revised_20260919T110440Z,cnn_s2_10,val,Log-Mel CNN,0.29935845732688904,0.3501252681016922
seg_001847,sample_00615,Sturgeon's Law - Nihilore,1,0.8990525603294373,cnn_revised_20260919T110440Z,cnn_s2_10,val,Log-Mel CNN,0.29935845732688904,0.3501252681016922
seg_001851,sample_00617,mystery team 2090 - Jesse Futerman,1,0.9971952438354492,cnn_revised_20260919T110440Z,cnn_s2_10,val,Log-Mel CNN,0.29935845732688904,0.3501252681016922
seg_001852,sample_00617,mystery team 2090 - Jesse Futerman,1,0.9922423362731934,cnn_revised_20260919T110440Z,cnn_s2_10,val,Log-Mel CNN,0.29935845732688904,0.3501252681016922
seg_001853,sample_00617,mystery team 2090 - Jesse Futerman,1,0.9966347813606262,cnn_revised_20260919T110440Z,cnn_s2_10,val,Log-Mel CNN,0.29935845732688904,0.3501252681016922
seg_001875,sample_00625,Loved Ones - Rowan Box,1,0.9601395726203918,cnn_revised_20260919T110440Z,cnn_s2_10,val,Log-Mel CNN,0.29935845732688904,0.3501252681016922
seg_001876,sample_00625,Loved Ones - Rowan Box,1,0.9692751169204712,cnn_revised_20260919T110440Z,cnn_s2_10,val,Log-Mel CNN,0.29935845732688904,0.3501252681016922
seg_001877,sample_00625,Loved Ones - Rowan Box,1,0.9643546938896179,cnn_revised_20260919T110440Z,cnn_s2_10,val,Log-Mel CNN,0.29935845732688904,0.3501252681016922
seg_001917,sample_00639,CopperNickle - UncleBibby,1,0.9994164705276489,cnn_revised_20260919T110440Z,cnn_s2_10,val,Log-Mel CNN,0.29935845732688904,0.3501252681016922
seg_001918,sample_00639,CopperNickle - UncleBibby,1,0.9992600083351135,cnn_revised_20260919T110440Z,cnn_s2_10,val,Log-Mel CNN,0.29935845732688904,0.3501252681016922
seg_001919,sample_00639,CopperNickle - UncleBibby,1,0.9999487400054932,cnn_revised_20260919T110440Z,cnn_s2_10,val,Log-Mel CNN,0.29935845732688904,0.3501252681016922
seg_001953,sample_00651,Nuo Maisemat - Paavoharju,1,0.985174834728241,cnn_revised_20260919T110440Z,cnn_s2_10,val,Log-Mel CNN,0.29935845732688904,0.3501252681016922
seg_001954,sample_00651,Nuo Maisemat - Paavoharju,1,0.9957851767539978,cnn_revised_20260919T110440Z,cnn_s2_10,val,Log-Mel CNN,0.29935845732688904,0.3501252681016922
seg_001955,sample_00651,Nuo Maisemat - Paavoharju,1,0.9935843348503113,cnn_revised_20260919T110440Z,cnn_s2_10,val,Log-Mel CNN,0.29935845732688904,0.3501252681016922
seg_001986,sample_00662,SD (Ill Mix) - H-LR,1,0.9992513060569763,cnn_revised_20260919T110440Z,cnn_s2_10,val,Log-Mel CNN,0.29935845732688904,0.3501252681016922
seg_001987,sample_00662,SD (Ill Mix) - H-LR,1,0.9993908405303955,cnn_revised_20260919T110440Z,cnn_s2_10,val,Log-Mel CNN,0.29935845732688904,0.3501252681016922
seg_001988,sample_00662,SD (Ill Mix) - H-LR,1,0.9991865754127502,cnn_revised_20260919T110440Z,cnn_s2_10,val,Log-Mel CNN,0.29935845732688904,0.3501252681016922
seg_001998,sample_00666,Kumorizoranohajimarutokoro - Hosomi,1,0.9826099276542664,cnn_revised_20260919T110440Z,cnn_s2_10,val,Log-Mel CNN,0.29935845732688904,0.3501252681016922
seg_001999,sample_00666,Kumorizoranohajimarutokoro - Hosomi,1,0.9982958436012268,cnn_revised_20260919T110440Z,cnn_s2_10,val,Log-Mel CNN,0.29935845732688904,0.3501252681016922
seg_002000,sample_00666,Kumorizoranohajimarutokoro - Hosomi,1,0.9965842962265015,cnn_revised_20260919T110440Z,cnn_s2_10,val,Log-Mel CNN,0.29935845732688904,0.3501252681016922
seg_002019,sample_00673,some dextromethorphan - Jeva,1,0.9944056272506714,cnn_revised_20260919T110440Z,cnn_s2_10,val,Log-Mel CNN,0.29935845732688904,0.3501252681016922
seg_002020,sample_00673,some dextromethorphan - Jeva,1,0.9951601624488831,cnn_revised_20260919T110440Z,cnn_s2_10,val,Log-Mel CNN,0.29935845732688904,0.3501252681016922
seg_002021,sample_00673,some dextromethorphan - Jeva,1,0.9775661826133728,cnn_revised_20260919T110440Z,cnn_s2_10,val,Log-Mel CNN,0.29935845732688904,0.3501252681016922
seg_002028,sample_00676,Fifth Ramble - From the album Keith [RSVP007] - My brother Daniel,1,0.9911701679229736,cnn_revised_20260919T110440Z,cnn_s2_10,val,Log-Mel CNN,0.29935845732688904,0.3501252681016922
seg_002029,sample_00676,Fifth Ramble - From the album Keith [RSVP007] - My brother Daniel,1,0.9967477321624756,cnn_revised_20260919T110440Z,cnn_s2_10,val,Log-Mel CNN,0.29935845732688904,0.3501252681016922
seg_002030,sample_00676,Fifth Ramble - From the album Keith [RSVP007] - My brother Daniel,1,0.9978047013282776,cnn_revised_20260919T110440Z,cnn_s2_10,val,Log-Mel CNN,0.29935845732688904,0.3501252681016922
seg_002043,sample_00681,Westside Chillers - Little Glass Men,1,0.9840285181999207,cnn_revised_20260919T110440Z,cnn_s2_10,val,Log-Mel CNN,0.29935845732688904,0.3501252681016922
seg_002044,sample_00681,Westside Chillers - Little Glass Men,1,0.9908304214477539,cnn_revised_20260919T110440Z,cnn_s2_10,val,Log-Mel CNN,0.29935845732688904,0.3501252681016922
seg_002045,sample_00681,Westside Chillers - Little Glass Men,1,0.9874916076660156,cnn_revised_20260919T110440Z,cnn_s2_10,val,Log-Mel CNN,0.29935845732688904,0.3501252681016922
seg_002076,sample_00692,If You're Ther - Nicola Ratti,1,0.9996843338012695,cnn_revised_20260919T110440Z,cnn_s2_10,val,Log-Mel CNN,0.29935845732688904,0.3501252681016922
seg_002077,sample_00692,If You're Ther - Nicola Ratti,1,0.9482300281524658,cnn_revised_20260919T110440Z,cnn_s2_10,val,Log-Mel CNN,0.29935845732688904,0.3501252681016922
seg_002078,sample_00692,If You're Ther - Nicola Ratti,1,0.9870332479476929,cnn_revised_20260919T110440Z,cnn_s2_10,val,Log-Mel CNN,0.29935845732688904,0.3501252681016922
seg_002079,sample_00693,Understand That This Is A Dream - From the album Modulating Coil [RSVP008] - Forrest James,1,0.9935433864593506,cnn_revised_20260919T110440Z,cnn_s2_10,val,Log-Mel CNN,0.29935845732688904,0.3501252681016922
seg_002080,sample_00693,Understand That This Is A Dream - From the album Modulating Coil [RSVP008] - Forrest James,1,0.9595807790756226,cnn_revised_20260919T110440Z,cnn_s2_10,val,Log-Mel CNN,0.29935845732688904,0.3501252681016922
seg_002081,sample_00693,Understand That This Is A Dream - From the album Modulating Coil [RSVP008] - Forrest James,1,0.9818087220191956,cnn_revised_20260919T110440Z,cnn_s2_10,val,Log-Mel CNN,0.29935845732688904,0.3501252681016922
seg_002100,sample_00700,The Stairway - WarpToken,1,0.9993060827255249,cnn_revised_20260919T110440Z,cnn_s2_10,val,Log-Mel CNN,0.29935845732688904,0.3501252681016922
seg_002101,sample_00700,The Stairway - WarpToken,1,0.9989311099052429,cnn_revised_20260919T110440Z,cnn_s2_10,val,Log-Mel CNN,0.29935845732688904,0.3501252681016922
seg_002102,sample_00700,The Stairway - WarpToken,1,0.9998897314071655,cnn_revised_20260919T110440Z,cnn_s2_10,val,Log-Mel CNN,0.29935845732688904,0.3501252681016922
seg_002112,sample_00704,Soleares&beats - Malaventura,1,0.9843829274177551,cnn_revised_20260919T110440Z,cnn_s2_10,val,Log-Mel CNN,0.29935845732688904,0.3501252681016922
seg_002113,sample_00704,Soleares&beats - Malaventura,1,0.9916675686836243,cnn_revised_20260919T110440Z,cnn_s2_10,val,Log-Mel CNN,0.29935845732688904,0.3501252681016922
seg_002114,sample_00704,Soleares&beats - Malaventura,1,0.9892714023590088,cnn_revised_20260919T110440Z,cnn_s2_10,val,Log-Mel CNN,0.29935845732688904,0.3501252681016922
seg_002184,sample_00728,Evil Cannot Create - Caleb Lemond,1,0.9988678693771362,cnn_revised_20260919T110440Z,cnn_s2_10,val,Log-Mel CNN,0.29935845732688904,0.3501252681016922
seg_002185,sample_00728,Evil Cannot Create - Caleb Lemond,1,0.770258367061615,cnn_revised_20260919T110440Z,cnn_s2_10,val,Log-Mel CNN,0.29935845732688904,0.3501252681016922
seg_002186,sample_00728,Evil Cannot Create - Caleb Lemond,1,0.9865978956222534,cnn_revised_20260919T110440Z,cnn_s2_10,val,Log-Mel CNN,0.29935845732688904,0.3501252681016922
seg_002196,sample_00732,Norweigian Wood II - Bird Names,1,0.9412136673927307,cnn_revised_20260919T110440Z,cnn_s2_10,val,Log-Mel CNN,0.29935845732688904,0.3501252681016922
seg_002197,sample_00732,Norweigian Wood II - Bird Names,1,0.9770370125770569,cnn_revised_20260919T110440Z,cnn_s2_10,val,Log-Mel CNN,0.29935845732688904,0.3501252681016922
seg_002198,sample_00732,Norweigian Wood II - Bird Names,1,0.9935792684555054,cnn_revised_20260919T110440Z,cnn_s2_10,val,Log-Mel CNN,0.29935845732688904,0.3501252681016922
seg_002214,sample_00738,Roller Star - Monroeville Music Center,1,0.9991210103034973,cnn_revised_20260919T110440Z,cnn_s2_10,val,Log-Mel CNN,0.29935845732688904,0.3501252681016922
seg_002215,sample_00738,Roller Star - Monroeville Music Center,1,0.9992458820343018,cnn_revised_20260919T110440Z,cnn_s2_10,val,Log-Mel CNN,0.29935845732688904,0.3501252681016922
seg_002216,sample_00738,Roller Star - Monroeville Music Center,1,0.9995112419128418,cnn_revised_20260919T110440Z,cnn_s2_10,val,Log-Mel CNN,0.29935845732688904,0.3501252681016922
seg_002229,sample_00743,Time Is Love - Silence is full of birds,1,0.9548770189285278,cnn_revised_20260919T110440Z,cnn_s2_10,val,Log-Mel CNN,0.29935845732688904,0.3501252681016922
seg_002230,sample_00743,Time Is Love - Silence is full of birds,1,0.9905585050582886,cnn_revised_20260919T110440Z,cnn_s2_10,val,Log-Mel CNN,0.29935845732688904,0.3501252681016922
seg_002231,sample_00743,Time Is Love - Silence is full of birds,1,0.9748026728630066,cnn_revised_20260919T110440Z,cnn_s2_10,val,Log-Mel CNN,0.29935845732688904,0.3501252681016922
seg_002232,sample_00744,Stockholm Syndrome / People Should Be More Aware - Bird Names,1,0.9489241242408752,cnn_revised_20260919T110440Z,cnn_s2_10,val,Log-Mel CNN,0.29935845732688904,0.3501252681016922
seg_002233,sample_00744,Stockholm Syndrome / People Should Be More Aware - Bird Names,1,0.9677886366844177,cnn_revised_20260919T110440Z,cnn_s2_10,val,Log-Mel CNN,0.29935845732688904,0.3501252681016922
seg_002234,sample_00744,Stockholm Syndrome / People Should Be More Aware - Bird Names,1,0.9763581156730652,cnn_revised_20260919T110440Z,cnn_s2_10,val,Log-Mel CNN,0.29935845732688904,0.3501252681016922
seg_002244,sample_00748,"Roundtrip - Oh Yeah, the Future",1,0.9969483017921448,cnn_revised_20260919T110440Z,cnn_s2_10,val,Log-Mel CNN,0.29935845732688904,0.3501252681016922
seg_002245,sample_00748,"Roundtrip - Oh Yeah, the Future",1,0.9998539686203003,cnn_revised_20260919T110440Z,cnn_s2_10,val,Log-Mel CNN,0.29935845732688904,0.3501252681016922
seg_002246,sample_00748,"Roundtrip - Oh Yeah, the Future",1,0.9997875094413757,cnn_revised_20260919T110440Z,cnn_s2_10,val,Log-Mel CNN,0.29935845732688904,0.3501252681016922
seg_002247,sample_00749,New Life (take 1) - Bird Names,1,0.918009877204895,cnn_revised_20260919T110440Z,cnn_s2_10,val,Log-Mel CNN,0.29935845732688904,0.3501252681016922
seg_002248,sample_00749,New Life (take 1) - Bird Names,1,0.9762528538703918,cnn_revised_20260919T110440Z,cnn_s2_10,val,Log-Mel CNN,0.29935845732688904,0.3501252681016922
seg_002249,sample_00749,New Life (take 1) - Bird Names,1,0.946024477481842,cnn_revised_20260919T110440Z,cnn_s2_10,val,Log-Mel CNN,0.29935845732688904,0.3501252681016922
seg_002253,sample_00751,My Body Is A Weapon (Compromise Edit) - Silence is full of birds,1,0.981563925743103,cnn_revised_20260919T110440Z,cnn_s2_10,val,Log-Mel CNN,0.29935845732688904,0.3501252681016922
seg_002254,sample_00751,My Body Is A Weapon (Compromise Edit) - Silence is full of birds,1,0.976952314376831,cnn_revised_20260919T110440Z,cnn_s2_10,val,Log-Mel CNN,0.29935845732688904,0.3501252681016922
seg_002255,sample_00751,My Body Is A Weapon (Compromise Edit) - Silence is full of birds,1,0.9969395399093628,cnn_revised_20260919T110440Z,cnn_s2_10,val,Log-Mel CNN,0.29935845732688904,0.3501252681016922
seg_002280,sample_00760,Agora - Malaventura,1,0.9928340911865234,cnn_revised_20260919T110440Z,cnn_s2_10,val,Log-Mel CNN,0.29935845732688904,0.3501252681016922
seg_002281,sample_00760,Agora - Malaventura,1,0.9961528182029724,cnn_revised_20260919T110440Z,cnn_s2_10,val,Log-Mel CNN,0.29935845732688904,0.3501252681016922
seg_002282,sample_00760,Agora - Malaventura,1,0.9983910322189331,cnn_revised_20260919T110440Z,cnn_s2_10,val,Log-Mel CNN,0.29935845732688904,0.3501252681016922
seg_002304,sample_00768,Empty Pockets - Pete Prodoehl,1,0.9112380743026733,cnn_revised_20260919T110440Z,cnn_s2_10,val,Log-Mel CNN,0.29935845732688904,0.3501252681016922
seg_002305,sample_00768,Empty Pockets - Pete Prodoehl,1,0.9584617614746094,cnn_revised_20260919T110440Z,cnn_s2_10,val,Log-Mel CNN,0.29935845732688904,0.3501252681016922
seg_002306,sample_00768,Empty Pockets - Pete Prodoehl,1,0.9966257810592651,cnn_revised_20260919T110440Z,cnn_s2_10,val,Log-Mel CNN,0.29935845732688904,0.3501252681016922
seg_002310,sample_00770,Windows of the Skull - Sarin,1,0.9207267761230469,cnn_revised_20260919T110440Z,cnn_s2_10,val,Log-Mel CNN,0.29935845732688904,0.3501252681016922
seg_002311,sample_00770,Windows of the Skull - Sarin,1,0.9090134501457214,cnn_revised_20260919T110440Z,cnn_s2_10,val,Log-Mel CNN,0.29935845732688904,0.3501252681016922
seg_002312,sample_00770,Windows of the Skull - Sarin,1,0.9481353759765625,cnn_revised_20260919T110440Z,cnn_s2_10,val,Log-Mel CNN,0.29935845732688904,0.3501252681016922
seg_002319,sample_00773,Gila Monster Flop/Music History Lesson:The Sonics - The Crypts!,1,0.9974430799484253,cnn_revised_20260919T110440Z,cnn_s2_10,val,Log-Mel CNN,0.29935845732688904,0.3501252681016922
seg_002320,sample_00773,Gila Monster Flop/Music History Lesson:The Sonics - The Crypts!,1,0.9983099699020386,cnn_revised_20260919T110440Z,cnn_s2_10,val,Log-Mel CNN,0.29935845732688904,0.3501252681016922
seg_002321,sample_00773,Gila Monster Flop/Music History Lesson:The Sonics - The Crypts!,1,0.9986240863800049,cnn_revised_20260919T110440Z,cnn_s2_10,val,Log-Mel CNN,0.29935845732688904,0.3501252681016922
seg_002343,sample_00781,Voxel - Andy G. Cohen,1,0.9867153763771057,cnn_revised_20260919T110440Z,cnn_s2_10,val,Log-Mel CNN,0.29935845732688904,0.3501252681016922
seg_002344,sample_00781,Voxel - Andy G. Cohen,1,0.933037519454956,cnn_revised_20260919T110440Z,cnn_s2_10,val,Log-Mel CNN,0.29935845732688904,0.3501252681016922
seg_002345,sample_00781,Voxel - Andy G. Cohen,1,0.9894959330558777,cnn_revised_20260919T110440Z,cnn_s2_10,val,Log-Mel CNN,0.29935845732688904,0.3501252681016922
seg_002364,sample_00788,Scramby Eggs - Andy G. Cohen,1,0.9841319918632507,cnn_revised_20260919T110440Z,cnn_s2_10,val,Log-Mel CNN,0.29935845732688904,0.3501252681016922
seg_002365,sample_00788,Scramby Eggs - Andy G. Cohen,1,0.989334762096405,cnn_revised_20260919T110440Z,cnn_s2_10,val,Log-Mel CNN,0.29935845732688904,0.3501252681016922
seg_002366,sample_00788,Scramby Eggs - Andy G. Cohen,1,0.9976119995117188,cnn_revised_20260919T110440Z,cnn_s2_10,val,Log-Mel CNN,0.29935845732688904,0.3501252681016922
seg_002406,sample_00802,I Fell - Mod Fun,1,0.9880872964859009,cnn_revised_20260919T110440Z,cnn_s2_10,val,Log-Mel CNN,0.29935845732688904,0.3501252681016922
seg_002407,sample_00802,I Fell - Mod Fun,1,0.9923614263534546,cnn_revised_20260919T110440Z,cnn_s2_10,val,Log-Mel CNN,0.29935845732688904,0.3501252681016922
seg_002408,sample_00802,I Fell - Mod Fun,1,0.999061644077301,cnn_revised_20260919T110440Z,cnn_s2_10,val,Log-Mel CNN,0.29935845732688904,0.3501252681016922
seg_002409,sample_00803,Новый Нью-Йорк 2 - Чокнутый Пропеллер,1,0.9952797889709473,cnn_revised_20260919T110440Z,cnn_s2_10,val,Log-Mel CNN,0.29935845732688904,0.3501252681016922
seg_002410,sample_00803,Новый Нью-Йорк 2 - Чокнутый Пропеллер,1,0.9847453236579895,cnn_revised_20260919T110440Z,cnn_s2_10,val,Log-Mel CNN,0.29935845732688904,0.3501252681016922
seg_002411,sample_00803,Новый Нью-Йорк 2 - Чокнутый Пропеллер,1,0.9933797121047974,cnn_revised_20260919T110440Z,cnn_s2_10,val,Log-Mel CNN,0.29935845732688904,0.3501252681016922
seg_002421,sample_00807,March of the GPA Mechanics - [t]ghost,1,0.9679048657417297,cnn_revised_20260919T110440Z,cnn_s2_10,val,Log-Mel CNN,0.29935845732688904,0.3501252681016922
seg_002422,sample_00807,March of the GPA Mechanics - [t]ghost,1,0.973159670829773,cnn_revised_20260919T110440Z,cnn_s2_10,val,Log-Mel CNN,0.29935845732688904,0.3501252681016922
seg_002423,sample_00807,March of the GPA Mechanics - [t]ghost,1,0.9589823484420776,cnn_revised_20260919T110440Z,cnn_s2_10,val,Log-Mel CNN,0.29935845732688904,0.3501252681016922
seg_002436,sample_00812,2 (Wasn't There) - Isle of Pine,1,0.9898163080215454,cnn_revised_20260919T110440Z,cnn_s2_10,val,Log-Mel CNN,0.29935845732688904,0.3501252681016922
seg_002437,sample_00812,2 (Wasn't There) - Isle of Pine,1,0.9961925745010376,cnn_revised_20260919T110440Z,cnn_s2_10,val,Log-Mel CNN,0.29935845732688904,0.3501252681016922
seg_002438,sample_00812,2 (Wasn't There) - Isle of Pine,1,0.9984065890312195,cnn_revised_20260919T110440Z,cnn_s2_10,val,Log-Mel CNN,0.29935845732688904,0.3501252681016922
seg_002439,sample_00813,The girl just faded - Los Llamarada,1,0.8921063542366028,cnn_revised_20260919T110440Z,cnn_s2_10,val,Log-Mel CNN,0.29935845732688904,0.3501252681016922
seg_002440,sample_00813,The girl just faded - Los Llamarada,1,0.9059376120567322,cnn_revised_20260919T110440Z,cnn_s2_10,val,Log-Mel CNN,0.29935845732688904,0.3501252681016922
seg_002441,sample_00813,The girl just faded - Los Llamarada,1,0.929969847202301,cnn_revised_20260919T110440Z,cnn_s2_10,val,Log-Mel CNN,0.29935845732688904,0.3501252681016922
seg_002457,sample_00819,В Наших Сердцах - Чокнутый Пропеллер,1,0.9855254292488098,cnn_revised_20260919T110440Z,cnn_s2_10,val,Log-Mel CNN,0.29935845732688904,0.3501252681016922
seg_002458,sample_00819,В Наших Сердцах - Чокнутый Пропеллер,1,0.987917959690094,cnn_revised_20260919T110440Z,cnn_s2_10,val,Log-Mel CNN,0.29935845732688904,0.3501252681016922
seg_002459,sample_00819,В Наших Сердцах - Чокнутый Пропеллер,1,0.9939265847206116,cnn_revised_20260919T110440Z,cnn_s2_10,val,Log-Mel CNN,0.29935845732688904,0.3501252681016922
seg_002460,sample_00820,Lights Up - Pipe Choir,1,0.9982796907424927,cnn_revised_20260919T110440Z,cnn_s2_10,val,Log-Mel CNN,0.29935845732688904,0.3501252681016922
seg_002461,sample_00820,Lights Up - Pipe Choir,1,0.9989957213401794,cnn_revised_20260919T110440Z,cnn_s2_10,val,Log-Mel CNN,0.29935845732688904,0.3501252681016922
seg_002462,sample_00820,Lights Up - Pipe Choir,1,0.9990422129631042,cnn_revised_20260919T110440Z,cnn_s2_10,val,Log-Mel CNN,0.29935845732688904,0.3501252681016922
seg_002466,sample_00822,Beyond Luxury - Mors Ontologica,1,0.9833365082740784,cnn_revised_20260919T110440Z,cnn_s2_10,val,Log-Mel CNN,0.29935845732688904,0.3501252681016922
seg_002467,sample_00822,Beyond Luxury - Mors Ontologica,1,0.9822313189506531,cnn_revised_20260919T110440Z,cnn_s2_10,val,Log-Mel CNN,0.29935845732688904,0.3501252681016922
seg_002468,sample_00822,Beyond Luxury - Mors Ontologica,1,0.9903755784034729,cnn_revised_20260919T110440Z,cnn_s2_10,val,Log-Mel CNN,0.29935845732688904,0.3501252681016922
seg_002529,sample_00843,Fear - Los Fancy Free,1,0.99628084897995,cnn_revised_20260919T110440Z,cnn_s2_10,val,Log-Mel CNN,0.29935845732688904,0.3501252681016922
seg_002530,sample_00843,Fear - Los Fancy Free,1,0.9953468441963196,cnn_revised_20260919T110440Z,cnn_s2_10,val,Log-Mel CNN,0.29935845732688904,0.3501252681016922
seg_002531,sample_00843,Fear - Los Fancy Free,1,0.9960002303123474,cnn_revised_20260919T110440Z,cnn_s2_10,val,Log-Mel CNN,0.29935845732688904,0.3501252681016922
seg_002622,sample_00874,Redlight - Room For A Ghost,1,0.9443395733833313,cnn_revised_20260919T110440Z,cnn_s2_10,val,Log-Mel CNN,0.29935845732688904,0.3501252681016922
seg_002623,sample_00874,Redlight - Room For A Ghost,1,0.8732767105102539,cnn_revised_20260919T110440Z,cnn_s2_10,val,Log-Mel CNN,0.29935845732688904,0.3501252681016922
seg_002624,sample_00874,Redlight - Room For A Ghost,1,0.9718726277351379,cnn_revised_20260919T110440Z,cnn_s2_10,val,Log-Mel CNN,0.29935845732688904,0.3501252681016922
seg_002625,sample_00875,Shipwrecked Crew - Pete Prodoehl,1,0.9793166518211365,cnn_revised_20260919T110440Z,cnn_s2_10,val,Log-Mel CNN,0.29935845732688904,0.3501252681016922
seg_002626,sample_00875,Shipwrecked Crew - Pete Prodoehl,1,0.9911767244338989,cnn_revised_20260919T110440Z,cnn_s2_10,val,Log-Mel CNN,0.29935845732688904,0.3501252681016922
seg_002627,sample_00875,Shipwrecked Crew - Pete Prodoehl,1,0.999067485332489,cnn_revised_20260919T110440Z,cnn_s2_10,val,Log-Mel CNN,0.29935845732688904,0.3501252681016922
seg_002640,sample_00880,Morning Bell - Nihilore,1,0.9977745413780212,cnn_revised_20260919T110440Z,cnn_s2_10,val,Log-Mel CNN,0.29935845732688904,0.3501252681016922
seg_002641,sample_00880,Morning Bell - Nihilore,1,0.9934931397438049,cnn_revised_20260919T110440Z,cnn_s2_10,val,Log-Mel CNN,0.29935845732688904,0.3501252681016922
seg_002642,sample_00880,Morning Bell - Nihilore,1,0.9998348951339722,cnn_revised_20260919T110440Z,cnn_s2_10,val,Log-Mel CNN,0.29935845732688904,0.3501252681016922
seg_002694,sample_00898,CopperNickle - UncleBibby,1,0.8969801664352417,cnn_revised_20260919T110440Z,cnn_s2_10,val,Log-Mel CNN,0.29935845732688904,0.3501252681016922
seg_002695,sample_00898,CopperNickle - UncleBibby,1,0.9950411915779114,cnn_revised_20260919T110440Z,cnn_s2_10,val,Log-Mel CNN,0.29935845732688904,0.3501252681016922
seg_002696,sample_00898,CopperNickle - UncleBibby,1,0.9574228525161743,cnn_revised_20260919T110440Z,cnn_s2_10,val,Log-Mel CNN,0.29935845732688904,0.3501252681016922
seg_002697,sample_00899,CopperNickle - UncleBibby,1,0.999860405921936,cnn_revised_20260919T110440Z,cnn_s2_10,val,Log-Mel CNN,0.29935845732688904,0.3501252681016922
seg_002698,sample_00899,CopperNickle - UncleBibby,1,0.9997976422309875,cnn_revised_20260919T110440Z,cnn_s2_10,val,Log-Mel CNN,0.29935845732688904,0.3501252681016922
seg_002699,sample_00899,CopperNickle - UncleBibby,1,0.9994538426399231,cnn_revised_20260919T110440Z,cnn_s2_10,val,Log-Mel CNN,0.29935845732688904,0.3501252681016922
seg_002766,sample_00922,mystery team 2090 - Jesse Futerman,1,0.13258227705955505,cnn_revised_20260919T110440Z,cnn_s2_10,val,Log-Mel CNN,0.29935845732688904,0.3501252681016922
seg_002767,sample_00922,mystery team 2090 - Jesse Futerman,1,0.1863858550786972,cnn_revised_20260919T110440Z,cnn_s2_10,val,Log-Mel CNN,0.29935845732688904,0.3501252681016922
seg_002768,sample_00922,mystery team 2090 - Jesse Futerman,1,0.9993330836296082,cnn_revised_20260919T110440Z,cnn_s2_10,val,Log-Mel CNN,0.29935845732688904,0.3501252681016922
seg_002769,sample_00923,mystery team 2090 - Jesse Futerman,1,0.11252674460411072,cnn_revised_20260919T110440Z,cnn_s2_10,val,Log-Mel CNN,0.29935845732688904,0.3501252681016922
seg_002770,sample_00923,mystery team 2090 - Jesse Futerman,1,0.6687467694282532,cnn_revised_20260919T110440Z,cnn_s2_10,val,Log-Mel CNN,0.29935845732688904,0.3501252681016922
seg_002771,sample_00923,mystery team 2090 - Jesse Futerman,1,0.9848232269287109,cnn_revised_20260919T110440Z,cnn_s2_10,val,Log-Mel CNN,0.29935845732688904,0.3501252681016922
seg_002772,sample_00924,Night Drive - Decktonic,1,0.9485799074172974,cnn_revised_20260919T110440Z,cnn_s2_10,val,Log-Mel CNN,0.29935845732688904,0.3501252681016922
seg_002773,sample_00924,Night Drive - Decktonic,1,0.9683257341384888,cnn_revised_20260919T110440Z,cnn_s2_10,val,Log-Mel CNN,0.29935845732688904,0.3501252681016922
seg_002774,sample_00924,Night Drive - Decktonic,1,0.9995586276054382,cnn_revised_20260919T110440Z,cnn_s2_10,val,Log-Mel CNN,0.29935845732688904,0.3501252681016922
seg_002775,sample_00925,Night Drive - Decktonic,1,0.987480103969574,cnn_revised_20260919T110440Z,cnn_s2_10,val,Log-Mel CNN,0.29935845732688904,0.3501252681016922
seg_002776,sample_00925,Night Drive - Decktonic,1,0.9716678857803345,cnn_revised_20260919T110440Z,cnn_s2_10,val,Log-Mel CNN,0.29935845732688904,0.3501252681016922
seg_002777,sample_00925,Night Drive - Decktonic,1,0.9997484087944031,cnn_revised_20260919T110440Z,cnn_s2_10,val,Log-Mel CNN,0.29935845732688904,0.3501252681016922
seg_002790,sample_00930,Nuo Maisemat - Paavoharju,1,0.986930251121521,cnn_revised_20260919T110440Z,cnn_s2_10,val,Log-Mel CNN,0.29935845732688904,0.3501252681016922
seg_002791,sample_00930,Nuo Maisemat - Paavoharju,1,0.9642397165298462,cnn_revised_20260919T110440Z,cnn_s2_10,val,Log-Mel CNN,0.29935845732688904,0.3501252681016922
seg_002792,sample_00930,Nuo Maisemat - Paavoharju,1,0.9976590871810913,cnn_revised_20260919T110440Z,cnn_s2_10,val,Log-Mel CNN,0.29935845732688904,0.3501252681016922
seg_002793,sample_00931,Nuo Maisemat - Paavoharju,1,0.9962642788887024,cnn_revised_20260919T110440Z,cnn_s2_10,val,Log-Mel CNN,0.29935845732688904,0.3501252681016922
seg_002794,sample_00931,Nuo Maisemat - Paavoharju,1,0.9955121874809265,cnn_revised_20260919T110440Z,cnn_s2_10,val,Log-Mel CNN,0.29935845732688904,0.3501252681016922
seg_002795,sample_00931,Nuo Maisemat - Paavoharju,1,0.9959932565689087,cnn_revised_20260919T110440Z,cnn_s2_10,val,Log-Mel CNN,0.29935845732688904,0.3501252681016922
seg_002874,sample_00958,SD (Ill Mix) - H-LR,1,0.690096378326416,cnn_revised_20260919T110440Z,cnn_s2_10,val,Log-Mel CNN,0.29935845732688904,0.3501252681016922
seg_002875,sample_00958,SD (Ill Mix) - H-LR,1,0.9939919114112854,cnn_revised_20260919T110440Z,cnn_s2_10,val,Log-Mel CNN,0.29935845732688904,0.3501252681016922
seg_002876,sample_00958,SD (Ill Mix) - H-LR,1,0.9996575117111206,cnn_revised_20260919T110440Z,cnn_s2_10,val,Log-Mel CNN,0.29935845732688904,0.3501252681016922
seg_002877,sample_00959,SD (Ill Mix) - H-LR,1,0.5883666276931763,cnn_revised_20260919T110440Z,cnn_s2_10,val,Log-Mel CNN,0.29935845732688904,0.3501252681016922
seg_002878,sample_00959,SD (Ill Mix) - H-LR,1,0.8202924132347107,cnn_revised_20260919T110440Z,cnn_s2_10,val,Log-Mel CNN,0.29935845732688904,0.3501252681016922
seg_002879,sample_00959,SD (Ill Mix) - H-LR,1,0.9919697642326355,cnn_revised_20260919T110440Z,cnn_s2_10,val,Log-Mel CNN,0.29935845732688904,0.3501252681016922
seg_002982,sample_00994,Evil Cannot Create - Caleb Lemond,1,0.985345184803009,cnn_revised_20260919T110440Z,cnn_s2_10,val,Log-Mel CNN,0.29935845732688904,0.3501252681016922
seg_002983,sample_00994,Evil Cannot Create - Caleb Lemond,1,0.9414854645729065,cnn_revised_20260919T110440Z,cnn_s2_10,val,Log-Mel CNN,0.29935845732688904,0.3501252681016922
seg_002984,sample_00994,Evil Cannot Create - Caleb Lemond,1,0.9990803003311157,cnn_revised_20260919T110440Z,cnn_s2_10,val,Log-Mel CNN,0.29935845732688904,0.3501252681016922
seg_002985,sample_00995,Evil Cannot Create - Caleb Lemond,1,0.9925165772438049,cnn_revised_20260919T110440Z,cnn_s2_10,val,Log-Mel CNN,0.29935845732688904,0.3501252681016922
seg_002986,sample_00995,Evil Cannot Create - Caleb Lemond,1,0.9489912390708923,cnn_revised_20260919T110440Z,cnn_s2_10,val,Log-Mel CNN,0.29935845732688904,0.3501252681016922
seg_002987,sample_00995,Evil Cannot Create - Caleb Lemond,1,0.9648545980453491,cnn_revised_20260919T110440Z,cnn_s2_10,val,Log-Mel CNN,0.29935845732688904,0.3501252681016922
seg_003090,sample_01030,New Life (take 1) - Bird Names,1,0.28427186608314514,cnn_revised_20260919T110440Z,cnn_s2_10,val,Log-Mel CNN,0.29935845732688904,0.3501252681016922
seg_003091,sample_01030,New Life (take 1) - Bird Names,1,0.3254918158054352,cnn_revised_20260919T110440Z,cnn_s2_10,val,Log-Mel CNN,0.29935845732688904,0.3501252681016922
seg_003092,sample_01030,New Life (take 1) - Bird Names,1,0.9528800249099731,cnn_revised_20260919T110440Z,cnn_s2_10,val,Log-Mel CNN,0.29935845732688904,0.3501252681016922
seg_003093,sample_01031,New Life (take 1) - Bird Names,1,0.6097801923751831,cnn_revised_20260919T110440Z,cnn_s2_10,val,Log-Mel CNN,0.29935845732688904,0.3501252681016922
seg_003094,sample_01031,New Life (take 1) - Bird Names,1,0.1813892424106598,cnn_revised_20260919T110440Z,cnn_s2_10,val,Log-Mel CNN,0.29935845732688904,0.3501252681016922
seg_003095,sample_01031,New Life (take 1) - Bird Names,1,0.973220944404602,cnn_revised_20260919T110440Z,cnn_s2_10,val,Log-Mel CNN,0.29935845732688904,0.3501252681016922
seg_003096,sample_01032,Norweigian Wood II - Bird Names,1,0.9745333790779114,cnn_revised_20260919T110440Z,cnn_s2_10,val,Log-Mel CNN,0.29935845732688904,0.3501252681016922
seg_003097,sample_01032,Norweigian Wood II - Bird Names,1,0.5007873773574829,cnn_revised_20260919T110440Z,cnn_s2_10,val,Log-Mel CNN,0.29935845732688904,0.3501252681016922
seg_003098,sample_01032,Norweigian Wood II - Bird Names,1,0.993685781955719,cnn_revised_20260919T110440Z,cnn_s2_10,val,Log-Mel CNN,0.29935845732688904,0.3501252681016922
seg_003099,sample_01033,Norweigian Wood II - Bird Names,1,0.7282494306564331,cnn_revised_20260919T110440Z,cnn_s2_10,val,Log-Mel CNN,0.29935845732688904,0.3501252681016922
seg_003100,sample_01033,Norweigian Wood II - Bird Names,1,0.9462233781814575,cnn_revised_20260919T110440Z,cnn_s2_10,val,Log-Mel CNN,0.29935845732688904,0.3501252681016922
seg_003101,sample_01033,Norweigian Wood II - Bird Names,1,0.9431420564651489,cnn_revised_20260919T110440Z,cnn_s2_10,val,Log-Mel CNN,0.29935845732688904,0.3501252681016922
seg_003120,sample_01040,Roller Star - Monroeville Music Center,1,0.9778357148170471,cnn_revised_20260919T110440Z,cnn_s2_10,val,Log-Mel CNN,0.29935845732688904,0.3501252681016922
seg_003121,sample_01040,Roller Star - Monroeville Music Center,1,0.9406397938728333,cnn_revised_20260919T110440Z,cnn_s2_10,val,Log-Mel CNN,0.29935845732688904,0.3501252681016922
seg_003122,sample_01040,Roller Star - Monroeville Music Center,1,0.9990643858909607,cnn_revised_20260919T110440Z,cnn_s2_10,val,Log-Mel CNN,0.29935845732688904,0.3501252681016922
seg_003123,sample_01041,Roller Star - Monroeville Music Center,1,0.9699459075927734,cnn_revised_20260919T110440Z,cnn_s2_10,val,Log-Mel CNN,0.29935845732688904,0.3501252681016922
seg_003124,sample_01041,Roller Star - Monroeville Music Center,1,0.8982099294662476,cnn_revised_20260919T110440Z,cnn_s2_10,val,Log-Mel CNN,0.29935845732688904,0.3501252681016922
seg_003125,sample_01041,Roller Star - Monroeville Music Center,1,0.9518755674362183,cnn_revised_20260919T110440Z,cnn_s2_10,val,Log-Mel CNN,0.29935845732688904,0.3501252681016922
seg_003126,sample_01042,"Roundtrip - Oh Yeah, the Future",1,0.9830514192581177,cnn_revised_20260919T110440Z,cnn_s2_10,val,Log-Mel CNN,0.29935845732688904,0.3501252681016922
seg_003127,sample_01042,"Roundtrip - Oh Yeah, the Future",1,0.6481261253356934,cnn_revised_20260919T110440Z,cnn_s2_10,val,Log-Mel CNN,0.29935845732688904,0.3501252681016922
seg_003128,sample_01042,"Roundtrip - Oh Yeah, the Future",1,0.9834772944450378,cnn_revised_20260919T110440Z,cnn_s2_10,val,Log-Mel CNN,0.29935845732688904,0.3501252681016922
seg_003129,sample_01043,"Roundtrip - Oh Yeah, the Future",1,0.9592684507369995,cnn_revised_20260919T110440Z,cnn_s2_10,val,Log-Mel CNN,0.29935845732688904,0.3501252681016922
seg_003130,sample_01043,"Roundtrip - Oh Yeah, the Future",1,0.9722046852111816,cnn_revised_20260919T110440Z,cnn_s2_10,val,Log-Mel CNN,0.29935845732688904,0.3501252681016922
seg_003131,sample_01043,"Roundtrip - Oh Yeah, the Future",1,0.9965029954910278,cnn_revised_20260919T110440Z,cnn_s2_10,val,Log-Mel CNN,0.29935845732688904,0.3501252681016922
seg_003144,sample_01048,Soleares&beats - Malaventura,1,0.6233215928077698,cnn_revised_20260919T110440Z,cnn_s2_10,val,Log-Mel CNN,0.29935845732688904,0.3501252681016922
seg_003145,sample_01048,Soleares&beats - Malaventura,1,0.5629487633705139,cnn_revised_20260919T110440Z,cnn_s2_10,val,Log-Mel CNN,0.29935845732688904,0.3501252681016922
seg_003146,sample_01048,Soleares&beats - Malaventura,1,0.9717211127281189,cnn_revised_20260919T110440Z,cnn_s2_10,val,Log-Mel CNN,0.29935845732688904,0.3501252681016922
seg_003147,sample_01049,Soleares&beats - Malaventura,1,0.03498180955648422,cnn_revised_20260919T110440Z,cnn_s2_10,val,Log-Mel CNN,0.29935845732688904,0.3501252681016922
seg_003148,sample_01049,Soleares&beats - Malaventura,1,0.983612596988678,cnn_revised_20260919T110440Z,cnn_s2_10,val,Log-Mel CNN,0.29935845732688904,0.3501252681016922
seg_003149,sample_01049,Soleares&beats - Malaventura,1,0.9810656905174255,cnn_revised_20260919T110440Z,cnn_s2_10,val,Log-Mel CNN,0.29935845732688904,0.3501252681016922
seg_003162,sample_01054,Stockholm Syndrome / People Should Be More Aware - Bird Names,1,0.11360722035169601,cnn_revised_20260919T110440Z,cnn_s2_10,val,Log-Mel CNN,0.29935845732688904,0.3501252681016922
seg_003163,sample_01054,Stockholm Syndrome / People Should Be More Aware - Bird Names,1,0.7991699576377869,cnn_revised_20260919T110440Z,cnn_s2_10,val,Log-Mel CNN,0.29935845732688904,0.3501252681016922
seg_003164,sample_01054,Stockholm Syndrome / People Should Be More Aware - Bird Names,1,0.9836668968200684,cnn_revised_20260919T110440Z,cnn_s2_10,val,Log-Mel CNN,0.29935845732688904,0.3501252681016922
seg_003165,sample_01055,Stockholm Syndrome / People Should Be More Aware - Bird Names,1,0.5658200979232788,cnn_revised_20260919T110440Z,cnn_s2_10,val,Log-Mel CNN,0.29935845732688904,0.3501252681016922
seg_003166,sample_01055,Stockholm Syndrome / People Should Be More Aware - Bird Names,1,0.5266567468643188,cnn_revised_20260919T110440Z,cnn_s2_10,val,Log-Mel CNN,0.29935845732688904,0.3501252681016922
seg_003167,sample_01055,Stockholm Syndrome / People Should Be More Aware - Bird Names,1,0.9596707820892334,cnn_revised_20260919T110440Z,cnn_s2_10,val,Log-Mel CNN,0.29935845732688904,0.3501252681016922
seg_003204,sample_01068,Time Is Love - Silence is full of birds,1,0.4480118453502655,cnn_revised_20260919T110440Z,cnn_s2_10,val,Log-Mel CNN,0.29935845732688904,0.3501252681016922
seg_003205,sample_01068,Time Is Love - Silence is full of birds,1,0.4438333809375763,cnn_revised_20260919T110440Z,cnn_s2_10,val,Log-Mel CNN,0.29935845732688904,0.3501252681016922
seg_003206,sample_01068,Time Is Love - Silence is full of birds,1,0.9789013266563416,cnn_revised_20260919T110440Z,cnn_s2_10,val,Log-Mel CNN,0.29935845732688904,0.3501252681016922
seg_003207,sample_01069,Time Is Love - Silence is full of birds,1,0.9830323457717896,cnn_revised_20260919T110440Z,cnn_s2_10,val,Log-Mel CNN,0.29935845732688904,0.3501252681016922
seg_003208,sample_01069,Time Is Love - Silence is full of birds,1,0.9852188229560852,cnn_revised_20260919T110440Z,cnn_s2_10,val,Log-Mel CNN,0.29935845732688904,0.3501252681016922
seg_003209,sample_01069,Time Is Love - Silence is full of birds,1,0.9979066848754883,cnn_revised_20260919T110440Z,cnn_s2_10,val,Log-Mel CNN,0.29935845732688904,0.3501252681016922
seg_003246,sample_01082,2 (Wasn't There) - Isle of Pine,1,0.9233977794647217,cnn_revised_20260919T110440Z,cnn_s2_10,val,Log-Mel CNN,0.29935845732688904,0.3501252681016922
seg_003247,sample_01082,2 (Wasn't There) - Isle of Pine,1,0.9661415219306946,cnn_revised_20260919T110440Z,cnn_s2_10,val,Log-Mel CNN,0.29935845732688904,0.3501252681016922
seg_003248,sample_01082,2 (Wasn't There) - Isle of Pine,1,0.9984074234962463,cnn_revised_20260919T110440Z,cnn_s2_10,val,Log-Mel CNN,0.29935845732688904,0.3501252681016922
seg_003249,sample_01083,2 (Wasn't There) - Isle of Pine,1,0.6528328061103821,cnn_revised_20260919T110440Z,cnn_s2_10,val,Log-Mel CNN,0.29935845732688904,0.3501252681016922
seg_003250,sample_01083,2 (Wasn't There) - Isle of Pine,1,0.9511963129043579,cnn_revised_20260919T110440Z,cnn_s2_10,val,Log-Mel CNN,0.29935845732688904,0.3501252681016922
seg_003251,sample_01083,2 (Wasn't There) - Isle of Pine,1,0.91312575340271,cnn_revised_20260919T110440Z,cnn_s2_10,val,Log-Mel CNN,0.29935845732688904,0.3501252681016922
seg_003276,sample_01092,Empty Pockets - Pete Prodoehl,1,0.9042807221412659,cnn_revised_20260919T110440Z,cnn_s2_10,val,Log-Mel CNN,0.29935845732688904,0.3501252681016922
seg_003277,sample_01092,Empty Pockets - Pete Prodoehl,1,0.9888043999671936,cnn_revised_20260919T110440Z,cnn_s2_10,val,Log-Mel CNN,0.29935845732688904,0.3501252681016922
seg_003278,sample_01092,Empty Pockets - Pete Prodoehl,1,0.9218742847442627,cnn_revised_20260919T110440Z,cnn_s2_10,val,Log-Mel CNN,0.29935845732688904,0.3501252681016922
seg_003279,sample_01093,Empty Pockets - Pete Prodoehl,1,0.9632506370544434,cnn_revised_20260919T110440Z,cnn_s2_10,val,Log-Mel CNN,0.29935845732688904,0.3501252681016922
seg_003280,sample_01093,Empty Pockets - Pete Prodoehl,1,0.8556957840919495,cnn_revised_20260919T110440Z,cnn_s2_10,val,Log-Mel CNN,0.29935845732688904,0.3501252681016922
seg_003281,sample_01093,Empty Pockets - Pete Prodoehl,1,0.876994252204895,cnn_revised_20260919T110440Z,cnn_s2_10,val,Log-Mel CNN,0.29935845732688904,0.3501252681016922
seg_003294,sample_01098,Gila Monster Flop/Music History Lesson:The Sonics - The Crypts!,1,0.39685362577438354,cnn_revised_20260919T110440Z,cnn_s2_10,val,Log-Mel CNN,0.29935845732688904,0.3501252681016922
seg_003295,sample_01098,Gila Monster Flop/Music History Lesson:The Sonics - The Crypts!,1,0.22218646109104156,cnn_revised_20260919T110440Z,cnn_s2_10,val,Log-Mel CNN,0.29935845732688904,0.3501252681016922
seg_003296,sample_01098,Gila Monster Flop/Music History Lesson:The Sonics - The Crypts!,1,0.8529733419418335,cnn_revised_20260919T110440Z,cnn_s2_10,val,Log-Mel CNN,0.29935845732688904,0.3501252681016922
seg_003297,sample_01099,Gila Monster Flop/Music History Lesson:The Sonics - The Crypts!,1,0.3791361153125763,cnn_revised_20260919T110440Z,cnn_s2_10,val,Log-Mel CNN,0.29935845732688904,0.3501252681016922
seg_003298,sample_01099,Gila Monster Flop/Music History Lesson:The Sonics - The Crypts!,1,0.9836941361427307,cnn_revised_20260919T110440Z,cnn_s2_10,val,Log-Mel CNN,0.29935845732688904,0.3501252681016922
seg_003299,sample_01099,Gila Monster Flop/Music History Lesson:The Sonics - The Crypts!,1,0.9897236824035645,cnn_revised_20260919T110440Z,cnn_s2_10,val,Log-Mel CNN,0.29935845732688904,0.3501252681016922
seg_003312,sample_01104,I Fell - Mod Fun,1,0.6913633942604065,cnn_revised_20260919T110440Z,cnn_s2_10,val,Log-Mel CNN,0.29935845732688904,0.3501252681016922
seg_003313,sample_01104,I Fell - Mod Fun,1,0.9242942333221436,cnn_revised_20260919T110440Z,cnn_s2_10,val,Log-Mel CNN,0.29935845732688904,0.3501252681016922
seg_003314,sample_01104,I Fell - Mod Fun,1,0.9767299294471741,cnn_revised_20260919T110440Z,cnn_s2_10,val,Log-Mel CNN,0.29935845732688904,0.3501252681016922
seg_003315,sample_01105,I Fell - Mod Fun,1,0.9008373022079468,cnn_revised_20260919T110440Z,cnn_s2_10,val,Log-Mel CNN,0.29935845732688904,0.3501252681016922
seg_003316,sample_01105,I Fell - Mod Fun,1,0.8761246800422668,cnn_revised_20260919T110440Z,cnn_s2_10,val,Log-Mel CNN,0.29935845732688904,0.3501252681016922
seg_003317,sample_01105,I Fell - Mod Fun,1,0.8368207216262817,cnn_revised_20260919T110440Z,cnn_s2_10,val,Log-Mel CNN,0.29935845732688904,0.3501252681016922
seg_003360,sample_01120,March of the GPA Mechanics - [t]ghost,1,0.0715155079960823,cnn_revised_20260919T110440Z,cnn_s2_10,val,Log-Mel CNN,0.29935845732688904,0.3501252681016922
seg_003361,sample_01120,March of the GPA Mechanics - [t]ghost,1,0.6222495436668396,cnn_revised_20260919T110440Z,cnn_s2_10,val,Log-Mel CNN,0.29935845732688904,0.3501252681016922
seg_003362,sample_01120,March of the GPA Mechanics - [t]ghost,1,0.9903205037117004,cnn_revised_20260919T110440Z,cnn_s2_10,val,Log-Mel CNN,0.29935845732688904,0.3501252681016922
seg_003363,sample_01121,March of the GPA Mechanics - [t]ghost,1,0.6753209829330444,cnn_revised_20260919T110440Z,cnn_s2_10,val,Log-Mel CNN,0.29935845732688904,0.3501252681016922
seg_003364,sample_01121,March of the GPA Mechanics - [t]ghost,1,0.9536234736442566,cnn_revised_20260919T110440Z,cnn_s2_10,val,Log-Mel CNN,0.29935845732688904,0.3501252681016922
seg_003365,sample_01121,March of the GPA Mechanics - [t]ghost,1,0.9950036406517029,cnn_revised_20260919T110440Z,cnn_s2_10,val,Log-Mel CNN,0.29935845732688904,0.3501252681016922
seg_003420,sample_01140,Scramby Eggs - Andy G. Cohen,1,0.7851259708404541,cnn_revised_20260919T110440Z,cnn_s2_10,val,Log-Mel CNN,0.29935845732688904,0.3501252681016922
seg_003421,sample_01140,Scramby Eggs - Andy G. Cohen,1,0.9533552527427673,cnn_revised_20260919T110440Z,cnn_s2_10,val,Log-Mel CNN,0.29935845732688904,0.3501252681016922
seg_003422,sample_01140,Scramby Eggs - Andy G. Cohen,1,0.9801540374755859,cnn_revised_20260919T110440Z,cnn_s2_10,val,Log-Mel CNN,0.29935845732688904,0.3501252681016922
seg_003423,sample_01141,Scramby Eggs - Andy G. Cohen,1,0.9339830279350281,cnn_revised_20260919T110440Z,cnn_s2_10,val,Log-Mel CNN,0.29935845732688904,0.3501252681016922
seg_003424,sample_01141,Scramby Eggs - Andy G. Cohen,1,0.7352268695831299,cnn_revised_20260919T110440Z,cnn_s2_10,val,Log-Mel CNN,0.29935845732688904,0.3501252681016922
seg_003425,sample_01141,Scramby Eggs - Andy G. Cohen,1,0.9670143723487854,cnn_revised_20260919T110440Z,cnn_s2_10,val,Log-Mel CNN,0.29935845732688904,0.3501252681016922
seg_003474,sample_01158,The girl just faded - Los Llamarada,1,0.9863731861114502,cnn_revised_20260919T110440Z,cnn_s2_10,val,Log-Mel CNN,0.29935845732688904,0.3501252681016922
seg_003475,sample_01158,The girl just faded - Los Llamarada,1,0.9548460245132446,cnn_revised_20260919T110440Z,cnn_s2_10,val,Log-Mel CNN,0.29935845732688904,0.3501252681016922
seg_003476,sample_01158,The girl just faded - Los Llamarada,1,0.9968544840812683,cnn_revised_20260919T110440Z,cnn_s2_10,val,Log-Mel CNN,0.29935845732688904,0.3501252681016922
seg_003477,sample_01159,The girl just faded - Los Llamarada,1,0.27066659927368164,cnn_revised_20260919T110440Z,cnn_s2_10,val,Log-Mel CNN,0.29935845732688904,0.3501252681016922
seg_003478,sample_01159,The girl just faded - Los Llamarada,1,0.9546521902084351,cnn_revised_20260919T110440Z,cnn_s2_10,val,Log-Mel CNN,0.29935845732688904,0.3501252681016922
seg_003479,sample_01159,The girl just faded - Los Llamarada,1,0.9781136512756348,cnn_revised_20260919T110440Z,cnn_s2_10,val,Log-Mel CNN,0.29935845732688904,0.3501252681016922
seg_003492,sample_01164,Voxel - Andy G. Cohen,1,0.9675158262252808,cnn_revised_20260919T110440Z,cnn_s2_10,val,Log-Mel CNN,0.29935845732688904,0.3501252681016922
seg_003493,sample_01164,Voxel - Andy G. Cohen,1,0.9070412516593933,cnn_revised_20260919T110440Z,cnn_s2_10,val,Log-Mel CNN,0.29935845732688904,0.3501252681016922
seg_003494,sample_01164,Voxel - Andy G. Cohen,1,0.36318644881248474,cnn_revised_20260919T110440Z,cnn_s2_10,val,Log-Mel CNN,0.29935845732688904,0.3501252681016922
seg_003495,sample_01165,Voxel - Andy G. Cohen,1,0.9814183115959167,cnn_revised_20260919T110440Z,cnn_s2_10,val,Log-Mel CNN,0.29935845732688904,0.3501252681016922
seg_003496,sample_01165,Voxel - Andy G. Cohen,1,0.9687746167182922,cnn_revised_20260919T110440Z,cnn_s2_10,val,Log-Mel CNN,0.29935845732688904,0.3501252681016922
seg_003497,sample_01165,Voxel - Andy G. Cohen,1,0.9981714487075806,cnn_revised_20260919T110440Z,cnn_s2_10,val,Log-Mel CNN,0.29935845732688904,0.3501252681016922
seg_003516,sample_01172,Windows of the Skull - Sarin,1,0.9782132506370544,cnn_revised_20260919T110440Z,cnn_s2_10,val,Log-Mel CNN,0.29935845732688904,0.3501252681016922
seg_003517,sample_01172,Windows of the Skull - Sarin,1,0.46769076585769653,cnn_revised_20260919T110440Z,cnn_s2_10,val,Log-Mel CNN,0.29935845732688904,0.3501252681016922
seg_003518,sample_01172,Windows of the Skull - Sarin,1,0.9958738684654236,cnn_revised_20260919T110440Z,cnn_s2_10,val,Log-Mel CNN,0.29935845732688904,0.3501252681016922
seg_003519,sample_01173,Windows of the Skull - Sarin,1,0.9889463782310486,cnn_revised_20260919T110440Z,cnn_s2_10,val,Log-Mel CNN,0.29935845732688904,0.3501252681016922
seg_003520,sample_01173,Windows of the Skull - Sarin,1,0.7164968848228455,cnn_revised_20260919T110440Z,cnn_s2_10,val,Log-Mel CNN,0.29935845732688904,0.3501252681016922
seg_003521,sample_01173,Windows of the Skull - Sarin,1,0.9920892715454102,cnn_revised_20260919T110440Z,cnn_s2_10,val,Log-Mel CNN,0.29935845732688904,0.3501252681016922
seg_003534,sample_01178,Новый Нью-Йорк 2 - Чокнутый Пропеллер,1,0.4753108024597168,cnn_revised_20260919T110440Z,cnn_s2_10,val,Log-Mel CNN,0.29935845732688904,0.3501252681016922
seg_003535,sample_01178,Новый Нью-Йорк 2 - Чокнутый Пропеллер,1,0.8472381830215454,cnn_revised_20260919T110440Z,cnn_s2_10,val,Log-Mel CNN,0.29935845732688904,0.3501252681016922
seg_003536,sample_01178,Новый Нью-Йорк 2 - Чокнутый Пропеллер,1,0.8250516057014465,cnn_revised_20260919T110440Z,cnn_s2_10,val,Log-Mel CNN,0.29935845732688904,0.3501252681016922
seg_003537,sample_01179,Новый Нью-Йорк 2 - Чокнутый Пропеллер,1,0.2944265902042389,cnn_revised_20260919T110440Z,cnn_s2_10,val,Log-Mel CNN,0.29935845732688904,0.3501252681016922
seg_003538,sample_01179,Новый Нью-Йорк 2 - Чокнутый Пропеллер,1,0.5827941298484802,cnn_revised_20260919T110440Z,cnn_s2_10,val,Log-Mel CNN,0.29935845732688904,0.3501252681016922
seg_003539,sample_01179,Новый Нью-Йорк 2 - Чокнутый Пропеллер,1,0.8322592973709106,cnn_revised_20260919T110440Z,cnn_s2_10,val,Log-Mel CNN,0.29935845732688904,0.3501252681016922
seg_003597,sample_01199,CopperNickle - UncleBibby,1,0.8196918964385986,cnn_revised_20260919T110440Z,cnn_s2_10,val,Log-Mel CNN,0.29935845732688904,0.3501252681016922
seg_003598,sample_01199,CopperNickle - UncleBibby,1,0.9660756587982178,cnn_revised_20260919T110440Z,cnn_s2_10,val,Log-Mel CNN,0.29935845732688904,0.3501252681016922
seg_003599,sample_01199,CopperNickle - UncleBibby,1,0.9986300468444824,cnn_revised_20260919T110440Z,cnn_s2_10,val,Log-Mel CNN,0.29935845732688904,0.3501252681016922
seg_003606,sample_01202,Daylight Savings - My brother Daniel,1,0.18195262551307678,cnn_revised_20260919T110440Z,cnn_s2_10,val,Log-Mel CNN,0.29935845732688904,0.3501252681016922
seg_003607,sample_01202,Daylight Savings - My brother Daniel,1,0.8816906809806824,cnn_revised_20260919T110440Z,cnn_s2_10,val,Log-Mel CNN,0.29935845732688904,0.3501252681016922
seg_003608,sample_01202,Daylight Savings - My brother Daniel,1,0.9270265102386475,cnn_revised_20260919T110440Z,cnn_s2_10,val,Log-Mel CNN,0.29935845732688904,0.3501252681016922
seg_003633,sample_01211,Fifth Ramble - From the album Keith [RSVP007] - My brother Daniel,1,0.8993668556213379,cnn_revised_20260919T110440Z,cnn_s2_10,val,Log-Mel CNN,0.29935845732688904,0.3501252681016922
seg_003634,sample_01211,Fifth Ramble - From the album Keith [RSVP007] - My brother Daniel,1,0.3773571252822876,cnn_revised_20260919T110440Z,cnn_s2_10,val,Log-Mel CNN,0.29935845732688904,0.3501252681016922
seg_003635,sample_01211,Fifth Ramble - From the album Keith [RSVP007] - My brother Daniel,1,0.6341820359230042,cnn_revised_20260919T110440Z,cnn_s2_10,val,Log-Mel CNN,0.29935845732688904,0.3501252681016922
seg_003657,sample_01219,If You're Ther - Nicola Ratti,1,0.6574849486351013,cnn_revised_20260919T110440Z,cnn_s2_10,val,Log-Mel CNN,0.29935845732688904,0.3501252681016922
seg_003658,sample_01219,If You're Ther - Nicola Ratti,1,0.7815636396408081,cnn_revised_20260919T110440Z,cnn_s2_10,val,Log-Mel CNN,0.29935845732688904,0.3501252681016922
seg_003659,sample_01219,If You're Ther - Nicola Ratti,1,0.9983887672424316,cnn_revised_20260919T110440Z,cnn_s2_10,val,Log-Mel CNN,0.29935845732688904,0.3501252681016922
seg_003681,sample_01227,Kumorizoranohajimarutokoro - Hosomi,1,0.9962259531021118,cnn_revised_20260919T110440Z,cnn_s2_10,val,Log-Mel CNN,0.29935845732688904,0.3501252681016922
seg_003682,sample_01227,Kumorizoranohajimarutokoro - Hosomi,1,0.9739384651184082,cnn_revised_20260919T110440Z,cnn_s2_10,val,Log-Mel CNN,0.29935845732688904,0.3501252681016922
seg_003683,sample_01227,Kumorizoranohajimarutokoro - Hosomi,1,0.9995156526565552,cnn_revised_20260919T110440Z,cnn_s2_10,val,Log-Mel CNN,0.29935845732688904,0.3501252681016922
seg_003708,sample_01236,Loved Ones - Rowan Box,1,0.9989983439445496,cnn_revised_20260919T110440Z,cnn_s2_10,val,Log-Mel CNN,0.29935845732688904,0.3501252681016922
seg_003709,sample_01236,Loved Ones - Rowan Box,1,0.9999964237213135,cnn_revised_20260919T110440Z,cnn_s2_10,val,Log-Mel CNN,0.29935845732688904,0.3501252681016922
seg_003710,sample_01236,Loved Ones - Rowan Box,1,0.8737224340438843,cnn_revised_20260919T110440Z,cnn_s2_10,val,Log-Mel CNN,0.29935845732688904,0.3501252681016922
seg_003711,sample_01237,Morning Bell - Nihilore,1,0.9624561667442322,cnn_revised_20260919T110440Z,cnn_s2_10,val,Log-Mel CNN,0.29935845732688904,0.3501252681016922
seg_003712,sample_01237,Morning Bell - Nihilore,1,0.9890880584716797,cnn_revised_20260919T110440Z,cnn_s2_10,val,Log-Mel CNN,0.29935845732688904,0.3501252681016922
seg_003713,sample_01237,Morning Bell - Nihilore,1,0.998794674873352,cnn_revised_20260919T110440Z,cnn_s2_10,val,Log-Mel CNN,0.29935845732688904,0.3501252681016922
seg_003714,sample_01238,mystery team 2090 - Jesse Futerman,1,0.20643697679042816,cnn_revised_20260919T110440Z,cnn_s2_10,val,Log-Mel CNN,0.29935845732688904,0.3501252681016922
seg_003715,sample_01238,mystery team 2090 - Jesse Futerman,1,0.00523839658126235,cnn_revised_20260919T110440Z,cnn_s2_10,val,Log-Mel CNN,0.29935845732688904,0.3501252681016922
seg_003716,sample_01238,mystery team 2090 - Jesse Futerman,1,0.6316002607345581,cnn_revised_20260919T110440Z,cnn_s2_10,val,Log-Mel CNN,0.29935845732688904,0.3501252681016922
seg_003717,sample_01239,Night Drive - Decktonic,1,0.992294192314148,cnn_revised_20260919T110440Z,cnn_s2_10,val,Log-Mel CNN,0.29935845732688904,0.3501252681016922
seg_003718,sample_01239,Night Drive - Decktonic,1,0.9997237324714661,cnn_revised_20260919T110440Z,cnn_s2_10,val,Log-Mel CNN,0.29935845732688904,0.3501252681016922
seg_003719,sample_01239,Night Drive - Decktonic,1,0.9994937181472778,cnn_revised_20260919T110440Z,cnn_s2_10,val,Log-Mel CNN,0.29935845732688904,0.3501252681016922
seg_003729,sample_01243,Nuo Maisemat - Paavoharju,1,0.9960489869117737,cnn_revised_20260919T110440Z,cnn_s2_10,val,Log-Mel CNN,0.29935845732688904,0.3501252681016922
seg_003730,sample_01243,Nuo Maisemat - Paavoharju,1,0.9998785257339478,cnn_revised_20260919T110440Z,cnn_s2_10,val,Log-Mel CNN,0.29935845732688904,0.3501252681016922
seg_003731,sample_01243,Nuo Maisemat - Paavoharju,1,0.9956945180892944,cnn_revised_20260919T110440Z,cnn_s2_10,val,Log-Mel CNN,0.29935845732688904,0.3501252681016922
seg_003780,sample_01260,SD (Ill Mix) - H-LR,1,0.9714289903640747,cnn_revised_20260919T110440Z,cnn_s2_10,val,Log-Mel CNN,0.29935845732688904,0.3501252681016922
seg_003781,sample_01260,SD (Ill Mix) - H-LR,1,0.9946133494377136,cnn_revised_20260919T110440Z,cnn_s2_10,val,Log-Mel CNN,0.29935845732688904,0.3501252681016922
seg_003782,sample_01260,SD (Ill Mix) - H-LR,1,0.9985843896865845,cnn_revised_20260919T110440Z,cnn_s2_10,val,Log-Mel CNN,0.29935845732688904,0.3501252681016922
seg_003795,sample_01265,some dextromethorphan - Jeva,1,0.9532235264778137,cnn_revised_20260919T110440Z,cnn_s2_10,val,Log-Mel CNN,0.29935845732688904,0.3501252681016922
seg_003796,sample_01265,some dextromethorphan - Jeva,1,0.993826687335968,cnn_revised_20260919T110440Z,cnn_s2_10,val,Log-Mel CNN,0.29935845732688904,0.3501252681016922
seg_003797,sample_01265,some dextromethorphan - Jeva,1,0.9979923963546753,cnn_revised_20260919T110440Z,cnn_s2_10,val,Log-Mel CNN,0.29935845732688904,0.3501252681016922
seg_003804,sample_01268,Sturgeon's Law - Nihilore,1,0.9967791438102722,cnn_revised_20260919T110440Z,cnn_s2_10,val,Log-Mel CNN,0.29935845732688904,0.3501252681016922
seg_003805,sample_01268,Sturgeon's Law - Nihilore,1,0.997461199760437,cnn_revised_20260919T110440Z,cnn_s2_10,val,Log-Mel CNN,0.29935845732688904,0.3501252681016922
seg_003806,sample_01268,Sturgeon's Law - Nihilore,1,0.9989713430404663,cnn_revised_20260919T110440Z,cnn_s2_10,val,Log-Mel CNN,0.29935845732688904,0.3501252681016922
seg_003840,sample_01280,The Stairway - WarpToken,1,0.9676817059516907,cnn_revised_20260919T110440Z,cnn_s2_10,val,Log-Mel CNN,0.29935845732688904,0.3501252681016922
seg_003841,sample_01280,The Stairway - WarpToken,1,0.998246431350708,cnn_revised_20260919T110440Z,cnn_s2_10,val,Log-Mel CNN,0.29935845732688904,0.3501252681016922
seg_003842,sample_01280,The Stairway - WarpToken,1,0.9983709454536438,cnn_revised_20260919T110440Z,cnn_s2_10,val,Log-Mel CNN,0.29935845732688904,0.3501252681016922
seg_003843,sample_01281,Three Bird - My brother Daniel,1,0.9953721165657043,cnn_revised_20260919T110440Z,cnn_s2_10,val,Log-Mel CNN,0.29935845732688904,0.3501252681016922
seg_003844,sample_01281,Three Bird - My brother Daniel,1,0.9990254640579224,cnn_revised_20260919T110440Z,cnn_s2_10,val,Log-Mel CNN,0.29935845732688904,0.3501252681016922
seg_003845,sample_01281,Three Bird - My brother Daniel,1,0.9983761310577393,cnn_revised_20260919T110440Z,cnn_s2_10,val,Log-Mel CNN,0.29935845732688904,0.3501252681016922
seg_003846,sample_01282,Timen Passing By - Jason Shaw,1,0.939239501953125,cnn_revised_20260919T110440Z,cnn_s2_10,val,Log-Mel CNN,0.29935845732688904,0.3501252681016922
seg_003847,sample_01282,Timen Passing By - Jason Shaw,1,0.9982333183288574,cnn_revised_20260919T110440Z,cnn_s2_10,val,Log-Mel CNN,0.29935845732688904,0.3501252681016922
seg_003848,sample_01282,Timen Passing By - Jason Shaw,1,0.9965901374816895,cnn_revised_20260919T110440Z,cnn_s2_10,val,Log-Mel CNN,0.29935845732688904,0.3501252681016922
seg_003864,sample_01288,Understand That This Is A Dream - From the album Modulating Coil [RSVP008] - Forrest James,1,0.8677156567573547,cnn_revised_20260919T110440Z,cnn_s2_10,val,Log-Mel CNN,0.29935845732688904,0.3501252681016922
seg_003865,sample_01288,Understand That This Is A Dream - From the album Modulating Coil [RSVP008] - Forrest James,1,0.9901339411735535,cnn_revised_20260919T110440Z,cnn_s2_10,val,Log-Mel CNN,0.29935845732688904,0.3501252681016922
seg_003866,sample_01288,Understand That This Is A Dream - From the album Modulating Coil [RSVP008] - Forrest James,1,0.9979830980300903,cnn_revised_20260919T110440Z,cnn_s2_10,val,Log-Mel CNN,0.29935845732688904,0.3501252681016922
seg_003873,sample_01291,Westside Chillers - Little Glass Men,1,0.967913031578064,cnn_revised_20260919T110440Z,cnn_s2_10,val,Log-Mel CNN,0.29935845732688904,0.3501252681016922
seg_003874,sample_01291,Westside Chillers - Little Glass Men,1,0.9657136797904968,cnn_revised_20260919T110440Z,cnn_s2_10,val,Log-Mel CNN,0.29935845732688904,0.3501252681016922
seg_003875,sample_01291,Westside Chillers - Little Glass Men,1,0.547913134098053,cnn_revised_20260919T110440Z,cnn_s2_10,val,Log-Mel CNN,0.29935845732688904,0.3501252681016922
seg_003885,sample_01295,Agora - Malaventura,1,0.9360542893409729,cnn_revised_20260919T110440Z,cnn_s2_10,val,Log-Mel CNN,0.29935845732688904,0.3501252681016922
seg_003886,sample_01295,Agora - Malaventura,1,0.8489004969596863,cnn_revised_20260919T110440Z,cnn_s2_10,val,Log-Mel CNN,0.29935845732688904,0.3501252681016922
seg_003887,sample_01295,Agora - Malaventura,1,0.9974004030227661,cnn_revised_20260919T110440Z,cnn_s2_10,val,Log-Mel CNN,0.29935845732688904,0.3501252681016922
seg_003912,sample_01304,Evil Cannot Create - Caleb Lemond,1,0.9377664923667908,cnn_revised_20260919T110440Z,cnn_s2_10,val,Log-Mel CNN,0.29935845732688904,0.3501252681016922
seg_003913,sample_01304,Evil Cannot Create - Caleb Lemond,1,0.9950277209281921,cnn_revised_20260919T110440Z,cnn_s2_10,val,Log-Mel CNN,0.29935845732688904,0.3501252681016922
seg_003914,sample_01304,Evil Cannot Create - Caleb Lemond,1,0.9976492524147034,cnn_revised_20260919T110440Z,cnn_s2_10,val,Log-Mel CNN,0.29935845732688904,0.3501252681016922
seg_003972,sample_01324,My Body Is A Weapon (Compromise Edit) - Silence is full of birds,1,0.9773320555686951,cnn_revised_20260919T110440Z,cnn_s2_10,val,Log-Mel CNN,0.29935845732688904,0.3501252681016922
seg_003973,sample_01324,My Body Is A Weapon (Compromise Edit) - Silence is full of birds,1,0.9994851350784302,cnn_revised_20260919T110440Z,cnn_s2_10,val,Log-Mel CNN,0.29935845732688904,0.3501252681016922
seg_003974,sample_01324,My Body Is A Weapon (Compromise Edit) - Silence is full of birds,1,0.9979793429374695,cnn_revised_20260919T110440Z,cnn_s2_10,val,Log-Mel CNN,0.29935845732688904,0.3501252681016922
seg_003975,sample_01325,My Body Is A Weapon (Compromise Edit) - Silence is full of birds,1,0.989401638507843,cnn_revised_20260919T110440Z,cnn_s2_10,val,Log-Mel CNN,0.29935845732688904,0.3501252681016922
seg_003976,sample_01325,My Body Is A Weapon (Compromise Edit) - Silence is full of birds,1,0.998842179775238,cnn_revised_20260919T110440Z,cnn_s2_10,val,Log-Mel CNN,0.29935845732688904,0.3501252681016922
seg_003977,sample_01325,My Body Is A Weapon (Compromise Edit) - Silence is full of birds,1,0.997397780418396,cnn_revised_20260919T110440Z,cnn_s2_10,val,Log-Mel CNN,0.29935845732688904,0.3501252681016922
seg_003987,sample_01329,New Life (take 1) - Bird Names,1,0.9988364577293396,cnn_revised_20260919T110440Z,cnn_s2_10,val,Log-Mel CNN,0.29935845732688904,0.3501252681016922
seg_003988,sample_01329,New Life (take 1) - Bird Names,1,0.9987618923187256,cnn_revised_20260919T110440Z,cnn_s2_10,val,Log-Mel CNN,0.29935845732688904,0.3501252681016922
seg_003989,sample_01329,New Life (take 1) - Bird Names,1,0.993226945400238,cnn_revised_20260919T110440Z,cnn_s2_10,val,Log-Mel CNN,0.29935845732688904,0.3501252681016922
seg_003990,sample_01330,New Life (take 1) - Bird Names,1,0.8129373788833618,cnn_revised_20260919T110440Z,cnn_s2_10,val,Log-Mel CNN,0.29935845732688904,0.3501252681016922
seg_003991,sample_01330,New Life (take 1) - Bird Names,1,0.956985354423523,cnn_revised_20260919T110440Z,cnn_s2_10,val,Log-Mel CNN,0.29935845732688904,0.3501252681016922
seg_003992,sample_01330,New Life (take 1) - Bird Names,1,0.9994264841079712,cnn_revised_20260919T110440Z,cnn_s2_10,val,Log-Mel CNN,0.29935845732688904,0.3501252681016922
seg_003993,sample_01331,Norweigian Wood II - Bird Names,1,0.26972803473472595,cnn_revised_20260919T110440Z,cnn_s2_10,val,Log-Mel CNN,0.29935845732688904,0.3501252681016922
seg_003994,sample_01331,Norweigian Wood II - Bird Names,1,0.019038137048482895,cnn_revised_20260919T110440Z,cnn_s2_10,val,Log-Mel CNN,0.29935845732688904,0.3501252681016922
seg_003995,sample_01331,Norweigian Wood II - Bird Names,1,0.586104691028595,cnn_revised_20260919T110440Z,cnn_s2_10,val,Log-Mel CNN,0.29935845732688904,0.3501252681016922
seg_004020,sample_01340,Roller Star - Monroeville Music Center,1,0.9973279237747192,cnn_revised_20260919T110440Z,cnn_s2_10,val,Log-Mel CNN,0.29935845732688904,0.3501252681016922
seg_004021,sample_01340,Roller Star - Monroeville Music Center,1,0.9994168281555176,cnn_revised_20260919T110440Z,cnn_s2_10,val,Log-Mel CNN,0.29935845732688904,0.3501252681016922
seg_004022,sample_01340,Roller Star - Monroeville Music Center,1,0.9998592138290405,cnn_revised_20260919T110440Z,cnn_s2_10,val,Log-Mel CNN,0.29935845732688904,0.3501252681016922
seg_004023,sample_01341,"Roundtrip - Oh Yeah, the Future",1,0.9427696466445923,cnn_revised_20260919T110440Z,cnn_s2_10,val,Log-Mel CNN,0.29935845732688904,0.3501252681016922
seg_004024,sample_01341,"Roundtrip - Oh Yeah, the Future",1,0.9456037878990173,cnn_revised_20260919T110440Z,cnn_s2_10,val,Log-Mel CNN,0.29935845732688904,0.3501252681016922
seg_004025,sample_01341,"Roundtrip - Oh Yeah, the Future",1,0.9982617497444153,cnn_revised_20260919T110440Z,cnn_s2_10,val,Log-Mel CNN,0.29935845732688904,0.3501252681016922
seg_004041,sample_01347,Soleares&beats - Malaventura,1,0.9746515154838562,cnn_revised_20260919T110440Z,cnn_s2_10,val,Log-Mel CNN,0.29935845732688904,0.3501252681016922
seg_004042,sample_01347,Soleares&beats - Malaventura,1,0.9970604777336121,cnn_revised_20260919T110440Z,cnn_s2_10,val,Log-Mel CNN,0.29935845732688904,0.3501252681016922
seg_004043,sample_01347,Soleares&beats - Malaventura,1,0.9987592697143555,cnn_revised_20260919T110440Z,cnn_s2_10,val,Log-Mel CNN,0.29935845732688904,0.3501252681016922
seg_004053,sample_01351,Stockholm Syndrome / People Should Be More Aware - Bird Names,1,0.9211128354072571,cnn_revised_20260919T110440Z,cnn_s2_10,val,Log-Mel CNN,0.29935845732688904,0.3501252681016922
seg_004054,sample_01351,Stockholm Syndrome / People Should Be More Aware - Bird Names,1,0.7858961820602417,cnn_revised_20260919T110440Z,cnn_s2_10,val,Log-Mel CNN,0.29935845732688904,0.3501252681016922
seg_004055,sample_01351,Stockholm Syndrome / People Should Be More Aware - Bird Names,1,0.9997593760490417,cnn_revised_20260919T110440Z,cnn_s2_10,val,Log-Mel CNN,0.29935845732688904,0.3501252681016922
seg_004056,sample_01352,Stockholm Syndrome / People Should Be More Aware - Bird Names,1,0.9512017965316772,cnn_revised_20260919T110440Z,cnn_s2_10,val,Log-Mel CNN,0.29935845732688904,0.3501252681016922
seg_004057,sample_01352,Stockholm Syndrome / People Should Be More Aware - Bird Names,1,0.9911120533943176,cnn_revised_20260919T110440Z,cnn_s2_10,val,Log-Mel CNN,0.29935845732688904,0.3501252681016922
seg_004058,sample_01352,Stockholm Syndrome / People Should Be More Aware - Bird Names,1,0.6975103616714478,cnn_revised_20260919T110440Z,cnn_s2_10,val,Log-Mel CNN,0.29935845732688904,0.3501252681016922
seg_004086,sample_01362,Time Is Love - Silence is full of birds,1,0.9638847708702087,cnn_revised_20260919T110440Z,cnn_s2_10,val,Log-Mel CNN,0.29935845732688904,0.3501252681016922
seg_004087,sample_01362,Time Is Love - Silence is full of birds,1,0.98240065574646,cnn_revised_20260919T110440Z,cnn_s2_10,val,Log-Mel CNN,0.29935845732688904,0.3501252681016922
seg_004088,sample_01362,Time Is Love - Silence is full of birds,1,0.9980720281600952,cnn_revised_20260919T110440Z,cnn_s2_10,val,Log-Mel CNN,0.29935845732688904,0.3501252681016922
seg_004116,sample_01372,2 (Wasn't There) - Isle of Pine,1,0.9762707948684692,cnn_revised_20260919T110440Z,cnn_s2_10,val,Log-Mel CNN,0.29935845732688904,0.3501252681016922
seg_004117,sample_01372,2 (Wasn't There) - Isle of Pine,1,0.5827020406723022,cnn_revised_20260919T110440Z,cnn_s2_10,val,Log-Mel CNN,0.29935845732688904,0.3501252681016922
seg_004118,sample_01372,2 (Wasn't There) - Isle of Pine,1,0.9955847859382629,cnn_revised_20260919T110440Z,cnn_s2_10,val,Log-Mel CNN,0.29935845732688904,0.3501252681016922
seg_004146,sample_01382,Beyond Luxury - Mors Ontologica,1,0.9978359341621399,cnn_revised_20260919T110440Z,cnn_s2_10,val,Log-Mel CNN,0.29935845732688904,0.3501252681016922
seg_004147,sample_01382,Beyond Luxury - Mors Ontologica,1,0.998023271560669,cnn_revised_20260919T110440Z,cnn_s2_10,val,Log-Mel CNN,0.29935845732688904,0.3501252681016922
seg_004148,sample_01382,Beyond Luxury - Mors Ontologica,1,0.9987388253211975,cnn_revised_20260919T110440Z,cnn_s2_10,val,Log-Mel CNN,0.29935845732688904,0.3501252681016922
seg_004182,sample_01394,Empty Pockets - Pete Prodoehl,1,0.055364206433296204,cnn_revised_20260919T110440Z,cnn_s2_10,val,Log-Mel CNN,0.29935845732688904,0.3501252681016922
seg_004183,sample_01394,Empty Pockets - Pete Prodoehl,1,0.28074878454208374,cnn_revised_20260919T110440Z,cnn_s2_10,val,Log-Mel CNN,0.29935845732688904,0.3501252681016922
seg_004184,sample_01394,Empty Pockets - Pete Prodoehl,1,0.9976741671562195,cnn_revised_20260919T110440Z,cnn_s2_10,val,Log-Mel CNN,0.29935845732688904,0.3501252681016922
seg_004191,sample_01397,Fear - Los Fancy Free,1,0.8730047941207886,cnn_revised_20260919T110440Z,cnn_s2_10,val,Log-Mel CNN,0.29935845732688904,0.3501252681016922
seg_004192,sample_01397,Fear - Los Fancy Free,1,0.8260934948921204,cnn_revised_20260919T110440Z,cnn_s2_10,val,Log-Mel CNN,0.29935845732688904,0.3501252681016922
seg_004193,sample_01397,Fear - Los Fancy Free,1,0.9816063046455383,cnn_revised_20260919T110440Z,cnn_s2_10,val,Log-Mel CNN,0.29935845732688904,0.3501252681016922
seg_004206,sample_01402,Gila Monster Flop/Music History Lesson:The Sonics - The Crypts!,1,0.9263185262680054,cnn_revised_20260919T110440Z,cnn_s2_10,val,Log-Mel CNN,0.29935845732688904,0.3501252681016922
seg_004207,sample_01402,Gila Monster Flop/Music History Lesson:The Sonics - The Crypts!,1,0.9891447424888611,cnn_revised_20260919T110440Z,cnn_s2_10,val,Log-Mel CNN,0.29935845732688904,0.3501252681016922
seg_004208,sample_01402,Gila Monster Flop/Music History Lesson:The Sonics - The Crypts!,1,0.9993973970413208,cnn_revised_20260919T110440Z,cnn_s2_10,val,Log-Mel CNN,0.29935845732688904,0.3501252681016922
seg_004245,sample_01415,I Fell - Mod Fun,1,0.9202947616577148,cnn_revised_20260919T110440Z,cnn_s2_10,val,Log-Mel CNN,0.29935845732688904,0.3501252681016922
seg_004246,sample_01415,I Fell - Mod Fun,1,0.9469483494758606,cnn_revised_20260919T110440Z,cnn_s2_10,val,Log-Mel CNN,0.29935845732688904,0.3501252681016922
seg_004247,sample_01415,I Fell - Mod Fun,1,0.9971388578414917,cnn_revised_20260919T110440Z,cnn_s2_10,val,Log-Mel CNN,0.29935845732688904,0.3501252681016922
seg_004275,sample_01425,Lights Up - Pipe Choir,1,0.9839102029800415,cnn_revised_20260919T110440Z,cnn_s2_10,val,Log-Mel CNN,0.29935845732688904,0.3501252681016922
seg_004276,sample_01425,Lights Up - Pipe Choir,1,0.9736001491546631,cnn_revised_20260919T110440Z,cnn_s2_10,val,Log-Mel CNN,0.29935845732688904,0.3501252681016922
seg_004277,sample_01425,Lights Up - Pipe Choir,1,0.9989367127418518,cnn_revised_20260919T110440Z,cnn_s2_10,val,Log-Mel CNN,0.29935845732688904,0.3501252681016922
seg_004287,sample_01429,March of the GPA Mechanics - [t]ghost,1,0.9964199066162109,cnn_revised_20260919T110440Z,cnn_s2_10,val,Log-Mel CNN,0.29935845732688904,0.3501252681016922
seg_004288,sample_01429,March of the GPA Mechanics - [t]ghost,1,0.9905679821968079,cnn_revised_20260919T110440Z,cnn_s2_10,val,Log-Mel CNN,0.29935845732688904,0.3501252681016922
seg_004289,sample_01429,March of the GPA Mechanics - [t]ghost,1,0.9897745847702026,cnn_revised_20260919T110440Z,cnn_s2_10,val,Log-Mel CNN,0.29935845732688904,0.3501252681016922
seg_004326,sample_01442,Redlight - Room For A Ghost,1,0.9466482400894165,cnn_revised_20260919T110440Z,cnn_s2_10,val,Log-Mel CNN,0.29935845732688904,0.3501252681016922
seg_004327,sample_01442,Redlight - Room For A Ghost,1,0.9910056591033936,cnn_revised_20260919T110440Z,cnn_s2_10,val,Log-Mel CNN,0.29935845732688904,0.3501252681016922
seg_004328,sample_01442,Redlight - Room For A Ghost,1,0.9980722665786743,cnn_revised_20260919T110440Z,cnn_s2_10,val,Log-Mel CNN,0.29935845732688904,0.3501252681016922
seg_004341,sample_01447,Scramby Eggs - Andy G. Cohen,1,0.9578385353088379,cnn_revised_20260919T110440Z,cnn_s2_10,val,Log-Mel CNN,0.29935845732688904,0.3501252681016922
seg_004342,sample_01447,Scramby Eggs - Andy G. Cohen,1,0.9621272087097168,cnn_revised_20260919T110440Z,cnn_s2_10,val,Log-Mel CNN,0.29935845732688904,0.3501252681016922
seg_004343,sample_01447,Scramby Eggs - Andy G. Cohen,1,0.9989251494407654,cnn_revised_20260919T110440Z,cnn_s2_10,val,Log-Mel CNN,0.29935845732688904,0.3501252681016922
seg_004353,sample_01451,Shipwrecked Crew - Pete Prodoehl,1,0.9191036820411682,cnn_revised_20260919T110440Z,cnn_s2_10,val,Log-Mel CNN,0.29935845732688904,0.3501252681016922
seg_004354,sample_01451,Shipwrecked Crew - Pete Prodoehl,1,0.9954138994216919,cnn_revised_20260919T110440Z,cnn_s2_10,val,Log-Mel CNN,0.29935845732688904,0.3501252681016922
seg_004355,sample_01451,Shipwrecked Crew - Pete Prodoehl,1,0.9991821646690369,cnn_revised_20260919T110440Z,cnn_s2_10,val,Log-Mel CNN,0.29935845732688904,0.3501252681016922
seg_004383,sample_01461,The girl just faded - Los Llamarada,1,0.9779996275901794,cnn_revised_20260919T110440Z,cnn_s2_10,val,Log-Mel CNN,0.29935845732688904,0.3501252681016922
seg_004384,sample_01461,The girl just faded - Los Llamarada,1,0.9981591105461121,cnn_revised_20260919T110440Z,cnn_s2_10,val,Log-Mel CNN,0.29935845732688904,0.3501252681016922
seg_004385,sample_01461,The girl just faded - Los Llamarada,1,0.997899055480957,cnn_revised_20260919T110440Z,cnn_s2_10,val,Log-Mel CNN,0.29935845732688904,0.3501252681016922
seg_004401,sample_01467,Voxel - Andy G. Cohen,1,0.9196544885635376,cnn_revised_20260919T110440Z,cnn_s2_10,val,Log-Mel CNN,0.29935845732688904,0.3501252681016922
seg_004402,sample_01467,Voxel - Andy G. Cohen,1,0.9339806437492371,cnn_revised_20260919T110440Z,cnn_s2_10,val,Log-Mel CNN,0.29935845732688904,0.3501252681016922
seg_004403,sample_01467,Voxel - Andy G. Cohen,1,0.9992260932922363,cnn_revised_20260919T110440Z,cnn_s2_10,val,Log-Mel CNN,0.29935845732688904,0.3501252681016922
seg_004425,sample_01475,Windows of the Skull - Sarin,1,0.9493457674980164,cnn_revised_20260919T110440Z,cnn_s2_10,val,Log-Mel CNN,0.29935845732688904,0.3501252681016922
seg_004426,sample_01475,Windows of the Skull - Sarin,1,0.9999130964279175,cnn_revised_20260919T110440Z,cnn_s2_10,val,Log-Mel CNN,0.29935845732688904,0.3501252681016922
seg_004427,sample_01475,Windows of the Skull - Sarin,1,0.9942262768745422,cnn_revised_20260919T110440Z,cnn_s2_10,val,Log-Mel CNN,0.29935845732688904,0.3501252681016922
seg_004464,sample_01488,Night Drive - Decktonic,1,0.060700997710227966,cnn_revised_20260919T110440Z,cnn_s2_10,val,Log-Mel CNN,0.29935845732688904,0.3501252681016922
seg_004465,sample_01488,Night Drive - Decktonic,1,0.11305713653564453,cnn_revised_20260919T110440Z,cnn_s2_10,val,Log-Mel CNN,0.29935845732688904,0.3501252681016922
seg_004466,sample_01488,Night Drive - Decktonic,1,0.6411025524139404,cnn_revised_20260919T110440Z,cnn_s2_10,val,Log-Mel CNN,0.29935845732688904,0.3501252681016922
seg_004521,sample_01507,Nuo Maisemat - Paavoharju,1,0.9939011335372925,cnn_revised_20260919T110440Z,cnn_s2_10,val,Log-Mel CNN,0.29935845732688904,0.3501252681016922
seg_004522,sample_01507,Nuo Maisemat - Paavoharju,1,0.9970545768737793,cnn_revised_20260919T110440Z,cnn_s2_10,val,Log-Mel CNN,0.29935845732688904,0.3501252681016922
seg_004523,sample_01507,Nuo Maisemat - Paavoharju,1,0.9951425790786743,cnn_revised_20260919T110440Z,cnn_s2_10,val,Log-Mel CNN,0.29935845732688904,0.3501252681016922
seg_004536,sample_01512,CopperNickle - UncleBibby,1,0.30064070224761963,cnn_revised_20260919T110440Z,cnn_s2_10,val,Log-Mel CNN,0.29935845732688904,0.3501252681016922
seg_004537,sample_01512,CopperNickle - UncleBibby,1,0.6468820571899414,cnn_revised_20260919T110440Z,cnn_s2_10,val,Log-Mel CNN,0.29935845732688904,0.3501252681016922
seg_004538,sample_01512,CopperNickle - UncleBibby,1,0.14758078753948212,cnn_revised_20260919T110440Z,cnn_s2_10,val,Log-Mel CNN,0.29935845732688904,0.3501252681016922
seg_004539,sample_01513,Daylight Savings - My brother Daniel,1,0.7319121956825256,cnn_revised_20260919T110440Z,cnn_s2_10,val,Log-Mel CNN,0.29935845732688904,0.3501252681016922
seg_004540,sample_01513,Daylight Savings - My brother Daniel,1,0.34122470021247864,cnn_revised_20260919T110440Z,cnn_s2_10,val,Log-Mel CNN,0.29935845732688904,0.3501252681016922
seg_004541,sample_01513,Daylight Savings - My brother Daniel,1,0.2341196984052658,cnn_revised_20260919T110440Z,cnn_s2_10,val,Log-Mel CNN,0.29935845732688904,0.3501252681016922
seg_004542,sample_01514,mystery team 2090 - Jesse Futerman,1,0.968417227268219,cnn_revised_20260919T110440Z,cnn_s2_10,val,Log-Mel CNN,0.29935845732688904,0.3501252681016922
seg_004543,sample_01514,mystery team 2090 - Jesse Futerman,1,0.7340238094329834,cnn_revised_20260919T110440Z,cnn_s2_10,val,Log-Mel CNN,0.29935845732688904,0.3501252681016922
seg_004544,sample_01514,mystery team 2090 - Jesse Futerman,1,0.9849199056625366,cnn_revised_20260919T110440Z,cnn_s2_10,val,Log-Mel CNN,0.29935845732688904,0.3501252681016922
seg_004575,sample_01525,SD (Ill Mix) - H-LR,1,0.9768123030662537,cnn_revised_20260919T110440Z,cnn_s2_10,val,Log-Mel CNN,0.29935845732688904,0.3501252681016922
seg_004576,sample_01525,SD (Ill Mix) - H-LR,1,0.9952882528305054,cnn_revised_20260919T110440Z,cnn_s2_10,val,Log-Mel CNN,0.29935845732688904,0.3501252681016922
seg_004577,sample_01525,SD (Ill Mix) - H-LR,1,0.9874060750007629,cnn_revised_20260919T110440Z,cnn_s2_10,val,Log-Mel CNN,0.29935845732688904,0.3501252681016922
seg_004590,sample_01530,Stockholm Syndrome / People Should Be More Aware - Bird Names,1,0.5162226557731628,cnn_revised_20260919T110440Z,cnn_s2_10,val,Log-Mel CNN,0.29935845732688904,0.3501252681016922
seg_004591,sample_01530,Stockholm Syndrome / People Should Be More Aware - Bird Names,1,0.9643144607543945,cnn_revised_20260919T110440Z,cnn_s2_10,val,Log-Mel CNN,0.29935845732688904,0.3501252681016922
seg_004592,sample_01530,Stockholm Syndrome / People Should Be More Aware - Bird Names,1,0.039591770619153976,cnn_revised_20260919T110440Z,cnn_s2_10,val,Log-Mel CNN,0.29935845732688904,0.3501252681016922
seg_004596,sample_01532,Time Is Love - Silence is full of birds,1,0.9723846912384033,cnn_revised_20260919T110440Z,cnn_s2_10,val,Log-Mel CNN,0.29935845732688904,0.3501252681016922
seg_004597,sample_01532,Time Is Love - Silence is full of birds,1,0.9810931086540222,cnn_revised_20260919T110440Z,cnn_s2_10,val,Log-Mel CNN,0.29935845732688904,0.3501252681016922
seg_004598,sample_01532,Time Is Love - Silence is full of birds,1,0.9749846458435059,cnn_revised_20260919T110440Z,cnn_s2_10,val,Log-Mel CNN,0.29935845732688904,0.3501252681016922
seg_004602,sample_01534,Roller Star - Monroeville Music Center,1,0.11779756844043732,cnn_revised_20260919T110440Z,cnn_s2_10,val,Log-Mel CNN,0.29935845732688904,0.3501252681016922
seg_004603,sample_01534,Roller Star - Monroeville Music Center,1,0.9111919403076172,cnn_revised_20260919T110440Z,cnn_s2_10,val,Log-Mel CNN,0.29935845732688904,0.3501252681016922
seg_004604,sample_01534,Roller Star - Monroeville Music Center,1,0.853069543838501,cnn_revised_20260919T110440Z,cnn_s2_10,val,Log-Mel CNN,0.29935845732688904,0.3501252681016922
seg_004611,sample_01537,Soleares&beats - Malaventura,1,0.1779654175043106,cnn_revised_20260919T110440Z,cnn_s2_10,val,Log-Mel CNN,0.29935845732688904,0.3501252681016922
seg_004612,sample_01537,Soleares&beats - Malaventura,1,0.31836262345314026,cnn_revised_20260919T110440Z,cnn_s2_10,val,Log-Mel CNN,0.29935845732688904,0.3501252681016922
seg_004613,sample_01537,Soleares&beats - Malaventura,1,0.470456600189209,cnn_revised_20260919T110440Z,cnn_s2_10,val,Log-Mel CNN,0.29935845732688904,0.3501252681016922
seg_004629,sample_01543,Evil Cannot Create - Caleb Lemond,1,0.4338517487049103,cnn_revised_20260919T110440Z,cnn_s2_10,val,Log-Mel CNN,0.29935845732688904,0.3501252681016922
seg_004630,sample_01543,Evil Cannot Create - Caleb Lemond,1,0.8425812125205994,cnn_revised_20260919T110440Z,cnn_s2_10,val,Log-Mel CNN,0.29935845732688904,0.3501252681016922
seg_004631,sample_01543,Evil Cannot Create - Caleb Lemond,1,0.5317392349243164,cnn_revised_20260919T110440Z,cnn_s2_10,val,Log-Mel CNN,0.29935845732688904,0.3501252681016922
seg_004647,sample_01549,"Roundtrip - Oh Yeah, the Future",1,0.3416302502155304,cnn_revised_20260919T110440Z,cnn_s2_10,val,Log-Mel CNN,0.29935845732688904,0.3501252681016922
seg_004648,sample_01549,"Roundtrip - Oh Yeah, the Future",1,0.7752541303634644,cnn_revised_20260919T110440Z,cnn_s2_10,val,Log-Mel CNN,0.29935845732688904,0.3501252681016922
seg_004649,sample_01549,"Roundtrip - Oh Yeah, the Future",1,0.8447850942611694,cnn_revised_20260919T110440Z,cnn_s2_10,val,Log-Mel CNN,0.29935845732688904,0.3501252681016922
seg_004692,sample_01564,Norweigian Wood II - Bird Names,1,0.6281664967536926,cnn_revised_20260919T110440Z,cnn_s2_10,val,Log-Mel CNN,0.29935845732688904,0.3501252681016922
seg_004693,sample_01564,Norweigian Wood II - Bird Names,1,0.4317992031574249,cnn_revised_20260919T110440Z,cnn_s2_10,val,Log-Mel CNN,0.29935845732688904,0.3501252681016922
seg_004694,sample_01564,Norweigian Wood II - Bird Names,1,0.6248667240142822,cnn_revised_20260919T110440Z,cnn_s2_10,val,Log-Mel CNN,0.29935845732688904,0.3501252681016922
seg_004695,sample_01565,New Life (take 1) - Bird Names,1,0.8322392702102661,cnn_revised_20260919T110440Z,cnn_s2_10,val,Log-Mel CNN,0.29935845732688904,0.3501252681016922
seg_004696,sample_01565,New Life (take 1) - Bird Names,1,0.908761739730835,cnn_revised_20260919T110440Z,cnn_s2_10,val,Log-Mel CNN,0.29935845732688904,0.3501252681016922
seg_004697,sample_01565,New Life (take 1) - Bird Names,1,0.3465031683444977,cnn_revised_20260919T110440Z,cnn_s2_10,val,Log-Mel CNN,0.29935845732688904,0.3501252681016922
seg_004698,sample_01566,New Life (take 1) - Bird Names,1,0.8413079977035522,cnn_revised_20260919T110440Z,cnn_s2_10,val,Log-Mel CNN,0.29935845732688904,0.3501252681016922
seg_004699,sample_01566,New Life (take 1) - Bird Names,1,0.994251012802124,cnn_revised_20260919T110440Z,cnn_s2_10,val,Log-Mel CNN,0.29935845732688904,0.3501252681016922
seg_004700,sample_01566,New Life (take 1) - Bird Names,1,0.9443451166152954,cnn_revised_20260919T110440Z,cnn_s2_10,val,Log-Mel CNN,0.29935845732688904,0.3501252681016922
seg_004779,sample_01593,Gila Monster Flop/Music History Lesson:The Sonics - The Crypts!,1,0.6181809306144714,cnn_revised_20260919T110440Z,cnn_s2_10,val,Log-Mel CNN,0.29935845732688904,0.3501252681016922
seg_004780,sample_01593,Gila Monster Flop/Music History Lesson:The Sonics - The Crypts!,1,0.7796749472618103,cnn_revised_20260919T110440Z,cnn_s2_10,val,Log-Mel CNN,0.29935845732688904,0.3501252681016922
seg_004781,sample_01593,Gila Monster Flop/Music History Lesson:The Sonics - The Crypts!,1,0.36866191029548645,cnn_revised_20260919T110440Z,cnn_s2_10,val,Log-Mel CNN,0.29935845732688904,0.3501252681016922
seg_004821,sample_01607,March of the GPA Mechanics - [t]ghost,1,0.8647428154945374,cnn_revised_20260919T110440Z,cnn_s2_10,val,Log-Mel CNN,0.29935845732688904,0.3501252681016922
seg_004822,sample_01607,March of the GPA Mechanics - [t]ghost,1,0.9941971302032471,cnn_revised_20260919T110440Z,cnn_s2_10,val,Log-Mel CNN,0.29935845732688904,0.3501252681016922
seg_004823,sample_01607,March of the GPA Mechanics - [t]ghost,1,0.05590729042887688,cnn_revised_20260919T110440Z,cnn_s2_10,val,Log-Mel CNN,0.29935845732688904,0.3501252681016922
seg_004824,sample_01608,Windows of the Skull - Sarin,1,0.9057555794715881,cnn_revised_20260919T110440Z,cnn_s2_10,val,Log-Mel CNN,0.29935845732688904,0.3501252681016922
seg_004825,sample_01608,Windows of the Skull - Sarin,1,0.9669172763824463,cnn_revised_20260919T110440Z,cnn_s2_10,val,Log-Mel CNN,0.29935845732688904,0.3501252681016922
seg_004826,sample_01608,Windows of the Skull - Sarin,1,0.9771002531051636,cnn_revised_20260919T110440Z,cnn_s2_10,val,Log-Mel CNN,0.29935845732688904,0.3501252681016922
seg_004830,sample_01610,Empty Pockets - Pete Prodoehl,1,0.2600014805793762,cnn_revised_20260919T110440Z,cnn_s2_10,val,Log-Mel CNN,0.29935845732688904,0.3501252681016922
seg_004831,sample_01610,Empty Pockets - Pete Prodoehl,1,0.9167407751083374,cnn_revised_20260919T110440Z,cnn_s2_10,val,Log-Mel CNN,0.29935845732688904,0.3501252681016922
seg_004832,sample_01610,Empty Pockets - Pete Prodoehl,1,0.7964643836021423,cnn_revised_20260919T110440Z,cnn_s2_10,val,Log-Mel CNN,0.29935845732688904,0.3501252681016922
seg_004836,sample_01612,Scramby Eggs - Andy G. Cohen,1,0.15505729615688324,cnn_revised_20260919T110440Z,cnn_s2_10,val,Log-Mel CNN,0.29935845732688904,0.3501252681016922
seg_004837,sample_01612,Scramby Eggs - Andy G. Cohen,1,0.09861858189105988,cnn_revised_20260919T110440Z,cnn_s2_10,val,Log-Mel CNN,0.29935845732688904,0.3501252681016922
seg_004838,sample_01612,Scramby Eggs - Andy G. Cohen,1,0.30207395553588867,cnn_revised_20260919T110440Z,cnn_s2_10,val,Log-Mel CNN,0.29935845732688904,0.3501252681016922
seg_004839,sample_01613,Voxel - Andy G. Cohen,1,0.9757415056228638,cnn_revised_20260919T110440Z,cnn_s2_10,val,Log-Mel CNN,0.29935845732688904,0.3501252681016922
seg_004840,sample_01613,Voxel - Andy G. Cohen,1,0.0997730940580368,cnn_revised_20260919T110440Z,cnn_s2_10,val,Log-Mel CNN,0.29935845732688904,0.3501252681016922
seg_004841,sample_01613,Voxel - Andy G. Cohen,1,0.279937744140625,cnn_revised_20260919T110440Z,cnn_s2_10,val,Log-Mel CNN,0.29935845732688904,0.3501252681016922
seg_004845,sample_01615,The girl just faded - Los Llamarada,1,0.6849364042282104,cnn_revised_20260919T110440Z,cnn_s2_10,val,Log-Mel CNN,0.29935845732688904,0.3501252681016922
seg_004846,sample_01615,The girl just faded - Los Llamarada,1,0.8080940842628479,cnn_revised_20260919T110440Z,cnn_s2_10,val,Log-Mel CNN,0.29935845732688904,0.3501252681016922
seg_004847,sample_01615,The girl just faded - Los Llamarada,1,0.6030688285827637,cnn_revised_20260919T110440Z,cnn_s2_10,val,Log-Mel CNN,0.29935845732688904,0.3501252681016922
seg_004860,sample_01620,2 (Wasn't There) - Isle of Pine,1,0.9153091311454773,cnn_revised_20260919T110440Z,cnn_s2_10,val,Log-Mel CNN,0.29935845732688904,0.3501252681016922
seg_004861,sample_01620,2 (Wasn't There) - Isle of Pine,1,0.9506670236587524,cnn_revised_20260919T110440Z,cnn_s2_10,val,Log-Mel CNN,0.29935845732688904,0.3501252681016922
seg_004862,sample_01620,2 (Wasn't There) - Isle of Pine,1,0.9470034837722778,cnn_revised_20260919T110440Z,cnn_s2_10,val,Log-Mel CNN,0.29935845732688904,0.3501252681016922
seg_004866,sample_01622,I Fell - Mod Fun,1,0.025478912517428398,cnn_revised_20260919T110440Z,cnn_s2_10,val,Log-Mel CNN,0.29935845732688904,0.3501252681016922
seg_004867,sample_01622,I Fell - Mod Fun,1,0.9918304085731506,cnn_revised_20260919T110440Z,cnn_s2_10,val,Log-Mel CNN,0.29935845732688904,0.3501252681016922
seg_004868,sample_01622,I Fell - Mod Fun,1,0.7785284519195557,cnn_revised_20260919T110440Z,cnn_s2_10,val,Log-Mel CNN,0.29935845732688904,0.3501252681016922
seg_004872,sample_01624,Новый Нью-Йорк 2 - Чокнутый Пропеллер,1,0.9640952348709106,cnn_revised_20260919T110440Z,cnn_s2_10,val,Log-Mel CNN,0.29935845732688904,0.3501252681016922
seg_004873,sample_01624,Новый Нью-Йорк 2 - Чокнутый Пропеллер,1,0.5405093431472778,cnn_revised_20260919T110440Z,cnn_s2_10,val,Log-Mel CNN,0.29935845732688904,0.3501252681016922
seg_004874,sample_01624,Новый Нью-Йорк 2 - Чокнутый Пропеллер,1,0.13074958324432373,cnn_revised_20260919T110440Z,cnn_s2_10,val,Log-Mel CNN,0.29935845732688904,0.3501252681016922
seg_004908,sample_01636,CopperNickle - UncleBibby,1,0.9990379810333252,cnn_revised_20260919T110440Z,cnn_s2_10,val,Log-Mel CNN,0.29935845732688904,0.3501252681016922
seg_004909,sample_01636,CopperNickle - UncleBibby,1,0.9996585845947266,cnn_revised_20260919T110440Z,cnn_s2_10,val,Log-Mel CNN,0.29935845732688904,0.3501252681016922
seg_004910,sample_01636,CopperNickle - UncleBibby,1,0.9682371020317078,cnn_revised_20260919T110440Z,cnn_s2_10,val,Log-Mel CNN,0.29935845732688904,0.3501252681016922
seg_004914,sample_01638,Daylight Savings - My brother Daniel,1,0.9989184141159058,cnn_revised_20260919T110440Z,cnn_s2_10,val,Log-Mel CNN,0.29935845732688904,0.3501252681016922
seg_004915,sample_01638,Daylight Savings - My brother Daniel,1,0.9928250312805176,cnn_revised_20260919T110440Z,cnn_s2_10,val,Log-Mel CNN,0.29935845732688904,0.3501252681016922
seg_004916,sample_01638,Daylight Savings - My brother Daniel,1,0.9998706579208374,cnn_revised_20260919T110440Z,cnn_s2_10,val,Log-Mel CNN,0.29935845732688904,0.3501252681016922
seg_004947,sample_01649,mystery team 2090 - Jesse Futerman,1,0.10306887328624725,cnn_revised_20260919T110440Z,cnn_s2_10,val,Log-Mel CNN,0.29935845732688904,0.3501252681016922
seg_004948,sample_01649,mystery team 2090 - Jesse Futerman,1,0.3891024589538574,cnn_revised_20260919T110440Z,cnn_s2_10,val,Log-Mel CNN,0.29935845732688904,0.3501252681016922
seg_004949,sample_01649,mystery team 2090 - Jesse Futerman,1,0.23544254899024963,cnn_revised_20260919T110440Z,cnn_s2_10,val,Log-Mel CNN,0.29935845732688904,0.3501252681016922
seg_004950,sample_01650,Night Drive - Decktonic,1,0.9965639710426331,cnn_revised_20260919T110440Z,cnn_s2_10,val,Log-Mel CNN,0.29935845732688904,0.3501252681016922
seg_004951,sample_01650,Night Drive - Decktonic,1,0.9996191263198853,cnn_revised_20260919T110440Z,cnn_s2_10,val,Log-Mel CNN,0.29935845732688904,0.3501252681016922
seg_004952,sample_01650,Night Drive - Decktonic,1,0.99983811378479,cnn_revised_20260919T110440Z,cnn_s2_10,val,Log-Mel CNN,0.29935845732688904,0.3501252681016922
seg_004959,sample_01653,Nuo Maisemat - Paavoharju,1,0.9997859597206116,cnn_revised_20260919T110440Z,cnn_s2_10,val,Log-Mel CNN,0.29935845732688904,0.3501252681016922
seg_004960,sample_01653,Nuo Maisemat - Paavoharju,1,0.9724412560462952,cnn_revised_20260919T110440Z,cnn_s2_10,val,Log-Mel CNN,0.29935845732688904,0.3501252681016922
seg_004961,sample_01653,Nuo Maisemat - Paavoharju,1,0.9966859221458435,cnn_revised_20260919T110440Z,cnn_s2_10,val,Log-Mel CNN,0.29935845732688904,0.3501252681016922
seg_005001,sample_01667,SD (Ill Mix) - H-LR,1,0.9710482358932495,cnn_revised_20260919T110440Z,cnn_s2_10,val,Log-Mel CNN,0.29935845732688904,0.3501252681016922
seg_005002,sample_01667,SD (Ill Mix) - H-LR,1,0.9978728294372559,cnn_revised_20260919T110440Z,cnn_s2_10,val,Log-Mel CNN,0.29935845732688904,0.3501252681016922
seg_005003,sample_01667,SD (Ill Mix) - H-LR,1,0.9998212456703186,cnn_revised_20260919T110440Z,cnn_s2_10,val,Log-Mel CNN,0.29935845732688904,0.3501252681016922
seg_005055,sample_01685,Evil Cannot Create - Caleb Lemond,1,0.9489496946334839,cnn_revised_20260919T110440Z,cnn_s2_10,val,Log-Mel CNN,0.29935845732688904,0.3501252681016922
seg_005056,sample_01685,Evil Cannot Create - Caleb Lemond,1,0.9998526573181152,cnn_revised_20260919T110440Z,cnn_s2_10,val,Log-Mel CNN,0.29935845732688904,0.3501252681016922
seg_005057,sample_01685,Evil Cannot Create - Caleb Lemond,1,0.9997381567955017,cnn_revised_20260919T110440Z,cnn_s2_10,val,Log-Mel CNN,0.29935845732688904,0.3501252681016922
seg_005111,sample_01704,New Life (take 1) - Bird Names,1,0.8319541811943054,cnn_revised_20260919T110440Z,cnn_s2_10,val,Log-Mel CNN,0.29935845732688904,0.3501252681016922
seg_005112,sample_01704,New Life (take 1) - Bird Names,1,0.5010710954666138,cnn_revised_20260919T110440Z,cnn_s2_10,val,Log-Mel CNN,0.29935845732688904,0.3501252681016922
seg_005113,sample_01704,New Life (take 1) - Bird Names,1,0.29566121101379395,cnn_revised_20260919T110440Z,cnn_s2_10,val,Log-Mel CNN,0.29935845732688904,0.3501252681016922
seg_005114,sample_01705,Norweigian Wood II - Bird Names,1,0.1939825862646103,cnn_revised_20260919T110440Z,cnn_s2_10,val,Log-Mel CNN,0.29935845732688904,0.3501252681016922
seg_005115,sample_01705,Norweigian Wood II - Bird Names,1,0.08892080932855606,cnn_revised_20260919T110440Z,cnn_s2_10,val,Log-Mel CNN,0.29935845732688904,0.3501252681016922
seg_005116,sample_01705,Norweigian Wood II - Bird Names,1,0.11919473856687546,cnn_revised_20260919T110440Z,cnn_s2_10,val,Log-Mel CNN,0.29935845732688904,0.3501252681016922
seg_005126,sample_01709,Roller Star - Monroeville Music Center,1,0.9240571856498718,cnn_revised_20260919T110440Z,cnn_s2_10,val,Log-Mel CNN,0.29935845732688904,0.3501252681016922
seg_005127,sample_01709,Roller Star - Monroeville Music Center,1,0.991004467010498,cnn_revised_20260919T110440Z,cnn_s2_10,val,Log-Mel CNN,0.29935845732688904,0.3501252681016922
seg_005128,sample_01709,Roller Star - Monroeville Music Center,1,0.9963788390159607,cnn_revised_20260919T110440Z,cnn_s2_10,val,Log-Mel CNN,0.29935845732688904,0.3501252681016922
seg_005129,sample_01710,"Roundtrip - Oh Yeah, the Future",1,0.9446345567703247,cnn_revised_20260919T110440Z,cnn_s2_10,val,Log-Mel CNN,0.29935845732688904,0.3501252681016922
seg_005130,sample_01710,"Roundtrip - Oh Yeah, the Future",1,0.9658493995666504,cnn_revised_20260919T110440Z,cnn_s2_10,val,Log-Mel CNN,0.29935845732688904,0.3501252681016922
seg_005131,sample_01710,"Roundtrip - Oh Yeah, the Future",1,0.9993888139724731,cnn_revised_20260919T110440Z,cnn_s2_10,val,Log-Mel CNN,0.29935845732688904,0.3501252681016922
seg_005138,sample_01713,Soleares&beats - Malaventura,1,0.3144392669200897,cnn_revised_20260919T110440Z,cnn_s2_10,val,Log-Mel CNN,0.29935845732688904,0.3501252681016922
seg_005139,sample_01713,Soleares&beats - Malaventura,1,0.0418705940246582,cnn_revised_20260919T110440Z,cnn_s2_10,val,Log-Mel CNN,0.29935845732688904,0.3501252681016922
seg_005140,sample_01713,Soleares&beats - Malaventura,1,0.015029358677566051,cnn_revised_20260919T110440Z,cnn_s2_10,val,Log-Mel CNN,0.29935845732688904,0.3501252681016922
seg_005147,sample_01716,Stockholm Syndrome / People Should Be More Aware - Bird Names,1,0.6714560389518738,cnn_revised_20260919T110440Z,cnn_s2_10,val,Log-Mel CNN,0.29935845732688904,0.3501252681016922
seg_005148,sample_01716,Stockholm Syndrome / People Should Be More Aware - Bird Names,1,0.9172906279563904,cnn_revised_20260919T110440Z,cnn_s2_10,val,Log-Mel CNN,0.29935845732688904,0.3501252681016922
seg_005149,sample_01716,Stockholm Syndrome / People Should Be More Aware - Bird Names,1,0.9431654810905457,cnn_revised_20260919T110440Z,cnn_s2_10,val,Log-Mel CNN,0.29935845732688904,0.3501252681016922
seg_005168,sample_01723,Time Is Love - Silence is full of birds,1,0.42923077940940857,cnn_revised_20260919T110440Z,cnn_s2_10,val,Log-Mel CNN,0.29935845732688904,0.3501252681016922
seg_005169,sample_01723,Time Is Love - Silence is full of birds,1,0.6310146450996399,cnn_revised_20260919T110440Z,cnn_s2_10,val,Log-Mel CNN,0.29935845732688904,0.3501252681016922
seg_005170,sample_01723,Time Is Love - Silence is full of birds,1,0.8384321331977844,cnn_revised_20260919T110440Z,cnn_s2_10,val,Log-Mel CNN,0.29935845732688904,0.3501252681016922
seg_005188,sample_01730,2 (Wasn't There) - Isle of Pine,1,0.9306495785713196,cnn_revised_20260919T110440Z,cnn_s2_10,val,Log-Mel CNN,0.29935845732688904,0.3501252681016922
seg_005189,sample_01730,2 (Wasn't There) - Isle of Pine,1,0.21114875376224518,cnn_revised_20260919T110440Z,cnn_s2_10,val,Log-Mel CNN,0.29935845732688904,0.3501252681016922
seg_005190,sample_01730,2 (Wasn't There) - Isle of Pine,1,0.9796926975250244,cnn_revised_20260919T110440Z,cnn_s2_10,val,Log-Mel CNN,0.29935845732688904,0.3501252681016922
seg_005203,sample_01735,Empty Pockets - Pete Prodoehl,1,0.6947833299636841,cnn_revised_20260919T110440Z,cnn_s2_10,val,Log-Mel CNN,0.29935845732688904,0.3501252681016922
seg_005204,sample_01735,Empty Pockets - Pete Prodoehl,1,0.9661859273910522,cnn_revised_20260919T110440Z,cnn_s2_10,val,Log-Mel CNN,0.29935845732688904,0.3501252681016922
seg_005205,sample_01735,Empty Pockets - Pete Prodoehl,1,0.9991070628166199,cnn_revised_20260919T110440Z,cnn_s2_10,val,Log-Mel CNN,0.29935845732688904,0.3501252681016922
seg_005212,sample_01738,Gila Monster Flop/Music History Lesson:The Sonics - The Crypts!,1,0.891939103603363,cnn_revised_20260919T110440Z,cnn_s2_10,val,Log-Mel CNN,0.29935845732688904,0.3501252681016922
seg_005213,sample_01738,Gila Monster Flop/Music History Lesson:The Sonics - The Crypts!,1,0.9945899248123169,cnn_revised_20260919T110440Z,cnn_s2_10,val,Log-Mel CNN,0.29935845732688904,0.3501252681016922
seg_005214,sample_01738,Gila Monster Flop/Music History Lesson:The Sonics - The Crypts!,1,0.9935826659202576,cnn_revised_20260919T110440Z,cnn_s2_10,val,Log-Mel CNN,0.29935845732688904,0.3501252681016922
seg_005221,sample_01741,I Fell - Mod Fun,1,0.9961695075035095,cnn_revised_20260919T110440Z,cnn_s2_10,val,Log-Mel CNN,0.29935845732688904,0.3501252681016922
seg_005222,sample_01741,I Fell - Mod Fun,1,0.9942019581794739,cnn_revised_20260919T110440Z,cnn_s2_10,val,Log-Mel CNN,0.29935845732688904,0.3501252681016922
seg_005223,sample_01741,I Fell - Mod Fun,1,0.9998414516448975,cnn_revised_20260919T110440Z,cnn_s2_10,val,Log-Mel CNN,0.29935845732688904,0.3501252681016922
seg_005245,sample_01749,March of the GPA Mechanics - [t]ghost,1,0.8554993271827698,cnn_revised_20260919T110440Z,cnn_s2_10,val,Log-Mel CNN,0.29935845732688904,0.3501252681016922
seg_005246,sample_01749,March of the GPA Mechanics - [t]ghost,1,0.9992579817771912,cnn_revised_20260919T110440Z,cnn_s2_10,val,Log-Mel CNN,0.29935845732688904,0.3501252681016922
seg_005247,sample_01749,March of the GPA Mechanics - [t]ghost,1,0.9929656982421875,cnn_revised_20260919T110440Z,cnn_s2_10,val,Log-Mel CNN,0.29935845732688904,0.3501252681016922
seg_005274,sample_01759,Scramby Eggs - Andy G. Cohen,1,0.9996767044067383,cnn_revised_20260919T110440Z,cnn_s2_10,val,Log-Mel CNN,0.29935845732688904,0.3501252681016922
seg_005275,sample_01759,Scramby Eggs - Andy G. Cohen,1,0.9984167814254761,cnn_revised_20260919T110440Z,cnn_s2_10,val,Log-Mel CNN,0.29935845732688904,0.3501252681016922
seg_005276,sample_01759,Scramby Eggs - Andy G. Cohen,1,0.9998644590377808,cnn_revised_20260919T110440Z,cnn_s2_10,val,Log-Mel CNN,0.29935845732688904,0.3501252681016922
seg_005301,sample_01768,The girl just faded - Los Llamarada,1,0.9995282888412476,cnn_revised_20260919T110440Z,cnn_s2_10,val,Log-Mel CNN,0.29935845732688904,0.3501252681016922
seg_005302,sample_01768,The girl just faded - Los Llamarada,1,0.9993267059326172,cnn_revised_20260919T110440Z,cnn_s2_10,val,Log-Mel CNN,0.29935845732688904,0.3501252681016922
seg_005303,sample_01768,The girl just faded - Los Llamarada,1,0.9996470212936401,cnn_revised_20260919T110440Z,cnn_s2_10,val,Log-Mel CNN,0.29935845732688904,0.3501252681016922
seg_005310,sample_01771,Voxel - Andy G. Cohen,1,0.9997867941856384,cnn_revised_20260919T110440Z,cnn_s2_10,val,Log-Mel CNN,0.29935845732688904,0.3501252681016922
seg_005311,sample_01771,Voxel - Andy G. Cohen,1,0.9959000945091248,cnn_revised_20260919T110440Z,cnn_s2_10,val,Log-Mel CNN,0.29935845732688904,0.3501252681016922
seg_005312,sample_01771,Voxel - Andy G. Cohen,1,0.9937134385108948,cnn_revised_20260919T110440Z,cnn_s2_10,val,Log-Mel CNN,0.29935845732688904,0.3501252681016922
seg_005322,sample_01775,Windows of the Skull - Sarin,1,0.9993990659713745,cnn_revised_20260919T110440Z,cnn_s2_10,val,Log-Mel CNN,0.29935845732688904,0.3501252681016922
seg_005323,sample_01775,Windows of the Skull - Sarin,1,0.9726478457450867,cnn_revised_20260919T110440Z,cnn_s2_10,val,Log-Mel CNN,0.29935845732688904,0.3501252681016922
seg_005324,sample_01775,Windows of the Skull - Sarin,1,0.9886981248855591,cnn_revised_20260919T110440Z,cnn_s2_10,val,Log-Mel CNN,0.29935845732688904,0.3501252681016922
seg_005331,sample_01778,Новый Нью-Йорк 2 - Чокнутый Пропеллер,1,0.6312180757522583,cnn_revised_20260919T110440Z,cnn_s2_10,val,Log-Mel CNN,0.29935845732688904,0.3501252681016922
seg_005332,sample_01778,Новый Нью-Йорк 2 - Чокнутый Пропеллер,1,0.9854046702384949,cnn_revised_20260919T110440Z,cnn_s2_10,val,Log-Mel CNN,0.29935845732688904,0.3501252681016922
seg_005333,sample_01778,Новый Нью-Йорк 2 - Чокнутый Пропеллер,1,0.9943132400512695,cnn_revised_20260919T110440Z,cnn_s2_10,val,Log-Mel CNN,0.29935845732688904,0.3501252681016922
seg_005372,sample_01798,CopperNickle - UncleBibby,1,0.9960263967514038,cnn_revised_20260919T110440Z,cnn_s2_10,val,Log-Mel CNN,0.29935845732688904,0.3501252681016922
seg_005373,sample_01798,CopperNickle - UncleBibby,1,0.995142936706543,cnn_revised_20260919T110440Z,cnn_s2_10,val,Log-Mel CNN,0.29935845732688904,0.3501252681016922
seg_005378,sample_01801,Daylight Savings - My brother Daniel,1,0.9994276165962219,cnn_revised_20260919T110440Z,cnn_s2_10,val,Log-Mel CNN,0.29935845732688904,0.3501252681016922
seg_005379,sample_01801,Daylight Savings - My brother Daniel,1,0.999426007270813,cnn_revised_20260919T110440Z,cnn_s2_10,val,Log-Mel CNN,0.29935845732688904,0.3501252681016922
seg_005396,sample_01810,Fifth Ramble - From the album Keith [RSVP007] - My brother Daniel,1,0.9904060959815979,cnn_revised_20260919T110440Z,cnn_s2_10,val,Log-Mel CNN,0.29935845732688904,0.3501252681016922
seg_005397,sample_01810,Fifth Ramble - From the album Keith [RSVP007] - My brother Daniel,1,0.998916506767273,cnn_revised_20260919T110440Z,cnn_s2_10,val,Log-Mel CNN,0.29935845732688904,0.3501252681016922
seg_005412,sample_01818,If You're Ther - Nicola Ratti,1,0.9986470341682434,cnn_revised_20260919T110440Z,cnn_s2_10,val,Log-Mel CNN,0.29935845732688904,0.3501252681016922
seg_005413,sample_01818,If You're Ther - Nicola Ratti,1,0.9996750354766846,cnn_revised_20260919T110440Z,cnn_s2_10,val,Log-Mel CNN,0.29935845732688904,0.3501252681016922
seg_005428,sample_01826,Kumorizoranohajimarutokoro - Hosomi,1,0.9977263808250427,cnn_revised_20260919T110440Z,cnn_s2_10,val,Log-Mel CNN,0.29935845732688904,0.3501252681016922
seg_005429,sample_01826,Kumorizoranohajimarutokoro - Hosomi,1,0.9952717423439026,cnn_revised_20260919T110440Z,cnn_s2_10,val,Log-Mel CNN,0.29935845732688904,0.3501252681016922
seg_005446,sample_01835,Loved Ones - Rowan Box,1,0.9944045543670654,cnn_revised_20260919T110440Z,cnn_s2_10,val,Log-Mel CNN,0.29935845732688904,0.3501252681016922
seg_005447,sample_01835,Loved Ones - Rowan Box,1,0.9941577911376953,cnn_revised_20260919T110440Z,cnn_s2_10,val,Log-Mel CNN,0.29935845732688904,0.3501252681016922
seg_005448,sample_01836,Morning Bell - Nihilore,1,0.9957495927810669,cnn_revised_20260919T110440Z,cnn_s2_10,val,Log-Mel CNN,0.29935845732688904,0.3501252681016922
seg_005449,sample_01836,Morning Bell - Nihilore,1,0.9962356686592102,cnn_revised_20260919T110440Z,cnn_s2_10,val,Log-Mel CNN,0.29935845732688904,0.3501252681016922
seg_005450,sample_01837,mystery team 2090 - Jesse Futerman,1,0.9945675134658813,cnn_revised_20260919T110440Z,cnn_s2_10,val,Log-Mel CNN,0.29935845732688904,0.3501252681016922
seg_005451,sample_01837,mystery team 2090 - Jesse Futerman,1,0.992339015007019,cnn_revised_20260919T110440Z,cnn_s2_10,val,Log-Mel CNN,0.29935845732688904,0.3501252681016922
seg_005452,sample_01838,Night Drive - Decktonic,1,0.9945940375328064,cnn_revised_20260919T110440Z,cnn_s2_10,val,Log-Mel CNN,0.29935845732688904,0.3501252681016922
seg_005453,sample_01838,Night Drive - Decktonic,1,0.9957478642463684,cnn_revised_20260919T110440Z,cnn_s2_10,val,Log-Mel CNN,0.29935845732688904,0.3501252681016922
seg_005460,sample_01842,Nuo Maisemat - Paavoharju,1,0.9987227320671082,cnn_revised_20260919T110440Z,cnn_s2_10,val,Log-Mel CNN,0.29935845732688904,0.3501252681016922
seg_005461,sample_01842,Nuo Maisemat - Paavoharju,1,0.998516857624054,cnn_revised_20260919T110440Z,cnn_s2_10,val,Log-Mel CNN,0.29935845732688904,0.3501252681016922
seg_005494,sample_01859,SD (Ill Mix) - H-LR,1,0.8635056018829346,cnn_revised_20260919T110440Z,cnn_s2_10,val,Log-Mel CNN,0.29935845732688904,0.3501252681016922
seg_005495,sample_01859,SD (Ill Mix) - H-LR,1,0.13369061052799225,cnn_revised_20260919T110440Z,cnn_s2_10,val,Log-Mel CNN,0.29935845732688904,0.3501252681016922
seg_005503,sample_01864,some dextromethorphan - Jeva,1,0.9985760450363159,cnn_revised_20260919T110440Z,cnn_s2_10,val,Log-Mel CNN,0.29935845732688904,0.3501252681016922
seg_005504,sample_01864,some dextromethorphan - Jeva,1,0.996531069278717,cnn_revised_20260919T110440Z,cnn_s2_10,val,Log-Mel CNN,0.29935845732688904,0.3501252681016922
seg_005509,sample_01867,Sturgeon's Law - Nihilore,1,0.9940423369407654,cnn_revised_20260919T110440Z,cnn_s2_10,val,Log-Mel CNN,0.29935845732688904,0.3501252681016922
seg_005510,sample_01867,Sturgeon's Law - Nihilore,1,0.9950418472290039,cnn_revised_20260919T110440Z,cnn_s2_10,val,Log-Mel CNN,0.29935845732688904,0.3501252681016922
seg_005533,sample_01879,The Stairway - WarpToken,1,0.826024055480957,cnn_revised_20260919T110440Z,cnn_s2_10,val,Log-Mel CNN,0.29935845732688904,0.3501252681016922
seg_005534,sample_01879,The Stairway - WarpToken,1,0.6611120700836182,cnn_revised_20260919T110440Z,cnn_s2_10,val,Log-Mel CNN,0.29935845732688904,0.3501252681016922
seg_005535,sample_01880,Three Bird - My brother Daniel,1,0.9889773726463318,cnn_revised_20260919T110440Z,cnn_s2_10,val,Log-Mel CNN,0.29935845732688904,0.3501252681016922
seg_005536,sample_01880,Three Bird - My brother Daniel,1,0.9975795149803162,cnn_revised_20260919T110440Z,cnn_s2_10,val,Log-Mel CNN,0.29935845732688904,0.3501252681016922
seg_005537,sample_01881,Timen Passing By - Jason Shaw,1,0.9839788675308228,cnn_revised_20260919T110440Z,cnn_s2_10,val,Log-Mel CNN,0.29935845732688904,0.3501252681016922
seg_005538,sample_01881,Timen Passing By - Jason Shaw,1,0.9903857707977295,cnn_revised_20260919T110440Z,cnn_s2_10,val,Log-Mel CNN,0.29935845732688904,0.3501252681016922
seg_005549,sample_01887,Understand That This Is A Dream - From the album Modulating Coil [RSVP008] - Forrest James,1,0.9987189769744873,cnn_revised_20260919T110440Z,cnn_s2_10,val,Log-Mel CNN,0.29935845732688904,0.3501252681016922
seg_005550,sample_01887,Understand That This Is A Dream - From the album Modulating Coil [RSVP008] - Forrest James,1,0.9990506768226624,cnn_revised_20260919T110440Z,cnn_s2_10,val,Log-Mel CNN,0.29935845732688904,0.3501252681016922
seg_005555,sample_01890,Westside Chillers - Little Glass Men,1,0.9311068654060364,cnn_revised_20260919T110440Z,cnn_s2_10,val,Log-Mel CNN,0.29935845732688904,0.3501252681016922
seg_005556,sample_01890,Westside Chillers - Little Glass Men,1,0.9657174348831177,cnn_revised_20260919T110440Z,cnn_s2_10,val,Log-Mel CNN,0.29935845732688904,0.3501252681016922
seg_005565,sample_01895,Agora - Malaventura,1,0.9971206784248352,cnn_revised_20260919T110440Z,cnn_s2_10,val,Log-Mel CNN,0.29935845732688904,0.3501252681016922
seg_005566,sample_01895,Agora - Malaventura,1,0.9984586238861084,cnn_revised_20260919T110440Z,cnn_s2_10,val,Log-Mel CNN,0.29935845732688904,0.3501252681016922
seg_005583,sample_01904,Evil Cannot Create - Caleb Lemond,1,0.9972308278083801,cnn_revised_20260919T110440Z,cnn_s2_10,val,Log-Mel CNN,0.29935845732688904,0.3501252681016922
seg_005584,sample_01904,Evil Cannot Create - Caleb Lemond,1,0.996894359588623,cnn_revised_20260919T110440Z,cnn_s2_10,val,Log-Mel CNN,0.29935845732688904,0.3501252681016922
seg_005621,sample_01923,My Body Is A Weapon (Compromise Edit) - Silence is full of birds,1,0.9995688796043396,cnn_revised_20260919T110440Z,cnn_s2_10,val,Log-Mel CNN,0.29935845732688904,0.3501252681016922
seg_005622,sample_01923,My Body Is A Weapon (Compromise Edit) - Silence is full of birds,1,0.9952657222747803,cnn_revised_20260919T110440Z,cnn_s2_10,val,Log-Mel CNN,0.29935845732688904,0.3501252681016922
seg_005627,sample_01926,New Life (take 1) - Bird Names,1,0.9977670907974243,cnn_revised_20260919T110440Z,cnn_s2_10,val,Log-Mel CNN,0.29935845732688904,0.3501252681016922
seg_005628,sample_01926,New Life (take 1) - Bird Names,1,0.9967719912528992,cnn_revised_20260919T110440Z,cnn_s2_10,val,Log-Mel CNN,0.29935845732688904,0.3501252681016922
seg_005629,sample_01927,Norweigian Wood II - Bird Names,1,0.9901031255722046,cnn_revised_20260919T110440Z,cnn_s2_10,val,Log-Mel CNN,0.29935845732688904,0.3501252681016922
seg_005630,sample_01927,Norweigian Wood II - Bird Names,1,0.9959607720375061,cnn_revised_20260919T110440Z,cnn_s2_10,val,Log-Mel CNN,0.29935845732688904,0.3501252681016922
seg_005645,sample_01935,Roller Star - Monroeville Music Center,1,0.9927985668182373,cnn_revised_20260919T110440Z,cnn_s2_10,val,Log-Mel CNN,0.29935845732688904,0.3501252681016922
seg_005646,sample_01935,Roller Star - Monroeville Music Center,1,0.9903042912483215,cnn_revised_20260919T110440Z,cnn_s2_10,val,Log-Mel CNN,0.29935845732688904,0.3501252681016922
seg_005647,sample_01936,"Roundtrip - Oh Yeah, the Future",1,0.9994586110115051,cnn_revised_20260919T110440Z,cnn_s2_10,val,Log-Mel CNN,0.29935845732688904,0.3501252681016922
seg_005648,sample_01936,"Roundtrip - Oh Yeah, the Future",1,0.9996192455291748,cnn_revised_20260919T110440Z,cnn_s2_10,val,Log-Mel CNN,0.29935845732688904,0.3501252681016922
seg_005657,sample_01941,Soleares&beats - Malaventura,1,0.9991881251335144,cnn_revised_20260919T110440Z,cnn_s2_10,val,Log-Mel CNN,0.29935845732688904,0.3501252681016922
seg_005658,sample_01941,Soleares&beats - Malaventura,1,0.9990334510803223,cnn_revised_20260919T110440Z,cnn_s2_10,val,Log-Mel CNN,0.29935845732688904,0.3501252681016922
seg_005665,sample_01945,Stockholm Syndrome / People Should Be More Aware - Bird Names,1,0.9930217862129211,cnn_revised_20260919T110440Z,cnn_s2_10,val,Log-Mel CNN,0.29935845732688904,0.3501252681016922
seg_005666,sample_01945,Stockholm Syndrome / People Should Be More Aware - Bird Names,1,0.9971707463264465,cnn_revised_20260919T110440Z,cnn_s2_10,val,Log-Mel CNN,0.29935845732688904,0.3501252681016922
seg_005685,sample_01955,Time Is Love - Silence is full of birds,1,0.9960959553718567,cnn_revised_20260919T110440Z,cnn_s2_10,val,Log-Mel CNN,0.29935845732688904,0.3501252681016922
seg_005686,sample_01955,Time Is Love - Silence is full of birds,1,0.9998970031738281,cnn_revised_20260919T110440Z,cnn_s2_10,val,Log-Mel CNN,0.29935845732688904,0.3501252681016922
seg_005703,sample_01964,2 (Wasn't There) - Isle of Pine,1,0.9911994338035583,cnn_revised_20260919T110440Z,cnn_s2_10,val,Log-Mel CNN,0.29935845732688904,0.3501252681016922
seg_005704,sample_01964,2 (Wasn't There) - Isle of Pine,1,0.998396098613739,cnn_revised_20260919T110440Z,cnn_s2_10,val,Log-Mel CNN,0.29935845732688904,0.3501252681016922
seg_005723,sample_01974,Beyond Luxury - Mors Ontologica,1,0.9987875819206238,cnn_revised_20260919T110440Z,cnn_s2_10,val,Log-Mel CNN,0.29935845732688904,0.3501252681016922
seg_005724,sample_01974,Beyond Luxury - Mors Ontologica,1,0.9992249011993408,cnn_revised_20260919T110440Z,cnn_s2_10,val,Log-Mel CNN,0.29935845732688904,0.3501252681016922
seg_005747,sample_01986,Empty Pockets - Pete Prodoehl,1,0.9962403774261475,cnn_revised_20260919T110440Z,cnn_s2_10,val,Log-Mel CNN,0.29935845732688904,0.3501252681016922
seg_005748,sample_01986,Empty Pockets - Pete Prodoehl,1,0.9985771179199219,cnn_revised_20260919T110440Z,cnn_s2_10,val,Log-Mel CNN,0.29935845732688904,0.3501252681016922
seg_005753,sample_01989,Fear - Los Fancy Free,1,0.9973846077919006,cnn_revised_20260919T110440Z,cnn_s2_10,val,Log-Mel CNN,0.29935845732688904,0.3501252681016922
seg_005754,sample_01989,Fear - Los Fancy Free,1,0.9988356232643127,cnn_revised_20260919T110440Z,cnn_s2_10,val,Log-Mel CNN,0.29935845732688904,0.3501252681016922
seg_005763,sample_01994,Gila Monster Flop/Music History Lesson:The Sonics - The Crypts!,1,0.9995658993721008,cnn_revised_20260919T110440Z,cnn_s2_10,val,Log-Mel CNN,0.29935845732688904,0.3501252681016922
seg_005788,sample_02007,I Fell - Mod Fun,1,0.9918246865272522,cnn_revised_20260919T110440Z,cnn_s2_10,val,Log-Mel CNN,0.29935845732688904,0.3501252681016922
seg_005789,sample_02007,I Fell - Mod Fun,1,0.9967356324195862,cnn_revised_20260919T110440Z,cnn_s2_10,val,Log-Mel CNN,0.29935845732688904,0.3501252681016922
seg_005808,sample_02017,Lights Up - Pipe Choir,1,0.9984291195869446,cnn_revised_20260919T110440Z,cnn_s2_10,val,Log-Mel CNN,0.29935845732688904,0.3501252681016922
seg_005809,sample_02017,Lights Up - Pipe Choir,1,0.9969874024391174,cnn_revised_20260919T110440Z,cnn_s2_10,val,Log-Mel CNN,0.29935845732688904,0.3501252681016922
seg_005816,sample_02021,March of the GPA Mechanics - [t]ghost,1,0.9966044425964355,cnn_revised_20260919T110440Z,cnn_s2_10,val,Log-Mel CNN,0.29935845732688904,0.3501252681016922
seg_005817,sample_02021,March of the GPA Mechanics - [t]ghost,1,0.9988804459571838,cnn_revised_20260919T110440Z,cnn_s2_10,val,Log-Mel CNN,0.29935845732688904,0.3501252681016922
seg_005842,sample_02034,Redlight - Room For A Ghost,1,0.9938622713088989,cnn_revised_20260919T110440Z,cnn_s2_10,val,Log-Mel CNN,0.29935845732688904,0.3501252681016922
seg_005843,sample_02034,Redlight - Room For A Ghost,1,0.9935967922210693,cnn_revised_20260919T110440Z,cnn_s2_10,val,Log-Mel CNN,0.29935845732688904,0.3501252681016922
seg_005852,sample_02039,Scramby Eggs - Andy G. Cohen,1,0.9991705417633057,cnn_revised_20260919T110440Z,cnn_s2_10,val,Log-Mel CNN,0.29935845732688904,0.3501252681016922
seg_005853,sample_02039,Scramby Eggs - Andy G. Cohen,1,0.945846438407898,cnn_revised_20260919T110440Z,cnn_s2_10,val,Log-Mel CNN,0.29935845732688904,0.3501252681016922
seg_005860,sample_02043,Shipwrecked Crew - Pete Prodoehl,1,0.9840046167373657,cnn_revised_20260919T110440Z,cnn_s2_10,val,Log-Mel CNN,0.29935845732688904,0.3501252681016922
seg_005861,sample_02043,Shipwrecked Crew - Pete Prodoehl,1,0.9956578016281128,cnn_revised_20260919T110440Z,cnn_s2_10,val,Log-Mel CNN,0.29935845732688904,0.3501252681016922
seg_005880,sample_02053,The girl just faded - Los Llamarada,1,0.9962596893310547,cnn_revised_20260919T110440Z,cnn_s2_10,val,Log-Mel CNN,0.29935845732688904,0.3501252681016922
seg_005881,sample_02053,The girl just faded - Los Llamarada,1,0.9966112971305847,cnn_revised_20260919T110440Z,cnn_s2_10,val,Log-Mel CNN,0.29935845732688904,0.3501252681016922
seg_005892,sample_02059,Voxel - Andy G. Cohen,1,0.9890353083610535,cnn_revised_20260919T110440Z,cnn_s2_10,val,Log-Mel CNN,0.29935845732688904,0.3501252681016922
seg_005893,sample_02059,Voxel - Andy G. Cohen,1,0.9631523489952087,cnn_revised_20260919T110440Z,cnn_s2_10,val,Log-Mel CNN,0.29935845732688904,0.3501252681016922
seg_005908,sample_02067,Windows of the Skull - Sarin,1,0.9984714388847351,cnn_revised_20260919T110440Z,cnn_s2_10,val,Log-Mel CNN,0.29935845732688904,0.3501252681016922
seg_005909,sample_02067,Windows of the Skull - Sarin,1,0.9993791580200195,cnn_revised_20260919T110440Z,cnn_s2_10,val,Log-Mel CNN,0.29935845732688904,0.3501252681016922
seg_005964,sample_02087,CopperNickle - UncleBibby,1,0.5198158025741577,cnn_revised_20260919T110440Z,cnn_s2_10,val,Log-Mel CNN,0.29935845732688904,0.3501252681016922
seg_005965,sample_02087,CopperNickle - UncleBibby,1,0.9799665808677673,cnn_revised_20260919T110440Z,cnn_s2_10,val,Log-Mel CNN,0.29935845732688904,0.3501252681016922
seg_005966,sample_02087,CopperNickle - UncleBibby,1,0.8930107355117798,cnn_revised_20260919T110440Z,cnn_s2_10,val,Log-Mel CNN,0.29935845732688904,0.3501252681016922
seg_005967,sample_02088,CopperNickle - UncleBibby,1,0.5981661081314087,cnn_revised_20260919T110440Z,cnn_s2_10,val,Log-Mel CNN,0.29935845732688904,0.3501252681016922
seg_005968,sample_02088,CopperNickle - UncleBibby,1,0.9696927070617676,cnn_revised_20260919T110440Z,cnn_s2_10,val,Log-Mel CNN,0.29935845732688904,0.3501252681016922
seg_005969,sample_02088,CopperNickle - UncleBibby,1,0.9318224787712097,cnn_revised_20260919T110440Z,cnn_s2_10,val,Log-Mel CNN,0.29935845732688904,0.3501252681016922
seg_005976,sample_02091,Daylight Savings - My brother Daniel,1,0.09002099186182022,cnn_revised_20260919T110440Z,cnn_s2_10,val,Log-Mel CNN,0.29935845732688904,0.3501252681016922
seg_005977,sample_02091,Daylight Savings - My brother Daniel,1,0.6209699511528015,cnn_revised_20260919T110440Z,cnn_s2_10,val,Log-Mel CNN,0.29935845732688904,0.3501252681016922
seg_005978,sample_02091,Daylight Savings - My brother Daniel,1,0.963376522064209,cnn_revised_20260919T110440Z,cnn_s2_10,val,Log-Mel CNN,0.29935845732688904,0.3501252681016922
seg_005979,sample_02092,Daylight Savings - My brother Daniel,1,0.9953559637069702,cnn_revised_20260919T110440Z,cnn_s2_10,val,Log-Mel CNN,0.29935845732688904,0.3501252681016922
seg_005980,sample_02092,Daylight Savings - My brother Daniel,1,0.9128636717796326,cnn_revised_20260919T110440Z,cnn_s2_10,val,Log-Mel CNN,0.29935845732688904,0.3501252681016922
seg_005981,sample_02092,Daylight Savings - My brother Daniel,1,0.9980783462524414,cnn_revised_20260919T110440Z,cnn_s2_10,val,Log-Mel CNN,0.29935845732688904,0.3501252681016922
seg_006042,sample_02113,mystery team 2090 - Jesse Futerman,1,0.09528496861457825,cnn_revised_20260919T110440Z,cnn_s2_10,val,Log-Mel CNN,0.29935845732688904,0.3501252681016922
seg_006043,sample_02113,mystery team 2090 - Jesse Futerman,1,0.9211390614509583,cnn_revised_20260919T110440Z,cnn_s2_10,val,Log-Mel CNN,0.29935845732688904,0.3501252681016922
seg_006044,sample_02113,mystery team 2090 - Jesse Futerman,1,0.9922704696655273,cnn_revised_20260919T110440Z,cnn_s2_10,val,Log-Mel CNN,0.29935845732688904,0.3501252681016922
seg_006045,sample_02114,mystery team 2090 - Jesse Futerman,1,0.5018230080604553,cnn_revised_20260919T110440Z,cnn_s2_10,val,Log-Mel CNN,0.29935845732688904,0.3501252681016922
seg_006046,sample_02114,mystery team 2090 - Jesse Futerman,1,0.9352223873138428,cnn_revised_20260919T110440Z,cnn_s2_10,val,Log-Mel CNN,0.29935845732688904,0.3501252681016922
seg_006047,sample_02114,mystery team 2090 - Jesse Futerman,1,0.9824659824371338,cnn_revised_20260919T110440Z,cnn_s2_10,val,Log-Mel CNN,0.29935845732688904,0.3501252681016922
seg_006048,sample_02115,Night Drive - Decktonic,1,0.9650804996490479,cnn_revised_20260919T110440Z,cnn_s2_10,val,Log-Mel CNN,0.29935845732688904,0.3501252681016922
seg_006049,sample_02115,Night Drive - Decktonic,1,0.994748055934906,cnn_revised_20260919T110440Z,cnn_s2_10,val,Log-Mel CNN,0.29935845732688904,0.3501252681016922
seg_006050,sample_02115,Night Drive - Decktonic,1,0.9516430497169495,cnn_revised_20260919T110440Z,cnn_s2_10,val,Log-Mel CNN,0.29935845732688904,0.3501252681016922
seg_006051,sample_02116,Night Drive - Decktonic,1,0.9678201079368591,cnn_revised_20260919T110440Z,cnn_s2_10,val,Log-Mel CNN,0.29935845732688904,0.3501252681016922
seg_006052,sample_02116,Night Drive - Decktonic,1,0.8101359605789185,cnn_revised_20260919T110440Z,cnn_s2_10,val,Log-Mel CNN,0.29935845732688904,0.3501252681016922
seg_006053,sample_02116,Night Drive - Decktonic,1,0.6318231821060181,cnn_revised_20260919T110440Z,cnn_s2_10,val,Log-Mel CNN,0.29935845732688904,0.3501252681016922
seg_006066,sample_02121,Nuo Maisemat - Paavoharju,1,0.9814664125442505,cnn_revised_20260919T110440Z,cnn_s2_10,val,Log-Mel CNN,0.29935845732688904,0.3501252681016922
seg_006067,sample_02121,Nuo Maisemat - Paavoharju,1,0.8426884412765503,cnn_revised_20260919T110440Z,cnn_s2_10,val,Log-Mel CNN,0.29935845732688904,0.3501252681016922
seg_006068,sample_02121,Nuo Maisemat - Paavoharju,1,0.9940353631973267,cnn_revised_20260919T110440Z,cnn_s2_10,val,Log-Mel CNN,0.29935845732688904,0.3501252681016922
seg_006069,sample_02122,Nuo Maisemat - Paavoharju,1,0.9781067371368408,cnn_revised_20260919T110440Z,cnn_s2_10,val,Log-Mel CNN,0.29935845732688904,0.3501252681016922
seg_006070,sample_02122,Nuo Maisemat - Paavoharju,1,0.9815869927406311,cnn_revised_20260919T110440Z,cnn_s2_10,val,Log-Mel CNN,0.29935845732688904,0.3501252681016922
seg_006071,sample_02122,Nuo Maisemat - Paavoharju,1,0.9971370697021484,cnn_revised_20260919T110440Z,cnn_s2_10,val,Log-Mel CNN,0.29935845732688904,0.3501252681016922
seg_006150,sample_02149,SD (Ill Mix) - H-LR,1,0.8847280144691467,cnn_revised_20260919T110440Z,cnn_s2_10,val,Log-Mel CNN,0.29935845732688904,0.3501252681016922
seg_006151,sample_02149,SD (Ill Mix) - H-LR,1,0.9071428179740906,cnn_revised_20260919T110440Z,cnn_s2_10,val,Log-Mel CNN,0.29935845732688904,0.3501252681016922
seg_006152,sample_02149,SD (Ill Mix) - H-LR,1,0.9166245460510254,cnn_revised_20260919T110440Z,cnn_s2_10,val,Log-Mel CNN,0.29935845732688904,0.3501252681016922
seg_006153,sample_02150,SD (Ill Mix) - H-LR,1,0.025003360584378242,cnn_revised_20260919T110440Z,cnn_s2_10,val,Log-Mel CNN,0.29935845732688904,0.3501252681016922
seg_006154,sample_02150,SD (Ill Mix) - H-LR,1,0.1871623694896698,cnn_revised_20260919T110440Z,cnn_s2_10,val,Log-Mel CNN,0.29935845732688904,0.3501252681016922
seg_006155,sample_02150,SD (Ill Mix) - H-LR,1,0.423106849193573,cnn_revised_20260919T110440Z,cnn_s2_10,val,Log-Mel CNN,0.29935845732688904,0.3501252681016922
seg_006258,sample_02185,Evil Cannot Create - Caleb Lemond,1,0.2622860372066498,cnn_revised_20260919T110440Z,cnn_s2_10,val,Log-Mel CNN,0.29935845732688904,0.3501252681016922
seg_006259,sample_02185,Evil Cannot Create - Caleb Lemond,1,0.8381075263023376,cnn_revised_20260919T110440Z,cnn_s2_10,val,Log-Mel CNN,0.29935845732688904,0.3501252681016922
seg_006260,sample_02185,Evil Cannot Create - Caleb Lemond,1,0.9528728127479553,cnn_revised_20260919T110440Z,cnn_s2_10,val,Log-Mel CNN,0.29935845732688904,0.3501252681016922
seg_006261,sample_02186,Evil Cannot Create - Caleb Lemond,1,0.9821023941040039,cnn_revised_20260919T110440Z,cnn_s2_10,val,Log-Mel CNN,0.29935845732688904,0.3501252681016922
seg_006262,sample_02186,Evil Cannot Create - Caleb Lemond,1,0.8042786717414856,cnn_revised_20260919T110440Z,cnn_s2_10,val,Log-Mel CNN,0.29935845732688904,0.3501252681016922
seg_006263,sample_02186,Evil Cannot Create - Caleb Lemond,1,0.9974059462547302,cnn_revised_20260919T110440Z,cnn_s2_10,val,Log-Mel CNN,0.29935845732688904,0.3501252681016922
seg_006366,sample_02221,New Life (take 1) - Bird Names,1,0.9529113173484802,cnn_revised_20260919T110440Z,cnn_s2_10,val,Log-Mel CNN,0.29935845732688904,0.3501252681016922
seg_006367,sample_02221,New Life (take 1) - Bird Names,1,0.18292291462421417,cnn_revised_20260919T110440Z,cnn_s2_10,val,Log-Mel CNN,0.29935845732688904,0.3501252681016922
seg_006368,sample_02221,New Life (take 1) - Bird Names,1,0.4862346649169922,cnn_revised_20260919T110440Z,cnn_s2_10,val,Log-Mel CNN,0.29935845732688904,0.3501252681016922
seg_006369,sample_02222,New Life (take 1) - Bird Names,1,0.7631494402885437,cnn_revised_20260919T110440Z,cnn_s2_10,val,Log-Mel CNN,0.29935845732688904,0.3501252681016922
seg_006370,sample_02222,New Life (take 1) - Bird Names,1,0.9944873452186584,cnn_revised_20260919T110440Z,cnn_s2_10,val,Log-Mel CNN,0.29935845732688904,0.3501252681016922
seg_006371,sample_02222,New Life (take 1) - Bird Names,1,0.9998302459716797,cnn_revised_20260919T110440Z,cnn_s2_10,val,Log-Mel CNN,0.29935845732688904,0.3501252681016922
seg_006372,sample_02223,Norweigian Wood II - Bird Names,1,0.7752084136009216,cnn_revised_20260919T110440Z,cnn_s2_10,val,Log-Mel CNN,0.29935845732688904,0.3501252681016922
seg_006373,sample_02223,Norweigian Wood II - Bird Names,1,0.5937646627426147,cnn_revised_20260919T110440Z,cnn_s2_10,val,Log-Mel CNN,0.29935845732688904,0.3501252681016922
seg_006374,sample_02223,Norweigian Wood II - Bird Names,1,0.9620845913887024,cnn_revised_20260919T110440Z,cnn_s2_10,val,Log-Mel CNN,0.29935845732688904,0.3501252681016922
seg_006375,sample_02224,Norweigian Wood II - Bird Names,1,0.15200966596603394,cnn_revised_20260919T110440Z,cnn_s2_10,val,Log-Mel CNN,0.29935845732688904,0.3501252681016922
seg_006376,sample_02224,Norweigian Wood II - Bird Names,1,0.9727372527122498,cnn_revised_20260919T110440Z,cnn_s2_10,val,Log-Mel CNN,0.29935845732688904,0.3501252681016922
seg_006377,sample_02224,Norweigian Wood II - Bird Names,1,0.9990137815475464,cnn_revised_20260919T110440Z,cnn_s2_10,val,Log-Mel CNN,0.29935845732688904,0.3501252681016922
seg_006396,sample_02231,Roller Star - Monroeville Music Center,1,0.8625773787498474,cnn_revised_20260919T110440Z,cnn_s2_10,val,Log-Mel CNN,0.29935845732688904,0.3501252681016922
seg_006397,sample_02231,Roller Star - Monroeville Music Center,1,0.528912365436554,cnn_revised_20260919T110440Z,cnn_s2_10,val,Log-Mel CNN,0.29935845732688904,0.3501252681016922
seg_006398,sample_02231,Roller Star - Monroeville Music Center,1,0.9649063348770142,cnn_revised_20260919T110440Z,cnn_s2_10,val,Log-Mel CNN,0.29935845732688904,0.3501252681016922
seg_006399,sample_02232,Roller Star - Monroeville Music Center,1,0.7134486436843872,cnn_revised_20260919T110440Z,cnn_s2_10,val,Log-Mel CNN,0.29935845732688904,0.3501252681016922
seg_006400,sample_02232,Roller Star - Monroeville Music Center,1,0.9536285400390625,cnn_revised_20260919T110440Z,cnn_s2_10,val,Log-Mel CNN,0.29935845732688904,0.3501252681016922
seg_006401,sample_02232,Roller Star - Monroeville Music Center,1,0.9987121820449829,cnn_revised_20260919T110440Z,cnn_s2_10,val,Log-Mel CNN,0.29935845732688904,0.3501252681016922
seg_006402,sample_02233,"Roundtrip - Oh Yeah, the Future",1,0.9313406944274902,cnn_revised_20260919T110440Z,cnn_s2_10,val,Log-Mel CNN,0.29935845732688904,0.3501252681016922
seg_006403,sample_02233,"Roundtrip - Oh Yeah, the Future",1,0.8356109261512756,cnn_revised_20260919T110440Z,cnn_s2_10,val,Log-Mel CNN,0.29935845732688904,0.3501252681016922
seg_006404,sample_02233,"Roundtrip - Oh Yeah, the Future",1,0.8268000483512878,cnn_revised_20260919T110440Z,cnn_s2_10,val,Log-Mel CNN,0.29935845732688904,0.3501252681016922
seg_006405,sample_02234,"Roundtrip - Oh Yeah, the Future",1,0.9030599594116211,cnn_revised_20260919T110440Z,cnn_s2_10,val,Log-Mel CNN,0.29935845732688904,0.3501252681016922
seg_006406,sample_02234,"Roundtrip - Oh Yeah, the Future",1,0.8475525975227356,cnn_revised_20260919T110440Z,cnn_s2_10,val,Log-Mel CNN,0.29935845732688904,0.3501252681016922
seg_006407,sample_02234,"Roundtrip - Oh Yeah, the Future",1,0.9204076528549194,cnn_revised_20260919T110440Z,cnn_s2_10,val,Log-Mel CNN,0.29935845732688904,0.3501252681016922
seg_006420,sample_02239,Soleares&beats - Malaventura,1,0.9028858542442322,cnn_revised_20260919T110440Z,cnn_s2_10,val,Log-Mel CNN,0.29935845732688904,0.3501252681016922
seg_006421,sample_02239,Soleares&beats - Malaventura,1,0.713487982749939,cnn_revised_20260919T110440Z,cnn_s2_10,val,Log-Mel CNN,0.29935845732688904,0.3501252681016922
seg_006422,sample_02239,Soleares&beats - Malaventura,1,0.9276936054229736,cnn_revised_20260919T110440Z,cnn_s2_10,val,Log-Mel CNN,0.29935845732688904,0.3501252681016922
seg_006423,sample_02240,Soleares&beats - Malaventura,1,0.4543886184692383,cnn_revised_20260919T110440Z,cnn_s2_10,val,Log-Mel CNN,0.29935845732688904,0.3501252681016922
seg_006424,sample_02240,Soleares&beats - Malaventura,1,0.7542706727981567,cnn_revised_20260919T110440Z,cnn_s2_10,val,Log-Mel CNN,0.29935845732688904,0.3501252681016922
seg_006425,sample_02240,Soleares&beats - Malaventura,1,0.8661019802093506,cnn_revised_20260919T110440Z,cnn_s2_10,val,Log-Mel CNN,0.29935845732688904,0.3501252681016922
seg_006438,sample_02245,Stockholm Syndrome / People Should Be More Aware - Bird Names,1,0.9738485813140869,cnn_revised_20260919T110440Z,cnn_s2_10,val,Log-Mel CNN,0.29935845732688904,0.3501252681016922
seg_006439,sample_02245,Stockholm Syndrome / People Should Be More Aware - Bird Names,1,0.9005703330039978,cnn_revised_20260919T110440Z,cnn_s2_10,val,Log-Mel CNN,0.29935845732688904,0.3501252681016922
seg_006440,sample_02245,Stockholm Syndrome / People Should Be More Aware - Bird Names,1,0.8437672853469849,cnn_revised_20260919T110440Z,cnn_s2_10,val,Log-Mel CNN,0.29935845732688904,0.3501252681016922
seg_006441,sample_02246,Stockholm Syndrome / People Should Be More Aware - Bird Names,1,0.9130812287330627,cnn_revised_20260919T110440Z,cnn_s2_10,val,Log-Mel CNN,0.29935845732688904,0.3501252681016922
seg_006442,sample_02246,Stockholm Syndrome / People Should Be More Aware - Bird Names,1,0.9934420585632324,cnn_revised_20260919T110440Z,cnn_s2_10,val,Log-Mel CNN,0.29935845732688904,0.3501252681016922
seg_006443,sample_02246,Stockholm Syndrome / People Should Be More Aware - Bird Names,1,0.8822435140609741,cnn_revised_20260919T110440Z,cnn_s2_10,val,Log-Mel CNN,0.29935845732688904,0.3501252681016922
seg_006480,sample_02259,Time Is Love - Silence is full of birds,1,0.9861764311790466,cnn_revised_20260919T110440Z,cnn_s2_10,val,Log-Mel CNN,0.29935845732688904,0.3501252681016922
seg_006481,sample_02259,Time Is Love - Silence is full of birds,1,0.9221482872962952,cnn_revised_20260919T110440Z,cnn_s2_10,val,Log-Mel CNN,0.29935845732688904,0.3501252681016922
seg_006482,sample_02259,Time Is Love - Silence is full of birds,1,0.992375910282135,cnn_revised_20260919T110440Z,cnn_s2_10,val,Log-Mel CNN,0.29935845732688904,0.3501252681016922
seg_006483,sample_02260,Time Is Love - Silence is full of birds,1,0.114811971783638,cnn_revised_20260919T110440Z,cnn_s2_10,val,Log-Mel CNN,0.29935845732688904,0.3501252681016922
seg_006484,sample_02260,Time Is Love - Silence is full of birds,1,0.5964362025260925,cnn_revised_20260919T110440Z,cnn_s2_10,val,Log-Mel CNN,0.29935845732688904,0.3501252681016922
seg_006485,sample_02260,Time Is Love - Silence is full of birds,1,0.9486340880393982,cnn_revised_20260919T110440Z,cnn_s2_10,val,Log-Mel CNN,0.29935845732688904,0.3501252681016922
seg_006522,sample_02273,2 (Wasn't There) - Isle of Pine,1,0.9678514003753662,cnn_revised_20260919T110440Z,cnn_s2_10,val,Log-Mel CNN,0.29935845732688904,0.3501252681016922
seg_006523,sample_02273,2 (Wasn't There) - Isle of Pine,1,0.9773803353309631,cnn_revised_20260919T110440Z,cnn_s2_10,val,Log-Mel CNN,0.29935845732688904,0.3501252681016922
seg_006524,sample_02273,2 (Wasn't There) - Isle of Pine,1,0.9992287158966064,cnn_revised_20260919T110440Z,cnn_s2_10,val,Log-Mel CNN,0.29935845732688904,0.3501252681016922
seg_006525,sample_02274,2 (Wasn't There) - Isle of Pine,1,0.8967555165290833,cnn_revised_20260919T110440Z,cnn_s2_10,val,Log-Mel CNN,0.29935845732688904,0.3501252681016922
seg_006526,sample_02274,2 (Wasn't There) - Isle of Pine,1,0.9919235110282898,cnn_revised_20260919T110440Z,cnn_s2_10,val,Log-Mel CNN,0.29935845732688904,0.3501252681016922
seg_006527,sample_02274,2 (Wasn't There) - Isle of Pine,1,0.9931288957595825,cnn_revised_20260919T110440Z,cnn_s2_10,val,Log-Mel CNN,0.29935845732688904,0.3501252681016922
seg_006552,sample_02283,Empty Pockets - Pete Prodoehl,1,0.7322561144828796,cnn_revised_20260919T110440Z,cnn_s2_10,val,Log-Mel CNN,0.29935845732688904,0.3501252681016922
seg_006553,sample_02283,Empty Pockets - Pete Prodoehl,1,0.8578647971153259,cnn_revised_20260919T110440Z,cnn_s2_10,val,Log-Mel CNN,0.29935845732688904,0.3501252681016922
seg_006554,sample_02283,Empty Pockets - Pete Prodoehl,1,0.9894065260887146,cnn_revised_20260919T110440Z,cnn_s2_10,val,Log-Mel CNN,0.29935845732688904,0.3501252681016922
seg_006555,sample_02284,Empty Pockets - Pete Prodoehl,1,0.5047337412834167,cnn_revised_20260919T110440Z,cnn_s2_10,val,Log-Mel CNN,0.29935845732688904,0.3501252681016922
seg_006556,sample_02284,Empty Pockets - Pete Prodoehl,1,0.6184837818145752,cnn_revised_20260919T110440Z,cnn_s2_10,val,Log-Mel CNN,0.29935845732688904,0.3501252681016922
seg_006557,sample_02284,Empty Pockets - Pete Prodoehl,1,0.5819916129112244,cnn_revised_20260919T110440Z,cnn_s2_10,val,Log-Mel CNN,0.29935845732688904,0.3501252681016922
seg_006570,sample_02289,Gila Monster Flop/Music History Lesson:The Sonics - The Crypts!,1,0.9581157565116882,cnn_revised_20260919T110440Z,cnn_s2_10,val,Log-Mel CNN,0.29935845732688904,0.3501252681016922
seg_006571,sample_02289,Gila Monster Flop/Music History Lesson:The Sonics - The Crypts!,1,0.9503230452537537,cnn_revised_20260919T110440Z,cnn_s2_10,val,Log-Mel CNN,0.29935845732688904,0.3501252681016922
seg_006572,sample_02289,Gila Monster Flop/Music History Lesson:The Sonics - The Crypts!,1,0.9061322212219238,cnn_revised_20260919T110440Z,cnn_s2_10,val,Log-Mel CNN,0.29935845732688904,0.3501252681016922
seg_006573,sample_02290,Gila Monster Flop/Music History Lesson:The Sonics - The Crypts!,1,0.7660698294639587,cnn_revised_20260919T110440Z,cnn_s2_10,val,Log-Mel CNN,0.29935845732688904,0.3501252681016922
seg_006574,sample_02290,Gila Monster Flop/Music History Lesson:The Sonics - The Crypts!,1,0.08452281355857849,cnn_revised_20260919T110440Z,cnn_s2_10,val,Log-Mel CNN,0.29935845732688904,0.3501252681016922
seg_006575,sample_02290,Gila Monster Flop/Music History Lesson:The Sonics - The Crypts!,1,0.9338368773460388,cnn_revised_20260919T110440Z,cnn_s2_10,val,Log-Mel CNN,0.29935845732688904,0.3501252681016922
seg_006588,sample_02295,I Fell - Mod Fun,1,0.842677891254425,cnn_revised_20260919T110440Z,cnn_s2_10,val,Log-Mel CNN,0.29935845732688904,0.3501252681016922
seg_006589,sample_02295,I Fell - Mod Fun,1,0.5846964120864868,cnn_revised_20260919T110440Z,cnn_s2_10,val,Log-Mel CNN,0.29935845732688904,0.3501252681016922
seg_006590,sample_02295,I Fell - Mod Fun,1,0.920225203037262,cnn_revised_20260919T110440Z,cnn_s2_10,val,Log-Mel CNN,0.29935845732688904,0.3501252681016922
seg_006591,sample_02296,I Fell - Mod Fun,1,0.8153911232948303,cnn_revised_20260919T110440Z,cnn_s2_10,val,Log-Mel CNN,0.29935845732688904,0.3501252681016922
seg_006592,sample_02296,I Fell - Mod Fun,1,0.8537918925285339,cnn_revised_20260919T110440Z,cnn_s2_10,val,Log-Mel CNN,0.29935845732688904,0.3501252681016922
seg_006593,sample_02296,I Fell - Mod Fun,1,0.9927282333374023,cnn_revised_20260919T110440Z,cnn_s2_10,val,Log-Mel CNN,0.29935845732688904,0.3501252681016922
seg_006636,sample_02311,March of the GPA Mechanics - [t]ghost,1,0.4777161777019501,cnn_revised_20260919T110440Z,cnn_s2_10,val,Log-Mel CNN,0.29935845732688904,0.3501252681016922
seg_006637,sample_02311,March of the GPA Mechanics - [t]ghost,1,0.789592981338501,cnn_revised_20260919T110440Z,cnn_s2_10,val,Log-Mel CNN,0.29935845732688904,0.3501252681016922
seg_006638,sample_02311,March of the GPA Mechanics - [t]ghost,1,0.7927013039588928,cnn_revised_20260919T110440Z,cnn_s2_10,val,Log-Mel CNN,0.29935845732688904,0.3501252681016922
seg_006639,sample_02312,March of the GPA Mechanics - [t]ghost,1,0.9524507522583008,cnn_revised_20260919T110440Z,cnn_s2_10,val,Log-Mel CNN,0.29935845732688904,0.3501252681016922
seg_006640,sample_02312,March of the GPA Mechanics - [t]ghost,1,0.642753005027771,cnn_revised_20260919T110440Z,cnn_s2_10,val,Log-Mel CNN,0.29935845732688904,0.3501252681016922
seg_006641,sample_02312,March of the GPA Mechanics - [t]ghost,1,0.981759786605835,cnn_revised_20260919T110440Z,cnn_s2_10,val,Log-Mel CNN,0.29935845732688904,0.3501252681016922
seg_006696,sample_02331,Scramby Eggs - Andy G. Cohen,1,0.8953256011009216,cnn_revised_20260919T110440Z,cnn_s2_10,val,Log-Mel CNN,0.29935845732688904,0.3501252681016922
seg_006697,sample_02331,Scramby Eggs - Andy G. Cohen,1,0.9720654487609863,cnn_revised_20260919T110440Z,cnn_s2_10,val,Log-Mel CNN,0.29935845732688904,0.3501252681016922
seg_006698,sample_02331,Scramby Eggs - Andy G. Cohen,1,0.9714787006378174,cnn_revised_20260919T110440Z,cnn_s2_10,val,Log-Mel CNN,0.29935845732688904,0.3501252681016922
seg_006699,sample_02332,Scramby Eggs - Andy G. Cohen,1,0.8678068518638611,cnn_revised_20260919T110440Z,cnn_s2_10,val,Log-Mel CNN,0.29935845732688904,0.3501252681016922
seg_006700,sample_02332,Scramby Eggs - Andy G. Cohen,1,0.43863359093666077,cnn_revised_20260919T110440Z,cnn_s2_10,val,Log-Mel CNN,0.29935845732688904,0.3501252681016922
seg_006701,sample_02332,Scramby Eggs - Andy G. Cohen,1,0.961576521396637,cnn_revised_20260919T110440Z,cnn_s2_10,val,Log-Mel CNN,0.29935845732688904,0.3501252681016922
seg_006750,sample_02349,The girl just faded - Los Llamarada,1,0.5772604942321777,cnn_revised_20260919T110440Z,cnn_s2_10,val,Log-Mel CNN,0.29935845732688904,0.3501252681016922
seg_006751,sample_02349,The girl just faded - Los Llamarada,1,0.604606568813324,cnn_revised_20260919T110440Z,cnn_s2_10,val,Log-Mel CNN,0.29935845732688904,0.3501252681016922
seg_006752,sample_02349,The girl just faded - Los Llamarada,1,0.3066055178642273,cnn_revised_20260919T110440Z,cnn_s2_10,val,Log-Mel CNN,0.29935845732688904,0.3501252681016922
seg_006753,sample_02350,The girl just faded - Los Llamarada,1,0.9836491346359253,cnn_revised_20260919T110440Z,cnn_s2_10,val,Log-Mel CNN,0.29935845732688904,0.3501252681016922
seg_006754,sample_02350,The girl just faded - Los Llamarada,1,0.941257655620575,cnn_revised_20260919T110440Z,cnn_s2_10,val,Log-Mel CNN,0.29935845732688904,0.3501252681016922
seg_006755,sample_02350,The girl just faded - Los Llamarada,1,0.8138388395309448,cnn_revised_20260919T110440Z,cnn_s2_10,val,Log-Mel CNN,0.29935845732688904,0.3501252681016922
seg_006768,sample_02355,Voxel - Andy G. Cohen,1,0.7962822318077087,cnn_revised_20260919T110440Z,cnn_s2_10,val,Log-Mel CNN,0.29935845732688904,0.3501252681016922
seg_006769,sample_02355,Voxel - Andy G. Cohen,1,0.7322405576705933,cnn_revised_20260919T110440Z,cnn_s2_10,val,Log-Mel CNN,0.29935845732688904,0.3501252681016922
seg_006770,sample_02355,Voxel - Andy G. Cohen,1,0.9988052845001221,cnn_revised_20260919T110440Z,cnn_s2_10,val,Log-Mel CNN,0.29935845732688904,0.3501252681016922
seg_006771,sample_02356,Voxel - Andy G. Cohen,1,0.9859997630119324,cnn_revised_20260919T110440Z,cnn_s2_10,val,Log-Mel CNN,0.29935845732688904,0.3501252681016922
seg_006772,sample_02356,Voxel - Andy G. Cohen,1,0.9492273926734924,cnn_revised_20260919T110440Z,cnn_s2_10,val,Log-Mel CNN,0.29935845732688904,0.3501252681016922
seg_006773,sample_02356,Voxel - Andy G. Cohen,1,0.9842574596405029,cnn_revised_20260919T110440Z,cnn_s2_10,val,Log-Mel CNN,0.29935845732688904,0.3501252681016922
seg_006792,sample_02363,Windows of the Skull - Sarin,1,0.9962427616119385,cnn_revised_20260919T110440Z,cnn_s2_10,val,Log-Mel CNN,0.29935845732688904,0.3501252681016922
seg_006793,sample_02363,Windows of the Skull - Sarin,1,0.5011777877807617,cnn_revised_20260919T110440Z,cnn_s2_10,val,Log-Mel CNN,0.29935845732688904,0.3501252681016922
seg_006794,sample_02363,Windows of the Skull - Sarin,1,0.2847723364830017,cnn_revised_20260919T110440Z,cnn_s2_10,val,Log-Mel CNN,0.29935845732688904,0.3501252681016922
seg_006795,sample_02364,Windows of the Skull - Sarin,1,0.990291178226471,cnn_revised_20260919T110440Z,cnn_s2_10,val,Log-Mel CNN,0.29935845732688904,0.3501252681016922
seg_006796,sample_02364,Windows of the Skull - Sarin,1,0.3639187514781952,cnn_revised_20260919T110440Z,cnn_s2_10,val,Log-Mel CNN,0.29935845732688904,0.3501252681016922
seg_006797,sample_02364,Windows of the Skull - Sarin,1,0.9930221438407898,cnn_revised_20260919T110440Z,cnn_s2_10,val,Log-Mel CNN,0.29935845732688904,0.3501252681016922
seg_006810,sample_02369,Новый Нью-Йорк 2 - Чокнутый Пропеллер,1,0.27325454354286194,cnn_revised_20260919T110440Z,cnn_s2_10,val,Log-Mel CNN,0.29935845732688904,0.3501252681016922
seg_006811,sample_02369,Новый Нью-Йорк 2 - Чокнутый Пропеллер,1,0.8309758901596069,cnn_revised_20260919T110440Z,cnn_s2_10,val,Log-Mel CNN,0.29935845732688904,0.3501252681016922
seg_006812,sample_02369,Новый Нью-Йорк 2 - Чокнутый Пропеллер,1,0.6629964113235474,cnn_revised_20260919T110440Z,cnn_s2_10,val,Log-Mel CNN,0.29935845732688904,0.3501252681016922
seg_006813,sample_02370,Новый Нью-Йорк 2 - Чокнутый Пропеллер,1,0.767550528049469,cnn_revised_20260919T110440Z,cnn_s2_10,val,Log-Mel CNN,0.29935845732688904,0.3501252681016922
seg_006814,sample_02370,Новый Нью-Йорк 2 - Чокнутый Пропеллер,1,0.863539457321167,cnn_revised_20260919T110440Z,cnn_s2_10,val,Log-Mel CNN,0.29935845732688904,0.3501252681016922
seg_006815,sample_02370,Новый Нью-Йорк 2 - Чокнутый Пропеллер,1,0.9182889461517334,cnn_revised_20260919T110440Z,cnn_s2_10,val,Log-Mel CNN,0.29935845732688904,0.3501252681016922
seg_006864,sample_02387,CopperNickle - UncleBibby,1,0.9994507431983948,cnn_revised_20260919T110440Z,cnn_s2_10,val,Log-Mel CNN,0.29935845732688904,0.3501252681016922
seg_006865,sample_02387,CopperNickle - UncleBibby,1,0.9979088306427002,cnn_revised_20260919T110440Z,cnn_s2_10,val,Log-Mel CNN,0.29935845732688904,0.3501252681016922
seg_006866,sample_02387,CopperNickle - UncleBibby,1,0.9975969195365906,cnn_revised_20260919T110440Z,cnn_s2_10,val,Log-Mel CNN,0.29935845732688904,0.3501252681016922
seg_006867,sample_02388,CopperNickle - UncleBibby,1,0.9829051494598389,cnn_revised_20260919T110440Z,cnn_s2_10,val,Log-Mel CNN,0.29935845732688904,0.3501252681016922
seg_006868,sample_02388,CopperNickle - UncleBibby,1,0.9490354657173157,cnn_revised_20260919T110440Z,cnn_s2_10,val,Log-Mel CNN,0.29935845732688904,0.3501252681016922
seg_006869,sample_02388,CopperNickle - UncleBibby,1,0.9906807541847229,cnn_revised_20260919T110440Z,cnn_s2_10,val,Log-Mel CNN,0.29935845732688904,0.3501252681016922
seg_006876,sample_02391,Daylight Savings - My brother Daniel,1,0.9862239360809326,cnn_revised_20260919T110440Z,cnn_s2_10,val,Log-Mel CNN,0.29935845732688904,0.3501252681016922
seg_006877,sample_02391,Daylight Savings - My brother Daniel,1,0.9486760497093201,cnn_revised_20260919T110440Z,cnn_s2_10,val,Log-Mel CNN,0.29935845732688904,0.3501252681016922
seg_006878,sample_02391,Daylight Savings - My brother Daniel,1,0.9989722967147827,cnn_revised_20260919T110440Z,cnn_s2_10,val,Log-Mel CNN,0.29935845732688904,0.3501252681016922
seg_006879,sample_02392,Daylight Savings - My brother Daniel,1,0.841392457485199,cnn_revised_20260919T110440Z,cnn_s2_10,val,Log-Mel CNN,0.29935845732688904,0.3501252681016922
seg_006880,sample_02392,Daylight Savings - My brother Daniel,1,0.9608218669891357,cnn_revised_20260919T110440Z,cnn_s2_10,val,Log-Mel CNN,0.29935845732688904,0.3501252681016922
seg_006881,sample_02392,Daylight Savings - My brother Daniel,1,0.9551509022712708,cnn_revised_20260919T110440Z,cnn_s2_10,val,Log-Mel CNN,0.29935845732688904,0.3501252681016922
seg_006942,sample_02413,mystery team 2090 - Jesse Futerman,1,0.11893275380134583,cnn_revised_20260919T110440Z,cnn_s2_10,val,Log-Mel CNN,0.29935845732688904,0.3501252681016922
seg_006943,sample_02413,mystery team 2090 - Jesse Futerman,1,0.285442978143692,cnn_revised_20260919T110440Z,cnn_s2_10,val,Log-Mel CNN,0.29935845732688904,0.3501252681016922
seg_006944,sample_02413,mystery team 2090 - Jesse Futerman,1,0.8785053491592407,cnn_revised_20260919T110440Z,cnn_s2_10,val,Log-Mel CNN,0.29935845732688904,0.3501252681016922
seg_006945,sample_02414,mystery team 2090 - Jesse Futerman,1,0.05511931702494621,cnn_revised_20260919T110440Z,cnn_s2_10,val,Log-Mel CNN,0.29935845732688904,0.3501252681016922
seg_006946,sample_02414,mystery team 2090 - Jesse Futerman,1,0.09583558142185211,cnn_revised_20260919T110440Z,cnn_s2_10,val,Log-Mel CNN,0.29935845732688904,0.3501252681016922
seg_006947,sample_02414,mystery team 2090 - Jesse Futerman,1,0.9989933371543884,cnn_revised_20260919T110440Z,cnn_s2_10,val,Log-Mel CNN,0.29935845732688904,0.3501252681016922
seg_006948,sample_02415,Night Drive - Decktonic,1,0.4955439865589142,cnn_revised_20260919T110440Z,cnn_s2_10,val,Log-Mel CNN,0.29935845732688904,0.3501252681016922
seg_006949,sample_02415,Night Drive - Decktonic,1,0.8981663584709167,cnn_revised_20260919T110440Z,cnn_s2_10,val,Log-Mel CNN,0.29935845732688904,0.3501252681016922
seg_006950,sample_02415,Night Drive - Decktonic,1,0.9965962767601013,cnn_revised_20260919T110440Z,cnn_s2_10,val,Log-Mel CNN,0.29935845732688904,0.3501252681016922
seg_006951,sample_02416,Night Drive - Decktonic,1,0.8876937031745911,cnn_revised_20260919T110440Z,cnn_s2_10,val,Log-Mel CNN,0.29935845732688904,0.3501252681016922
seg_006952,sample_02416,Night Drive - Decktonic,1,0.9517157077789307,cnn_revised_20260919T110440Z,cnn_s2_10,val,Log-Mel CNN,0.29935845732688904,0.3501252681016922
seg_006953,sample_02416,Night Drive - Decktonic,1,0.9978238344192505,cnn_revised_20260919T110440Z,cnn_s2_10,val,Log-Mel CNN,0.29935845732688904,0.3501252681016922
seg_006966,sample_02421,Nuo Maisemat - Paavoharju,1,0.8426029682159424,cnn_revised_20260919T110440Z,cnn_s2_10,val,Log-Mel CNN,0.29935845732688904,0.3501252681016922
seg_006967,sample_02421,Nuo Maisemat - Paavoharju,1,0.1588355451822281,cnn_revised_20260919T110440Z,cnn_s2_10,val,Log-Mel CNN,0.29935845732688904,0.3501252681016922
seg_006968,sample_02421,Nuo Maisemat - Paavoharju,1,0.7875866889953613,cnn_revised_20260919T110440Z,cnn_s2_10,val,Log-Mel CNN,0.29935845732688904,0.3501252681016922
seg_006969,sample_02422,Nuo Maisemat - Paavoharju,1,0.9995827078819275,cnn_revised_20260919T110440Z,cnn_s2_10,val,Log-Mel CNN,0.29935845732688904,0.3501252681016922
seg_006970,sample_02422,Nuo Maisemat - Paavoharju,1,0.9771925806999207,cnn_revised_20260919T110440Z,cnn_s2_10,val,Log-Mel CNN,0.29935845732688904,0.3501252681016922
seg_006971,sample_02422,Nuo Maisemat - Paavoharju,1,0.875328004360199,cnn_revised_20260919T110440Z,cnn_s2_10,val,Log-Mel CNN,0.29935845732688904,0.3501252681016922
seg_007050,sample_02449,SD (Ill Mix) - H-LR,1,0.8303773999214172,cnn_revised_20260919T110440Z,cnn_s2_10,val,Log-Mel CNN,0.29935845732688904,0.3501252681016922
seg_007051,sample_02449,SD (Ill Mix) - H-LR,1,0.9021286368370056,cnn_revised_20260919T110440Z,cnn_s2_10,val,Log-Mel CNN,0.29935845732688904,0.3501252681016922
seg_007052,sample_02449,SD (Ill Mix) - H-LR,1,0.9712327122688293,cnn_revised_20260919T110440Z,cnn_s2_10,val,Log-Mel CNN,0.29935845732688904,0.3501252681016922
seg_007053,sample_02450,SD (Ill Mix) - H-LR,1,0.8870570063591003,cnn_revised_20260919T110440Z,cnn_s2_10,val,Log-Mel CNN,0.29935845732688904,0.3501252681016922
seg_007054,sample_02450,SD (Ill Mix) - H-LR,1,0.9522209167480469,cnn_revised_20260919T110440Z,cnn_s2_10,val,Log-Mel CNN,0.29935845732688904,0.3501252681016922
seg_007055,sample_02450,SD (Ill Mix) - H-LR,1,0.9886493682861328,cnn_revised_20260919T110440Z,cnn_s2_10,val,Log-Mel CNN,0.29935845732688904,0.3501252681016922
seg_007158,sample_02485,Evil Cannot Create - Caleb Lemond,1,0.052183959633111954,cnn_revised_20260919T110440Z,cnn_s2_10,val,Log-Mel CNN,0.29935845732688904,0.3501252681016922
seg_007159,sample_02485,Evil Cannot Create - Caleb Lemond,1,0.8895521759986877,cnn_revised_20260919T110440Z,cnn_s2_10,val,Log-Mel CNN,0.29935845732688904,0.3501252681016922
seg_007160,sample_02485,Evil Cannot Create - Caleb Lemond,1,0.6510719656944275,cnn_revised_20260919T110440Z,cnn_s2_10,val,Log-Mel CNN,0.29935845732688904,0.3501252681016922
seg_007161,sample_02486,Evil Cannot Create - Caleb Lemond,1,0.5985536575317383,cnn_revised_20260919T110440Z,cnn_s2_10,val,Log-Mel CNN,0.29935845732688904,0.3501252681016922
seg_007162,sample_02486,Evil Cannot Create - Caleb Lemond,1,0.3985511064529419,cnn_revised_20260919T110440Z,cnn_s2_10,val,Log-Mel CNN,0.29935845732688904,0.3501252681016922
seg_007163,sample_02486,Evil Cannot Create - Caleb Lemond,1,0.4951418936252594,cnn_revised_20260919T110440Z,cnn_s2_10,val,Log-Mel CNN,0.29935845732688904,0.3501252681016922
seg_007266,sample_02521,New Life (take 1) - Bird Names,1,0.0724940150976181,cnn_revised_20260919T110440Z,cnn_s2_10,val,Log-Mel CNN,0.29935845732688904,0.3501252681016922
seg_007267,sample_02521,New Life (take 1) - Bird Names,1,0.3921525776386261,cnn_revised_20260919T110440Z,cnn_s2_10,val,Log-Mel CNN,0.29935845732688904,0.3501252681016922
seg_007268,sample_02521,New Life (take 1) - Bird Names,1,0.9834854006767273,cnn_revised_20260919T110440Z,cnn_s2_10,val,Log-Mel CNN,0.29935845732688904,0.3501252681016922
seg_007269,sample_02522,New Life (take 1) - Bird Names,1,0.191771999001503,cnn_revised_20260919T110440Z,cnn_s2_10,val,Log-Mel CNN,0.29935845732688904,0.3501252681016922
seg_007270,sample_02522,New Life (take 1) - Bird Names,1,0.027093850076198578,cnn_revised_20260919T110440Z,cnn_s2_10,val,Log-Mel CNN,0.29935845732688904,0.3501252681016922
seg_007271,sample_02522,New Life (take 1) - Bird Names,1,0.06068335101008415,cnn_revised_20260919T110440Z,cnn_s2_10,val,Log-Mel CNN,0.29935845732688904,0.3501252681016922
seg_007272,sample_02523,Norweigian Wood II - Bird Names,1,0.28181666135787964,cnn_revised_20260919T110440Z,cnn_s2_10,val,Log-Mel CNN,0.29935845732688904,0.3501252681016922
seg_007273,sample_02523,Norweigian Wood II - Bird Names,1,0.8540219068527222,cnn_revised_20260919T110440Z,cnn_s2_10,val,Log-Mel CNN,0.29935845732688904,0.3501252681016922
seg_007274,sample_02523,Norweigian Wood II - Bird Names,1,0.9950460195541382,cnn_revised_20260919T110440Z,cnn_s2_10,val,Log-Mel CNN,0.29935845732688904,0.3501252681016922
seg_007275,sample_02524,Norweigian Wood II - Bird Names,1,0.4253823161125183,cnn_revised_20260919T110440Z,cnn_s2_10,val,Log-Mel CNN,0.29935845732688904,0.3501252681016922
seg_007276,sample_02524,Norweigian Wood II - Bird Names,1,0.13277623057365417,cnn_revised_20260919T110440Z,cnn_s2_10,val,Log-Mel CNN,0.29935845732688904,0.3501252681016922
seg_007277,sample_02524,Norweigian Wood II - Bird Names,1,0.1484318971633911,cnn_revised_20260919T110440Z,cnn_s2_10,val,Log-Mel CNN,0.29935845732688904,0.3501252681016922
seg_007296,sample_02531,Roller Star - Monroeville Music Center,1,0.9200384616851807,cnn_revised_20260919T110440Z,cnn_s2_10,val,Log-Mel CNN,0.29935845732688904,0.3501252681016922
seg_007297,sample_02531,Roller Star - Monroeville Music Center,1,0.9364479184150696,cnn_revised_20260919T110440Z,cnn_s2_10,val,Log-Mel CNN,0.29935845732688904,0.3501252681016922
seg_007298,sample_02531,Roller Star - Monroeville Music Center,1,0.9890802502632141,cnn_revised_20260919T110440Z,cnn_s2_10,val,Log-Mel CNN,0.29935845732688904,0.3501252681016922
seg_007299,sample_02532,Roller Star - Monroeville Music Center,1,0.3521703779697418,cnn_revised_20260919T110440Z,cnn_s2_10,val,Log-Mel CNN,0.29935845732688904,0.3501252681016922
seg_007300,sample_02532,Roller Star - Monroeville Music Center,1,0.9605220556259155,cnn_revised_20260919T110440Z,cnn_s2_10,val,Log-Mel CNN,0.29935845732688904,0.3501252681016922
seg_007301,sample_02532,Roller Star - Monroeville Music Center,1,0.9916986227035522,cnn_revised_20260919T110440Z,cnn_s2_10,val,Log-Mel CNN,0.29935845732688904,0.3501252681016922
seg_007302,sample_02533,"Roundtrip - Oh Yeah, the Future",1,0.9687902927398682,cnn_revised_20260919T110440Z,cnn_s2_10,val,Log-Mel CNN,0.29935845732688904,0.3501252681016922
seg_007303,sample_02533,"Roundtrip - Oh Yeah, the Future",1,0.986084520816803,cnn_revised_20260919T110440Z,cnn_s2_10,val,Log-Mel CNN,0.29935845732688904,0.3501252681016922
seg_007304,sample_02533,"Roundtrip - Oh Yeah, the Future",1,0.9601566195487976,cnn_revised_20260919T110440Z,cnn_s2_10,val,Log-Mel CNN,0.29935845732688904,0.3501252681016922
seg_007305,sample_02534,"Roundtrip - Oh Yeah, the Future",1,0.7893643379211426,cnn_revised_20260919T110440Z,cnn_s2_10,val,Log-Mel CNN,0.29935845732688904,0.3501252681016922
seg_007306,sample_02534,"Roundtrip - Oh Yeah, the Future",1,0.9938507080078125,cnn_revised_20260919T110440Z,cnn_s2_10,val,Log-Mel CNN,0.29935845732688904,0.3501252681016922
seg_007307,sample_02534,"Roundtrip - Oh Yeah, the Future",1,0.9634997844696045,cnn_revised_20260919T110440Z,cnn_s2_10,val,Log-Mel CNN,0.29935845732688904,0.3501252681016922
seg_007320,sample_02539,Soleares&beats - Malaventura,1,0.41193079948425293,cnn_revised_20260919T110440Z,cnn_s2_10,val,Log-Mel CNN,0.29935845732688904,0.3501252681016922
seg_007321,sample_02539,Soleares&beats - Malaventura,1,0.6886950731277466,cnn_revised_20260919T110440Z,cnn_s2_10,val,Log-Mel CNN,0.29935845732688904,0.3501252681016922
seg_007322,sample_02539,Soleares&beats - Malaventura,1,0.19531747698783875,cnn_revised_20260919T110440Z,cnn_s2_10,val,Log-Mel CNN,0.29935845732688904,0.3501252681016922
seg_007323,sample_02540,Soleares&beats - Malaventura,1,0.533673107624054,cnn_revised_20260919T110440Z,cnn_s2_10,val,Log-Mel CNN,0.29935845732688904,0.3501252681016922
seg_007324,sample_02540,Soleares&beats - Malaventura,1,0.8139969110488892,cnn_revised_20260919T110440Z,cnn_s2_10,val,Log-Mel CNN,0.29935845732688904,0.3501252681016922
seg_007325,sample_02540,Soleares&beats - Malaventura,1,0.7276804447174072,cnn_revised_20260919T110440Z,cnn_s2_10,val,Log-Mel CNN,0.29935845732688904,0.3501252681016922
seg_007338,sample_02545,Stockholm Syndrome / People Should Be More Aware - Bird Names,1,0.9443455934524536,cnn_revised_20260919T110440Z,cnn_s2_10,val,Log-Mel CNN,0.29935845732688904,0.3501252681016922
seg_007339,sample_02545,Stockholm Syndrome / People Should Be More Aware - Bird Names,1,0.9068913459777832,cnn_revised_20260919T110440Z,cnn_s2_10,val,Log-Mel CNN,0.29935845732688904,0.3501252681016922
seg_007340,sample_02545,Stockholm Syndrome / People Should Be More Aware - Bird Names,1,0.861819326877594,cnn_revised_20260919T110440Z,cnn_s2_10,val,Log-Mel CNN,0.29935845732688904,0.3501252681016922
seg_007341,sample_02546,Stockholm Syndrome / People Should Be More Aware - Bird Names,1,0.018692443147301674,cnn_revised_20260919T110440Z,cnn_s2_10,val,Log-Mel CNN,0.29935845732688904,0.3501252681016922
seg_007342,sample_02546,Stockholm Syndrome / People Should Be More Aware - Bird Names,1,0.5465067028999329,cnn_revised_20260919T110440Z,cnn_s2_10,val,Log-Mel CNN,0.29935845732688904,0.3501252681016922
seg_007343,sample_02546,Stockholm Syndrome / People Should Be More Aware - Bird Names,1,0.22329381108283997,cnn_revised_20260919T110440Z,cnn_s2_10,val,Log-Mel CNN,0.29935845732688904,0.3501252681016922
seg_007380,sample_02559,Time Is Love - Silence is full of birds,1,0.7856199145317078,cnn_revised_20260919T110440Z,cnn_s2_10,val,Log-Mel CNN,0.29935845732688904,0.3501252681016922
seg_007381,sample_02559,Time Is Love - Silence is full of birds,1,0.9493027925491333,cnn_revised_20260919T110440Z,cnn_s2_10,val,Log-Mel CNN,0.29935845732688904,0.3501252681016922
seg_007382,sample_02559,Time Is Love - Silence is full of birds,1,0.9511139392852783,cnn_revised_20260919T110440Z,cnn_s2_10,val,Log-Mel CNN,0.29935845732688904,0.3501252681016922
seg_007383,sample_02560,Time Is Love - Silence is full of birds,1,0.35294392704963684,cnn_revised_20260919T110440Z,cnn_s2_10,val,Log-Mel CNN,0.29935845732688904,0.3501252681016922
seg_007384,sample_02560,Time Is Love - Silence is full of birds,1,0.19199934601783752,cnn_revised_20260919T110440Z,cnn_s2_10,val,Log-Mel CNN,0.29935845732688904,0.3501252681016922
seg_007385,sample_02560,Time Is Love - Silence is full of birds,1,0.5445016622543335,cnn_revised_20260919T110440Z,cnn_s2_10,val,Log-Mel CNN,0.29935845732688904,0.3501252681016922
seg_007422,sample_02573,2 (Wasn't There) - Isle of Pine,1,0.591755211353302,cnn_revised_20260919T110440Z,cnn_s2_10,val,Log-Mel CNN,0.29935845732688904,0.3501252681016922
seg_007423,sample_02573,2 (Wasn't There) - Isle of Pine,1,0.9986287355422974,cnn_revised_20260919T110440Z,cnn_s2_10,val,Log-Mel CNN,0.29935845732688904,0.3501252681016922
seg_007424,sample_02573,2 (Wasn't There) - Isle of Pine,1,0.9943706393241882,cnn_revised_20260919T110440Z,cnn_s2_10,val,Log-Mel CNN,0.29935845732688904,0.3501252681016922
seg_007425,sample_02574,2 (Wasn't There) - Isle of Pine,1,0.25654250383377075,cnn_revised_20260919T110440Z,cnn_s2_10,val,Log-Mel CNN,0.29935845732688904,0.3501252681016922
seg_007426,sample_02574,2 (Wasn't There) - Isle of Pine,1,0.6785036325454712,cnn_revised_20260919T110440Z,cnn_s2_10,val,Log-Mel CNN,0.29935845732688904,0.3501252681016922
seg_007427,sample_02574,2 (Wasn't There) - Isle of Pine,1,0.9894254207611084,cnn_revised_20260919T110440Z,cnn_s2_10,val,Log-Mel CNN,0.29935845732688904,0.3501252681016922
seg_007452,sample_02583,Empty Pockets - Pete Prodoehl,1,0.9322971105575562,cnn_revised_20260919T110440Z,cnn_s2_10,val,Log-Mel CNN,0.29935845732688904,0.3501252681016922
seg_007453,sample_02583,Empty Pockets - Pete Prodoehl,1,0.7688395380973816,cnn_revised_20260919T110440Z,cnn_s2_10,val,Log-Mel CNN,0.29935845732688904,0.3501252681016922
seg_007454,sample_02583,Empty Pockets - Pete Prodoehl,1,0.9958154559135437,cnn_revised_20260919T110440Z,cnn_s2_10,val,Log-Mel CNN,0.29935845732688904,0.3501252681016922
seg_007455,sample_02584,Empty Pockets - Pete Prodoehl,1,0.05775437876582146,cnn_revised_20260919T110440Z,cnn_s2_10,val,Log-Mel CNN,0.29935845732688904,0.3501252681016922
seg_007456,sample_02584,Empty Pockets - Pete Prodoehl,1,0.5363178849220276,cnn_revised_20260919T110440Z,cnn_s2_10,val,Log-Mel CNN,0.29935845732688904,0.3501252681016922
seg_007457,sample_02584,Empty Pockets - Pete Prodoehl,1,0.5724493265151978,cnn_revised_20260919T110440Z,cnn_s2_10,val,Log-Mel CNN,0.29935845732688904,0.3501252681016922
seg_007470,sample_02589,Gila Monster Flop/Music History Lesson:The Sonics - The Crypts!,1,0.6150943040847778,cnn_revised_20260919T110440Z,cnn_s2_10,val,Log-Mel CNN,0.29935845732688904,0.3501252681016922
seg_007471,sample_02589,Gila Monster Flop/Music History Lesson:The Sonics - The Crypts!,1,0.8828539252281189,cnn_revised_20260919T110440Z,cnn_s2_10,val,Log-Mel CNN,0.29935845732688904,0.3501252681016922
seg_007472,sample_02589,Gila Monster Flop/Music History Lesson:The Sonics - The Crypts!,1,0.9978861212730408,cnn_revised_20260919T110440Z,cnn_s2_10,val,Log-Mel CNN,0.29935845732688904,0.3501252681016922
seg_007473,sample_02590,Gila Monster Flop/Music History Lesson:The Sonics - The Crypts!,1,0.6871846914291382,cnn_revised_20260919T110440Z,cnn_s2_10,val,Log-Mel CNN,0.29935845732688904,0.3501252681016922
seg_007474,sample_02590,Gila Monster Flop/Music History Lesson:The Sonics - The Crypts!,1,0.23589672148227692,cnn_revised_20260919T110440Z,cnn_s2_10,val,Log-Mel CNN,0.29935845732688904,0.3501252681016922
seg_007475,sample_02590,Gila Monster Flop/Music History Lesson:The Sonics - The Crypts!,1,0.8963665962219238,cnn_revised_20260919T110440Z,cnn_s2_10,val,Log-Mel CNN,0.29935845732688904,0.3501252681016922
seg_007488,sample_02595,I Fell - Mod Fun,1,0.93426513671875,cnn_revised_20260919T110440Z,cnn_s2_10,val,Log-Mel CNN,0.29935845732688904,0.3501252681016922
seg_007489,sample_02595,I Fell - Mod Fun,1,0.9730234146118164,cnn_revised_20260919T110440Z,cnn_s2_10,val,Log-Mel CNN,0.29935845732688904,0.3501252681016922
seg_007490,sample_02595,I Fell - Mod Fun,1,0.9986078143119812,cnn_revised_20260919T110440Z,cnn_s2_10,val,Log-Mel CNN,0.29935845732688904,0.3501252681016922
seg_007491,sample_02596,I Fell - Mod Fun,1,0.6984800100326538,cnn_revised_20260919T110440Z,cnn_s2_10,val,Log-Mel CNN,0.29935845732688904,0.3501252681016922
seg_007492,sample_02596,I Fell - Mod Fun,1,0.7819983959197998,cnn_revised_20260919T110440Z,cnn_s2_10,val,Log-Mel CNN,0.29935845732688904,0.3501252681016922
seg_007493,sample_02596,I Fell - Mod Fun,1,0.9839999079704285,cnn_revised_20260919T110440Z,cnn_s2_10,val,Log-Mel CNN,0.29935845732688904,0.3501252681016922
seg_007536,sample_02611,March of the GPA Mechanics - [t]ghost,1,0.39962947368621826,cnn_revised_20260919T110440Z,cnn_s2_10,val,Log-Mel CNN,0.29935845732688904,0.3501252681016922
seg_007537,sample_02611,March of the GPA Mechanics - [t]ghost,1,0.17571121454238892,cnn_revised_20260919T110440Z,cnn_s2_10,val,Log-Mel CNN,0.29935845732688904,0.3501252681016922
seg_007538,sample_02611,March of the GPA Mechanics - [t]ghost,1,0.9999215602874756,cnn_revised_20260919T110440Z,cnn_s2_10,val,Log-Mel CNN,0.29935845732688904,0.3501252681016922
seg_007539,sample_02612,March of the GPA Mechanics - [t]ghost,1,0.3517352342605591,cnn_revised_20260919T110440Z,cnn_s2_10,val,Log-Mel CNN,0.29935845732688904,0.3501252681016922
seg_007540,sample_02612,March of the GPA Mechanics - [t]ghost,1,0.9583110213279724,cnn_revised_20260919T110440Z,cnn_s2_10,val,Log-Mel CNN,0.29935845732688904,0.3501252681016922
seg_007541,sample_02612,March of the GPA Mechanics - [t]ghost,1,0.9717128872871399,cnn_revised_20260919T110440Z,cnn_s2_10,val,Log-Mel CNN,0.29935845732688904,0.3501252681016922
seg_007596,sample_02631,Scramby Eggs - Andy G. Cohen,1,0.8467497825622559,cnn_revised_20260919T110440Z,cnn_s2_10,val,Log-Mel CNN,0.29935845732688904,0.3501252681016922
seg_007597,sample_02631,Scramby Eggs - Andy G. Cohen,1,0.8136736154556274,cnn_revised_20260919T110440Z,cnn_s2_10,val,Log-Mel CNN,0.29935845732688904,0.3501252681016922
seg_007598,sample_02631,Scramby Eggs - Andy G. Cohen,1,0.8721342086791992,cnn_revised_20260919T110440Z,cnn_s2_10,val,Log-Mel CNN,0.29935845732688904,0.3501252681016922
seg_007599,sample_02632,Scramby Eggs - Andy G. Cohen,1,0.9545149803161621,cnn_revised_20260919T110440Z,cnn_s2_10,val,Log-Mel CNN,0.29935845732688904,0.3501252681016922
seg_007600,sample_02632,Scramby Eggs - Andy G. Cohen,1,0.7465894818305969,cnn_revised_20260919T110440Z,cnn_s2_10,val,Log-Mel CNN,0.29935845732688904,0.3501252681016922
seg_007601,sample_02632,Scramby Eggs - Andy G. Cohen,1,0.9612479209899902,cnn_revised_20260919T110440Z,cnn_s2_10,val,Log-Mel CNN,0.29935845732688904,0.3501252681016922
seg_007650,sample_02649,The girl just faded - Los Llamarada,1,0.8878019452095032,cnn_revised_20260919T110440Z,cnn_s2_10,val,Log-Mel CNN,0.29935845732688904,0.3501252681016922
seg_007651,sample_02649,The girl just faded - Los Llamarada,1,0.9807764887809753,cnn_revised_20260919T110440Z,cnn_s2_10,val,Log-Mel CNN,0.29935845732688904,0.3501252681016922
seg_007652,sample_02649,The girl just faded - Los Llamarada,1,0.8076791167259216,cnn_revised_20260919T110440Z,cnn_s2_10,val,Log-Mel CNN,0.29935845732688904,0.3501252681016922
seg_007653,sample_02650,The girl just faded - Los Llamarada,1,0.052048832178115845,cnn_revised_20260919T110440Z,cnn_s2_10,val,Log-Mel CNN,0.29935845732688904,0.3501252681016922
seg_007654,sample_02650,The girl just faded - Los Llamarada,1,0.005158453248441219,cnn_revised_20260919T110440Z,cnn_s2_10,val,Log-Mel CNN,0.29935845732688904,0.3501252681016922
seg_007655,sample_02650,The girl just faded - Los Llamarada,1,0.7922362089157104,cnn_revised_20260919T110440Z,cnn_s2_10,val,Log-Mel CNN,0.29935845732688904,0.3501252681016922
seg_007668,sample_02655,Voxel - Andy G. Cohen,1,0.9438886046409607,cnn_revised_20260919T110440Z,cnn_s2_10,val,Log-Mel CNN,0.29935845732688904,0.3501252681016922
seg_007669,sample_02655,Voxel - Andy G. Cohen,1,0.8069522380828857,cnn_revised_20260919T110440Z,cnn_s2_10,val,Log-Mel CNN,0.29935845732688904,0.3501252681016922
seg_007670,sample_02655,Voxel - Andy G. Cohen,1,0.7885124087333679,cnn_revised_20260919T110440Z,cnn_s2_10,val,Log-Mel CNN,0.29935845732688904,0.3501252681016922
seg_007671,sample_02656,Voxel - Andy G. Cohen,1,0.9562175869941711,cnn_revised_20260919T110440Z,cnn_s2_10,val,Log-Mel CNN,0.29935845732688904,0.3501252681016922
seg_007672,sample_02656,Voxel - Andy G. Cohen,1,0.9267886877059937,cnn_revised_20260919T110440Z,cnn_s2_10,val,Log-Mel CNN,0.29935845732688904,0.3501252681016922
seg_007673,sample_02656,Voxel - Andy G. Cohen,1,0.8969920873641968,cnn_revised_20260919T110440Z,cnn_s2_10,val,Log-Mel CNN,0.29935845732688904,0.3501252681016922
seg_007692,sample_02663,Windows of the Skull - Sarin,1,0.24138031899929047,cnn_revised_20260919T110440Z,cnn_s2_10,val,Log-Mel CNN,0.29935845732688904,0.3501252681016922
seg_007693,sample_02663,Windows of the Skull - Sarin,1,0.3844028413295746,cnn_revised_20260919T110440Z,cnn_s2_10,val,Log-Mel CNN,0.29935845732688904,0.3501252681016922
seg_007694,sample_02663,Windows of the Skull - Sarin,1,0.9960271120071411,cnn_revised_20260919T110440Z,cnn_s2_10,val,Log-Mel CNN,0.29935845732688904,0.3501252681016922
seg_007695,sample_02664,Windows of the Skull - Sarin,1,0.8852313160896301,cnn_revised_20260919T110440Z,cnn_s2_10,val,Log-Mel CNN,0.29935845732688904,0.3501252681016922
seg_007696,sample_02664,Windows of the Skull - Sarin,1,0.1396828591823578,cnn_revised_20260919T110440Z,cnn_s2_10,val,Log-Mel CNN,0.29935845732688904,0.3501252681016922
seg_007697,sample_02664,Windows of the Skull - Sarin,1,0.9964474439620972,cnn_revised_20260919T110440Z,cnn_s2_10,val,Log-Mel CNN,0.29935845732688904,0.3501252681016922
seg_007710,sample_02669,Новый Нью-Йорк 2 - Чокнутый Пропеллер,1,0.5960851311683655,cnn_revised_20260919T110440Z,cnn_s2_10,val,Log-Mel CNN,0.29935845732688904,0.3501252681016922
seg_007711,sample_02669,Новый Нью-Йорк 2 - Чокнутый Пропеллер,1,0.5023811459541321,cnn_revised_20260919T110440Z,cnn_s2_10,val,Log-Mel CNN,0.29935845732688904,0.3501252681016922
seg_007712,sample_02669,Новый Нью-Йорк 2 - Чокнутый Пропеллер,1,0.14339588582515717,cnn_revised_20260919T110440Z,cnn_s2_10,val,Log-Mel CNN,0.29935845732688904,0.3501252681016922
seg_007713,sample_02670,Новый Нью-Йорк 2 - Чокнутый Пропеллер,1,0.9308314919471741,cnn_revised_20260919T110440Z,cnn_s2_10,val,Log-Mel CNN,0.29935845732688904,0.3501252681016922
seg_007714,sample_02670,Новый Нью-Йорк 2 - Чокнутый Пропеллер,1,0.870476484298706,cnn_revised_20260919T110440Z,cnn_s2_10,val,Log-Mel CNN,0.29935845732688904,0.3501252681016922
seg_007715,sample_02670,Новый Нью-Йорк 2 - Чокнутый Пропеллер,1,0.9468288421630859,cnn_revised_20260919T110440Z,cnn_s2_10,val,Log-Mel CNN,0.29935845732688904,0.3501252681016922
seg_007737,sample_02678,CopperNickle - UncleBibby,1,0.630361795425415,cnn_revised_20260919T110440Z,cnn_s2_10,val,Log-Mel CNN,0.29935845732688904,0.3501252681016922
seg_007738,sample_02678,CopperNickle - UncleBibby,1,0.18481455743312836,cnn_revised_20260919T110440Z,cnn_s2_10,val,Log-Mel CNN,0.29935845732688904,0.3501252681016922
seg_007739,sample_02678,CopperNickle - UncleBibby,1,0.9989792704582214,cnn_revised_20260919T110440Z,cnn_s2_10,val,Log-Mel CNN,0.29935845732688904,0.3501252681016922
seg_007743,sample_02680,Daylight Savings - My brother Daniel,1,0.9637336134910583,cnn_revised_20260919T110440Z,cnn_s2_10,val,Log-Mel CNN,0.29935845732688904,0.3501252681016922
seg_007744,sample_02680,Daylight Savings - My brother Daniel,1,0.5530313849449158,cnn_revised_20260919T110440Z,cnn_s2_10,val,Log-Mel CNN,0.29935845732688904,0.3501252681016922
seg_007745,sample_02680,Daylight Savings - My brother Daniel,1,0.9817764163017273,cnn_revised_20260919T110440Z,cnn_s2_10,val,Log-Mel CNN,0.29935845732688904,0.3501252681016922
seg_007770,sample_02689,mystery team 2090 - Jesse Futerman,1,0.9800971150398254,cnn_revised_20260919T110440Z,cnn_s2_10,val,Log-Mel CNN,0.29935845732688904,0.3501252681016922
seg_007771,sample_02689,mystery team 2090 - Jesse Futerman,1,0.08071230351924896,cnn_revised_20260919T110440Z,cnn_s2_10,val,Log-Mel CNN,0.29935845732688904,0.3501252681016922
seg_007772,sample_02689,mystery team 2090 - Jesse Futerman,1,0.9986631870269775,cnn_revised_20260919T110440Z,cnn_s2_10,val,Log-Mel CNN,0.29935845732688904,0.3501252681016922
seg_007773,sample_02690,Night Drive - Decktonic,1,0.3107253611087799,cnn_revised_20260919T110440Z,cnn_s2_10,val,Log-Mel CNN,0.29935845732688904,0.3501252681016922
seg_007774,sample_02690,Night Drive - Decktonic,1,0.9027862548828125,cnn_revised_20260919T110440Z,cnn_s2_10,val,Log-Mel CNN,0.29935845732688904,0.3501252681016922
seg_007775,sample_02690,Night Drive - Decktonic,1,0.9776099324226379,cnn_revised_20260919T110440Z,cnn_s2_10,val,Log-Mel CNN,0.29935845732688904,0.3501252681016922
seg_007854,sample_02717,Agora - Malaventura,1,0.9506308436393738,cnn_revised_20260919T110440Z,cnn_s2_10,val,Log-Mel CNN,0.29935845732688904,0.3501252681016922
seg_007855,sample_02717,Agora - Malaventura,1,0.20535151660442352,cnn_revised_20260919T110440Z,cnn_s2_10,val,Log-Mel CNN,0.29935845732688904,0.3501252681016922
seg_007856,sample_02717,Agora - Malaventura,1,0.9931651949882507,cnn_revised_20260919T110440Z,cnn_s2_10,val,Log-Mel CNN,0.29935845732688904,0.3501252681016922
seg_007878,sample_02725,Evil Cannot Create - Caleb Lemond,1,0.9979496598243713,cnn_revised_20260919T110440Z,cnn_s2_10,val,Log-Mel CNN,0.29935845732688904,0.3501252681016922
seg_007879,sample_02725,Evil Cannot Create - Caleb Lemond,1,0.0681905597448349,cnn_revised_20260919T110440Z,cnn_s2_10,val,Log-Mel CNN,0.29935845732688904,0.3501252681016922
seg_007880,sample_02725,Evil Cannot Create - Caleb Lemond,1,0.9949824810028076,cnn_revised_20260919T110440Z,cnn_s2_10,val,Log-Mel CNN,0.29935845732688904,0.3501252681016922
seg_007932,sample_02743,My Body Is A Weapon (Compromise Edit) - Silence is full of birds,1,0.38785749673843384,cnn_revised_20260919T110440Z,cnn_s2_10,val,Log-Mel CNN,0.29935845732688904,0.3501252681016922
seg_007933,sample_02743,My Body Is A Weapon (Compromise Edit) - Silence is full of birds,1,0.3005836009979248,cnn_revised_20260919T110440Z,cnn_s2_10,val,Log-Mel CNN,0.29935845732688904,0.3501252681016922
seg_007934,sample_02743,My Body Is A Weapon (Compromise Edit) - Silence is full of birds,1,0.9921315312385559,cnn_revised_20260919T110440Z,cnn_s2_10,val,Log-Mel CNN,0.29935845732688904,0.3501252681016922
seg_007938,sample_02745,New Life (take 1) - Bird Names,1,0.8239489197731018,cnn_revised_20260919T110440Z,cnn_s2_10,val,Log-Mel CNN,0.29935845732688904,0.3501252681016922
seg_007939,sample_02745,New Life (take 1) - Bird Names,1,0.7621567845344543,cnn_revised_20260919T110440Z,cnn_s2_10,val,Log-Mel CNN,0.29935845732688904,0.3501252681016922
seg_007940,sample_02745,New Life (take 1) - Bird Names,1,0.9992403984069824,cnn_revised_20260919T110440Z,cnn_s2_10,val,Log-Mel CNN,0.29935845732688904,0.3501252681016922
seg_007941,sample_02746,Norweigian Wood II - Bird Names,1,0.5795902013778687,cnn_revised_20260919T110440Z,cnn_s2_10,val,Log-Mel CNN,0.29935845732688904,0.3501252681016922
seg_007942,sample_02746,Norweigian Wood II - Bird Names,1,0.1140483170747757,cnn_revised_20260919T110440Z,cnn_s2_10,val,Log-Mel CNN,0.29935845732688904,0.3501252681016922
seg_007943,sample_02746,Norweigian Wood II - Bird Names,1,0.9995135068893433,cnn_revised_20260919T110440Z,cnn_s2_10,val,Log-Mel CNN,0.29935845732688904,0.3501252681016922
seg_007965,sample_02754,Roller Star - Monroeville Music Center,1,0.9954206347465515,cnn_revised_20260919T110440Z,cnn_s2_10,val,Log-Mel CNN,0.29935845732688904,0.3501252681016922
seg_007966,sample_02754,Roller Star - Monroeville Music Center,1,0.9953299760818481,cnn_revised_20260919T110440Z,cnn_s2_10,val,Log-Mel CNN,0.29935845732688904,0.3501252681016922
seg_007967,sample_02754,Roller Star - Monroeville Music Center,1,0.9996925592422485,cnn_revised_20260919T110440Z,cnn_s2_10,val,Log-Mel CNN,0.29935845732688904,0.3501252681016922
seg_007977,sample_02758,Soleares&beats - Malaventura,1,0.33021825551986694,cnn_revised_20260919T110440Z,cnn_s2_10,val,Log-Mel CNN,0.29935845732688904,0.3501252681016922
seg_007978,sample_02758,Soleares&beats - Malaventura,1,0.31735801696777344,cnn_revised_20260919T110440Z,cnn_s2_10,val,Log-Mel CNN,0.29935845732688904,0.3501252681016922
seg_007979,sample_02758,Soleares&beats - Malaventura,1,0.9971304535865784,cnn_revised_20260919T110440Z,cnn_s2_10,val,Log-Mel CNN,0.29935845732688904,0.3501252681016922
seg_007989,sample_02762,Stockholm Syndrome / People Should Be More Aware - Bird Names,1,0.9798163771629333,cnn_revised_20260919T110440Z,cnn_s2_10,val,Log-Mel CNN,0.29935845732688904,0.3501252681016922
seg_007990,sample_02762,Stockholm Syndrome / People Should Be More Aware - Bird Names,1,0.8709814548492432,cnn_revised_20260919T110440Z,cnn_s2_10,val,Log-Mel CNN,0.29935845732688904,0.3501252681016922
seg_007991,sample_02762,Stockholm Syndrome / People Should Be More Aware - Bird Names,1,0.9995018243789673,cnn_revised_20260919T110440Z,cnn_s2_10,val,Log-Mel CNN,0.29935845732688904,0.3501252681016922
seg_008019,sample_02772,Time Is Love - Silence is full of birds,1,0.42018139362335205,cnn_revised_20260919T110440Z,cnn_s2_10,val,Log-Mel CNN,0.29935845732688904,0.3501252681016922
seg_008020,sample_02772,Time Is Love - Silence is full of birds,1,0.16584347188472748,cnn_revised_20260919T110440Z,cnn_s2_10,val,Log-Mel CNN,0.29935845732688904,0.3501252681016922
seg_008021,sample_02772,Time Is Love - Silence is full of birds,1,0.9970763921737671,cnn_revised_20260919T110440Z,cnn_s2_10,val,Log-Mel CNN,0.29935845732688904,0.3501252681016922
seg_008043,sample_02780,2 (Wasn't There) - Isle of Pine,1,0.6250572800636292,cnn_revised_20260919T110440Z,cnn_s2_10,val,Log-Mel CNN,0.29935845732688904,0.3501252681016922
seg_008044,sample_02780,2 (Wasn't There) - Isle of Pine,1,0.8821462392807007,cnn_revised_20260919T110440Z,cnn_s2_10,val,Log-Mel CNN,0.29935845732688904,0.3501252681016922
seg_008045,sample_02780,2 (Wasn't There) - Isle of Pine,1,0.9834269285202026,cnn_revised_20260919T110440Z,cnn_s2_10,val,Log-Mel CNN,0.29935845732688904,0.3501252681016922
seg_008073,sample_02790,Beyond Luxury - Mors Ontologica,1,0.9386981129646301,cnn_revised_20260919T110440Z,cnn_s2_10,val,Log-Mel CNN,0.29935845732688904,0.3501252681016922
seg_008074,sample_02790,Beyond Luxury - Mors Ontologica,1,0.12646789848804474,cnn_revised_20260919T110440Z,cnn_s2_10,val,Log-Mel CNN,0.29935845732688904,0.3501252681016922
seg_008075,sample_02790,Beyond Luxury - Mors Ontologica,1,0.9834444522857666,cnn_revised_20260919T110440Z,cnn_s2_10,val,Log-Mel CNN,0.29935845732688904,0.3501252681016922
seg_008106,sample_02801,Empty Pockets - Pete Prodoehl,1,0.9969762563705444,cnn_revised_20260919T110440Z,cnn_s2_10,val,Log-Mel CNN,0.29935845732688904,0.3501252681016922
seg_008107,sample_02801,Empty Pockets - Pete Prodoehl,1,0.9894134998321533,cnn_revised_20260919T110440Z,cnn_s2_10,val,Log-Mel CNN,0.29935845732688904,0.3501252681016922
seg_008108,sample_02801,Empty Pockets - Pete Prodoehl,1,0.9999722242355347,cnn_revised_20260919T110440Z,cnn_s2_10,val,Log-Mel CNN,0.29935845732688904,0.3501252681016922
seg_008121,sample_02806,Gila Monster Flop/Music History Lesson:The Sonics - The Crypts!,1,0.9993718266487122,cnn_revised_20260919T110440Z,cnn_s2_10,val,Log-Mel CNN,0.29935845732688904,0.3501252681016922
seg_008122,sample_02806,Gila Monster Flop/Music History Lesson:The Sonics - The Crypts!,1,0.5619273781776428,cnn_revised_20260919T110440Z,cnn_s2_10,val,Log-Mel CNN,0.29935845732688904,0.3501252681016922
seg_008123,sample_02806,Gila Monster Flop/Music History Lesson:The Sonics - The Crypts!,1,0.9969105124473572,cnn_revised_20260919T110440Z,cnn_s2_10,val,Log-Mel CNN,0.29935845732688904,0.3501252681016922
seg_008166,sample_02821,Lights Up - Pipe Choir,1,0.9978513717651367,cnn_revised_20260919T110440Z,cnn_s2_10,val,Log-Mel CNN,0.29935845732688904,0.3501252681016922
seg_008167,sample_02821,Lights Up - Pipe Choir,1,0.8454932570457458,cnn_revised_20260919T110440Z,cnn_s2_10,val,Log-Mel CNN,0.29935845732688904,0.3501252681016922
seg_008168,sample_02821,Lights Up - Pipe Choir,1,0.9984695315361023,cnn_revised_20260919T110440Z,cnn_s2_10,val,Log-Mel CNN,0.29935845732688904,0.3501252681016922
seg_008178,sample_02825,March of the GPA Mechanics - [t]ghost,1,0.8968631029129028,cnn_revised_20260919T110440Z,cnn_s2_10,val,Log-Mel CNN,0.29935845732688904,0.3501252681016922
seg_008179,sample_02825,March of the GPA Mechanics - [t]ghost,1,0.6363895535469055,cnn_revised_20260919T110440Z,cnn_s2_10,val,Log-Mel CNN,0.29935845732688904,0.3501252681016922
seg_008180,sample_02825,March of the GPA Mechanics - [t]ghost,1,0.9999244213104248,cnn_revised_20260919T110440Z,cnn_s2_10,val,Log-Mel CNN,0.29935845732688904,0.3501252681016922
seg_008205,sample_02834,Redlight - Room For A Ghost,1,0.9203080534934998,cnn_revised_20260919T110440Z,cnn_s2_10,val,Log-Mel CNN,0.29935845732688904,0.3501252681016922
seg_008206,sample_02834,Redlight - Room For A Ghost,1,0.986206591129303,cnn_revised_20260919T110440Z,cnn_s2_10,val,Log-Mel CNN,0.29935845732688904,0.3501252681016922
seg_008207,sample_02834,Redlight - Room For A Ghost,1,0.9963690042495728,cnn_revised_20260919T110440Z,cnn_s2_10,val,Log-Mel CNN,0.29935845732688904,0.3501252681016922
seg_008217,sample_02838,Scramby Eggs - Andy G. Cohen,1,0.9722846150398254,cnn_revised_20260919T110440Z,cnn_s2_10,val,Log-Mel CNN,0.29935845732688904,0.3501252681016922
seg_008218,sample_02838,Scramby Eggs - Andy G. Cohen,1,0.9998756647109985,cnn_revised_20260919T110440Z,cnn_s2_10,val,Log-Mel CNN,0.29935845732688904,0.3501252681016922
seg_008219,sample_02838,Scramby Eggs - Andy G. Cohen,1,0.9999505281448364,cnn_revised_20260919T110440Z,cnn_s2_10,val,Log-Mel CNN,0.29935845732688904,0.3501252681016922
seg_008226,sample_02841,Shipwrecked Crew - Pete Prodoehl,1,0.5315507650375366,cnn_revised_20260919T110440Z,cnn_s2_10,val,Log-Mel CNN,0.29935845732688904,0.3501252681016922
seg_008227,sample_02841,Shipwrecked Crew - Pete Prodoehl,1,0.8259668946266174,cnn_revised_20260919T110440Z,cnn_s2_10,val,Log-Mel CNN,0.29935845732688904,0.3501252681016922
seg_008228,sample_02841,Shipwrecked Crew - Pete Prodoehl,1,0.8586029410362244,cnn_revised_20260919T110440Z,cnn_s2_10,val,Log-Mel CNN,0.29935845732688904,0.3501252681016922
seg_008244,sample_02847,В Наших Сердцах - Чокнутый Пропеллер,1,0.9460448622703552,cnn_revised_20260919T110440Z,cnn_s2_10,val,Log-Mel CNN,0.29935845732688904,0.3501252681016922
seg_008245,sample_02847,В Наших Сердцах - Чокнутый Пропеллер,1,0.8918694257736206,cnn_revised_20260919T110440Z,cnn_s2_10,val,Log-Mel CNN,0.29935845732688904,0.3501252681016922
seg_008246,sample_02847,В Наших Сердцах - Чокнутый Пропеллер,1,0.998974084854126,cnn_revised_20260919T110440Z,cnn_s2_10,val,Log-Mel CNN,0.29935845732688904,0.3501252681016922
seg_008253,sample_02850,The girl just faded - Los Llamarada,1,0.8333101868629456,cnn_revised_20260919T110440Z,cnn_s2_10,val,Log-Mel CNN,0.29935845732688904,0.3501252681016922
seg_008254,sample_02850,The girl just faded - Los Llamarada,1,0.7489528059959412,cnn_revised_20260919T110440Z,cnn_s2_10,val,Log-Mel CNN,0.29935845732688904,0.3501252681016922
seg_008255,sample_02850,The girl just faded - Los Llamarada,1,0.9999494552612305,cnn_revised_20260919T110440Z,cnn_s2_10,val,Log-Mel CNN,0.29935845732688904,0.3501252681016922
seg_008265,sample_02854,Voxel - Andy G. Cohen,1,0.7190577983856201,cnn_revised_20260919T110440Z,cnn_s2_10,val,Log-Mel CNN,0.29935845732688904,0.3501252681016922
seg_008266,sample_02854,Voxel - Andy G. Cohen,1,0.8889414668083191,cnn_revised_20260919T110440Z,cnn_s2_10,val,Log-Mel CNN,0.29935845732688904,0.3501252681016922
seg_008267,sample_02854,Voxel - Andy G. Cohen,1,0.9961063265800476,cnn_revised_20260919T110440Z,cnn_s2_10,val,Log-Mel CNN,0.29935845732688904,0.3501252681016922
seg_008289,sample_02862,В Наших Сердцах - Чокнутый Пропеллер,1,0.7492849230766296,cnn_revised_20260919T110440Z,cnn_s2_10,val,Log-Mel CNN,0.29935845732688904,0.3501252681016922
seg_008290,sample_02862,В Наших Сердцах - Чокнутый Пропеллер,1,0.972590446472168,cnn_revised_20260919T110440Z,cnn_s2_10,val,Log-Mel CNN,0.29935845732688904,0.3501252681016922
seg_008291,sample_02862,В Наших Сердцах - Чокнутый Пропеллер,1,0.9972884654998779,cnn_revised_20260919T110440Z,cnn_s2_10,val,Log-Mel CNN,0.29935845732688904,0.3501252681016922
seg_008295,sample_02864,В Наших Сердцах - Чокнутый Пропеллер,1,0.742323637008667,cnn_revised_20260919T110440Z,cnn_s2_10,val,Log-Mel CNN,0.29935845732688904,0.3501252681016922
seg_008296,sample_02864,В Наших Сердцах - Чокнутый Пропеллер,1,0.5985650420188904,cnn_revised_20260919T110440Z,cnn_s2_10,val,Log-Mel CNN,0.29935845732688904,0.3501252681016922
seg_008297,sample_02864,В Наших Сердцах - Чокнутый Пропеллер,1,0.9231022596359253,cnn_revised_20260919T110440Z,cnn_s2_10,val,Log-Mel CNN,0.29935845732688904,0.3501252681016922
seg_008304,sample_02867,2 (Wasn't There) - Isle of Pine,1,0.756740927696228,cnn_revised_20260919T110440Z,cnn_s2_10,val,Log-Mel CNN,0.29935845732688904,0.3501252681016922
seg_008305,sample_02867,2 (Wasn't There) - Isle of Pine,1,0.07052268832921982,cnn_revised_20260919T110440Z,cnn_s2_10,val,Log-Mel CNN,0.29935845732688904,0.3501252681016922
seg_008306,sample_02867,2 (Wasn't There) - Isle of Pine,1,0.15095409750938416,cnn_revised_20260919T110440Z,cnn_s2_10,val,Log-Mel CNN,0.29935845732688904,0.3501252681016922
seg_008307,sample_02868,2 (Wasn't There) - Isle of Pine,1,0.9071640968322754,cnn_revised_20260919T110440Z,cnn_s2_10,val,Log-Mel CNN,0.29935845732688904,0.3501252681016922
seg_008308,sample_02868,2 (Wasn't There) - Isle of Pine,1,0.024783922359347343,cnn_revised_20260919T110440Z,cnn_s2_10,val,Log-Mel CNN,0.29935845732688904,0.3501252681016922
seg_008309,sample_02868,2 (Wasn't There) - Isle of Pine,1,0.9901571273803711,cnn_revised_20260919T110440Z,cnn_s2_10,val,Log-Mel CNN,0.29935845732688904,0.3501252681016922
seg_008400,sample_02899,CopperNickle - UncleBibby,1,0.9996967315673828,cnn_revised_20260919T110440Z,cnn_s2_10,val,Log-Mel CNN,0.29935845732688904,0.3501252681016922
seg_008401,sample_02899,CopperNickle - UncleBibby,1,0.10655714571475983,cnn_revised_20260919T110440Z,cnn_s2_10,val,Log-Mel CNN,0.29935845732688904,0.3501252681016922
seg_008402,sample_02899,CopperNickle - UncleBibby,1,0.8224251866340637,cnn_revised_20260919T110440Z,cnn_s2_10,val,Log-Mel CNN,0.29935845732688904,0.3501252681016922
seg_008403,sample_02900,CopperNickle - UncleBibby,1,0.3288467228412628,cnn_revised_20260919T110440Z,cnn_s2_10,val,Log-Mel CNN,0.29935845732688904,0.3501252681016922
seg_008404,sample_02900,CopperNickle - UncleBibby,1,0.6580844521522522,cnn_revised_20260919T110440Z,cnn_s2_10,val,Log-Mel CNN,0.29935845732688904,0.3501252681016922
seg_008405,sample_02900,CopperNickle - UncleBibby,1,0.9418994188308716,cnn_revised_20260919T110440Z,cnn_s2_10,val,Log-Mel CNN,0.29935845732688904,0.3501252681016922
seg_008418,sample_02905,Daylight Savings - My brother Daniel,1,0.5744210481643677,cnn_revised_20260919T110440Z,cnn_s2_10,val,Log-Mel CNN,0.29935845732688904,0.3501252681016922
seg_008419,sample_02905,Daylight Savings - My brother Daniel,1,0.09203673899173737,cnn_revised_20260919T110440Z,cnn_s2_10,val,Log-Mel CNN,0.29935845732688904,0.3501252681016922
seg_008420,sample_02905,Daylight Savings - My brother Daniel,1,0.38391801714897156,cnn_revised_20260919T110440Z,cnn_s2_10,val,Log-Mel CNN,0.29935845732688904,0.3501252681016922
seg_008421,sample_02906,Daylight Savings - My brother Daniel,1,0.008543381467461586,cnn_revised_20260919T110440Z,cnn_s2_10,val,Log-Mel CNN,0.29935845732688904,0.3501252681016922
seg_008422,sample_02906,Daylight Savings - My brother Daniel,1,0.07384917885065079,cnn_revised_20260919T110440Z,cnn_s2_10,val,Log-Mel CNN,0.29935845732688904,0.3501252681016922
seg_008423,sample_02906,Daylight Savings - My brother Daniel,1,0.8106063008308411,cnn_revised_20260919T110440Z,cnn_s2_10,val,Log-Mel CNN,0.29935845732688904,0.3501252681016922
seg_008448,sample_02915,Empty Pockets - Pete Prodoehl,1,0.9613698720932007,cnn_revised_20260919T110440Z,cnn_s2_10,val,Log-Mel CNN,0.29935845732688904,0.3501252681016922
seg_008449,sample_02915,Empty Pockets - Pete Prodoehl,1,0.9657721519470215,cnn_revised_20260919T110440Z,cnn_s2_10,val,Log-Mel CNN,0.29935845732688904,0.3501252681016922
seg_008450,sample_02915,Empty Pockets - Pete Prodoehl,1,0.33199602365493774,cnn_revised_20260919T110440Z,cnn_s2_10,val,Log-Mel CNN,0.29935845732688904,0.3501252681016922
seg_008451,sample_02916,Empty Pockets - Pete Prodoehl,1,0.9248676896095276,cnn_revised_20260919T110440Z,cnn_s2_10,val,Log-Mel CNN,0.29935845732688904,0.3501252681016922
seg_008452,sample_02916,Empty Pockets - Pete Prodoehl,1,0.113715760409832,cnn_revised_20260919T110440Z,cnn_s2_10,val,Log-Mel CNN,0.29935845732688904,0.3501252681016922
seg_008453,sample_02916,Empty Pockets - Pete Prodoehl,1,0.9725262522697449,cnn_revised_20260919T110440Z,cnn_s2_10,val,Log-Mel CNN,0.29935845732688904,0.3501252681016922
seg_008460,sample_02919,Evil Cannot Create - Caleb Lemond,1,0.9966486096382141,cnn_revised_20260919T110440Z,cnn_s2_10,val,Log-Mel CNN,0.29935845732688904,0.3501252681016922
seg_008461,sample_02919,Evil Cannot Create - Caleb Lemond,1,0.8517966866493225,cnn_revised_20260919T110440Z,cnn_s2_10,val,Log-Mel CNN,0.29935845732688904,0.3501252681016922
seg_008462,sample_02919,Evil Cannot Create - Caleb Lemond,1,0.9795181155204773,cnn_revised_20260919T110440Z,cnn_s2_10,val,Log-Mel CNN,0.29935845732688904,0.3501252681016922
seg_008463,sample_02920,Evil Cannot Create - Caleb Lemond,1,0.9868276119232178,cnn_revised_20260919T110440Z,cnn_s2_10,val,Log-Mel CNN,0.29935845732688904,0.3501252681016922
seg_008464,sample_02920,Evil Cannot Create - Caleb Lemond,1,0.7081812620162964,cnn_revised_20260919T110440Z,cnn_s2_10,val,Log-Mel CNN,0.29935845732688904,0.3501252681016922
seg_008465,sample_02920,Evil Cannot Create - Caleb Lemond,1,0.24856233596801758,cnn_revised_20260919T110440Z,cnn_s2_10,val,Log-Mel CNN,0.29935845732688904,0.3501252681016922
seg_008502,sample_02933,Gila Monster Flop/Music History Lesson:The Sonics - The Crypts!,1,0.848962664604187,cnn_revised_20260919T110440Z,cnn_s2_10,val,Log-Mel CNN,0.29935845732688904,0.3501252681016922
seg_008503,sample_02933,Gila Monster Flop/Music History Lesson:The Sonics - The Crypts!,1,0.9624814391136169,cnn_revised_20260919T110440Z,cnn_s2_10,val,Log-Mel CNN,0.29935845732688904,0.3501252681016922
seg_008504,sample_02933,Gila Monster Flop/Music History Lesson:The Sonics - The Crypts!,1,0.9160522222518921,cnn_revised_20260919T110440Z,cnn_s2_10,val,Log-Mel CNN,0.29935845732688904,0.3501252681016922
seg_008505,sample_02934,Gila Monster Flop/Music History Lesson:The Sonics - The Crypts!,1,0.08478473126888275,cnn_revised_20260919T110440Z,cnn_s2_10,val,Log-Mel CNN,0.29935845732688904,0.3501252681016922
seg_008506,sample_02934,Gila Monster Flop/Music History Lesson:The Sonics - The Crypts!,1,0.2422550469636917,cnn_revised_20260919T110440Z,cnn_s2_10,val,Log-Mel CNN,0.29935845732688904,0.3501252681016922
seg_008507,sample_02934,Gila Monster Flop/Music History Lesson:The Sonics - The Crypts!,1,0.7095261216163635,cnn_revised_20260919T110440Z,cnn_s2_10,val,Log-Mel CNN,0.29935845732688904,0.3501252681016922
seg_008538,sample_02945,I Fell - Mod Fun,1,0.04328238219022751,cnn_revised_20260919T110440Z,cnn_s2_10,val,Log-Mel CNN,0.29935845732688904,0.3501252681016922
seg_008539,sample_02945,I Fell - Mod Fun,1,0.5641250014305115,cnn_revised_20260919T110440Z,cnn_s2_10,val,Log-Mel CNN,0.29935845732688904,0.3501252681016922
seg_008540,sample_02945,I Fell - Mod Fun,1,0.8157678246498108,cnn_revised_20260919T110440Z,cnn_s2_10,val,Log-Mel CNN,0.29935845732688904,0.3501252681016922
seg_008541,sample_02946,I Fell - Mod Fun,1,0.11386191099882126,cnn_revised_20260919T110440Z,cnn_s2_10,val,Log-Mel CNN,0.29935845732688904,0.3501252681016922
seg_008542,sample_02946,I Fell - Mod Fun,1,0.5300804972648621,cnn_revised_20260919T110440Z,cnn_s2_10,val,Log-Mel CNN,0.29935845732688904,0.3501252681016922
seg_008543,sample_02946,I Fell - Mod Fun,1,0.9237117767333984,cnn_revised_20260919T110440Z,cnn_s2_10,val,Log-Mel CNN,0.29935845732688904,0.3501252681016922
seg_008652,sample_02983,March of the GPA Mechanics - [t]ghost,1,0.04154752939939499,cnn_revised_20260919T110440Z,cnn_s2_10,val,Log-Mel CNN,0.29935845732688904,0.3501252681016922
seg_008653,sample_02983,March of the GPA Mechanics - [t]ghost,1,0.9356725811958313,cnn_revised_20260919T110440Z,cnn_s2_10,val,Log-Mel CNN,0.29935845732688904,0.3501252681016922
seg_008654,sample_02983,March of the GPA Mechanics - [t]ghost,1,0.9869647026062012,cnn_revised_20260919T110440Z,cnn_s2_10,val,Log-Mel CNN,0.29935845732688904,0.3501252681016922
seg_008655,sample_02984,March of the GPA Mechanics - [t]ghost,1,0.005663704127073288,cnn_revised_20260919T110440Z,cnn_s2_10,val,Log-Mel CNN,0.29935845732688904,0.3501252681016922
seg_008656,sample_02984,March of the GPA Mechanics - [t]ghost,1,0.29267868399620056,cnn_revised_20260919T110440Z,cnn_s2_10,val,Log-Mel CNN,0.29935845732688904,0.3501252681016922
seg_008657,sample_02984,March of the GPA Mechanics - [t]ghost,1,0.96427983045578,cnn_revised_20260919T110440Z,cnn_s2_10,val,Log-Mel CNN,0.29935845732688904,0.3501252681016922
seg_008700,sample_02999,New Life (take 1) - Bird Names,1,0.1188000813126564,cnn_revised_20260919T110440Z,cnn_s2_10,val,Log-Mel CNN,0.29935845732688904,0.3501252681016922
seg_008701,sample_02999,New Life (take 1) - Bird Names,1,0.09988570213317871,cnn_revised_20260919T110440Z,cnn_s2_10,val,Log-Mel CNN,0.29935845732688904,0.3501252681016922
seg_008702,sample_02999,New Life (take 1) - Bird Names,1,0.9915263056755066,cnn_revised_20260919T110440Z,cnn_s2_10,val,Log-Mel CNN,0.29935845732688904,0.3501252681016922
seg_008703,sample_03000,New Life (take 1) - Bird Names,1,0.7596879601478577,cnn_revised_20260919T110440Z,cnn_s2_10,val,Log-Mel CNN,0.29935845732688904,0.3501252681016922
seg_008704,sample_03000,New Life (take 1) - Bird Names,1,0.12204588204622269,cnn_revised_20260919T110440Z,cnn_s2_10,val,Log-Mel CNN,0.29935845732688904,0.3501252681016922
seg_008705,sample_03000,New Life (take 1) - Bird Names,1,0.8579911589622498,cnn_revised_20260919T110440Z,cnn_s2_10,val,Log-Mel CNN,0.29935845732688904,0.3501252681016922
seg_008706,sample_03001,Night Drive - Decktonic,1,0.09623504430055618,cnn_revised_20260919T110440Z,cnn_s2_10,val,Log-Mel CNN,0.29935845732688904,0.3501252681016922
seg_008707,sample_03001,Night Drive - Decktonic,1,0.9025965929031372,cnn_revised_20260919T110440Z,cnn_s2_10,val,Log-Mel CNN,0.29935845732688904,0.3501252681016922
seg_008708,sample_03001,Night Drive - Decktonic,1,0.636597752571106,cnn_revised_20260919T110440Z,cnn_s2_10,val,Log-Mel CNN,0.29935845732688904,0.3501252681016922
seg_008709,sample_03002,Night Drive - Decktonic,1,0.6071888208389282,cnn_revised_20260919T110440Z,cnn_s2_10,val,Log-Mel CNN,0.29935845732688904,0.3501252681016922
seg_008710,sample_03002,Night Drive - Decktonic,1,0.94828200340271,cnn_revised_20260919T110440Z,cnn_s2_10,val,Log-Mel CNN,0.29935845732688904,0.3501252681016922
seg_008711,sample_03002,Night Drive - Decktonic,1,0.9837921857833862,cnn_revised_20260919T110440Z,cnn_s2_10,val,Log-Mel CNN,0.29935845732688904,0.3501252681016922
seg_008724,sample_03007,Norweigian Wood II - Bird Names,1,0.27543994784355164,cnn_revised_20260919T110440Z,cnn_s2_10,val,Log-Mel CNN,0.29935845732688904,0.3501252681016922
seg_008725,sample_03007,Norweigian Wood II - Bird Names,1,0.20750442147254944,cnn_revised_20260919T110440Z,cnn_s2_10,val,Log-Mel CNN,0.29935845732688904,0.3501252681016922
seg_008726,sample_03007,Norweigian Wood II - Bird Names,1,0.9905502796173096,cnn_revised_20260919T110440Z,cnn_s2_10,val,Log-Mel CNN,0.29935845732688904,0.3501252681016922
seg_008727,sample_03008,Norweigian Wood II - Bird Names,1,0.26088348031044006,cnn_revised_20260919T110440Z,cnn_s2_10,val,Log-Mel CNN,0.29935845732688904,0.3501252681016922
seg_008728,sample_03008,Norweigian Wood II - Bird Names,1,0.6680436730384827,cnn_revised_20260919T110440Z,cnn_s2_10,val,Log-Mel CNN,0.29935845732688904,0.3501252681016922
seg_008729,sample_03008,Norweigian Wood II - Bird Names,1,0.9907196760177612,cnn_revised_20260919T110440Z,cnn_s2_10,val,Log-Mel CNN,0.29935845732688904,0.3501252681016922
seg_008736,sample_03011,Nuo Maisemat - Paavoharju,1,0.03571806848049164,cnn_revised_20260919T110440Z,cnn_s2_10,val,Log-Mel CNN,0.29935845732688904,0.3501252681016922
seg_008737,sample_03011,Nuo Maisemat - Paavoharju,1,0.08051489293575287,cnn_revised_20260919T110440Z,cnn_s2_10,val,Log-Mel CNN,0.29935845732688904,0.3501252681016922
seg_008738,sample_03011,Nuo Maisemat - Paavoharju,1,0.9734498858451843,cnn_revised_20260919T110440Z,cnn_s2_10,val,Log-Mel CNN,0.29935845732688904,0.3501252681016922
seg_008739,sample_03012,Nuo Maisemat - Paavoharju,1,0.9812183976173401,cnn_revised_20260919T110440Z,cnn_s2_10,val,Log-Mel CNN,0.29935845732688904,0.3501252681016922
seg_008740,sample_03012,Nuo Maisemat - Paavoharju,1,0.8441828489303589,cnn_revised_20260919T110440Z,cnn_s2_10,val,Log-Mel CNN,0.29935845732688904,0.3501252681016922
seg_008741,sample_03012,Nuo Maisemat - Paavoharju,1,0.2033148556947708,cnn_revised_20260919T110440Z,cnn_s2_10,val,Log-Mel CNN,0.29935845732688904,0.3501252681016922
seg_008844,sample_03047,Roller Star - Monroeville Music Center,1,0.2132847160100937,cnn_revised_20260919T110440Z,cnn_s2_10,val,Log-Mel CNN,0.29935845732688904,0.3501252681016922
seg_008845,sample_03047,Roller Star - Monroeville Music Center,1,0.09294769167900085,cnn_revised_20260919T110440Z,cnn_s2_10,val,Log-Mel CNN,0.29935845732688904,0.3501252681016922
seg_008846,sample_03047,Roller Star - Monroeville Music Center,1,0.9377778172492981,cnn_revised_20260919T110440Z,cnn_s2_10,val,Log-Mel CNN,0.29935845732688904,0.3501252681016922
seg_008847,sample_03048,Roller Star - Monroeville Music Center,1,0.34127262234687805,cnn_revised_20260919T110440Z,cnn_s2_10,val,Log-Mel CNN,0.29935845732688904,0.3501252681016922
seg_008848,sample_03048,Roller Star - Monroeville Music Center,1,0.26755133271217346,cnn_revised_20260919T110440Z,cnn_s2_10,val,Log-Mel CNN,0.29935845732688904,0.3501252681016922
seg_008849,sample_03048,Roller Star - Monroeville Music Center,1,0.9736785888671875,cnn_revised_20260919T110440Z,cnn_s2_10,val,Log-Mel CNN,0.29935845732688904,0.3501252681016922
seg_008850,sample_03049,"Roundtrip - Oh Yeah, the Future",1,0.9911248087882996,cnn_revised_20260919T110440Z,cnn_s2_10,val,Log-Mel CNN,0.29935845732688904,0.3501252681016922
seg_008851,sample_03049,"Roundtrip - Oh Yeah, the Future",1,0.22139397263526917,cnn_revised_20260919T110440Z,cnn_s2_10,val,Log-Mel CNN,0.29935845732688904,0.3501252681016922
seg_008852,sample_03049,"Roundtrip - Oh Yeah, the Future",1,0.99189293384552,cnn_revised_20260919T110440Z,cnn_s2_10,val,Log-Mel CNN,0.29935845732688904,0.3501252681016922
seg_008853,sample_03050,"Roundtrip - Oh Yeah, the Future",1,0.8924868702888489,cnn_revised_20260919T110440Z,cnn_s2_10,val,Log-Mel CNN,0.29935845732688904,0.3501252681016922
seg_008854,sample_03050,"Roundtrip - Oh Yeah, the Future",1,0.1601973921060562,cnn_revised_20260919T110440Z,cnn_s2_10,val,Log-Mel CNN,0.29935845732688904,0.3501252681016922
seg_008855,sample_03050,"Roundtrip - Oh Yeah, the Future",1,0.9983294606208801,cnn_revised_20260919T110440Z,cnn_s2_10,val,Log-Mel CNN,0.29935845732688904,0.3501252681016922
seg_008862,sample_03053,SD (Ill Mix) - H-LR,1,0.03990256413817406,cnn_revised_20260919T110440Z,cnn_s2_10,val,Log-Mel CNN,0.29935845732688904,0.3501252681016922
seg_008863,sample_03053,SD (Ill Mix) - H-LR,1,0.3120756149291992,cnn_revised_20260919T110440Z,cnn_s2_10,val,Log-Mel CNN,0.29935845732688904,0.3501252681016922
seg_008864,sample_03053,SD (Ill Mix) - H-LR,1,0.9759882092475891,cnn_revised_20260919T110440Z,cnn_s2_10,val,Log-Mel CNN,0.29935845732688904,0.3501252681016922
seg_008865,sample_03054,SD (Ill Mix) - H-LR,1,0.29935845732688904,cnn_revised_20260919T110440Z,cnn_s2_10,val,Log-Mel CNN,0.29935845732688904,0.3501252681016922
seg_008866,sample_03054,SD (Ill Mix) - H-LR,1,0.3244311511516571,cnn_revised_20260919T110440Z,cnn_s2_10,val,Log-Mel CNN,0.29935845732688904,0.3501252681016922
seg_008867,sample_03054,SD (Ill Mix) - H-LR,1,0.9720758199691772,cnn_revised_20260919T110440Z,cnn_s2_10,val,Log-Mel CNN,0.29935845732688904,0.3501252681016922
seg_008868,sample_03055,Scramby Eggs - Andy G. Cohen,1,0.04347560927271843,cnn_revised_20260919T110440Z,cnn_s2_10,val,Log-Mel CNN,0.29935845732688904,0.3501252681016922
seg_008869,sample_03055,Scramby Eggs - Andy G. Cohen,1,0.01867767795920372,cnn_revised_20260919T110440Z,cnn_s2_10,val,Log-Mel CNN,0.29935845732688904,0.3501252681016922
seg_008870,sample_03055,Scramby Eggs - Andy G. Cohen,1,0.13601768016815186,cnn_revised_20260919T110440Z,cnn_s2_10,val,Log-Mel CNN,0.29935845732688904,0.3501252681016922
seg_008871,sample_03056,Scramby Eggs - Andy G. Cohen,1,0.12650516629219055,cnn_revised_20260919T110440Z,cnn_s2_10,val,Log-Mel CNN,0.29935845732688904,0.3501252681016922
seg_008872,sample_03056,Scramby Eggs - Andy G. Cohen,1,0.11191782355308533,cnn_revised_20260919T110440Z,cnn_s2_10,val,Log-Mel CNN,0.29935845732688904,0.3501252681016922
seg_008873,sample_03056,Scramby Eggs - Andy G. Cohen,1,0.635408878326416,cnn_revised_20260919T110440Z,cnn_s2_10,val,Log-Mel CNN,0.29935845732688904,0.3501252681016922
seg_008910,sample_03069,Soleares&beats - Malaventura,1,0.9842595458030701,cnn_revised_20260919T110440Z,cnn_s2_10,val,Log-Mel CNN,0.29935845732688904,0.3501252681016922
seg_008911,sample_03069,Soleares&beats - Malaventura,1,0.09996004402637482,cnn_revised_20260919T110440Z,cnn_s2_10,val,Log-Mel CNN,0.29935845732688904,0.3501252681016922
seg_008912,sample_03069,Soleares&beats - Malaventura,1,0.8851208686828613,cnn_revised_20260919T110440Z,cnn_s2_10,val,Log-Mel CNN,0.29935845732688904,0.3501252681016922
seg_008913,sample_03070,Soleares&beats - Malaventura,1,0.7093296647071838,cnn_revised_20260919T110440Z,cnn_s2_10,val,Log-Mel CNN,0.29935845732688904,0.3501252681016922
seg_008914,sample_03070,Soleares&beats - Malaventura,1,0.12150115519762039,cnn_revised_20260919T110440Z,cnn_s2_10,val,Log-Mel CNN,0.29935845732688904,0.3501252681016922
seg_008915,sample_03070,Soleares&beats - Malaventura,1,0.7780385613441467,cnn_revised_20260919T110440Z,cnn_s2_10,val,Log-Mel CNN,0.29935845732688904,0.3501252681016922
seg_008934,sample_03077,Stockholm Syndrome / People Should Be More Aware - Bird Names,1,0.557214081287384,cnn_revised_20260919T110440Z,cnn_s2_10,val,Log-Mel CNN,0.29935845732688904,0.3501252681016922
seg_008935,sample_03077,Stockholm Syndrome / People Should Be More Aware - Bird Names,1,0.9988207221031189,cnn_revised_20260919T110440Z,cnn_s2_10,val,Log-Mel CNN,0.29935845732688904,0.3501252681016922
seg_008936,sample_03077,Stockholm Syndrome / People Should Be More Aware - Bird Names,1,0.8524369597434998,cnn_revised_20260919T110440Z,cnn_s2_10,val,Log-Mel CNN,0.29935845732688904,0.3501252681016922
seg_008937,sample_03078,Stockholm Syndrome / People Should Be More Aware - Bird Names,1,0.0024647333193570375,cnn_revised_20260919T110440Z,cnn_s2_10,val,Log-Mel CNN,0.29935845732688904,0.3501252681016922
seg_008938,sample_03078,Stockholm Syndrome / People Should Be More Aware - Bird Names,1,0.4123784899711609,cnn_revised_20260919T110440Z,cnn_s2_10,val,Log-Mel CNN,0.29935845732688904,0.3501252681016922
seg_008939,sample_03078,Stockholm Syndrome / People Should Be More Aware - Bird Names,1,0.058850277215242386,cnn_revised_20260919T110440Z,cnn_s2_10,val,Log-Mel CNN,0.29935845732688904,0.3501252681016922
seg_009030,sample_03109,The girl just faded - Los Llamarada,1,0.9915095567703247,cnn_revised_20260919T110440Z,cnn_s2_10,val,Log-Mel CNN,0.29935845732688904,0.3501252681016922
seg_009031,sample_03109,The girl just faded - Los Llamarada,1,0.013495544902980328,cnn_revised_20260919T110440Z,cnn_s2_10,val,Log-Mel CNN,0.29935845732688904,0.3501252681016922
seg_009032,sample_03109,The girl just faded - Los Llamarada,1,0.9847807884216309,cnn_revised_20260919T110440Z,cnn_s2_10,val,Log-Mel CNN,0.29935845732688904,0.3501252681016922
seg_009033,sample_03110,The girl just faded - Los Llamarada,1,0.20676778256893158,cnn_revised_20260919T110440Z,cnn_s2_10,val,Log-Mel CNN,0.29935845732688904,0.3501252681016922
seg_009034,sample_03110,The girl just faded - Los Llamarada,1,0.5806677937507629,cnn_revised_20260919T110440Z,cnn_s2_10,val,Log-Mel CNN,0.29935845732688904,0.3501252681016922
seg_009035,sample_03110,The girl just faded - Los Llamarada,1,0.7851390242576599,cnn_revised_20260919T110440Z,cnn_s2_10,val,Log-Mel CNN,0.29935845732688904,0.3501252681016922
seg_009042,sample_03113,Time Is Love - Silence is full of birds,1,0.25323057174682617,cnn_revised_20260919T110440Z,cnn_s2_10,val,Log-Mel CNN,0.29935845732688904,0.3501252681016922
seg_009043,sample_03113,Time Is Love - Silence is full of birds,1,0.07638417929410934,cnn_revised_20260919T110440Z,cnn_s2_10,val,Log-Mel CNN,0.29935845732688904,0.3501252681016922
seg_009044,sample_03113,Time Is Love - Silence is full of birds,1,0.9608312249183655,cnn_revised_20260919T110440Z,cnn_s2_10,val,Log-Mel CNN,0.29935845732688904,0.3501252681016922
seg_009045,sample_03114,Time Is Love - Silence is full of birds,1,0.9389024376869202,cnn_revised_20260919T110440Z,cnn_s2_10,val,Log-Mel CNN,0.29935845732688904,0.3501252681016922
seg_009046,sample_03114,Time Is Love - Silence is full of birds,1,0.3406161665916443,cnn_revised_20260919T110440Z,cnn_s2_10,val,Log-Mel CNN,0.29935845732688904,0.3501252681016922
seg_009047,sample_03114,Time Is Love - Silence is full of birds,1,0.5948703289031982,cnn_revised_20260919T110440Z,cnn_s2_10,val,Log-Mel CNN,0.29935845732688904,0.3501252681016922
seg_009078,sample_03125,Voxel - Andy G. Cohen,1,0.10481874644756317,cnn_revised_20260919T110440Z,cnn_s2_10,val,Log-Mel CNN,0.29935845732688904,0.3501252681016922
seg_009079,sample_03125,Voxel - Andy G. Cohen,1,0.009241553023457527,cnn_revised_20260919T110440Z,cnn_s2_10,val,Log-Mel CNN,0.29935845732688904,0.3501252681016922
seg_009080,sample_03125,Voxel - Andy G. Cohen,1,0.9055296778678894,cnn_revised_20260919T110440Z,cnn_s2_10,val,Log-Mel CNN,0.29935845732688904,0.3501252681016922
seg_009081,sample_03126,Voxel - Andy G. Cohen,1,0.6186100244522095,cnn_revised_20260919T110440Z,cnn_s2_10,val,Log-Mel CNN,0.29935845732688904,0.3501252681016922
seg_009082,sample_03126,Voxel - Andy G. Cohen,1,0.09848955273628235,cnn_revised_20260919T110440Z,cnn_s2_10,val,Log-Mel CNN,0.29935845732688904,0.3501252681016922
seg_009083,sample_03126,Voxel - Andy G. Cohen,1,0.6678903698921204,cnn_revised_20260919T110440Z,cnn_s2_10,val,Log-Mel CNN,0.29935845732688904,0.3501252681016922
seg_009114,sample_03137,Windows of the Skull - Sarin,1,0.986973226070404,cnn_revised_20260919T110440Z,cnn_s2_10,val,Log-Mel CNN,0.29935845732688904,0.3501252681016922
seg_009115,sample_03137,Windows of the Skull - Sarin,1,0.2608049511909485,cnn_revised_20260919T110440Z,cnn_s2_10,val,Log-Mel CNN,0.29935845732688904,0.3501252681016922
seg_009116,sample_03137,Windows of the Skull - Sarin,1,0.995712161064148,cnn_revised_20260919T110440Z,cnn_s2_10,val,Log-Mel CNN,0.29935845732688904,0.3501252681016922
seg_009117,sample_03138,Windows of the Skull - Sarin,1,0.9891239404678345,cnn_revised_20260919T110440Z,cnn_s2_10,val,Log-Mel CNN,0.29935845732688904,0.3501252681016922
seg_009118,sample_03138,Windows of the Skull - Sarin,1,0.2744865119457245,cnn_revised_20260919T110440Z,cnn_s2_10,val,Log-Mel CNN,0.29935845732688904,0.3501252681016922
seg_009119,sample_03138,Windows of the Skull - Sarin,1,0.7275251746177673,cnn_revised_20260919T110440Z,cnn_s2_10,val,Log-Mel CNN,0.29935845732688904,0.3501252681016922
seg_009168,sample_03155,mystery team 2090 - Jesse Futerman,1,0.7800154089927673,cnn_revised_20260919T110440Z,cnn_s2_10,val,Log-Mel CNN,0.29935845732688904,0.3501252681016922
seg_009169,sample_03155,mystery team 2090 - Jesse Futerman,1,0.539567768573761,cnn_revised_20260919T110440Z,cnn_s2_10,val,Log-Mel CNN,0.29935845732688904,0.3501252681016922
seg_009170,sample_03155,mystery team 2090 - Jesse Futerman,1,0.9941684007644653,cnn_revised_20260919T110440Z,cnn_s2_10,val,Log-Mel CNN,0.29935845732688904,0.3501252681016922
seg_009171,sample_03156,mystery team 2090 - Jesse Futerman,1,0.018699411302804947,cnn_revised_20260919T110440Z,cnn_s2_10,val,Log-Mel CNN,0.29935845732688904,0.3501252681016922
seg_009172,sample_03156,mystery team 2090 - Jesse Futerman,1,0.23317235708236694,cnn_revised_20260919T110440Z,cnn_s2_10,val,Log-Mel CNN,0.29935845732688904,0.3501252681016922
seg_009173,sample_03156,mystery team 2090 - Jesse Futerman,1,0.1826128214597702,cnn_revised_20260919T110440Z,cnn_s2_10,val,Log-Mel CNN,0.29935845732688904,0.3501252681016922
seg_009192,sample_03163,Новый Нью-Йорк 2 - Чокнутый Пропеллер,1,0.6424421072006226,cnn_revised_20260919T110440Z,cnn_s2_10,val,Log-Mel CNN,0.29935845732688904,0.3501252681016922
seg_009193,sample_03163,Новый Нью-Йорк 2 - Чокнутый Пропеллер,1,0.7448891401290894,cnn_revised_20260919T110440Z,cnn_s2_10,val,Log-Mel CNN,0.29935845732688904,0.3501252681016922
seg_009194,sample_03163,Новый Нью-Йорк 2 - Чокнутый Пропеллер,1,0.9167806506156921,cnn_revised_20260919T110440Z,cnn_s2_10,val,Log-Mel CNN,0.29935845732688904,0.3501252681016922
seg_009195,sample_03164,Новый Нью-Йорк 2 - Чокнутый Пропеллер,1,0.6751105189323425,cnn_revised_20260919T110440Z,cnn_s2_10,val,Log-Mel CNN,0.29935845732688904,0.3501252681016922
seg_009196,sample_03164,Новый Нью-Йорк 2 - Чокнутый Пропеллер,1,0.8943573832511902,cnn_revised_20260919T110440Z,cnn_s2_10,val,Log-Mel CNN,0.29935845732688904,0.3501252681016922
seg_009197,sample_03164,Новый Нью-Йорк 2 - Чокнутый Пропеллер,1,0.9762418270111084,cnn_revised_20260919T110440Z,cnn_s2_10,val,Log-Mel CNN,0.29935845732688904,0.3501252681016922
seg_009207,sample_03168,2 (Wasn't There) - Isle of Pine,1,0.6534426212310791,cnn_revised_20260919T110440Z,cnn_s2_10,val,Log-Mel CNN,0.29935845732688904,0.3501252681016922
seg_009208,sample_03168,2 (Wasn't There) - Isle of Pine,1,0.016555046662688255,cnn_revised_20260919T110440Z,cnn_s2_10,val,Log-Mel CNN,0.29935845732688904,0.3501252681016922
seg_009209,sample_03168,2 (Wasn't There) - Isle of Pine,1,0.3935070335865021,cnn_revised_20260919T110440Z,cnn_s2_10,val,Log-Mel CNN,0.29935845732688904,0.3501252681016922
seg_009228,sample_03175,Agora - Malaventura,1,0.3714248239994049,cnn_revised_20260919T110440Z,cnn_s2_10,val,Log-Mel CNN,0.29935845732688904,0.3501252681016922
seg_009229,sample_03175,Agora - Malaventura,1,0.9946175217628479,cnn_revised_20260919T110440Z,cnn_s2_10,val,Log-Mel CNN,0.29935845732688904,0.3501252681016922
seg_009230,sample_03175,Agora - Malaventura,1,0.9713360667228699,cnn_revised_20260919T110440Z,cnn_s2_10,val,Log-Mel CNN,0.29935845732688904,0.3501252681016922
seg_009279,sample_03192,Beyond Luxury - Mors Ontologica,1,0.4462645947933197,cnn_revised_20260919T110440Z,cnn_s2_10,val,Log-Mel CNN,0.29935845732688904,0.3501252681016922
seg_009280,sample_03192,Beyond Luxury - Mors Ontologica,1,0.21918298304080963,cnn_revised_20260919T110440Z,cnn_s2_10,val,Log-Mel CNN,0.29935845732688904,0.3501252681016922
seg_009281,sample_03192,Beyond Luxury - Mors Ontologica,1,0.9943041205406189,cnn_revised_20260919T110440Z,cnn_s2_10,val,Log-Mel CNN,0.29935845732688904,0.3501252681016922
seg_009324,sample_03207,CopperNickle - UncleBibby,1,0.22147610783576965,cnn_revised_20260919T110440Z,cnn_s2_10,val,Log-Mel CNN,0.29935845732688904,0.3501252681016922
seg_009325,sample_03207,CopperNickle - UncleBibby,1,0.9966341853141785,cnn_revised_20260919T110440Z,cnn_s2_10,val,Log-Mel CNN,0.29935845732688904,0.3501252681016922
seg_009326,sample_03207,CopperNickle - UncleBibby,1,0.9938557744026184,cnn_revised_20260919T110440Z,cnn_s2_10,val,Log-Mel CNN,0.29935845732688904,0.3501252681016922
seg_009339,sample_03212,Daylight Savings - My brother Daniel,1,0.9731839299201965,cnn_revised_20260919T110440Z,cnn_s2_10,val,Log-Mel CNN,0.29935845732688904,0.3501252681016922
seg_009340,sample_03212,Daylight Savings - My brother Daniel,1,0.5564980506896973,cnn_revised_20260919T110440Z,cnn_s2_10,val,Log-Mel CNN,0.29935845732688904,0.3501252681016922
seg_009341,sample_03212,Daylight Savings - My brother Daniel,1,0.8608973026275635,cnn_revised_20260919T110440Z,cnn_s2_10,val,Log-Mel CNN,0.29935845732688904,0.3501252681016922
seg_009375,sample_03224,Empty Pockets - Pete Prodoehl,1,0.9835756421089172,cnn_revised_20260919T110440Z,cnn_s2_10,val,Log-Mel CNN,0.29935845732688904,0.3501252681016922
seg_009376,sample_03224,Empty Pockets - Pete Prodoehl,1,0.8954841494560242,cnn_revised_20260919T110440Z,cnn_s2_10,val,Log-Mel CNN,0.29935845732688904,0.3501252681016922
seg_009377,sample_03224,Empty Pockets - Pete Prodoehl,1,0.9636824727058411,cnn_revised_20260919T110440Z,cnn_s2_10,val,Log-Mel CNN,0.29935845732688904,0.3501252681016922
seg_009393,sample_03230,Evil Cannot Create - Caleb Lemond,1,0.9872550964355469,cnn_revised_20260919T110440Z,cnn_s2_10,val,Log-Mel CNN,0.29935845732688904,0.3501252681016922
seg_009394,sample_03230,Evil Cannot Create - Caleb Lemond,1,0.9811853766441345,cnn_revised_20260919T110440Z,cnn_s2_10,val,Log-Mel CNN,0.29935845732688904,0.3501252681016922
seg_009395,sample_03230,Evil Cannot Create - Caleb Lemond,1,0.9960917830467224,cnn_revised_20260919T110440Z,cnn_s2_10,val,Log-Mel CNN,0.29935845732688904,0.3501252681016922
seg_009399,sample_03232,Fear - Los Fancy Free,1,0.9945039749145508,cnn_revised_20260919T110440Z,cnn_s2_10,val,Log-Mel CNN,0.29935845732688904,0.3501252681016922
seg_009400,sample_03232,Fear - Los Fancy Free,1,0.9976462721824646,cnn_revised_20260919T110440Z,cnn_s2_10,val,Log-Mel CNN,0.29935845732688904,0.3501252681016922
seg_009401,sample_03232,Fear - Los Fancy Free,1,0.7465159296989441,cnn_revised_20260919T110440Z,cnn_s2_10,val,Log-Mel CNN,0.29935845732688904,0.3501252681016922
seg_009402,sample_03233,Fifth Ramble - From the album Keith [RSVP007] - My brother Daniel,1,0.7383259534835815,cnn_revised_20260919T110440Z,cnn_s2_10,val,Log-Mel CNN,0.29935845732688904,0.3501252681016922
seg_009403,sample_03233,Fifth Ramble - From the album Keith [RSVP007] - My brother Daniel,1,0.6483861207962036,cnn_revised_20260919T110440Z,cnn_s2_10,val,Log-Mel CNN,0.29935845732688904,0.3501252681016922
seg_009404,sample_03233,Fifth Ramble - From the album Keith [RSVP007] - My brother Daniel,1,0.8286254405975342,cnn_revised_20260919T110440Z,cnn_s2_10,val,Log-Mel CNN,0.29935845732688904,0.3501252681016922
seg_009438,sample_03245,Gila Monster Flop/Music History Lesson:The Sonics - The Crypts!,1,0.07016108185052872,cnn_revised_20260919T110440Z,cnn_s2_10,val,Log-Mel CNN,0.29935845732688904,0.3501252681016922
seg_009439,sample_03245,Gila Monster Flop/Music History Lesson:The Sonics - The Crypts!,1,0.4815700948238373,cnn_revised_20260919T110440Z,cnn_s2_10,val,Log-Mel CNN,0.29935845732688904,0.3501252681016922
seg_009440,sample_03245,Gila Monster Flop/Music History Lesson:The Sonics - The Crypts!,1,0.9159960150718689,cnn_revised_20260919T110440Z,cnn_s2_10,val,Log-Mel CNN,0.29935845732688904,0.3501252681016922
seg_009471,sample_03256,If You're Ther - Nicola Ratti,1,0.8698230385780334,cnn_revised_20260919T110440Z,cnn_s2_10,val,Log-Mel CNN,0.29935845732688904,0.3501252681016922
seg_009472,sample_03256,If You're Ther - Nicola Ratti,1,0.9978262782096863,cnn_revised_20260919T110440Z,cnn_s2_10,val,Log-Mel CNN,0.29935845732688904,0.3501252681016922
seg_009473,sample_03256,If You're Ther - Nicola Ratti,1,0.9688383936882019,cnn_revised_20260919T110440Z,cnn_s2_10,val,Log-Mel CNN,0.29935845732688904,0.3501252681016922
seg_009501,sample_03266,I Fell - Mod Fun,1,0.9759519100189209,cnn_revised_20260919T110440Z,cnn_s2_10,val,Log-Mel CNN,0.29935845732688904,0.3501252681016922
seg_009502,sample_03266,I Fell - Mod Fun,1,0.9498881697654724,cnn_revised_20260919T110440Z,cnn_s2_10,val,Log-Mel CNN,0.29935845732688904,0.3501252681016922
seg_009503,sample_03266,I Fell - Mod Fun,1,0.9369813203811646,cnn_revised_20260919T110440Z,cnn_s2_10,val,Log-Mel CNN,0.29935845732688904,0.3501252681016922
seg_009549,sample_03282,Kumorizoranohajimarutokoro - Hosomi,1,0.9752523899078369,cnn_revised_20260919T110440Z,cnn_s2_10,val,Log-Mel CNN,0.29935845732688904,0.3501252681016922
seg_009550,sample_03282,Kumorizoranohajimarutokoro - Hosomi,1,0.9994452595710754,cnn_revised_20260919T110440Z,cnn_s2_10,val,Log-Mel CNN,0.29935845732688904,0.3501252681016922
seg_009551,sample_03282,Kumorizoranohajimarutokoro - Hosomi,1,0.99754399061203,cnn_revised_20260919T110440Z,cnn_s2_10,val,Log-Mel CNN,0.29935845732688904,0.3501252681016922
seg_009585,sample_03294,Lights Up - Pipe Choir,1,0.5625676512718201,cnn_revised_20260919T110440Z,cnn_s2_10,val,Log-Mel CNN,0.29935845732688904,0.3501252681016922
seg_009586,sample_03294,Lights Up - Pipe Choir,1,0.9889426231384277,cnn_revised_20260919T110440Z,cnn_s2_10,val,Log-Mel CNN,0.29935845732688904,0.3501252681016922
seg_009587,sample_03294,Lights Up - Pipe Choir,1,0.8646631240844727,cnn_revised_20260919T110440Z,cnn_s2_10,val,Log-Mel CNN,0.29935845732688904,0.3501252681016922
seg_009603,sample_03300,Loved Ones - Rowan Box,1,0.9785227179527283,cnn_revised_20260919T110440Z,cnn_s2_10,val,Log-Mel CNN,0.29935845732688904,0.3501252681016922
seg_009604,sample_03300,Loved Ones - Rowan Box,1,0.9639766812324524,cnn_revised_20260919T110440Z,cnn_s2_10,val,Log-Mel CNN,0.29935845732688904,0.3501252681016922
seg_009605,sample_03300,Loved Ones - Rowan Box,1,0.8714563250541687,cnn_revised_20260919T110440Z,cnn_s2_10,val,Log-Mel CNN,0.29935845732688904,0.3501252681016922
seg_009615,sample_03304,March of the GPA Mechanics - [t]ghost,1,0.7134732604026794,cnn_revised_20260919T110440Z,cnn_s2_10,val,Log-Mel CNN,0.29935845732688904,0.3501252681016922
seg_009616,sample_03304,March of the GPA Mechanics - [t]ghost,1,0.8743411302566528,cnn_revised_20260919T110440Z,cnn_s2_10,val,Log-Mel CNN,0.29935845732688904,0.3501252681016922
seg_009617,sample_03304,March of the GPA Mechanics - [t]ghost,1,0.9852750301361084,cnn_revised_20260919T110440Z,cnn_s2_10,val,Log-Mel CNN,0.29935845732688904,0.3501252681016922
seg_009636,sample_03311,Morning Bell - Nihilore,1,0.9951770305633545,cnn_revised_20260919T110440Z,cnn_s2_10,val,Log-Mel CNN,0.29935845732688904,0.3501252681016922
seg_009637,sample_03311,Morning Bell - Nihilore,1,0.985503077507019,cnn_revised_20260919T110440Z,cnn_s2_10,val,Log-Mel CNN,0.29935845732688904,0.3501252681016922
seg_009638,sample_03311,Morning Bell - Nihilore,1,0.9380186796188354,cnn_revised_20260919T110440Z,cnn_s2_10,val,Log-Mel CNN,0.29935845732688904,0.3501252681016922
seg_009651,sample_03316,mystery team 2090 - Jesse Futerman,1,0.6186981797218323,cnn_revised_20260919T110440Z,cnn_s2_10,val,Log-Mel CNN,0.29935845732688904,0.3501252681016922
seg_009652,sample_03316,mystery team 2090 - Jesse Futerman,1,0.9887746572494507,cnn_revised_20260919T110440Z,cnn_s2_10,val,Log-Mel CNN,0.29935845732688904,0.3501252681016922
seg_009653,sample_03316,mystery team 2090 - Jesse Futerman,1,0.6471362113952637,cnn_revised_20260919T110440Z,cnn_s2_10,val,Log-Mel CNN,0.29935845732688904,0.3501252681016922
seg_009654,sample_03317,My Body Is A Weapon (Compromise Edit) - Silence is full of birds,1,0.9909021258354187,cnn_revised_20260919T110440Z,cnn_s2_10,val,Log-Mel CNN,0.29935845732688904,0.3501252681016922
seg_009655,sample_03317,My Body Is A Weapon (Compromise Edit) - Silence is full of birds,1,0.8870477080345154,cnn_revised_20260919T110440Z,cnn_s2_10,val,Log-Mel CNN,0.29935845732688904,0.3501252681016922
seg_009656,sample_03317,My Body Is A Weapon (Compromise Edit) - Silence is full of birds,1,0.5438975691795349,cnn_revised_20260919T110440Z,cnn_s2_10,val,Log-Mel CNN,0.29935845732688904,0.3501252681016922
seg_009666,sample_03321,New Life (take 1) - Bird Names,1,0.9873724579811096,cnn_revised_20260919T110440Z,cnn_s2_10,val,Log-Mel CNN,0.29935845732688904,0.3501252681016922
seg_009667,sample_03321,New Life (take 1) - Bird Names,1,0.9950798749923706,cnn_revised_20260919T110440Z,cnn_s2_10,val,Log-Mel CNN,0.29935845732688904,0.3501252681016922
seg_009668,sample_03321,New Life (take 1) - Bird Names,1,0.9636025428771973,cnn_revised_20260919T110440Z,cnn_s2_10,val,Log-Mel CNN,0.29935845732688904,0.3501252681016922
seg_009672,sample_03323,Night Drive - Decktonic,1,0.9870808720588684,cnn_revised_20260919T110440Z,cnn_s2_10,val,Log-Mel CNN,0.29935845732688904,0.3501252681016922
seg_009673,sample_03323,Night Drive - Decktonic,1,0.958681046962738,cnn_revised_20260919T110440Z,cnn_s2_10,val,Log-Mel CNN,0.29935845732688904,0.3501252681016922
seg_009674,sample_03323,Night Drive - Decktonic,1,0.6951793432235718,cnn_revised_20260919T110440Z,cnn_s2_10,val,Log-Mel CNN,0.29935845732688904,0.3501252681016922
seg_009681,sample_03326,Norweigian Wood II - Bird Names,1,0.5743515491485596,cnn_revised_20260919T110440Z,cnn_s2_10,val,Log-Mel CNN,0.29935845732688904,0.3501252681016922
seg_009682,sample_03326,Norweigian Wood II - Bird Names,1,0.5074109435081482,cnn_revised_20260919T110440Z,cnn_s2_10,val,Log-Mel CNN,0.29935845732688904,0.3501252681016922
seg_009683,sample_03326,Norweigian Wood II - Bird Names,1,0.9712555408477783,cnn_revised_20260919T110440Z,cnn_s2_10,val,Log-Mel CNN,0.29935845732688904,0.3501252681016922
seg_009693,sample_03330,Nuo Maisemat - Paavoharju,1,0.7773005962371826,cnn_revised_20260919T110440Z,cnn_s2_10,val,Log-Mel CNN,0.29935845732688904,0.3501252681016922
seg_009694,sample_03330,Nuo Maisemat - Paavoharju,1,0.9972794651985168,cnn_revised_20260919T110440Z,cnn_s2_10,val,Log-Mel CNN,0.29935845732688904,0.3501252681016922
seg_009695,sample_03330,Nuo Maisemat - Paavoharju,1,0.9960348010063171,cnn_revised_20260919T110440Z,cnn_s2_10,val,Log-Mel CNN,0.29935845732688904,0.3501252681016922
seg_009756,sample_03351,Redlight - Room For A Ghost,1,0.9934272766113281,cnn_revised_20260919T110440Z,cnn_s2_10,val,Log-Mel CNN,0.29935845732688904,0.3501252681016922
seg_009757,sample_03351,Redlight - Room For A Ghost,1,0.9994723200798035,cnn_revised_20260919T110440Z,cnn_s2_10,val,Log-Mel CNN,0.29935845732688904,0.3501252681016922
seg_009758,sample_03351,Redlight - Room For A Ghost,1,0.9171915054321289,cnn_revised_20260919T110440Z,cnn_s2_10,val,Log-Mel CNN,0.29935845732688904,0.3501252681016922
seg_009774,sample_03357,Roller Star - Monroeville Music Center,1,0.9969737529754639,cnn_revised_20260919T110440Z,cnn_s2_10,val,Log-Mel CNN,0.29935845732688904,0.3501252681016922
seg_009775,sample_03357,Roller Star - Monroeville Music Center,1,0.9855726361274719,cnn_revised_20260919T110440Z,cnn_s2_10,val,Log-Mel CNN,0.29935845732688904,0.3501252681016922
seg_009776,sample_03357,Roller Star - Monroeville Music Center,1,0.8874569535255432,cnn_revised_20260919T110440Z,cnn_s2_10,val,Log-Mel CNN,0.29935845732688904,0.3501252681016922
seg_009780,sample_03359,"Roundtrip - Oh Yeah, the Future",1,0.9071868658065796,cnn_revised_20260919T110440Z,cnn_s2_10,val,Log-Mel CNN,0.29935845732688904,0.3501252681016922
seg_009781,sample_03359,"Roundtrip - Oh Yeah, the Future",1,0.9626216888427734,cnn_revised_20260919T110440Z,cnn_s2_10,val,Log-Mel CNN,0.29935845732688904,0.3501252681016922
seg_009782,sample_03359,"Roundtrip - Oh Yeah, the Future",1,0.969876229763031,cnn_revised_20260919T110440Z,cnn_s2_10,val,Log-Mel CNN,0.29935845732688904,0.3501252681016922
seg_009792,sample_03363,Scramby Eggs - Andy G. Cohen,1,0.9949997663497925,cnn_revised_20260919T110440Z,cnn_s2_10,val,Log-Mel CNN,0.29935845732688904,0.3501252681016922
seg_009793,sample_03363,Scramby Eggs - Andy G. Cohen,1,0.624373733997345,cnn_revised_20260919T110440Z,cnn_s2_10,val,Log-Mel CNN,0.29935845732688904,0.3501252681016922
seg_009794,sample_03363,Scramby Eggs - Andy G. Cohen,1,0.8947427868843079,cnn_revised_20260919T110440Z,cnn_s2_10,val,Log-Mel CNN,0.29935845732688904,0.3501252681016922
seg_009795,sample_03364,SD (Ill Mix) - H-LR,1,0.7812574505805969,cnn_revised_20260919T110440Z,cnn_s2_10,val,Log-Mel CNN,0.29935845732688904,0.3501252681016922
seg_009796,sample_03364,SD (Ill Mix) - H-LR,1,0.778316855430603,cnn_revised_20260919T110440Z,cnn_s2_10,val,Log-Mel CNN,0.29935845732688904,0.3501252681016922
seg_009797,sample_03364,SD (Ill Mix) - H-LR,1,0.316800057888031,cnn_revised_20260919T110440Z,cnn_s2_10,val,Log-Mel CNN,0.29935845732688904,0.3501252681016922
seg_009819,sample_03372,Shipwrecked Crew - Pete Prodoehl,1,0.966474711894989,cnn_revised_20260919T110440Z,cnn_s2_10,val,Log-Mel CNN,0.29935845732688904,0.3501252681016922
seg_009820,sample_03372,Shipwrecked Crew - Pete Prodoehl,1,0.9138569235801697,cnn_revised_20260919T110440Z,cnn_s2_10,val,Log-Mel CNN,0.29935845732688904,0.3501252681016922
seg_009821,sample_03372,Shipwrecked Crew - Pete Prodoehl,1,0.4861113131046295,cnn_revised_20260919T110440Z,cnn_s2_10,val,Log-Mel CNN,0.29935845732688904,0.3501252681016922
seg_009837,sample_03378,Soleares&beats - Malaventura,1,0.94855135679245,cnn_revised_20260919T110440Z,cnn_s2_10,val,Log-Mel CNN,0.29935845732688904,0.3501252681016922
seg_009838,sample_03378,Soleares&beats - Malaventura,1,0.7309468388557434,cnn_revised_20260919T110440Z,cnn_s2_10,val,Log-Mel CNN,0.29935845732688904,0.3501252681016922
seg_009839,sample_03378,Soleares&beats - Malaventura,1,0.1874627023935318,cnn_revised_20260919T110440Z,cnn_s2_10,val,Log-Mel CNN,0.29935845732688904,0.3501252681016922
seg_009843,sample_03380,some dextromethorphan - Jeva,1,0.9719470739364624,cnn_revised_20260919T110440Z,cnn_s2_10,val,Log-Mel CNN,0.29935845732688904,0.3501252681016922
seg_009844,sample_03380,some dextromethorphan - Jeva,1,0.9952834248542786,cnn_revised_20260919T110440Z,cnn_s2_10,val,Log-Mel CNN,0.29935845732688904,0.3501252681016922
seg_009845,sample_03380,some dextromethorphan - Jeva,1,0.9929681420326233,cnn_revised_20260919T110440Z,cnn_s2_10,val,Log-Mel CNN,0.29935845732688904,0.3501252681016922
seg_009858,sample_03385,Stockholm Syndrome / People Should Be More Aware - Bird Names,1,0.995270311832428,cnn_revised_20260919T110440Z,cnn_s2_10,val,Log-Mel CNN,0.29935845732688904,0.3501252681016922
seg_009859,sample_03385,Stockholm Syndrome / People Should Be More Aware - Bird Names,1,0.9986899495124817,cnn_revised_20260919T110440Z,cnn_s2_10,val,Log-Mel CNN,0.29935845732688904,0.3501252681016922
seg_009860,sample_03385,Stockholm Syndrome / People Should Be More Aware - Bird Names,1,0.9954029321670532,cnn_revised_20260919T110440Z,cnn_s2_10,val,Log-Mel CNN,0.29935845732688904,0.3501252681016922
seg_009870,sample_03389,Sturgeon's Law - Nihilore,1,0.9397652745246887,cnn_revised_20260919T110440Z,cnn_s2_10,val,Log-Mel CNN,0.29935845732688904,0.3501252681016922
seg_009871,sample_03389,Sturgeon's Law - Nihilore,1,0.9820331931114197,cnn_revised_20260919T110440Z,cnn_s2_10,val,Log-Mel CNN,0.29935845732688904,0.3501252681016922
seg_009872,sample_03389,Sturgeon's Law - Nihilore,1,0.8793221712112427,cnn_revised_20260919T110440Z,cnn_s2_10,val,Log-Mel CNN,0.29935845732688904,0.3501252681016922
seg_009927,sample_03408,The girl just faded - Los Llamarada,1,0.9871050119400024,cnn_revised_20260919T110440Z,cnn_s2_10,val,Log-Mel CNN,0.29935845732688904,0.3501252681016922
seg_009928,sample_03408,The girl just faded - Los Llamarada,1,0.9879576563835144,cnn_revised_20260919T110440Z,cnn_s2_10,val,Log-Mel CNN,0.29935845732688904,0.3501252681016922
seg_009929,sample_03408,The girl just faded - Los Llamarada,1,0.8933553695678711,cnn_revised_20260919T110440Z,cnn_s2_10,val,Log-Mel CNN,0.29935845732688904,0.3501252681016922
seg_009954,sample_03417,The Stairway - WarpToken,1,0.9699571132659912,cnn_revised_20260919T110440Z,cnn_s2_10,val,Log-Mel CNN,0.29935845732688904,0.3501252681016922
seg_009955,sample_03417,The Stairway - WarpToken,1,0.9822288751602173,cnn_revised_20260919T110440Z,cnn_s2_10,val,Log-Mel CNN,0.29935845732688904,0.3501252681016922
seg_009956,sample_03417,The Stairway - WarpToken,1,0.8332370519638062,cnn_revised_20260919T110440Z,cnn_s2_10,val,Log-Mel CNN,0.29935845732688904,0.3501252681016922
seg_009957,sample_03418,Three Bird - My brother Daniel,1,0.43189510703086853,cnn_revised_20260919T110440Z,cnn_s2_10,val,Log-Mel CNN,0.29935845732688904,0.3501252681016922
seg_009958,sample_03418,Three Bird - My brother Daniel,1,0.9566537737846375,cnn_revised_20260919T110440Z,cnn_s2_10,val,Log-Mel CNN,0.29935845732688904,0.3501252681016922
seg_009959,sample_03418,Three Bird - My brother Daniel,1,0.9605681300163269,cnn_revised_20260919T110440Z,cnn_s2_10,val,Log-Mel CNN,0.29935845732688904,0.3501252681016922
seg_009960,sample_03419,Timen Passing By - Jason Shaw,1,0.9500797986984253,cnn_revised_20260919T110440Z,cnn_s2_10,val,Log-Mel CNN,0.29935845732688904,0.3501252681016922
seg_009961,sample_03419,Timen Passing By - Jason Shaw,1,0.6117414832115173,cnn_revised_20260919T110440Z,cnn_s2_10,val,Log-Mel CNN,0.29935845732688904,0.3501252681016922
seg_009962,sample_03419,Timen Passing By - Jason Shaw,1,0.836309552192688,cnn_revised_20260919T110440Z,cnn_s2_10,val,Log-Mel CNN,0.29935845732688904,0.3501252681016922
seg_009963,sample_03420,Time Is Love - Silence is full of birds,1,0.9809026718139648,cnn_revised_20260919T110440Z,cnn_s2_10,val,Log-Mel CNN,0.29935845732688904,0.3501252681016922
seg_009964,sample_03420,Time Is Love - Silence is full of birds,1,0.9941521286964417,cnn_revised_20260919T110440Z,cnn_s2_10,val,Log-Mel CNN,0.29935845732688904,0.3501252681016922
seg_009965,sample_03420,Time Is Love - Silence is full of birds,1,0.9970319271087646,cnn_revised_20260919T110440Z,cnn_s2_10,val,Log-Mel CNN,0.29935845732688904,0.3501252681016922
seg_009990,sample_03429,Understand That This Is A Dream - From the album Modulating Coil [RSVP008] - Forrest James,1,0.9802752137184143,cnn_revised_20260919T110440Z,cnn_s2_10,val,Log-Mel CNN,0.29935845732688904,0.3501252681016922
seg_009991,sample_03429,Understand That This Is A Dream - From the album Modulating Coil [RSVP008] - Forrest James,1,0.974499523639679,cnn_revised_20260919T110440Z,cnn_s2_10,val,Log-Mel CNN,0.29935845732688904,0.3501252681016922
seg_009992,sample_03429,Understand That This Is A Dream - From the album Modulating Coil [RSVP008] - Forrest James,1,0.8499049544334412,cnn_revised_20260919T110440Z,cnn_s2_10,val,Log-Mel CNN,0.29935845732688904,0.3501252681016922
seg_010005,sample_03434,Voxel - Andy G. Cohen,1,0.7568979859352112,cnn_revised_20260919T110440Z,cnn_s2_10,val,Log-Mel CNN,0.29935845732688904,0.3501252681016922
seg_010006,sample_03434,Voxel - Andy G. Cohen,1,0.9957770109176636,cnn_revised_20260919T110440Z,cnn_s2_10,val,Log-Mel CNN,0.29935845732688904,0.3501252681016922
seg_010007,sample_03434,Voxel - Andy G. Cohen,1,0.9678268432617188,cnn_revised_20260919T110440Z,cnn_s2_10,val,Log-Mel CNN,0.29935845732688904,0.3501252681016922
seg_010011,sample_03436,Westside Chillers - Little Glass Men,1,0.9955307841300964,cnn_revised_20260919T110440Z,cnn_s2_10,val,Log-Mel CNN,0.29935845732688904,0.3501252681016922
seg_010012,sample_03436,Westside Chillers - Little Glass Men,1,0.602563738822937,cnn_revised_20260919T110440Z,cnn_s2_10,val,Log-Mel CNN,0.29935845732688904,0.3501252681016922
seg_010013,sample_03436,Westside Chillers - Little Glass Men,1,0.8947256803512573,cnn_revised_20260919T110440Z,cnn_s2_10,val,Log-Mel CNN,0.29935845732688904,0.3501252681016922
seg_010065,sample_03454,Новый Нью-Йорк 2 - Чокнутый Пропеллер,1,0.994440495967865,cnn_revised_20260919T110440Z,cnn_s2_10,val,Log-Mel CNN,0.29935845732688904,0.3501252681016922
seg_010066,sample_03454,Новый Нью-Йорк 2 - Чокнутый Пропеллер,1,0.27406519651412964,cnn_revised_20260919T110440Z,cnn_s2_10,val,Log-Mel CNN,0.29935845732688904,0.3501252681016922
seg_010067,sample_03454,Новый Нью-Йорк 2 - Чокнутый Пропеллер,1,0.09775631129741669,cnn_revised_20260919T110440Z,cnn_s2_10,val,Log-Mel CNN,0.29935845732688904,0.3501252681016922
seg_010071,sample_03456,Windows of the Skull - Sarin,1,0.9872024655342102,cnn_revised_20260919T110440Z,cnn_s2_10,val,Log-Mel CNN,0.29935845732688904,0.3501252681016922
seg_010072,sample_03456,Windows of the Skull - Sarin,1,0.9724828600883484,cnn_revised_20260919T110440Z,cnn_s2_10,val,Log-Mel CNN,0.29935845732688904,0.3501252681016922
seg_010073,sample_03456,Windows of the Skull - Sarin,1,0.9978910088539124,cnn_revised_20260919T110440Z,cnn_s2_10,val,Log-Mel CNN,0.29935845732688904,0.3501252681016922
