segment_id,track_id,original_audio_id,label,score,run_id,trial_id,split,model,segment_threshold,track_threshold
seg_000006,sample_00002,2 (Wasn't There) - Isle of Pine,0,0.010603664442896843,cnn_revised_20260919T110440Z,cnn_s2_11,val,Log-Mel CNN,0.06682424247264862,0.13586335132519403
seg_000007,sample_00002,2 (Wasn't There) - Isle of Pine,0,0.07825218886137009,cnn_revised_20260919T110440Z,cnn_s2_11,val,Log-Mel CNN,0.06682424247264862,0.13586335132519403
seg_000008,sample_00002,2 (Wasn't There) - Isle of Pine,0,0.029796086251735687,cnn_revised_20260919T110440Z,cnn_s2_11,val,Log-Mel CNN,0.06682424247264862,0.13586335132519403
seg_000039,sample_00013,Agora - Malaventura,0,0.05479690432548523,cnn_revised_20260919T110440Z,cnn_s2_11,val,Log-Mel CNN,0.06682424247264862,0.13586335132519403
seg_000040,sample_00013,Agora - Malaventura,0,0.19408166408538818,cnn_revised_20260919T110440Z,cnn_s2_11,val,Log-Mel CNN,0.06682424247264862,0.13586335132519403
seg_000041,sample_00013,Agora - Malaventura,0,0.41197144985198975,cnn_revised_20260919T110440Z,cnn_s2_11,val,Log-Mel CNN,0.06682424247264862,0.13586335132519403
seg_000081,sample_00027,Beyond Luxury - Mors Ontologica,0,5.980340938549489e-05,cnn_revised_20260919T110440Z,cnn_s2_11,val,Log-Mel CNN,0.06682424247264862,0.13586335132519403
seg_000082,sample_00027,Beyond Luxury - Mors Ontologica,0,0.0013011314440518618,cnn_revised_20260919T110440Z,cnn_s2_11,val,Log-Mel CNN,0.06682424247264862,0.13586335132519403
seg_000083,sample_00027,Beyond Luxury - Mors Ontologica,0,0.003135305130854249,cnn_revised_20260919T110440Z,cnn_s2_11,val,Log-Mel CNN,0.06682424247264862,0.13586335132519403
seg_000129,sample_00043,CopperNickle - UncleBibby,0,0.0001206700035254471,cnn_revised_20260919T110440Z,cnn_s2_11,val,Log-Mel CNN,0.06682424247264862,0.13586335132519403
seg_000130,sample_00043,CopperNickle - UncleBibby,0,0.0002994663955178112,cnn_revised_20260919T110440Z,cnn_s2_11,val,Log-Mel CNN,0.06682424247264862,0.13586335132519403
seg_000131,sample_00043,CopperNickle - UncleBibby,0,0.0002201652678195387,cnn_revised_20260919T110440Z,cnn_s2_11,val,Log-Mel CNN,0.06682424247264862,0.13586335132519403
seg_000141,sample_00047,Daylight Savings - My brother Daniel,0,0.00046300963731482625,cnn_revised_20260919T110440Z,cnn_s2_11,val,Log-Mel CNN,0.06682424247264862,0.13586335132519403
seg_000142,sample_00047,Daylight Savings - My brother Daniel,0,0.00343547435477376,cnn_revised_20260919T110440Z,cnn_s2_11,val,Log-Mel CNN,0.06682424247264862,0.13586335132519403
seg_000143,sample_00047,Daylight Savings - My brother Daniel,0,0.0017856037011370063,cnn_revised_20260919T110440Z,cnn_s2_11,val,Log-Mel CNN,0.06682424247264862,0.13586335132519403
seg_000177,sample_00059,Empty Pockets - Pete Prodoehl,0,5.995175160933286e-05,cnn_revised_20260919T110440Z,cnn_s2_11,val,Log-Mel CNN,0.06682424247264862,0.13586335132519403
seg_000178,sample_00059,Empty Pockets - Pete Prodoehl,0,0.0066664135083556175,cnn_revised_20260919T110440Z,cnn_s2_11,val,Log-Mel CNN,0.06682424247264862,0.13586335132519403
seg_000179,sample_00059,Empty Pockets - Pete Prodoehl,0,0.019279466941952705,cnn_revised_20260919T110440Z,cnn_s2_11,val,Log-Mel CNN,0.06682424247264862,0.13586335132519403
seg_000195,sample_00065,Evil Cannot Create - Caleb Lemond,0,0.0002576362167019397,cnn_revised_20260919T110440Z,cnn_s2_11,val,Log-Mel CNN,0.06682424247264862,0.13586335132519403
seg_000196,sample_00065,Evil Cannot Create - Caleb Lemond,0,0.008777705952525139,cnn_revised_20260919T110440Z,cnn_s2_11,val,Log-Mel CNN,0.06682424247264862,0.13586335132519403
seg_000197,sample_00065,Evil Cannot Create - Caleb Lemond,0,0.020643798634409904,cnn_revised_20260919T110440Z,cnn_s2_11,val,Log-Mel CNN,0.06682424247264862,0.13586335132519403
seg_000201,sample_00067,Fear - Los Fancy Free,0,0.00012943653564434499,cnn_revised_20260919T110440Z,cnn_s2_11,val,Log-Mel CNN,0.06682424247264862,0.13586335132519403
seg_000202,sample_00067,Fear - Los Fancy Free,0,0.0017940421821549535,cnn_revised_20260919T110440Z,cnn_s2_11,val,Log-Mel CNN,0.06682424247264862,0.13586335132519403
seg_000203,sample_00067,Fear - Los Fancy Free,0,0.00025491282576695085,cnn_revised_20260919T110440Z,cnn_s2_11,val,Log-Mel CNN,0.06682424247264862,0.13586335132519403
seg_000204,sample_00068,Fifth Ramble - From the album Keith [RSVP007] - My brother Daniel,0,0.0694642961025238,cnn_revised_20260919T110440Z,cnn_s2_11,val,Log-Mel CNN,0.06682424247264862,0.13586335132519403
seg_000205,sample_00068,Fifth Ramble - From the album Keith [RSVP007] - My brother Daniel,0,0.08038318902254105,cnn_revised_20260919T110440Z,cnn_s2_11,val,Log-Mel CNN,0.06682424247264862,0.13586335132519403
seg_000206,sample_00068,Fifth Ramble - From the album Keith [RSVP007] - My brother Daniel,0,0.13325896859169006,cnn_revised_20260919T110440Z,cnn_s2_11,val,Log-Mel CNN,0.06682424247264862,0.13586335132519403
seg_000240,sample_00080,Gila Monster Flop/Music History Lesson:The Sonics - The Crypts!,0,0.00010965341061819345,cnn_revised_20260919T110440Z,cnn_s2_11,val,Log-Mel CNN,0.06682424247264862,0.13586335132519403
seg_000241,sample_00080,Gila Monster Flop/Music History Lesson:The Sonics - The Crypts!,0,0.00021585986542049795,cnn_revised_20260919T110440Z,cnn_s2_11,val,Log-Mel CNN,0.06682424247264862,0.13586335132519403
seg_000242,sample_00080,Gila Monster Flop/Music History Lesson:The Sonics - The Crypts!,0,1.7823029338615015e-05,cnn_revised_20260919T110440Z,cnn_s2_11,val,Log-Mel CNN,0.06682424247264862,0.13586335132519403
seg_000285,sample_00095,I Fell - Mod Fun,0,8.67488870426314e-06,cnn_revised_20260919T110440Z,cnn_s2_11,val,Log-Mel CNN,0.06682424247264862,0.13586335132519403
seg_000286,sample_00095,I Fell - Mod Fun,0,0.0005204994231462479,cnn_revised_20260919T110440Z,cnn_s2_11,val,Log-Mel CNN,0.06682424247264862,0.13586335132519403
seg_000287,sample_00095,I Fell - Mod Fun,0,0.0007848746026866138,cnn_revised_20260919T110440Z,cnn_s2_11,val,Log-Mel CNN,0.06682424247264862,0.13586335132519403
seg_000297,sample_00099,If You're Ther - Nicola Ratti,0,0.002059452934190631,cnn_revised_20260919T110440Z,cnn_s2_11,val,Log-Mel CNN,0.06682424247264862,0.13586335132519403
seg_000298,sample_00099,If You're Ther - Nicola Ratti,0,0.0009965401841327548,cnn_revised_20260919T110440Z,cnn_s2_11,val,Log-Mel CNN,0.06682424247264862,0.13586335132519403
seg_000299,sample_00099,If You're Ther - Nicola Ratti,0,0.0009581375052221119,cnn_revised_20260919T110440Z,cnn_s2_11,val,Log-Mel CNN,0.06682424247264862,0.13586335132519403
seg_000342,sample_00114,Kumorizoranohajimarutokoro - Hosomi,0,0.0004631557676475495,cnn_revised_20260919T110440Z,cnn_s2_11,val,Log-Mel CNN,0.06682424247264862,0.13586335132519403
seg_000343,sample_00114,Kumorizoranohajimarutokoro - Hosomi,0,0.3950929045677185,cnn_revised_20260919T110440Z,cnn_s2_11,val,Log-Mel CNN,0.06682424247264862,0.13586335132519403
seg_000344,sample_00114,Kumorizoranohajimarutokoro - Hosomi,0,0.9293480515480042,cnn_revised_20260919T110440Z,cnn_s2_11,val,Log-Mel CNN,0.06682424247264862,0.13586335132519403
seg_000384,sample_00128,Lights Up - Pipe Choir,0,0.0017950789770111442,cnn_revised_20260919T110440Z,cnn_s2_11,val,Log-Mel CNN,0.06682424247264862,0.13586335132519403
seg_000385,sample_00128,Lights Up - Pipe Choir,0,0.09005744755268097,cnn_revised_20260919T110440Z,cnn_s2_11,val,Log-Mel CNN,0.06682424247264862,0.13586335132519403
seg_000386,sample_00128,Lights Up - Pipe Choir,0,0.011520002037286758,cnn_revised_20260919T110440Z,cnn_s2_11,val,Log-Mel CNN,0.06682424247264862,0.13586335132519403
seg_000399,sample_00133,Loved Ones - Rowan Box,0,0.0027429929468780756,cnn_revised_20260919T110440Z,cnn_s2_11,val,Log-Mel CNN,0.06682424247264862,0.13586335132519403
seg_000400,sample_00133,Loved Ones - Rowan Box,0,0.013226008042693138,cnn_revised_20260919T110440Z,cnn_s2_11,val,Log-Mel CNN,0.06682424247264862,0.13586335132519403
seg_000401,sample_00133,Loved Ones - Rowan Box,0,0.0036260001361370087,cnn_revised_20260919T110440Z,cnn_s2_11,val,Log-Mel CNN,0.06682424247264862,0.13586335132519403
seg_000408,sample_00136,March of the GPA Mechanics - [t]ghost,0,0.023602237924933434,cnn_revised_20260919T110440Z,cnn_s2_11,val,Log-Mel CNN,0.06682424247264862,0.13586335132519403
seg_000409,sample_00136,March of the GPA Mechanics - [t]ghost,0,0.1920587122440338,cnn_revised_20260919T110440Z,cnn_s2_11,val,Log-Mel CNN,0.06682424247264862,0.13586335132519403
seg_000410,sample_00136,March of the GPA Mechanics - [t]ghost,0,0.01129818893969059,cnn_revised_20260919T110440Z,cnn_s2_11,val,Log-Mel CNN,0.06682424247264862,0.13586335132519403
seg_000426,sample_00142,Morning Bell - Nihilore,0,0.0010540219955146313,cnn_revised_20260919T110440Z,cnn_s2_11,val,Log-Mel CNN,0.06682424247264862,0.13586335132519403
seg_000427,sample_00142,Morning Bell - Nihilore,0,0.016255302354693413,cnn_revised_20260919T110440Z,cnn_s2_11,val,Log-Mel CNN,0.06682424247264862,0.13586335132519403
seg_000428,sample_00142,Morning Bell - Nihilore,0,0.002176605863496661,cnn_revised_20260919T110440Z,cnn_s2_11,val,Log-Mel CNN,0.06682424247264862,0.13586335132519403
seg_000441,sample_00147,My Body Is A Weapon (Compromise Edit) - Silence is full of birds,0,0.00014342114445753396,cnn_revised_20260919T110440Z,cnn_s2_11,val,Log-Mel CNN,0.06682424247264862,0.13586335132519403
seg_000442,sample_00147,My Body Is A Weapon (Compromise Edit) - Silence is full of birds,0,0.00010399948951089755,cnn_revised_20260919T110440Z,cnn_s2_11,val,Log-Mel CNN,0.06682424247264862,0.13586335132519403
seg_000443,sample_00147,My Body Is A Weapon (Compromise Edit) - Silence is full of birds,0,0.00013936871255282313,cnn_revised_20260919T110440Z,cnn_s2_11,val,Log-Mel CNN,0.06682424247264862,0.13586335132519403
seg_000453,sample_00151,New Life (take 1) - Bird Names,0,0.00042867541196756065,cnn_revised_20260919T110440Z,cnn_s2_11,val,Log-Mel CNN,0.06682424247264862,0.13586335132519403
seg_000454,sample_00151,New Life (take 1) - Bird Names,0,0.00011668210936477408,cnn_revised_20260919T110440Z,cnn_s2_11,val,Log-Mel CNN,0.06682424247264862,0.13586335132519403
seg_000455,sample_00151,New Life (take 1) - Bird Names,0,0.0007296593976207078,cnn_revised_20260919T110440Z,cnn_s2_11,val,Log-Mel CNN,0.06682424247264862,0.13586335132519403
seg_000459,sample_00153,Night Drive - Decktonic,0,3.8170992411323823e-07,cnn_revised_20260919T110440Z,cnn_s2_11,val,Log-Mel CNN,0.06682424247264862,0.13586335132519403
seg_000460,sample_00153,Night Drive - Decktonic,0,5.38938729732763e-05,cnn_revised_20260919T110440Z,cnn_s2_11,val,Log-Mel CNN,0.06682424247264862,0.13586335132519403
seg_000461,sample_00153,Night Drive - Decktonic,0,0.00016434348071925342,cnn_revised_20260919T110440Z,cnn_s2_11,val,Log-Mel CNN,0.06682424247264862,0.13586335132519403
seg_000468,sample_00156,Norweigian Wood II - Bird Names,0,0.00012343883281573653,cnn_revised_20260919T110440Z,cnn_s2_11,val,Log-Mel CNN,0.06682424247264862,0.13586335132519403
seg_000469,sample_00156,Norweigian Wood II - Bird Names,0,0.0015756620559841394,cnn_revised_20260919T110440Z,cnn_s2_11,val,Log-Mel CNN,0.06682424247264862,0.13586335132519403
seg_000470,sample_00156,Norweigian Wood II - Bird Names,0,0.001139082945883274,cnn_revised_20260919T110440Z,cnn_s2_11,val,Log-Mel CNN,0.06682424247264862,0.13586335132519403
seg_000480,sample_00160,Nuo Maisemat - Paavoharju,0,0.00453078793361783,cnn_revised_20260919T110440Z,cnn_s2_11,val,Log-Mel CNN,0.06682424247264862,0.13586335132519403
seg_000481,sample_00160,Nuo Maisemat - Paavoharju,0,0.005655285902321339,cnn_revised_20260919T110440Z,cnn_s2_11,val,Log-Mel CNN,0.06682424247264862,0.13586335132519403
seg_000482,sample_00160,Nuo Maisemat - Paavoharju,0,0.007759544998407364,cnn_revised_20260919T110440Z,cnn_s2_11,val,Log-Mel CNN,0.06682424247264862,0.13586335132519403
seg_000537,sample_00179,Redlight - Room For A Ghost,0,0.000837846368085593,cnn_revised_20260919T110440Z,cnn_s2_11,val,Log-Mel CNN,0.06682424247264862,0.13586335132519403
seg_000538,sample_00179,Redlight - Room For A Ghost,0,0.017933569848537445,cnn_revised_20260919T110440Z,cnn_s2_11,val,Log-Mel CNN,0.06682424247264862,0.13586335132519403
seg_000539,sample_00179,Redlight - Room For A Ghost,0,0.02543821558356285,cnn_revised_20260919T110440Z,cnn_s2_11,val,Log-Mel CNN,0.06682424247264862,0.13586335132519403
seg_000555,sample_00185,Roller Star - Monroeville Music Center,0,0.0007157532963901758,cnn_revised_20260919T110440Z,cnn_s2_11,val,Log-Mel CNN,0.06682424247264862,0.13586335132519403
seg_000556,sample_00185,Roller Star - Monroeville Music Center,0,0.00656084856018424,cnn_revised_20260919T110440Z,cnn_s2_11,val,Log-Mel CNN,0.06682424247264862,0.13586335132519403
seg_000557,sample_00185,Roller Star - Monroeville Music Center,0,0.0070539251901209354,cnn_revised_20260919T110440Z,cnn_s2_11,val,Log-Mel CNN,0.06682424247264862,0.13586335132519403
seg_000561,sample_00187,"Roundtrip - Oh Yeah, the Future",0,0.0005601758020929992,cnn_revised_20260919T110440Z,cnn_s2_11,val,Log-Mel CNN,0.06682424247264862,0.13586335132519403
seg_000562,sample_00187,"Roundtrip - Oh Yeah, the Future",0,0.00028171291342005134,cnn_revised_20260919T110440Z,cnn_s2_11,val,Log-Mel CNN,0.06682424247264862,0.13586335132519403
seg_000563,sample_00187,"Roundtrip - Oh Yeah, the Future",0,0.0001612875348655507,cnn_revised_20260919T110440Z,cnn_s2_11,val,Log-Mel CNN,0.06682424247264862,0.13586335132519403
seg_000570,sample_00190,SD (Ill Mix) - H-LR,0,0.0005512441275641322,cnn_revised_20260919T110440Z,cnn_s2_11,val,Log-Mel CNN,0.06682424247264862,0.13586335132519403
seg_000571,sample_00190,SD (Ill Mix) - H-LR,0,0.021548714488744736,cnn_revised_20260919T110440Z,cnn_s2_11,val,Log-Mel CNN,0.06682424247264862,0.13586335132519403
seg_000572,sample_00190,SD (Ill Mix) - H-LR,0,0.002669535344466567,cnn_revised_20260919T110440Z,cnn_s2_11,val,Log-Mel CNN,0.06682424247264862,0.13586335132519403
seg_000576,sample_00192,Scramby Eggs - Andy G. Cohen,0,0.0015350254252552986,cnn_revised_20260919T110440Z,cnn_s2_11,val,Log-Mel CNN,0.06682424247264862,0.13586335132519403
seg_000577,sample_00192,Scramby Eggs - Andy G. Cohen,0,0.0021530655212700367,cnn_revised_20260919T110440Z,cnn_s2_11,val,Log-Mel CNN,0.06682424247264862,0.13586335132519403
seg_000578,sample_00192,Scramby Eggs - Andy G. Cohen,0,0.004673563875257969,cnn_revised_20260919T110440Z,cnn_s2_11,val,Log-Mel CNN,0.06682424247264862,0.13586335132519403
seg_000600,sample_00200,Shipwrecked Crew - Pete Prodoehl,0,0.0010113081661984324,cnn_revised_20260919T110440Z,cnn_s2_11,val,Log-Mel CNN,0.06682424247264862,0.13586335132519403
seg_000601,sample_00200,Shipwrecked Crew - Pete Prodoehl,0,0.010201550088822842,cnn_revised_20260919T110440Z,cnn_s2_11,val,Log-Mel CNN,0.06682424247264862,0.13586335132519403
seg_000602,sample_00200,Shipwrecked Crew - Pete Prodoehl,0,0.068661630153656,cnn_revised_20260919T110440Z,cnn_s2_11,val,Log-Mel CNN,0.06682424247264862,0.13586335132519403
seg_000615,sample_00205,Soleares&beats - Malaventura,0,0.012284275144338608,cnn_revised_20260919T110440Z,cnn_s2_11,val,Log-Mel CNN,0.06682424247264862,0.13586335132519403
seg_000616,sample_00205,Soleares&beats - Malaventura,0,0.026248749345541,cnn_revised_20260919T110440Z,cnn_s2_11,val,Log-Mel CNN,0.06682424247264862,0.13586335132519403
seg_000617,sample_00205,Soleares&beats - Malaventura,0,0.028124162927269936,cnn_revised_20260919T110440Z,cnn_s2_11,val,Log-Mel CNN,0.06682424247264862,0.13586335132519403
seg_000633,sample_00211,Stockholm Syndrome / People Should Be More Aware - Bird Names,0,0.0005163064925000072,cnn_revised_20260919T110440Z,cnn_s2_11,val,Log-Mel CNN,0.06682424247264862,0.13586335132519403
seg_000634,sample_00211,Stockholm Syndrome / People Should Be More Aware - Bird Names,0,0.01967708207666874,cnn_revised_20260919T110440Z,cnn_s2_11,val,Log-Mel CNN,0.06682424247264862,0.13586335132519403
seg_000635,sample_00211,Stockholm Syndrome / People Should Be More Aware - Bird Names,0,0.0050758132711052895,cnn_revised_20260919T110440Z,cnn_s2_11,val,Log-Mel CNN,0.06682424247264862,0.13586335132519403
seg_000645,sample_00215,Sturgeon's Law - Nihilore,0,0.00019806349882856011,cnn_revised_20260919T110440Z,cnn_s2_11,val,Log-Mel CNN,0.06682424247264862,0.13586335132519403
seg_000646,sample_00215,Sturgeon's Law - Nihilore,0,0.006041199434548616,cnn_revised_20260919T110440Z,cnn_s2_11,val,Log-Mel CNN,0.06682424247264862,0.13586335132519403
seg_000647,sample_00215,Sturgeon's Law - Nihilore,0,0.011057727970182896,cnn_revised_20260919T110440Z,cnn_s2_11,val,Log-Mel CNN,0.06682424247264862,0.13586335132519403
seg_000726,sample_00242,The Stairway - WarpToken,0,0.000921444094274193,cnn_revised_20260919T110440Z,cnn_s2_11,val,Log-Mel CNN,0.06682424247264862,0.13586335132519403
seg_000727,sample_00242,The Stairway - WarpToken,0,0.025623466819524765,cnn_revised_20260919T110440Z,cnn_s2_11,val,Log-Mel CNN,0.06682424247264862,0.13586335132519403
seg_000728,sample_00242,The Stairway - WarpToken,0,0.002277550520375371,cnn_revised_20260919T110440Z,cnn_s2_11,val,Log-Mel CNN,0.06682424247264862,0.13586335132519403
seg_000729,sample_00243,The girl just faded - Los Llamarada,0,0.006698299199342728,cnn_revised_20260919T110440Z,cnn_s2_11,val,Log-Mel CNN,0.06682424247264862,0.13586335132519403
seg_000730,sample_00243,The girl just faded - Los Llamarada,0,0.18563736975193024,cnn_revised_20260919T110440Z,cnn_s2_11,val,Log-Mel CNN,0.06682424247264862,0.13586335132519403
seg_000731,sample_00243,The girl just faded - Los Llamarada,0,0.1869627833366394,cnn_revised_20260919T110440Z,cnn_s2_11,val,Log-Mel CNN,0.06682424247264862,0.13586335132519403
seg_000735,sample_00245,Three Bird - My brother Daniel,0,0.00022978959896136075,cnn_revised_20260919T110440Z,cnn_s2_11,val,Log-Mel CNN,0.06682424247264862,0.13586335132519403
seg_000736,sample_00245,Three Bird - My brother Daniel,0,5.8242363593308255e-05,cnn_revised_20260919T110440Z,cnn_s2_11,val,Log-Mel CNN,0.06682424247264862,0.13586335132519403
seg_000737,sample_00245,Three Bird - My brother Daniel,0,0.010197915136814117,cnn_revised_20260919T110440Z,cnn_s2_11,val,Log-Mel CNN,0.06682424247264862,0.13586335132519403
seg_000738,sample_00246,Time Is Love - Silence is full of birds,0,0.0002505581942386925,cnn_revised_20260919T110440Z,cnn_s2_11,val,Log-Mel CNN,0.06682424247264862,0.13586335132519403
seg_000739,sample_00246,Time Is Love - Silence is full of birds,0,0.0006548251258209348,cnn_revised_20260919T110440Z,cnn_s2_11,val,Log-Mel CNN,0.06682424247264862,0.13586335132519403
seg_000740,sample_00246,Time Is Love - Silence is full of birds,0,0.0005383023526519537,cnn_revised_20260919T110440Z,cnn_s2_11,val,Log-Mel CNN,0.06682424247264862,0.13586335132519403
seg_000744,sample_00248,Timen Passing By - Jason Shaw,0,0.09529665857553482,cnn_revised_20260919T110440Z,cnn_s2_11,val,Log-Mel CNN,0.06682424247264862,0.13586335132519403
seg_000745,sample_00248,Timen Passing By - Jason Shaw,0,0.1243009865283966,cnn_revised_20260919T110440Z,cnn_s2_11,val,Log-Mel CNN,0.06682424247264862,0.13586335132519403
seg_000746,sample_00248,Timen Passing By - Jason Shaw,0,0.07290750741958618,cnn_revised_20260919T110440Z,cnn_s2_11,val,Log-Mel CNN,0.06682424247264862,0.13586335132519403
seg_000765,sample_00255,Understand That This Is A Dream - From the album Modulating Coil [RSVP008] - Forrest James,0,0.09891297668218613,cnn_revised_20260919T110440Z,cnn_s2_11,val,Log-Mel CNN,0.06682424247264862,0.13586335132519403
seg_000766,sample_00255,Understand That This Is A Dream - From the album Modulating Coil [RSVP008] - Forrest James,0,0.07470741122961044,cnn_revised_20260919T110440Z,cnn_s2_11,val,Log-Mel CNN,0.06682424247264862,0.13586335132519403
seg_000767,sample_00255,Understand That This Is A Dream - From the album Modulating Coil [RSVP008] - Forrest James,0,0.04507036879658699,cnn_revised_20260919T110440Z,cnn_s2_11,val,Log-Mel CNN,0.06682424247264862,0.13586335132519403
seg_000783,sample_00261,Voxel - Andy G. Cohen,0,0.00010710476635722443,cnn_revised_20260919T110440Z,cnn_s2_11,val,Log-Mel CNN,0.06682424247264862,0.13586335132519403
seg_000784,sample_00261,Voxel - Andy G. Cohen,0,0.0003877003910019994,cnn_revised_20260919T110440Z,cnn_s2_11,val,Log-Mel CNN,0.06682424247264862,0.13586335132519403
seg_000785,sample_00261,Voxel - Andy G. Cohen,0,0.0010217454982921481,cnn_revised_20260919T110440Z,cnn_s2_11,val,Log-Mel CNN,0.06682424247264862,0.13586335132519403
seg_000801,sample_00267,Westside Chillers - Little Glass Men,0,0.008733527734875679,cnn_revised_20260919T110440Z,cnn_s2_11,val,Log-Mel CNN,0.06682424247264862,0.13586335132519403
seg_000802,sample_00267,Westside Chillers - Little Glass Men,0,0.007110465317964554,cnn_revised_20260919T110440Z,cnn_s2_11,val,Log-Mel CNN,0.06682424247264862,0.13586335132519403
seg_000803,sample_00267,Westside Chillers - Little Glass Men,0,0.005058898590505123,cnn_revised_20260919T110440Z,cnn_s2_11,val,Log-Mel CNN,0.06682424247264862,0.13586335132519403
seg_000819,sample_00273,Windows of the Skull - Sarin,0,0.000705042271874845,cnn_revised_20260919T110440Z,cnn_s2_11,val,Log-Mel CNN,0.06682424247264862,0.13586335132519403
seg_000820,sample_00273,Windows of the Skull - Sarin,0,0.0035116816870868206,cnn_revised_20260919T110440Z,cnn_s2_11,val,Log-Mel CNN,0.06682424247264862,0.13586335132519403
seg_000821,sample_00273,Windows of the Skull - Sarin,0,0.006211517844349146,cnn_revised_20260919T110440Z,cnn_s2_11,val,Log-Mel CNN,0.06682424247264862,0.13586335132519403
seg_000858,sample_00286,mystery team 2090 - Jesse Futerman,0,0.06682424247264862,cnn_revised_20260919T110440Z,cnn_s2_11,val,Log-Mel CNN,0.06682424247264862,0.13586335132519403
seg_000859,sample_00286,mystery team 2090 - Jesse Futerman,0,0.168681800365448,cnn_revised_20260919T110440Z,cnn_s2_11,val,Log-Mel CNN,0.06682424247264862,0.13586335132519403
seg_000860,sample_00286,mystery team 2090 - Jesse Futerman,0,0.2015228569507599,cnn_revised_20260919T110440Z,cnn_s2_11,val,Log-Mel CNN,0.06682424247264862,0.13586335132519403
seg_000870,sample_00290,some dextromethorphan - Jeva,0,0.0004117424541618675,cnn_revised_20260919T110440Z,cnn_s2_11,val,Log-Mel CNN,0.06682424247264862,0.13586335132519403
seg_000871,sample_00290,some dextromethorphan - Jeva,0,0.002170328749343753,cnn_revised_20260919T110440Z,cnn_s2_11,val,Log-Mel CNN,0.06682424247264862,0.13586335132519403
seg_000872,sample_00290,some dextromethorphan - Jeva,0,0.0012401224812492728,cnn_revised_20260919T110440Z,cnn_s2_11,val,Log-Mel CNN,0.06682424247264862,0.13586335132519403
seg_000876,sample_00292,В Наших Сердцах - Чокнутый Пропеллер,0,0.020342351868748665,cnn_revised_20260919T110440Z,cnn_s2_11,val,Log-Mel CNN,0.06682424247264862,0.13586335132519403
seg_000877,sample_00292,В Наших Сердцах - Чокнутый Пропеллер,0,0.024006688967347145,cnn_revised_20260919T110440Z,cnn_s2_11,val,Log-Mel CNN,0.06682424247264862,0.13586335132519403
seg_000878,sample_00292,В Наших Сердцах - Чокнутый Пропеллер,0,0.009120804257690907,cnn_revised_20260919T110440Z,cnn_s2_11,val,Log-Mel CNN,0.06682424247264862,0.13586335132519403
seg_000885,sample_00295,Новый Нью-Йорк 2 - Чокнутый Пропеллер,0,0.0031345810275524855,cnn_revised_20260919T110440Z,cnn_s2_11,val,Log-Mel CNN,0.06682424247264862,0.13586335132519403
seg_000886,sample_00295,Новый Нью-Йорк 2 - Чокнутый Пропеллер,0,0.015907451510429382,cnn_revised_20260919T110440Z,cnn_s2_11,val,Log-Mel CNN,0.06682424247264862,0.13586335132519403
seg_000887,sample_00295,Новый Нью-Йорк 2 - Чокнутый Пропеллер,0,0.026394952088594437,cnn_revised_20260919T110440Z,cnn_s2_11,val,Log-Mel CNN,0.06682424247264862,0.13586335132519403
seg_000897,sample_00299,2 (Wasn't There) - Isle of Pine,1,0.934943675994873,cnn_revised_20260919T110440Z,cnn_s2_11,val,Log-Mel CNN,0.06682424247264862,0.13586335132519403
seg_000898,sample_00299,2 (Wasn't There) - Isle of Pine,1,0.28691646456718445,cnn_revised_20260919T110440Z,cnn_s2_11,val,Log-Mel CNN,0.06682424247264862,0.13586335132519403
seg_000899,sample_00299,2 (Wasn't There) - Isle of Pine,1,0.9880475997924805,cnn_revised_20260919T110440Z,cnn_s2_11,val,Log-Mel CNN,0.06682424247264862,0.13586335132519403
seg_000918,sample_00306,Agora - Malaventura,1,0.978278398513794,cnn_revised_20260919T110440Z,cnn_s2_11,val,Log-Mel CNN,0.06682424247264862,0.13586335132519403
seg_000919,sample_00306,Agora - Malaventura,1,0.9321607947349548,cnn_revised_20260919T110440Z,cnn_s2_11,val,Log-Mel CNN,0.06682424247264862,0.13586335132519403
seg_000920,sample_00306,Agora - Malaventura,1,0.9921590089797974,cnn_revised_20260919T110440Z,cnn_s2_11,val,Log-Mel CNN,0.06682424247264862,0.13586335132519403
seg_000969,sample_00323,Beyond Luxury - Mors Ontologica,1,0.10177014768123627,cnn_revised_20260919T110440Z,cnn_s2_11,val,Log-Mel CNN,0.06682424247264862,0.13586335132519403
seg_000970,sample_00323,Beyond Luxury - Mors Ontologica,1,0.8910269737243652,cnn_revised_20260919T110440Z,cnn_s2_11,val,Log-Mel CNN,0.06682424247264862,0.13586335132519403
seg_000971,sample_00323,Beyond Luxury - Mors Ontologica,1,0.9130172729492188,cnn_revised_20260919T110440Z,cnn_s2_11,val,Log-Mel CNN,0.06682424247264862,0.13586335132519403
seg_001014,sample_00338,CopperNickle - UncleBibby,1,0.38659289479255676,cnn_revised_20260919T110440Z,cnn_s2_11,val,Log-Mel CNN,0.06682424247264862,0.13586335132519403
seg_001015,sample_00338,CopperNickle - UncleBibby,1,0.7575593590736389,cnn_revised_20260919T110440Z,cnn_s2_11,val,Log-Mel CNN,0.06682424247264862,0.13586335132519403
seg_001016,sample_00338,CopperNickle - UncleBibby,1,0.9066802859306335,cnn_revised_20260919T110440Z,cnn_s2_11,val,Log-Mel CNN,0.06682424247264862,0.13586335132519403
seg_001029,sample_00343,Daylight Savings - My brother Daniel,1,0.8210751414299011,cnn_revised_20260919T110440Z,cnn_s2_11,val,Log-Mel CNN,0.06682424247264862,0.13586335132519403
seg_001030,sample_00343,Daylight Savings - My brother Daniel,1,0.6876537203788757,cnn_revised_20260919T110440Z,cnn_s2_11,val,Log-Mel CNN,0.06682424247264862,0.13586335132519403
seg_001031,sample_00343,Daylight Savings - My brother Daniel,1,0.9986675977706909,cnn_revised_20260919T110440Z,cnn_s2_11,val,Log-Mel CNN,0.06682424247264862,0.13586335132519403
seg_001065,sample_00355,Empty Pockets - Pete Prodoehl,1,0.9913466572761536,cnn_revised_20260919T110440Z,cnn_s2_11,val,Log-Mel CNN,0.06682424247264862,0.13586335132519403
seg_001066,sample_00355,Empty Pockets - Pete Prodoehl,1,0.9951708912849426,cnn_revised_20260919T110440Z,cnn_s2_11,val,Log-Mel CNN,0.06682424247264862,0.13586335132519403
seg_001067,sample_00355,Empty Pockets - Pete Prodoehl,1,0.9964787364006042,cnn_revised_20260919T110440Z,cnn_s2_11,val,Log-Mel CNN,0.06682424247264862,0.13586335132519403
seg_001083,sample_00361,Evil Cannot Create - Caleb Lemond,1,0.9934439659118652,cnn_revised_20260919T110440Z,cnn_s2_11,val,Log-Mel CNN,0.06682424247264862,0.13586335132519403
seg_001084,sample_00361,Evil Cannot Create - Caleb Lemond,1,0.9969279170036316,cnn_revised_20260919T110440Z,cnn_s2_11,val,Log-Mel CNN,0.06682424247264862,0.13586335132519403
seg_001085,sample_00361,Evil Cannot Create - Caleb Lemond,1,0.9997842907905579,cnn_revised_20260919T110440Z,cnn_s2_11,val,Log-Mel CNN,0.06682424247264862,0.13586335132519403
seg_001089,sample_00363,Fear - Los Fancy Free,1,0.9807391166687012,cnn_revised_20260919T110440Z,cnn_s2_11,val,Log-Mel CNN,0.06682424247264862,0.13586335132519403
seg_001090,sample_00363,Fear - Los Fancy Free,1,0.9559894800186157,cnn_revised_20260919T110440Z,cnn_s2_11,val,Log-Mel CNN,0.06682424247264862,0.13586335132519403
seg_001091,sample_00363,Fear - Los Fancy Free,1,0.9906689524650574,cnn_revised_20260919T110440Z,cnn_s2_11,val,Log-Mel CNN,0.06682424247264862,0.13586335132519403
seg_001092,sample_00364,Fifth Ramble - From the album Keith [RSVP007] - My brother Daniel,1,0.8731399178504944,cnn_revised_20260919T110440Z,cnn_s2_11,val,Log-Mel CNN,0.06682424247264862,0.13586335132519403
seg_001093,sample_00364,Fifth Ramble - From the album Keith [RSVP007] - My brother Daniel,1,0.9712021350860596,cnn_revised_20260919T110440Z,cnn_s2_11,val,Log-Mel CNN,0.06682424247264862,0.13586335132519403
seg_001094,sample_00364,Fifth Ramble - From the album Keith [RSVP007] - My brother Daniel,1,0.8432518839836121,cnn_revised_20260919T110440Z,cnn_s2_11,val,Log-Mel CNN,0.06682424247264862,0.13586335132519403
seg_001128,sample_00376,Gila Monster Flop/Music History Lesson:The Sonics - The Crypts!,1,0.34245359897613525,cnn_revised_20260919T110440Z,cnn_s2_11,val,Log-Mel CNN,0.06682424247264862,0.13586335132519403
seg_001129,sample_00376,Gila Monster Flop/Music History Lesson:The Sonics - The Crypts!,1,0.18653899431228638,cnn_revised_20260919T110440Z,cnn_s2_11,val,Log-Mel CNN,0.06682424247264862,0.13586335132519403
seg_001130,sample_00376,Gila Monster Flop/Music History Lesson:The Sonics - The Crypts!,1,0.016572680324316025,cnn_revised_20260919T110440Z,cnn_s2_11,val,Log-Mel CNN,0.06682424247264862,0.13586335132519403
seg_001161,sample_00387,If You're Ther - Nicola Ratti,1,0.8716605305671692,cnn_revised_20260919T110440Z,cnn_s2_11,val,Log-Mel CNN,0.06682424247264862,0.13586335132519403
seg_001162,sample_00387,If You're Ther - Nicola Ratti,1,0.9149602651596069,cnn_revised_20260919T110440Z,cnn_s2_11,val,Log-Mel CNN,0.06682424247264862,0.13586335132519403
seg_001163,sample_00387,If You're Ther - Nicola Ratti,1,0.9733788371086121,cnn_revised_20260919T110440Z,cnn_s2_11,val,Log-Mel CNN,0.06682424247264862,0.13586335132519403
seg_001191,sample_00397,I Fell - Mod Fun,1,0.8713384866714478,cnn_revised_20260919T110440Z,cnn_s2_11,val,Log-Mel CNN,0.06682424247264862,0.13586335132519403
seg_001192,sample_00397,I Fell - Mod Fun,1,0.9025662541389465,cnn_revised_20260919T110440Z,cnn_s2_11,val,Log-Mel CNN,0.06682424247264862,0.13586335132519403
seg_001193,sample_00397,I Fell - Mod Fun,1,0.7277000546455383,cnn_revised_20260919T110440Z,cnn_s2_11,val,Log-Mel CNN,0.06682424247264862,0.13586335132519403
seg_001239,sample_00413,Kumorizoranohajimarutokoro - Hosomi,1,0.9828101396560669,cnn_revised_20260919T110440Z,cnn_s2_11,val,Log-Mel CNN,0.06682424247264862,0.13586335132519403
seg_001240,sample_00413,Kumorizoranohajimarutokoro - Hosomi,1,0.8541755676269531,cnn_revised_20260919T110440Z,cnn_s2_11,val,Log-Mel CNN,0.06682424247264862,0.13586335132519403
seg_001241,sample_00413,Kumorizoranohajimarutokoro - Hosomi,1,0.944129228591919,cnn_revised_20260919T110440Z,cnn_s2_11,val,Log-Mel CNN,0.06682424247264862,0.13586335132519403
seg_001275,sample_00425,Lights Up - Pipe Choir,1,0.5486856698989868,cnn_revised_20260919T110440Z,cnn_s2_11,val,Log-Mel CNN,0.06682424247264862,0.13586335132519403
seg_001276,sample_00425,Lights Up - Pipe Choir,1,0.02491999790072441,cnn_revised_20260919T110440Z,cnn_s2_11,val,Log-Mel CNN,0.06682424247264862,0.13586335132519403
seg_001277,sample_00425,Lights Up - Pipe Choir,1,0.6539850234985352,cnn_revised_20260919T110440Z,cnn_s2_11,val,Log-Mel CNN,0.06682424247264862,0.13586335132519403
seg_001293,sample_00431,Loved Ones - Rowan Box,1,0.999286949634552,cnn_revised_20260919T110440Z,cnn_s2_11,val,Log-Mel CNN,0.06682424247264862,0.13586335132519403
seg_001294,sample_00431,Loved Ones - Rowan Box,1,0.9990779161453247,cnn_revised_20260919T110440Z,cnn_s2_11,val,Log-Mel CNN,0.06682424247264862,0.13586335132519403
seg_001295,sample_00431,Loved Ones - Rowan Box,1,0.9997994303703308,cnn_revised_20260919T110440Z,cnn_s2_11,val,Log-Mel CNN,0.06682424247264862,0.13586335132519403
seg_001305,sample_00435,March of the GPA Mechanics - [t]ghost,1,0.790572464466095,cnn_revised_20260919T110440Z,cnn_s2_11,val,Log-Mel CNN,0.06682424247264862,0.13586335132519403
seg_001306,sample_00435,March of the GPA Mechanics - [t]ghost,1,0.07998023927211761,cnn_revised_20260919T110440Z,cnn_s2_11,val,Log-Mel CNN,0.06682424247264862,0.13586335132519403
seg_001307,sample_00435,March of the GPA Mechanics - [t]ghost,1,0.7576349377632141,cnn_revised_20260919T110440Z,cnn_s2_11,val,Log-Mel CNN,0.06682424247264862,0.13586335132519403
seg_001326,sample_00442,Morning Bell - Nihilore,1,0.7696664929389954,cnn_revised_20260919T110440Z,cnn_s2_11,val,Log-Mel CNN,0.06682424247264862,0.13586335132519403
seg_001327,sample_00442,Morning Bell - Nihilore,1,0.16618546843528748,cnn_revised_20260919T110440Z,cnn_s2_11,val,Log-Mel CNN,0.06682424247264862,0.13586335132519403
seg_001328,sample_00442,Morning Bell - Nihilore,1,0.7785415649414062,cnn_revised_20260919T110440Z,cnn_s2_11,val,Log-Mel CNN,0.06682424247264862,0.13586335132519403
seg_001341,sample_00447,mystery team 2090 - Jesse Futerman,1,0.671413242816925,cnn_revised_20260919T110440Z,cnn_s2_11,val,Log-Mel CNN,0.06682424247264862,0.13586335132519403
seg_001342,sample_00447,mystery team 2090 - Jesse Futerman,1,0.9567245841026306,cnn_revised_20260919T110440Z,cnn_s2_11,val,Log-Mel CNN,0.06682424247264862,0.13586335132519403
seg_001343,sample_00447,mystery team 2090 - Jesse Futerman,1,0.9669113755226135,cnn_revised_20260919T110440Z,cnn_s2_11,val,Log-Mel CNN,0.06682424247264862,0.13586335132519403
seg_001344,sample_00448,My Body Is A Weapon (Compromise Edit) - Silence is full of birds,1,0.5458448529243469,cnn_revised_20260919T110440Z,cnn_s2_11,val,Log-Mel CNN,0.06682424247264862,0.13586335132519403
seg_001345,sample_00448,My Body Is A Weapon (Compromise Edit) - Silence is full of birds,1,0.8306469321250916,cnn_revised_20260919T110440Z,cnn_s2_11,val,Log-Mel CNN,0.06682424247264862,0.13586335132519403
seg_001346,sample_00448,My Body Is A Weapon (Compromise Edit) - Silence is full of birds,1,0.9812372326850891,cnn_revised_20260919T110440Z,cnn_s2_11,val,Log-Mel CNN,0.06682424247264862,0.13586335132519403
seg_001356,sample_00452,New Life (take 1) - Bird Names,1,0.9725770354270935,cnn_revised_20260919T110440Z,cnn_s2_11,val,Log-Mel CNN,0.06682424247264862,0.13586335132519403
seg_001357,sample_00452,New Life (take 1) - Bird Names,1,0.9629093408584595,cnn_revised_20260919T110440Z,cnn_s2_11,val,Log-Mel CNN,0.06682424247264862,0.13586335132519403
seg_001358,sample_00452,New Life (take 1) - Bird Names,1,0.8967574238777161,cnn_revised_20260919T110440Z,cnn_s2_11,val,Log-Mel CNN,0.06682424247264862,0.13586335132519403
seg_001362,sample_00454,Night Drive - Decktonic,1,0.7797697186470032,cnn_revised_20260919T110440Z,cnn_s2_11,val,Log-Mel CNN,0.06682424247264862,0.13586335132519403
seg_001363,sample_00454,Night Drive - Decktonic,1,0.270466685295105,cnn_revised_20260919T110440Z,cnn_s2_11,val,Log-Mel CNN,0.06682424247264862,0.13586335132519403
seg_001364,sample_00454,Night Drive - Decktonic,1,0.1651315540075302,cnn_revised_20260919T110440Z,cnn_s2_11,val,Log-Mel CNN,0.06682424247264862,0.13586335132519403
seg_001371,sample_00457,Norweigian Wood II - Bird Names,1,0.9253296256065369,cnn_revised_20260919T110440Z,cnn_s2_11,val,Log-Mel CNN,0.06682424247264862,0.13586335132519403
seg_001372,sample_00457,Norweigian Wood II - Bird Names,1,0.9520688056945801,cnn_revised_20260919T110440Z,cnn_s2_11,val,Log-Mel CNN,0.06682424247264862,0.13586335132519403
seg_001373,sample_00457,Norweigian Wood II - Bird Names,1,0.9943493008613586,cnn_revised_20260919T110440Z,cnn_s2_11,val,Log-Mel CNN,0.06682424247264862,0.13586335132519403
seg_001383,sample_00461,Nuo Maisemat - Paavoharju,1,0.9992547631263733,cnn_revised_20260919T110440Z,cnn_s2_11,val,Log-Mel CNN,0.06682424247264862,0.13586335132519403
seg_001384,sample_00461,Nuo Maisemat - Paavoharju,1,0.9931753277778625,cnn_revised_20260919T110440Z,cnn_s2_11,val,Log-Mel CNN,0.06682424247264862,0.13586335132519403
seg_001385,sample_00461,Nuo Maisemat - Paavoharju,1,0.9582595825195312,cnn_revised_20260919T110440Z,cnn_s2_11,val,Log-Mel CNN,0.06682424247264862,0.13586335132519403
seg_001446,sample_00482,Redlight - Room For A Ghost,1,0.8407909870147705,cnn_revised_20260919T110440Z,cnn_s2_11,val,Log-Mel CNN,0.06682424247264862,0.13586335132519403
seg_001447,sample_00482,Redlight - Room For A Ghost,1,0.0673757791519165,cnn_revised_20260919T110440Z,cnn_s2_11,val,Log-Mel CNN,0.06682424247264862,0.13586335132519403
seg_001448,sample_00482,Redlight - Room For A Ghost,1,0.5048625469207764,cnn_revised_20260919T110440Z,cnn_s2_11,val,Log-Mel CNN,0.06682424247264862,0.13586335132519403
seg_001464,sample_00488,Roller Star - Monroeville Music Center,1,0.9641916155815125,cnn_revised_20260919T110440Z,cnn_s2_11,val,Log-Mel CNN,0.06682424247264862,0.13586335132519403
seg_001465,sample_00488,Roller Star - Monroeville Music Center,1,0.6360049843788147,cnn_revised_20260919T110440Z,cnn_s2_11,val,Log-Mel CNN,0.06682424247264862,0.13586335132519403
seg_001466,sample_00488,Roller Star - Monroeville Music Center,1,0.9996978044509888,cnn_revised_20260919T110440Z,cnn_s2_11,val,Log-Mel CNN,0.06682424247264862,0.13586335132519403
seg_001470,sample_00490,"Roundtrip - Oh Yeah, the Future",1,0.1410696655511856,cnn_revised_20260919T110440Z,cnn_s2_11,val,Log-Mel CNN,0.06682424247264862,0.13586335132519403
seg_001471,sample_00490,"Roundtrip - Oh Yeah, the Future",1,0.2476140707731247,cnn_revised_20260919T110440Z,cnn_s2_11,val,Log-Mel CNN,0.06682424247264862,0.13586335132519403
seg_001472,sample_00490,"Roundtrip - Oh Yeah, the Future",1,0.9950287938117981,cnn_revised_20260919T110440Z,cnn_s2_11,val,Log-Mel CNN,0.06682424247264862,0.13586335132519403
seg_001482,sample_00494,Scramby Eggs - Andy G. Cohen,1,0.6518653631210327,cnn_revised_20260919T110440Z,cnn_s2_11,val,Log-Mel CNN,0.06682424247264862,0.13586335132519403
seg_001483,sample_00494,Scramby Eggs - Andy G. Cohen,1,0.03745333105325699,cnn_revised_20260919T110440Z,cnn_s2_11,val,Log-Mel CNN,0.06682424247264862,0.13586335132519403
seg_001484,sample_00494,Scramby Eggs - Andy G. Cohen,1,0.030076520517468452,cnn_revised_20260919T110440Z,cnn_s2_11,val,Log-Mel CNN,0.06682424247264862,0.13586335132519403
seg_001485,sample_00495,SD (Ill Mix) - H-LR,1,0.21682076156139374,cnn_revised_20260919T110440Z,cnn_s2_11,val,Log-Mel CNN,0.06682424247264862,0.13586335132519403
seg_001486,sample_00495,SD (Ill Mix) - H-LR,1,0.02990838512778282,cnn_revised_20260919T110440Z,cnn_s2_11,val,Log-Mel CNN,0.06682424247264862,0.13586335132519403
seg_001487,sample_00495,SD (Ill Mix) - H-LR,1,0.991592288017273,cnn_revised_20260919T110440Z,cnn_s2_11,val,Log-Mel CNN,0.06682424247264862,0.13586335132519403
seg_001509,sample_00503,Shipwrecked Crew - Pete Prodoehl,1,0.9372676014900208,cnn_revised_20260919T110440Z,cnn_s2_11,val,Log-Mel CNN,0.06682424247264862,0.13586335132519403
seg_001510,sample_00503,Shipwrecked Crew - Pete Prodoehl,1,0.9154695868492126,cnn_revised_20260919T110440Z,cnn_s2_11,val,Log-Mel CNN,0.06682424247264862,0.13586335132519403
seg_001511,sample_00503,Shipwrecked Crew - Pete Prodoehl,1,0.960506796836853,cnn_revised_20260919T110440Z,cnn_s2_11,val,Log-Mel CNN,0.06682424247264862,0.13586335132519403
seg_001527,sample_00509,Soleares&beats - Malaventura,1,0.4164872467517853,cnn_revised_20260919T110440Z,cnn_s2_11,val,Log-Mel CNN,0.06682424247264862,0.13586335132519403
seg_001528,sample_00509,Soleares&beats - Malaventura,1,0.289438933134079,cnn_revised_20260919T110440Z,cnn_s2_11,val,Log-Mel CNN,0.06682424247264862,0.13586335132519403
seg_001529,sample_00509,Soleares&beats - Malaventura,1,0.8999716639518738,cnn_revised_20260919T110440Z,cnn_s2_11,val,Log-Mel CNN,0.06682424247264862,0.13586335132519403
seg_001533,sample_00511,some dextromethorphan - Jeva,1,0.999825656414032,cnn_revised_20260919T110440Z,cnn_s2_11,val,Log-Mel CNN,0.06682424247264862,0.13586335132519403
seg_001534,sample_00511,some dextromethorphan - Jeva,1,0.9892988204956055,cnn_revised_20260919T110440Z,cnn_s2_11,val,Log-Mel CNN,0.06682424247264862,0.13586335132519403
seg_001535,sample_00511,some dextromethorphan - Jeva,1,0.959619402885437,cnn_revised_20260919T110440Z,cnn_s2_11,val,Log-Mel CNN,0.06682424247264862,0.13586335132519403
seg_001548,sample_00516,Stockholm Syndrome / People Should Be More Aware - Bird Names,1,0.47706493735313416,cnn_revised_20260919T110440Z,cnn_s2_11,val,Log-Mel CNN,0.06682424247264862,0.13586335132519403
seg_001549,sample_00516,Stockholm Syndrome / People Should Be More Aware - Bird Names,1,0.7865219116210938,cnn_revised_20260919T110440Z,cnn_s2_11,val,Log-Mel CNN,0.06682424247264862,0.13586335132519403
seg_001550,sample_00516,Stockholm Syndrome / People Should Be More Aware - Bird Names,1,0.9955174326896667,cnn_revised_20260919T110440Z,cnn_s2_11,val,Log-Mel CNN,0.06682424247264862,0.13586335132519403
seg_001560,sample_00520,Sturgeon's Law - Nihilore,1,0.6785522103309631,cnn_revised_20260919T110440Z,cnn_s2_11,val,Log-Mel CNN,0.06682424247264862,0.13586335132519403
seg_001561,sample_00520,Sturgeon's Law - Nihilore,1,0.015020748600363731,cnn_revised_20260919T110440Z,cnn_s2_11,val,Log-Mel CNN,0.06682424247264862,0.13586335132519403
seg_001562,sample_00520,Sturgeon's Law - Nihilore,1,0.998816967010498,cnn_revised_20260919T110440Z,cnn_s2_11,val,Log-Mel CNN,0.06682424247264862,0.13586335132519403
seg_001617,sample_00539,The girl just faded - Los Llamarada,1,0.8114354014396667,cnn_revised_20260919T110440Z,cnn_s2_11,val,Log-Mel CNN,0.06682424247264862,0.13586335132519403
seg_001618,sample_00539,The girl just faded - Los Llamarada,1,0.26373055577278137,cnn_revised_20260919T110440Z,cnn_s2_11,val,Log-Mel CNN,0.06682424247264862,0.13586335132519403
seg_001619,sample_00539,The girl just faded - Los Llamarada,1,0.6226510405540466,cnn_revised_20260919T110440Z,cnn_s2_11,val,Log-Mel CNN,0.06682424247264862,0.13586335132519403
seg_001644,sample_00548,The Stairway - WarpToken,1,0.9664241671562195,cnn_revised_20260919T110440Z,cnn_s2_11,val,Log-Mel CNN,0.06682424247264862,0.13586335132519403
seg_001645,sample_00548,The Stairway - WarpToken,1,0.9905104041099548,cnn_revised_20260919T110440Z,cnn_s2_11,val,Log-Mel CNN,0.06682424247264862,0.13586335132519403
seg_001646,sample_00548,The Stairway - WarpToken,1,0.9996885061264038,cnn_revised_20260919T110440Z,cnn_s2_11,val,Log-Mel CNN,0.06682424247264862,0.13586335132519403
seg_001647,sample_00549,Three Bird - My brother Daniel,1,0.978456974029541,cnn_revised_20260919T110440Z,cnn_s2_11,val,Log-Mel CNN,0.06682424247264862,0.13586335132519403
seg_001648,sample_00549,Three Bird - My brother Daniel,1,0.6873883008956909,cnn_revised_20260919T110440Z,cnn_s2_11,val,Log-Mel CNN,0.06682424247264862,0.13586335132519403
seg_001649,sample_00549,Three Bird - My brother Daniel,1,0.9207178950309753,cnn_revised_20260919T110440Z,cnn_s2_11,val,Log-Mel CNN,0.06682424247264862,0.13586335132519403
seg_001650,sample_00550,Timen Passing By - Jason Shaw,1,0.982311487197876,cnn_revised_20260919T110440Z,cnn_s2_11,val,Log-Mel CNN,0.06682424247264862,0.13586335132519403
seg_001651,sample_00550,Timen Passing By - Jason Shaw,1,0.9939792156219482,cnn_revised_20260919T110440Z,cnn_s2_11,val,Log-Mel CNN,0.06682424247264862,0.13586335132519403
seg_001652,sample_00550,Timen Passing By - Jason Shaw,1,0.9567039608955383,cnn_revised_20260919T110440Z,cnn_s2_11,val,Log-Mel CNN,0.06682424247264862,0.13586335132519403
seg_001653,sample_00551,Time Is Love - Silence is full of birds,1,0.5353028774261475,cnn_revised_20260919T110440Z,cnn_s2_11,val,Log-Mel CNN,0.06682424247264862,0.13586335132519403
seg_001654,sample_00551,Time Is Love - Silence is full of birds,1,0.283657044172287,cnn_revised_20260919T110440Z,cnn_s2_11,val,Log-Mel CNN,0.06682424247264862,0.13586335132519403
seg_001655,sample_00551,Time Is Love - Silence is full of birds,1,0.8926976919174194,cnn_revised_20260919T110440Z,cnn_s2_11,val,Log-Mel CNN,0.06682424247264862,0.13586335132519403
seg_001680,sample_00560,Understand That This Is A Dream - From the album Modulating Coil [RSVP008] - Forrest James,1,0.9186875820159912,cnn_revised_20260919T110440Z,cnn_s2_11,val,Log-Mel CNN,0.06682424247264862,0.13586335132519403
seg_001681,sample_00560,Understand That This Is A Dream - From the album Modulating Coil [RSVP008] - Forrest James,1,0.6251658797264099,cnn_revised_20260919T110440Z,cnn_s2_11,val,Log-Mel CNN,0.06682424247264862,0.13586335132519403
seg_001682,sample_00560,Understand That This Is A Dream - From the album Modulating Coil [RSVP008] - Forrest James,1,0.9613641500473022,cnn_revised_20260919T110440Z,cnn_s2_11,val,Log-Mel CNN,0.06682424247264862,0.13586335132519403
seg_001695,sample_00565,Voxel - Andy G. Cohen,1,0.14552456140518188,cnn_revised_20260919T110440Z,cnn_s2_11,val,Log-Mel CNN,0.06682424247264862,0.13586335132519403
seg_001696,sample_00565,Voxel - Andy G. Cohen,1,0.4385366141796112,cnn_revised_20260919T110440Z,cnn_s2_11,val,Log-Mel CNN,0.06682424247264862,0.13586335132519403
seg_001697,sample_00565,Voxel - Andy G. Cohen,1,0.9042693972587585,cnn_revised_20260919T110440Z,cnn_s2_11,val,Log-Mel CNN,0.06682424247264862,0.13586335132519403
seg_001701,sample_00567,Westside Chillers - Little Glass Men,1,0.9352112412452698,cnn_revised_20260919T110440Z,cnn_s2_11,val,Log-Mel CNN,0.06682424247264862,0.13586335132519403
seg_001702,sample_00567,Westside Chillers - Little Glass Men,1,0.5529013872146606,cnn_revised_20260919T110440Z,cnn_s2_11,val,Log-Mel CNN,0.06682424247264862,0.13586335132519403
seg_001703,sample_00567,Westside Chillers - Little Glass Men,1,0.8371661305427551,cnn_revised_20260919T110440Z,cnn_s2_11,val,Log-Mel CNN,0.06682424247264862,0.13586335132519403
seg_001758,sample_00586,В Наших Сердцах - Чокнутый Пропеллер,1,0.023328574374318123,cnn_revised_20260919T110440Z,cnn_s2_11,val,Log-Mel CNN,0.06682424247264862,0.13586335132519403
seg_001759,sample_00586,В Наших Сердцах - Чокнутый Пропеллер,1,0.11603225022554398,cnn_revised_20260919T110440Z,cnn_s2_11,val,Log-Mel CNN,0.06682424247264862,0.13586335132519403
seg_001760,sample_00586,В Наших Сердцах - Чокнутый Пропеллер,1,0.1242944598197937,cnn_revised_20260919T110440Z,cnn_s2_11,val,Log-Mel CNN,0.06682424247264862,0.13586335132519403
seg_001767,sample_00589,Новый Нью-Йорк 2 - Чокнутый Пропеллер,1,0.2694564163684845,cnn_revised_20260919T110440Z,cnn_s2_11,val,Log-Mel CNN,0.06682424247264862,0.13586335132519403
seg_001768,sample_00589,Новый Нью-Йорк 2 - Чокнутый Пропеллер,1,0.5301331877708435,cnn_revised_20260919T110440Z,cnn_s2_11,val,Log-Mel CNN,0.06682424247264862,0.13586335132519403
seg_001769,sample_00589,Новый Нью-Йорк 2 - Чокнутый Пропеллер,1,0.9409410357475281,cnn_revised_20260919T110440Z,cnn_s2_11,val,Log-Mel CNN,0.06682424247264862,0.13586335132519403
seg_001785,sample_00595,Daylight Savings - My brother Daniel,1,0.9996042847633362,cnn_revised_20260919T110440Z,cnn_s2_11,val,Log-Mel CNN,0.06682424247264862,0.13586335132519403
seg_001786,sample_00595,Daylight Savings - My brother Daniel,1,0.9992620348930359,cnn_revised_20260919T110440Z,cnn_s2_11,val,Log-Mel CNN,0.06682424247264862,0.13586335132519403
seg_001787,sample_00595,Daylight Savings - My brother Daniel,1,0.9993271827697754,cnn_revised_20260919T110440Z,cnn_s2_11,val,Log-Mel CNN,0.06682424247264862,0.13586335132519403
seg_001788,sample_00596,Three Bird - My brother Daniel,1,0.963597297668457,cnn_revised_20260919T110440Z,cnn_s2_11,val,Log-Mel CNN,0.06682424247264862,0.13586335132519403
seg_001789,sample_00596,Three Bird - My brother Daniel,1,0.8735980987548828,cnn_revised_20260919T110440Z,cnn_s2_11,val,Log-Mel CNN,0.06682424247264862,0.13586335132519403
seg_001790,sample_00596,Three Bird - My brother Daniel,1,0.9859541058540344,cnn_revised_20260919T110440Z,cnn_s2_11,val,Log-Mel CNN,0.06682424247264862,0.13586335132519403
seg_001827,sample_00609,Timen Passing By - Jason Shaw,1,0.6674718260765076,cnn_revised_20260919T110440Z,cnn_s2_11,val,Log-Mel CNN,0.06682424247264862,0.13586335132519403
seg_001828,sample_00609,Timen Passing By - Jason Shaw,1,0.9190940260887146,cnn_revised_20260919T110440Z,cnn_s2_11,val,Log-Mel CNN,0.06682424247264862,0.13586335132519403
seg_001829,sample_00609,Timen Passing By - Jason Shaw,1,0.9082410335540771,cnn_revised_20260919T110440Z,cnn_s2_11,val,Log-Mel CNN,0.06682424247264862,0.13586335132519403
seg_001830,sample_00610,Night Drive - Decktonic,1,0.9821752905845642,cnn_revised_20260919T110440Z,cnn_s2_11,val,Log-Mel CNN,0.06682424247264862,0.13586335132519403
seg_001831,sample_00610,Night Drive - Decktonic,1,0.982876718044281,cnn_revised_20260919T110440Z,cnn_s2_11,val,Log-Mel CNN,0.06682424247264862,0.13586335132519403
seg_001832,sample_00610,Night Drive - Decktonic,1,0.9574320316314697,cnn_revised_20260919T110440Z,cnn_s2_11,val,Log-Mel CNN,0.06682424247264862,0.13586335132519403
seg_001845,sample_00615,Sturgeon's Law - Nihilore,1,0.8013074398040771,cnn_revised_20260919T110440Z,cnn_s2_11,val,Log-Mel CNN,0.06682424247264862,0.13586335132519403
seg_001846,sample_00615,Sturgeon's Law - Nihilore,1,0.6892204880714417,cnn_revised_20260919T110440Z,cnn_s2_11,val,Log-Mel CNN,0.06682424247264862,0.13586335132519403
seg_001847,sample_00615,Sturgeon's Law - Nihilore,1,0.8871930241584778,cnn_revised_20260919T110440Z,cnn_s2_11,val,Log-Mel CNN,0.06682424247264862,0.13586335132519403
seg_001851,sample_00617,mystery team 2090 - Jesse Futerman,1,0.9831507802009583,cnn_revised_20260919T110440Z,cnn_s2_11,val,Log-Mel CNN,0.06682424247264862,0.13586335132519403
seg_001852,sample_00617,mystery team 2090 - Jesse Futerman,1,0.9804971218109131,cnn_revised_20260919T110440Z,cnn_s2_11,val,Log-Mel CNN,0.06682424247264862,0.13586335132519403
seg_001853,sample_00617,mystery team 2090 - Jesse Futerman,1,0.9920814037322998,cnn_revised_20260919T110440Z,cnn_s2_11,val,Log-Mel CNN,0.06682424247264862,0.13586335132519403
seg_001875,sample_00625,Loved Ones - Rowan Box,1,0.5119903087615967,cnn_revised_20260919T110440Z,cnn_s2_11,val,Log-Mel CNN,0.06682424247264862,0.13586335132519403
seg_001876,sample_00625,Loved Ones - Rowan Box,1,0.7990927696228027,cnn_revised_20260919T110440Z,cnn_s2_11,val,Log-Mel CNN,0.06682424247264862,0.13586335132519403
seg_001877,sample_00625,Loved Ones - Rowan Box,1,0.7344062924385071,cnn_revised_20260919T110440Z,cnn_s2_11,val,Log-Mel CNN,0.06682424247264862,0.13586335132519403
seg_001917,sample_00639,CopperNickle - UncleBibby,1,0.9203932881355286,cnn_revised_20260919T110440Z,cnn_s2_11,val,Log-Mel CNN,0.06682424247264862,0.13586335132519403
seg_001918,sample_00639,CopperNickle - UncleBibby,1,0.9295403361320496,cnn_revised_20260919T110440Z,cnn_s2_11,val,Log-Mel CNN,0.06682424247264862,0.13586335132519403
seg_001919,sample_00639,CopperNickle - UncleBibby,1,0.9829293489456177,cnn_revised_20260919T110440Z,cnn_s2_11,val,Log-Mel CNN,0.06682424247264862,0.13586335132519403
seg_001953,sample_00651,Nuo Maisemat - Paavoharju,1,0.9984960556030273,cnn_revised_20260919T110440Z,cnn_s2_11,val,Log-Mel CNN,0.06682424247264862,0.13586335132519403
seg_001954,sample_00651,Nuo Maisemat - Paavoharju,1,0.9944842457771301,cnn_revised_20260919T110440Z,cnn_s2_11,val,Log-Mel CNN,0.06682424247264862,0.13586335132519403
seg_001955,sample_00651,Nuo Maisemat - Paavoharju,1,0.9933214783668518,cnn_revised_20260919T110440Z,cnn_s2_11,val,Log-Mel CNN,0.06682424247264862,0.13586335132519403
seg_001986,sample_00662,SD (Ill Mix) - H-LR,1,0.9927405714988708,cnn_revised_20260919T110440Z,cnn_s2_11,val,Log-Mel CNN,0.06682424247264862,0.13586335132519403
seg_001987,sample_00662,SD (Ill Mix) - H-LR,1,0.9884620904922485,cnn_revised_20260919T110440Z,cnn_s2_11,val,Log-Mel CNN,0.06682424247264862,0.13586335132519403
seg_001988,sample_00662,SD (Ill Mix) - H-LR,1,0.9916667342185974,cnn_revised_20260919T110440Z,cnn_s2_11,val,Log-Mel CNN,0.06682424247264862,0.13586335132519403
seg_001998,sample_00666,Kumorizoranohajimarutokoro - Hosomi,1,0.9718960523605347,cnn_revised_20260919T110440Z,cnn_s2_11,val,Log-Mel CNN,0.06682424247264862,0.13586335132519403
seg_001999,sample_00666,Kumorizoranohajimarutokoro - Hosomi,1,0.9477920532226562,cnn_revised_20260919T110440Z,cnn_s2_11,val,Log-Mel CNN,0.06682424247264862,0.13586335132519403
seg_002000,sample_00666,Kumorizoranohajimarutokoro - Hosomi,1,0.963793158531189,cnn_revised_20260919T110440Z,cnn_s2_11,val,Log-Mel CNN,0.06682424247264862,0.13586335132519403
seg_002019,sample_00673,some dextromethorphan - Jeva,1,0.9764858484268188,cnn_revised_20260919T110440Z,cnn_s2_11,val,Log-Mel CNN,0.06682424247264862,0.13586335132519403
seg_002020,sample_00673,some dextromethorphan - Jeva,1,0.9711413383483887,cnn_revised_20260919T110440Z,cnn_s2_11,val,Log-Mel CNN,0.06682424247264862,0.13586335132519403
seg_002021,sample_00673,some dextromethorphan - Jeva,1,0.981477677822113,cnn_revised_20260919T110440Z,cnn_s2_11,val,Log-Mel CNN,0.06682424247264862,0.13586335132519403
seg_002028,sample_00676,Fifth Ramble - From the album Keith [RSVP007] - My brother Daniel,1,0.9964774250984192,cnn_revised_20260919T110440Z,cnn_s2_11,val,Log-Mel CNN,0.06682424247264862,0.13586335132519403
seg_002029,sample_00676,Fifth Ramble - From the album Keith [RSVP007] - My brother Daniel,1,0.9535948634147644,cnn_revised_20260919T110440Z,cnn_s2_11,val,Log-Mel CNN,0.06682424247264862,0.13586335132519403
seg_002030,sample_00676,Fifth Ramble - From the album Keith [RSVP007] - My brother Daniel,1,0.9779286980628967,cnn_revised_20260919T110440Z,cnn_s2_11,val,Log-Mel CNN,0.06682424247264862,0.13586335132519403
seg_002043,sample_00681,Westside Chillers - Little Glass Men,1,0.9954628348350525,cnn_revised_20260919T110440Z,cnn_s2_11,val,Log-Mel CNN,0.06682424247264862,0.13586335132519403
seg_002044,sample_00681,Westside Chillers - Little Glass Men,1,0.9949465394020081,cnn_revised_20260919T110440Z,cnn_s2_11,val,Log-Mel CNN,0.06682424247264862,0.13586335132519403
seg_002045,sample_00681,Westside Chillers - Little Glass Men,1,0.9929597973823547,cnn_revised_20260919T110440Z,cnn_s2_11,val,Log-Mel CNN,0.06682424247264862,0.13586335132519403
seg_002076,sample_00692,If You're Ther - Nicola Ratti,1,0.9967382550239563,cnn_revised_20260919T110440Z,cnn_s2_11,val,Log-Mel CNN,0.06682424247264862,0.13586335132519403
seg_002077,sample_00692,If You're Ther - Nicola Ratti,1,0.8793268799781799,cnn_revised_20260919T110440Z,cnn_s2_11,val,Log-Mel CNN,0.06682424247264862,0.13586335132519403
seg_002078,sample_00692,If You're Ther - Nicola Ratti,1,0.7868253588676453,cnn_revised_20260919T110440Z,cnn_s2_11,val,Log-Mel CNN,0.06682424247264862,0.13586335132519403
seg_002079,sample_00693,Understand That This Is A Dream - From the album Modulating Coil [RSVP008] - Forrest James,1,0.9949055910110474,cnn_revised_20260919T110440Z,cnn_s2_11,val,Log-Mel CNN,0.06682424247264862,0.13586335132519403
seg_002080,sample_00693,Understand That This Is A Dream - From the album Modulating Coil [RSVP008] - Forrest James,1,0.9792484045028687,cnn_revised_20260919T110440Z,cnn_s2_11,val,Log-Mel CNN,0.06682424247264862,0.13586335132519403
seg_002081,sample_00693,Understand That This Is A Dream - From the album Modulating Coil [RSVP008] - Forrest James,1,0.9966444969177246,cnn_revised_20260919T110440Z,cnn_s2_11,val,Log-Mel CNN,0.06682424247264862,0.13586335132519403
seg_002100,sample_00700,The Stairway - WarpToken,1,0.9655599594116211,cnn_revised_20260919T110440Z,cnn_s2_11,val,Log-Mel CNN,0.06682424247264862,0.13586335132519403
seg_002101,sample_00700,The Stairway - WarpToken,1,0.9409533739089966,cnn_revised_20260919T110440Z,cnn_s2_11,val,Log-Mel CNN,0.06682424247264862,0.13586335132519403
seg_002102,sample_00700,The Stairway - WarpToken,1,0.980453372001648,cnn_revised_20260919T110440Z,cnn_s2_11,val,Log-Mel CNN,0.06682424247264862,0.13586335132519403
seg_002112,sample_00704,Soleares&beats - Malaventura,1,0.9927058815956116,cnn_revised_20260919T110440Z,cnn_s2_11,val,Log-Mel CNN,0.06682424247264862,0.13586335132519403
seg_002113,sample_00704,Soleares&beats - Malaventura,1,0.9955046772956848,cnn_revised_20260919T110440Z,cnn_s2_11,val,Log-Mel CNN,0.06682424247264862,0.13586335132519403
seg_002114,sample_00704,Soleares&beats - Malaventura,1,0.996551513671875,cnn_revised_20260919T110440Z,cnn_s2_11,val,Log-Mel CNN,0.06682424247264862,0.13586335132519403
seg_002184,sample_00728,Evil Cannot Create - Caleb Lemond,1,0.9419375061988831,cnn_revised_20260919T110440Z,cnn_s2_11,val,Log-Mel CNN,0.06682424247264862,0.13586335132519403
seg_002185,sample_00728,Evil Cannot Create - Caleb Lemond,1,0.5518977642059326,cnn_revised_20260919T110440Z,cnn_s2_11,val,Log-Mel CNN,0.06682424247264862,0.13586335132519403
seg_002186,sample_00728,Evil Cannot Create - Caleb Lemond,1,0.9011138677597046,cnn_revised_20260919T110440Z,cnn_s2_11,val,Log-Mel CNN,0.06682424247264862,0.13586335132519403
seg_002196,sample_00732,Norweigian Wood II - Bird Names,1,0.9731205701828003,cnn_revised_20260919T110440Z,cnn_s2_11,val,Log-Mel CNN,0.06682424247264862,0.13586335132519403
seg_002197,sample_00732,Norweigian Wood II - Bird Names,1,0.9841054081916809,cnn_revised_20260919T110440Z,cnn_s2_11,val,Log-Mel CNN,0.06682424247264862,0.13586335132519403
seg_002198,sample_00732,Norweigian Wood II - Bird Names,1,0.9900481700897217,cnn_revised_20260919T110440Z,cnn_s2_11,val,Log-Mel CNN,0.06682424247264862,0.13586335132519403
seg_002214,sample_00738,Roller Star - Monroeville Music Center,1,0.9986091256141663,cnn_revised_20260919T110440Z,cnn_s2_11,val,Log-Mel CNN,0.06682424247264862,0.13586335132519403
seg_002215,sample_00738,Roller Star - Monroeville Music Center,1,0.9986341595649719,cnn_revised_20260919T110440Z,cnn_s2_11,val,Log-Mel CNN,0.06682424247264862,0.13586335132519403
seg_002216,sample_00738,Roller Star - Monroeville Music Center,1,0.9985283613204956,cnn_revised_20260919T110440Z,cnn_s2_11,val,Log-Mel CNN,0.06682424247264862,0.13586335132519403
seg_002229,sample_00743,Time Is Love - Silence is full of birds,1,0.9793806672096252,cnn_revised_20260919T110440Z,cnn_s2_11,val,Log-Mel CNN,0.06682424247264862,0.13586335132519403
seg_002230,sample_00743,Time Is Love - Silence is full of birds,1,0.8805277347564697,cnn_revised_20260919T110440Z,cnn_s2_11,val,Log-Mel CNN,0.06682424247264862,0.13586335132519403
seg_002231,sample_00743,Time Is Love - Silence is full of birds,1,0.38665810227394104,cnn_revised_20260919T110440Z,cnn_s2_11,val,Log-Mel CNN,0.06682424247264862,0.13586335132519403
seg_002232,sample_00744,Stockholm Syndrome / People Should Be More Aware - Bird Names,1,0.9732204079627991,cnn_revised_20260919T110440Z,cnn_s2_11,val,Log-Mel CNN,0.06682424247264862,0.13586335132519403
seg_002233,sample_00744,Stockholm Syndrome / People Should Be More Aware - Bird Names,1,0.9807192087173462,cnn_revised_20260919T110440Z,cnn_s2_11,val,Log-Mel CNN,0.06682424247264862,0.13586335132519403
seg_002234,sample_00744,Stockholm Syndrome / People Should Be More Aware - Bird Names,1,0.9792309999465942,cnn_revised_20260919T110440Z,cnn_s2_11,val,Log-Mel CNN,0.06682424247264862,0.13586335132519403
seg_002244,sample_00748,"Roundtrip - Oh Yeah, the Future",1,0.986512303352356,cnn_revised_20260919T110440Z,cnn_s2_11,val,Log-Mel CNN,0.06682424247264862,0.13586335132519403
seg_002245,sample_00748,"Roundtrip - Oh Yeah, the Future",1,0.999313473701477,cnn_revised_20260919T110440Z,cnn_s2_11,val,Log-Mel CNN,0.06682424247264862,0.13586335132519403
seg_002246,sample_00748,"Roundtrip - Oh Yeah, the Future",1,0.9975656270980835,cnn_revised_20260919T110440Z,cnn_s2_11,val,Log-Mel CNN,0.06682424247264862,0.13586335132519403
seg_002247,sample_00749,New Life (take 1) - Bird Names,1,0.9169471859931946,cnn_revised_20260919T110440Z,cnn_s2_11,val,Log-Mel CNN,0.06682424247264862,0.13586335132519403
seg_002248,sample_00749,New Life (take 1) - Bird Names,1,0.8541426062583923,cnn_revised_20260919T110440Z,cnn_s2_11,val,Log-Mel CNN,0.06682424247264862,0.13586335132519403
seg_002249,sample_00749,New Life (take 1) - Bird Names,1,0.9261524081230164,cnn_revised_20260919T110440Z,cnn_s2_11,val,Log-Mel CNN,0.06682424247264862,0.13586335132519403
seg_002253,sample_00751,My Body Is A Weapon (Compromise Edit) - Silence is full of birds,1,0.9583560228347778,cnn_revised_20260919T110440Z,cnn_s2_11,val,Log-Mel CNN,0.06682424247264862,0.13586335132519403
seg_002254,sample_00751,My Body Is A Weapon (Compromise Edit) - Silence is full of birds,1,0.9677561521530151,cnn_revised_20260919T110440Z,cnn_s2_11,val,Log-Mel CNN,0.06682424247264862,0.13586335132519403
seg_002255,sample_00751,My Body Is A Weapon (Compromise Edit) - Silence is full of birds,1,0.9946281313896179,cnn_revised_20260919T110440Z,cnn_s2_11,val,Log-Mel CNN,0.06682424247264862,0.13586335132519403
seg_002280,sample_00760,Agora - Malaventura,1,0.999396800994873,cnn_revised_20260919T110440Z,cnn_s2_11,val,Log-Mel CNN,0.06682424247264862,0.13586335132519403
seg_002281,sample_00760,Agora - Malaventura,1,0.9984614849090576,cnn_revised_20260919T110440Z,cnn_s2_11,val,Log-Mel CNN,0.06682424247264862,0.13586335132519403
seg_002282,sample_00760,Agora - Malaventura,1,0.9994712471961975,cnn_revised_20260919T110440Z,cnn_s2_11,val,Log-Mel CNN,0.06682424247264862,0.13586335132519403
seg_002304,sample_00768,Empty Pockets - Pete Prodoehl,1,0.9876190423965454,cnn_revised_20260919T110440Z,cnn_s2_11,val,Log-Mel CNN,0.06682424247264862,0.13586335132519403
seg_002305,sample_00768,Empty Pockets - Pete Prodoehl,1,0.9991438388824463,cnn_revised_20260919T110440Z,cnn_s2_11,val,Log-Mel CNN,0.06682424247264862,0.13586335132519403
seg_002306,sample_00768,Empty Pockets - Pete Prodoehl,1,0.9981217980384827,cnn_revised_20260919T110440Z,cnn_s2_11,val,Log-Mel CNN,0.06682424247264862,0.13586335132519403
seg_002310,sample_00770,Windows of the Skull - Sarin,1,0.9122160077095032,cnn_revised_20260919T110440Z,cnn_s2_11,val,Log-Mel CNN,0.06682424247264862,0.13586335132519403
seg_002311,sample_00770,Windows of the Skull - Sarin,1,0.8649870157241821,cnn_revised_20260919T110440Z,cnn_s2_11,val,Log-Mel CNN,0.06682424247264862,0.13586335132519403
seg_002312,sample_00770,Windows of the Skull - Sarin,1,0.851654589176178,cnn_revised_20260919T110440Z,cnn_s2_11,val,Log-Mel CNN,0.06682424247264862,0.13586335132519403
seg_002319,sample_00773,Gila Monster Flop/Music History Lesson:The Sonics - The Crypts!,1,0.9982792139053345,cnn_revised_20260919T110440Z,cnn_s2_11,val,Log-Mel CNN,0.06682424247264862,0.13586335132519403
seg_002320,sample_00773,Gila Monster Flop/Music History Lesson:The Sonics - The Crypts!,1,0.998185932636261,cnn_revised_20260919T110440Z,cnn_s2_11,val,Log-Mel CNN,0.06682424247264862,0.13586335132519403
seg_002321,sample_00773,Gila Monster Flop/Music History Lesson:The Sonics - The Crypts!,1,0.9971164464950562,cnn_revised_20260919T110440Z,cnn_s2_11,val,Log-Mel CNN,0.06682424247264862,0.13586335132519403
seg_002343,sample_00781,Voxel - Andy G. Cohen,1,0.9594242572784424,cnn_revised_20260919T110440Z,cnn_s2_11,val,Log-Mel CNN,0.06682424247264862,0.13586335132519403
seg_002344,sample_00781,Voxel - Andy G. Cohen,1,0.842949628829956,cnn_revised_20260919T110440Z,cnn_s2_11,val,Log-Mel CNN,0.06682424247264862,0.13586335132519403
seg_002345,sample_00781,Voxel - Andy G. Cohen,1,0.9604665040969849,cnn_revised_20260919T110440Z,cnn_s2_11,val,Log-Mel CNN,0.06682424247264862,0.13586335132519403
seg_002364,sample_00788,Scramby Eggs - Andy G. Cohen,1,0.9892565608024597,cnn_revised_20260919T110440Z,cnn_s2_11,val,Log-Mel CNN,0.06682424247264862,0.13586335132519403
seg_002365,sample_00788,Scramby Eggs - Andy G. Cohen,1,0.9658215045928955,cnn_revised_20260919T110440Z,cnn_s2_11,val,Log-Mel CNN,0.06682424247264862,0.13586335132519403
seg_002366,sample_00788,Scramby Eggs - Andy G. Cohen,1,0.9978930354118347,cnn_revised_20260919T110440Z,cnn_s2_11,val,Log-Mel CNN,0.06682424247264862,0.13586335132519403
seg_002406,sample_00802,I Fell - Mod Fun,1,0.9490482211112976,cnn_revised_20260919T110440Z,cnn_s2_11,val,Log-Mel CNN,0.06682424247264862,0.13586335132519403
seg_002407,sample_00802,I Fell - Mod Fun,1,0.8131114840507507,cnn_revised_20260919T110440Z,cnn_s2_11,val,Log-Mel CNN,0.06682424247264862,0.13586335132519403
seg_002408,sample_00802,I Fell - Mod Fun,1,0.9964724779129028,cnn_revised_20260919T110440Z,cnn_s2_11,val,Log-Mel CNN,0.06682424247264862,0.13586335132519403
seg_002409,sample_00803,Новый Нью-Йорк 2 - Чокнутый Пропеллер,1,0.993590235710144,cnn_revised_20260919T110440Z,cnn_s2_11,val,Log-Mel CNN,0.06682424247264862,0.13586335132519403
seg_002410,sample_00803,Новый Нью-Йорк 2 - Чокнутый Пропеллер,1,0.8126710057258606,cnn_revised_20260919T110440Z,cnn_s2_11,val,Log-Mel CNN,0.06682424247264862,0.13586335132519403
seg_002411,sample_00803,Новый Нью-Йорк 2 - Чокнутый Пропеллер,1,0.9908133149147034,cnn_revised_20260919T110440Z,cnn_s2_11,val,Log-Mel CNN,0.06682424247264862,0.13586335132519403
seg_002421,sample_00807,March of the GPA Mechanics - [t]ghost,1,0.9676758646965027,cnn_revised_20260919T110440Z,cnn_s2_11,val,Log-Mel CNN,0.06682424247264862,0.13586335132519403
seg_002422,sample_00807,March of the GPA Mechanics - [t]ghost,1,0.9680382609367371,cnn_revised_20260919T110440Z,cnn_s2_11,val,Log-Mel CNN,0.06682424247264862,0.13586335132519403
seg_002423,sample_00807,March of the GPA Mechanics - [t]ghost,1,0.9776933789253235,cnn_revised_20260919T110440Z,cnn_s2_11,val,Log-Mel CNN,0.06682424247264862,0.13586335132519403
seg_002436,sample_00812,2 (Wasn't There) - Isle of Pine,1,0.9969488978385925,cnn_revised_20260919T110440Z,cnn_s2_11,val,Log-Mel CNN,0.06682424247264862,0.13586335132519403
seg_002437,sample_00812,2 (Wasn't There) - Isle of Pine,1,0.977196991443634,cnn_revised_20260919T110440Z,cnn_s2_11,val,Log-Mel CNN,0.06682424247264862,0.13586335132519403
seg_002438,sample_00812,2 (Wasn't There) - Isle of Pine,1,0.9992971420288086,cnn_revised_20260919T110440Z,cnn_s2_11,val,Log-Mel CNN,0.06682424247264862,0.13586335132519403
seg_002439,sample_00813,The girl just faded - Los Llamarada,1,0.8475685715675354,cnn_revised_20260919T110440Z,cnn_s2_11,val,Log-Mel CNN,0.06682424247264862,0.13586335132519403
seg_002440,sample_00813,The girl just faded - Los Llamarada,1,0.8007246851921082,cnn_revised_20260919T110440Z,cnn_s2_11,val,Log-Mel CNN,0.06682424247264862,0.13586335132519403
seg_002441,sample_00813,The girl just faded - Los Llamarada,1,0.6678830981254578,cnn_revised_20260919T110440Z,cnn_s2_11,val,Log-Mel CNN,0.06682424247264862,0.13586335132519403
seg_002457,sample_00819,В Наших Сердцах - Чокнутый Пропеллер,1,0.9096479415893555,cnn_revised_20260919T110440Z,cnn_s2_11,val,Log-Mel CNN,0.06682424247264862,0.13586335132519403
seg_002458,sample_00819,В Наших Сердцах - Чокнутый Пропеллер,1,0.582877516746521,cnn_revised_20260919T110440Z,cnn_s2_11,val,Log-Mel CNN,0.06682424247264862,0.13586335132519403
seg_002459,sample_00819,В Наших Сердцах - Чокнутый Пропеллер,1,0.9350584745407104,cnn_revised_20260919T110440Z,cnn_s2_11,val,Log-Mel CNN,0.06682424247264862,0.13586335132519403
seg_002460,sample_00820,Lights Up - Pipe Choir,1,0.9625834822654724,cnn_revised_20260919T110440Z,cnn_s2_11,val,Log-Mel CNN,0.06682424247264862,0.13586335132519403
seg_002461,sample_00820,Lights Up - Pipe Choir,1,0.788439154624939,cnn_revised_20260919T110440Z,cnn_s2_11,val,Log-Mel CNN,0.06682424247264862,0.13586335132519403
seg_002462,sample_00820,Lights Up - Pipe Choir,1,0.921352207660675,cnn_revised_20260919T110440Z,cnn_s2_11,val,Log-Mel CNN,0.06682424247264862,0.13586335132519403
seg_002466,sample_00822,Beyond Luxury - Mors Ontologica,1,0.9201907515525818,cnn_revised_20260919T110440Z,cnn_s2_11,val,Log-Mel CNN,0.06682424247264862,0.13586335132519403
seg_002467,sample_00822,Beyond Luxury - Mors Ontologica,1,0.836015522480011,cnn_revised_20260919T110440Z,cnn_s2_11,val,Log-Mel CNN,0.06682424247264862,0.13586335132519403
seg_002468,sample_00822,Beyond Luxury - Mors Ontologica,1,0.9557568430900574,cnn_revised_20260919T110440Z,cnn_s2_11,val,Log-Mel CNN,0.06682424247264862,0.13586335132519403
seg_002529,sample_00843,Fear - Los Fancy Free,1,0.997055172920227,cnn_revised_20260919T110440Z,cnn_s2_11,val,Log-Mel CNN,0.06682424247264862,0.13586335132519403
seg_002530,sample_00843,Fear - Los Fancy Free,1,0.9967515468597412,cnn_revised_20260919T110440Z,cnn_s2_11,val,Log-Mel CNN,0.06682424247264862,0.13586335132519403
seg_002531,sample_00843,Fear - Los Fancy Free,1,0.9976200461387634,cnn_revised_20260919T110440Z,cnn_s2_11,val,Log-Mel CNN,0.06682424247264862,0.13586335132519403
seg_002622,sample_00874,Redlight - Room For A Ghost,1,0.8701072335243225,cnn_revised_20260919T110440Z,cnn_s2_11,val,Log-Mel CNN,0.06682424247264862,0.13586335132519403
seg_002623,sample_00874,Redlight - Room For A Ghost,1,0.8855388164520264,cnn_revised_20260919T110440Z,cnn_s2_11,val,Log-Mel CNN,0.06682424247264862,0.13586335132519403
seg_002624,sample_00874,Redlight - Room For A Ghost,1,0.9697418212890625,cnn_revised_20260919T110440Z,cnn_s2_11,val,Log-Mel CNN,0.06682424247264862,0.13586335132519403
seg_002625,sample_00875,Shipwrecked Crew - Pete Prodoehl,1,0.977249264717102,cnn_revised_20260919T110440Z,cnn_s2_11,val,Log-Mel CNN,0.06682424247264862,0.13586335132519403
seg_002626,sample_00875,Shipwrecked Crew - Pete Prodoehl,1,0.9693026542663574,cnn_revised_20260919T110440Z,cnn_s2_11,val,Log-Mel CNN,0.06682424247264862,0.13586335132519403
seg_002627,sample_00875,Shipwrecked Crew - Pete Prodoehl,1,0.9991959929466248,cnn_revised_20260919T110440Z,cnn_s2_11,val,Log-Mel CNN,0.06682424247264862,0.13586335132519403
seg_002640,sample_00880,Morning Bell - Nihilore,1,0.9995717406272888,cnn_revised_20260919T110440Z,cnn_s2_11,val,Log-Mel CNN,0.06682424247264862,0.13586335132519403
seg_002641,sample_00880,Morning Bell - Nihilore,1,0.9969673752784729,cnn_revised_20260919T110440Z,cnn_s2_11,val,Log-Mel CNN,0.06682424247264862,0.13586335132519403
seg_002642,sample_00880,Morning Bell - Nihilore,1,0.9988225102424622,cnn_revised_20260919T110440Z,cnn_s2_11,val,Log-Mel CNN,0.06682424247264862,0.13586335132519403
seg_002694,sample_00898,CopperNickle - UncleBibby,1,0.061738044023513794,cnn_revised_20260919T110440Z,cnn_s2_11,val,Log-Mel CNN,0.06682424247264862,0.13586335132519403
seg_002695,sample_00898,CopperNickle - UncleBibby,1,0.5108889937400818,cnn_revised_20260919T110440Z,cnn_s2_11,val,Log-Mel CNN,0.06682424247264862,0.13586335132519403
seg_002696,sample_00898,CopperNickle - UncleBibby,1,0.06253912299871445,cnn_revised_20260919T110440Z,cnn_s2_11,val,Log-Mel CNN,0.06682424247264862,0.13586335132519403
seg_002697,sample_00899,CopperNickle - UncleBibby,1,0.509300172328949,cnn_revised_20260919T110440Z,cnn_s2_11,val,Log-Mel CNN,0.06682424247264862,0.13586335132519403
seg_002698,sample_00899,CopperNickle - UncleBibby,1,0.22809064388275146,cnn_revised_20260919T110440Z,cnn_s2_11,val,Log-Mel CNN,0.06682424247264862,0.13586335132519403
seg_002699,sample_00899,CopperNickle - UncleBibby,1,0.6552572846412659,cnn_revised_20260919T110440Z,cnn_s2_11,val,Log-Mel CNN,0.06682424247264862,0.13586335132519403
seg_002766,sample_00922,mystery team 2090 - Jesse Futerman,1,0.7870485186576843,cnn_revised_20260919T110440Z,cnn_s2_11,val,Log-Mel CNN,0.06682424247264862,0.13586335132519403
seg_002767,sample_00922,mystery team 2090 - Jesse Futerman,1,0.8934723138809204,cnn_revised_20260919T110440Z,cnn_s2_11,val,Log-Mel CNN,0.06682424247264862,0.13586335132519403
seg_002768,sample_00922,mystery team 2090 - Jesse Futerman,1,0.9992502331733704,cnn_revised_20260919T110440Z,cnn_s2_11,val,Log-Mel CNN,0.06682424247264862,0.13586335132519403
seg_002769,sample_00923,mystery team 2090 - Jesse Futerman,1,0.9212356805801392,cnn_revised_20260919T110440Z,cnn_s2_11,val,Log-Mel CNN,0.06682424247264862,0.13586335132519403
seg_002770,sample_00923,mystery team 2090 - Jesse Futerman,1,0.9753724932670593,cnn_revised_20260919T110440Z,cnn_s2_11,val,Log-Mel CNN,0.06682424247264862,0.13586335132519403
seg_002771,sample_00923,mystery team 2090 - Jesse Futerman,1,0.999811589717865,cnn_revised_20260919T110440Z,cnn_s2_11,val,Log-Mel CNN,0.06682424247264862,0.13586335132519403
seg_002772,sample_00924,Night Drive - Decktonic,1,0.987669050693512,cnn_revised_20260919T110440Z,cnn_s2_11,val,Log-Mel CNN,0.06682424247264862,0.13586335132519403
seg_002773,sample_00924,Night Drive - Decktonic,1,0.031844187527894974,cnn_revised_20260919T110440Z,cnn_s2_11,val,Log-Mel CNN,0.06682424247264862,0.13586335132519403
seg_002774,sample_00924,Night Drive - Decktonic,1,0.8583436608314514,cnn_revised_20260919T110440Z,cnn_s2_11,val,Log-Mel CNN,0.06682424247264862,0.13586335132519403
seg_002775,sample_00925,Night Drive - Decktonic,1,0.4197978973388672,cnn_revised_20260919T110440Z,cnn_s2_11,val,Log-Mel CNN,0.06682424247264862,0.13586335132519403
seg_002776,sample_00925,Night Drive - Decktonic,1,0.22681495547294617,cnn_revised_20260919T110440Z,cnn_s2_11,val,Log-Mel CNN,0.06682424247264862,0.13586335132519403
seg_002777,sample_00925,Night Drive - Decktonic,1,0.7667580246925354,cnn_revised_20260919T110440Z,cnn_s2_11,val,Log-Mel CNN,0.06682424247264862,0.13586335132519403
seg_002790,sample_00930,Nuo Maisemat - Paavoharju,1,0.9909890294075012,cnn_revised_20260919T110440Z,cnn_s2_11,val,Log-Mel CNN,0.06682424247264862,0.13586335132519403
seg_002791,sample_00930,Nuo Maisemat - Paavoharju,1,0.24535371363162994,cnn_revised_20260919T110440Z,cnn_s2_11,val,Log-Mel CNN,0.06682424247264862,0.13586335132519403
seg_002792,sample_00930,Nuo Maisemat - Paavoharju,1,0.999742329120636,cnn_revised_20260919T110440Z,cnn_s2_11,val,Log-Mel CNN,0.06682424247264862,0.13586335132519403
seg_002793,sample_00931,Nuo Maisemat - Paavoharju,1,0.9673105478286743,cnn_revised_20260919T110440Z,cnn_s2_11,val,Log-Mel CNN,0.06682424247264862,0.13586335132519403
seg_002794,sample_00931,Nuo Maisemat - Paavoharju,1,0.9886773824691772,cnn_revised_20260919T110440Z,cnn_s2_11,val,Log-Mel CNN,0.06682424247264862,0.13586335132519403
seg_002795,sample_00931,Nuo Maisemat - Paavoharju,1,0.9998348951339722,cnn_revised_20260919T110440Z,cnn_s2_11,val,Log-Mel CNN,0.06682424247264862,0.13586335132519403
seg_002874,sample_00958,SD (Ill Mix) - H-LR,1,0.8060427904129028,cnn_revised_20260919T110440Z,cnn_s2_11,val,Log-Mel CNN,0.06682424247264862,0.13586335132519403
seg_002875,sample_00958,SD (Ill Mix) - H-LR,1,0.8230843544006348,cnn_revised_20260919T110440Z,cnn_s2_11,val,Log-Mel CNN,0.06682424247264862,0.13586335132519403
seg_002876,sample_00958,SD (Ill Mix) - H-LR,1,0.9954236149787903,cnn_revised_20260919T110440Z,cnn_s2_11,val,Log-Mel CNN,0.06682424247264862,0.13586335132519403
seg_002877,sample_00959,SD (Ill Mix) - H-LR,1,0.8929762244224548,cnn_revised_20260919T110440Z,cnn_s2_11,val,Log-Mel CNN,0.06682424247264862,0.13586335132519403
seg_002878,sample_00959,SD (Ill Mix) - H-LR,1,0.6132311820983887,cnn_revised_20260919T110440Z,cnn_s2_11,val,Log-Mel CNN,0.06682424247264862,0.13586335132519403
seg_002879,sample_00959,SD (Ill Mix) - H-LR,1,0.3489568531513214,cnn_revised_20260919T110440Z,cnn_s2_11,val,Log-Mel CNN,0.06682424247264862,0.13586335132519403
seg_002982,sample_00994,Evil Cannot Create - Caleb Lemond,1,0.9923507571220398,cnn_revised_20260919T110440Z,cnn_s2_11,val,Log-Mel CNN,0.06682424247264862,0.13586335132519403
seg_002983,sample_00994,Evil Cannot Create - Caleb Lemond,1,0.6680400371551514,cnn_revised_20260919T110440Z,cnn_s2_11,val,Log-Mel CNN,0.06682424247264862,0.13586335132519403
seg_002984,sample_00994,Evil Cannot Create - Caleb Lemond,1,0.998448371887207,cnn_revised_20260919T110440Z,cnn_s2_11,val,Log-Mel CNN,0.06682424247264862,0.13586335132519403
seg_002985,sample_00995,Evil Cannot Create - Caleb Lemond,1,0.984099268913269,cnn_revised_20260919T110440Z,cnn_s2_11,val,Log-Mel CNN,0.06682424247264862,0.13586335132519403
seg_002986,sample_00995,Evil Cannot Create - Caleb Lemond,1,0.9350597262382507,cnn_revised_20260919T110440Z,cnn_s2_11,val,Log-Mel CNN,0.06682424247264862,0.13586335132519403
seg_002987,sample_00995,Evil Cannot Create - Caleb Lemond,1,0.9204102754592896,cnn_revised_20260919T110440Z,cnn_s2_11,val,Log-Mel CNN,0.06682424247264862,0.13586335132519403
seg_003090,sample_01030,New Life (take 1) - Bird Names,1,0.6745368242263794,cnn_revised_20260919T110440Z,cnn_s2_11,val,Log-Mel CNN,0.06682424247264862,0.13586335132519403
seg_003091,sample_01030,New Life (take 1) - Bird Names,1,0.18208739161491394,cnn_revised_20260919T110440Z,cnn_s2_11,val,Log-Mel CNN,0.06682424247264862,0.13586335132519403
seg_003092,sample_01030,New Life (take 1) - Bird Names,1,0.9850344061851501,cnn_revised_20260919T110440Z,cnn_s2_11,val,Log-Mel CNN,0.06682424247264862,0.13586335132519403
seg_003093,sample_01031,New Life (take 1) - Bird Names,1,0.6500927805900574,cnn_revised_20260919T110440Z,cnn_s2_11,val,Log-Mel CNN,0.06682424247264862,0.13586335132519403
seg_003094,sample_01031,New Life (take 1) - Bird Names,1,0.011889936402440071,cnn_revised_20260919T110440Z,cnn_s2_11,val,Log-Mel CNN,0.06682424247264862,0.13586335132519403
seg_003095,sample_01031,New Life (take 1) - Bird Names,1,0.8326424360275269,cnn_revised_20260919T110440Z,cnn_s2_11,val,Log-Mel CNN,0.06682424247264862,0.13586335132519403
seg_003096,sample_01032,Norweigian Wood II - Bird Names,1,0.7286748886108398,cnn_revised_20260919T110440Z,cnn_s2_11,val,Log-Mel CNN,0.06682424247264862,0.13586335132519403
seg_003097,sample_01032,Norweigian Wood II - Bird Names,1,0.023235343396663666,cnn_revised_20260919T110440Z,cnn_s2_11,val,Log-Mel CNN,0.06682424247264862,0.13586335132519403
seg_003098,sample_01032,Norweigian Wood II - Bird Names,1,0.995405912399292,cnn_revised_20260919T110440Z,cnn_s2_11,val,Log-Mel CNN,0.06682424247264862,0.13586335132519403
seg_003099,sample_01033,Norweigian Wood II - Bird Names,1,0.5388408899307251,cnn_revised_20260919T110440Z,cnn_s2_11,val,Log-Mel CNN,0.06682424247264862,0.13586335132519403
seg_003100,sample_01033,Norweigian Wood II - Bird Names,1,0.4175565242767334,cnn_revised_20260919T110440Z,cnn_s2_11,val,Log-Mel CNN,0.06682424247264862,0.13586335132519403
seg_003101,sample_01033,Norweigian Wood II - Bird Names,1,0.9825387001037598,cnn_revised_20260919T110440Z,cnn_s2_11,val,Log-Mel CNN,0.06682424247264862,0.13586335132519403
seg_003120,sample_01040,Roller Star - Monroeville Music Center,1,0.6422618627548218,cnn_revised_20260919T110440Z,cnn_s2_11,val,Log-Mel CNN,0.06682424247264862,0.13586335132519403
seg_003121,sample_01040,Roller Star - Monroeville Music Center,1,0.028488900512456894,cnn_revised_20260919T110440Z,cnn_s2_11,val,Log-Mel CNN,0.06682424247264862,0.13586335132519403
seg_003122,sample_01040,Roller Star - Monroeville Music Center,1,0.6548859477043152,cnn_revised_20260919T110440Z,cnn_s2_11,val,Log-Mel CNN,0.06682424247264862,0.13586335132519403
seg_003123,sample_01041,Roller Star - Monroeville Music Center,1,0.8207188248634338,cnn_revised_20260919T110440Z,cnn_s2_11,val,Log-Mel CNN,0.06682424247264862,0.13586335132519403
seg_003124,sample_01041,Roller Star - Monroeville Music Center,1,0.34594306349754333,cnn_revised_20260919T110440Z,cnn_s2_11,val,Log-Mel CNN,0.06682424247264862,0.13586335132519403
seg_003125,sample_01041,Roller Star - Monroeville Music Center,1,0.8425412178039551,cnn_revised_20260919T110440Z,cnn_s2_11,val,Log-Mel CNN,0.06682424247264862,0.13586335132519403
seg_003126,sample_01042,"Roundtrip - Oh Yeah, the Future",1,0.1052914708852768,cnn_revised_20260919T110440Z,cnn_s2_11,val,Log-Mel CNN,0.06682424247264862,0.13586335132519403
seg_003127,sample_01042,"Roundtrip - Oh Yeah, the Future",1,0.07290206104516983,cnn_revised_20260919T110440Z,cnn_s2_11,val,Log-Mel CNN,0.06682424247264862,0.13586335132519403
seg_003128,sample_01042,"Roundtrip - Oh Yeah, the Future",1,0.6429382562637329,cnn_revised_20260919T110440Z,cnn_s2_11,val,Log-Mel CNN,0.06682424247264862,0.13586335132519403
seg_003129,sample_01043,"Roundtrip - Oh Yeah, the Future",1,0.11199033260345459,cnn_revised_20260919T110440Z,cnn_s2_11,val,Log-Mel CNN,0.06682424247264862,0.13586335132519403
seg_003130,sample_01043,"Roundtrip - Oh Yeah, the Future",1,0.14051170647144318,cnn_revised_20260919T110440Z,cnn_s2_11,val,Log-Mel CNN,0.06682424247264862,0.13586335132519403
seg_003131,sample_01043,"Roundtrip - Oh Yeah, the Future",1,0.858076274394989,cnn_revised_20260919T110440Z,cnn_s2_11,val,Log-Mel CNN,0.06682424247264862,0.13586335132519403
seg_003144,sample_01048,Soleares&beats - Malaventura,1,0.9307265877723694,cnn_revised_20260919T110440Z,cnn_s2_11,val,Log-Mel CNN,0.06682424247264862,0.13586335132519403
seg_003145,sample_01048,Soleares&beats - Malaventura,1,0.06240091472864151,cnn_revised_20260919T110440Z,cnn_s2_11,val,Log-Mel CNN,0.06682424247264862,0.13586335132519403
seg_003146,sample_01048,Soleares&beats - Malaventura,1,0.9213777184486389,cnn_revised_20260919T110440Z,cnn_s2_11,val,Log-Mel CNN,0.06682424247264862,0.13586335132519403
seg_003147,sample_01049,Soleares&beats - Malaventura,1,0.014832429587841034,cnn_revised_20260919T110440Z,cnn_s2_11,val,Log-Mel CNN,0.06682424247264862,0.13586335132519403
seg_003148,sample_01049,Soleares&beats - Malaventura,1,0.3641502261161804,cnn_revised_20260919T110440Z,cnn_s2_11,val,Log-Mel CNN,0.06682424247264862,0.13586335132519403
seg_003149,sample_01049,Soleares&beats - Malaventura,1,0.38957610726356506,cnn_revised_20260919T110440Z,cnn_s2_11,val,Log-Mel CNN,0.06682424247264862,0.13586335132519403
seg_003162,sample_01054,Stockholm Syndrome / People Should Be More Aware - Bird Names,1,0.029339272528886795,cnn_revised_20260919T110440Z,cnn_s2_11,val,Log-Mel CNN,0.06682424247264862,0.13586335132519403
seg_003163,sample_01054,Stockholm Syndrome / People Should Be More Aware - Bird Names,1,0.4355020225048065,cnn_revised_20260919T110440Z,cnn_s2_11,val,Log-Mel CNN,0.06682424247264862,0.13586335132519403
seg_003164,sample_01054,Stockholm Syndrome / People Should Be More Aware - Bird Names,1,0.3793192207813263,cnn_revised_20260919T110440Z,cnn_s2_11,val,Log-Mel CNN,0.06682424247264862,0.13586335132519403
seg_003165,sample_01055,Stockholm Syndrome / People Should Be More Aware - Bird Names,1,0.2298271507024765,cnn_revised_20260919T110440Z,cnn_s2_11,val,Log-Mel CNN,0.06682424247264862,0.13586335132519403
seg_003166,sample_01055,Stockholm Syndrome / People Should Be More Aware - Bird Names,1,0.008563118986785412,cnn_revised_20260919T110440Z,cnn_s2_11,val,Log-Mel CNN,0.06682424247264862,0.13586335132519403
seg_003167,sample_01055,Stockholm Syndrome / People Should Be More Aware - Bird Names,1,0.2701122760772705,cnn_revised_20260919T110440Z,cnn_s2_11,val,Log-Mel CNN,0.06682424247264862,0.13586335132519403
seg_003204,sample_01068,Time Is Love - Silence is full of birds,1,0.13404321670532227,cnn_revised_20260919T110440Z,cnn_s2_11,val,Log-Mel CNN,0.06682424247264862,0.13586335132519403
seg_003205,sample_01068,Time Is Love - Silence is full of birds,1,0.037384990602731705,cnn_revised_20260919T110440Z,cnn_s2_11,val,Log-Mel CNN,0.06682424247264862,0.13586335132519403
seg_003206,sample_01068,Time Is Love - Silence is full of birds,1,0.7948490381240845,cnn_revised_20260919T110440Z,cnn_s2_11,val,Log-Mel CNN,0.06682424247264862,0.13586335132519403
seg_003207,sample_01069,Time Is Love - Silence is full of birds,1,0.1515362560749054,cnn_revised_20260919T110440Z,cnn_s2_11,val,Log-Mel CNN,0.06682424247264862,0.13586335132519403
seg_003208,sample_01069,Time Is Love - Silence is full of birds,1,0.12259624898433685,cnn_revised_20260919T110440Z,cnn_s2_11,val,Log-Mel CNN,0.06682424247264862,0.13586335132519403
seg_003209,sample_01069,Time Is Love - Silence is full of birds,1,0.9718205332756042,cnn_revised_20260919T110440Z,cnn_s2_11,val,Log-Mel CNN,0.06682424247264862,0.13586335132519403
seg_003246,sample_01082,2 (Wasn't There) - Isle of Pine,1,0.3923335373401642,cnn_revised_20260919T110440Z,cnn_s2_11,val,Log-Mel CNN,0.06682424247264862,0.13586335132519403
seg_003247,sample_01082,2 (Wasn't There) - Isle of Pine,1,0.08701986819505692,cnn_revised_20260919T110440Z,cnn_s2_11,val,Log-Mel CNN,0.06682424247264862,0.13586335132519403
seg_003248,sample_01082,2 (Wasn't There) - Isle of Pine,1,0.9985287189483643,cnn_revised_20260919T110440Z,cnn_s2_11,val,Log-Mel CNN,0.06682424247264862,0.13586335132519403
seg_003249,sample_01083,2 (Wasn't There) - Isle of Pine,1,0.040751174092292786,cnn_revised_20260919T110440Z,cnn_s2_11,val,Log-Mel CNN,0.06682424247264862,0.13586335132519403
seg_003250,sample_01083,2 (Wasn't There) - Isle of Pine,1,0.06411368399858475,cnn_revised_20260919T110440Z,cnn_s2_11,val,Log-Mel CNN,0.06682424247264862,0.13586335132519403
seg_003251,sample_01083,2 (Wasn't There) - Isle of Pine,1,0.7512624263763428,cnn_revised_20260919T110440Z,cnn_s2_11,val,Log-Mel CNN,0.06682424247264862,0.13586335132519403
seg_003276,sample_01092,Empty Pockets - Pete Prodoehl,1,0.6139996647834778,cnn_revised_20260919T110440Z,cnn_s2_11,val,Log-Mel CNN,0.06682424247264862,0.13586335132519403
seg_003277,sample_01092,Empty Pockets - Pete Prodoehl,1,0.09310892224311829,cnn_revised_20260919T110440Z,cnn_s2_11,val,Log-Mel CNN,0.06682424247264862,0.13586335132519403
seg_003278,sample_01092,Empty Pockets - Pete Prodoehl,1,0.6542341113090515,cnn_revised_20260919T110440Z,cnn_s2_11,val,Log-Mel CNN,0.06682424247264862,0.13586335132519403
seg_003279,sample_01093,Empty Pockets - Pete Prodoehl,1,0.8481776118278503,cnn_revised_20260919T110440Z,cnn_s2_11,val,Log-Mel CNN,0.06682424247264862,0.13586335132519403
seg_003280,sample_01093,Empty Pockets - Pete Prodoehl,1,0.021905411034822464,cnn_revised_20260919T110440Z,cnn_s2_11,val,Log-Mel CNN,0.06682424247264862,0.13586335132519403
seg_003281,sample_01093,Empty Pockets - Pete Prodoehl,1,0.746467113494873,cnn_revised_20260919T110440Z,cnn_s2_11,val,Log-Mel CNN,0.06682424247264862,0.13586335132519403
seg_003294,sample_01098,Gila Monster Flop/Music History Lesson:The Sonics - The Crypts!,1,0.17000192403793335,cnn_revised_20260919T110440Z,cnn_s2_11,val,Log-Mel CNN,0.06682424247264862,0.13586335132519403
seg_003295,sample_01098,Gila Monster Flop/Music History Lesson:The Sonics - The Crypts!,1,0.008092202246189117,cnn_revised_20260919T110440Z,cnn_s2_11,val,Log-Mel CNN,0.06682424247264862,0.13586335132519403
seg_003296,sample_01098,Gila Monster Flop/Music History Lesson:The Sonics - The Crypts!,1,0.28332799673080444,cnn_revised_20260919T110440Z,cnn_s2_11,val,Log-Mel CNN,0.06682424247264862,0.13586335132519403
seg_003297,sample_01099,Gila Monster Flop/Music History Lesson:The Sonics - The Crypts!,1,0.04668772965669632,cnn_revised_20260919T110440Z,cnn_s2_11,val,Log-Mel CNN,0.06682424247264862,0.13586335132519403
seg_003298,sample_01099,Gila Monster Flop/Music History Lesson:The Sonics - The Crypts!,1,0.18107526004314423,cnn_revised_20260919T110440Z,cnn_s2_11,val,Log-Mel CNN,0.06682424247264862,0.13586335132519403
seg_003299,sample_01099,Gila Monster Flop/Music History Lesson:The Sonics - The Crypts!,1,0.9423847794532776,cnn_revised_20260919T110440Z,cnn_s2_11,val,Log-Mel CNN,0.06682424247264862,0.13586335132519403
seg_003312,sample_01104,I Fell - Mod Fun,1,0.5819759368896484,cnn_revised_20260919T110440Z,cnn_s2_11,val,Log-Mel CNN,0.06682424247264862,0.13586335132519403
seg_003313,sample_01104,I Fell - Mod Fun,1,0.6461634635925293,cnn_revised_20260919T110440Z,cnn_s2_11,val,Log-Mel CNN,0.06682424247264862,0.13586335132519403
seg_003314,sample_01104,I Fell - Mod Fun,1,0.8575774431228638,cnn_revised_20260919T110440Z,cnn_s2_11,val,Log-Mel CNN,0.06682424247264862,0.13586335132519403
seg_003315,sample_01105,I Fell - Mod Fun,1,0.18214808404445648,cnn_revised_20260919T110440Z,cnn_s2_11,val,Log-Mel CNN,0.06682424247264862,0.13586335132519403
seg_003316,sample_01105,I Fell - Mod Fun,1,0.03398757800459862,cnn_revised_20260919T110440Z,cnn_s2_11,val,Log-Mel CNN,0.06682424247264862,0.13586335132519403
seg_003317,sample_01105,I Fell - Mod Fun,1,0.1274489313364029,cnn_revised_20260919T110440Z,cnn_s2_11,val,Log-Mel CNN,0.06682424247264862,0.13586335132519403
seg_003360,sample_01120,March of the GPA Mechanics - [t]ghost,1,0.34387534856796265,cnn_revised_20260919T110440Z,cnn_s2_11,val,Log-Mel CNN,0.06682424247264862,0.13586335132519403
seg_003361,sample_01120,March of the GPA Mechanics - [t]ghost,1,0.04725586250424385,cnn_revised_20260919T110440Z,cnn_s2_11,val,Log-Mel CNN,0.06682424247264862,0.13586335132519403
seg_003362,sample_01120,March of the GPA Mechanics - [t]ghost,1,0.8958970308303833,cnn_revised_20260919T110440Z,cnn_s2_11,val,Log-Mel CNN,0.06682424247264862,0.13586335132519403
seg_003363,sample_01121,March of the GPA Mechanics - [t]ghost,1,0.7404502630233765,cnn_revised_20260919T110440Z,cnn_s2_11,val,Log-Mel CNN,0.06682424247264862,0.13586335132519403
seg_003364,sample_01121,March of the GPA Mechanics - [t]ghost,1,0.46683070063591003,cnn_revised_20260919T110440Z,cnn_s2_11,val,Log-Mel CNN,0.06682424247264862,0.13586335132519403
seg_003365,sample_01121,March of the GPA Mechanics - [t]ghost,1,0.9785364866256714,cnn_revised_20260919T110440Z,cnn_s2_11,val,Log-Mel CNN,0.06682424247264862,0.13586335132519403
seg_003420,sample_01140,Scramby Eggs - Andy G. Cohen,1,0.006663272622972727,cnn_revised_20260919T110440Z,cnn_s2_11,val,Log-Mel CNN,0.06682424247264862,0.13586335132519403
seg_003421,sample_01140,Scramby Eggs - Andy G. Cohen,1,0.1182532012462616,cnn_revised_20260919T110440Z,cnn_s2_11,val,Log-Mel CNN,0.06682424247264862,0.13586335132519403
seg_003422,sample_01140,Scramby Eggs - Andy G. Cohen,1,0.4792352318763733,cnn_revised_20260919T110440Z,cnn_s2_11,val,Log-Mel CNN,0.06682424247264862,0.13586335132519403
seg_003423,sample_01141,Scramby Eggs - Andy G. Cohen,1,0.008025208488106728,cnn_revised_20260919T110440Z,cnn_s2_11,val,Log-Mel CNN,0.06682424247264862,0.13586335132519403
seg_003424,sample_01141,Scramby Eggs - Andy G. Cohen,1,0.008840378373861313,cnn_revised_20260919T110440Z,cnn_s2_11,val,Log-Mel CNN,0.06682424247264862,0.13586335132519403
seg_003425,sample_01141,Scramby Eggs - Andy G. Cohen,1,0.6193224787712097,cnn_revised_20260919T110440Z,cnn_s2_11,val,Log-Mel CNN,0.06682424247264862,0.13586335132519403
seg_003474,sample_01158,The girl just faded - Los Llamarada,1,0.0573393777012825,cnn_revised_20260919T110440Z,cnn_s2_11,val,Log-Mel CNN,0.06682424247264862,0.13586335132519403
seg_003475,sample_01158,The girl just faded - Los Llamarada,1,0.14075499773025513,cnn_revised_20260919T110440Z,cnn_s2_11,val,Log-Mel CNN,0.06682424247264862,0.13586335132519403
seg_003476,sample_01158,The girl just faded - Los Llamarada,1,0.3703819811344147,cnn_revised_20260919T110440Z,cnn_s2_11,val,Log-Mel CNN,0.06682424247264862,0.13586335132519403
seg_003477,sample_01159,The girl just faded - Los Llamarada,1,0.2340826690196991,cnn_revised_20260919T110440Z,cnn_s2_11,val,Log-Mel CNN,0.06682424247264862,0.13586335132519403
seg_003478,sample_01159,The girl just faded - Los Llamarada,1,0.45985424518585205,cnn_revised_20260919T110440Z,cnn_s2_11,val,Log-Mel CNN,0.06682424247264862,0.13586335132519403
seg_003479,sample_01159,The girl just faded - Los Llamarada,1,0.6997167468070984,cnn_revised_20260919T110440Z,cnn_s2_11,val,Log-Mel CNN,0.06682424247264862,0.13586335132519403
seg_003492,sample_01164,Voxel - Andy G. Cohen,1,0.09347269684076309,cnn_revised_20260919T110440Z,cnn_s2_11,val,Log-Mel CNN,0.06682424247264862,0.13586335132519403
seg_003493,sample_01164,Voxel - Andy G. Cohen,1,0.08058696985244751,cnn_revised_20260919T110440Z,cnn_s2_11,val,Log-Mel CNN,0.06682424247264862,0.13586335132519403
seg_003494,sample_01164,Voxel - Andy G. Cohen,1,0.024956300854682922,cnn_revised_20260919T110440Z,cnn_s2_11,val,Log-Mel CNN,0.06682424247264862,0.13586335132519403
seg_003495,sample_01165,Voxel - Andy G. Cohen,1,0.1594841033220291,cnn_revised_20260919T110440Z,cnn_s2_11,val,Log-Mel CNN,0.06682424247264862,0.13586335132519403
seg_003496,sample_01165,Voxel - Andy G. Cohen,1,0.5350503325462341,cnn_revised_20260919T110440Z,cnn_s2_11,val,Log-Mel CNN,0.06682424247264862,0.13586335132519403
seg_003497,sample_01165,Voxel - Andy G. Cohen,1,0.18188048899173737,cnn_revised_20260919T110440Z,cnn_s2_11,val,Log-Mel CNN,0.06682424247264862,0.13586335132519403
seg_003516,sample_01172,Windows of the Skull - Sarin,1,0.6442683935165405,cnn_revised_20260919T110440Z,cnn_s2_11,val,Log-Mel CNN,0.06682424247264862,0.13586335132519403
seg_003517,sample_01172,Windows of the Skull - Sarin,1,0.199794203042984,cnn_revised_20260919T110440Z,cnn_s2_11,val,Log-Mel CNN,0.06682424247264862,0.13586335132519403
seg_003518,sample_01172,Windows of the Skull - Sarin,1,0.13955941796302795,cnn_revised_20260919T110440Z,cnn_s2_11,val,Log-Mel CNN,0.06682424247264862,0.13586335132519403
seg_003519,sample_01173,Windows of the Skull - Sarin,1,0.9664957523345947,cnn_revised_20260919T110440Z,cnn_s2_11,val,Log-Mel CNN,0.06682424247264862,0.13586335132519403
seg_003520,sample_01173,Windows of the Skull - Sarin,1,0.16959317028522491,cnn_revised_20260919T110440Z,cnn_s2_11,val,Log-Mel CNN,0.06682424247264862,0.13586335132519403
seg_003521,sample_01173,Windows of the Skull - Sarin,1,0.9502872824668884,cnn_revised_20260919T110440Z,cnn_s2_11,val,Log-Mel CNN,0.06682424247264862,0.13586335132519403
seg_003534,sample_01178,Новый Нью-Йорк 2 - Чокнутый Пропеллер,1,0.02811603620648384,cnn_revised_20260919T110440Z,cnn_s2_11,val,Log-Mel CNN,0.06682424247264862,0.13586335132519403
seg_003535,sample_01178,Новый Нью-Йорк 2 - Чокнутый Пропеллер,1,0.10395142436027527,cnn_revised_20260919T110440Z,cnn_s2_11,val,Log-Mel CNN,0.06682424247264862,0.13586335132519403
seg_003536,sample_01178,Новый Нью-Йорк 2 - Чокнутый Пропеллер,1,0.32969170808792114,cnn_revised_20260919T110440Z,cnn_s2_11,val,Log-Mel CNN,0.06682424247264862,0.13586335132519403
seg_003537,sample_01179,Новый Нью-Йорк 2 - Чокнутый Пропеллер,1,0.48349642753601074,cnn_revised_20260919T110440Z,cnn_s2_11,val,Log-Mel CNN,0.06682424247264862,0.13586335132519403
seg_003538,sample_01179,Новый Нью-Йорк 2 - Чокнутый Пропеллер,1,0.016616910696029663,cnn_revised_20260919T110440Z,cnn_s2_11,val,Log-Mel CNN,0.06682424247264862,0.13586335132519403
seg_003539,sample_01179,Новый Нью-Йорк 2 - Чокнутый Пропеллер,1,0.3159392178058624,cnn_revised_20260919T110440Z,cnn_s2_11,val,Log-Mel CNN,0.06682424247264862,0.13586335132519403
seg_003597,sample_01199,CopperNickle - UncleBibby,1,0.009757992811501026,cnn_revised_20260919T110440Z,cnn_s2_11,val,Log-Mel CNN,0.06682424247264862,0.13586335132519403
seg_003598,sample_01199,CopperNickle - UncleBibby,1,0.24210301041603088,cnn_revised_20260919T110440Z,cnn_s2_11,val,Log-Mel CNN,0.06682424247264862,0.13586335132519403
seg_003599,sample_01199,CopperNickle - UncleBibby,1,0.18494980037212372,cnn_revised_20260919T110440Z,cnn_s2_11,val,Log-Mel CNN,0.06682424247264862,0.13586335132519403
seg_003606,sample_01202,Daylight Savings - My brother Daniel,1,0.010320010595023632,cnn_revised_20260919T110440Z,cnn_s2_11,val,Log-Mel CNN,0.06682424247264862,0.13586335132519403
seg_003607,sample_01202,Daylight Savings - My brother Daniel,1,0.06071726605296135,cnn_revised_20260919T110440Z,cnn_s2_11,val,Log-Mel CNN,0.06682424247264862,0.13586335132519403
seg_003608,sample_01202,Daylight Savings - My brother Daniel,1,0.4809266924858093,cnn_revised_20260919T110440Z,cnn_s2_11,val,Log-Mel CNN,0.06682424247264862,0.13586335132519403
seg_003633,sample_01211,Fifth Ramble - From the album Keith [RSVP007] - My brother Daniel,1,0.24608643352985382,cnn_revised_20260919T110440Z,cnn_s2_11,val,Log-Mel CNN,0.06682424247264862,0.13586335132519403
seg_003634,sample_01211,Fifth Ramble - From the album Keith [RSVP007] - My brother Daniel,1,0.013686464168131351,cnn_revised_20260919T110440Z,cnn_s2_11,val,Log-Mel CNN,0.06682424247264862,0.13586335132519403
seg_003635,sample_01211,Fifth Ramble - From the album Keith [RSVP007] - My brother Daniel,1,0.1591137796640396,cnn_revised_20260919T110440Z,cnn_s2_11,val,Log-Mel CNN,0.06682424247264862,0.13586335132519403
seg_003657,sample_01219,If You're Ther - Nicola Ratti,1,0.1419111043214798,cnn_revised_20260919T110440Z,cnn_s2_11,val,Log-Mel CNN,0.06682424247264862,0.13586335132519403
seg_003658,sample_01219,If You're Ther - Nicola Ratti,1,0.839675784111023,cnn_revised_20260919T110440Z,cnn_s2_11,val,Log-Mel CNN,0.06682424247264862,0.13586335132519403
seg_003659,sample_01219,If You're Ther - Nicola Ratti,1,0.5122421383857727,cnn_revised_20260919T110440Z,cnn_s2_11,val,Log-Mel CNN,0.06682424247264862,0.13586335132519403
seg_003681,sample_01227,Kumorizoranohajimarutokoro - Hosomi,1,0.041345998644828796,cnn_revised_20260919T110440Z,cnn_s2_11,val,Log-Mel CNN,0.06682424247264862,0.13586335132519403
seg_003682,sample_01227,Kumorizoranohajimarutokoro - Hosomi,1,0.7359060645103455,cnn_revised_20260919T110440Z,cnn_s2_11,val,Log-Mel CNN,0.06682424247264862,0.13586335132519403
seg_003683,sample_01227,Kumorizoranohajimarutokoro - Hosomi,1,0.9914258718490601,cnn_revised_20260919T110440Z,cnn_s2_11,val,Log-Mel CNN,0.06682424247264862,0.13586335132519403
seg_003708,sample_01236,Loved Ones - Rowan Box,1,0.6882615089416504,cnn_revised_20260919T110440Z,cnn_s2_11,val,Log-Mel CNN,0.06682424247264862,0.13586335132519403
seg_003709,sample_01236,Loved Ones - Rowan Box,1,0.06177082285284996,cnn_revised_20260919T110440Z,cnn_s2_11,val,Log-Mel CNN,0.06682424247264862,0.13586335132519403
seg_003710,sample_01236,Loved Ones - Rowan Box,1,0.009885566309094429,cnn_revised_20260919T110440Z,cnn_s2_11,val,Log-Mel CNN,0.06682424247264862,0.13586335132519403
seg_003711,sample_01237,Morning Bell - Nihilore,1,0.18499299883842468,cnn_revised_20260919T110440Z,cnn_s2_11,val,Log-Mel CNN,0.06682424247264862,0.13586335132519403
seg_003712,sample_01237,Morning Bell - Nihilore,1,0.8025397062301636,cnn_revised_20260919T110440Z,cnn_s2_11,val,Log-Mel CNN,0.06682424247264862,0.13586335132519403
seg_003713,sample_01237,Morning Bell - Nihilore,1,0.9742382168769836,cnn_revised_20260919T110440Z,cnn_s2_11,val,Log-Mel CNN,0.06682424247264862,0.13586335132519403
seg_003714,sample_01238,mystery team 2090 - Jesse Futerman,1,0.1179310753941536,cnn_revised_20260919T110440Z,cnn_s2_11,val,Log-Mel CNN,0.06682424247264862,0.13586335132519403
seg_003715,sample_01238,mystery team 2090 - Jesse Futerman,1,0.0922614112496376,cnn_revised_20260919T110440Z,cnn_s2_11,val,Log-Mel CNN,0.06682424247264862,0.13586335132519403
seg_003716,sample_01238,mystery team 2090 - Jesse Futerman,1,0.005520691629499197,cnn_revised_20260919T110440Z,cnn_s2_11,val,Log-Mel CNN,0.06682424247264862,0.13586335132519403
seg_003717,sample_01239,Night Drive - Decktonic,1,0.050141286104917526,cnn_revised_20260919T110440Z,cnn_s2_11,val,Log-Mel CNN,0.06682424247264862,0.13586335132519403
seg_003718,sample_01239,Night Drive - Decktonic,1,0.99595046043396,cnn_revised_20260919T110440Z,cnn_s2_11,val,Log-Mel CNN,0.06682424247264862,0.13586335132519403
seg_003719,sample_01239,Night Drive - Decktonic,1,0.9959742426872253,cnn_revised_20260919T110440Z,cnn_s2_11,val,Log-Mel CNN,0.06682424247264862,0.13586335132519403
seg_003729,sample_01243,Nuo Maisemat - Paavoharju,1,0.1286575198173523,cnn_revised_20260919T110440Z,cnn_s2_11,val,Log-Mel CNN,0.06682424247264862,0.13586335132519403
seg_003730,sample_01243,Nuo Maisemat - Paavoharju,1,0.9995155334472656,cnn_revised_20260919T110440Z,cnn_s2_11,val,Log-Mel CNN,0.06682424247264862,0.13586335132519403
seg_003731,sample_01243,Nuo Maisemat - Paavoharju,1,0.8933275938034058,cnn_revised_20260919T110440Z,cnn_s2_11,val,Log-Mel CNN,0.06682424247264862,0.13586335132519403
seg_003780,sample_01260,SD (Ill Mix) - H-LR,1,0.1077004075050354,cnn_revised_20260919T110440Z,cnn_s2_11,val,Log-Mel CNN,0.06682424247264862,0.13586335132519403
seg_003781,sample_01260,SD (Ill Mix) - H-LR,1,0.9342613220214844,cnn_revised_20260919T110440Z,cnn_s2_11,val,Log-Mel CNN,0.06682424247264862,0.13586335132519403
seg_003782,sample_01260,SD (Ill Mix) - H-LR,1,0.9386573433876038,cnn_revised_20260919T110440Z,cnn_s2_11,val,Log-Mel CNN,0.06682424247264862,0.13586335132519403
seg_003795,sample_01265,some dextromethorphan - Jeva,1,0.06593531370162964,cnn_revised_20260919T110440Z,cnn_s2_11,val,Log-Mel CNN,0.06682424247264862,0.13586335132519403
seg_003796,sample_01265,some dextromethorphan - Jeva,1,0.8813732862472534,cnn_revised_20260919T110440Z,cnn_s2_11,val,Log-Mel CNN,0.06682424247264862,0.13586335132519403
seg_003797,sample_01265,some dextromethorphan - Jeva,1,0.9685593247413635,cnn_revised_20260919T110440Z,cnn_s2_11,val,Log-Mel CNN,0.06682424247264862,0.13586335132519403
seg_003804,sample_01268,Sturgeon's Law - Nihilore,1,0.3192245662212372,cnn_revised_20260919T110440Z,cnn_s2_11,val,Log-Mel CNN,0.06682424247264862,0.13586335132519403
seg_003805,sample_01268,Sturgeon's Law - Nihilore,1,0.7601341605186462,cnn_revised_20260919T110440Z,cnn_s2_11,val,Log-Mel CNN,0.06682424247264862,0.13586335132519403
seg_003806,sample_01268,Sturgeon's Law - Nihilore,1,0.8900875449180603,cnn_revised_20260919T110440Z,cnn_s2_11,val,Log-Mel CNN,0.06682424247264862,0.13586335132519403
seg_003840,sample_01280,The Stairway - WarpToken,1,0.03019758127629757,cnn_revised_20260919T110440Z,cnn_s2_11,val,Log-Mel CNN,0.06682424247264862,0.13586335132519403
seg_003841,sample_01280,The Stairway - WarpToken,1,0.8793644905090332,cnn_revised_20260919T110440Z,cnn_s2_11,val,Log-Mel CNN,0.06682424247264862,0.13586335132519403
seg_003842,sample_01280,The Stairway - WarpToken,1,0.17832502722740173,cnn_revised_20260919T110440Z,cnn_s2_11,val,Log-Mel CNN,0.06682424247264862,0.13586335132519403
seg_003843,sample_01281,Three Bird - My brother Daniel,1,0.30401620268821716,cnn_revised_20260919T110440Z,cnn_s2_11,val,Log-Mel CNN,0.06682424247264862,0.13586335132519403
seg_003844,sample_01281,Three Bird - My brother Daniel,1,0.40015795826911926,cnn_revised_20260919T110440Z,cnn_s2_11,val,Log-Mel CNN,0.06682424247264862,0.13586335132519403
seg_003845,sample_01281,Three Bird - My brother Daniel,1,0.9799798727035522,cnn_revised_20260919T110440Z,cnn_s2_11,val,Log-Mel CNN,0.06682424247264862,0.13586335132519403
seg_003846,sample_01282,Timen Passing By - Jason Shaw,1,0.003929088823497295,cnn_revised_20260919T110440Z,cnn_s2_11,val,Log-Mel CNN,0.06682424247264862,0.13586335132519403
seg_003847,sample_01282,Timen Passing By - Jason Shaw,1,0.8328450918197632,cnn_revised_20260919T110440Z,cnn_s2_11,val,Log-Mel CNN,0.06682424247264862,0.13586335132519403
seg_003848,sample_01282,Timen Passing By - Jason Shaw,1,0.8872473835945129,cnn_revised_20260919T110440Z,cnn_s2_11,val,Log-Mel CNN,0.06682424247264862,0.13586335132519403
seg_003864,sample_01288,Understand That This Is A Dream - From the album Modulating Coil [RSVP008] - Forrest James,1,0.04486451297998428,cnn_revised_20260919T110440Z,cnn_s2_11,val,Log-Mel CNN,0.06682424247264862,0.13586335132519403
seg_003865,sample_01288,Understand That This Is A Dream - From the album Modulating Coil [RSVP008] - Forrest James,1,0.09805631637573242,cnn_revised_20260919T110440Z,cnn_s2_11,val,Log-Mel CNN,0.06682424247264862,0.13586335132519403
seg_003866,sample_01288,Understand That This Is A Dream - From the album Modulating Coil [RSVP008] - Forrest James,1,0.9905365109443665,cnn_revised_20260919T110440Z,cnn_s2_11,val,Log-Mel CNN,0.06682424247264862,0.13586335132519403
seg_003873,sample_01291,Westside Chillers - Little Glass Men,1,0.04814615100622177,cnn_revised_20260919T110440Z,cnn_s2_11,val,Log-Mel CNN,0.06682424247264862,0.13586335132519403
seg_003874,sample_01291,Westside Chillers - Little Glass Men,1,0.6465178728103638,cnn_revised_20260919T110440Z,cnn_s2_11,val,Log-Mel CNN,0.06682424247264862,0.13586335132519403
seg_003875,sample_01291,Westside Chillers - Little Glass Men,1,0.14967045187950134,cnn_revised_20260919T110440Z,cnn_s2_11,val,Log-Mel CNN,0.06682424247264862,0.13586335132519403
seg_003885,sample_01295,Agora - Malaventura,1,0.12034990638494492,cnn_revised_20260919T110440Z,cnn_s2_11,val,Log-Mel CNN,0.06682424247264862,0.13586335132519403
seg_003886,sample_01295,Agora - Malaventura,1,0.2746392488479614,cnn_revised_20260919T110440Z,cnn_s2_11,val,Log-Mel CNN,0.06682424247264862,0.13586335132519403
seg_003887,sample_01295,Agora - Malaventura,1,0.9897444844245911,cnn_revised_20260919T110440Z,cnn_s2_11,val,Log-Mel CNN,0.06682424247264862,0.13586335132519403
seg_003912,sample_01304,Evil Cannot Create - Caleb Lemond,1,0.04349419102072716,cnn_revised_20260919T110440Z,cnn_s2_11,val,Log-Mel CNN,0.06682424247264862,0.13586335132519403
seg_003913,sample_01304,Evil Cannot Create - Caleb Lemond,1,0.3230687975883484,cnn_revised_20260919T110440Z,cnn_s2_11,val,Log-Mel CNN,0.06682424247264862,0.13586335132519403
seg_003914,sample_01304,Evil Cannot Create - Caleb Lemond,1,0.9900254011154175,cnn_revised_20260919T110440Z,cnn_s2_11,val,Log-Mel CNN,0.06682424247264862,0.13586335132519403
seg_003972,sample_01324,My Body Is A Weapon (Compromise Edit) - Silence is full of birds,1,0.05220011621713638,cnn_revised_20260919T110440Z,cnn_s2_11,val,Log-Mel CNN,0.06682424247264862,0.13586335132519403
seg_003973,sample_01324,My Body Is A Weapon (Compromise Edit) - Silence is full of birds,1,0.9975505471229553,cnn_revised_20260919T110440Z,cnn_s2_11,val,Log-Mel CNN,0.06682424247264862,0.13586335132519403
seg_003974,sample_01324,My Body Is A Weapon (Compromise Edit) - Silence is full of birds,1,0.9820780158042908,cnn_revised_20260919T110440Z,cnn_s2_11,val,Log-Mel CNN,0.06682424247264862,0.13586335132519403
seg_003975,sample_01325,My Body Is A Weapon (Compromise Edit) - Silence is full of birds,1,0.07086922973394394,cnn_revised_20260919T110440Z,cnn_s2_11,val,Log-Mel CNN,0.06682424247264862,0.13586335132519403
seg_003976,sample_01325,My Body Is A Weapon (Compromise Edit) - Silence is full of birds,1,0.9951933026313782,cnn_revised_20260919T110440Z,cnn_s2_11,val,Log-Mel CNN,0.06682424247264862,0.13586335132519403
seg_003977,sample_01325,My Body Is A Weapon (Compromise Edit) - Silence is full of birds,1,0.9881582856178284,cnn_revised_20260919T110440Z,cnn_s2_11,val,Log-Mel CNN,0.06682424247264862,0.13586335132519403
seg_003987,sample_01329,New Life (take 1) - Bird Names,1,0.6202737092971802,cnn_revised_20260919T110440Z,cnn_s2_11,val,Log-Mel CNN,0.06682424247264862,0.13586335132519403
seg_003988,sample_01329,New Life (take 1) - Bird Names,1,0.3690289556980133,cnn_revised_20260919T110440Z,cnn_s2_11,val,Log-Mel CNN,0.06682424247264862,0.13586335132519403
seg_003989,sample_01329,New Life (take 1) - Bird Names,1,0.7690620422363281,cnn_revised_20260919T110440Z,cnn_s2_11,val,Log-Mel CNN,0.06682424247264862,0.13586335132519403
seg_003990,sample_01330,New Life (take 1) - Bird Names,1,0.008509532548487186,cnn_revised_20260919T110440Z,cnn_s2_11,val,Log-Mel CNN,0.06682424247264862,0.13586335132519403
seg_003991,sample_01330,New Life (take 1) - Bird Names,1,0.8252933621406555,cnn_revised_20260919T110440Z,cnn_s2_11,val,Log-Mel CNN,0.06682424247264862,0.13586335132519403
seg_003992,sample_01330,New Life (take 1) - Bird Names,1,0.7804340124130249,cnn_revised_20260919T110440Z,cnn_s2_11,val,Log-Mel CNN,0.06682424247264862,0.13586335132519403
seg_003993,sample_01331,Norweigian Wood II - Bird Names,1,0.01146762352436781,cnn_revised_20260919T110440Z,cnn_s2_11,val,Log-Mel CNN,0.06682424247264862,0.13586335132519403
seg_003994,sample_01331,Norweigian Wood II - Bird Names,1,0.0023451661691069603,cnn_revised_20260919T110440Z,cnn_s2_11,val,Log-Mel CNN,0.06682424247264862,0.13586335132519403
seg_003995,sample_01331,Norweigian Wood II - Bird Names,1,0.3550806939601898,cnn_revised_20260919T110440Z,cnn_s2_11,val,Log-Mel CNN,0.06682424247264862,0.13586335132519403
seg_004020,sample_01340,Roller Star - Monroeville Music Center,1,0.9478958249092102,cnn_revised_20260919T110440Z,cnn_s2_11,val,Log-Mel CNN,0.06682424247264862,0.13586335132519403
seg_004021,sample_01340,Roller Star - Monroeville Music Center,1,0.9760943055152893,cnn_revised_20260919T110440Z,cnn_s2_11,val,Log-Mel CNN,0.06682424247264862,0.13586335132519403
seg_004022,sample_01340,Roller Star - Monroeville Music Center,1,0.987855851650238,cnn_revised_20260919T110440Z,cnn_s2_11,val,Log-Mel CNN,0.06682424247264862,0.13586335132519403
seg_004023,sample_01341,"Roundtrip - Oh Yeah, the Future",1,0.6942041516304016,cnn_revised_20260919T110440Z,cnn_s2_11,val,Log-Mel CNN,0.06682424247264862,0.13586335132519403
seg_004024,sample_01341,"Roundtrip - Oh Yeah, the Future",1,0.7174434065818787,cnn_revised_20260919T110440Z,cnn_s2_11,val,Log-Mel CNN,0.06682424247264862,0.13586335132519403
seg_004025,sample_01341,"Roundtrip - Oh Yeah, the Future",1,0.7868431210517883,cnn_revised_20260919T110440Z,cnn_s2_11,val,Log-Mel CNN,0.06682424247264862,0.13586335132519403
seg_004041,sample_01347,Soleares&beats - Malaventura,1,0.015374274924397469,cnn_revised_20260919T110440Z,cnn_s2_11,val,Log-Mel CNN,0.06682424247264862,0.13586335132519403
seg_004042,sample_01347,Soleares&beats - Malaventura,1,0.45482152700424194,cnn_revised_20260919T110440Z,cnn_s2_11,val,Log-Mel CNN,0.06682424247264862,0.13586335132519403
seg_004043,sample_01347,Soleares&beats - Malaventura,1,0.30935078859329224,cnn_revised_20260919T110440Z,cnn_s2_11,val,Log-Mel CNN,0.06682424247264862,0.13586335132519403
seg_004053,sample_01351,Stockholm Syndrome / People Should Be More Aware - Bird Names,1,0.08612636476755142,cnn_revised_20260919T110440Z,cnn_s2_11,val,Log-Mel CNN,0.06682424247264862,0.13586335132519403
seg_004054,sample_01351,Stockholm Syndrome / People Should Be More Aware - Bird Names,1,0.2713254392147064,cnn_revised_20260919T110440Z,cnn_s2_11,val,Log-Mel CNN,0.06682424247264862,0.13586335132519403
seg_004055,sample_01351,Stockholm Syndrome / People Should Be More Aware - Bird Names,1,0.999259889125824,cnn_revised_20260919T110440Z,cnn_s2_11,val,Log-Mel CNN,0.06682424247264862,0.13586335132519403
seg_004056,sample_01352,Stockholm Syndrome / People Should Be More Aware - Bird Names,1,0.13471165299415588,cnn_revised_20260919T110440Z,cnn_s2_11,val,Log-Mel CNN,0.06682424247264862,0.13586335132519403
seg_004057,sample_01352,Stockholm Syndrome / People Should Be More Aware - Bird Names,1,0.022044343873858452,cnn_revised_20260919T110440Z,cnn_s2_11,val,Log-Mel CNN,0.06682424247264862,0.13586335132519403
seg_004058,sample_01352,Stockholm Syndrome / People Should Be More Aware - Bird Names,1,0.0034332170616835356,cnn_revised_20260919T110440Z,cnn_s2_11,val,Log-Mel CNN,0.06682424247264862,0.13586335132519403
seg_004086,sample_01362,Time Is Love - Silence is full of birds,1,0.5979301333427429,cnn_revised_20260919T110440Z,cnn_s2_11,val,Log-Mel CNN,0.06682424247264862,0.13586335132519403
seg_004087,sample_01362,Time Is Love - Silence is full of birds,1,0.9371578097343445,cnn_revised_20260919T110440Z,cnn_s2_11,val,Log-Mel CNN,0.06682424247264862,0.13586335132519403
seg_004088,sample_01362,Time Is Love - Silence is full of birds,1,0.90915846824646,cnn_revised_20260919T110440Z,cnn_s2_11,val,Log-Mel CNN,0.06682424247264862,0.13586335132519403
seg_004116,sample_01372,2 (Wasn't There) - Isle of Pine,1,0.4031870365142822,cnn_revised_20260919T110440Z,cnn_s2_11,val,Log-Mel CNN,0.06682424247264862,0.13586335132519403
seg_004117,sample_01372,2 (Wasn't There) - Isle of Pine,1,0.010772934183478355,cnn_revised_20260919T110440Z,cnn_s2_11,val,Log-Mel CNN,0.06682424247264862,0.13586335132519403
seg_004118,sample_01372,2 (Wasn't There) - Isle of Pine,1,0.8735794425010681,cnn_revised_20260919T110440Z,cnn_s2_11,val,Log-Mel CNN,0.06682424247264862,0.13586335132519403
seg_004146,sample_01382,Beyond Luxury - Mors Ontologica,1,0.3223179578781128,cnn_revised_20260919T110440Z,cnn_s2_11,val,Log-Mel CNN,0.06682424247264862,0.13586335132519403
seg_004147,sample_01382,Beyond Luxury - Mors Ontologica,1,0.0645257756114006,cnn_revised_20260919T110440Z,cnn_s2_11,val,Log-Mel CNN,0.06682424247264862,0.13586335132519403
seg_004148,sample_01382,Beyond Luxury - Mors Ontologica,1,0.6304962635040283,cnn_revised_20260919T110440Z,cnn_s2_11,val,Log-Mel CNN,0.06682424247264862,0.13586335132519403
seg_004182,sample_01394,Empty Pockets - Pete Prodoehl,1,0.005071972031146288,cnn_revised_20260919T110440Z,cnn_s2_11,val,Log-Mel CNN,0.06682424247264862,0.13586335132519403
seg_004183,sample_01394,Empty Pockets - Pete Prodoehl,1,0.434824675321579,cnn_revised_20260919T110440Z,cnn_s2_11,val,Log-Mel CNN,0.06682424247264862,0.13586335132519403
seg_004184,sample_01394,Empty Pockets - Pete Prodoehl,1,0.9872696399688721,cnn_revised_20260919T110440Z,cnn_s2_11,val,Log-Mel CNN,0.06682424247264862,0.13586335132519403
seg_004191,sample_01397,Fear - Los Fancy Free,1,0.018729863688349724,cnn_revised_20260919T110440Z,cnn_s2_11,val,Log-Mel CNN,0.06682424247264862,0.13586335132519403
seg_004192,sample_01397,Fear - Los Fancy Free,1,0.03655542433261871,cnn_revised_20260919T110440Z,cnn_s2_11,val,Log-Mel CNN,0.06682424247264862,0.13586335132519403
seg_004193,sample_01397,Fear - Los Fancy Free,1,0.9599283933639526,cnn_revised_20260919T110440Z,cnn_s2_11,val,Log-Mel CNN,0.06682424247264862,0.13586335132519403
seg_004206,sample_01402,Gila Monster Flop/Music History Lesson:The Sonics - The Crypts!,1,0.5292050838470459,cnn_revised_20260919T110440Z,cnn_s2_11,val,Log-Mel CNN,0.06682424247264862,0.13586335132519403
seg_004207,sample_01402,Gila Monster Flop/Music History Lesson:The Sonics - The Crypts!,1,0.9386320114135742,cnn_revised_20260919T110440Z,cnn_s2_11,val,Log-Mel CNN,0.06682424247264862,0.13586335132519403
seg_004208,sample_01402,Gila Monster Flop/Music History Lesson:The Sonics - The Crypts!,1,0.5149235129356384,cnn_revised_20260919T110440Z,cnn_s2_11,val,Log-Mel CNN,0.06682424247264862,0.13586335132519403
seg_004245,sample_01415,I Fell - Mod Fun,1,0.6599777936935425,cnn_revised_20260919T110440Z,cnn_s2_11,val,Log-Mel CNN,0.06682424247264862,0.13586335132519403
seg_004246,sample_01415,I Fell - Mod Fun,1,0.9090757369995117,cnn_revised_20260919T110440Z,cnn_s2_11,val,Log-Mel CNN,0.06682424247264862,0.13586335132519403
seg_004247,sample_01415,I Fell - Mod Fun,1,0.9690089821815491,cnn_revised_20260919T110440Z,cnn_s2_11,val,Log-Mel CNN,0.06682424247264862,0.13586335132519403
seg_004275,sample_01425,Lights Up - Pipe Choir,1,0.11908148974180222,cnn_revised_20260919T110440Z,cnn_s2_11,val,Log-Mel CNN,0.06682424247264862,0.13586335132519403
seg_004276,sample_01425,Lights Up - Pipe Choir,1,0.5168091654777527,cnn_revised_20260919T110440Z,cnn_s2_11,val,Log-Mel CNN,0.06682424247264862,0.13586335132519403
seg_004277,sample_01425,Lights Up - Pipe Choir,1,0.3540067672729492,cnn_revised_20260919T110440Z,cnn_s2_11,val,Log-Mel CNN,0.06682424247264862,0.13586335132519403
seg_004287,sample_01429,March of the GPA Mechanics - [t]ghost,1,0.7414493560791016,cnn_revised_20260919T110440Z,cnn_s2_11,val,Log-Mel CNN,0.06682424247264862,0.13586335132519403
seg_004288,sample_01429,March of the GPA Mechanics - [t]ghost,1,0.8919612169265747,cnn_revised_20260919T110440Z,cnn_s2_11,val,Log-Mel CNN,0.06682424247264862,0.13586335132519403
seg_004289,sample_01429,March of the GPA Mechanics - [t]ghost,1,0.9373345375061035,cnn_revised_20260919T110440Z,cnn_s2_11,val,Log-Mel CNN,0.06682424247264862,0.13586335132519403
seg_004326,sample_01442,Redlight - Room For A Ghost,1,0.05502428486943245,cnn_revised_20260919T110440Z,cnn_s2_11,val,Log-Mel CNN,0.06682424247264862,0.13586335132519403
seg_004327,sample_01442,Redlight - Room For A Ghost,1,0.16118669509887695,cnn_revised_20260919T110440Z,cnn_s2_11,val,Log-Mel CNN,0.06682424247264862,0.13586335132519403
seg_004328,sample_01442,Redlight - Room For A Ghost,1,0.9714789390563965,cnn_revised_20260919T110440Z,cnn_s2_11,val,Log-Mel CNN,0.06682424247264862,0.13586335132519403
seg_004341,sample_01447,Scramby Eggs - Andy G. Cohen,1,0.5938962697982788,cnn_revised_20260919T110440Z,cnn_s2_11,val,Log-Mel CNN,0.06682424247264862,0.13586335132519403
seg_004342,sample_01447,Scramby Eggs - Andy G. Cohen,1,0.08599871397018433,cnn_revised_20260919T110440Z,cnn_s2_11,val,Log-Mel CNN,0.06682424247264862,0.13586335132519403
seg_004343,sample_01447,Scramby Eggs - Andy G. Cohen,1,0.8362663388252258,cnn_revised_20260919T110440Z,cnn_s2_11,val,Log-Mel CNN,0.06682424247264862,0.13586335132519403
seg_004353,sample_01451,Shipwrecked Crew - Pete Prodoehl,1,0.02545848675072193,cnn_revised_20260919T110440Z,cnn_s2_11,val,Log-Mel CNN,0.06682424247264862,0.13586335132519403
seg_004354,sample_01451,Shipwrecked Crew - Pete Prodoehl,1,0.5114135146141052,cnn_revised_20260919T110440Z,cnn_s2_11,val,Log-Mel CNN,0.06682424247264862,0.13586335132519403
seg_004355,sample_01451,Shipwrecked Crew - Pete Prodoehl,1,0.8023712635040283,cnn_revised_20260919T110440Z,cnn_s2_11,val,Log-Mel CNN,0.06682424247264862,0.13586335132519403
seg_004383,sample_01461,The girl just faded - Los Llamarada,1,0.02097492106258869,cnn_revised_20260919T110440Z,cnn_s2_11,val,Log-Mel CNN,0.06682424247264862,0.13586335132519403
seg_004384,sample_01461,The girl just faded - Los Llamarada,1,0.07364890724420547,cnn_revised_20260919T110440Z,cnn_s2_11,val,Log-Mel CNN,0.06682424247264862,0.13586335132519403
seg_004385,sample_01461,The girl just faded - Los Llamarada,1,0.0368671789765358,cnn_revised_20260919T110440Z,cnn_s2_11,val,Log-Mel CNN,0.06682424247264862,0.13586335132519403
seg_004401,sample_01467,Voxel - Andy G. Cohen,1,0.6472092866897583,cnn_revised_20260919T110440Z,cnn_s2_11,val,Log-Mel CNN,0.06682424247264862,0.13586335132519403
seg_004402,sample_01467,Voxel - Andy G. Cohen,1,0.39472442865371704,cnn_revised_20260919T110440Z,cnn_s2_11,val,Log-Mel CNN,0.06682424247264862,0.13586335132519403
seg_004403,sample_01467,Voxel - Andy G. Cohen,1,0.792940080165863,cnn_revised_20260919T110440Z,cnn_s2_11,val,Log-Mel CNN,0.06682424247264862,0.13586335132519403
seg_004425,sample_01475,Windows of the Skull - Sarin,1,0.02036413364112377,cnn_revised_20260919T110440Z,cnn_s2_11,val,Log-Mel CNN,0.06682424247264862,0.13586335132519403
seg_004426,sample_01475,Windows of the Skull - Sarin,1,0.8831120729446411,cnn_revised_20260919T110440Z,cnn_s2_11,val,Log-Mel CNN,0.06682424247264862,0.13586335132519403
seg_004427,sample_01475,Windows of the Skull - Sarin,1,0.7992013692855835,cnn_revised_20260919T110440Z,cnn_s2_11,val,Log-Mel CNN,0.06682424247264862,0.13586335132519403
seg_004464,sample_01488,Night Drive - Decktonic,1,0.9201176762580872,cnn_revised_20260919T110440Z,cnn_s2_11,val,Log-Mel CNN,0.06682424247264862,0.13586335132519403
seg_004465,sample_01488,Night Drive - Decktonic,1,0.9567461609840393,cnn_revised_20260919T110440Z,cnn_s2_11,val,Log-Mel CNN,0.06682424247264862,0.13586335132519403
seg_004466,sample_01488,Night Drive - Decktonic,1,0.7780821323394775,cnn_revised_20260919T110440Z,cnn_s2_11,val,Log-Mel CNN,0.06682424247264862,0.13586335132519403
seg_004521,sample_01507,Nuo Maisemat - Paavoharju,1,0.5407238006591797,cnn_revised_20260919T110440Z,cnn_s2_11,val,Log-Mel CNN,0.06682424247264862,0.13586335132519403
seg_004522,sample_01507,Nuo Maisemat - Paavoharju,1,0.07649002969264984,cnn_revised_20260919T110440Z,cnn_s2_11,val,Log-Mel CNN,0.06682424247264862,0.13586335132519403
seg_004523,sample_01507,Nuo Maisemat - Paavoharju,1,0.3958043158054352,cnn_revised_20260919T110440Z,cnn_s2_11,val,Log-Mel CNN,0.06682424247264862,0.13586335132519403
seg_004536,sample_01512,CopperNickle - UncleBibby,1,0.0027874198276549578,cnn_revised_20260919T110440Z,cnn_s2_11,val,Log-Mel CNN,0.06682424247264862,0.13586335132519403
seg_004537,sample_01512,CopperNickle - UncleBibby,1,0.04502631723880768,cnn_revised_20260919T110440Z,cnn_s2_11,val,Log-Mel CNN,0.06682424247264862,0.13586335132519403
seg_004538,sample_01512,CopperNickle - UncleBibby,1,0.027420490980148315,cnn_revised_20260919T110440Z,cnn_s2_11,val,Log-Mel CNN,0.06682424247264862,0.13586335132519403
seg_004539,sample_01513,Daylight Savings - My brother Daniel,1,0.03918619081377983,cnn_revised_20260919T110440Z,cnn_s2_11,val,Log-Mel CNN,0.06682424247264862,0.13586335132519403
seg_004540,sample_01513,Daylight Savings - My brother Daniel,1,0.024307120591402054,cnn_revised_20260919T110440Z,cnn_s2_11,val,Log-Mel CNN,0.06682424247264862,0.13586335132519403
seg_004541,sample_01513,Daylight Savings - My brother Daniel,1,0.006154960487037897,cnn_revised_20260919T110440Z,cnn_s2_11,val,Log-Mel CNN,0.06682424247264862,0.13586335132519403
seg_004542,sample_01514,mystery team 2090 - Jesse Futerman,1,0.6742113828659058,cnn_revised_20260919T110440Z,cnn_s2_11,val,Log-Mel CNN,0.06682424247264862,0.13586335132519403
seg_004543,sample_01514,mystery team 2090 - Jesse Futerman,1,0.9643919467926025,cnn_revised_20260919T110440Z,cnn_s2_11,val,Log-Mel CNN,0.06682424247264862,0.13586335132519403
seg_004544,sample_01514,mystery team 2090 - Jesse Futerman,1,0.8710485696792603,cnn_revised_20260919T110440Z,cnn_s2_11,val,Log-Mel CNN,0.06682424247264862,0.13586335132519403
seg_004575,sample_01525,SD (Ill Mix) - H-LR,1,0.05919163301587105,cnn_revised_20260919T110440Z,cnn_s2_11,val,Log-Mel CNN,0.06682424247264862,0.13586335132519403
seg_004576,sample_01525,SD (Ill Mix) - H-LR,1,0.28753888607025146,cnn_revised_20260919T110440Z,cnn_s2_11,val,Log-Mel CNN,0.06682424247264862,0.13586335132519403
seg_004577,sample_01525,SD (Ill Mix) - H-LR,1,0.2730160057544708,cnn_revised_20260919T110440Z,cnn_s2_11,val,Log-Mel CNN,0.06682424247264862,0.13586335132519403
seg_004590,sample_01530,Stockholm Syndrome / People Should Be More Aware - Bird Names,1,0.5145514607429504,cnn_revised_20260919T110440Z,cnn_s2_11,val,Log-Mel CNN,0.06682424247264862,0.13586335132519403
seg_004591,sample_01530,Stockholm Syndrome / People Should Be More Aware - Bird Names,1,0.2686857283115387,cnn_revised_20260919T110440Z,cnn_s2_11,val,Log-Mel CNN,0.06682424247264862,0.13586335132519403
seg_004592,sample_01530,Stockholm Syndrome / People Should Be More Aware - Bird Names,1,0.6004472374916077,cnn_revised_20260919T110440Z,cnn_s2_11,val,Log-Mel CNN,0.06682424247264862,0.13586335132519403
seg_004596,sample_01532,Time Is Love - Silence is full of birds,1,0.984574019908905,cnn_revised_20260919T110440Z,cnn_s2_11,val,Log-Mel CNN,0.06682424247264862,0.13586335132519403
seg_004597,sample_01532,Time Is Love - Silence is full of birds,1,0.996755063533783,cnn_revised_20260919T110440Z,cnn_s2_11,val,Log-Mel CNN,0.06682424247264862,0.13586335132519403
seg_004598,sample_01532,Time Is Love - Silence is full of birds,1,0.9994029998779297,cnn_revised_20260919T110440Z,cnn_s2_11,val,Log-Mel CNN,0.06682424247264862,0.13586335132519403
seg_004602,sample_01534,Roller Star - Monroeville Music Center,1,0.10997970402240753,cnn_revised_20260919T110440Z,cnn_s2_11,val,Log-Mel CNN,0.06682424247264862,0.13586335132519403
seg_004603,sample_01534,Roller Star - Monroeville Music Center,1,0.34797579050064087,cnn_revised_20260919T110440Z,cnn_s2_11,val,Log-Mel CNN,0.06682424247264862,0.13586335132519403
seg_004604,sample_01534,Roller Star - Monroeville Music Center,1,0.049201108515262604,cnn_revised_20260919T110440Z,cnn_s2_11,val,Log-Mel CNN,0.06682424247264862,0.13586335132519403
seg_004611,sample_01537,Soleares&beats - Malaventura,1,0.010677938349545002,cnn_revised_20260919T110440Z,cnn_s2_11,val,Log-Mel CNN,0.06682424247264862,0.13586335132519403
seg_004612,sample_01537,Soleares&beats - Malaventura,1,0.3725605607032776,cnn_revised_20260919T110440Z,cnn_s2_11,val,Log-Mel CNN,0.06682424247264862,0.13586335132519403
seg_004613,sample_01537,Soleares&beats - Malaventura,1,0.17638328671455383,cnn_revised_20260919T110440Z,cnn_s2_11,val,Log-Mel CNN,0.06682424247264862,0.13586335132519403
seg_004629,sample_01543,Evil Cannot Create - Caleb Lemond,1,0.19569732248783112,cnn_revised_20260919T110440Z,cnn_s2_11,val,Log-Mel CNN,0.06682424247264862,0.13586335132519403
seg_004630,sample_01543,Evil Cannot Create - Caleb Lemond,1,0.5854900479316711,cnn_revised_20260919T110440Z,cnn_s2_11,val,Log-Mel CNN,0.06682424247264862,0.13586335132519403
seg_004631,sample_01543,Evil Cannot Create - Caleb Lemond,1,0.04719378426671028,cnn_revised_20260919T110440Z,cnn_s2_11,val,Log-Mel CNN,0.06682424247264862,0.13586335132519403
seg_004647,sample_01549,"Roundtrip - Oh Yeah, the Future",1,0.15468540787696838,cnn_revised_20260919T110440Z,cnn_s2_11,val,Log-Mel CNN,0.06682424247264862,0.13586335132519403
seg_004648,sample_01549,"Roundtrip - Oh Yeah, the Future",1,0.4413754940032959,cnn_revised_20260919T110440Z,cnn_s2_11,val,Log-Mel CNN,0.06682424247264862,0.13586335132519403
seg_004649,sample_01549,"Roundtrip - Oh Yeah, the Future",1,0.5456559658050537,cnn_revised_20260919T110440Z,cnn_s2_11,val,Log-Mel CNN,0.06682424247264862,0.13586335132519403
seg_004692,sample_01564,Norweigian Wood II - Bird Names,1,0.4200398921966553,cnn_revised_20260919T110440Z,cnn_s2_11,val,Log-Mel CNN,0.06682424247264862,0.13586335132519403
seg_004693,sample_01564,Norweigian Wood II - Bird Names,1,0.2533344030380249,cnn_revised_20260919T110440Z,cnn_s2_11,val,Log-Mel CNN,0.06682424247264862,0.13586335132519403
seg_004694,sample_01564,Norweigian Wood II - Bird Names,1,0.5941789150238037,cnn_revised_20260919T110440Z,cnn_s2_11,val,Log-Mel CNN,0.06682424247264862,0.13586335132519403
seg_004695,sample_01565,New Life (take 1) - Bird Names,1,0.2264086753129959,cnn_revised_20260919T110440Z,cnn_s2_11,val,Log-Mel CNN,0.06682424247264862,0.13586335132519403
seg_004696,sample_01565,New Life (take 1) - Bird Names,1,0.4528133273124695,cnn_revised_20260919T110440Z,cnn_s2_11,val,Log-Mel CNN,0.06682424247264862,0.13586335132519403
seg_004697,sample_01565,New Life (take 1) - Bird Names,1,0.6051527857780457,cnn_revised_20260919T110440Z,cnn_s2_11,val,Log-Mel CNN,0.06682424247264862,0.13586335132519403
seg_004698,sample_01566,New Life (take 1) - Bird Names,1,0.4134675860404968,cnn_revised_20260919T110440Z,cnn_s2_11,val,Log-Mel CNN,0.06682424247264862,0.13586335132519403
seg_004699,sample_01566,New Life (take 1) - Bird Names,1,0.6826240420341492,cnn_revised_20260919T110440Z,cnn_s2_11,val,Log-Mel CNN,0.06682424247264862,0.13586335132519403
seg_004700,sample_01566,New Life (take 1) - Bird Names,1,0.5508140921592712,cnn_revised_20260919T110440Z,cnn_s2_11,val,Log-Mel CNN,0.06682424247264862,0.13586335132519403
seg_004779,sample_01593,Gila Monster Flop/Music History Lesson:The Sonics - The Crypts!,1,0.26910215616226196,cnn_revised_20260919T110440Z,cnn_s2_11,val,Log-Mel CNN,0.06682424247264862,0.13586335132519403
seg_004780,sample_01593,Gila Monster Flop/Music History Lesson:The Sonics - The Crypts!,1,0.1443587690591812,cnn_revised_20260919T110440Z,cnn_s2_11,val,Log-Mel CNN,0.06682424247264862,0.13586335132519403
seg_004781,sample_01593,Gila Monster Flop/Music History Lesson:The Sonics - The Crypts!,1,0.3294135332107544,cnn_revised_20260919T110440Z,cnn_s2_11,val,Log-Mel CNN,0.06682424247264862,0.13586335132519403
seg_004821,sample_01607,March of the GPA Mechanics - [t]ghost,1,0.004765139427036047,cnn_revised_20260919T110440Z,cnn_s2_11,val,Log-Mel CNN,0.06682424247264862,0.13586335132519403
seg_004822,sample_01607,March of the GPA Mechanics - [t]ghost,1,0.005533479619771242,cnn_revised_20260919T110440Z,cnn_s2_11,val,Log-Mel CNN,0.06682424247264862,0.13586335132519403
seg_004823,sample_01607,March of the GPA Mechanics - [t]ghost,1,0.10068873316049576,cnn_revised_20260919T110440Z,cnn_s2_11,val,Log-Mel CNN,0.06682424247264862,0.13586335132519403
seg_004824,sample_01608,Windows of the Skull - Sarin,1,0.3026788830757141,cnn_revised_20260919T110440Z,cnn_s2_11,val,Log-Mel CNN,0.06682424247264862,0.13586335132519403
seg_004825,sample_01608,Windows of the Skull - Sarin,1,0.37014448642730713,cnn_revised_20260919T110440Z,cnn_s2_11,val,Log-Mel CNN,0.06682424247264862,0.13586335132519403
seg_004826,sample_01608,Windows of the Skull - Sarin,1,0.5906347036361694,cnn_revised_20260919T110440Z,cnn_s2_11,val,Log-Mel CNN,0.06682424247264862,0.13586335132519403
seg_004830,sample_01610,Empty Pockets - Pete Prodoehl,1,0.18851788341999054,cnn_revised_20260919T110440Z,cnn_s2_11,val,Log-Mel CNN,0.06682424247264862,0.13586335132519403
seg_004831,sample_01610,Empty Pockets - Pete Prodoehl,1,0.4400709569454193,cnn_revised_20260919T110440Z,cnn_s2_11,val,Log-Mel CNN,0.06682424247264862,0.13586335132519403
seg_004832,sample_01610,Empty Pockets - Pete Prodoehl,1,0.7212177515029907,cnn_revised_20260919T110440Z,cnn_s2_11,val,Log-Mel CNN,0.06682424247264862,0.13586335132519403
seg_004836,sample_01612,Scramby Eggs - Andy G. Cohen,1,0.030244430527091026,cnn_revised_20260919T110440Z,cnn_s2_11,val,Log-Mel CNN,0.06682424247264862,0.13586335132519403
seg_004837,sample_01612,Scramby Eggs - Andy G. Cohen,1,0.2378690540790558,cnn_revised_20260919T110440Z,cnn_s2_11,val,Log-Mel CNN,0.06682424247264862,0.13586335132519403
seg_004838,sample_01612,Scramby Eggs - Andy G. Cohen,1,0.20213837921619415,cnn_revised_20260919T110440Z,cnn_s2_11,val,Log-Mel CNN,0.06682424247264862,0.13586335132519403
seg_004839,sample_01613,Voxel - Andy G. Cohen,1,0.051591552793979645,cnn_revised_20260919T110440Z,cnn_s2_11,val,Log-Mel CNN,0.06682424247264862,0.13586335132519403
seg_004840,sample_01613,Voxel - Andy G. Cohen,1,0.01976257562637329,cnn_revised_20260919T110440Z,cnn_s2_11,val,Log-Mel CNN,0.06682424247264862,0.13586335132519403
seg_004841,sample_01613,Voxel - Andy G. Cohen,1,0.21926350891590118,cnn_revised_20260919T110440Z,cnn_s2_11,val,Log-Mel CNN,0.06682424247264862,0.13586335132519403
seg_004845,sample_01615,The girl just faded - Los Llamarada,1,0.015899935737252235,cnn_revised_20260919T110440Z,cnn_s2_11,val,Log-Mel CNN,0.06682424247264862,0.13586335132519403
seg_004846,sample_01615,The girl just faded - Los Llamarada,1,0.03069167025387287,cnn_revised_20260919T110440Z,cnn_s2_11,val,Log-Mel CNN,0.06682424247264862,0.13586335132519403
seg_004847,sample_01615,The girl just faded - Los Llamarada,1,0.07017671316862106,cnn_revised_20260919T110440Z,cnn_s2_11,val,Log-Mel CNN,0.06682424247264862,0.13586335132519403
seg_004860,sample_01620,2 (Wasn't There) - Isle of Pine,1,0.6805269718170166,cnn_revised_20260919T110440Z,cnn_s2_11,val,Log-Mel CNN,0.06682424247264862,0.13586335132519403
seg_004861,sample_01620,2 (Wasn't There) - Isle of Pine,1,0.6578077077865601,cnn_revised_20260919T110440Z,cnn_s2_11,val,Log-Mel CNN,0.06682424247264862,0.13586335132519403
seg_004862,sample_01620,2 (Wasn't There) - Isle of Pine,1,0.831232488155365,cnn_revised_20260919T110440Z,cnn_s2_11,val,Log-Mel CNN,0.06682424247264862,0.13586335132519403
seg_004866,sample_01622,I Fell - Mod Fun,1,0.2454966902732849,cnn_revised_20260919T110440Z,cnn_s2_11,val,Log-Mel CNN,0.06682424247264862,0.13586335132519403
seg_004867,sample_01622,I Fell - Mod Fun,1,0.08222957700490952,cnn_revised_20260919T110440Z,cnn_s2_11,val,Log-Mel CNN,0.06682424247264862,0.13586335132519403
seg_004868,sample_01622,I Fell - Mod Fun,1,0.1675516963005066,cnn_revised_20260919T110440Z,cnn_s2_11,val,Log-Mel CNN,0.06682424247264862,0.13586335132519403
seg_004872,sample_01624,Новый Нью-Йорк 2 - Чокнутый Пропеллер,1,0.43584883213043213,cnn_revised_20260919T110440Z,cnn_s2_11,val,Log-Mel CNN,0.06682424247264862,0.13586335132519403
seg_004873,sample_01624,Новый Нью-Йорк 2 - Чокнутый Пропеллер,1,0.01367853581905365,cnn_revised_20260919T110440Z,cnn_s2_11,val,Log-Mel CNN,0.06682424247264862,0.13586335132519403
seg_004874,sample_01624,Новый Нью-Йорк 2 - Чокнутый Пропеллер,1,0.007864070124924183,cnn_revised_20260919T110440Z,cnn_s2_11,val,Log-Mel CNN,0.06682424247264862,0.13586335132519403
seg_004908,sample_01636,CopperNickle - UncleBibby,1,0.09646112471818924,cnn_revised_20260919T110440Z,cnn_s2_11,val,Log-Mel CNN,0.06682424247264862,0.13586335132519403
seg_004909,sample_01636,CopperNickle - UncleBibby,1,0.3647741973400116,cnn_revised_20260919T110440Z,cnn_s2_11,val,Log-Mel CNN,0.06682424247264862,0.13586335132519403
seg_004910,sample_01636,CopperNickle - UncleBibby,1,0.22345072031021118,cnn_revised_20260919T110440Z,cnn_s2_11,val,Log-Mel CNN,0.06682424247264862,0.13586335132519403
seg_004914,sample_01638,Daylight Savings - My brother Daniel,1,0.9781193733215332,cnn_revised_20260919T110440Z,cnn_s2_11,val,Log-Mel CNN,0.06682424247264862,0.13586335132519403
seg_004915,sample_01638,Daylight Savings - My brother Daniel,1,0.3328119218349457,cnn_revised_20260919T110440Z,cnn_s2_11,val,Log-Mel CNN,0.06682424247264862,0.13586335132519403
seg_004916,sample_01638,Daylight Savings - My brother Daniel,1,0.6132293343544006,cnn_revised_20260919T110440Z,cnn_s2_11,val,Log-Mel CNN,0.06682424247264862,0.13586335132519403
seg_004947,sample_01649,mystery team 2090 - Jesse Futerman,1,0.7900314927101135,cnn_revised_20260919T110440Z,cnn_s2_11,val,Log-Mel CNN,0.06682424247264862,0.13586335132519403
seg_004948,sample_01649,mystery team 2090 - Jesse Futerman,1,0.9382473826408386,cnn_revised_20260919T110440Z,cnn_s2_11,val,Log-Mel CNN,0.06682424247264862,0.13586335132519403
seg_004949,sample_01649,mystery team 2090 - Jesse Futerman,1,0.9152296781539917,cnn_revised_20260919T110440Z,cnn_s2_11,val,Log-Mel CNN,0.06682424247264862,0.13586335132519403
seg_004950,sample_01650,Night Drive - Decktonic,1,0.11772165447473526,cnn_revised_20260919T110440Z,cnn_s2_11,val,Log-Mel CNN,0.06682424247264862,0.13586335132519403
seg_004951,sample_01650,Night Drive - Decktonic,1,0.100827656686306,cnn_revised_20260919T110440Z,cnn_s2_11,val,Log-Mel CNN,0.06682424247264862,0.13586335132519403
seg_004952,sample_01650,Night Drive - Decktonic,1,0.7094933390617371,cnn_revised_20260919T110440Z,cnn_s2_11,val,Log-Mel CNN,0.06682424247264862,0.13586335132519403
seg_004959,sample_01653,Nuo Maisemat - Paavoharju,1,0.999824583530426,cnn_revised_20260919T110440Z,cnn_s2_11,val,Log-Mel CNN,0.06682424247264862,0.13586335132519403
seg_004960,sample_01653,Nuo Maisemat - Paavoharju,1,0.9450734257698059,cnn_revised_20260919T110440Z,cnn_s2_11,val,Log-Mel CNN,0.06682424247264862,0.13586335132519403
seg_004961,sample_01653,Nuo Maisemat - Paavoharju,1,0.9988077878952026,cnn_revised_20260919T110440Z,cnn_s2_11,val,Log-Mel CNN,0.06682424247264862,0.13586335132519403
seg_005001,sample_01667,SD (Ill Mix) - H-LR,1,0.9748345017433167,cnn_revised_20260919T110440Z,cnn_s2_11,val,Log-Mel CNN,0.06682424247264862,0.13586335132519403
seg_005002,sample_01667,SD (Ill Mix) - H-LR,1,0.912061870098114,cnn_revised_20260919T110440Z,cnn_s2_11,val,Log-Mel CNN,0.06682424247264862,0.13586335132519403
seg_005003,sample_01667,SD (Ill Mix) - H-LR,1,0.9998323917388916,cnn_revised_20260919T110440Z,cnn_s2_11,val,Log-Mel CNN,0.06682424247264862,0.13586335132519403
seg_005055,sample_01685,Evil Cannot Create - Caleb Lemond,1,0.5573853254318237,cnn_revised_20260919T110440Z,cnn_s2_11,val,Log-Mel CNN,0.06682424247264862,0.13586335132519403
seg_005056,sample_01685,Evil Cannot Create - Caleb Lemond,1,0.04915524274110794,cnn_revised_20260919T110440Z,cnn_s2_11,val,Log-Mel CNN,0.06682424247264862,0.13586335132519403
seg_005057,sample_01685,Evil Cannot Create - Caleb Lemond,1,0.01590604893863201,cnn_revised_20260919T110440Z,cnn_s2_11,val,Log-Mel CNN,0.06682424247264862,0.13586335132519403
seg_005111,sample_01704,New Life (take 1) - Bird Names,1,0.9804698824882507,cnn_revised_20260919T110440Z,cnn_s2_11,val,Log-Mel CNN,0.06682424247264862,0.13586335132519403
seg_005112,sample_01704,New Life (take 1) - Bird Names,1,0.9000135660171509,cnn_revised_20260919T110440Z,cnn_s2_11,val,Log-Mel CNN,0.06682424247264862,0.13586335132519403
seg_005113,sample_01704,New Life (take 1) - Bird Names,1,0.22246535122394562,cnn_revised_20260919T110440Z,cnn_s2_11,val,Log-Mel CNN,0.06682424247264862,0.13586335132519403
seg_005114,sample_01705,Norweigian Wood II - Bird Names,1,0.7573181986808777,cnn_revised_20260919T110440Z,cnn_s2_11,val,Log-Mel CNN,0.06682424247264862,0.13586335132519403
seg_005115,sample_01705,Norweigian Wood II - Bird Names,1,0.43661409616470337,cnn_revised_20260919T110440Z,cnn_s2_11,val,Log-Mel CNN,0.06682424247264862,0.13586335132519403
seg_005116,sample_01705,Norweigian Wood II - Bird Names,1,0.07878144085407257,cnn_revised_20260919T110440Z,cnn_s2_11,val,Log-Mel CNN,0.06682424247264862,0.13586335132519403
seg_005126,sample_01709,Roller Star - Monroeville Music Center,1,0.9220569133758545,cnn_revised_20260919T110440Z,cnn_s2_11,val,Log-Mel CNN,0.06682424247264862,0.13586335132519403
seg_005127,sample_01709,Roller Star - Monroeville Music Center,1,0.6705996990203857,cnn_revised_20260919T110440Z,cnn_s2_11,val,Log-Mel CNN,0.06682424247264862,0.13586335132519403
seg_005128,sample_01709,Roller Star - Monroeville Music Center,1,0.4514358341693878,cnn_revised_20260919T110440Z,cnn_s2_11,val,Log-Mel CNN,0.06682424247264862,0.13586335132519403
seg_005129,sample_01710,"Roundtrip - Oh Yeah, the Future",1,0.32284441590309143,cnn_revised_20260919T110440Z,cnn_s2_11,val,Log-Mel CNN,0.06682424247264862,0.13586335132519403
seg_005130,sample_01710,"Roundtrip - Oh Yeah, the Future",1,0.3354005217552185,cnn_revised_20260919T110440Z,cnn_s2_11,val,Log-Mel CNN,0.06682424247264862,0.13586335132519403
seg_005131,sample_01710,"Roundtrip - Oh Yeah, the Future",1,0.10392741858959198,cnn_revised_20260919T110440Z,cnn_s2_11,val,Log-Mel CNN,0.06682424247264862,0.13586335132519403
seg_005138,sample_01713,Soleares&beats - Malaventura,1,0.9350027441978455,cnn_revised_20260919T110440Z,cnn_s2_11,val,Log-Mel CNN,0.06682424247264862,0.13586335132519403
seg_005139,sample_01713,Soleares&beats - Malaventura,1,0.13843411207199097,cnn_revised_20260919T110440Z,cnn_s2_11,val,Log-Mel CNN,0.06682424247264862,0.13586335132519403
seg_005140,sample_01713,Soleares&beats - Malaventura,1,0.45662885904312134,cnn_revised_20260919T110440Z,cnn_s2_11,val,Log-Mel CNN,0.06682424247264862,0.13586335132519403
seg_005147,sample_01716,Stockholm Syndrome / People Should Be More Aware - Bird Names,1,0.8452966213226318,cnn_revised_20260919T110440Z,cnn_s2_11,val,Log-Mel CNN,0.06682424247264862,0.13586335132519403
seg_005148,sample_01716,Stockholm Syndrome / People Should Be More Aware - Bird Names,1,0.916840672492981,cnn_revised_20260919T110440Z,cnn_s2_11,val,Log-Mel CNN,0.06682424247264862,0.13586335132519403
seg_005149,sample_01716,Stockholm Syndrome / People Should Be More Aware - Bird Names,1,0.9581021666526794,cnn_revised_20260919T110440Z,cnn_s2_11,val,Log-Mel CNN,0.06682424247264862,0.13586335132519403
seg_005168,sample_01723,Time Is Love - Silence is full of birds,1,0.615725576877594,cnn_revised_20260919T110440Z,cnn_s2_11,val,Log-Mel CNN,0.06682424247264862,0.13586335132519403
seg_005169,sample_01723,Time Is Love - Silence is full of birds,1,0.19416439533233643,cnn_revised_20260919T110440Z,cnn_s2_11,val,Log-Mel CNN,0.06682424247264862,0.13586335132519403
seg_005170,sample_01723,Time Is Love - Silence is full of birds,1,0.6499239802360535,cnn_revised_20260919T110440Z,cnn_s2_11,val,Log-Mel CNN,0.06682424247264862,0.13586335132519403
seg_005188,sample_01730,2 (Wasn't There) - Isle of Pine,1,0.9783278107643127,cnn_revised_20260919T110440Z,cnn_s2_11,val,Log-Mel CNN,0.06682424247264862,0.13586335132519403
seg_005189,sample_01730,2 (Wasn't There) - Isle of Pine,1,0.21444793045520782,cnn_revised_20260919T110440Z,cnn_s2_11,val,Log-Mel CNN,0.06682424247264862,0.13586335132519403
seg_005190,sample_01730,2 (Wasn't There) - Isle of Pine,1,0.9975820779800415,cnn_revised_20260919T110440Z,cnn_s2_11,val,Log-Mel CNN,0.06682424247264862,0.13586335132519403
seg_005203,sample_01735,Empty Pockets - Pete Prodoehl,1,0.9949860572814941,cnn_revised_20260919T110440Z,cnn_s2_11,val,Log-Mel CNN,0.06682424247264862,0.13586335132519403
seg_005204,sample_01735,Empty Pockets - Pete Prodoehl,1,0.9956673383712769,cnn_revised_20260919T110440Z,cnn_s2_11,val,Log-Mel CNN,0.06682424247264862,0.13586335132519403
seg_005205,sample_01735,Empty Pockets - Pete Prodoehl,1,0.9995540976524353,cnn_revised_20260919T110440Z,cnn_s2_11,val,Log-Mel CNN,0.06682424247264862,0.13586335132519403
seg_005212,sample_01738,Gila Monster Flop/Music History Lesson:The Sonics - The Crypts!,1,0.93418949842453,cnn_revised_20260919T110440Z,cnn_s2_11,val,Log-Mel CNN,0.06682424247264862,0.13586335132519403
seg_005213,sample_01738,Gila Monster Flop/Music History Lesson:The Sonics - The Crypts!,1,0.6318951845169067,cnn_revised_20260919T110440Z,cnn_s2_11,val,Log-Mel CNN,0.06682424247264862,0.13586335132519403
seg_005214,sample_01738,Gila Monster Flop/Music History Lesson:The Sonics - The Crypts!,1,0.7343477606773376,cnn_revised_20260919T110440Z,cnn_s2_11,val,Log-Mel CNN,0.06682424247264862,0.13586335132519403
seg_005221,sample_01741,I Fell - Mod Fun,1,0.723082959651947,cnn_revised_20260919T110440Z,cnn_s2_11,val,Log-Mel CNN,0.06682424247264862,0.13586335132519403
seg_005222,sample_01741,I Fell - Mod Fun,1,0.9887768626213074,cnn_revised_20260919T110440Z,cnn_s2_11,val,Log-Mel CNN,0.06682424247264862,0.13586335132519403
seg_005223,sample_01741,I Fell - Mod Fun,1,0.11065395176410675,cnn_revised_20260919T110440Z,cnn_s2_11,val,Log-Mel CNN,0.06682424247264862,0.13586335132519403
seg_005245,sample_01749,March of the GPA Mechanics - [t]ghost,1,0.7164567112922668,cnn_revised_20260919T110440Z,cnn_s2_11,val,Log-Mel CNN,0.06682424247264862,0.13586335132519403
seg_005246,sample_01749,March of the GPA Mechanics - [t]ghost,1,0.4454706609249115,cnn_revised_20260919T110440Z,cnn_s2_11,val,Log-Mel CNN,0.06682424247264862,0.13586335132519403
seg_005247,sample_01749,March of the GPA Mechanics - [t]ghost,1,0.9558150172233582,cnn_revised_20260919T110440Z,cnn_s2_11,val,Log-Mel CNN,0.06682424247264862,0.13586335132519403
seg_005274,sample_01759,Scramby Eggs - Andy G. Cohen,1,0.9272016286849976,cnn_revised_20260919T110440Z,cnn_s2_11,val,Log-Mel CNN,0.06682424247264862,0.13586335132519403
seg_005275,sample_01759,Scramby Eggs - Andy G. Cohen,1,0.31535953283309937,cnn_revised_20260919T110440Z,cnn_s2_11,val,Log-Mel CNN,0.06682424247264862,0.13586335132519403
seg_005276,sample_01759,Scramby Eggs - Andy G. Cohen,1,0.9237748384475708,cnn_revised_20260919T110440Z,cnn_s2_11,val,Log-Mel CNN,0.06682424247264862,0.13586335132519403
seg_005301,sample_01768,The girl just faded - Los Llamarada,1,0.9960047602653503,cnn_revised_20260919T110440Z,cnn_s2_11,val,Log-Mel CNN,0.06682424247264862,0.13586335132519403
seg_005302,sample_01768,The girl just faded - Los Llamarada,1,0.7893355488777161,cnn_revised_20260919T110440Z,cnn_s2_11,val,Log-Mel CNN,0.06682424247264862,0.13586335132519403
seg_005303,sample_01768,The girl just faded - Los Llamarada,1,0.998085618019104,cnn_revised_20260919T110440Z,cnn_s2_11,val,Log-Mel CNN,0.06682424247264862,0.13586335132519403
seg_005310,sample_01771,Voxel - Andy G. Cohen,1,0.4573076367378235,cnn_revised_20260919T110440Z,cnn_s2_11,val,Log-Mel CNN,0.06682424247264862,0.13586335132519403
seg_005311,sample_01771,Voxel - Andy G. Cohen,1,0.9070518612861633,cnn_revised_20260919T110440Z,cnn_s2_11,val,Log-Mel CNN,0.06682424247264862,0.13586335132519403
seg_005312,sample_01771,Voxel - Andy G. Cohen,1,0.4172305464744568,cnn_revised_20260919T110440Z,cnn_s2_11,val,Log-Mel CNN,0.06682424247264862,0.13586335132519403
seg_005322,sample_01775,Windows of the Skull - Sarin,1,0.9926746487617493,cnn_revised_20260919T110440Z,cnn_s2_11,val,Log-Mel CNN,0.06682424247264862,0.13586335132519403
seg_005323,sample_01775,Windows of the Skull - Sarin,1,0.17603589594364166,cnn_revised_20260919T110440Z,cnn_s2_11,val,Log-Mel CNN,0.06682424247264862,0.13586335132519403
seg_005324,sample_01775,Windows of the Skull - Sarin,1,0.1812104731798172,cnn_revised_20260919T110440Z,cnn_s2_11,val,Log-Mel CNN,0.06682424247264862,0.13586335132519403
seg_005331,sample_01778,Новый Нью-Йорк 2 - Чокнутый Пропеллер,1,0.22791816294193268,cnn_revised_20260919T110440Z,cnn_s2_11,val,Log-Mel CNN,0.06682424247264862,0.13586335132519403
seg_005332,sample_01778,Новый Нью-Йорк 2 - Чокнутый Пропеллер,1,0.10762253403663635,cnn_revised_20260919T110440Z,cnn_s2_11,val,Log-Mel CNN,0.06682424247264862,0.13586335132519403
seg_005333,sample_01778,Новый Нью-Йорк 2 - Чокнутый Пропеллер,1,0.1712358295917511,cnn_revised_20260919T110440Z,cnn_s2_11,val,Log-Mel CNN,0.06682424247264862,0.13586335132519403
seg_005372,sample_01798,CopperNickle - UncleBibby,1,0.9425826668739319,cnn_revised_20260919T110440Z,cnn_s2_11,val,Log-Mel CNN,0.06682424247264862,0.13586335132519403
seg_005373,sample_01798,CopperNickle - UncleBibby,1,0.9750636219978333,cnn_revised_20260919T110440Z,cnn_s2_11,val,Log-Mel CNN,0.06682424247264862,0.13586335132519403
seg_005378,sample_01801,Daylight Savings - My brother Daniel,1,0.9182249903678894,cnn_revised_20260919T110440Z,cnn_s2_11,val,Log-Mel CNN,0.06682424247264862,0.13586335132519403
seg_005379,sample_01801,Daylight Savings - My brother Daniel,1,0.9212184548377991,cnn_revised_20260919T110440Z,cnn_s2_11,val,Log-Mel CNN,0.06682424247264862,0.13586335132519403
seg_005396,sample_01810,Fifth Ramble - From the album Keith [RSVP007] - My brother Daniel,1,0.8561092019081116,cnn_revised_20260919T110440Z,cnn_s2_11,val,Log-Mel CNN,0.06682424247264862,0.13586335132519403
seg_005397,sample_01810,Fifth Ramble - From the album Keith [RSVP007] - My brother Daniel,1,0.9971544742584229,cnn_revised_20260919T110440Z,cnn_s2_11,val,Log-Mel CNN,0.06682424247264862,0.13586335132519403
seg_005412,sample_01818,If You're Ther - Nicola Ratti,1,0.5644019842147827,cnn_revised_20260919T110440Z,cnn_s2_11,val,Log-Mel CNN,0.06682424247264862,0.13586335132519403
seg_005413,sample_01818,If You're Ther - Nicola Ratti,1,0.9285615086555481,cnn_revised_20260919T110440Z,cnn_s2_11,val,Log-Mel CNN,0.06682424247264862,0.13586335132519403
seg_005428,sample_01826,Kumorizoranohajimarutokoro - Hosomi,1,0.8673921227455139,cnn_revised_20260919T110440Z,cnn_s2_11,val,Log-Mel CNN,0.06682424247264862,0.13586335132519403
seg_005429,sample_01826,Kumorizoranohajimarutokoro - Hosomi,1,0.8106253147125244,cnn_revised_20260919T110440Z,cnn_s2_11,val,Log-Mel CNN,0.06682424247264862,0.13586335132519403
seg_005446,sample_01835,Loved Ones - Rowan Box,1,0.9681230187416077,cnn_revised_20260919T110440Z,cnn_s2_11,val,Log-Mel CNN,0.06682424247264862,0.13586335132519403
seg_005447,sample_01835,Loved Ones - Rowan Box,1,0.9820807576179504,cnn_revised_20260919T110440Z,cnn_s2_11,val,Log-Mel CNN,0.06682424247264862,0.13586335132519403
seg_005448,sample_01836,Morning Bell - Nihilore,1,0.6816812753677368,cnn_revised_20260919T110440Z,cnn_s2_11,val,Log-Mel CNN,0.06682424247264862,0.13586335132519403
seg_005449,sample_01836,Morning Bell - Nihilore,1,0.8606173992156982,cnn_revised_20260919T110440Z,cnn_s2_11,val,Log-Mel CNN,0.06682424247264862,0.13586335132519403
seg_005450,sample_01837,mystery team 2090 - Jesse Futerman,1,0.3955432176589966,cnn_revised_20260919T110440Z,cnn_s2_11,val,Log-Mel CNN,0.06682424247264862,0.13586335132519403
seg_005451,sample_01837,mystery team 2090 - Jesse Futerman,1,0.4787646532058716,cnn_revised_20260919T110440Z,cnn_s2_11,val,Log-Mel CNN,0.06682424247264862,0.13586335132519403
seg_005452,sample_01838,Night Drive - Decktonic,1,0.8456815481185913,cnn_revised_20260919T110440Z,cnn_s2_11,val,Log-Mel CNN,0.06682424247264862,0.13586335132519403
seg_005453,sample_01838,Night Drive - Decktonic,1,0.886617124080658,cnn_revised_20260919T110440Z,cnn_s2_11,val,Log-Mel CNN,0.06682424247264862,0.13586335132519403
seg_005460,sample_01842,Nuo Maisemat - Paavoharju,1,0.9231864809989929,cnn_revised_20260919T110440Z,cnn_s2_11,val,Log-Mel CNN,0.06682424247264862,0.13586335132519403
seg_005461,sample_01842,Nuo Maisemat - Paavoharju,1,0.9914016127586365,cnn_revised_20260919T110440Z,cnn_s2_11,val,Log-Mel CNN,0.06682424247264862,0.13586335132519403
seg_005494,sample_01859,SD (Ill Mix) - H-LR,1,0.5264209508895874,cnn_revised_20260919T110440Z,cnn_s2_11,val,Log-Mel CNN,0.06682424247264862,0.13586335132519403
seg_005495,sample_01859,SD (Ill Mix) - H-LR,1,0.2771683633327484,cnn_revised_20260919T110440Z,cnn_s2_11,val,Log-Mel CNN,0.06682424247264862,0.13586335132519403
seg_005503,sample_01864,some dextromethorphan - Jeva,1,0.9760509133338928,cnn_revised_20260919T110440Z,cnn_s2_11,val,Log-Mel CNN,0.06682424247264862,0.13586335132519403
seg_005504,sample_01864,some dextromethorphan - Jeva,1,0.9671691060066223,cnn_revised_20260919T110440Z,cnn_s2_11,val,Log-Mel CNN,0.06682424247264862,0.13586335132519403
seg_005509,sample_01867,Sturgeon's Law - Nihilore,1,0.35232022404670715,cnn_revised_20260919T110440Z,cnn_s2_11,val,Log-Mel CNN,0.06682424247264862,0.13586335132519403
seg_005510,sample_01867,Sturgeon's Law - Nihilore,1,0.4176144003868103,cnn_revised_20260919T110440Z,cnn_s2_11,val,Log-Mel CNN,0.06682424247264862,0.13586335132519403
seg_005533,sample_01879,The Stairway - WarpToken,1,0.8557313084602356,cnn_revised_20260919T110440Z,cnn_s2_11,val,Log-Mel CNN,0.06682424247264862,0.13586335132519403
seg_005534,sample_01879,The Stairway - WarpToken,1,0.23260512948036194,cnn_revised_20260919T110440Z,cnn_s2_11,val,Log-Mel CNN,0.06682424247264862,0.13586335132519403
seg_005535,sample_01880,Three Bird - My brother Daniel,1,0.7963265180587769,cnn_revised_20260919T110440Z,cnn_s2_11,val,Log-Mel CNN,0.06682424247264862,0.13586335132519403
seg_005536,sample_01880,Three Bird - My brother Daniel,1,0.973494291305542,cnn_revised_20260919T110440Z,cnn_s2_11,val,Log-Mel CNN,0.06682424247264862,0.13586335132519403
seg_005537,sample_01881,Timen Passing By - Jason Shaw,1,0.7839927673339844,cnn_revised_20260919T110440Z,cnn_s2_11,val,Log-Mel CNN,0.06682424247264862,0.13586335132519403
seg_005538,sample_01881,Timen Passing By - Jason Shaw,1,0.5026772022247314,cnn_revised_20260919T110440Z,cnn_s2_11,val,Log-Mel CNN,0.06682424247264862,0.13586335132519403
seg_005549,sample_01887,Understand That This Is A Dream - From the album Modulating Coil [RSVP008] - Forrest James,1,0.28408241271972656,cnn_revised_20260919T110440Z,cnn_s2_11,val,Log-Mel CNN,0.06682424247264862,0.13586335132519403
seg_005550,sample_01887,Understand That This Is A Dream - From the album Modulating Coil [RSVP008] - Forrest James,1,0.6988714933395386,cnn_revised_20260919T110440Z,cnn_s2_11,val,Log-Mel CNN,0.06682424247264862,0.13586335132519403
seg_005555,sample_01890,Westside Chillers - Little Glass Men,1,0.5016553997993469,cnn_revised_20260919T110440Z,cnn_s2_11,val,Log-Mel CNN,0.06682424247264862,0.13586335132519403
seg_005556,sample_01890,Westside Chillers - Little Glass Men,1,0.5869942903518677,cnn_revised_20260919T110440Z,cnn_s2_11,val,Log-Mel CNN,0.06682424247264862,0.13586335132519403
seg_005565,sample_01895,Agora - Malaventura,1,0.9296027421951294,cnn_revised_20260919T110440Z,cnn_s2_11,val,Log-Mel CNN,0.06682424247264862,0.13586335132519403
seg_005566,sample_01895,Agora - Malaventura,1,0.8863509297370911,cnn_revised_20260919T110440Z,cnn_s2_11,val,Log-Mel CNN,0.06682424247264862,0.13586335132519403
seg_005583,sample_01904,Evil Cannot Create - Caleb Lemond,1,0.8928552269935608,cnn_revised_20260919T110440Z,cnn_s2_11,val,Log-Mel CNN,0.06682424247264862,0.13586335132519403
seg_005584,sample_01904,Evil Cannot Create - Caleb Lemond,1,0.8489546179771423,cnn_revised_20260919T110440Z,cnn_s2_11,val,Log-Mel CNN,0.06682424247264862,0.13586335132519403
seg_005621,sample_01923,My Body Is A Weapon (Compromise Edit) - Silence is full of birds,1,0.7588099241256714,cnn_revised_20260919T110440Z,cnn_s2_11,val,Log-Mel CNN,0.06682424247264862,0.13586335132519403
seg_005622,sample_01923,My Body Is A Weapon (Compromise Edit) - Silence is full of birds,1,0.7202032804489136,cnn_revised_20260919T110440Z,cnn_s2_11,val,Log-Mel CNN,0.06682424247264862,0.13586335132519403
seg_005627,sample_01926,New Life (take 1) - Bird Names,1,0.7351694703102112,cnn_revised_20260919T110440Z,cnn_s2_11,val,Log-Mel CNN,0.06682424247264862,0.13586335132519403
seg_005628,sample_01926,New Life (take 1) - Bird Names,1,0.9070343971252441,cnn_revised_20260919T110440Z,cnn_s2_11,val,Log-Mel CNN,0.06682424247264862,0.13586335132519403
seg_005629,sample_01927,Norweigian Wood II - Bird Names,1,0.9768844246864319,cnn_revised_20260919T110440Z,cnn_s2_11,val,Log-Mel CNN,0.06682424247264862,0.13586335132519403
seg_005630,sample_01927,Norweigian Wood II - Bird Names,1,0.9965811371803284,cnn_revised_20260919T110440Z,cnn_s2_11,val,Log-Mel CNN,0.06682424247264862,0.13586335132519403
seg_005645,sample_01935,Roller Star - Monroeville Music Center,1,0.38194432854652405,cnn_revised_20260919T110440Z,cnn_s2_11,val,Log-Mel CNN,0.06682424247264862,0.13586335132519403
seg_005646,sample_01935,Roller Star - Monroeville Music Center,1,0.3832588195800781,cnn_revised_20260919T110440Z,cnn_s2_11,val,Log-Mel CNN,0.06682424247264862,0.13586335132519403
seg_005647,sample_01936,"Roundtrip - Oh Yeah, the Future",1,0.425993412733078,cnn_revised_20260919T110440Z,cnn_s2_11,val,Log-Mel CNN,0.06682424247264862,0.13586335132519403
seg_005648,sample_01936,"Roundtrip - Oh Yeah, the Future",1,0.6605300903320312,cnn_revised_20260919T110440Z,cnn_s2_11,val,Log-Mel CNN,0.06682424247264862,0.13586335132519403
seg_005657,sample_01941,Soleares&beats - Malaventura,1,0.9817624092102051,cnn_revised_20260919T110440Z,cnn_s2_11,val,Log-Mel CNN,0.06682424247264862,0.13586335132519403
seg_005658,sample_01941,Soleares&beats - Malaventura,1,0.996311604976654,cnn_revised_20260919T110440Z,cnn_s2_11,val,Log-Mel CNN,0.06682424247264862,0.13586335132519403
seg_005665,sample_01945,Stockholm Syndrome / People Should Be More Aware - Bird Names,1,0.717359721660614,cnn_revised_20260919T110440Z,cnn_s2_11,val,Log-Mel CNN,0.06682424247264862,0.13586335132519403
seg_005666,sample_01945,Stockholm Syndrome / People Should Be More Aware - Bird Names,1,0.901483416557312,cnn_revised_20260919T110440Z,cnn_s2_11,val,Log-Mel CNN,0.06682424247264862,0.13586335132519403
seg_005685,sample_01955,Time Is Love - Silence is full of birds,1,0.9767926335334778,cnn_revised_20260919T110440Z,cnn_s2_11,val,Log-Mel CNN,0.06682424247264862,0.13586335132519403
seg_005686,sample_01955,Time Is Love - Silence is full of birds,1,0.9954847097396851,cnn_revised_20260919T110440Z,cnn_s2_11,val,Log-Mel CNN,0.06682424247264862,0.13586335132519403
seg_005703,sample_01964,2 (Wasn't There) - Isle of Pine,1,0.9736207127571106,cnn_revised_20260919T110440Z,cnn_s2_11,val,Log-Mel CNN,0.06682424247264862,0.13586335132519403
seg_005704,sample_01964,2 (Wasn't There) - Isle of Pine,1,0.9847241640090942,cnn_revised_20260919T110440Z,cnn_s2_11,val,Log-Mel CNN,0.06682424247264862,0.13586335132519403
seg_005723,sample_01974,Beyond Luxury - Mors Ontologica,1,0.8939598202705383,cnn_revised_20260919T110440Z,cnn_s2_11,val,Log-Mel CNN,0.06682424247264862,0.13586335132519403
seg_005724,sample_01974,Beyond Luxury - Mors Ontologica,1,0.9845790863037109,cnn_revised_20260919T110440Z,cnn_s2_11,val,Log-Mel CNN,0.06682424247264862,0.13586335132519403
seg_005747,sample_01986,Empty Pockets - Pete Prodoehl,1,0.9556614756584167,cnn_revised_20260919T110440Z,cnn_s2_11,val,Log-Mel CNN,0.06682424247264862,0.13586335132519403
seg_005748,sample_01986,Empty Pockets - Pete Prodoehl,1,0.9884305000305176,cnn_revised_20260919T110440Z,cnn_s2_11,val,Log-Mel CNN,0.06682424247264862,0.13586335132519403
seg_005753,sample_01989,Fear - Los Fancy Free,1,0.926314651966095,cnn_revised_20260919T110440Z,cnn_s2_11,val,Log-Mel CNN,0.06682424247264862,0.13586335132519403
seg_005754,sample_01989,Fear - Los Fancy Free,1,0.9794459939002991,cnn_revised_20260919T110440Z,cnn_s2_11,val,Log-Mel CNN,0.06682424247264862,0.13586335132519403
seg_005763,sample_01994,Gila Monster Flop/Music History Lesson:The Sonics - The Crypts!,1,0.9917982816696167,cnn_revised_20260919T110440Z,cnn_s2_11,val,Log-Mel CNN,0.06682424247264862,0.13586335132519403
seg_005788,sample_02007,I Fell - Mod Fun,1,0.46000272035598755,cnn_revised_20260919T110440Z,cnn_s2_11,val,Log-Mel CNN,0.06682424247264862,0.13586335132519403
seg_005789,sample_02007,I Fell - Mod Fun,1,0.9870803952217102,cnn_revised_20260919T110440Z,cnn_s2_11,val,Log-Mel CNN,0.06682424247264862,0.13586335132519403
seg_005808,sample_02017,Lights Up - Pipe Choir,1,0.9472082853317261,cnn_revised_20260919T110440Z,cnn_s2_11,val,Log-Mel CNN,0.06682424247264862,0.13586335132519403
seg_005809,sample_02017,Lights Up - Pipe Choir,1,0.9380337595939636,cnn_revised_20260919T110440Z,cnn_s2_11,val,Log-Mel CNN,0.06682424247264862,0.13586335132519403
seg_005816,sample_02021,March of the GPA Mechanics - [t]ghost,1,0.5276320576667786,cnn_revised_20260919T110440Z,cnn_s2_11,val,Log-Mel CNN,0.06682424247264862,0.13586335132519403
seg_005817,sample_02021,March of the GPA Mechanics - [t]ghost,1,0.6171905994415283,cnn_revised_20260919T110440Z,cnn_s2_11,val,Log-Mel CNN,0.06682424247264862,0.13586335132519403
seg_005842,sample_02034,Redlight - Room For A Ghost,1,0.9426662921905518,cnn_revised_20260919T110440Z,cnn_s2_11,val,Log-Mel CNN,0.06682424247264862,0.13586335132519403
seg_005843,sample_02034,Redlight - Room For A Ghost,1,0.9933302998542786,cnn_revised_20260919T110440Z,cnn_s2_11,val,Log-Mel CNN,0.06682424247264862,0.13586335132519403
seg_005852,sample_02039,Scramby Eggs - Andy G. Cohen,1,0.4642229974269867,cnn_revised_20260919T110440Z,cnn_s2_11,val,Log-Mel CNN,0.06682424247264862,0.13586335132519403
seg_005853,sample_02039,Scramby Eggs - Andy G. Cohen,1,0.9013025164604187,cnn_revised_20260919T110440Z,cnn_s2_11,val,Log-Mel CNN,0.06682424247264862,0.13586335132519403
seg_005860,sample_02043,Shipwrecked Crew - Pete Prodoehl,1,0.7035139799118042,cnn_revised_20260919T110440Z,cnn_s2_11,val,Log-Mel CNN,0.06682424247264862,0.13586335132519403
seg_005861,sample_02043,Shipwrecked Crew - Pete Prodoehl,1,0.9619623422622681,cnn_revised_20260919T110440Z,cnn_s2_11,val,Log-Mel CNN,0.06682424247264862,0.13586335132519403
seg_005880,sample_02053,The girl just faded - Los Llamarada,1,0.9990229606628418,cnn_revised_20260919T110440Z,cnn_s2_11,val,Log-Mel CNN,0.06682424247264862,0.13586335132519403
seg_005881,sample_02053,The girl just faded - Los Llamarada,1,0.9994705319404602,cnn_revised_20260919T110440Z,cnn_s2_11,val,Log-Mel CNN,0.06682424247264862,0.13586335132519403
seg_005892,sample_02059,Voxel - Andy G. Cohen,1,0.5513836741447449,cnn_revised_20260919T110440Z,cnn_s2_11,val,Log-Mel CNN,0.06682424247264862,0.13586335132519403
seg_005893,sample_02059,Voxel - Andy G. Cohen,1,0.6054475903511047,cnn_revised_20260919T110440Z,cnn_s2_11,val,Log-Mel CNN,0.06682424247264862,0.13586335132519403
seg_005908,sample_02067,Windows of the Skull - Sarin,1,0.8697680234909058,cnn_revised_20260919T110440Z,cnn_s2_11,val,Log-Mel CNN,0.06682424247264862,0.13586335132519403
seg_005909,sample_02067,Windows of the Skull - Sarin,1,0.9657662510871887,cnn_revised_20260919T110440Z,cnn_s2_11,val,Log-Mel CNN,0.06682424247264862,0.13586335132519403
seg_005964,sample_02087,CopperNickle - UncleBibby,1,0.05054706335067749,cnn_revised_20260919T110440Z,cnn_s2_11,val,Log-Mel CNN,0.06682424247264862,0.13586335132519403
seg_005965,sample_02087,CopperNickle - UncleBibby,1,0.21441948413848877,cnn_revised_20260919T110440Z,cnn_s2_11,val,Log-Mel CNN,0.06682424247264862,0.13586335132519403
seg_005966,sample_02087,CopperNickle - UncleBibby,1,0.3724576234817505,cnn_revised_20260919T110440Z,cnn_s2_11,val,Log-Mel CNN,0.06682424247264862,0.13586335132519403
seg_005967,sample_02088,CopperNickle - UncleBibby,1,0.0329027958214283,cnn_revised_20260919T110440Z,cnn_s2_11,val,Log-Mel CNN,0.06682424247264862,0.13586335132519403
seg_005968,sample_02088,CopperNickle - UncleBibby,1,0.32442402839660645,cnn_revised_20260919T110440Z,cnn_s2_11,val,Log-Mel CNN,0.06682424247264862,0.13586335132519403
seg_005969,sample_02088,CopperNickle - UncleBibby,1,0.06618078052997589,cnn_revised_20260919T110440Z,cnn_s2_11,val,Log-Mel CNN,0.06682424247264862,0.13586335132519403
seg_005976,sample_02091,Daylight Savings - My brother Daniel,1,0.0024345996789634228,cnn_revised_20260919T110440Z,cnn_s2_11,val,Log-Mel CNN,0.06682424247264862,0.13586335132519403
seg_005977,sample_02091,Daylight Savings - My brother Daniel,1,0.014349494129419327,cnn_revised_20260919T110440Z,cnn_s2_11,val,Log-Mel CNN,0.06682424247264862,0.13586335132519403
seg_005978,sample_02091,Daylight Savings - My brother Daniel,1,0.5183650255203247,cnn_revised_20260919T110440Z,cnn_s2_11,val,Log-Mel CNN,0.06682424247264862,0.13586335132519403
seg_005979,sample_02092,Daylight Savings - My brother Daniel,1,0.2245202213525772,cnn_revised_20260919T110440Z,cnn_s2_11,val,Log-Mel CNN,0.06682424247264862,0.13586335132519403
seg_005980,sample_02092,Daylight Savings - My brother Daniel,1,0.06268569827079773,cnn_revised_20260919T110440Z,cnn_s2_11,val,Log-Mel CNN,0.06682424247264862,0.13586335132519403
seg_005981,sample_02092,Daylight Savings - My brother Daniel,1,0.8150465488433838,cnn_revised_20260919T110440Z,cnn_s2_11,val,Log-Mel CNN,0.06682424247264862,0.13586335132519403
seg_006042,sample_02113,mystery team 2090 - Jesse Futerman,1,0.737156093120575,cnn_revised_20260919T110440Z,cnn_s2_11,val,Log-Mel CNN,0.06682424247264862,0.13586335132519403
seg_006043,sample_02113,mystery team 2090 - Jesse Futerman,1,0.9459915161132812,cnn_revised_20260919T110440Z,cnn_s2_11,val,Log-Mel CNN,0.06682424247264862,0.13586335132519403
seg_006044,sample_02113,mystery team 2090 - Jesse Futerman,1,0.9965443015098572,cnn_revised_20260919T110440Z,cnn_s2_11,val,Log-Mel CNN,0.06682424247264862,0.13586335132519403
seg_006045,sample_02114,mystery team 2090 - Jesse Futerman,1,0.9245529770851135,cnn_revised_20260919T110440Z,cnn_s2_11,val,Log-Mel CNN,0.06682424247264862,0.13586335132519403
seg_006046,sample_02114,mystery team 2090 - Jesse Futerman,1,0.8511828780174255,cnn_revised_20260919T110440Z,cnn_s2_11,val,Log-Mel CNN,0.06682424247264862,0.13586335132519403
seg_006047,sample_02114,mystery team 2090 - Jesse Futerman,1,0.9872449040412903,cnn_revised_20260919T110440Z,cnn_s2_11,val,Log-Mel CNN,0.06682424247264862,0.13586335132519403
seg_006048,sample_02115,Night Drive - Decktonic,1,0.8849633932113647,cnn_revised_20260919T110440Z,cnn_s2_11,val,Log-Mel CNN,0.06682424247264862,0.13586335132519403
seg_006049,sample_02115,Night Drive - Decktonic,1,0.9262577295303345,cnn_revised_20260919T110440Z,cnn_s2_11,val,Log-Mel CNN,0.06682424247264862,0.13586335132519403
seg_006050,sample_02115,Night Drive - Decktonic,1,0.9739536046981812,cnn_revised_20260919T110440Z,cnn_s2_11,val,Log-Mel CNN,0.06682424247264862,0.13586335132519403
seg_006051,sample_02116,Night Drive - Decktonic,1,0.788412868976593,cnn_revised_20260919T110440Z,cnn_s2_11,val,Log-Mel CNN,0.06682424247264862,0.13586335132519403
seg_006052,sample_02116,Night Drive - Decktonic,1,0.03070090152323246,cnn_revised_20260919T110440Z,cnn_s2_11,val,Log-Mel CNN,0.06682424247264862,0.13586335132519403
seg_006053,sample_02116,Night Drive - Decktonic,1,0.16911467909812927,cnn_revised_20260919T110440Z,cnn_s2_11,val,Log-Mel CNN,0.06682424247264862,0.13586335132519403
seg_006066,sample_02121,Nuo Maisemat - Paavoharju,1,0.9778668284416199,cnn_revised_20260919T110440Z,cnn_s2_11,val,Log-Mel CNN,0.06682424247264862,0.13586335132519403
seg_006067,sample_02121,Nuo Maisemat - Paavoharju,1,0.020583882927894592,cnn_revised_20260919T110440Z,cnn_s2_11,val,Log-Mel CNN,0.06682424247264862,0.13586335132519403
seg_006068,sample_02121,Nuo Maisemat - Paavoharju,1,0.9791872501373291,cnn_revised_20260919T110440Z,cnn_s2_11,val,Log-Mel CNN,0.06682424247264862,0.13586335132519403
seg_006069,sample_02122,Nuo Maisemat - Paavoharju,1,0.4818532466888428,cnn_revised_20260919T110440Z,cnn_s2_11,val,Log-Mel CNN,0.06682424247264862,0.13586335132519403
seg_006070,sample_02122,Nuo Maisemat - Paavoharju,1,0.05729321017861366,cnn_revised_20260919T110440Z,cnn_s2_11,val,Log-Mel CNN,0.06682424247264862,0.13586335132519403
seg_006071,sample_02122,Nuo Maisemat - Paavoharju,1,0.9575192928314209,cnn_revised_20260919T110440Z,cnn_s2_11,val,Log-Mel CNN,0.06682424247264862,0.13586335132519403
seg_006150,sample_02149,SD (Ill Mix) - H-LR,1,0.14186275005340576,cnn_revised_20260919T110440Z,cnn_s2_11,val,Log-Mel CNN,0.06682424247264862,0.13586335132519403
seg_006151,sample_02149,SD (Ill Mix) - H-LR,1,0.7268735766410828,cnn_revised_20260919T110440Z,cnn_s2_11,val,Log-Mel CNN,0.06682424247264862,0.13586335132519403
seg_006152,sample_02149,SD (Ill Mix) - H-LR,1,0.5218891501426697,cnn_revised_20260919T110440Z,cnn_s2_11,val,Log-Mel CNN,0.06682424247264862,0.13586335132519403
seg_006153,sample_02150,SD (Ill Mix) - H-LR,1,0.11963561177253723,cnn_revised_20260919T110440Z,cnn_s2_11,val,Log-Mel CNN,0.06682424247264862,0.13586335132519403
seg_006154,sample_02150,SD (Ill Mix) - H-LR,1,0.14727002382278442,cnn_revised_20260919T110440Z,cnn_s2_11,val,Log-Mel CNN,0.06682424247264862,0.13586335132519403
seg_006155,sample_02150,SD (Ill Mix) - H-LR,1,0.20584595203399658,cnn_revised_20260919T110440Z,cnn_s2_11,val,Log-Mel CNN,0.06682424247264862,0.13586335132519403
seg_006258,sample_02185,Evil Cannot Create - Caleb Lemond,1,0.5917490720748901,cnn_revised_20260919T110440Z,cnn_s2_11,val,Log-Mel CNN,0.06682424247264862,0.13586335132519403
seg_006259,sample_02185,Evil Cannot Create - Caleb Lemond,1,0.1263137012720108,cnn_revised_20260919T110440Z,cnn_s2_11,val,Log-Mel CNN,0.06682424247264862,0.13586335132519403
seg_006260,sample_02185,Evil Cannot Create - Caleb Lemond,1,0.8625079989433289,cnn_revised_20260919T110440Z,cnn_s2_11,val,Log-Mel CNN,0.06682424247264862,0.13586335132519403
seg_006261,sample_02186,Evil Cannot Create - Caleb Lemond,1,0.9934552311897278,cnn_revised_20260919T110440Z,cnn_s2_11,val,Log-Mel CNN,0.06682424247264862,0.13586335132519403
seg_006262,sample_02186,Evil Cannot Create - Caleb Lemond,1,0.4775741398334503,cnn_revised_20260919T110440Z,cnn_s2_11,val,Log-Mel CNN,0.06682424247264862,0.13586335132519403
seg_006263,sample_02186,Evil Cannot Create - Caleb Lemond,1,0.9980921149253845,cnn_revised_20260919T110440Z,cnn_s2_11,val,Log-Mel CNN,0.06682424247264862,0.13586335132519403
seg_006366,sample_02221,New Life (take 1) - Bird Names,1,0.9928194880485535,cnn_revised_20260919T110440Z,cnn_s2_11,val,Log-Mel CNN,0.06682424247264862,0.13586335132519403
seg_006367,sample_02221,New Life (take 1) - Bird Names,1,0.034501366317272186,cnn_revised_20260919T110440Z,cnn_s2_11,val,Log-Mel CNN,0.06682424247264862,0.13586335132519403
seg_006368,sample_02221,New Life (take 1) - Bird Names,1,0.6938326954841614,cnn_revised_20260919T110440Z,cnn_s2_11,val,Log-Mel CNN,0.06682424247264862,0.13586335132519403
seg_006369,sample_02222,New Life (take 1) - Bird Names,1,0.9600415825843811,cnn_revised_20260919T110440Z,cnn_s2_11,val,Log-Mel CNN,0.06682424247264862,0.13586335132519403
seg_006370,sample_02222,New Life (take 1) - Bird Names,1,0.33648476004600525,cnn_revised_20260919T110440Z,cnn_s2_11,val,Log-Mel CNN,0.06682424247264862,0.13586335132519403
seg_006371,sample_02222,New Life (take 1) - Bird Names,1,0.9933106899261475,cnn_revised_20260919T110440Z,cnn_s2_11,val,Log-Mel CNN,0.06682424247264862,0.13586335132519403
seg_006372,sample_02223,Norweigian Wood II - Bird Names,1,0.05598733201622963,cnn_revised_20260919T110440Z,cnn_s2_11,val,Log-Mel CNN,0.06682424247264862,0.13586335132519403
seg_006373,sample_02223,Norweigian Wood II - Bird Names,1,0.08268198370933533,cnn_revised_20260919T110440Z,cnn_s2_11,val,Log-Mel CNN,0.06682424247264862,0.13586335132519403
seg_006374,sample_02223,Norweigian Wood II - Bird Names,1,0.3955022692680359,cnn_revised_20260919T110440Z,cnn_s2_11,val,Log-Mel CNN,0.06682424247264862,0.13586335132519403
seg_006375,sample_02224,Norweigian Wood II - Bird Names,1,0.8580299019813538,cnn_revised_20260919T110440Z,cnn_s2_11,val,Log-Mel CNN,0.06682424247264862,0.13586335132519403
seg_006376,sample_02224,Norweigian Wood II - Bird Names,1,0.35373836755752563,cnn_revised_20260919T110440Z,cnn_s2_11,val,Log-Mel CNN,0.06682424247264862,0.13586335132519403
seg_006377,sample_02224,Norweigian Wood II - Bird Names,1,0.9871591329574585,cnn_revised_20260919T110440Z,cnn_s2_11,val,Log-Mel CNN,0.06682424247264862,0.13586335132519403
seg_006396,sample_02231,Roller Star - Monroeville Music Center,1,0.08856628090143204,cnn_revised_20260919T110440Z,cnn_s2_11,val,Log-Mel CNN,0.06682424247264862,0.13586335132519403
seg_006397,sample_02231,Roller Star - Monroeville Music Center,1,0.1203569546341896,cnn_revised_20260919T110440Z,cnn_s2_11,val,Log-Mel CNN,0.06682424247264862,0.13586335132519403
seg_006398,sample_02231,Roller Star - Monroeville Music Center,1,0.2561767101287842,cnn_revised_20260919T110440Z,cnn_s2_11,val,Log-Mel CNN,0.06682424247264862,0.13586335132519403
seg_006399,sample_02232,Roller Star - Monroeville Music Center,1,0.18627256155014038,cnn_revised_20260919T110440Z,cnn_s2_11,val,Log-Mel CNN,0.06682424247264862,0.13586335132519403
seg_006400,sample_02232,Roller Star - Monroeville Music Center,1,0.1361587941646576,cnn_revised_20260919T110440Z,cnn_s2_11,val,Log-Mel CNN,0.06682424247264862,0.13586335132519403
seg_006401,sample_02232,Roller Star - Monroeville Music Center,1,0.5714787244796753,cnn_revised_20260919T110440Z,cnn_s2_11,val,Log-Mel CNN,0.06682424247264862,0.13586335132519403
seg_006402,sample_02233,"Roundtrip - Oh Yeah, the Future",1,0.1461551934480667,cnn_revised_20260919T110440Z,cnn_s2_11,val,Log-Mel CNN,0.06682424247264862,0.13586335132519403
seg_006403,sample_02233,"Roundtrip - Oh Yeah, the Future",1,0.009968377649784088,cnn_revised_20260919T110440Z,cnn_s2_11,val,Log-Mel CNN,0.06682424247264862,0.13586335132519403
seg_006404,sample_02233,"Roundtrip - Oh Yeah, the Future",1,0.20491278171539307,cnn_revised_20260919T110440Z,cnn_s2_11,val,Log-Mel CNN,0.06682424247264862,0.13586335132519403
seg_006405,sample_02234,"Roundtrip - Oh Yeah, the Future",1,0.1064777672290802,cnn_revised_20260919T110440Z,cnn_s2_11,val,Log-Mel CNN,0.06682424247264862,0.13586335132519403
seg_006406,sample_02234,"Roundtrip - Oh Yeah, the Future",1,0.0108279287815094,cnn_revised_20260919T110440Z,cnn_s2_11,val,Log-Mel CNN,0.06682424247264862,0.13586335132519403
seg_006407,sample_02234,"Roundtrip - Oh Yeah, the Future",1,0.16684824228286743,cnn_revised_20260919T110440Z,cnn_s2_11,val,Log-Mel CNN,0.06682424247264862,0.13586335132519403
seg_006420,sample_02239,Soleares&beats - Malaventura,1,0.9611522555351257,cnn_revised_20260919T110440Z,cnn_s2_11,val,Log-Mel CNN,0.06682424247264862,0.13586335132519403
seg_006421,sample_02239,Soleares&beats - Malaventura,1,0.3616439700126648,cnn_revised_20260919T110440Z,cnn_s2_11,val,Log-Mel CNN,0.06682424247264862,0.13586335132519403
seg_006422,sample_02239,Soleares&beats - Malaventura,1,0.5996139049530029,cnn_revised_20260919T110440Z,cnn_s2_11,val,Log-Mel CNN,0.06682424247264862,0.13586335132519403
seg_006423,sample_02240,Soleares&beats - Malaventura,1,0.022726204246282578,cnn_revised_20260919T110440Z,cnn_s2_11,val,Log-Mel CNN,0.06682424247264862,0.13586335132519403
seg_006424,sample_02240,Soleares&beats - Malaventura,1,0.21584062278270721,cnn_revised_20260919T110440Z,cnn_s2_11,val,Log-Mel CNN,0.06682424247264862,0.13586335132519403
seg_006425,sample_02240,Soleares&beats - Malaventura,1,0.3223925232887268,cnn_revised_20260919T110440Z,cnn_s2_11,val,Log-Mel CNN,0.06682424247264862,0.13586335132519403
seg_006438,sample_02245,Stockholm Syndrome / People Should Be More Aware - Bird Names,1,0.6926978826522827,cnn_revised_20260919T110440Z,cnn_s2_11,val,Log-Mel CNN,0.06682424247264862,0.13586335132519403
seg_006439,sample_02245,Stockholm Syndrome / People Should Be More Aware - Bird Names,1,0.05918776988983154,cnn_revised_20260919T110440Z,cnn_s2_11,val,Log-Mel CNN,0.06682424247264862,0.13586335132519403
seg_006440,sample_02245,Stockholm Syndrome / People Should Be More Aware - Bird Names,1,0.24626214802265167,cnn_revised_20260919T110440Z,cnn_s2_11,val,Log-Mel CNN,0.06682424247264862,0.13586335132519403
seg_006441,sample_02246,Stockholm Syndrome / People Should Be More Aware - Bird Names,1,0.11523515731096268,cnn_revised_20260919T110440Z,cnn_s2_11,val,Log-Mel CNN,0.06682424247264862,0.13586335132519403
seg_006442,sample_02246,Stockholm Syndrome / People Should Be More Aware - Bird Names,1,0.08619539439678192,cnn_revised_20260919T110440Z,cnn_s2_11,val,Log-Mel CNN,0.06682424247264862,0.13586335132519403
seg_006443,sample_02246,Stockholm Syndrome / People Should Be More Aware - Bird Names,1,0.5991364121437073,cnn_revised_20260919T110440Z,cnn_s2_11,val,Log-Mel CNN,0.06682424247264862,0.13586335132519403
seg_006480,sample_02259,Time Is Love - Silence is full of birds,1,0.6567867994308472,cnn_revised_20260919T110440Z,cnn_s2_11,val,Log-Mel CNN,0.06682424247264862,0.13586335132519403
seg_006481,sample_02259,Time Is Love - Silence is full of birds,1,0.16144521534442902,cnn_revised_20260919T110440Z,cnn_s2_11,val,Log-Mel CNN,0.06682424247264862,0.13586335132519403
seg_006482,sample_02259,Time Is Love - Silence is full of birds,1,0.6111515760421753,cnn_revised_20260919T110440Z,cnn_s2_11,val,Log-Mel CNN,0.06682424247264862,0.13586335132519403
seg_006483,sample_02260,Time Is Love - Silence is full of birds,1,0.14823485910892487,cnn_revised_20260919T110440Z,cnn_s2_11,val,Log-Mel CNN,0.06682424247264862,0.13586335132519403
seg_006484,sample_02260,Time Is Love - Silence is full of birds,1,0.023140542209148407,cnn_revised_20260919T110440Z,cnn_s2_11,val,Log-Mel CNN,0.06682424247264862,0.13586335132519403
seg_006485,sample_02260,Time Is Love - Silence is full of birds,1,0.5938631892204285,cnn_revised_20260919T110440Z,cnn_s2_11,val,Log-Mel CNN,0.06682424247264862,0.13586335132519403
seg_006522,sample_02273,2 (Wasn't There) - Isle of Pine,1,0.2992435693740845,cnn_revised_20260919T110440Z,cnn_s2_11,val,Log-Mel CNN,0.06682424247264862,0.13586335132519403
seg_006523,sample_02273,2 (Wasn't There) - Isle of Pine,1,0.3659652769565582,cnn_revised_20260919T110440Z,cnn_s2_11,val,Log-Mel CNN,0.06682424247264862,0.13586335132519403
seg_006524,sample_02273,2 (Wasn't There) - Isle of Pine,1,0.9893882274627686,cnn_revised_20260919T110440Z,cnn_s2_11,val,Log-Mel CNN,0.06682424247264862,0.13586335132519403
seg_006525,sample_02274,2 (Wasn't There) - Isle of Pine,1,0.7083962559700012,cnn_revised_20260919T110440Z,cnn_s2_11,val,Log-Mel CNN,0.06682424247264862,0.13586335132519403
seg_006526,sample_02274,2 (Wasn't There) - Isle of Pine,1,0.011412656866014004,cnn_revised_20260919T110440Z,cnn_s2_11,val,Log-Mel CNN,0.06682424247264862,0.13586335132519403
seg_006527,sample_02274,2 (Wasn't There) - Isle of Pine,1,0.9721353054046631,cnn_revised_20260919T110440Z,cnn_s2_11,val,Log-Mel CNN,0.06682424247264862,0.13586335132519403
seg_006552,sample_02283,Empty Pockets - Pete Prodoehl,1,0.9523388147354126,cnn_revised_20260919T110440Z,cnn_s2_11,val,Log-Mel CNN,0.06682424247264862,0.13586335132519403
seg_006553,sample_02283,Empty Pockets - Pete Prodoehl,1,0.05845249816775322,cnn_revised_20260919T110440Z,cnn_s2_11,val,Log-Mel CNN,0.06682424247264862,0.13586335132519403
seg_006554,sample_02283,Empty Pockets - Pete Prodoehl,1,0.9966423511505127,cnn_revised_20260919T110440Z,cnn_s2_11,val,Log-Mel CNN,0.06682424247264862,0.13586335132519403
seg_006555,sample_02284,Empty Pockets - Pete Prodoehl,1,0.2135327011346817,cnn_revised_20260919T110440Z,cnn_s2_11,val,Log-Mel CNN,0.06682424247264862,0.13586335132519403
seg_006556,sample_02284,Empty Pockets - Pete Prodoehl,1,0.06403879076242447,cnn_revised_20260919T110440Z,cnn_s2_11,val,Log-Mel CNN,0.06682424247264862,0.13586335132519403
seg_006557,sample_02284,Empty Pockets - Pete Prodoehl,1,0.5402984023094177,cnn_revised_20260919T110440Z,cnn_s2_11,val,Log-Mel CNN,0.06682424247264862,0.13586335132519403
seg_006570,sample_02289,Gila Monster Flop/Music History Lesson:The Sonics - The Crypts!,1,0.019007332623004913,cnn_revised_20260919T110440Z,cnn_s2_11,val,Log-Mel CNN,0.06682424247264862,0.13586335132519403
seg_006571,sample_02289,Gila Monster Flop/Music History Lesson:The Sonics - The Crypts!,1,0.07089666277170181,cnn_revised_20260919T110440Z,cnn_s2_11,val,Log-Mel CNN,0.06682424247264862,0.13586335132519403
seg_006572,sample_02289,Gila Monster Flop/Music History Lesson:The Sonics - The Crypts!,1,0.38563182950019836,cnn_revised_20260919T110440Z,cnn_s2_11,val,Log-Mel CNN,0.06682424247264862,0.13586335132519403
seg_006573,sample_02290,Gila Monster Flop/Music History Lesson:The Sonics - The Crypts!,1,0.04525802657008171,cnn_revised_20260919T110440Z,cnn_s2_11,val,Log-Mel CNN,0.06682424247264862,0.13586335132519403
seg_006574,sample_02290,Gila Monster Flop/Music History Lesson:The Sonics - The Crypts!,1,0.002723615849390626,cnn_revised_20260919T110440Z,cnn_s2_11,val,Log-Mel CNN,0.06682424247264862,0.13586335132519403
seg_006575,sample_02290,Gila Monster Flop/Music History Lesson:The Sonics - The Crypts!,1,0.4862769544124603,cnn_revised_20260919T110440Z,cnn_s2_11,val,Log-Mel CNN,0.06682424247264862,0.13586335132519403
seg_006588,sample_02295,I Fell - Mod Fun,1,0.04603451117873192,cnn_revised_20260919T110440Z,cnn_s2_11,val,Log-Mel CNN,0.06682424247264862,0.13586335132519403
seg_006589,sample_02295,I Fell - Mod Fun,1,0.029065873473882675,cnn_revised_20260919T110440Z,cnn_s2_11,val,Log-Mel CNN,0.06682424247264862,0.13586335132519403
seg_006590,sample_02295,I Fell - Mod Fun,1,0.21205374598503113,cnn_revised_20260919T110440Z,cnn_s2_11,val,Log-Mel CNN,0.06682424247264862,0.13586335132519403
seg_006591,sample_02296,I Fell - Mod Fun,1,0.02504073642194271,cnn_revised_20260919T110440Z,cnn_s2_11,val,Log-Mel CNN,0.06682424247264862,0.13586335132519403
seg_006592,sample_02296,I Fell - Mod Fun,1,0.030721815302968025,cnn_revised_20260919T110440Z,cnn_s2_11,val,Log-Mel CNN,0.06682424247264862,0.13586335132519403
seg_006593,sample_02296,I Fell - Mod Fun,1,0.11329761892557144,cnn_revised_20260919T110440Z,cnn_s2_11,val,Log-Mel CNN,0.06682424247264862,0.13586335132519403
seg_006636,sample_02311,March of the GPA Mechanics - [t]ghost,1,0.5622884631156921,cnn_revised_20260919T110440Z,cnn_s2_11,val,Log-Mel CNN,0.06682424247264862,0.13586335132519403
seg_006637,sample_02311,March of the GPA Mechanics - [t]ghost,1,0.3311125934123993,cnn_revised_20260919T110440Z,cnn_s2_11,val,Log-Mel CNN,0.06682424247264862,0.13586335132519403
seg_006638,sample_02311,March of the GPA Mechanics - [t]ghost,1,0.25145313143730164,cnn_revised_20260919T110440Z,cnn_s2_11,val,Log-Mel CNN,0.06682424247264862,0.13586335132519403
seg_006639,sample_02312,March of the GPA Mechanics - [t]ghost,1,0.5592494010925293,cnn_revised_20260919T110440Z,cnn_s2_11,val,Log-Mel CNN,0.06682424247264862,0.13586335132519403
seg_006640,sample_02312,March of the GPA Mechanics - [t]ghost,1,0.014575672335922718,cnn_revised_20260919T110440Z,cnn_s2_11,val,Log-Mel CNN,0.06682424247264862,0.13586335132519403
seg_006641,sample_02312,March of the GPA Mechanics - [t]ghost,1,0.827253520488739,cnn_revised_20260919T110440Z,cnn_s2_11,val,Log-Mel CNN,0.06682424247264862,0.13586335132519403
seg_006696,sample_02331,Scramby Eggs - Andy G. Cohen,1,0.025388607755303383,cnn_revised_20260919T110440Z,cnn_s2_11,val,Log-Mel CNN,0.06682424247264862,0.13586335132519403
seg_006697,sample_02331,Scramby Eggs - Andy G. Cohen,1,0.2441137582063675,cnn_revised_20260919T110440Z,cnn_s2_11,val,Log-Mel CNN,0.06682424247264862,0.13586335132519403
seg_006698,sample_02331,Scramby Eggs - Andy G. Cohen,1,0.4815416634082794,cnn_revised_20260919T110440Z,cnn_s2_11,val,Log-Mel CNN,0.06682424247264862,0.13586335132519403
seg_006699,sample_02332,Scramby Eggs - Andy G. Cohen,1,0.15431199967861176,cnn_revised_20260919T110440Z,cnn_s2_11,val,Log-Mel CNN,0.06682424247264862,0.13586335132519403
seg_006700,sample_02332,Scramby Eggs - Andy G. Cohen,1,0.13766351342201233,cnn_revised_20260919T110440Z,cnn_s2_11,val,Log-Mel CNN,0.06682424247264862,0.13586335132519403
seg_006701,sample_02332,Scramby Eggs - Andy G. Cohen,1,0.8147344589233398,cnn_revised_20260919T110440Z,cnn_s2_11,val,Log-Mel CNN,0.06682424247264862,0.13586335132519403
seg_006750,sample_02349,The girl just faded - Los Llamarada,1,0.7573601603507996,cnn_revised_20260919T110440Z,cnn_s2_11,val,Log-Mel CNN,0.06682424247264862,0.13586335132519403
seg_006751,sample_02349,The girl just faded - Los Llamarada,1,0.019542116671800613,cnn_revised_20260919T110440Z,cnn_s2_11,val,Log-Mel CNN,0.06682424247264862,0.13586335132519403
seg_006752,sample_02349,The girl just faded - Los Llamarada,1,0.061992377042770386,cnn_revised_20260919T110440Z,cnn_s2_11,val,Log-Mel CNN,0.06682424247264862,0.13586335132519403
seg_006753,sample_02350,The girl just faded - Los Llamarada,1,0.06576366722583771,cnn_revised_20260919T110440Z,cnn_s2_11,val,Log-Mel CNN,0.06682424247264862,0.13586335132519403
seg_006754,sample_02350,The girl just faded - Los Llamarada,1,0.07231221348047256,cnn_revised_20260919T110440Z,cnn_s2_11,val,Log-Mel CNN,0.06682424247264862,0.13586335132519403
seg_006755,sample_02350,The girl just faded - Los Llamarada,1,0.21742244064807892,cnn_revised_20260919T110440Z,cnn_s2_11,val,Log-Mel CNN,0.06682424247264862,0.13586335132519403
seg_006768,sample_02355,Voxel - Andy G. Cohen,1,0.012446998618543148,cnn_revised_20260919T110440Z,cnn_s2_11,val,Log-Mel CNN,0.06682424247264862,0.13586335132519403
seg_006769,sample_02355,Voxel - Andy G. Cohen,1,0.05594519525766373,cnn_revised_20260919T110440Z,cnn_s2_11,val,Log-Mel CNN,0.06682424247264862,0.13586335132519403
seg_006770,sample_02355,Voxel - Andy G. Cohen,1,0.9449355006217957,cnn_revised_20260919T110440Z,cnn_s2_11,val,Log-Mel CNN,0.06682424247264862,0.13586335132519403
seg_006771,sample_02356,Voxel - Andy G. Cohen,1,0.24239978194236755,cnn_revised_20260919T110440Z,cnn_s2_11,val,Log-Mel CNN,0.06682424247264862,0.13586335132519403
seg_006772,sample_02356,Voxel - Andy G. Cohen,1,0.5359496474266052,cnn_revised_20260919T110440Z,cnn_s2_11,val,Log-Mel CNN,0.06682424247264862,0.13586335132519403
seg_006773,sample_02356,Voxel - Andy G. Cohen,1,0.6444720029830933,cnn_revised_20260919T110440Z,cnn_s2_11,val,Log-Mel CNN,0.06682424247264862,0.13586335132519403
seg_006792,sample_02363,Windows of the Skull - Sarin,1,0.9697502255439758,cnn_revised_20260919T110440Z,cnn_s2_11,val,Log-Mel CNN,0.06682424247264862,0.13586335132519403
seg_006793,sample_02363,Windows of the Skull - Sarin,1,0.09315803647041321,cnn_revised_20260919T110440Z,cnn_s2_11,val,Log-Mel CNN,0.06682424247264862,0.13586335132519403
seg_006794,sample_02363,Windows of the Skull - Sarin,1,0.10595105588436127,cnn_revised_20260919T110440Z,cnn_s2_11,val,Log-Mel CNN,0.06682424247264862,0.13586335132519403
seg_006795,sample_02364,Windows of the Skull - Sarin,1,0.8342368006706238,cnn_revised_20260919T110440Z,cnn_s2_11,val,Log-Mel CNN,0.06682424247264862,0.13586335132519403
seg_006796,sample_02364,Windows of the Skull - Sarin,1,0.4802405834197998,cnn_revised_20260919T110440Z,cnn_s2_11,val,Log-Mel CNN,0.06682424247264862,0.13586335132519403
seg_006797,sample_02364,Windows of the Skull - Sarin,1,0.968414843082428,cnn_revised_20260919T110440Z,cnn_s2_11,val,Log-Mel CNN,0.06682424247264862,0.13586335132519403
seg_006810,sample_02369,Новый Нью-Йорк 2 - Чокнутый Пропеллер,1,0.059254154562950134,cnn_revised_20260919T110440Z,cnn_s2_11,val,Log-Mel CNN,0.06682424247264862,0.13586335132519403
seg_006811,sample_02369,Новый Нью-Йорк 2 - Чокнутый Пропеллер,1,0.22955261170864105,cnn_revised_20260919T110440Z,cnn_s2_11,val,Log-Mel CNN,0.06682424247264862,0.13586335132519403
seg_006812,sample_02369,Новый Нью-Йорк 2 - Чокнутый Пропеллер,1,0.05803138017654419,cnn_revised_20260919T110440Z,cnn_s2_11,val,Log-Mel CNN,0.06682424247264862,0.13586335132519403
seg_006813,sample_02370,Новый Нью-Йорк 2 - Чокнутый Пропеллер,1,0.007796395104378462,cnn_revised_20260919T110440Z,cnn_s2_11,val,Log-Mel CNN,0.06682424247264862,0.13586335132519403
seg_006814,sample_02370,Новый Нью-Йорк 2 - Чокнутый Пропеллер,1,0.027631178498268127,cnn_revised_20260919T110440Z,cnn_s2_11,val,Log-Mel CNN,0.06682424247264862,0.13586335132519403
seg_006815,sample_02370,Новый Нью-Йорк 2 - Чокнутый Пропеллер,1,0.2808113992214203,cnn_revised_20260919T110440Z,cnn_s2_11,val,Log-Mel CNN,0.06682424247264862,0.13586335132519403
seg_006864,sample_02387,CopperNickle - UncleBibby,1,0.02539789490401745,cnn_revised_20260919T110440Z,cnn_s2_11,val,Log-Mel CNN,0.06682424247264862,0.13586335132519403
seg_006865,sample_02387,CopperNickle - UncleBibby,1,0.2477787435054779,cnn_revised_20260919T110440Z,cnn_s2_11,val,Log-Mel CNN,0.06682424247264862,0.13586335132519403
seg_006866,sample_02387,CopperNickle - UncleBibby,1,0.7885903716087341,cnn_revised_20260919T110440Z,cnn_s2_11,val,Log-Mel CNN,0.06682424247264862,0.13586335132519403
seg_006867,sample_02388,CopperNickle - UncleBibby,1,0.04170386493206024,cnn_revised_20260919T110440Z,cnn_s2_11,val,Log-Mel CNN,0.06682424247264862,0.13586335132519403
seg_006868,sample_02388,CopperNickle - UncleBibby,1,0.014197517186403275,cnn_revised_20260919T110440Z,cnn_s2_11,val,Log-Mel CNN,0.06682424247264862,0.13586335132519403
seg_006869,sample_02388,CopperNickle - UncleBibby,1,0.25634506344795227,cnn_revised_20260919T110440Z,cnn_s2_11,val,Log-Mel CNN,0.06682424247264862,0.13586335132519403
seg_006876,sample_02391,Daylight Savings - My brother Daniel,1,0.011667555198073387,cnn_revised_20260919T110440Z,cnn_s2_11,val,Log-Mel CNN,0.06682424247264862,0.13586335132519403
seg_006877,sample_02391,Daylight Savings - My brother Daniel,1,0.09583334624767303,cnn_revised_20260919T110440Z,cnn_s2_11,val,Log-Mel CNN,0.06682424247264862,0.13586335132519403
seg_006878,sample_02391,Daylight Savings - My brother Daniel,1,0.9486314058303833,cnn_revised_20260919T110440Z,cnn_s2_11,val,Log-Mel CNN,0.06682424247264862,0.13586335132519403
seg_006879,sample_02392,Daylight Savings - My brother Daniel,1,0.04331657662987709,cnn_revised_20260919T110440Z,cnn_s2_11,val,Log-Mel CNN,0.06682424247264862,0.13586335132519403
seg_006880,sample_02392,Daylight Savings - My brother Daniel,1,0.31422439217567444,cnn_revised_20260919T110440Z,cnn_s2_11,val,Log-Mel CNN,0.06682424247264862,0.13586335132519403
seg_006881,sample_02392,Daylight Savings - My brother Daniel,1,0.40890294313430786,cnn_revised_20260919T110440Z,cnn_s2_11,val,Log-Mel CNN,0.06682424247264862,0.13586335132519403
seg_006942,sample_02413,mystery team 2090 - Jesse Futerman,1,0.4546533524990082,cnn_revised_20260919T110440Z,cnn_s2_11,val,Log-Mel CNN,0.06682424247264862,0.13586335132519403
seg_006943,sample_02413,mystery team 2090 - Jesse Futerman,1,0.3756104111671448,cnn_revised_20260919T110440Z,cnn_s2_11,val,Log-Mel CNN,0.06682424247264862,0.13586335132519403
seg_006944,sample_02413,mystery team 2090 - Jesse Futerman,1,0.9373546242713928,cnn_revised_20260919T110440Z,cnn_s2_11,val,Log-Mel CNN,0.06682424247264862,0.13586335132519403
seg_006945,sample_02414,mystery team 2090 - Jesse Futerman,1,0.4255673885345459,cnn_revised_20260919T110440Z,cnn_s2_11,val,Log-Mel CNN,0.06682424247264862,0.13586335132519403
seg_006946,sample_02414,mystery team 2090 - Jesse Futerman,1,0.7976202964782715,cnn_revised_20260919T110440Z,cnn_s2_11,val,Log-Mel CNN,0.06682424247264862,0.13586335132519403
seg_006947,sample_02414,mystery team 2090 - Jesse Futerman,1,0.9955615997314453,cnn_revised_20260919T110440Z,cnn_s2_11,val,Log-Mel CNN,0.06682424247264862,0.13586335132519403
seg_006948,sample_02415,Night Drive - Decktonic,1,0.22107647359371185,cnn_revised_20260919T110440Z,cnn_s2_11,val,Log-Mel CNN,0.06682424247264862,0.13586335132519403
seg_006949,sample_02415,Night Drive - Decktonic,1,0.09307965636253357,cnn_revised_20260919T110440Z,cnn_s2_11,val,Log-Mel CNN,0.06682424247264862,0.13586335132519403
seg_006950,sample_02415,Night Drive - Decktonic,1,0.9059205055236816,cnn_revised_20260919T110440Z,cnn_s2_11,val,Log-Mel CNN,0.06682424247264862,0.13586335132519403
seg_006951,sample_02416,Night Drive - Decktonic,1,0.7446877956390381,cnn_revised_20260919T110440Z,cnn_s2_11,val,Log-Mel CNN,0.06682424247264862,0.13586335132519403
seg_006952,sample_02416,Night Drive - Decktonic,1,0.1663675755262375,cnn_revised_20260919T110440Z,cnn_s2_11,val,Log-Mel CNN,0.06682424247264862,0.13586335132519403
seg_006953,sample_02416,Night Drive - Decktonic,1,0.9871134757995605,cnn_revised_20260919T110440Z,cnn_s2_11,val,Log-Mel CNN,0.06682424247264862,0.13586335132519403
seg_006966,sample_02421,Nuo Maisemat - Paavoharju,1,0.7980325818061829,cnn_revised_20260919T110440Z,cnn_s2_11,val,Log-Mel CNN,0.06682424247264862,0.13586335132519403
seg_006967,sample_02421,Nuo Maisemat - Paavoharju,1,0.06804533302783966,cnn_revised_20260919T110440Z,cnn_s2_11,val,Log-Mel CNN,0.06682424247264862,0.13586335132519403
seg_006968,sample_02421,Nuo Maisemat - Paavoharju,1,0.6930242776870728,cnn_revised_20260919T110440Z,cnn_s2_11,val,Log-Mel CNN,0.06682424247264862,0.13586335132519403
seg_006969,sample_02422,Nuo Maisemat - Paavoharju,1,0.8368999361991882,cnn_revised_20260919T110440Z,cnn_s2_11,val,Log-Mel CNN,0.06682424247264862,0.13586335132519403
seg_006970,sample_02422,Nuo Maisemat - Paavoharju,1,0.47556450963020325,cnn_revised_20260919T110440Z,cnn_s2_11,val,Log-Mel CNN,0.06682424247264862,0.13586335132519403
seg_006971,sample_02422,Nuo Maisemat - Paavoharju,1,0.9336370229721069,cnn_revised_20260919T110440Z,cnn_s2_11,val,Log-Mel CNN,0.06682424247264862,0.13586335132519403
seg_007050,sample_02449,SD (Ill Mix) - H-LR,1,0.03779739886522293,cnn_revised_20260919T110440Z,cnn_s2_11,val,Log-Mel CNN,0.06682424247264862,0.13586335132519403
seg_007051,sample_02449,SD (Ill Mix) - H-LR,1,0.24302391707897186,cnn_revised_20260919T110440Z,cnn_s2_11,val,Log-Mel CNN,0.06682424247264862,0.13586335132519403
seg_007052,sample_02449,SD (Ill Mix) - H-LR,1,0.34027740359306335,cnn_revised_20260919T110440Z,cnn_s2_11,val,Log-Mel CNN,0.06682424247264862,0.13586335132519403
seg_007053,sample_02450,SD (Ill Mix) - H-LR,1,0.1943274885416031,cnn_revised_20260919T110440Z,cnn_s2_11,val,Log-Mel CNN,0.06682424247264862,0.13586335132519403
seg_007054,sample_02450,SD (Ill Mix) - H-LR,1,0.06805561482906342,cnn_revised_20260919T110440Z,cnn_s2_11,val,Log-Mel CNN,0.06682424247264862,0.13586335132519403
seg_007055,sample_02450,SD (Ill Mix) - H-LR,1,0.9079452753067017,cnn_revised_20260919T110440Z,cnn_s2_11,val,Log-Mel CNN,0.06682424247264862,0.13586335132519403
seg_007158,sample_02485,Evil Cannot Create - Caleb Lemond,1,0.005169199779629707,cnn_revised_20260919T110440Z,cnn_s2_11,val,Log-Mel CNN,0.06682424247264862,0.13586335132519403
seg_007159,sample_02485,Evil Cannot Create - Caleb Lemond,1,0.7360432147979736,cnn_revised_20260919T110440Z,cnn_s2_11,val,Log-Mel CNN,0.06682424247264862,0.13586335132519403
seg_007160,sample_02485,Evil Cannot Create - Caleb Lemond,1,0.4904506504535675,cnn_revised_20260919T110440Z,cnn_s2_11,val,Log-Mel CNN,0.06682424247264862,0.13586335132519403
seg_007161,sample_02486,Evil Cannot Create - Caleb Lemond,1,0.21058699488639832,cnn_revised_20260919T110440Z,cnn_s2_11,val,Log-Mel CNN,0.06682424247264862,0.13586335132519403
seg_007162,sample_02486,Evil Cannot Create - Caleb Lemond,1,0.7661187648773193,cnn_revised_20260919T110440Z,cnn_s2_11,val,Log-Mel CNN,0.06682424247264862,0.13586335132519403
seg_007163,sample_02486,Evil Cannot Create - Caleb Lemond,1,0.5638728737831116,cnn_revised_20260919T110440Z,cnn_s2_11,val,Log-Mel CNN,0.06682424247264862,0.13586335132519403
seg_007266,sample_02521,New Life (take 1) - Bird Names,1,0.4547710120677948,cnn_revised_20260919T110440Z,cnn_s2_11,val,Log-Mel CNN,0.06682424247264862,0.13586335132519403
seg_007267,sample_02521,New Life (take 1) - Bird Names,1,0.5205925703048706,cnn_revised_20260919T110440Z,cnn_s2_11,val,Log-Mel CNN,0.06682424247264862,0.13586335132519403
seg_007268,sample_02521,New Life (take 1) - Bird Names,1,0.9987704157829285,cnn_revised_20260919T110440Z,cnn_s2_11,val,Log-Mel CNN,0.06682424247264862,0.13586335132519403
seg_007269,sample_02522,New Life (take 1) - Bird Names,1,0.19363850355148315,cnn_revised_20260919T110440Z,cnn_s2_11,val,Log-Mel CNN,0.06682424247264862,0.13586335132519403
seg_007270,sample_02522,New Life (take 1) - Bird Names,1,0.06258523464202881,cnn_revised_20260919T110440Z,cnn_s2_11,val,Log-Mel CNN,0.06682424247264862,0.13586335132519403
seg_007271,sample_02522,New Life (take 1) - Bird Names,1,0.1392994076013565,cnn_revised_20260919T110440Z,cnn_s2_11,val,Log-Mel CNN,0.06682424247264862,0.13586335132519403
seg_007272,sample_02523,Norweigian Wood II - Bird Names,1,0.2532128393650055,cnn_revised_20260919T110440Z,cnn_s2_11,val,Log-Mel CNN,0.06682424247264862,0.13586335132519403
seg_007273,sample_02523,Norweigian Wood II - Bird Names,1,0.7874100804328918,cnn_revised_20260919T110440Z,cnn_s2_11,val,Log-Mel CNN,0.06682424247264862,0.13586335132519403
seg_007274,sample_02523,Norweigian Wood II - Bird Names,1,0.9985675811767578,cnn_revised_20260919T110440Z,cnn_s2_11,val,Log-Mel CNN,0.06682424247264862,0.13586335132519403
seg_007275,sample_02524,Norweigian Wood II - Bird Names,1,0.6311914920806885,cnn_revised_20260919T110440Z,cnn_s2_11,val,Log-Mel CNN,0.06682424247264862,0.13586335132519403
seg_007276,sample_02524,Norweigian Wood II - Bird Names,1,0.22967056930065155,cnn_revised_20260919T110440Z,cnn_s2_11,val,Log-Mel CNN,0.06682424247264862,0.13586335132519403
seg_007277,sample_02524,Norweigian Wood II - Bird Names,1,0.4703007638454437,cnn_revised_20260919T110440Z,cnn_s2_11,val,Log-Mel CNN,0.06682424247264862,0.13586335132519403
seg_007296,sample_02531,Roller Star - Monroeville Music Center,1,0.3239820897579193,cnn_revised_20260919T110440Z,cnn_s2_11,val,Log-Mel CNN,0.06682424247264862,0.13586335132519403
seg_007297,sample_02531,Roller Star - Monroeville Music Center,1,0.02620946429669857,cnn_revised_20260919T110440Z,cnn_s2_11,val,Log-Mel CNN,0.06682424247264862,0.13586335132519403
seg_007298,sample_02531,Roller Star - Monroeville Music Center,1,0.059435416013002396,cnn_revised_20260919T110440Z,cnn_s2_11,val,Log-Mel CNN,0.06682424247264862,0.13586335132519403
seg_007299,sample_02532,Roller Star - Monroeville Music Center,1,0.02572433277964592,cnn_revised_20260919T110440Z,cnn_s2_11,val,Log-Mel CNN,0.06682424247264862,0.13586335132519403
seg_007300,sample_02532,Roller Star - Monroeville Music Center,1,0.1557823121547699,cnn_revised_20260919T110440Z,cnn_s2_11,val,Log-Mel CNN,0.06682424247264862,0.13586335132519403
seg_007301,sample_02532,Roller Star - Monroeville Music Center,1,0.7074602246284485,cnn_revised_20260919T110440Z,cnn_s2_11,val,Log-Mel CNN,0.06682424247264862,0.13586335132519403
seg_007302,sample_02533,"Roundtrip - Oh Yeah, the Future",1,0.038343846797943115,cnn_revised_20260919T110440Z,cnn_s2_11,val,Log-Mel CNN,0.06682424247264862,0.13586335132519403
seg_007303,sample_02533,"Roundtrip - Oh Yeah, the Future",1,0.04129147157073021,cnn_revised_20260919T110440Z,cnn_s2_11,val,Log-Mel CNN,0.06682424247264862,0.13586335132519403
seg_007304,sample_02533,"Roundtrip - Oh Yeah, the Future",1,0.6750627160072327,cnn_revised_20260919T110440Z,cnn_s2_11,val,Log-Mel CNN,0.06682424247264862,0.13586335132519403
seg_007305,sample_02534,"Roundtrip - Oh Yeah, the Future",1,0.023372696712613106,cnn_revised_20260919T110440Z,cnn_s2_11,val,Log-Mel CNN,0.06682424247264862,0.13586335132519403
seg_007306,sample_02534,"Roundtrip - Oh Yeah, the Future",1,0.7718441486358643,cnn_revised_20260919T110440Z,cnn_s2_11,val,Log-Mel CNN,0.06682424247264862,0.13586335132519403
seg_007307,sample_02534,"Roundtrip - Oh Yeah, the Future",1,0.3225373327732086,cnn_revised_20260919T110440Z,cnn_s2_11,val,Log-Mel CNN,0.06682424247264862,0.13586335132519403
seg_007320,sample_02539,Soleares&beats - Malaventura,1,0.4865064024925232,cnn_revised_20260919T110440Z,cnn_s2_11,val,Log-Mel CNN,0.06682424247264862,0.13586335132519403
seg_007321,sample_02539,Soleares&beats - Malaventura,1,0.4760593771934509,cnn_revised_20260919T110440Z,cnn_s2_11,val,Log-Mel CNN,0.06682424247264862,0.13586335132519403
seg_007322,sample_02539,Soleares&beats - Malaventura,1,0.14613856375217438,cnn_revised_20260919T110440Z,cnn_s2_11,val,Log-Mel CNN,0.06682424247264862,0.13586335132519403
seg_007323,sample_02540,Soleares&beats - Malaventura,1,0.02151917852461338,cnn_revised_20260919T110440Z,cnn_s2_11,val,Log-Mel CNN,0.06682424247264862,0.13586335132519403
seg_007324,sample_02540,Soleares&beats - Malaventura,1,0.06603455543518066,cnn_revised_20260919T110440Z,cnn_s2_11,val,Log-Mel CNN,0.06682424247264862,0.13586335132519403
seg_007325,sample_02540,Soleares&beats - Malaventura,1,0.5541110634803772,cnn_revised_20260919T110440Z,cnn_s2_11,val,Log-Mel CNN,0.06682424247264862,0.13586335132519403
seg_007338,sample_02545,Stockholm Syndrome / People Should Be More Aware - Bird Names,1,0.3396552801132202,cnn_revised_20260919T110440Z,cnn_s2_11,val,Log-Mel CNN,0.06682424247264862,0.13586335132519403
seg_007339,sample_02545,Stockholm Syndrome / People Should Be More Aware - Bird Names,1,0.11231374740600586,cnn_revised_20260919T110440Z,cnn_s2_11,val,Log-Mel CNN,0.06682424247264862,0.13586335132519403
seg_007340,sample_02545,Stockholm Syndrome / People Should Be More Aware - Bird Names,1,0.39767691493034363,cnn_revised_20260919T110440Z,cnn_s2_11,val,Log-Mel CNN,0.06682424247264862,0.13586335132519403
seg_007341,sample_02546,Stockholm Syndrome / People Should Be More Aware - Bird Names,1,0.005987800657749176,cnn_revised_20260919T110440Z,cnn_s2_11,val,Log-Mel CNN,0.06682424247264862,0.13586335132519403
seg_007342,sample_02546,Stockholm Syndrome / People Should Be More Aware - Bird Names,1,0.08253058046102524,cnn_revised_20260919T110440Z,cnn_s2_11,val,Log-Mel CNN,0.06682424247264862,0.13586335132519403
seg_007343,sample_02546,Stockholm Syndrome / People Should Be More Aware - Bird Names,1,0.045280490070581436,cnn_revised_20260919T110440Z,cnn_s2_11,val,Log-Mel CNN,0.06682424247264862,0.13586335132519403
seg_007380,sample_02559,Time Is Love - Silence is full of birds,1,0.021246345713734627,cnn_revised_20260919T110440Z,cnn_s2_11,val,Log-Mel CNN,0.06682424247264862,0.13586335132519403
seg_007381,sample_02559,Time Is Love - Silence is full of birds,1,0.2292547971010208,cnn_revised_20260919T110440Z,cnn_s2_11,val,Log-Mel CNN,0.06682424247264862,0.13586335132519403
seg_007382,sample_02559,Time Is Love - Silence is full of birds,1,0.954963207244873,cnn_revised_20260919T110440Z,cnn_s2_11,val,Log-Mel CNN,0.06682424247264862,0.13586335132519403
seg_007383,sample_02560,Time Is Love - Silence is full of birds,1,0.12600789964199066,cnn_revised_20260919T110440Z,cnn_s2_11,val,Log-Mel CNN,0.06682424247264862,0.13586335132519403
seg_007384,sample_02560,Time Is Love - Silence is full of birds,1,0.01711050420999527,cnn_revised_20260919T110440Z,cnn_s2_11,val,Log-Mel CNN,0.06682424247264862,0.13586335132519403
seg_007385,sample_02560,Time Is Love - Silence is full of birds,1,0.043497368693351746,cnn_revised_20260919T110440Z,cnn_s2_11,val,Log-Mel CNN,0.06682424247264862,0.13586335132519403
seg_007422,sample_02573,2 (Wasn't There) - Isle of Pine,1,0.4065692722797394,cnn_revised_20260919T110440Z,cnn_s2_11,val,Log-Mel CNN,0.06682424247264862,0.13586335132519403
seg_007423,sample_02573,2 (Wasn't There) - Isle of Pine,1,0.9986823201179504,cnn_revised_20260919T110440Z,cnn_s2_11,val,Log-Mel CNN,0.06682424247264862,0.13586335132519403
seg_007424,sample_02573,2 (Wasn't There) - Isle of Pine,1,0.9652906060218811,cnn_revised_20260919T110440Z,cnn_s2_11,val,Log-Mel CNN,0.06682424247264862,0.13586335132519403
seg_007425,sample_02574,2 (Wasn't There) - Isle of Pine,1,0.027237622067332268,cnn_revised_20260919T110440Z,cnn_s2_11,val,Log-Mel CNN,0.06682424247264862,0.13586335132519403
seg_007426,sample_02574,2 (Wasn't There) - Isle of Pine,1,0.05148465931415558,cnn_revised_20260919T110440Z,cnn_s2_11,val,Log-Mel CNN,0.06682424247264862,0.13586335132519403
seg_007427,sample_02574,2 (Wasn't There) - Isle of Pine,1,0.9289001226425171,cnn_revised_20260919T110440Z,cnn_s2_11,val,Log-Mel CNN,0.06682424247264862,0.13586335132519403
seg_007452,sample_02583,Empty Pockets - Pete Prodoehl,1,0.40746772289276123,cnn_revised_20260919T110440Z,cnn_s2_11,val,Log-Mel CNN,0.06682424247264862,0.13586335132519403
seg_007453,sample_02583,Empty Pockets - Pete Prodoehl,1,0.12818866968154907,cnn_revised_20260919T110440Z,cnn_s2_11,val,Log-Mel CNN,0.06682424247264862,0.13586335132519403
seg_007454,sample_02583,Empty Pockets - Pete Prodoehl,1,0.9315469264984131,cnn_revised_20260919T110440Z,cnn_s2_11,val,Log-Mel CNN,0.06682424247264862,0.13586335132519403
seg_007455,sample_02584,Empty Pockets - Pete Prodoehl,1,0.09338504076004028,cnn_revised_20260919T110440Z,cnn_s2_11,val,Log-Mel CNN,0.06682424247264862,0.13586335132519403
seg_007456,sample_02584,Empty Pockets - Pete Prodoehl,1,0.02433180809020996,cnn_revised_20260919T110440Z,cnn_s2_11,val,Log-Mel CNN,0.06682424247264862,0.13586335132519403
seg_007457,sample_02584,Empty Pockets - Pete Prodoehl,1,0.13243767619132996,cnn_revised_20260919T110440Z,cnn_s2_11,val,Log-Mel CNN,0.06682424247264862,0.13586335132519403
seg_007470,sample_02589,Gila Monster Flop/Music History Lesson:The Sonics - The Crypts!,1,0.34717991948127747,cnn_revised_20260919T110440Z,cnn_s2_11,val,Log-Mel CNN,0.06682424247264862,0.13586335132519403
seg_007471,sample_02589,Gila Monster Flop/Music History Lesson:The Sonics - The Crypts!,1,0.06661174446344376,cnn_revised_20260919T110440Z,cnn_s2_11,val,Log-Mel CNN,0.06682424247264862,0.13586335132519403
seg_007472,sample_02589,Gila Monster Flop/Music History Lesson:The Sonics - The Crypts!,1,0.992127537727356,cnn_revised_20260919T110440Z,cnn_s2_11,val,Log-Mel CNN,0.06682424247264862,0.13586335132519403
seg_007473,sample_02590,Gila Monster Flop/Music History Lesson:The Sonics - The Crypts!,1,0.13255193829536438,cnn_revised_20260919T110440Z,cnn_s2_11,val,Log-Mel CNN,0.06682424247264862,0.13586335132519403
seg_007474,sample_02590,Gila Monster Flop/Music History Lesson:The Sonics - The Crypts!,1,0.008522066287696362,cnn_revised_20260919T110440Z,cnn_s2_11,val,Log-Mel CNN,0.06682424247264862,0.13586335132519403
seg_007475,sample_02590,Gila Monster Flop/Music History Lesson:The Sonics - The Crypts!,1,0.8397597670555115,cnn_revised_20260919T110440Z,cnn_s2_11,val,Log-Mel CNN,0.06682424247264862,0.13586335132519403
seg_007488,sample_02595,I Fell - Mod Fun,1,0.20629404485225677,cnn_revised_20260919T110440Z,cnn_s2_11,val,Log-Mel CNN,0.06682424247264862,0.13586335132519403
seg_007489,sample_02595,I Fell - Mod Fun,1,0.8009467124938965,cnn_revised_20260919T110440Z,cnn_s2_11,val,Log-Mel CNN,0.06682424247264862,0.13586335132519403
seg_007490,sample_02595,I Fell - Mod Fun,1,0.9870913028717041,cnn_revised_20260919T110440Z,cnn_s2_11,val,Log-Mel CNN,0.06682424247264862,0.13586335132519403
seg_007491,sample_02596,I Fell - Mod Fun,1,0.02602904662489891,cnn_revised_20260919T110440Z,cnn_s2_11,val,Log-Mel CNN,0.06682424247264862,0.13586335132519403
seg_007492,sample_02596,I Fell - Mod Fun,1,0.041975706815719604,cnn_revised_20260919T110440Z,cnn_s2_11,val,Log-Mel CNN,0.06682424247264862,0.13586335132519403
seg_007493,sample_02596,I Fell - Mod Fun,1,0.8644436597824097,cnn_revised_20260919T110440Z,cnn_s2_11,val,Log-Mel CNN,0.06682424247264862,0.13586335132519403
seg_007536,sample_02611,March of the GPA Mechanics - [t]ghost,1,0.20472878217697144,cnn_revised_20260919T110440Z,cnn_s2_11,val,Log-Mel CNN,0.06682424247264862,0.13586335132519403
seg_007537,sample_02611,March of the GPA Mechanics - [t]ghost,1,0.1410517692565918,cnn_revised_20260919T110440Z,cnn_s2_11,val,Log-Mel CNN,0.06682424247264862,0.13586335132519403
seg_007538,sample_02611,March of the GPA Mechanics - [t]ghost,1,0.9987776875495911,cnn_revised_20260919T110440Z,cnn_s2_11,val,Log-Mel CNN,0.06682424247264862,0.13586335132519403
seg_007539,sample_02612,March of the GPA Mechanics - [t]ghost,1,0.003927812445908785,cnn_revised_20260919T110440Z,cnn_s2_11,val,Log-Mel CNN,0.06682424247264862,0.13586335132519403
seg_007540,sample_02612,March of the GPA Mechanics - [t]ghost,1,0.12610861659049988,cnn_revised_20260919T110440Z,cnn_s2_11,val,Log-Mel CNN,0.06682424247264862,0.13586335132519403
seg_007541,sample_02612,March of the GPA Mechanics - [t]ghost,1,0.7767610549926758,cnn_revised_20260919T110440Z,cnn_s2_11,val,Log-Mel CNN,0.06682424247264862,0.13586335132519403
seg_007596,sample_02631,Scramby Eggs - Andy G. Cohen,1,0.37655967473983765,cnn_revised_20260919T110440Z,cnn_s2_11,val,Log-Mel CNN,0.06682424247264862,0.13586335132519403
seg_007597,sample_02631,Scramby Eggs - Andy G. Cohen,1,0.07659081369638443,cnn_revised_20260919T110440Z,cnn_s2_11,val,Log-Mel CNN,0.06682424247264862,0.13586335132519403
seg_007598,sample_02631,Scramby Eggs - Andy G. Cohen,1,0.17668293416500092,cnn_revised_20260919T110440Z,cnn_s2_11,val,Log-Mel CNN,0.06682424247264862,0.13586335132519403
seg_007599,sample_02632,Scramby Eggs - Andy G. Cohen,1,0.39309823513031006,cnn_revised_20260919T110440Z,cnn_s2_11,val,Log-Mel CNN,0.06682424247264862,0.13586335132519403
seg_007600,sample_02632,Scramby Eggs - Andy G. Cohen,1,0.016147499904036522,cnn_revised_20260919T110440Z,cnn_s2_11,val,Log-Mel CNN,0.06682424247264862,0.13586335132519403
seg_007601,sample_02632,Scramby Eggs - Andy G. Cohen,1,0.9240149855613708,cnn_revised_20260919T110440Z,cnn_s2_11,val,Log-Mel CNN,0.06682424247264862,0.13586335132519403
seg_007650,sample_02649,The girl just faded - Los Llamarada,1,0.6507641673088074,cnn_revised_20260919T110440Z,cnn_s2_11,val,Log-Mel CNN,0.06682424247264862,0.13586335132519403
seg_007651,sample_02649,The girl just faded - Los Llamarada,1,0.9894322156906128,cnn_revised_20260919T110440Z,cnn_s2_11,val,Log-Mel CNN,0.06682424247264862,0.13586335132519403
seg_007652,sample_02649,The girl just faded - Los Llamarada,1,0.9053395390510559,cnn_revised_20260919T110440Z,cnn_s2_11,val,Log-Mel CNN,0.06682424247264862,0.13586335132519403
seg_007653,sample_02650,The girl just faded - Los Llamarada,1,0.004302183166146278,cnn_revised_20260919T110440Z,cnn_s2_11,val,Log-Mel CNN,0.06682424247264862,0.13586335132519403
seg_007654,sample_02650,The girl just faded - Los Llamarada,1,0.0017756627639755607,cnn_revised_20260919T110440Z,cnn_s2_11,val,Log-Mel CNN,0.06682424247264862,0.13586335132519403
seg_007655,sample_02650,The girl just faded - Los Llamarada,1,0.8279187679290771,cnn_revised_20260919T110440Z,cnn_s2_11,val,Log-Mel CNN,0.06682424247264862,0.13586335132519403
seg_007668,sample_02655,Voxel - Andy G. Cohen,1,0.16310130059719086,cnn_revised_20260919T110440Z,cnn_s2_11,val,Log-Mel CNN,0.06682424247264862,0.13586335132519403
seg_007669,sample_02655,Voxel - Andy G. Cohen,1,0.11227726191282272,cnn_revised_20260919T110440Z,cnn_s2_11,val,Log-Mel CNN,0.06682424247264862,0.13586335132519403
seg_007670,sample_02655,Voxel - Andy G. Cohen,1,0.13221149146556854,cnn_revised_20260919T110440Z,cnn_s2_11,val,Log-Mel CNN,0.06682424247264862,0.13586335132519403
seg_007671,sample_02656,Voxel - Andy G. Cohen,1,0.5230363607406616,cnn_revised_20260919T110440Z,cnn_s2_11,val,Log-Mel CNN,0.06682424247264862,0.13586335132519403
seg_007672,sample_02656,Voxel - Andy G. Cohen,1,0.09235454350709915,cnn_revised_20260919T110440Z,cnn_s2_11,val,Log-Mel CNN,0.06682424247264862,0.13586335132519403
seg_007673,sample_02656,Voxel - Andy G. Cohen,1,0.8096485137939453,cnn_revised_20260919T110440Z,cnn_s2_11,val,Log-Mel CNN,0.06682424247264862,0.13586335132519403
seg_007692,sample_02663,Windows of the Skull - Sarin,1,0.06844177097082138,cnn_revised_20260919T110440Z,cnn_s2_11,val,Log-Mel CNN,0.06682424247264862,0.13586335132519403
seg_007693,sample_02663,Windows of the Skull - Sarin,1,0.15742136538028717,cnn_revised_20260919T110440Z,cnn_s2_11,val,Log-Mel CNN,0.06682424247264862,0.13586335132519403
seg_007694,sample_02663,Windows of the Skull - Sarin,1,0.9687982201576233,cnn_revised_20260919T110440Z,cnn_s2_11,val,Log-Mel CNN,0.06682424247264862,0.13586335132519403
seg_007695,sample_02664,Windows of the Skull - Sarin,1,0.3524259626865387,cnn_revised_20260919T110440Z,cnn_s2_11,val,Log-Mel CNN,0.06682424247264862,0.13586335132519403
seg_007696,sample_02664,Windows of the Skull - Sarin,1,0.01153447013348341,cnn_revised_20260919T110440Z,cnn_s2_11,val,Log-Mel CNN,0.06682424247264862,0.13586335132519403
seg_007697,sample_02664,Windows of the Skull - Sarin,1,0.9694989323616028,cnn_revised_20260919T110440Z,cnn_s2_11,val,Log-Mel CNN,0.06682424247264862,0.13586335132519403
seg_007710,sample_02669,Новый Нью-Йорк 2 - Чокнутый Пропеллер,1,0.024621931836009026,cnn_revised_20260919T110440Z,cnn_s2_11,val,Log-Mel CNN,0.06682424247264862,0.13586335132519403
seg_007711,sample_02669,Новый Нью-Йорк 2 - Чокнутый Пропеллер,1,0.05491246283054352,cnn_revised_20260919T110440Z,cnn_s2_11,val,Log-Mel CNN,0.06682424247264862,0.13586335132519403
seg_007712,sample_02669,Новый Нью-Йорк 2 - Чокнутый Пропеллер,1,0.019852682948112488,cnn_revised_20260919T110440Z,cnn_s2_11,val,Log-Mel CNN,0.06682424247264862,0.13586335132519403
seg_007713,sample_02670,Новый Нью-Йорк 2 - Чокнутый Пропеллер,1,0.7371834516525269,cnn_revised_20260919T110440Z,cnn_s2_11,val,Log-Mel CNN,0.06682424247264862,0.13586335132519403
seg_007714,sample_02670,Новый Нью-Йорк 2 - Чокнутый Пропеллер,1,0.06608878076076508,cnn_revised_20260919T110440Z,cnn_s2_11,val,Log-Mel CNN,0.06682424247264862,0.13586335132519403
seg_007715,sample_02670,Новый Нью-Йорк 2 - Чокнутый Пропеллер,1,0.551359236240387,cnn_revised_20260919T110440Z,cnn_s2_11,val,Log-Mel CNN,0.06682424247264862,0.13586335132519403
seg_007737,sample_02678,CopperNickle - UncleBibby,1,0.967293381690979,cnn_revised_20260919T110440Z,cnn_s2_11,val,Log-Mel CNN,0.06682424247264862,0.13586335132519403
seg_007738,sample_02678,CopperNickle - UncleBibby,1,0.6506775617599487,cnn_revised_20260919T110440Z,cnn_s2_11,val,Log-Mel CNN,0.06682424247264862,0.13586335132519403
seg_007739,sample_02678,CopperNickle - UncleBibby,1,0.9901421666145325,cnn_revised_20260919T110440Z,cnn_s2_11,val,Log-Mel CNN,0.06682424247264862,0.13586335132519403
seg_007743,sample_02680,Daylight Savings - My brother Daniel,1,0.19063258171081543,cnn_revised_20260919T110440Z,cnn_s2_11,val,Log-Mel CNN,0.06682424247264862,0.13586335132519403
seg_007744,sample_02680,Daylight Savings - My brother Daniel,1,0.9787640571594238,cnn_revised_20260919T110440Z,cnn_s2_11,val,Log-Mel CNN,0.06682424247264862,0.13586335132519403
seg_007745,sample_02680,Daylight Savings - My brother Daniel,1,0.9977005124092102,cnn_revised_20260919T110440Z,cnn_s2_11,val,Log-Mel CNN,0.06682424247264862,0.13586335132519403
seg_007770,sample_02689,mystery team 2090 - Jesse Futerman,1,0.13060440123081207,cnn_revised_20260919T110440Z,cnn_s2_11,val,Log-Mel CNN,0.06682424247264862,0.13586335132519403
seg_007771,sample_02689,mystery team 2090 - Jesse Futerman,1,0.055203091353178024,cnn_revised_20260919T110440Z,cnn_s2_11,val,Log-Mel CNN,0.06682424247264862,0.13586335132519403
seg_007772,sample_02689,mystery team 2090 - Jesse Futerman,1,0.6462754607200623,cnn_revised_20260919T110440Z,cnn_s2_11,val,Log-Mel CNN,0.06682424247264862,0.13586335132519403
seg_007773,sample_02690,Night Drive - Decktonic,1,0.04232931509613991,cnn_revised_20260919T110440Z,cnn_s2_11,val,Log-Mel CNN,0.06682424247264862,0.13586335132519403
seg_007774,sample_02690,Night Drive - Decktonic,1,0.531934380531311,cnn_revised_20260919T110440Z,cnn_s2_11,val,Log-Mel CNN,0.06682424247264862,0.13586335132519403
seg_007775,sample_02690,Night Drive - Decktonic,1,0.8550968766212463,cnn_revised_20260919T110440Z,cnn_s2_11,val,Log-Mel CNN,0.06682424247264862,0.13586335132519403
seg_007854,sample_02717,Agora - Malaventura,1,0.976747453212738,cnn_revised_20260919T110440Z,cnn_s2_11,val,Log-Mel CNN,0.06682424247264862,0.13586335132519403
seg_007855,sample_02717,Agora - Malaventura,1,0.3434159755706787,cnn_revised_20260919T110440Z,cnn_s2_11,val,Log-Mel CNN,0.06682424247264862,0.13586335132519403
seg_007856,sample_02717,Agora - Malaventura,1,0.9987252354621887,cnn_revised_20260919T110440Z,cnn_s2_11,val,Log-Mel CNN,0.06682424247264862,0.13586335132519403
seg_007878,sample_02725,Evil Cannot Create - Caleb Lemond,1,0.9986206293106079,cnn_revised_20260919T110440Z,cnn_s2_11,val,Log-Mel CNN,0.06682424247264862,0.13586335132519403
seg_007879,sample_02725,Evil Cannot Create - Caleb Lemond,1,0.05368928983807564,cnn_revised_20260919T110440Z,cnn_s2_11,val,Log-Mel CNN,0.06682424247264862,0.13586335132519403
seg_007880,sample_02725,Evil Cannot Create - Caleb Lemond,1,0.9952136278152466,cnn_revised_20260919T110440Z,cnn_s2_11,val,Log-Mel CNN,0.06682424247264862,0.13586335132519403
seg_007932,sample_02743,My Body Is A Weapon (Compromise Edit) - Silence is full of birds,1,0.7700335383415222,cnn_revised_20260919T110440Z,cnn_s2_11,val,Log-Mel CNN,0.06682424247264862,0.13586335132519403
seg_007933,sample_02743,My Body Is A Weapon (Compromise Edit) - Silence is full of birds,1,0.9018334150314331,cnn_revised_20260919T110440Z,cnn_s2_11,val,Log-Mel CNN,0.06682424247264862,0.13586335132519403
seg_007934,sample_02743,My Body Is A Weapon (Compromise Edit) - Silence is full of birds,1,0.6660512685775757,cnn_revised_20260919T110440Z,cnn_s2_11,val,Log-Mel CNN,0.06682424247264862,0.13586335132519403
seg_007938,sample_02745,New Life (take 1) - Bird Names,1,0.9757633209228516,cnn_revised_20260919T110440Z,cnn_s2_11,val,Log-Mel CNN,0.06682424247264862,0.13586335132519403
seg_007939,sample_02745,New Life (take 1) - Bird Names,1,0.9044179916381836,cnn_revised_20260919T110440Z,cnn_s2_11,val,Log-Mel CNN,0.06682424247264862,0.13586335132519403
seg_007940,sample_02745,New Life (take 1) - Bird Names,1,0.9950311183929443,cnn_revised_20260919T110440Z,cnn_s2_11,val,Log-Mel CNN,0.06682424247264862,0.13586335132519403
seg_007941,sample_02746,Norweigian Wood II - Bird Names,1,0.9819654822349548,cnn_revised_20260919T110440Z,cnn_s2_11,val,Log-Mel CNN,0.06682424247264862,0.13586335132519403
seg_007942,sample_02746,Norweigian Wood II - Bird Names,1,0.823894739151001,cnn_revised_20260919T110440Z,cnn_s2_11,val,Log-Mel CNN,0.06682424247264862,0.13586335132519403
seg_007943,sample_02746,Norweigian Wood II - Bird Names,1,0.9986359477043152,cnn_revised_20260919T110440Z,cnn_s2_11,val,Log-Mel CNN,0.06682424247264862,0.13586335132519403
seg_007965,sample_02754,Roller Star - Monroeville Music Center,1,0.5921758413314819,cnn_revised_20260919T110440Z,cnn_s2_11,val,Log-Mel CNN,0.06682424247264862,0.13586335132519403
seg_007966,sample_02754,Roller Star - Monroeville Music Center,1,0.3834711015224457,cnn_revised_20260919T110440Z,cnn_s2_11,val,Log-Mel CNN,0.06682424247264862,0.13586335132519403
seg_007967,sample_02754,Roller Star - Monroeville Music Center,1,0.9817249774932861,cnn_revised_20260919T110440Z,cnn_s2_11,val,Log-Mel CNN,0.06682424247264862,0.13586335132519403
seg_007977,sample_02758,Soleares&beats - Malaventura,1,0.42270442843437195,cnn_revised_20260919T110440Z,cnn_s2_11,val,Log-Mel CNN,0.06682424247264862,0.13586335132519403
seg_007978,sample_02758,Soleares&beats - Malaventura,1,0.6731857657432556,cnn_revised_20260919T110440Z,cnn_s2_11,val,Log-Mel CNN,0.06682424247264862,0.13586335132519403
seg_007979,sample_02758,Soleares&beats - Malaventura,1,0.9973059892654419,cnn_revised_20260919T110440Z,cnn_s2_11,val,Log-Mel CNN,0.06682424247264862,0.13586335132519403
seg_007989,sample_02762,Stockholm Syndrome / People Should Be More Aware - Bird Names,1,0.8271326422691345,cnn_revised_20260919T110440Z,cnn_s2_11,val,Log-Mel CNN,0.06682424247264862,0.13586335132519403
seg_007990,sample_02762,Stockholm Syndrome / People Should Be More Aware - Bird Names,1,0.3866961896419525,cnn_revised_20260919T110440Z,cnn_s2_11,val,Log-Mel CNN,0.06682424247264862,0.13586335132519403
seg_007991,sample_02762,Stockholm Syndrome / People Should Be More Aware - Bird Names,1,0.9410319328308105,cnn_revised_20260919T110440Z,cnn_s2_11,val,Log-Mel CNN,0.06682424247264862,0.13586335132519403
seg_008019,sample_02772,Time Is Love - Silence is full of birds,1,0.836335301399231,cnn_revised_20260919T110440Z,cnn_s2_11,val,Log-Mel CNN,0.06682424247264862,0.13586335132519403
seg_008020,sample_02772,Time Is Love - Silence is full of birds,1,0.9333517551422119,cnn_revised_20260919T110440Z,cnn_s2_11,val,Log-Mel CNN,0.06682424247264862,0.13586335132519403
seg_008021,sample_02772,Time Is Love - Silence is full of birds,1,0.9987471103668213,cnn_revised_20260919T110440Z,cnn_s2_11,val,Log-Mel CNN,0.06682424247264862,0.13586335132519403
seg_008043,sample_02780,2 (Wasn't There) - Isle of Pine,1,0.21316547691822052,cnn_revised_20260919T110440Z,cnn_s2_11,val,Log-Mel CNN,0.06682424247264862,0.13586335132519403
seg_008044,sample_02780,2 (Wasn't There) - Isle of Pine,1,0.887101948261261,cnn_revised_20260919T110440Z,cnn_s2_11,val,Log-Mel CNN,0.06682424247264862,0.13586335132519403
seg_008045,sample_02780,2 (Wasn't There) - Isle of Pine,1,0.8268680572509766,cnn_revised_20260919T110440Z,cnn_s2_11,val,Log-Mel CNN,0.06682424247264862,0.13586335132519403
seg_008073,sample_02790,Beyond Luxury - Mors Ontologica,1,0.34867432713508606,cnn_revised_20260919T110440Z,cnn_s2_11,val,Log-Mel CNN,0.06682424247264862,0.13586335132519403
seg_008074,sample_02790,Beyond Luxury - Mors Ontologica,1,0.1131887435913086,cnn_revised_20260919T110440Z,cnn_s2_11,val,Log-Mel CNN,0.06682424247264862,0.13586335132519403
seg_008075,sample_02790,Beyond Luxury - Mors Ontologica,1,0.9957574009895325,cnn_revised_20260919T110440Z,cnn_s2_11,val,Log-Mel CNN,0.06682424247264862,0.13586335132519403
seg_008106,sample_02801,Empty Pockets - Pete Prodoehl,1,0.9762423038482666,cnn_revised_20260919T110440Z,cnn_s2_11,val,Log-Mel CNN,0.06682424247264862,0.13586335132519403
seg_008107,sample_02801,Empty Pockets - Pete Prodoehl,1,0.7671253085136414,cnn_revised_20260919T110440Z,cnn_s2_11,val,Log-Mel CNN,0.06682424247264862,0.13586335132519403
seg_008108,sample_02801,Empty Pockets - Pete Prodoehl,1,0.9997596144676208,cnn_revised_20260919T110440Z,cnn_s2_11,val,Log-Mel CNN,0.06682424247264862,0.13586335132519403
seg_008121,sample_02806,Gila Monster Flop/Music History Lesson:The Sonics - The Crypts!,1,0.9964423775672913,cnn_revised_20260919T110440Z,cnn_s2_11,val,Log-Mel CNN,0.06682424247264862,0.13586335132519403
seg_008122,sample_02806,Gila Monster Flop/Music History Lesson:The Sonics - The Crypts!,1,0.22428728640079498,cnn_revised_20260919T110440Z,cnn_s2_11,val,Log-Mel CNN,0.06682424247264862,0.13586335132519403
seg_008123,sample_02806,Gila Monster Flop/Music History Lesson:The Sonics - The Crypts!,1,0.9951139688491821,cnn_revised_20260919T110440Z,cnn_s2_11,val,Log-Mel CNN,0.06682424247264862,0.13586335132519403
seg_008166,sample_02821,Lights Up - Pipe Choir,1,0.9961556792259216,cnn_revised_20260919T110440Z,cnn_s2_11,val,Log-Mel CNN,0.06682424247264862,0.13586335132519403
seg_008167,sample_02821,Lights Up - Pipe Choir,1,0.05081380903720856,cnn_revised_20260919T110440Z,cnn_s2_11,val,Log-Mel CNN,0.06682424247264862,0.13586335132519403
seg_008168,sample_02821,Lights Up - Pipe Choir,1,0.9424150586128235,cnn_revised_20260919T110440Z,cnn_s2_11,val,Log-Mel CNN,0.06682424247264862,0.13586335132519403
seg_008178,sample_02825,March of the GPA Mechanics - [t]ghost,1,0.9865582585334778,cnn_revised_20260919T110440Z,cnn_s2_11,val,Log-Mel CNN,0.06682424247264862,0.13586335132519403
seg_008179,sample_02825,March of the GPA Mechanics - [t]ghost,1,0.8184785842895508,cnn_revised_20260919T110440Z,cnn_s2_11,val,Log-Mel CNN,0.06682424247264862,0.13586335132519403
seg_008180,sample_02825,March of the GPA Mechanics - [t]ghost,1,0.9996892213821411,cnn_revised_20260919T110440Z,cnn_s2_11,val,Log-Mel CNN,0.06682424247264862,0.13586335132519403
seg_008205,sample_02834,Redlight - Room For A Ghost,1,0.8658862113952637,cnn_revised_20260919T110440Z,cnn_s2_11,val,Log-Mel CNN,0.06682424247264862,0.13586335132519403
seg_008206,sample_02834,Redlight - Room For A Ghost,1,0.15374720096588135,cnn_revised_20260919T110440Z,cnn_s2_11,val,Log-Mel CNN,0.06682424247264862,0.13586335132519403
seg_008207,sample_02834,Redlight - Room For A Ghost,1,0.9980015158653259,cnn_revised_20260919T110440Z,cnn_s2_11,val,Log-Mel CNN,0.06682424247264862,0.13586335132519403
seg_008217,sample_02838,Scramby Eggs - Andy G. Cohen,1,0.39864563941955566,cnn_revised_20260919T110440Z,cnn_s2_11,val,Log-Mel CNN,0.06682424247264862,0.13586335132519403
seg_008218,sample_02838,Scramby Eggs - Andy G. Cohen,1,0.39847445487976074,cnn_revised_20260919T110440Z,cnn_s2_11,val,Log-Mel CNN,0.06682424247264862,0.13586335132519403
seg_008219,sample_02838,Scramby Eggs - Andy G. Cohen,1,0.9665548801422119,cnn_revised_20260919T110440Z,cnn_s2_11,val,Log-Mel CNN,0.06682424247264862,0.13586335132519403
seg_008226,sample_02841,Shipwrecked Crew - Pete Prodoehl,1,0.12491294741630554,cnn_revised_20260919T110440Z,cnn_s2_11,val,Log-Mel CNN,0.06682424247264862,0.13586335132519403
seg_008227,sample_02841,Shipwrecked Crew - Pete Prodoehl,1,0.6761079430580139,cnn_revised_20260919T110440Z,cnn_s2_11,val,Log-Mel CNN,0.06682424247264862,0.13586335132519403
seg_008228,sample_02841,Shipwrecked Crew - Pete Prodoehl,1,0.37195444107055664,cnn_revised_20260919T110440Z,cnn_s2_11,val,Log-Mel CNN,0.06682424247264862,0.13586335132519403
seg_008244,sample_02847,В Наших Сердцах - Чокнутый Пропеллер,1,0.3010950982570648,cnn_revised_20260919T110440Z,cnn_s2_11,val,Log-Mel CNN,0.06682424247264862,0.13586335132519403
seg_008245,sample_02847,В Наших Сердцах - Чокнутый Пропеллер,1,0.22363771498203278,cnn_revised_20260919T110440Z,cnn_s2_11,val,Log-Mel CNN,0.06682424247264862,0.13586335132519403
seg_008246,sample_02847,В Наших Сердцах - Чокнутый Пропеллер,1,0.996485710144043,cnn_revised_20260919T110440Z,cnn_s2_11,val,Log-Mel CNN,0.06682424247264862,0.13586335132519403
seg_008253,sample_02850,The girl just faded - Los Llamarada,1,0.9929981231689453,cnn_revised_20260919T110440Z,cnn_s2_11,val,Log-Mel CNN,0.06682424247264862,0.13586335132519403
seg_008254,sample_02850,The girl just faded - Los Llamarada,1,0.9983538389205933,cnn_revised_20260919T110440Z,cnn_s2_11,val,Log-Mel CNN,0.06682424247264862,0.13586335132519403
seg_008255,sample_02850,The girl just faded - Los Llamarada,1,0.9928973913192749,cnn_revised_20260919T110440Z,cnn_s2_11,val,Log-Mel CNN,0.06682424247264862,0.13586335132519403
seg_008265,sample_02854,Voxel - Andy G. Cohen,1,0.1087939515709877,cnn_revised_20260919T110440Z,cnn_s2_11,val,Log-Mel CNN,0.06682424247264862,0.13586335132519403
seg_008266,sample_02854,Voxel - Andy G. Cohen,1,0.23791688680648804,cnn_revised_20260919T110440Z,cnn_s2_11,val,Log-Mel CNN,0.06682424247264862,0.13586335132519403
seg_008267,sample_02854,Voxel - Andy G. Cohen,1,0.9374077320098877,cnn_revised_20260919T110440Z,cnn_s2_11,val,Log-Mel CNN,0.06682424247264862,0.13586335132519403
seg_008289,sample_02862,В Наших Сердцах - Чокнутый Пропеллер,1,0.8718316555023193,cnn_revised_20260919T110440Z,cnn_s2_11,val,Log-Mel CNN,0.06682424247264862,0.13586335132519403
seg_008290,sample_02862,В Наших Сердцах - Чокнутый Пропеллер,1,0.0091174878180027,cnn_revised_20260919T110440Z,cnn_s2_11,val,Log-Mel CNN,0.06682424247264862,0.13586335132519403
seg_008291,sample_02862,В Наших Сердцах - Чокнутый Пропеллер,1,0.9928461909294128,cnn_revised_20260919T110440Z,cnn_s2_11,val,Log-Mel CNN,0.06682424247264862,0.13586335132519403
seg_008295,sample_02864,В Наших Сердцах - Чокнутый Пропеллер,1,0.10800591111183167,cnn_revised_20260919T110440Z,cnn_s2_11,val,Log-Mel CNN,0.06682424247264862,0.13586335132519403
seg_008296,sample_02864,В Наших Сердцах - Чокнутый Пропеллер,1,0.13485202193260193,cnn_revised_20260919T110440Z,cnn_s2_11,val,Log-Mel CNN,0.06682424247264862,0.13586335132519403
seg_008297,sample_02864,В Наших Сердцах - Чокнутый Пропеллер,1,0.9513821005821228,cnn_revised_20260919T110440Z,cnn_s2_11,val,Log-Mel CNN,0.06682424247264862,0.13586335132519403
seg_008304,sample_02867,2 (Wasn't There) - Isle of Pine,1,0.09686464816331863,cnn_revised_20260919T110440Z,cnn_s2_11,val,Log-Mel CNN,0.06682424247264862,0.13586335132519403
seg_008305,sample_02867,2 (Wasn't There) - Isle of Pine,1,0.010667773894965649,cnn_revised_20260919T110440Z,cnn_s2_11,val,Log-Mel CNN,0.06682424247264862,0.13586335132519403
seg_008306,sample_02867,2 (Wasn't There) - Isle of Pine,1,0.12638996541500092,cnn_revised_20260919T110440Z,cnn_s2_11,val,Log-Mel CNN,0.06682424247264862,0.13586335132519403
seg_008307,sample_02868,2 (Wasn't There) - Isle of Pine,1,0.5258749127388,cnn_revised_20260919T110440Z,cnn_s2_11,val,Log-Mel CNN,0.06682424247264862,0.13586335132519403
seg_008308,sample_02868,2 (Wasn't There) - Isle of Pine,1,0.009638111107051373,cnn_revised_20260919T110440Z,cnn_s2_11,val,Log-Mel CNN,0.06682424247264862,0.13586335132519403
seg_008309,sample_02868,2 (Wasn't There) - Isle of Pine,1,0.835282027721405,cnn_revised_20260919T110440Z,cnn_s2_11,val,Log-Mel CNN,0.06682424247264862,0.13586335132519403
seg_008400,sample_02899,CopperNickle - UncleBibby,1,0.7269278168678284,cnn_revised_20260919T110440Z,cnn_s2_11,val,Log-Mel CNN,0.06682424247264862,0.13586335132519403
seg_008401,sample_02899,CopperNickle - UncleBibby,1,0.0005169961368665099,cnn_revised_20260919T110440Z,cnn_s2_11,val,Log-Mel CNN,0.06682424247264862,0.13586335132519403
seg_008402,sample_02899,CopperNickle - UncleBibby,1,0.43837302923202515,cnn_revised_20260919T110440Z,cnn_s2_11,val,Log-Mel CNN,0.06682424247264862,0.13586335132519403
seg_008403,sample_02900,CopperNickle - UncleBibby,1,0.001213873503729701,cnn_revised_20260919T110440Z,cnn_s2_11,val,Log-Mel CNN,0.06682424247264862,0.13586335132519403
seg_008404,sample_02900,CopperNickle - UncleBibby,1,0.04481213167309761,cnn_revised_20260919T110440Z,cnn_s2_11,val,Log-Mel CNN,0.06682424247264862,0.13586335132519403
seg_008405,sample_02900,CopperNickle - UncleBibby,1,0.3915728032588959,cnn_revised_20260919T110440Z,cnn_s2_11,val,Log-Mel CNN,0.06682424247264862,0.13586335132519403
seg_008418,sample_02905,Daylight Savings - My brother Daniel,1,0.41067731380462646,cnn_revised_20260919T110440Z,cnn_s2_11,val,Log-Mel CNN,0.06682424247264862,0.13586335132519403
seg_008419,sample_02905,Daylight Savings - My brother Daniel,1,0.025359729304909706,cnn_revised_20260919T110440Z,cnn_s2_11,val,Log-Mel CNN,0.06682424247264862,0.13586335132519403
seg_008420,sample_02905,Daylight Savings - My brother Daniel,1,0.7674461007118225,cnn_revised_20260919T110440Z,cnn_s2_11,val,Log-Mel CNN,0.06682424247264862,0.13586335132519403
seg_008421,sample_02906,Daylight Savings - My brother Daniel,1,0.020694047212600708,cnn_revised_20260919T110440Z,cnn_s2_11,val,Log-Mel CNN,0.06682424247264862,0.13586335132519403
seg_008422,sample_02906,Daylight Savings - My brother Daniel,1,0.06775582581758499,cnn_revised_20260919T110440Z,cnn_s2_11,val,Log-Mel CNN,0.06682424247264862,0.13586335132519403
seg_008423,sample_02906,Daylight Savings - My brother Daniel,1,0.9354067444801331,cnn_revised_20260919T110440Z,cnn_s2_11,val,Log-Mel CNN,0.06682424247264862,0.13586335132519403
seg_008448,sample_02915,Empty Pockets - Pete Prodoehl,1,0.9994823932647705,cnn_revised_20260919T110440Z,cnn_s2_11,val,Log-Mel CNN,0.06682424247264862,0.13586335132519403
seg_008449,sample_02915,Empty Pockets - Pete Prodoehl,1,0.88136887550354,cnn_revised_20260919T110440Z,cnn_s2_11,val,Log-Mel CNN,0.06682424247264862,0.13586335132519403
seg_008450,sample_02915,Empty Pockets - Pete Prodoehl,1,0.009609977714717388,cnn_revised_20260919T110440Z,cnn_s2_11,val,Log-Mel CNN,0.06682424247264862,0.13586335132519403
seg_008451,sample_02916,Empty Pockets - Pete Prodoehl,1,0.9841153621673584,cnn_revised_20260919T110440Z,cnn_s2_11,val,Log-Mel CNN,0.06682424247264862,0.13586335132519403
seg_008452,sample_02916,Empty Pockets - Pete Prodoehl,1,0.31334927678108215,cnn_revised_20260919T110440Z,cnn_s2_11,val,Log-Mel CNN,0.06682424247264862,0.13586335132519403
seg_008453,sample_02916,Empty Pockets - Pete Prodoehl,1,0.9677523374557495,cnn_revised_20260919T110440Z,cnn_s2_11,val,Log-Mel CNN,0.06682424247264862,0.13586335132519403
seg_008460,sample_02919,Evil Cannot Create - Caleb Lemond,1,0.9846732020378113,cnn_revised_20260919T110440Z,cnn_s2_11,val,Log-Mel CNN,0.06682424247264862,0.13586335132519403
seg_008461,sample_02919,Evil Cannot Create - Caleb Lemond,1,0.2082126885652542,cnn_revised_20260919T110440Z,cnn_s2_11,val,Log-Mel CNN,0.06682424247264862,0.13586335132519403
seg_008462,sample_02919,Evil Cannot Create - Caleb Lemond,1,0.8847213983535767,cnn_revised_20260919T110440Z,cnn_s2_11,val,Log-Mel CNN,0.06682424247264862,0.13586335132519403
seg_008463,sample_02920,Evil Cannot Create - Caleb Lemond,1,0.9442641139030457,cnn_revised_20260919T110440Z,cnn_s2_11,val,Log-Mel CNN,0.06682424247264862,0.13586335132519403
seg_008464,sample_02920,Evil Cannot Create - Caleb Lemond,1,0.22265097498893738,cnn_revised_20260919T110440Z,cnn_s2_11,val,Log-Mel CNN,0.06682424247264862,0.13586335132519403
seg_008465,sample_02920,Evil Cannot Create - Caleb Lemond,1,0.03374568000435829,cnn_revised_20260919T110440Z,cnn_s2_11,val,Log-Mel CNN,0.06682424247264862,0.13586335132519403
seg_008502,sample_02933,Gila Monster Flop/Music History Lesson:The Sonics - The Crypts!,1,0.011878195218741894,cnn_revised_20260919T110440Z,cnn_s2_11,val,Log-Mel CNN,0.06682424247264862,0.13586335132519403
seg_008503,sample_02933,Gila Monster Flop/Music History Lesson:The Sonics - The Crypts!,1,0.7065786123275757,cnn_revised_20260919T110440Z,cnn_s2_11,val,Log-Mel CNN,0.06682424247264862,0.13586335132519403
seg_008504,sample_02933,Gila Monster Flop/Music History Lesson:The Sonics - The Crypts!,1,0.5775446891784668,cnn_revised_20260919T110440Z,cnn_s2_11,val,Log-Mel CNN,0.06682424247264862,0.13586335132519403
seg_008505,sample_02934,Gila Monster Flop/Music History Lesson:The Sonics - The Crypts!,1,0.0007704377640038729,cnn_revised_20260919T110440Z,cnn_s2_11,val,Log-Mel CNN,0.06682424247264862,0.13586335132519403
seg_008506,sample_02934,Gila Monster Flop/Music History Lesson:The Sonics - The Crypts!,1,0.016979403793811798,cnn_revised_20260919T110440Z,cnn_s2_11,val,Log-Mel CNN,0.06682424247264862,0.13586335132519403
seg_008507,sample_02934,Gila Monster Flop/Music History Lesson:The Sonics - The Crypts!,1,0.09728085249662399,cnn_revised_20260919T110440Z,cnn_s2_11,val,Log-Mel CNN,0.06682424247264862,0.13586335132519403
seg_008538,sample_02945,I Fell - Mod Fun,1,0.020570946857333183,cnn_revised_20260919T110440Z,cnn_s2_11,val,Log-Mel CNN,0.06682424247264862,0.13586335132519403
seg_008539,sample_02945,I Fell - Mod Fun,1,0.0646485686302185,cnn_revised_20260919T110440Z,cnn_s2_11,val,Log-Mel CNN,0.06682424247264862,0.13586335132519403
seg_008540,sample_02945,I Fell - Mod Fun,1,0.4836221933364868,cnn_revised_20260919T110440Z,cnn_s2_11,val,Log-Mel CNN,0.06682424247264862,0.13586335132519403
seg_008541,sample_02946,I Fell - Mod Fun,1,0.009213064797222614,cnn_revised_20260919T110440Z,cnn_s2_11,val,Log-Mel CNN,0.06682424247264862,0.13586335132519403
seg_008542,sample_02946,I Fell - Mod Fun,1,0.06963888555765152,cnn_revised_20260919T110440Z,cnn_s2_11,val,Log-Mel CNN,0.06682424247264862,0.13586335132519403
seg_008543,sample_02946,I Fell - Mod Fun,1,0.4040398895740509,cnn_revised_20260919T110440Z,cnn_s2_11,val,Log-Mel CNN,0.06682424247264862,0.13586335132519403
seg_008652,sample_02983,March of the GPA Mechanics - [t]ghost,1,0.0023004503455013037,cnn_revised_20260919T110440Z,cnn_s2_11,val,Log-Mel CNN,0.06682424247264862,0.13586335132519403
seg_008653,sample_02983,March of the GPA Mechanics - [t]ghost,1,0.7973282337188721,cnn_revised_20260919T110440Z,cnn_s2_11,val,Log-Mel CNN,0.06682424247264862,0.13586335132519403
seg_008654,sample_02983,March of the GPA Mechanics - [t]ghost,1,0.8908525705337524,cnn_revised_20260919T110440Z,cnn_s2_11,val,Log-Mel CNN,0.06682424247264862,0.13586335132519403
seg_008655,sample_02984,March of the GPA Mechanics - [t]ghost,1,0.01795938052237034,cnn_revised_20260919T110440Z,cnn_s2_11,val,Log-Mel CNN,0.06682424247264862,0.13586335132519403
seg_008656,sample_02984,March of the GPA Mechanics - [t]ghost,1,0.06709374487400055,cnn_revised_20260919T110440Z,cnn_s2_11,val,Log-Mel CNN,0.06682424247264862,0.13586335132519403
seg_008657,sample_02984,March of the GPA Mechanics - [t]ghost,1,0.9346522092819214,cnn_revised_20260919T110440Z,cnn_s2_11,val,Log-Mel CNN,0.06682424247264862,0.13586335132519403
seg_008700,sample_02999,New Life (take 1) - Bird Names,1,0.012700475752353668,cnn_revised_20260919T110440Z,cnn_s2_11,val,Log-Mel CNN,0.06682424247264862,0.13586335132519403
seg_008701,sample_02999,New Life (take 1) - Bird Names,1,0.025216981768608093,cnn_revised_20260919T110440Z,cnn_s2_11,val,Log-Mel CNN,0.06682424247264862,0.13586335132519403
seg_008702,sample_02999,New Life (take 1) - Bird Names,1,0.9220088720321655,cnn_revised_20260919T110440Z,cnn_s2_11,val,Log-Mel CNN,0.06682424247264862,0.13586335132519403
seg_008703,sample_03000,New Life (take 1) - Bird Names,1,0.021978911012411118,cnn_revised_20260919T110440Z,cnn_s2_11,val,Log-Mel CNN,0.06682424247264862,0.13586335132519403
seg_008704,sample_03000,New Life (take 1) - Bird Names,1,0.042943309992551804,cnn_revised_20260919T110440Z,cnn_s2_11,val,Log-Mel CNN,0.06682424247264862,0.13586335132519403
seg_008705,sample_03000,New Life (take 1) - Bird Names,1,0.2951197624206543,cnn_revised_20260919T110440Z,cnn_s2_11,val,Log-Mel CNN,0.06682424247264862,0.13586335132519403
seg_008706,sample_03001,Night Drive - Decktonic,1,0.4510341286659241,cnn_revised_20260919T110440Z,cnn_s2_11,val,Log-Mel CNN,0.06682424247264862,0.13586335132519403
seg_008707,sample_03001,Night Drive - Decktonic,1,0.6637110114097595,cnn_revised_20260919T110440Z,cnn_s2_11,val,Log-Mel CNN,0.06682424247264862,0.13586335132519403
seg_008708,sample_03001,Night Drive - Decktonic,1,0.20341457426548004,cnn_revised_20260919T110440Z,cnn_s2_11,val,Log-Mel CNN,0.06682424247264862,0.13586335132519403
seg_008709,sample_03002,Night Drive - Decktonic,1,0.4031050205230713,cnn_revised_20260919T110440Z,cnn_s2_11,val,Log-Mel CNN,0.06682424247264862,0.13586335132519403
seg_008710,sample_03002,Night Drive - Decktonic,1,0.2483384609222412,cnn_revised_20260919T110440Z,cnn_s2_11,val,Log-Mel CNN,0.06682424247264862,0.13586335132519403
seg_008711,sample_03002,Night Drive - Decktonic,1,0.9828883409500122,cnn_revised_20260919T110440Z,cnn_s2_11,val,Log-Mel CNN,0.06682424247264862,0.13586335132519403
seg_008724,sample_03007,Norweigian Wood II - Bird Names,1,0.047514237463474274,cnn_revised_20260919T110440Z,cnn_s2_11,val,Log-Mel CNN,0.06682424247264862,0.13586335132519403
seg_008725,sample_03007,Norweigian Wood II - Bird Names,1,0.3390558660030365,cnn_revised_20260919T110440Z,cnn_s2_11,val,Log-Mel CNN,0.06682424247264862,0.13586335132519403
seg_008726,sample_03007,Norweigian Wood II - Bird Names,1,0.6406281590461731,cnn_revised_20260919T110440Z,cnn_s2_11,val,Log-Mel CNN,0.06682424247264862,0.13586335132519403
seg_008727,sample_03008,Norweigian Wood II - Bird Names,1,0.10932092368602753,cnn_revised_20260919T110440Z,cnn_s2_11,val,Log-Mel CNN,0.06682424247264862,0.13586335132519403
seg_008728,sample_03008,Norweigian Wood II - Bird Names,1,0.0837467834353447,cnn_revised_20260919T110440Z,cnn_s2_11,val,Log-Mel CNN,0.06682424247264862,0.13586335132519403
seg_008729,sample_03008,Norweigian Wood II - Bird Names,1,0.9421277046203613,cnn_revised_20260919T110440Z,cnn_s2_11,val,Log-Mel CNN,0.06682424247264862,0.13586335132519403
seg_008736,sample_03011,Nuo Maisemat - Paavoharju,1,0.013727960176765919,cnn_revised_20260919T110440Z,cnn_s2_11,val,Log-Mel CNN,0.06682424247264862,0.13586335132519403
seg_008737,sample_03011,Nuo Maisemat - Paavoharju,1,0.2093583345413208,cnn_revised_20260919T110440Z,cnn_s2_11,val,Log-Mel CNN,0.06682424247264862,0.13586335132519403
seg_008738,sample_03011,Nuo Maisemat - Paavoharju,1,0.3866339325904846,cnn_revised_20260919T110440Z,cnn_s2_11,val,Log-Mel CNN,0.06682424247264862,0.13586335132519403
seg_008739,sample_03012,Nuo Maisemat - Paavoharju,1,0.6794813871383667,cnn_revised_20260919T110440Z,cnn_s2_11,val,Log-Mel CNN,0.06682424247264862,0.13586335132519403
seg_008740,sample_03012,Nuo Maisemat - Paavoharju,1,0.41461580991744995,cnn_revised_20260919T110440Z,cnn_s2_11,val,Log-Mel CNN,0.06682424247264862,0.13586335132519403
seg_008741,sample_03012,Nuo Maisemat - Paavoharju,1,0.030378101393580437,cnn_revised_20260919T110440Z,cnn_s2_11,val,Log-Mel CNN,0.06682424247264862,0.13586335132519403
seg_008844,sample_03047,Roller Star - Monroeville Music Center,1,0.08669179677963257,cnn_revised_20260919T110440Z,cnn_s2_11,val,Log-Mel CNN,0.06682424247264862,0.13586335132519403
seg_008845,sample_03047,Roller Star - Monroeville Music Center,1,0.005284506361931562,cnn_revised_20260919T110440Z,cnn_s2_11,val,Log-Mel CNN,0.06682424247264862,0.13586335132519403
seg_008846,sample_03047,Roller Star - Monroeville Music Center,1,0.7650611400604248,cnn_revised_20260919T110440Z,cnn_s2_11,val,Log-Mel CNN,0.06682424247264862,0.13586335132519403
seg_008847,sample_03048,Roller Star - Monroeville Music Center,1,0.021917151287198067,cnn_revised_20260919T110440Z,cnn_s2_11,val,Log-Mel CNN,0.06682424247264862,0.13586335132519403
seg_008848,sample_03048,Roller Star - Monroeville Music Center,1,0.015623057261109352,cnn_revised_20260919T110440Z,cnn_s2_11,val,Log-Mel CNN,0.06682424247264862,0.13586335132519403
seg_008849,sample_03048,Roller Star - Monroeville Music Center,1,0.8029897212982178,cnn_revised_20260919T110440Z,cnn_s2_11,val,Log-Mel CNN,0.06682424247264862,0.13586335132519403
seg_008850,sample_03049,"Roundtrip - Oh Yeah, the Future",1,0.9302771091461182,cnn_revised_20260919T110440Z,cnn_s2_11,val,Log-Mel CNN,0.06682424247264862,0.13586335132519403
seg_008851,sample_03049,"Roundtrip - Oh Yeah, the Future",1,0.03756732866168022,cnn_revised_20260919T110440Z,cnn_s2_11,val,Log-Mel CNN,0.06682424247264862,0.13586335132519403
seg_008852,sample_03049,"Roundtrip - Oh Yeah, the Future",1,0.964033842086792,cnn_revised_20260919T110440Z,cnn_s2_11,val,Log-Mel CNN,0.06682424247264862,0.13586335132519403
seg_008853,sample_03050,"Roundtrip - Oh Yeah, the Future",1,0.4942812919616699,cnn_revised_20260919T110440Z,cnn_s2_11,val,Log-Mel CNN,0.06682424247264862,0.13586335132519403
seg_008854,sample_03050,"Roundtrip - Oh Yeah, the Future",1,0.018304098397493362,cnn_revised_20260919T110440Z,cnn_s2_11,val,Log-Mel CNN,0.06682424247264862,0.13586335132519403
seg_008855,sample_03050,"Roundtrip - Oh Yeah, the Future",1,0.9937946796417236,cnn_revised_20260919T110440Z,cnn_s2_11,val,Log-Mel CNN,0.06682424247264862,0.13586335132519403
seg_008862,sample_03053,SD (Ill Mix) - H-LR,1,0.015275981277227402,cnn_revised_20260919T110440Z,cnn_s2_11,val,Log-Mel CNN,0.06682424247264862,0.13586335132519403
seg_008863,sample_03053,SD (Ill Mix) - H-LR,1,0.05113578587770462,cnn_revised_20260919T110440Z,cnn_s2_11,val,Log-Mel CNN,0.06682424247264862,0.13586335132519403
seg_008864,sample_03053,SD (Ill Mix) - H-LR,1,0.99765944480896,cnn_revised_20260919T110440Z,cnn_s2_11,val,Log-Mel CNN,0.06682424247264862,0.13586335132519403
seg_008865,sample_03054,SD (Ill Mix) - H-LR,1,0.35040104389190674,cnn_revised_20260919T110440Z,cnn_s2_11,val,Log-Mel CNN,0.06682424247264862,0.13586335132519403
seg_008866,sample_03054,SD (Ill Mix) - H-LR,1,0.04389159381389618,cnn_revised_20260919T110440Z,cnn_s2_11,val,Log-Mel CNN,0.06682424247264862,0.13586335132519403
seg_008867,sample_03054,SD (Ill Mix) - H-LR,1,0.9222573041915894,cnn_revised_20260919T110440Z,cnn_s2_11,val,Log-Mel CNN,0.06682424247264862,0.13586335132519403
seg_008868,sample_03055,Scramby Eggs - Andy G. Cohen,1,0.3576347529888153,cnn_revised_20260919T110440Z,cnn_s2_11,val,Log-Mel CNN,0.06682424247264862,0.13586335132519403
seg_008869,sample_03055,Scramby Eggs - Andy G. Cohen,1,0.013447611592710018,cnn_revised_20260919T110440Z,cnn_s2_11,val,Log-Mel CNN,0.06682424247264862,0.13586335132519403
seg_008870,sample_03055,Scramby Eggs - Andy G. Cohen,1,0.6874308586120605,cnn_revised_20260919T110440Z,cnn_s2_11,val,Log-Mel CNN,0.06682424247264862,0.13586335132519403
seg_008871,sample_03056,Scramby Eggs - Andy G. Cohen,1,0.07491985708475113,cnn_revised_20260919T110440Z,cnn_s2_11,val,Log-Mel CNN,0.06682424247264862,0.13586335132519403
seg_008872,sample_03056,Scramby Eggs - Andy G. Cohen,1,0.016612431034445763,cnn_revised_20260919T110440Z,cnn_s2_11,val,Log-Mel CNN,0.06682424247264862,0.13586335132519403
seg_008873,sample_03056,Scramby Eggs - Andy G. Cohen,1,0.12838318943977356,cnn_revised_20260919T110440Z,cnn_s2_11,val,Log-Mel CNN,0.06682424247264862,0.13586335132519403
seg_008910,sample_03069,Soleares&beats - Malaventura,1,0.7001982927322388,cnn_revised_20260919T110440Z,cnn_s2_11,val,Log-Mel CNN,0.06682424247264862,0.13586335132519403
seg_008911,sample_03069,Soleares&beats - Malaventura,1,0.18259026110172272,cnn_revised_20260919T110440Z,cnn_s2_11,val,Log-Mel CNN,0.06682424247264862,0.13586335132519403
seg_008912,sample_03069,Soleares&beats - Malaventura,1,0.0177232027053833,cnn_revised_20260919T110440Z,cnn_s2_11,val,Log-Mel CNN,0.06682424247264862,0.13586335132519403
seg_008913,sample_03070,Soleares&beats - Malaventura,1,0.8166472315788269,cnn_revised_20260919T110440Z,cnn_s2_11,val,Log-Mel CNN,0.06682424247264862,0.13586335132519403
seg_008914,sample_03070,Soleares&beats - Malaventura,1,0.7065781354904175,cnn_revised_20260919T110440Z,cnn_s2_11,val,Log-Mel CNN,0.06682424247264862,0.13586335132519403
seg_008915,sample_03070,Soleares&beats - Malaventura,1,0.8575796484947205,cnn_revised_20260919T110440Z,cnn_s2_11,val,Log-Mel CNN,0.06682424247264862,0.13586335132519403
seg_008934,sample_03077,Stockholm Syndrome / People Should Be More Aware - Bird Names,1,0.210428848862648,cnn_revised_20260919T110440Z,cnn_s2_11,val,Log-Mel CNN,0.06682424247264862,0.13586335132519403
seg_008935,sample_03077,Stockholm Syndrome / People Should Be More Aware - Bird Names,1,0.9107092022895813,cnn_revised_20260919T110440Z,cnn_s2_11,val,Log-Mel CNN,0.06682424247264862,0.13586335132519403
seg_008936,sample_03077,Stockholm Syndrome / People Should Be More Aware - Bird Names,1,0.824384868144989,cnn_revised_20260919T110440Z,cnn_s2_11,val,Log-Mel CNN,0.06682424247264862,0.13586335132519403
seg_008937,sample_03078,Stockholm Syndrome / People Should Be More Aware - Bird Names,1,0.0006395792588591576,cnn_revised_20260919T110440Z,cnn_s2_11,val,Log-Mel CNN,0.06682424247264862,0.13586335132519403
seg_008938,sample_03078,Stockholm Syndrome / People Should Be More Aware - Bird Names,1,0.06496507674455643,cnn_revised_20260919T110440Z,cnn_s2_11,val,Log-Mel CNN,0.06682424247264862,0.13586335132519403
seg_008939,sample_03078,Stockholm Syndrome / People Should Be More Aware - Bird Names,1,0.0017194924876093864,cnn_revised_20260919T110440Z,cnn_s2_11,val,Log-Mel CNN,0.06682424247264862,0.13586335132519403
seg_009030,sample_03109,The girl just faded - Los Llamarada,1,0.6435267329216003,cnn_revised_20260919T110440Z,cnn_s2_11,val,Log-Mel CNN,0.06682424247264862,0.13586335132519403
seg_009031,sample_03109,The girl just faded - Los Llamarada,1,0.006463621277362108,cnn_revised_20260919T110440Z,cnn_s2_11,val,Log-Mel CNN,0.06682424247264862,0.13586335132519403
seg_009032,sample_03109,The girl just faded - Los Llamarada,1,0.9432233572006226,cnn_revised_20260919T110440Z,cnn_s2_11,val,Log-Mel CNN,0.06682424247264862,0.13586335132519403
seg_009033,sample_03110,The girl just faded - Los Llamarada,1,0.28977063298225403,cnn_revised_20260919T110440Z,cnn_s2_11,val,Log-Mel CNN,0.06682424247264862,0.13586335132519403
seg_009034,sample_03110,The girl just faded - Los Llamarada,1,0.010713045485317707,cnn_revised_20260919T110440Z,cnn_s2_11,val,Log-Mel CNN,0.06682424247264862,0.13586335132519403
seg_009035,sample_03110,The girl just faded - Los Llamarada,1,0.18970505893230438,cnn_revised_20260919T110440Z,cnn_s2_11,val,Log-Mel CNN,0.06682424247264862,0.13586335132519403
seg_009042,sample_03113,Time Is Love - Silence is full of birds,1,0.22374337911605835,cnn_revised_20260919T110440Z,cnn_s2_11,val,Log-Mel CNN,0.06682424247264862,0.13586335132519403
seg_009043,sample_03113,Time Is Love - Silence is full of birds,1,0.0336918830871582,cnn_revised_20260919T110440Z,cnn_s2_11,val,Log-Mel CNN,0.06682424247264862,0.13586335132519403
seg_009044,sample_03113,Time Is Love - Silence is full of birds,1,0.9857842326164246,cnn_revised_20260919T110440Z,cnn_s2_11,val,Log-Mel CNN,0.06682424247264862,0.13586335132519403
seg_009045,sample_03114,Time Is Love - Silence is full of birds,1,0.5059008598327637,cnn_revised_20260919T110440Z,cnn_s2_11,val,Log-Mel CNN,0.06682424247264862,0.13586335132519403
seg_009046,sample_03114,Time Is Love - Silence is full of birds,1,0.14672312140464783,cnn_revised_20260919T110440Z,cnn_s2_11,val,Log-Mel CNN,0.06682424247264862,0.13586335132519403
seg_009047,sample_03114,Time Is Love - Silence is full of birds,1,0.052120838314294815,cnn_revised_20260919T110440Z,cnn_s2_11,val,Log-Mel CNN,0.06682424247264862,0.13586335132519403
seg_009078,sample_03125,Voxel - Andy G. Cohen,1,0.4069831967353821,cnn_revised_20260919T110440Z,cnn_s2_11,val,Log-Mel CNN,0.06682424247264862,0.13586335132519403
seg_009079,sample_03125,Voxel - Andy G. Cohen,1,0.004093128256499767,cnn_revised_20260919T110440Z,cnn_s2_11,val,Log-Mel CNN,0.06682424247264862,0.13586335132519403
seg_009080,sample_03125,Voxel - Andy G. Cohen,1,0.09500663727521896,cnn_revised_20260919T110440Z,cnn_s2_11,val,Log-Mel CNN,0.06682424247264862,0.13586335132519403
seg_009081,sample_03126,Voxel - Andy G. Cohen,1,0.563215434551239,cnn_revised_20260919T110440Z,cnn_s2_11,val,Log-Mel CNN,0.06682424247264862,0.13586335132519403
seg_009082,sample_03126,Voxel - Andy G. Cohen,1,0.02089342288672924,cnn_revised_20260919T110440Z,cnn_s2_11,val,Log-Mel CNN,0.06682424247264862,0.13586335132519403
seg_009083,sample_03126,Voxel - Andy G. Cohen,1,0.755089521408081,cnn_revised_20260919T110440Z,cnn_s2_11,val,Log-Mel CNN,0.06682424247264862,0.13586335132519403
seg_009114,sample_03137,Windows of the Skull - Sarin,1,0.11195941269397736,cnn_revised_20260919T110440Z,cnn_s2_11,val,Log-Mel CNN,0.06682424247264862,0.13586335132519403
seg_009115,sample_03137,Windows of the Skull - Sarin,1,0.013090397231280804,cnn_revised_20260919T110440Z,cnn_s2_11,val,Log-Mel CNN,0.06682424247264862,0.13586335132519403
seg_009116,sample_03137,Windows of the Skull - Sarin,1,0.983852744102478,cnn_revised_20260919T110440Z,cnn_s2_11,val,Log-Mel CNN,0.06682424247264862,0.13586335132519403
seg_009117,sample_03138,Windows of the Skull - Sarin,1,0.6176531314849854,cnn_revised_20260919T110440Z,cnn_s2_11,val,Log-Mel CNN,0.06682424247264862,0.13586335132519403
seg_009118,sample_03138,Windows of the Skull - Sarin,1,0.10493393242359161,cnn_revised_20260919T110440Z,cnn_s2_11,val,Log-Mel CNN,0.06682424247264862,0.13586335132519403
seg_009119,sample_03138,Windows of the Skull - Sarin,1,0.23786672949790955,cnn_revised_20260919T110440Z,cnn_s2_11,val,Log-Mel CNN,0.06682424247264862,0.13586335132519403
seg_009168,sample_03155,mystery team 2090 - Jesse Futerman,1,0.9823367595672607,cnn_revised_20260919T110440Z,cnn_s2_11,val,Log-Mel CNN,0.06682424247264862,0.13586335132519403
seg_009169,sample_03155,mystery team 2090 - Jesse Futerman,1,0.9714845418930054,cnn_revised_20260919T110440Z,cnn_s2_11,val,Log-Mel CNN,0.06682424247264862,0.13586335132519403
seg_009170,sample_03155,mystery team 2090 - Jesse Futerman,1,0.890923023223877,cnn_revised_20260919T110440Z,cnn_s2_11,val,Log-Mel CNN,0.06682424247264862,0.13586335132519403
seg_009171,sample_03156,mystery team 2090 - Jesse Futerman,1,0.03408832475543022,cnn_revised_20260919T110440Z,cnn_s2_11,val,Log-Mel CNN,0.06682424247264862,0.13586335132519403
seg_009172,sample_03156,mystery team 2090 - Jesse Futerman,1,0.9684959053993225,cnn_revised_20260919T110440Z,cnn_s2_11,val,Log-Mel CNN,0.06682424247264862,0.13586335132519403
seg_009173,sample_03156,mystery team 2090 - Jesse Futerman,1,0.43094193935394287,cnn_revised_20260919T110440Z,cnn_s2_11,val,Log-Mel CNN,0.06682424247264862,0.13586335132519403
seg_009192,sample_03163,Новый Нью-Йорк 2 - Чокнутый Пропеллер,1,0.0027771613094955683,cnn_revised_20260919T110440Z,cnn_s2_11,val,Log-Mel CNN,0.06682424247264862,0.13586335132519403
seg_009193,sample_03163,Новый Нью-Йорк 2 - Чокнутый Пропеллер,1,0.11204137653112411,cnn_revised_20260919T110440Z,cnn_s2_11,val,Log-Mel CNN,0.06682424247264862,0.13586335132519403
seg_009194,sample_03163,Новый Нью-Йорк 2 - Чокнутый Пропеллер,1,0.1708706021308899,cnn_revised_20260919T110440Z,cnn_s2_11,val,Log-Mel CNN,0.06682424247264862,0.13586335132519403
seg_009195,sample_03164,Новый Нью-Йорк 2 - Чокнутый Пропеллер,1,0.14462964236736298,cnn_revised_20260919T110440Z,cnn_s2_11,val,Log-Mel CNN,0.06682424247264862,0.13586335132519403
seg_009196,sample_03164,Новый Нью-Йорк 2 - Чокнутый Пропеллер,1,0.42764443159103394,cnn_revised_20260919T110440Z,cnn_s2_11,val,Log-Mel CNN,0.06682424247264862,0.13586335132519403
seg_009197,sample_03164,Новый Нью-Йорк 2 - Чокнутый Пропеллер,1,0.9353044629096985,cnn_revised_20260919T110440Z,cnn_s2_11,val,Log-Mel CNN,0.06682424247264862,0.13586335132519403
seg_009207,sample_03168,2 (Wasn't There) - Isle of Pine,1,0.25002917647361755,cnn_revised_20260919T110440Z,cnn_s2_11,val,Log-Mel CNN,0.06682424247264862,0.13586335132519403
seg_009208,sample_03168,2 (Wasn't There) - Isle of Pine,1,0.19654059410095215,cnn_revised_20260919T110440Z,cnn_s2_11,val,Log-Mel CNN,0.06682424247264862,0.13586335132519403
seg_009209,sample_03168,2 (Wasn't There) - Isle of Pine,1,0.7774211168289185,cnn_revised_20260919T110440Z,cnn_s2_11,val,Log-Mel CNN,0.06682424247264862,0.13586335132519403
seg_009228,sample_03175,Agora - Malaventura,1,0.019642120227217674,cnn_revised_20260919T110440Z,cnn_s2_11,val,Log-Mel CNN,0.06682424247264862,0.13586335132519403
seg_009229,sample_03175,Agora - Malaventura,1,0.8994846343994141,cnn_revised_20260919T110440Z,cnn_s2_11,val,Log-Mel CNN,0.06682424247264862,0.13586335132519403
seg_009230,sample_03175,Agora - Malaventura,1,0.4048542380332947,cnn_revised_20260919T110440Z,cnn_s2_11,val,Log-Mel CNN,0.06682424247264862,0.13586335132519403
seg_009279,sample_03192,Beyond Luxury - Mors Ontologica,1,0.03789496421813965,cnn_revised_20260919T110440Z,cnn_s2_11,val,Log-Mel CNN,0.06682424247264862,0.13586335132519403
seg_009280,sample_03192,Beyond Luxury - Mors Ontologica,1,0.0008999499841593206,cnn_revised_20260919T110440Z,cnn_s2_11,val,Log-Mel CNN,0.06682424247264862,0.13586335132519403
seg_009281,sample_03192,Beyond Luxury - Mors Ontologica,1,0.8393925428390503,cnn_revised_20260919T110440Z,cnn_s2_11,val,Log-Mel CNN,0.06682424247264862,0.13586335132519403
seg_009324,sample_03207,CopperNickle - UncleBibby,1,0.032058071345090866,cnn_revised_20260919T110440Z,cnn_s2_11,val,Log-Mel CNN,0.06682424247264862,0.13586335132519403
seg_009325,sample_03207,CopperNickle - UncleBibby,1,0.9130716323852539,cnn_revised_20260919T110440Z,cnn_s2_11,val,Log-Mel CNN,0.06682424247264862,0.13586335132519403
seg_009326,sample_03207,CopperNickle - UncleBibby,1,0.7847301363945007,cnn_revised_20260919T110440Z,cnn_s2_11,val,Log-Mel CNN,0.06682424247264862,0.13586335132519403
seg_009339,sample_03212,Daylight Savings - My brother Daniel,1,0.33247408270835876,cnn_revised_20260919T110440Z,cnn_s2_11,val,Log-Mel CNN,0.06682424247264862,0.13586335132519403
seg_009340,sample_03212,Daylight Savings - My brother Daniel,1,0.10410268604755402,cnn_revised_20260919T110440Z,cnn_s2_11,val,Log-Mel CNN,0.06682424247264862,0.13586335132519403
seg_009341,sample_03212,Daylight Savings - My brother Daniel,1,0.6291937828063965,cnn_revised_20260919T110440Z,cnn_s2_11,val,Log-Mel CNN,0.06682424247264862,0.13586335132519403
seg_009375,sample_03224,Empty Pockets - Pete Prodoehl,1,0.9396504163742065,cnn_revised_20260919T110440Z,cnn_s2_11,val,Log-Mel CNN,0.06682424247264862,0.13586335132519403
seg_009376,sample_03224,Empty Pockets - Pete Prodoehl,1,0.8328266143798828,cnn_revised_20260919T110440Z,cnn_s2_11,val,Log-Mel CNN,0.06682424247264862,0.13586335132519403
seg_009377,sample_03224,Empty Pockets - Pete Prodoehl,1,0.8601528406143188,cnn_revised_20260919T110440Z,cnn_s2_11,val,Log-Mel CNN,0.06682424247264862,0.13586335132519403
seg_009393,sample_03230,Evil Cannot Create - Caleb Lemond,1,0.5584331750869751,cnn_revised_20260919T110440Z,cnn_s2_11,val,Log-Mel CNN,0.06682424247264862,0.13586335132519403
seg_009394,sample_03230,Evil Cannot Create - Caleb Lemond,1,0.3697395920753479,cnn_revised_20260919T110440Z,cnn_s2_11,val,Log-Mel CNN,0.06682424247264862,0.13586335132519403
seg_009395,sample_03230,Evil Cannot Create - Caleb Lemond,1,0.9232738614082336,cnn_revised_20260919T110440Z,cnn_s2_11,val,Log-Mel CNN,0.06682424247264862,0.13586335132519403
seg_009399,sample_03232,Fear - Los Fancy Free,1,0.786400318145752,cnn_revised_20260919T110440Z,cnn_s2_11,val,Log-Mel CNN,0.06682424247264862,0.13586335132519403
seg_009400,sample_03232,Fear - Los Fancy Free,1,0.9167290329933167,cnn_revised_20260919T110440Z,cnn_s2_11,val,Log-Mel CNN,0.06682424247264862,0.13586335132519403
seg_009401,sample_03232,Fear - Los Fancy Free,1,0.3969794511795044,cnn_revised_20260919T110440Z,cnn_s2_11,val,Log-Mel CNN,0.06682424247264862,0.13586335132519403
seg_009402,sample_03233,Fifth Ramble - From the album Keith [RSVP007] - My brother Daniel,1,0.42734935879707336,cnn_revised_20260919T110440Z,cnn_s2_11,val,Log-Mel CNN,0.06682424247264862,0.13586335132519403
seg_009403,sample_03233,Fifth Ramble - From the album Keith [RSVP007] - My brother Daniel,1,0.6144315004348755,cnn_revised_20260919T110440Z,cnn_s2_11,val,Log-Mel CNN,0.06682424247264862,0.13586335132519403
seg_009404,sample_03233,Fifth Ramble - From the album Keith [RSVP007] - My brother Daniel,1,0.8328995704650879,cnn_revised_20260919T110440Z,cnn_s2_11,val,Log-Mel CNN,0.06682424247264862,0.13586335132519403
seg_009438,sample_03245,Gila Monster Flop/Music History Lesson:The Sonics - The Crypts!,1,0.06838328391313553,cnn_revised_20260919T110440Z,cnn_s2_11,val,Log-Mel CNN,0.06682424247264862,0.13586335132519403
seg_009439,sample_03245,Gila Monster Flop/Music History Lesson:The Sonics - The Crypts!,1,0.09435661137104034,cnn_revised_20260919T110440Z,cnn_s2_11,val,Log-Mel CNN,0.06682424247264862,0.13586335132519403
seg_009440,sample_03245,Gila Monster Flop/Music History Lesson:The Sonics - The Crypts!,1,0.06076165288686752,cnn_revised_20260919T110440Z,cnn_s2_11,val,Log-Mel CNN,0.06682424247264862,0.13586335132519403
seg_009471,sample_03256,If You're Ther - Nicola Ratti,1,0.13902269303798676,cnn_revised_20260919T110440Z,cnn_s2_11,val,Log-Mel CNN,0.06682424247264862,0.13586335132519403
seg_009472,sample_03256,If You're Ther - Nicola Ratti,1,0.9018365740776062,cnn_revised_20260919T110440Z,cnn_s2_11,val,Log-Mel CNN,0.06682424247264862,0.13586335132519403
seg_009473,sample_03256,If You're Ther - Nicola Ratti,1,0.76370769739151,cnn_revised_20260919T110440Z,cnn_s2_11,val,Log-Mel CNN,0.06682424247264862,0.13586335132519403
seg_009501,sample_03266,I Fell - Mod Fun,1,0.5295254588127136,cnn_revised_20260919T110440Z,cnn_s2_11,val,Log-Mel CNN,0.06682424247264862,0.13586335132519403
seg_009502,sample_03266,I Fell - Mod Fun,1,0.8241240382194519,cnn_revised_20260919T110440Z,cnn_s2_11,val,Log-Mel CNN,0.06682424247264862,0.13586335132519403
seg_009503,sample_03266,I Fell - Mod Fun,1,0.9374048113822937,cnn_revised_20260919T110440Z,cnn_s2_11,val,Log-Mel CNN,0.06682424247264862,0.13586335132519403
seg_009549,sample_03282,Kumorizoranohajimarutokoro - Hosomi,1,0.6053646206855774,cnn_revised_20260919T110440Z,cnn_s2_11,val,Log-Mel CNN,0.06682424247264862,0.13586335132519403
seg_009550,sample_03282,Kumorizoranohajimarutokoro - Hosomi,1,0.9859726428985596,cnn_revised_20260919T110440Z,cnn_s2_11,val,Log-Mel CNN,0.06682424247264862,0.13586335132519403
seg_009551,sample_03282,Kumorizoranohajimarutokoro - Hosomi,1,0.881193220615387,cnn_revised_20260919T110440Z,cnn_s2_11,val,Log-Mel CNN,0.06682424247264862,0.13586335132519403
seg_009585,sample_03294,Lights Up - Pipe Choir,1,0.1392051726579666,cnn_revised_20260919T110440Z,cnn_s2_11,val,Log-Mel CNN,0.06682424247264862,0.13586335132519403
seg_009586,sample_03294,Lights Up - Pipe Choir,1,0.9117924571037292,cnn_revised_20260919T110440Z,cnn_s2_11,val,Log-Mel CNN,0.06682424247264862,0.13586335132519403
seg_009587,sample_03294,Lights Up - Pipe Choir,1,0.8363932967185974,cnn_revised_20260919T110440Z,cnn_s2_11,val,Log-Mel CNN,0.06682424247264862,0.13586335132519403
seg_009603,sample_03300,Loved Ones - Rowan Box,1,0.6520375609397888,cnn_revised_20260919T110440Z,cnn_s2_11,val,Log-Mel CNN,0.06682424247264862,0.13586335132519403
seg_009604,sample_03300,Loved Ones - Rowan Box,1,0.7070117592811584,cnn_revised_20260919T110440Z,cnn_s2_11,val,Log-Mel CNN,0.06682424247264862,0.13586335132519403
seg_009605,sample_03300,Loved Ones - Rowan Box,1,0.7807568907737732,cnn_revised_20260919T110440Z,cnn_s2_11,val,Log-Mel CNN,0.06682424247264862,0.13586335132519403
seg_009615,sample_03304,March of the GPA Mechanics - [t]ghost,1,0.5090673565864563,cnn_revised_20260919T110440Z,cnn_s2_11,val,Log-Mel CNN,0.06682424247264862,0.13586335132519403
seg_009616,sample_03304,March of the GPA Mechanics - [t]ghost,1,0.3883945643901825,cnn_revised_20260919T110440Z,cnn_s2_11,val,Log-Mel CNN,0.06682424247264862,0.13586335132519403
seg_009617,sample_03304,March of the GPA Mechanics - [t]ghost,1,0.8343399167060852,cnn_revised_20260919T110440Z,cnn_s2_11,val,Log-Mel CNN,0.06682424247264862,0.13586335132519403
seg_009636,sample_03311,Morning Bell - Nihilore,1,0.73028165102005,cnn_revised_20260919T110440Z,cnn_s2_11,val,Log-Mel CNN,0.06682424247264862,0.13586335132519403
seg_009637,sample_03311,Morning Bell - Nihilore,1,0.9904710054397583,cnn_revised_20260919T110440Z,cnn_s2_11,val,Log-Mel CNN,0.06682424247264862,0.13586335132519403
seg_009638,sample_03311,Morning Bell - Nihilore,1,0.9432456493377686,cnn_revised_20260919T110440Z,cnn_s2_11,val,Log-Mel CNN,0.06682424247264862,0.13586335132519403
seg_009651,sample_03316,mystery team 2090 - Jesse Futerman,1,0.12443037331104279,cnn_revised_20260919T110440Z,cnn_s2_11,val,Log-Mel CNN,0.06682424247264862,0.13586335132519403
seg_009652,sample_03316,mystery team 2090 - Jesse Futerman,1,0.8886274099349976,cnn_revised_20260919T110440Z,cnn_s2_11,val,Log-Mel CNN,0.06682424247264862,0.13586335132519403
seg_009653,sample_03316,mystery team 2090 - Jesse Futerman,1,0.7936910390853882,cnn_revised_20260919T110440Z,cnn_s2_11,val,Log-Mel CNN,0.06682424247264862,0.13586335132519403
seg_009654,sample_03317,My Body Is A Weapon (Compromise Edit) - Silence is full of birds,1,0.8441612720489502,cnn_revised_20260919T110440Z,cnn_s2_11,val,Log-Mel CNN,0.06682424247264862,0.13586335132519403
seg_009655,sample_03317,My Body Is A Weapon (Compromise Edit) - Silence is full of birds,1,0.33611804246902466,cnn_revised_20260919T110440Z,cnn_s2_11,val,Log-Mel CNN,0.06682424247264862,0.13586335132519403
seg_009656,sample_03317,My Body Is A Weapon (Compromise Edit) - Silence is full of birds,1,0.38007837533950806,cnn_revised_20260919T110440Z,cnn_s2_11,val,Log-Mel CNN,0.06682424247264862,0.13586335132519403
seg_009666,sample_03321,New Life (take 1) - Bird Names,1,0.695704996585846,cnn_revised_20260919T110440Z,cnn_s2_11,val,Log-Mel CNN,0.06682424247264862,0.13586335132519403
seg_009667,sample_03321,New Life (take 1) - Bird Names,1,0.9100345969200134,cnn_revised_20260919T110440Z,cnn_s2_11,val,Log-Mel CNN,0.06682424247264862,0.13586335132519403
seg_009668,sample_03321,New Life (take 1) - Bird Names,1,0.4808683395385742,cnn_revised_20260919T110440Z,cnn_s2_11,val,Log-Mel CNN,0.06682424247264862,0.13586335132519403
seg_009672,sample_03323,Night Drive - Decktonic,1,0.13353444635868073,cnn_revised_20260919T110440Z,cnn_s2_11,val,Log-Mel CNN,0.06682424247264862,0.13586335132519403
seg_009673,sample_03323,Night Drive - Decktonic,1,0.6742743849754333,cnn_revised_20260919T110440Z,cnn_s2_11,val,Log-Mel CNN,0.06682424247264862,0.13586335132519403
seg_009674,sample_03323,Night Drive - Decktonic,1,0.9682630300521851,cnn_revised_20260919T110440Z,cnn_s2_11,val,Log-Mel CNN,0.06682424247264862,0.13586335132519403
seg_009681,sample_03326,Norweigian Wood II - Bird Names,1,0.10684654861688614,cnn_revised_20260919T110440Z,cnn_s2_11,val,Log-Mel CNN,0.06682424247264862,0.13586335132519403
seg_009682,sample_03326,Norweigian Wood II - Bird Names,1,0.1177050992846489,cnn_revised_20260919T110440Z,cnn_s2_11,val,Log-Mel CNN,0.06682424247264862,0.13586335132519403
seg_009683,sample_03326,Norweigian Wood II - Bird Names,1,0.38728103041648865,cnn_revised_20260919T110440Z,cnn_s2_11,val,Log-Mel CNN,0.06682424247264862,0.13586335132519403
seg_009693,sample_03330,Nuo Maisemat - Paavoharju,1,0.08151054382324219,cnn_revised_20260919T110440Z,cnn_s2_11,val,Log-Mel CNN,0.06682424247264862,0.13586335132519403
seg_009694,sample_03330,Nuo Maisemat - Paavoharju,1,0.8134787678718567,cnn_revised_20260919T110440Z,cnn_s2_11,val,Log-Mel CNN,0.06682424247264862,0.13586335132519403
seg_009695,sample_03330,Nuo Maisemat - Paavoharju,1,0.46866118907928467,cnn_revised_20260919T110440Z,cnn_s2_11,val,Log-Mel CNN,0.06682424247264862,0.13586335132519403
seg_009756,sample_03351,Redlight - Room For A Ghost,1,0.9087764024734497,cnn_revised_20260919T110440Z,cnn_s2_11,val,Log-Mel CNN,0.06682424247264862,0.13586335132519403
seg_009757,sample_03351,Redlight - Room For A Ghost,1,0.9879060983657837,cnn_revised_20260919T110440Z,cnn_s2_11,val,Log-Mel CNN,0.06682424247264862,0.13586335132519403
seg_009758,sample_03351,Redlight - Room For A Ghost,1,0.6649406552314758,cnn_revised_20260919T110440Z,cnn_s2_11,val,Log-Mel CNN,0.06682424247264862,0.13586335132519403
seg_009774,sample_03357,Roller Star - Monroeville Music Center,1,0.9067633152008057,cnn_revised_20260919T110440Z,cnn_s2_11,val,Log-Mel CNN,0.06682424247264862,0.13586335132519403
seg_009775,sample_03357,Roller Star - Monroeville Music Center,1,0.9685326814651489,cnn_revised_20260919T110440Z,cnn_s2_11,val,Log-Mel CNN,0.06682424247264862,0.13586335132519403
seg_009776,sample_03357,Roller Star - Monroeville Music Center,1,0.8227894306182861,cnn_revised_20260919T110440Z,cnn_s2_11,val,Log-Mel CNN,0.06682424247264862,0.13586335132519403
seg_009780,sample_03359,"Roundtrip - Oh Yeah, the Future",1,0.466749370098114,cnn_revised_20260919T110440Z,cnn_s2_11,val,Log-Mel CNN,0.06682424247264862,0.13586335132519403
seg_009781,sample_03359,"Roundtrip - Oh Yeah, the Future",1,0.8686519265174866,cnn_revised_20260919T110440Z,cnn_s2_11,val,Log-Mel CNN,0.06682424247264862,0.13586335132519403
seg_009782,sample_03359,"Roundtrip - Oh Yeah, the Future",1,0.6615877151489258,cnn_revised_20260919T110440Z,cnn_s2_11,val,Log-Mel CNN,0.06682424247264862,0.13586335132519403
seg_009792,sample_03363,Scramby Eggs - Andy G. Cohen,1,0.9839351773262024,cnn_revised_20260919T110440Z,cnn_s2_11,val,Log-Mel CNN,0.06682424247264862,0.13586335132519403
seg_009793,sample_03363,Scramby Eggs - Andy G. Cohen,1,0.03435991331934929,cnn_revised_20260919T110440Z,cnn_s2_11,val,Log-Mel CNN,0.06682424247264862,0.13586335132519403
seg_009794,sample_03363,Scramby Eggs - Andy G. Cohen,1,0.07899383455514908,cnn_revised_20260919T110440Z,cnn_s2_11,val,Log-Mel CNN,0.06682424247264862,0.13586335132519403
seg_009795,sample_03364,SD (Ill Mix) - H-LR,1,0.06454959511756897,cnn_revised_20260919T110440Z,cnn_s2_11,val,Log-Mel CNN,0.06682424247264862,0.13586335132519403
seg_009796,sample_03364,SD (Ill Mix) - H-LR,1,0.08757295459508896,cnn_revised_20260919T110440Z,cnn_s2_11,val,Log-Mel CNN,0.06682424247264862,0.13586335132519403
seg_009797,sample_03364,SD (Ill Mix) - H-LR,1,0.6403921246528625,cnn_revised_20260919T110440Z,cnn_s2_11,val,Log-Mel CNN,0.06682424247264862,0.13586335132519403
seg_009819,sample_03372,Shipwrecked Crew - Pete Prodoehl,1,0.8138039112091064,cnn_revised_20260919T110440Z,cnn_s2_11,val,Log-Mel CNN,0.06682424247264862,0.13586335132519403
seg_009820,sample_03372,Shipwrecked Crew - Pete Prodoehl,1,0.7367641925811768,cnn_revised_20260919T110440Z,cnn_s2_11,val,Log-Mel CNN,0.06682424247264862,0.13586335132519403
seg_009821,sample_03372,Shipwrecked Crew - Pete Prodoehl,1,0.15969371795654297,cnn_revised_20260919T110440Z,cnn_s2_11,val,Log-Mel CNN,0.06682424247264862,0.13586335132519403
seg_009837,sample_03378,Soleares&beats - Malaventura,1,0.8653768301010132,cnn_revised_20260919T110440Z,cnn_s2_11,val,Log-Mel CNN,0.06682424247264862,0.13586335132519403
seg_009838,sample_03378,Soleares&beats - Malaventura,1,0.653285026550293,cnn_revised_20260919T110440Z,cnn_s2_11,val,Log-Mel CNN,0.06682424247264862,0.13586335132519403
seg_009839,sample_03378,Soleares&beats - Malaventura,1,0.09854846447706223,cnn_revised_20260919T110440Z,cnn_s2_11,val,Log-Mel CNN,0.06682424247264862,0.13586335132519403
seg_009843,sample_03380,some dextromethorphan - Jeva,1,0.8866479396820068,cnn_revised_20260919T110440Z,cnn_s2_11,val,Log-Mel CNN,0.06682424247264862,0.13586335132519403
seg_009844,sample_03380,some dextromethorphan - Jeva,1,0.8143584132194519,cnn_revised_20260919T110440Z,cnn_s2_11,val,Log-Mel CNN,0.06682424247264862,0.13586335132519403
seg_009845,sample_03380,some dextromethorphan - Jeva,1,0.7695000767707825,cnn_revised_20260919T110440Z,cnn_s2_11,val,Log-Mel CNN,0.06682424247264862,0.13586335132519403
seg_009858,sample_03385,Stockholm Syndrome / People Should Be More Aware - Bird Names,1,0.9736406207084656,cnn_revised_20260919T110440Z,cnn_s2_11,val,Log-Mel CNN,0.06682424247264862,0.13586335132519403
seg_009859,sample_03385,Stockholm Syndrome / People Should Be More Aware - Bird Names,1,0.9626088738441467,cnn_revised_20260919T110440Z,cnn_s2_11,val,Log-Mel CNN,0.06682424247264862,0.13586335132519403
seg_009860,sample_03385,Stockholm Syndrome / People Should Be More Aware - Bird Names,1,0.8746228814125061,cnn_revised_20260919T110440Z,cnn_s2_11,val,Log-Mel CNN,0.06682424247264862,0.13586335132519403
seg_009870,sample_03389,Sturgeon's Law - Nihilore,1,0.20256775617599487,cnn_revised_20260919T110440Z,cnn_s2_11,val,Log-Mel CNN,0.06682424247264862,0.13586335132519403
seg_009871,sample_03389,Sturgeon's Law - Nihilore,1,0.9550361633300781,cnn_revised_20260919T110440Z,cnn_s2_11,val,Log-Mel CNN,0.06682424247264862,0.13586335132519403
seg_009872,sample_03389,Sturgeon's Law - Nihilore,1,0.880433201789856,cnn_revised_20260919T110440Z,cnn_s2_11,val,Log-Mel CNN,0.06682424247264862,0.13586335132519403
seg_009927,sample_03408,The girl just faded - Los Llamarada,1,0.6708648204803467,cnn_revised_20260919T110440Z,cnn_s2_11,val,Log-Mel CNN,0.06682424247264862,0.13586335132519403
seg_009928,sample_03408,The girl just faded - Los Llamarada,1,0.9223862886428833,cnn_revised_20260919T110440Z,cnn_s2_11,val,Log-Mel CNN,0.06682424247264862,0.13586335132519403
seg_009929,sample_03408,The girl just faded - Los Llamarada,1,0.6615147590637207,cnn_revised_20260919T110440Z,cnn_s2_11,val,Log-Mel CNN,0.06682424247264862,0.13586335132519403
seg_009954,sample_03417,The Stairway - WarpToken,1,0.6742770075798035,cnn_revised_20260919T110440Z,cnn_s2_11,val,Log-Mel CNN,0.06682424247264862,0.13586335132519403
seg_009955,sample_03417,The Stairway - WarpToken,1,0.8833795189857483,cnn_revised_20260919T110440Z,cnn_s2_11,val,Log-Mel CNN,0.06682424247264862,0.13586335132519403
seg_009956,sample_03417,The Stairway - WarpToken,1,0.5836455225944519,cnn_revised_20260919T110440Z,cnn_s2_11,val,Log-Mel CNN,0.06682424247264862,0.13586335132519403
seg_009957,sample_03418,Three Bird - My brother Daniel,1,0.012886740267276764,cnn_revised_20260919T110440Z,cnn_s2_11,val,Log-Mel CNN,0.06682424247264862,0.13586335132519403
seg_009958,sample_03418,Three Bird - My brother Daniel,1,0.025830544531345367,cnn_revised_20260919T110440Z,cnn_s2_11,val,Log-Mel CNN,0.06682424247264862,0.13586335132519403
seg_009959,sample_03418,Three Bird - My brother Daniel,1,0.0188437532633543,cnn_revised_20260919T110440Z,cnn_s2_11,val,Log-Mel CNN,0.06682424247264862,0.13586335132519403
seg_009960,sample_03419,Timen Passing By - Jason Shaw,1,0.6333979964256287,cnn_revised_20260919T110440Z,cnn_s2_11,val,Log-Mel CNN,0.06682424247264862,0.13586335132519403
seg_009961,sample_03419,Timen Passing By - Jason Shaw,1,0.2758508324623108,cnn_revised_20260919T110440Z,cnn_s2_11,val,Log-Mel CNN,0.06682424247264862,0.13586335132519403
seg_009962,sample_03419,Timen Passing By - Jason Shaw,1,0.3107481002807617,cnn_revised_20260919T110440Z,cnn_s2_11,val,Log-Mel CNN,0.06682424247264862,0.13586335132519403
seg_009963,sample_03420,Time Is Love - Silence is full of birds,1,0.9001505374908447,cnn_revised_20260919T110440Z,cnn_s2_11,val,Log-Mel CNN,0.06682424247264862,0.13586335132519403
seg_009964,sample_03420,Time Is Love - Silence is full of birds,1,0.9684141874313354,cnn_revised_20260919T110440Z,cnn_s2_11,val,Log-Mel CNN,0.06682424247264862,0.13586335132519403
seg_009965,sample_03420,Time Is Love - Silence is full of birds,1,0.9603952765464783,cnn_revised_20260919T110440Z,cnn_s2_11,val,Log-Mel CNN,0.06682424247264862,0.13586335132519403
seg_009990,sample_03429,Understand That This Is A Dream - From the album Modulating Coil [RSVP008] - Forrest James,1,0.8570499420166016,cnn_revised_20260919T110440Z,cnn_s2_11,val,Log-Mel CNN,0.06682424247264862,0.13586335132519403
seg_009991,sample_03429,Understand That This Is A Dream - From the album Modulating Coil [RSVP008] - Forrest James,1,0.8598313331604004,cnn_revised_20260919T110440Z,cnn_s2_11,val,Log-Mel CNN,0.06682424247264862,0.13586335132519403
seg_009992,sample_03429,Understand That This Is A Dream - From the album Modulating Coil [RSVP008] - Forrest James,1,0.7621604800224304,cnn_revised_20260919T110440Z,cnn_s2_11,val,Log-Mel CNN,0.06682424247264862,0.13586335132519403
seg_010005,sample_03434,Voxel - Andy G. Cohen,1,0.022298213094472885,cnn_revised_20260919T110440Z,cnn_s2_11,val,Log-Mel CNN,0.06682424247264862,0.13586335132519403
seg_010006,sample_03434,Voxel - Andy G. Cohen,1,0.2887387275695801,cnn_revised_20260919T110440Z,cnn_s2_11,val,Log-Mel CNN,0.06682424247264862,0.13586335132519403
seg_010007,sample_03434,Voxel - Andy G. Cohen,1,0.655341386795044,cnn_revised_20260919T110440Z,cnn_s2_11,val,Log-Mel CNN,0.06682424247264862,0.13586335132519403
seg_010011,sample_03436,Westside Chillers - Little Glass Men,1,0.8275527954101562,cnn_revised_20260919T110440Z,cnn_s2_11,val,Log-Mel CNN,0.06682424247264862,0.13586335132519403
seg_010012,sample_03436,Westside Chillers - Little Glass Men,1,0.09653574228286743,cnn_revised_20260919T110440Z,cnn_s2_11,val,Log-Mel CNN,0.06682424247264862,0.13586335132519403
seg_010013,sample_03436,Westside Chillers - Little Glass Men,1,0.8374603986740112,cnn_revised_20260919T110440Z,cnn_s2_11,val,Log-Mel CNN,0.06682424247264862,0.13586335132519403
seg_010065,sample_03454,Новый Нью-Йорк 2 - Чокнутый Пропеллер,1,0.9743546843528748,cnn_revised_20260919T110440Z,cnn_s2_11,val,Log-Mel CNN,0.06682424247264862,0.13586335132519403
seg_010066,sample_03454,Новый Нью-Йорк 2 - Чокнутый Пропеллер,1,0.02079041302204132,cnn_revised_20260919T110440Z,cnn_s2_11,val,Log-Mel CNN,0.06682424247264862,0.13586335132519403
seg_010067,sample_03454,Новый Нью-Йорк 2 - Чокнутый Пропеллер,1,0.02126096747815609,cnn_revised_20260919T110440Z,cnn_s2_11,val,Log-Mel CNN,0.06682424247264862,0.13586335132519403
seg_010071,sample_03456,Windows of the Skull - Sarin,1,0.8334131240844727,cnn_revised_20260919T110440Z,cnn_s2_11,val,Log-Mel CNN,0.06682424247264862,0.13586335132519403
seg_010072,sample_03456,Windows of the Skull - Sarin,1,0.8552829027175903,cnn_revised_20260919T110440Z,cnn_s2_11,val,Log-Mel CNN,0.06682424247264862,0.13586335132519403
seg_010073,sample_03456,Windows of the Skull - Sarin,1,0.8833267688751221,cnn_revised_20260919T110440Z,cnn_s2_11,val,Log-Mel CNN,0.06682424247264862,0.13586335132519403
