segment_id,track_id,original_audio_id,label,score,run_id,trial_id,split,model,segment_threshold,track_threshold
seg_000006,sample_00002,2 (Wasn't There) - Isle of Pine,0,0.0033879762049764395,cnn_revised_20260919T110440Z,cnn_s2_14,val,Log-Mel CNN,0.04809333011507988,0.07409321051090956
seg_000007,sample_00002,2 (Wasn't There) - Isle of Pine,0,0.010614540427923203,cnn_revised_20260919T110440Z,cnn_s2_14,val,Log-Mel CNN,0.04809333011507988,0.07409321051090956
seg_000008,sample_00002,2 (Wasn't There) - Isle of Pine,0,0.010146891698241234,cnn_revised_20260919T110440Z,cnn_s2_14,val,Log-Mel CNN,0.04809333011507988,0.07409321051090956
seg_000039,sample_00013,Agora - Malaventura,0,0.004473811015486717,cnn_revised_20260919T110440Z,cnn_s2_14,val,Log-Mel CNN,0.04809333011507988,0.07409321051090956
seg_000040,sample_00013,Agora - Malaventura,0,0.007467301096767187,cnn_revised_20260919T110440Z,cnn_s2_14,val,Log-Mel CNN,0.04809333011507988,0.07409321051090956
seg_000041,sample_00013,Agora - Malaventura,0,0.012928142212331295,cnn_revised_20260919T110440Z,cnn_s2_14,val,Log-Mel CNN,0.04809333011507988,0.07409321051090956
seg_000081,sample_00027,Beyond Luxury - Mors Ontologica,0,0.00016718324332032353,cnn_revised_20260919T110440Z,cnn_s2_14,val,Log-Mel CNN,0.04809333011507988,0.07409321051090956
seg_000082,sample_00027,Beyond Luxury - Mors Ontologica,0,0.0018859043484553695,cnn_revised_20260919T110440Z,cnn_s2_14,val,Log-Mel CNN,0.04809333011507988,0.07409321051090956
seg_000083,sample_00027,Beyond Luxury - Mors Ontologica,0,0.007777625694870949,cnn_revised_20260919T110440Z,cnn_s2_14,val,Log-Mel CNN,0.04809333011507988,0.07409321051090956
seg_000129,sample_00043,CopperNickle - UncleBibby,0,2.5097333491430618e-05,cnn_revised_20260919T110440Z,cnn_s2_14,val,Log-Mel CNN,0.04809333011507988,0.07409321051090956
seg_000130,sample_00043,CopperNickle - UncleBibby,0,0.00015274765610229224,cnn_revised_20260919T110440Z,cnn_s2_14,val,Log-Mel CNN,0.04809333011507988,0.07409321051090956
seg_000131,sample_00043,CopperNickle - UncleBibby,0,2.5264756914111786e-05,cnn_revised_20260919T110440Z,cnn_s2_14,val,Log-Mel CNN,0.04809333011507988,0.07409321051090956
seg_000141,sample_00047,Daylight Savings - My brother Daniel,0,0.0005245630745775998,cnn_revised_20260919T110440Z,cnn_s2_14,val,Log-Mel CNN,0.04809333011507988,0.07409321051090956
seg_000142,sample_00047,Daylight Savings - My brother Daniel,0,0.0012257950147613883,cnn_revised_20260919T110440Z,cnn_s2_14,val,Log-Mel CNN,0.04809333011507988,0.07409321051090956
seg_000143,sample_00047,Daylight Savings - My brother Daniel,0,0.0008438181248493493,cnn_revised_20260919T110440Z,cnn_s2_14,val,Log-Mel CNN,0.04809333011507988,0.07409321051090956
seg_000177,sample_00059,Empty Pockets - Pete Prodoehl,0,0.0001278681302210316,cnn_revised_20260919T110440Z,cnn_s2_14,val,Log-Mel CNN,0.04809333011507988,0.07409321051090956
seg_000178,sample_00059,Empty Pockets - Pete Prodoehl,0,0.0019711842760443687,cnn_revised_20260919T110440Z,cnn_s2_14,val,Log-Mel CNN,0.04809333011507988,0.07409321051090956
seg_000179,sample_00059,Empty Pockets - Pete Prodoehl,0,0.003037900198251009,cnn_revised_20260919T110440Z,cnn_s2_14,val,Log-Mel CNN,0.04809333011507988,0.07409321051090956
seg_000195,sample_00065,Evil Cannot Create - Caleb Lemond,0,0.0004935318138450384,cnn_revised_20260919T110440Z,cnn_s2_14,val,Log-Mel CNN,0.04809333011507988,0.07409321051090956
seg_000196,sample_00065,Evil Cannot Create - Caleb Lemond,0,0.012926043942570686,cnn_revised_20260919T110440Z,cnn_s2_14,val,Log-Mel CNN,0.04809333011507988,0.07409321051090956
seg_000197,sample_00065,Evil Cannot Create - Caleb Lemond,0,0.01398985181003809,cnn_revised_20260919T110440Z,cnn_s2_14,val,Log-Mel CNN,0.04809333011507988,0.07409321051090956
seg_000201,sample_00067,Fear - Los Fancy Free,0,0.00013481100904755294,cnn_revised_20260919T110440Z,cnn_s2_14,val,Log-Mel CNN,0.04809333011507988,0.07409321051090956
seg_000202,sample_00067,Fear - Los Fancy Free,0,0.0006771187181584537,cnn_revised_20260919T110440Z,cnn_s2_14,val,Log-Mel CNN,0.04809333011507988,0.07409321051090956
seg_000203,sample_00067,Fear - Los Fancy Free,0,0.00046026200288906693,cnn_revised_20260919T110440Z,cnn_s2_14,val,Log-Mel CNN,0.04809333011507988,0.07409321051090956
seg_000204,sample_00068,Fifth Ramble - From the album Keith [RSVP007] - My brother Daniel,0,0.8885759115219116,cnn_revised_20260919T110440Z,cnn_s2_14,val,Log-Mel CNN,0.04809333011507988,0.07409321051090956
seg_000205,sample_00068,Fifth Ramble - From the album Keith [RSVP007] - My brother Daniel,0,0.9297569990158081,cnn_revised_20260919T110440Z,cnn_s2_14,val,Log-Mel CNN,0.04809333011507988,0.07409321051090956
seg_000206,sample_00068,Fifth Ramble - From the album Keith [RSVP007] - My brother Daniel,0,0.9320062398910522,cnn_revised_20260919T110440Z,cnn_s2_14,val,Log-Mel CNN,0.04809333011507988,0.07409321051090956
seg_000240,sample_00080,Gila Monster Flop/Music History Lesson:The Sonics - The Crypts!,0,0.0001752345560817048,cnn_revised_20260919T110440Z,cnn_s2_14,val,Log-Mel CNN,0.04809333011507988,0.07409321051090956
seg_000241,sample_00080,Gila Monster Flop/Music History Lesson:The Sonics - The Crypts!,0,0.0008169494103640318,cnn_revised_20260919T110440Z,cnn_s2_14,val,Log-Mel CNN,0.04809333011507988,0.07409321051090956
seg_000242,sample_00080,Gila Monster Flop/Music History Lesson:The Sonics - The Crypts!,0,0.0002661416947375983,cnn_revised_20260919T110440Z,cnn_s2_14,val,Log-Mel CNN,0.04809333011507988,0.07409321051090956
seg_000285,sample_00095,I Fell - Mod Fun,0,3.7822319427505136e-05,cnn_revised_20260919T110440Z,cnn_s2_14,val,Log-Mel CNN,0.04809333011507988,0.07409321051090956
seg_000286,sample_00095,I Fell - Mod Fun,0,0.0008686001528985798,cnn_revised_20260919T110440Z,cnn_s2_14,val,Log-Mel CNN,0.04809333011507988,0.07409321051090956
seg_000287,sample_00095,I Fell - Mod Fun,0,0.0006303245318122208,cnn_revised_20260919T110440Z,cnn_s2_14,val,Log-Mel CNN,0.04809333011507988,0.07409321051090956
seg_000297,sample_00099,If You're Ther - Nicola Ratti,0,0.007892529480159283,cnn_revised_20260919T110440Z,cnn_s2_14,val,Log-Mel CNN,0.04809333011507988,0.07409321051090956
seg_000298,sample_00099,If You're Ther - Nicola Ratti,0,0.0026750594843178988,cnn_revised_20260919T110440Z,cnn_s2_14,val,Log-Mel CNN,0.04809333011507988,0.07409321051090956
seg_000299,sample_00099,If You're Ther - Nicola Ratti,0,0.001809162669815123,cnn_revised_20260919T110440Z,cnn_s2_14,val,Log-Mel CNN,0.04809333011507988,0.07409321051090956
seg_000342,sample_00114,Kumorizoranohajimarutokoro - Hosomi,0,0.008177599869668484,cnn_revised_20260919T110440Z,cnn_s2_14,val,Log-Mel CNN,0.04809333011507988,0.07409321051090956
seg_000343,sample_00114,Kumorizoranohajimarutokoro - Hosomi,0,0.07473260909318924,cnn_revised_20260919T110440Z,cnn_s2_14,val,Log-Mel CNN,0.04809333011507988,0.07409321051090956
seg_000344,sample_00114,Kumorizoranohajimarutokoro - Hosomi,0,0.34437352418899536,cnn_revised_20260919T110440Z,cnn_s2_14,val,Log-Mel CNN,0.04809333011507988,0.07409321051090956
seg_000384,sample_00128,Lights Up - Pipe Choir,0,0.007179800886660814,cnn_revised_20260919T110440Z,cnn_s2_14,val,Log-Mel CNN,0.04809333011507988,0.07409321051090956
seg_000385,sample_00128,Lights Up - Pipe Choir,0,0.06699974834918976,cnn_revised_20260919T110440Z,cnn_s2_14,val,Log-Mel CNN,0.04809333011507988,0.07409321051090956
seg_000386,sample_00128,Lights Up - Pipe Choir,0,0.025255151093006134,cnn_revised_20260919T110440Z,cnn_s2_14,val,Log-Mel CNN,0.04809333011507988,0.07409321051090956
seg_000399,sample_00133,Loved Ones - Rowan Box,0,0.0003602069045882672,cnn_revised_20260919T110440Z,cnn_s2_14,val,Log-Mel CNN,0.04809333011507988,0.07409321051090956
seg_000400,sample_00133,Loved Ones - Rowan Box,0,0.0015455576358363032,cnn_revised_20260919T110440Z,cnn_s2_14,val,Log-Mel CNN,0.04809333011507988,0.07409321051090956
seg_000401,sample_00133,Loved Ones - Rowan Box,0,0.0002652393886819482,cnn_revised_20260919T110440Z,cnn_s2_14,val,Log-Mel CNN,0.04809333011507988,0.07409321051090956
seg_000408,sample_00136,March of the GPA Mechanics - [t]ghost,0,0.014082331210374832,cnn_revised_20260919T110440Z,cnn_s2_14,val,Log-Mel CNN,0.04809333011507988,0.07409321051090956
seg_000409,sample_00136,March of the GPA Mechanics - [t]ghost,0,0.08165674656629562,cnn_revised_20260919T110440Z,cnn_s2_14,val,Log-Mel CNN,0.04809333011507988,0.07409321051090956
seg_000410,sample_00136,March of the GPA Mechanics - [t]ghost,0,0.008635204285383224,cnn_revised_20260919T110440Z,cnn_s2_14,val,Log-Mel CNN,0.04809333011507988,0.07409321051090956
seg_000426,sample_00142,Morning Bell - Nihilore,0,0.0008707108208909631,cnn_revised_20260919T110440Z,cnn_s2_14,val,Log-Mel CNN,0.04809333011507988,0.07409321051090956
seg_000427,sample_00142,Morning Bell - Nihilore,0,0.004234724678099155,cnn_revised_20260919T110440Z,cnn_s2_14,val,Log-Mel CNN,0.04809333011507988,0.07409321051090956
seg_000428,sample_00142,Morning Bell - Nihilore,0,0.000874092394951731,cnn_revised_20260919T110440Z,cnn_s2_14,val,Log-Mel CNN,0.04809333011507988,0.07409321051090956
seg_000441,sample_00147,My Body Is A Weapon (Compromise Edit) - Silence is full of birds,0,0.0009226406691595912,cnn_revised_20260919T110440Z,cnn_s2_14,val,Log-Mel CNN,0.04809333011507988,0.07409321051090956
seg_000442,sample_00147,My Body Is A Weapon (Compromise Edit) - Silence is full of birds,0,0.0009929867228493094,cnn_revised_20260919T110440Z,cnn_s2_14,val,Log-Mel CNN,0.04809333011507988,0.07409321051090956
seg_000443,sample_00147,My Body Is A Weapon (Compromise Edit) - Silence is full of birds,0,0.001055414672009647,cnn_revised_20260919T110440Z,cnn_s2_14,val,Log-Mel CNN,0.04809333011507988,0.07409321051090956
seg_000453,sample_00151,New Life (take 1) - Bird Names,0,0.0004003486246801913,cnn_revised_20260919T110440Z,cnn_s2_14,val,Log-Mel CNN,0.04809333011507988,0.07409321051090956
seg_000454,sample_00151,New Life (take 1) - Bird Names,0,0.0003680671507027,cnn_revised_20260919T110440Z,cnn_s2_14,val,Log-Mel CNN,0.04809333011507988,0.07409321051090956
seg_000455,sample_00151,New Life (take 1) - Bird Names,0,0.0008504136931151152,cnn_revised_20260919T110440Z,cnn_s2_14,val,Log-Mel CNN,0.04809333011507988,0.07409321051090956
seg_000459,sample_00153,Night Drive - Decktonic,0,4.917207479593344e-05,cnn_revised_20260919T110440Z,cnn_s2_14,val,Log-Mel CNN,0.04809333011507988,0.07409321051090956
seg_000460,sample_00153,Night Drive - Decktonic,0,0.00017728100647218525,cnn_revised_20260919T110440Z,cnn_s2_14,val,Log-Mel CNN,0.04809333011507988,0.07409321051090956
seg_000461,sample_00153,Night Drive - Decktonic,0,0.0002613544638734311,cnn_revised_20260919T110440Z,cnn_s2_14,val,Log-Mel CNN,0.04809333011507988,0.07409321051090956
seg_000468,sample_00156,Norweigian Wood II - Bird Names,0,0.0004057528276462108,cnn_revised_20260919T110440Z,cnn_s2_14,val,Log-Mel CNN,0.04809333011507988,0.07409321051090956
seg_000469,sample_00156,Norweigian Wood II - Bird Names,0,0.0012997182784602046,cnn_revised_20260919T110440Z,cnn_s2_14,val,Log-Mel CNN,0.04809333011507988,0.07409321051090956
seg_000470,sample_00156,Norweigian Wood II - Bird Names,0,0.0021749609149992466,cnn_revised_20260919T110440Z,cnn_s2_14,val,Log-Mel CNN,0.04809333011507988,0.07409321051090956
seg_000480,sample_00160,Nuo Maisemat - Paavoharju,0,0.008198809809982777,cnn_revised_20260919T110440Z,cnn_s2_14,val,Log-Mel CNN,0.04809333011507988,0.07409321051090956
seg_000481,sample_00160,Nuo Maisemat - Paavoharju,0,0.0210327859967947,cnn_revised_20260919T110440Z,cnn_s2_14,val,Log-Mel CNN,0.04809333011507988,0.07409321051090956
seg_000482,sample_00160,Nuo Maisemat - Paavoharju,0,0.01723242923617363,cnn_revised_20260919T110440Z,cnn_s2_14,val,Log-Mel CNN,0.04809333011507988,0.07409321051090956
seg_000537,sample_00179,Redlight - Room For A Ghost,0,0.0009297732613049448,cnn_revised_20260919T110440Z,cnn_s2_14,val,Log-Mel CNN,0.04809333011507988,0.07409321051090956
seg_000538,sample_00179,Redlight - Room For A Ghost,0,0.017385313287377357,cnn_revised_20260919T110440Z,cnn_s2_14,val,Log-Mel CNN,0.04809333011507988,0.07409321051090956
seg_000539,sample_00179,Redlight - Room For A Ghost,0,0.04066278040409088,cnn_revised_20260919T110440Z,cnn_s2_14,val,Log-Mel CNN,0.04809333011507988,0.07409321051090956
seg_000555,sample_00185,Roller Star - Monroeville Music Center,0,0.001127994037233293,cnn_revised_20260919T110440Z,cnn_s2_14,val,Log-Mel CNN,0.04809333011507988,0.07409321051090956
seg_000556,sample_00185,Roller Star - Monroeville Music Center,0,0.0037739125546067953,cnn_revised_20260919T110440Z,cnn_s2_14,val,Log-Mel CNN,0.04809333011507988,0.07409321051090956
seg_000557,sample_00185,Roller Star - Monroeville Music Center,0,0.008158857002854347,cnn_revised_20260919T110440Z,cnn_s2_14,val,Log-Mel CNN,0.04809333011507988,0.07409321051090956
seg_000561,sample_00187,"Roundtrip - Oh Yeah, the Future",0,0.0024992930702865124,cnn_revised_20260919T110440Z,cnn_s2_14,val,Log-Mel CNN,0.04809333011507988,0.07409321051090956
seg_000562,sample_00187,"Roundtrip - Oh Yeah, the Future",0,0.00047755008563399315,cnn_revised_20260919T110440Z,cnn_s2_14,val,Log-Mel CNN,0.04809333011507988,0.07409321051090956
seg_000563,sample_00187,"Roundtrip - Oh Yeah, the Future",0,0.00037221284583210945,cnn_revised_20260919T110440Z,cnn_s2_14,val,Log-Mel CNN,0.04809333011507988,0.07409321051090956
seg_000570,sample_00190,SD (Ill Mix) - H-LR,0,0.00020169837807770818,cnn_revised_20260919T110440Z,cnn_s2_14,val,Log-Mel CNN,0.04809333011507988,0.07409321051090956
seg_000571,sample_00190,SD (Ill Mix) - H-LR,0,0.014472171664237976,cnn_revised_20260919T110440Z,cnn_s2_14,val,Log-Mel CNN,0.04809333011507988,0.07409321051090956
seg_000572,sample_00190,SD (Ill Mix) - H-LR,0,0.003671617479994893,cnn_revised_20260919T110440Z,cnn_s2_14,val,Log-Mel CNN,0.04809333011507988,0.07409321051090956
seg_000576,sample_00192,Scramby Eggs - Andy G. Cohen,0,0.0003320567775517702,cnn_revised_20260919T110440Z,cnn_s2_14,val,Log-Mel CNN,0.04809333011507988,0.07409321051090956
seg_000577,sample_00192,Scramby Eggs - Andy G. Cohen,0,0.0002789033460430801,cnn_revised_20260919T110440Z,cnn_s2_14,val,Log-Mel CNN,0.04809333011507988,0.07409321051090956
seg_000578,sample_00192,Scramby Eggs - Andy G. Cohen,0,0.0005010591703467071,cnn_revised_20260919T110440Z,cnn_s2_14,val,Log-Mel CNN,0.04809333011507988,0.07409321051090956
seg_000600,sample_00200,Shipwrecked Crew - Pete Prodoehl,0,0.022993752732872963,cnn_revised_20260919T110440Z,cnn_s2_14,val,Log-Mel CNN,0.04809333011507988,0.07409321051090956
seg_000601,sample_00200,Shipwrecked Crew - Pete Prodoehl,0,0.05944610387086868,cnn_revised_20260919T110440Z,cnn_s2_14,val,Log-Mel CNN,0.04809333011507988,0.07409321051090956
seg_000602,sample_00200,Shipwrecked Crew - Pete Prodoehl,0,0.1074005737900734,cnn_revised_20260919T110440Z,cnn_s2_14,val,Log-Mel CNN,0.04809333011507988,0.07409321051090956
seg_000615,sample_00205,Soleares&beats - Malaventura,0,0.006868408061563969,cnn_revised_20260919T110440Z,cnn_s2_14,val,Log-Mel CNN,0.04809333011507988,0.07409321051090956
seg_000616,sample_00205,Soleares&beats - Malaventura,0,0.013245780020952225,cnn_revised_20260919T110440Z,cnn_s2_14,val,Log-Mel CNN,0.04809333011507988,0.07409321051090956
seg_000617,sample_00205,Soleares&beats - Malaventura,0,0.026850832626223564,cnn_revised_20260919T110440Z,cnn_s2_14,val,Log-Mel CNN,0.04809333011507988,0.07409321051090956
seg_000633,sample_00211,Stockholm Syndrome / People Should Be More Aware - Bird Names,0,0.0011586330365389585,cnn_revised_20260919T110440Z,cnn_s2_14,val,Log-Mel CNN,0.04809333011507988,0.07409321051090956
seg_000634,sample_00211,Stockholm Syndrome / People Should Be More Aware - Bird Names,0,0.029721148312091827,cnn_revised_20260919T110440Z,cnn_s2_14,val,Log-Mel CNN,0.04809333011507988,0.07409321051090956
seg_000635,sample_00211,Stockholm Syndrome / People Should Be More Aware - Bird Names,0,0.008705378510057926,cnn_revised_20260919T110440Z,cnn_s2_14,val,Log-Mel CNN,0.04809333011507988,0.07409321051090956
seg_000645,sample_00215,Sturgeon's Law - Nihilore,0,0.0005475246580317616,cnn_revised_20260919T110440Z,cnn_s2_14,val,Log-Mel CNN,0.04809333011507988,0.07409321051090956
seg_000646,sample_00215,Sturgeon's Law - Nihilore,0,0.01080760546028614,cnn_revised_20260919T110440Z,cnn_s2_14,val,Log-Mel CNN,0.04809333011507988,0.07409321051090956
seg_000647,sample_00215,Sturgeon's Law - Nihilore,0,0.018722135573625565,cnn_revised_20260919T110440Z,cnn_s2_14,val,Log-Mel CNN,0.04809333011507988,0.07409321051090956
seg_000726,sample_00242,The Stairway - WarpToken,0,0.0026703020557761192,cnn_revised_20260919T110440Z,cnn_s2_14,val,Log-Mel CNN,0.04809333011507988,0.07409321051090956
seg_000727,sample_00242,The Stairway - WarpToken,0,0.19335247576236725,cnn_revised_20260919T110440Z,cnn_s2_14,val,Log-Mel CNN,0.04809333011507988,0.07409321051090956
seg_000728,sample_00242,The Stairway - WarpToken,0,0.004638216458261013,cnn_revised_20260919T110440Z,cnn_s2_14,val,Log-Mel CNN,0.04809333011507988,0.07409321051090956
seg_000729,sample_00243,The girl just faded - Los Llamarada,0,0.007315447553992271,cnn_revised_20260919T110440Z,cnn_s2_14,val,Log-Mel CNN,0.04809333011507988,0.07409321051090956
seg_000730,sample_00243,The girl just faded - Los Llamarada,0,0.08603417128324509,cnn_revised_20260919T110440Z,cnn_s2_14,val,Log-Mel CNN,0.04809333011507988,0.07409321051090956
seg_000731,sample_00243,The girl just faded - Los Llamarada,0,0.05966949090361595,cnn_revised_20260919T110440Z,cnn_s2_14,val,Log-Mel CNN,0.04809333011507988,0.07409321051090956
seg_000735,sample_00245,Three Bird - My brother Daniel,0,0.00062613032059744,cnn_revised_20260919T110440Z,cnn_s2_14,val,Log-Mel CNN,0.04809333011507988,0.07409321051090956
seg_000736,sample_00245,Three Bird - My brother Daniel,0,0.000160279669216834,cnn_revised_20260919T110440Z,cnn_s2_14,val,Log-Mel CNN,0.04809333011507988,0.07409321051090956
seg_000737,sample_00245,Three Bird - My brother Daniel,0,0.0035146763548254967,cnn_revised_20260919T110440Z,cnn_s2_14,val,Log-Mel CNN,0.04809333011507988,0.07409321051090956
seg_000738,sample_00246,Time Is Love - Silence is full of birds,0,0.00028682072297669947,cnn_revised_20260919T110440Z,cnn_s2_14,val,Log-Mel CNN,0.04809333011507988,0.07409321051090956
seg_000739,sample_00246,Time Is Love - Silence is full of birds,0,0.0008060095133259892,cnn_revised_20260919T110440Z,cnn_s2_14,val,Log-Mel CNN,0.04809333011507988,0.07409321051090956
seg_000740,sample_00246,Time Is Love - Silence is full of birds,0,0.0006632448639720678,cnn_revised_20260919T110440Z,cnn_s2_14,val,Log-Mel CNN,0.04809333011507988,0.07409321051090956
seg_000744,sample_00248,Timen Passing By - Jason Shaw,0,0.09245277941226959,cnn_revised_20260919T110440Z,cnn_s2_14,val,Log-Mel CNN,0.04809333011507988,0.07409321051090956
seg_000745,sample_00248,Timen Passing By - Jason Shaw,0,0.040293049067258835,cnn_revised_20260919T110440Z,cnn_s2_14,val,Log-Mel CNN,0.04809333011507988,0.07409321051090956
seg_000746,sample_00248,Timen Passing By - Jason Shaw,0,0.03991260379552841,cnn_revised_20260919T110440Z,cnn_s2_14,val,Log-Mel CNN,0.04809333011507988,0.07409321051090956
seg_000765,sample_00255,Understand That This Is A Dream - From the album Modulating Coil [RSVP008] - Forrest James,0,0.010852727107703686,cnn_revised_20260919T110440Z,cnn_s2_14,val,Log-Mel CNN,0.04809333011507988,0.07409321051090956
seg_000766,sample_00255,Understand That This Is A Dream - From the album Modulating Coil [RSVP008] - Forrest James,0,0.006647604983299971,cnn_revised_20260919T110440Z,cnn_s2_14,val,Log-Mel CNN,0.04809333011507988,0.07409321051090956
seg_000767,sample_00255,Understand That This Is A Dream - From the album Modulating Coil [RSVP008] - Forrest James,0,0.023230381309986115,cnn_revised_20260919T110440Z,cnn_s2_14,val,Log-Mel CNN,0.04809333011507988,0.07409321051090956
seg_000783,sample_00261,Voxel - Andy G. Cohen,0,0.00013999910152051598,cnn_revised_20260919T110440Z,cnn_s2_14,val,Log-Mel CNN,0.04809333011507988,0.07409321051090956
seg_000784,sample_00261,Voxel - Andy G. Cohen,0,0.00044781368342228234,cnn_revised_20260919T110440Z,cnn_s2_14,val,Log-Mel CNN,0.04809333011507988,0.07409321051090956
seg_000785,sample_00261,Voxel - Andy G. Cohen,0,0.001228349399752915,cnn_revised_20260919T110440Z,cnn_s2_14,val,Log-Mel CNN,0.04809333011507988,0.07409321051090956
seg_000801,sample_00267,Westside Chillers - Little Glass Men,0,0.0023993111681193113,cnn_revised_20260919T110440Z,cnn_s2_14,val,Log-Mel CNN,0.04809333011507988,0.07409321051090956
seg_000802,sample_00267,Westside Chillers - Little Glass Men,0,0.002349328948184848,cnn_revised_20260919T110440Z,cnn_s2_14,val,Log-Mel CNN,0.04809333011507988,0.07409321051090956
seg_000803,sample_00267,Westside Chillers - Little Glass Men,0,0.003101263428106904,cnn_revised_20260919T110440Z,cnn_s2_14,val,Log-Mel CNN,0.04809333011507988,0.07409321051090956
seg_000819,sample_00273,Windows of the Skull - Sarin,0,0.012493527494370937,cnn_revised_20260919T110440Z,cnn_s2_14,val,Log-Mel CNN,0.04809333011507988,0.07409321051090956
seg_000820,sample_00273,Windows of the Skull - Sarin,0,0.030258754268288612,cnn_revised_20260919T110440Z,cnn_s2_14,val,Log-Mel CNN,0.04809333011507988,0.07409321051090956
seg_000821,sample_00273,Windows of the Skull - Sarin,0,0.04660641774535179,cnn_revised_20260919T110440Z,cnn_s2_14,val,Log-Mel CNN,0.04809333011507988,0.07409321051090956
seg_000858,sample_00286,mystery team 2090 - Jesse Futerman,0,0.010429931804537773,cnn_revised_20260919T110440Z,cnn_s2_14,val,Log-Mel CNN,0.04809333011507988,0.07409321051090956
seg_000859,sample_00286,mystery team 2090 - Jesse Futerman,0,0.007714276202023029,cnn_revised_20260919T110440Z,cnn_s2_14,val,Log-Mel CNN,0.04809333011507988,0.07409321051090956
seg_000860,sample_00286,mystery team 2090 - Jesse Futerman,0,0.01448412798345089,cnn_revised_20260919T110440Z,cnn_s2_14,val,Log-Mel CNN,0.04809333011507988,0.07409321051090956
seg_000870,sample_00290,some dextromethorphan - Jeva,0,0.0004563789698295295,cnn_revised_20260919T110440Z,cnn_s2_14,val,Log-Mel CNN,0.04809333011507988,0.07409321051090956
seg_000871,sample_00290,some dextromethorphan - Jeva,0,0.0008796224719844759,cnn_revised_20260919T110440Z,cnn_s2_14,val,Log-Mel CNN,0.04809333011507988,0.07409321051090956
seg_000872,sample_00290,some dextromethorphan - Jeva,0,0.0006041980814188719,cnn_revised_20260919T110440Z,cnn_s2_14,val,Log-Mel CNN,0.04809333011507988,0.07409321051090956
seg_000876,sample_00292,В Наших Сердцах - Чокнутый Пропеллер,0,0.04809333011507988,cnn_revised_20260919T110440Z,cnn_s2_14,val,Log-Mel CNN,0.04809333011507988,0.07409321051090956
seg_000877,sample_00292,В Наших Сердцах - Чокнутый Пропеллер,0,0.04511909931898117,cnn_revised_20260919T110440Z,cnn_s2_14,val,Log-Mel CNN,0.04809333011507988,0.07409321051090956
seg_000878,sample_00292,В Наших Сердцах - Чокнутый Пропеллер,0,0.030629456043243408,cnn_revised_20260919T110440Z,cnn_s2_14,val,Log-Mel CNN,0.04809333011507988,0.07409321051090956
seg_000885,sample_00295,Новый Нью-Йорк 2 - Чокнутый Пропеллер,0,0.015795964747667313,cnn_revised_20260919T110440Z,cnn_s2_14,val,Log-Mel CNN,0.04809333011507988,0.07409321051090956
seg_000886,sample_00295,Новый Нью-Йорк 2 - Чокнутый Пропеллер,0,0.03454082831740379,cnn_revised_20260919T110440Z,cnn_s2_14,val,Log-Mel CNN,0.04809333011507988,0.07409321051090956
seg_000887,sample_00295,Новый Нью-Йорк 2 - Чокнутый Пропеллер,0,0.062430012971162796,cnn_revised_20260919T110440Z,cnn_s2_14,val,Log-Mel CNN,0.04809333011507988,0.07409321051090956
seg_000897,sample_00299,2 (Wasn't There) - Isle of Pine,1,0.9218153357505798,cnn_revised_20260919T110440Z,cnn_s2_14,val,Log-Mel CNN,0.04809333011507988,0.07409321051090956
seg_000898,sample_00299,2 (Wasn't There) - Isle of Pine,1,0.765890896320343,cnn_revised_20260919T110440Z,cnn_s2_14,val,Log-Mel CNN,0.04809333011507988,0.07409321051090956
seg_000899,sample_00299,2 (Wasn't There) - Isle of Pine,1,0.962552011013031,cnn_revised_20260919T110440Z,cnn_s2_14,val,Log-Mel CNN,0.04809333011507988,0.07409321051090956
seg_000918,sample_00306,Agora - Malaventura,1,0.9767338037490845,cnn_revised_20260919T110440Z,cnn_s2_14,val,Log-Mel CNN,0.04809333011507988,0.07409321051090956
seg_000919,sample_00306,Agora - Malaventura,1,0.9775654077529907,cnn_revised_20260919T110440Z,cnn_s2_14,val,Log-Mel CNN,0.04809333011507988,0.07409321051090956
seg_000920,sample_00306,Agora - Malaventura,1,0.9678759574890137,cnn_revised_20260919T110440Z,cnn_s2_14,val,Log-Mel CNN,0.04809333011507988,0.07409321051090956
seg_000969,sample_00323,Beyond Luxury - Mors Ontologica,1,0.3440204858779907,cnn_revised_20260919T110440Z,cnn_s2_14,val,Log-Mel CNN,0.04809333011507988,0.07409321051090956
seg_000970,sample_00323,Beyond Luxury - Mors Ontologica,1,0.2684948146343231,cnn_revised_20260919T110440Z,cnn_s2_14,val,Log-Mel CNN,0.04809333011507988,0.07409321051090956
seg_000971,sample_00323,Beyond Luxury - Mors Ontologica,1,0.8781992197036743,cnn_revised_20260919T110440Z,cnn_s2_14,val,Log-Mel CNN,0.04809333011507988,0.07409321051090956
seg_001014,sample_00338,CopperNickle - UncleBibby,1,0.021521883085370064,cnn_revised_20260919T110440Z,cnn_s2_14,val,Log-Mel CNN,0.04809333011507988,0.07409321051090956
seg_001015,sample_00338,CopperNickle - UncleBibby,1,0.06840962916612625,cnn_revised_20260919T110440Z,cnn_s2_14,val,Log-Mel CNN,0.04809333011507988,0.07409321051090956
seg_001016,sample_00338,CopperNickle - UncleBibby,1,0.13882362842559814,cnn_revised_20260919T110440Z,cnn_s2_14,val,Log-Mel CNN,0.04809333011507988,0.07409321051090956
seg_001029,sample_00343,Daylight Savings - My brother Daniel,1,0.558844804763794,cnn_revised_20260919T110440Z,cnn_s2_14,val,Log-Mel CNN,0.04809333011507988,0.07409321051090956
seg_001030,sample_00343,Daylight Savings - My brother Daniel,1,0.1274198591709137,cnn_revised_20260919T110440Z,cnn_s2_14,val,Log-Mel CNN,0.04809333011507988,0.07409321051090956
seg_001031,sample_00343,Daylight Savings - My brother Daniel,1,0.9943916201591492,cnn_revised_20260919T110440Z,cnn_s2_14,val,Log-Mel CNN,0.04809333011507988,0.07409321051090956
seg_001065,sample_00355,Empty Pockets - Pete Prodoehl,1,0.8881849050521851,cnn_revised_20260919T110440Z,cnn_s2_14,val,Log-Mel CNN,0.04809333011507988,0.07409321051090956
seg_001066,sample_00355,Empty Pockets - Pete Prodoehl,1,0.9687021374702454,cnn_revised_20260919T110440Z,cnn_s2_14,val,Log-Mel CNN,0.04809333011507988,0.07409321051090956
seg_001067,sample_00355,Empty Pockets - Pete Prodoehl,1,0.9945247173309326,cnn_revised_20260919T110440Z,cnn_s2_14,val,Log-Mel CNN,0.04809333011507988,0.07409321051090956
seg_001083,sample_00361,Evil Cannot Create - Caleb Lemond,1,0.9346250295639038,cnn_revised_20260919T110440Z,cnn_s2_14,val,Log-Mel CNN,0.04809333011507988,0.07409321051090956
seg_001084,sample_00361,Evil Cannot Create - Caleb Lemond,1,0.9870088696479797,cnn_revised_20260919T110440Z,cnn_s2_14,val,Log-Mel CNN,0.04809333011507988,0.07409321051090956
seg_001085,sample_00361,Evil Cannot Create - Caleb Lemond,1,0.9970544576644897,cnn_revised_20260919T110440Z,cnn_s2_14,val,Log-Mel CNN,0.04809333011507988,0.07409321051090956
seg_001089,sample_00363,Fear - Los Fancy Free,1,0.6069216132164001,cnn_revised_20260919T110440Z,cnn_s2_14,val,Log-Mel CNN,0.04809333011507988,0.07409321051090956
seg_001090,sample_00363,Fear - Los Fancy Free,1,0.3995060622692108,cnn_revised_20260919T110440Z,cnn_s2_14,val,Log-Mel CNN,0.04809333011507988,0.07409321051090956
seg_001091,sample_00363,Fear - Los Fancy Free,1,0.9557767510414124,cnn_revised_20260919T110440Z,cnn_s2_14,val,Log-Mel CNN,0.04809333011507988,0.07409321051090956
seg_001092,sample_00364,Fifth Ramble - From the album Keith [RSVP007] - My brother Daniel,1,0.340587317943573,cnn_revised_20260919T110440Z,cnn_s2_14,val,Log-Mel CNN,0.04809333011507988,0.07409321051090956
seg_001093,sample_00364,Fifth Ramble - From the album Keith [RSVP007] - My brother Daniel,1,0.31762340664863586,cnn_revised_20260919T110440Z,cnn_s2_14,val,Log-Mel CNN,0.04809333011507988,0.07409321051090956
seg_001094,sample_00364,Fifth Ramble - From the album Keith [RSVP007] - My brother Daniel,1,0.9795976281166077,cnn_revised_20260919T110440Z,cnn_s2_14,val,Log-Mel CNN,0.04809333011507988,0.07409321051090956
seg_001128,sample_00376,Gila Monster Flop/Music History Lesson:The Sonics - The Crypts!,1,0.2694261074066162,cnn_revised_20260919T110440Z,cnn_s2_14,val,Log-Mel CNN,0.04809333011507988,0.07409321051090956
seg_001129,sample_00376,Gila Monster Flop/Music History Lesson:The Sonics - The Crypts!,1,0.28367236256599426,cnn_revised_20260919T110440Z,cnn_s2_14,val,Log-Mel CNN,0.04809333011507988,0.07409321051090956
seg_001130,sample_00376,Gila Monster Flop/Music History Lesson:The Sonics - The Crypts!,1,0.09821201860904694,cnn_revised_20260919T110440Z,cnn_s2_14,val,Log-Mel CNN,0.04809333011507988,0.07409321051090956
seg_001161,sample_00387,If You're Ther - Nicola Ratti,1,0.8348609805107117,cnn_revised_20260919T110440Z,cnn_s2_14,val,Log-Mel CNN,0.04809333011507988,0.07409321051090956
seg_001162,sample_00387,If You're Ther - Nicola Ratti,1,0.9178546071052551,cnn_revised_20260919T110440Z,cnn_s2_14,val,Log-Mel CNN,0.04809333011507988,0.07409321051090956
seg_001163,sample_00387,If You're Ther - Nicola Ratti,1,0.9660526514053345,cnn_revised_20260919T110440Z,cnn_s2_14,val,Log-Mel CNN,0.04809333011507988,0.07409321051090956
seg_001191,sample_00397,I Fell - Mod Fun,1,0.8422811627388,cnn_revised_20260919T110440Z,cnn_s2_14,val,Log-Mel CNN,0.04809333011507988,0.07409321051090956
seg_001192,sample_00397,I Fell - Mod Fun,1,0.8840383291244507,cnn_revised_20260919T110440Z,cnn_s2_14,val,Log-Mel CNN,0.04809333011507988,0.07409321051090956
seg_001193,sample_00397,I Fell - Mod Fun,1,0.7056379914283752,cnn_revised_20260919T110440Z,cnn_s2_14,val,Log-Mel CNN,0.04809333011507988,0.07409321051090956
seg_001239,sample_00413,Kumorizoranohajimarutokoro - Hosomi,1,0.9775022864341736,cnn_revised_20260919T110440Z,cnn_s2_14,val,Log-Mel CNN,0.04809333011507988,0.07409321051090956
seg_001240,sample_00413,Kumorizoranohajimarutokoro - Hosomi,1,0.7290661334991455,cnn_revised_20260919T110440Z,cnn_s2_14,val,Log-Mel CNN,0.04809333011507988,0.07409321051090956
seg_001241,sample_00413,Kumorizoranohajimarutokoro - Hosomi,1,0.9204422831535339,cnn_revised_20260919T110440Z,cnn_s2_14,val,Log-Mel CNN,0.04809333011507988,0.07409321051090956
seg_001275,sample_00425,Lights Up - Pipe Choir,1,0.18273290991783142,cnn_revised_20260919T110440Z,cnn_s2_14,val,Log-Mel CNN,0.04809333011507988,0.07409321051090956
seg_001276,sample_00425,Lights Up - Pipe Choir,1,0.002300468273460865,cnn_revised_20260919T110440Z,cnn_s2_14,val,Log-Mel CNN,0.04809333011507988,0.07409321051090956
seg_001277,sample_00425,Lights Up - Pipe Choir,1,0.6892288327217102,cnn_revised_20260919T110440Z,cnn_s2_14,val,Log-Mel CNN,0.04809333011507988,0.07409321051090956
seg_001293,sample_00431,Loved Ones - Rowan Box,1,0.9958458542823792,cnn_revised_20260919T110440Z,cnn_s2_14,val,Log-Mel CNN,0.04809333011507988,0.07409321051090956
seg_001294,sample_00431,Loved Ones - Rowan Box,1,0.9965595602989197,cnn_revised_20260919T110440Z,cnn_s2_14,val,Log-Mel CNN,0.04809333011507988,0.07409321051090956
seg_001295,sample_00431,Loved Ones - Rowan Box,1,0.9996218681335449,cnn_revised_20260919T110440Z,cnn_s2_14,val,Log-Mel CNN,0.04809333011507988,0.07409321051090956
seg_001305,sample_00435,March of the GPA Mechanics - [t]ghost,1,0.9584379196166992,cnn_revised_20260919T110440Z,cnn_s2_14,val,Log-Mel CNN,0.04809333011507988,0.07409321051090956
seg_001306,sample_00435,March of the GPA Mechanics - [t]ghost,1,0.06008070334792137,cnn_revised_20260919T110440Z,cnn_s2_14,val,Log-Mel CNN,0.04809333011507988,0.07409321051090956
seg_001307,sample_00435,March of the GPA Mechanics - [t]ghost,1,0.8062890768051147,cnn_revised_20260919T110440Z,cnn_s2_14,val,Log-Mel CNN,0.04809333011507988,0.07409321051090956
seg_001326,sample_00442,Morning Bell - Nihilore,1,0.8856263756752014,cnn_revised_20260919T110440Z,cnn_s2_14,val,Log-Mel CNN,0.04809333011507988,0.07409321051090956
seg_001327,sample_00442,Morning Bell - Nihilore,1,0.21071869134902954,cnn_revised_20260919T110440Z,cnn_s2_14,val,Log-Mel CNN,0.04809333011507988,0.07409321051090956
seg_001328,sample_00442,Morning Bell - Nihilore,1,0.8032036423683167,cnn_revised_20260919T110440Z,cnn_s2_14,val,Log-Mel CNN,0.04809333011507988,0.07409321051090956
seg_001341,sample_00447,mystery team 2090 - Jesse Futerman,1,0.1376757174730301,cnn_revised_20260919T110440Z,cnn_s2_14,val,Log-Mel CNN,0.04809333011507988,0.07409321051090956
seg_001342,sample_00447,mystery team 2090 - Jesse Futerman,1,0.3601931631565094,cnn_revised_20260919T110440Z,cnn_s2_14,val,Log-Mel CNN,0.04809333011507988,0.07409321051090956
seg_001343,sample_00447,mystery team 2090 - Jesse Futerman,1,0.6004106402397156,cnn_revised_20260919T110440Z,cnn_s2_14,val,Log-Mel CNN,0.04809333011507988,0.07409321051090956
seg_001344,sample_00448,My Body Is A Weapon (Compromise Edit) - Silence is full of birds,1,0.5223455429077148,cnn_revised_20260919T110440Z,cnn_s2_14,val,Log-Mel CNN,0.04809333011507988,0.07409321051090956
seg_001345,sample_00448,My Body Is A Weapon (Compromise Edit) - Silence is full of birds,1,0.16577303409576416,cnn_revised_20260919T110440Z,cnn_s2_14,val,Log-Mel CNN,0.04809333011507988,0.07409321051090956
seg_001346,sample_00448,My Body Is A Weapon (Compromise Edit) - Silence is full of birds,1,0.9248908162117004,cnn_revised_20260919T110440Z,cnn_s2_14,val,Log-Mel CNN,0.04809333011507988,0.07409321051090956
seg_001356,sample_00452,New Life (take 1) - Bird Names,1,0.9831482172012329,cnn_revised_20260919T110440Z,cnn_s2_14,val,Log-Mel CNN,0.04809333011507988,0.07409321051090956
seg_001357,sample_00452,New Life (take 1) - Bird Names,1,0.9730667471885681,cnn_revised_20260919T110440Z,cnn_s2_14,val,Log-Mel CNN,0.04809333011507988,0.07409321051090956
seg_001358,sample_00452,New Life (take 1) - Bird Names,1,0.658510684967041,cnn_revised_20260919T110440Z,cnn_s2_14,val,Log-Mel CNN,0.04809333011507988,0.07409321051090956
seg_001362,sample_00454,Night Drive - Decktonic,1,0.6904113292694092,cnn_revised_20260919T110440Z,cnn_s2_14,val,Log-Mel CNN,0.04809333011507988,0.07409321051090956
seg_001363,sample_00454,Night Drive - Decktonic,1,0.823919415473938,cnn_revised_20260919T110440Z,cnn_s2_14,val,Log-Mel CNN,0.04809333011507988,0.07409321051090956
seg_001364,sample_00454,Night Drive - Decktonic,1,0.7020090222358704,cnn_revised_20260919T110440Z,cnn_s2_14,val,Log-Mel CNN,0.04809333011507988,0.07409321051090956
seg_001371,sample_00457,Norweigian Wood II - Bird Names,1,0.7831761837005615,cnn_revised_20260919T110440Z,cnn_s2_14,val,Log-Mel CNN,0.04809333011507988,0.07409321051090956
seg_001372,sample_00457,Norweigian Wood II - Bird Names,1,0.6986022591590881,cnn_revised_20260919T110440Z,cnn_s2_14,val,Log-Mel CNN,0.04809333011507988,0.07409321051090956
seg_001373,sample_00457,Norweigian Wood II - Bird Names,1,0.9956297874450684,cnn_revised_20260919T110440Z,cnn_s2_14,val,Log-Mel CNN,0.04809333011507988,0.07409321051090956
seg_001383,sample_00461,Nuo Maisemat - Paavoharju,1,0.9986394047737122,cnn_revised_20260919T110440Z,cnn_s2_14,val,Log-Mel CNN,0.04809333011507988,0.07409321051090956
seg_001384,sample_00461,Nuo Maisemat - Paavoharju,1,0.8825231194496155,cnn_revised_20260919T110440Z,cnn_s2_14,val,Log-Mel CNN,0.04809333011507988,0.07409321051090956
seg_001385,sample_00461,Nuo Maisemat - Paavoharju,1,0.8907256126403809,cnn_revised_20260919T110440Z,cnn_s2_14,val,Log-Mel CNN,0.04809333011507988,0.07409321051090956
seg_001446,sample_00482,Redlight - Room For A Ghost,1,0.2673336863517761,cnn_revised_20260919T110440Z,cnn_s2_14,val,Log-Mel CNN,0.04809333011507988,0.07409321051090956
seg_001447,sample_00482,Redlight - Room For A Ghost,1,0.017451712861657143,cnn_revised_20260919T110440Z,cnn_s2_14,val,Log-Mel CNN,0.04809333011507988,0.07409321051090956
seg_001448,sample_00482,Redlight - Room For A Ghost,1,0.09699408710002899,cnn_revised_20260919T110440Z,cnn_s2_14,val,Log-Mel CNN,0.04809333011507988,0.07409321051090956
seg_001464,sample_00488,Roller Star - Monroeville Music Center,1,0.810431957244873,cnn_revised_20260919T110440Z,cnn_s2_14,val,Log-Mel CNN,0.04809333011507988,0.07409321051090956
seg_001465,sample_00488,Roller Star - Monroeville Music Center,1,0.9443952441215515,cnn_revised_20260919T110440Z,cnn_s2_14,val,Log-Mel CNN,0.04809333011507988,0.07409321051090956
seg_001466,sample_00488,Roller Star - Monroeville Music Center,1,0.9991692304611206,cnn_revised_20260919T110440Z,cnn_s2_14,val,Log-Mel CNN,0.04809333011507988,0.07409321051090956
seg_001470,sample_00490,"Roundtrip - Oh Yeah, the Future",1,0.392535001039505,cnn_revised_20260919T110440Z,cnn_s2_14,val,Log-Mel CNN,0.04809333011507988,0.07409321051090956
seg_001471,sample_00490,"Roundtrip - Oh Yeah, the Future",1,0.47688448429107666,cnn_revised_20260919T110440Z,cnn_s2_14,val,Log-Mel CNN,0.04809333011507988,0.07409321051090956
seg_001472,sample_00490,"Roundtrip - Oh Yeah, the Future",1,0.9923681616783142,cnn_revised_20260919T110440Z,cnn_s2_14,val,Log-Mel CNN,0.04809333011507988,0.07409321051090956
seg_001482,sample_00494,Scramby Eggs - Andy G. Cohen,1,0.2595632076263428,cnn_revised_20260919T110440Z,cnn_s2_14,val,Log-Mel CNN,0.04809333011507988,0.07409321051090956
seg_001483,sample_00494,Scramby Eggs - Andy G. Cohen,1,0.7680392861366272,cnn_revised_20260919T110440Z,cnn_s2_14,val,Log-Mel CNN,0.04809333011507988,0.07409321051090956
seg_001484,sample_00494,Scramby Eggs - Andy G. Cohen,1,0.8869060277938843,cnn_revised_20260919T110440Z,cnn_s2_14,val,Log-Mel CNN,0.04809333011507988,0.07409321051090956
seg_001485,sample_00495,SD (Ill Mix) - H-LR,1,0.7303617000579834,cnn_revised_20260919T110440Z,cnn_s2_14,val,Log-Mel CNN,0.04809333011507988,0.07409321051090956
seg_001486,sample_00495,SD (Ill Mix) - H-LR,1,0.567752480506897,cnn_revised_20260919T110440Z,cnn_s2_14,val,Log-Mel CNN,0.04809333011507988,0.07409321051090956
seg_001487,sample_00495,SD (Ill Mix) - H-LR,1,0.9937565326690674,cnn_revised_20260919T110440Z,cnn_s2_14,val,Log-Mel CNN,0.04809333011507988,0.07409321051090956
seg_001509,sample_00503,Shipwrecked Crew - Pete Prodoehl,1,0.7195336222648621,cnn_revised_20260919T110440Z,cnn_s2_14,val,Log-Mel CNN,0.04809333011507988,0.07409321051090956
seg_001510,sample_00503,Shipwrecked Crew - Pete Prodoehl,1,0.4727931320667267,cnn_revised_20260919T110440Z,cnn_s2_14,val,Log-Mel CNN,0.04809333011507988,0.07409321051090956
seg_001511,sample_00503,Shipwrecked Crew - Pete Prodoehl,1,0.9122130274772644,cnn_revised_20260919T110440Z,cnn_s2_14,val,Log-Mel CNN,0.04809333011507988,0.07409321051090956
seg_001527,sample_00509,Soleares&beats - Malaventura,1,0.04226868227124214,cnn_revised_20260919T110440Z,cnn_s2_14,val,Log-Mel CNN,0.04809333011507988,0.07409321051090956
seg_001528,sample_00509,Soleares&beats - Malaventura,1,0.5924744606018066,cnn_revised_20260919T110440Z,cnn_s2_14,val,Log-Mel CNN,0.04809333011507988,0.07409321051090956
seg_001529,sample_00509,Soleares&beats - Malaventura,1,0.8533942699432373,cnn_revised_20260919T110440Z,cnn_s2_14,val,Log-Mel CNN,0.04809333011507988,0.07409321051090956
seg_001533,sample_00511,some dextromethorphan - Jeva,1,0.9997538924217224,cnn_revised_20260919T110440Z,cnn_s2_14,val,Log-Mel CNN,0.04809333011507988,0.07409321051090956
seg_001534,sample_00511,some dextromethorphan - Jeva,1,0.9979497790336609,cnn_revised_20260919T110440Z,cnn_s2_14,val,Log-Mel CNN,0.04809333011507988,0.07409321051090956
seg_001535,sample_00511,some dextromethorphan - Jeva,1,0.9536411166191101,cnn_revised_20260919T110440Z,cnn_s2_14,val,Log-Mel CNN,0.04809333011507988,0.07409321051090956
seg_001548,sample_00516,Stockholm Syndrome / People Should Be More Aware - Bird Names,1,0.25399476289749146,cnn_revised_20260919T110440Z,cnn_s2_14,val,Log-Mel CNN,0.04809333011507988,0.07409321051090956
seg_001549,sample_00516,Stockholm Syndrome / People Should Be More Aware - Bird Names,1,0.20439103245735168,cnn_revised_20260919T110440Z,cnn_s2_14,val,Log-Mel CNN,0.04809333011507988,0.07409321051090956
seg_001550,sample_00516,Stockholm Syndrome / People Should Be More Aware - Bird Names,1,0.9928715825080872,cnn_revised_20260919T110440Z,cnn_s2_14,val,Log-Mel CNN,0.04809333011507988,0.07409321051090956
seg_001560,sample_00520,Sturgeon's Law - Nihilore,1,0.7512998580932617,cnn_revised_20260919T110440Z,cnn_s2_14,val,Log-Mel CNN,0.04809333011507988,0.07409321051090956
seg_001561,sample_00520,Sturgeon's Law - Nihilore,1,0.5165591239929199,cnn_revised_20260919T110440Z,cnn_s2_14,val,Log-Mel CNN,0.04809333011507988,0.07409321051090956
seg_001562,sample_00520,Sturgeon's Law - Nihilore,1,0.9979179501533508,cnn_revised_20260919T110440Z,cnn_s2_14,val,Log-Mel CNN,0.04809333011507988,0.07409321051090956
seg_001617,sample_00539,The girl just faded - Los Llamarada,1,0.8780522346496582,cnn_revised_20260919T110440Z,cnn_s2_14,val,Log-Mel CNN,0.04809333011507988,0.07409321051090956
seg_001618,sample_00539,The girl just faded - Los Llamarada,1,0.5394465327262878,cnn_revised_20260919T110440Z,cnn_s2_14,val,Log-Mel CNN,0.04809333011507988,0.07409321051090956
seg_001619,sample_00539,The girl just faded - Los Llamarada,1,0.9667841196060181,cnn_revised_20260919T110440Z,cnn_s2_14,val,Log-Mel CNN,0.04809333011507988,0.07409321051090956
seg_001644,sample_00548,The Stairway - WarpToken,1,0.9948899745941162,cnn_revised_20260919T110440Z,cnn_s2_14,val,Log-Mel CNN,0.04809333011507988,0.07409321051090956
seg_001645,sample_00548,The Stairway - WarpToken,1,0.985193133354187,cnn_revised_20260919T110440Z,cnn_s2_14,val,Log-Mel CNN,0.04809333011507988,0.07409321051090956
seg_001646,sample_00548,The Stairway - WarpToken,1,0.9986419081687927,cnn_revised_20260919T110440Z,cnn_s2_14,val,Log-Mel CNN,0.04809333011507988,0.07409321051090956
seg_001647,sample_00549,Three Bird - My brother Daniel,1,0.47241345047950745,cnn_revised_20260919T110440Z,cnn_s2_14,val,Log-Mel CNN,0.04809333011507988,0.07409321051090956
seg_001648,sample_00549,Three Bird - My brother Daniel,1,0.08823709934949875,cnn_revised_20260919T110440Z,cnn_s2_14,val,Log-Mel CNN,0.04809333011507988,0.07409321051090956
seg_001649,sample_00549,Three Bird - My brother Daniel,1,0.38303348422050476,cnn_revised_20260919T110440Z,cnn_s2_14,val,Log-Mel CNN,0.04809333011507988,0.07409321051090956
seg_001650,sample_00550,Timen Passing By - Jason Shaw,1,0.9622289538383484,cnn_revised_20260919T110440Z,cnn_s2_14,val,Log-Mel CNN,0.04809333011507988,0.07409321051090956
seg_001651,sample_00550,Timen Passing By - Jason Shaw,1,0.6511489748954773,cnn_revised_20260919T110440Z,cnn_s2_14,val,Log-Mel CNN,0.04809333011507988,0.07409321051090956
seg_001652,sample_00550,Timen Passing By - Jason Shaw,1,0.9825301766395569,cnn_revised_20260919T110440Z,cnn_s2_14,val,Log-Mel CNN,0.04809333011507988,0.07409321051090956
seg_001653,sample_00551,Time Is Love - Silence is full of birds,1,0.04378872737288475,cnn_revised_20260919T110440Z,cnn_s2_14,val,Log-Mel CNN,0.04809333011507988,0.07409321051090956
seg_001654,sample_00551,Time Is Love - Silence is full of birds,1,0.5306740403175354,cnn_revised_20260919T110440Z,cnn_s2_14,val,Log-Mel CNN,0.04809333011507988,0.07409321051090956
seg_001655,sample_00551,Time Is Love - Silence is full of birds,1,0.9281213879585266,cnn_revised_20260919T110440Z,cnn_s2_14,val,Log-Mel CNN,0.04809333011507988,0.07409321051090956
seg_001680,sample_00560,Understand That This Is A Dream - From the album Modulating Coil [RSVP008] - Forrest James,1,0.7668986320495605,cnn_revised_20260919T110440Z,cnn_s2_14,val,Log-Mel CNN,0.04809333011507988,0.07409321051090956
seg_001681,sample_00560,Understand That This Is A Dream - From the album Modulating Coil [RSVP008] - Forrest James,1,0.8174270391464233,cnn_revised_20260919T110440Z,cnn_s2_14,val,Log-Mel CNN,0.04809333011507988,0.07409321051090956
seg_001682,sample_00560,Understand That This Is A Dream - From the album Modulating Coil [RSVP008] - Forrest James,1,0.9582257270812988,cnn_revised_20260919T110440Z,cnn_s2_14,val,Log-Mel CNN,0.04809333011507988,0.07409321051090956
seg_001695,sample_00565,Voxel - Andy G. Cohen,1,0.44922584295272827,cnn_revised_20260919T110440Z,cnn_s2_14,val,Log-Mel CNN,0.04809333011507988,0.07409321051090956
seg_001696,sample_00565,Voxel - Andy G. Cohen,1,0.7733715176582336,cnn_revised_20260919T110440Z,cnn_s2_14,val,Log-Mel CNN,0.04809333011507988,0.07409321051090956
seg_001697,sample_00565,Voxel - Andy G. Cohen,1,0.46619996428489685,cnn_revised_20260919T110440Z,cnn_s2_14,val,Log-Mel CNN,0.04809333011507988,0.07409321051090956
seg_001701,sample_00567,Westside Chillers - Little Glass Men,1,0.8704437017440796,cnn_revised_20260919T110440Z,cnn_s2_14,val,Log-Mel CNN,0.04809333011507988,0.07409321051090956
seg_001702,sample_00567,Westside Chillers - Little Glass Men,1,0.24152103066444397,cnn_revised_20260919T110440Z,cnn_s2_14,val,Log-Mel CNN,0.04809333011507988,0.07409321051090956
seg_001703,sample_00567,Westside Chillers - Little Glass Men,1,0.44134464859962463,cnn_revised_20260919T110440Z,cnn_s2_14,val,Log-Mel CNN,0.04809333011507988,0.07409321051090956
seg_001758,sample_00586,В Наших Сердцах - Чокнутый Пропеллер,1,0.0004341255407780409,cnn_revised_20260919T110440Z,cnn_s2_14,val,Log-Mel CNN,0.04809333011507988,0.07409321051090956
seg_001759,sample_00586,В Наших Сердцах - Чокнутый Пропеллер,1,0.0027931451331824064,cnn_revised_20260919T110440Z,cnn_s2_14,val,Log-Mel CNN,0.04809333011507988,0.07409321051090956
seg_001760,sample_00586,В Наших Сердцах - Чокнутый Пропеллер,1,0.006897854618728161,cnn_revised_20260919T110440Z,cnn_s2_14,val,Log-Mel CNN,0.04809333011507988,0.07409321051090956
seg_001767,sample_00589,Новый Нью-Йорк 2 - Чокнутый Пропеллер,1,0.11692339181900024,cnn_revised_20260919T110440Z,cnn_s2_14,val,Log-Mel CNN,0.04809333011507988,0.07409321051090956
seg_001768,sample_00589,Новый Нью-Йорк 2 - Чокнутый Пропеллер,1,0.25156450271606445,cnn_revised_20260919T110440Z,cnn_s2_14,val,Log-Mel CNN,0.04809333011507988,0.07409321051090956
seg_001769,sample_00589,Новый Нью-Йорк 2 - Чокнутый Пропеллер,1,0.9678316116333008,cnn_revised_20260919T110440Z,cnn_s2_14,val,Log-Mel CNN,0.04809333011507988,0.07409321051090956
seg_001785,sample_00595,Daylight Savings - My brother Daniel,1,0.9994664788246155,cnn_revised_20260919T110440Z,cnn_s2_14,val,Log-Mel CNN,0.04809333011507988,0.07409321051090956
seg_001786,sample_00595,Daylight Savings - My brother Daniel,1,0.9999806880950928,cnn_revised_20260919T110440Z,cnn_s2_14,val,Log-Mel CNN,0.04809333011507988,0.07409321051090956
seg_001787,sample_00595,Daylight Savings - My brother Daniel,1,0.9987408518791199,cnn_revised_20260919T110440Z,cnn_s2_14,val,Log-Mel CNN,0.04809333011507988,0.07409321051090956
seg_001788,sample_00596,Three Bird - My brother Daniel,1,0.8727691173553467,cnn_revised_20260919T110440Z,cnn_s2_14,val,Log-Mel CNN,0.04809333011507988,0.07409321051090956
seg_001789,sample_00596,Three Bird - My brother Daniel,1,0.9057751893997192,cnn_revised_20260919T110440Z,cnn_s2_14,val,Log-Mel CNN,0.04809333011507988,0.07409321051090956
seg_001790,sample_00596,Three Bird - My brother Daniel,1,0.99333655834198,cnn_revised_20260919T110440Z,cnn_s2_14,val,Log-Mel CNN,0.04809333011507988,0.07409321051090956
seg_001827,sample_00609,Timen Passing By - Jason Shaw,1,0.974816620349884,cnn_revised_20260919T110440Z,cnn_s2_14,val,Log-Mel CNN,0.04809333011507988,0.07409321051090956
seg_001828,sample_00609,Timen Passing By - Jason Shaw,1,0.9982603192329407,cnn_revised_20260919T110440Z,cnn_s2_14,val,Log-Mel CNN,0.04809333011507988,0.07409321051090956
seg_001829,sample_00609,Timen Passing By - Jason Shaw,1,0.9995504021644592,cnn_revised_20260919T110440Z,cnn_s2_14,val,Log-Mel CNN,0.04809333011507988,0.07409321051090956
seg_001830,sample_00610,Night Drive - Decktonic,1,0.9960112571716309,cnn_revised_20260919T110440Z,cnn_s2_14,val,Log-Mel CNN,0.04809333011507988,0.07409321051090956
seg_001831,sample_00610,Night Drive - Decktonic,1,0.9972710013389587,cnn_revised_20260919T110440Z,cnn_s2_14,val,Log-Mel CNN,0.04809333011507988,0.07409321051090956
seg_001832,sample_00610,Night Drive - Decktonic,1,0.9685931205749512,cnn_revised_20260919T110440Z,cnn_s2_14,val,Log-Mel CNN,0.04809333011507988,0.07409321051090956
seg_001845,sample_00615,Sturgeon's Law - Nihilore,1,0.6810473799705505,cnn_revised_20260919T110440Z,cnn_s2_14,val,Log-Mel CNN,0.04809333011507988,0.07409321051090956
seg_001846,sample_00615,Sturgeon's Law - Nihilore,1,0.5252669453620911,cnn_revised_20260919T110440Z,cnn_s2_14,val,Log-Mel CNN,0.04809333011507988,0.07409321051090956
seg_001847,sample_00615,Sturgeon's Law - Nihilore,1,0.810856282711029,cnn_revised_20260919T110440Z,cnn_s2_14,val,Log-Mel CNN,0.04809333011507988,0.07409321051090956
seg_001851,sample_00617,mystery team 2090 - Jesse Futerman,1,0.955945611000061,cnn_revised_20260919T110440Z,cnn_s2_14,val,Log-Mel CNN,0.04809333011507988,0.07409321051090956
seg_001852,sample_00617,mystery team 2090 - Jesse Futerman,1,0.9613274931907654,cnn_revised_20260919T110440Z,cnn_s2_14,val,Log-Mel CNN,0.04809333011507988,0.07409321051090956
seg_001853,sample_00617,mystery team 2090 - Jesse Futerman,1,0.9894365072250366,cnn_revised_20260919T110440Z,cnn_s2_14,val,Log-Mel CNN,0.04809333011507988,0.07409321051090956
seg_001875,sample_00625,Loved Ones - Rowan Box,1,0.8976354598999023,cnn_revised_20260919T110440Z,cnn_s2_14,val,Log-Mel CNN,0.04809333011507988,0.07409321051090956
seg_001876,sample_00625,Loved Ones - Rowan Box,1,0.8825851082801819,cnn_revised_20260919T110440Z,cnn_s2_14,val,Log-Mel CNN,0.04809333011507988,0.07409321051090956
seg_001877,sample_00625,Loved Ones - Rowan Box,1,0.9205073118209839,cnn_revised_20260919T110440Z,cnn_s2_14,val,Log-Mel CNN,0.04809333011507988,0.07409321051090956
seg_001917,sample_00639,CopperNickle - UncleBibby,1,0.9976770281791687,cnn_revised_20260919T110440Z,cnn_s2_14,val,Log-Mel CNN,0.04809333011507988,0.07409321051090956
seg_001918,sample_00639,CopperNickle - UncleBibby,1,0.9922322034835815,cnn_revised_20260919T110440Z,cnn_s2_14,val,Log-Mel CNN,0.04809333011507988,0.07409321051090956
seg_001919,sample_00639,CopperNickle - UncleBibby,1,0.9997050166130066,cnn_revised_20260919T110440Z,cnn_s2_14,val,Log-Mel CNN,0.04809333011507988,0.07409321051090956
seg_001953,sample_00651,Nuo Maisemat - Paavoharju,1,0.9959993362426758,cnn_revised_20260919T110440Z,cnn_s2_14,val,Log-Mel CNN,0.04809333011507988,0.07409321051090956
seg_001954,sample_00651,Nuo Maisemat - Paavoharju,1,0.9968339800834656,cnn_revised_20260919T110440Z,cnn_s2_14,val,Log-Mel CNN,0.04809333011507988,0.07409321051090956
seg_001955,sample_00651,Nuo Maisemat - Paavoharju,1,0.9920571446418762,cnn_revised_20260919T110440Z,cnn_s2_14,val,Log-Mel CNN,0.04809333011507988,0.07409321051090956
seg_001986,sample_00662,SD (Ill Mix) - H-LR,1,0.9994770884513855,cnn_revised_20260919T110440Z,cnn_s2_14,val,Log-Mel CNN,0.04809333011507988,0.07409321051090956
seg_001987,sample_00662,SD (Ill Mix) - H-LR,1,0.999561607837677,cnn_revised_20260919T110440Z,cnn_s2_14,val,Log-Mel CNN,0.04809333011507988,0.07409321051090956
seg_001988,sample_00662,SD (Ill Mix) - H-LR,1,0.999529242515564,cnn_revised_20260919T110440Z,cnn_s2_14,val,Log-Mel CNN,0.04809333011507988,0.07409321051090956
seg_001998,sample_00666,Kumorizoranohajimarutokoro - Hosomi,1,0.995841920375824,cnn_revised_20260919T110440Z,cnn_s2_14,val,Log-Mel CNN,0.04809333011507988,0.07409321051090956
seg_001999,sample_00666,Kumorizoranohajimarutokoro - Hosomi,1,0.9992431402206421,cnn_revised_20260919T110440Z,cnn_s2_14,val,Log-Mel CNN,0.04809333011507988,0.07409321051090956
seg_002000,sample_00666,Kumorizoranohajimarutokoro - Hosomi,1,0.99882572889328,cnn_revised_20260919T110440Z,cnn_s2_14,val,Log-Mel CNN,0.04809333011507988,0.07409321051090956
seg_002019,sample_00673,some dextromethorphan - Jeva,1,0.9990260601043701,cnn_revised_20260919T110440Z,cnn_s2_14,val,Log-Mel CNN,0.04809333011507988,0.07409321051090956
seg_002020,sample_00673,some dextromethorphan - Jeva,1,0.9986761212348938,cnn_revised_20260919T110440Z,cnn_s2_14,val,Log-Mel CNN,0.04809333011507988,0.07409321051090956
seg_002021,sample_00673,some dextromethorphan - Jeva,1,0.9972267746925354,cnn_revised_20260919T110440Z,cnn_s2_14,val,Log-Mel CNN,0.04809333011507988,0.07409321051090956
seg_002028,sample_00676,Fifth Ramble - From the album Keith [RSVP007] - My brother Daniel,1,0.9499468207359314,cnn_revised_20260919T110440Z,cnn_s2_14,val,Log-Mel CNN,0.04809333011507988,0.07409321051090956
seg_002029,sample_00676,Fifth Ramble - From the album Keith [RSVP007] - My brother Daniel,1,0.94554203748703,cnn_revised_20260919T110440Z,cnn_s2_14,val,Log-Mel CNN,0.04809333011507988,0.07409321051090956
seg_002030,sample_00676,Fifth Ramble - From the album Keith [RSVP007] - My brother Daniel,1,0.9966391324996948,cnn_revised_20260919T110440Z,cnn_s2_14,val,Log-Mel CNN,0.04809333011507988,0.07409321051090956
seg_002043,sample_00681,Westside Chillers - Little Glass Men,1,0.9463578462600708,cnn_revised_20260919T110440Z,cnn_s2_14,val,Log-Mel CNN,0.04809333011507988,0.07409321051090956
seg_002044,sample_00681,Westside Chillers - Little Glass Men,1,0.973406195640564,cnn_revised_20260919T110440Z,cnn_s2_14,val,Log-Mel CNN,0.04809333011507988,0.07409321051090956
seg_002045,sample_00681,Westside Chillers - Little Glass Men,1,0.9351232051849365,cnn_revised_20260919T110440Z,cnn_s2_14,val,Log-Mel CNN,0.04809333011507988,0.07409321051090956
seg_002076,sample_00692,If You're Ther - Nicola Ratti,1,0.9994193315505981,cnn_revised_20260919T110440Z,cnn_s2_14,val,Log-Mel CNN,0.04809333011507988,0.07409321051090956
seg_002077,sample_00692,If You're Ther - Nicola Ratti,1,0.9132438898086548,cnn_revised_20260919T110440Z,cnn_s2_14,val,Log-Mel CNN,0.04809333011507988,0.07409321051090956
seg_002078,sample_00692,If You're Ther - Nicola Ratti,1,0.8868430852890015,cnn_revised_20260919T110440Z,cnn_s2_14,val,Log-Mel CNN,0.04809333011507988,0.07409321051090956
seg_002079,sample_00693,Understand That This Is A Dream - From the album Modulating Coil [RSVP008] - Forrest James,1,0.9815601110458374,cnn_revised_20260919T110440Z,cnn_s2_14,val,Log-Mel CNN,0.04809333011507988,0.07409321051090956
seg_002080,sample_00693,Understand That This Is A Dream - From the album Modulating Coil [RSVP008] - Forrest James,1,0.9438413381576538,cnn_revised_20260919T110440Z,cnn_s2_14,val,Log-Mel CNN,0.04809333011507988,0.07409321051090956
seg_002081,sample_00693,Understand That This Is A Dream - From the album Modulating Coil [RSVP008] - Forrest James,1,0.9648054242134094,cnn_revised_20260919T110440Z,cnn_s2_14,val,Log-Mel CNN,0.04809333011507988,0.07409321051090956
seg_002100,sample_00700,The Stairway - WarpToken,1,0.9996720552444458,cnn_revised_20260919T110440Z,cnn_s2_14,val,Log-Mel CNN,0.04809333011507988,0.07409321051090956
seg_002101,sample_00700,The Stairway - WarpToken,1,0.9985432624816895,cnn_revised_20260919T110440Z,cnn_s2_14,val,Log-Mel CNN,0.04809333011507988,0.07409321051090956
seg_002102,sample_00700,The Stairway - WarpToken,1,0.9999608993530273,cnn_revised_20260919T110440Z,cnn_s2_14,val,Log-Mel CNN,0.04809333011507988,0.07409321051090956
seg_002112,sample_00704,Soleares&beats - Malaventura,1,0.9774456024169922,cnn_revised_20260919T110440Z,cnn_s2_14,val,Log-Mel CNN,0.04809333011507988,0.07409321051090956
seg_002113,sample_00704,Soleares&beats - Malaventura,1,0.9843662977218628,cnn_revised_20260919T110440Z,cnn_s2_14,val,Log-Mel CNN,0.04809333011507988,0.07409321051090956
seg_002114,sample_00704,Soleares&beats - Malaventura,1,0.9708594083786011,cnn_revised_20260919T110440Z,cnn_s2_14,val,Log-Mel CNN,0.04809333011507988,0.07409321051090956
seg_002184,sample_00728,Evil Cannot Create - Caleb Lemond,1,0.9804593324661255,cnn_revised_20260919T110440Z,cnn_s2_14,val,Log-Mel CNN,0.04809333011507988,0.07409321051090956
seg_002185,sample_00728,Evil Cannot Create - Caleb Lemond,1,0.8233792781829834,cnn_revised_20260919T110440Z,cnn_s2_14,val,Log-Mel CNN,0.04809333011507988,0.07409321051090956
seg_002186,sample_00728,Evil Cannot Create - Caleb Lemond,1,0.9871163964271545,cnn_revised_20260919T110440Z,cnn_s2_14,val,Log-Mel CNN,0.04809333011507988,0.07409321051090956
seg_002196,sample_00732,Norweigian Wood II - Bird Names,1,0.8880991339683533,cnn_revised_20260919T110440Z,cnn_s2_14,val,Log-Mel CNN,0.04809333011507988,0.07409321051090956
seg_002197,sample_00732,Norweigian Wood II - Bird Names,1,0.9197680354118347,cnn_revised_20260919T110440Z,cnn_s2_14,val,Log-Mel CNN,0.04809333011507988,0.07409321051090956
seg_002198,sample_00732,Norweigian Wood II - Bird Names,1,0.9898858070373535,cnn_revised_20260919T110440Z,cnn_s2_14,val,Log-Mel CNN,0.04809333011507988,0.07409321051090956
seg_002214,sample_00738,Roller Star - Monroeville Music Center,1,0.9961548447608948,cnn_revised_20260919T110440Z,cnn_s2_14,val,Log-Mel CNN,0.04809333011507988,0.07409321051090956
seg_002215,sample_00738,Roller Star - Monroeville Music Center,1,0.9977571368217468,cnn_revised_20260919T110440Z,cnn_s2_14,val,Log-Mel CNN,0.04809333011507988,0.07409321051090956
seg_002216,sample_00738,Roller Star - Monroeville Music Center,1,0.9970086216926575,cnn_revised_20260919T110440Z,cnn_s2_14,val,Log-Mel CNN,0.04809333011507988,0.07409321051090956
seg_002229,sample_00743,Time Is Love - Silence is full of birds,1,0.9627583622932434,cnn_revised_20260919T110440Z,cnn_s2_14,val,Log-Mel CNN,0.04809333011507988,0.07409321051090956
seg_002230,sample_00743,Time Is Love - Silence is full of birds,1,0.9464359283447266,cnn_revised_20260919T110440Z,cnn_s2_14,val,Log-Mel CNN,0.04809333011507988,0.07409321051090956
seg_002231,sample_00743,Time Is Love - Silence is full of birds,1,0.7171792984008789,cnn_revised_20260919T110440Z,cnn_s2_14,val,Log-Mel CNN,0.04809333011507988,0.07409321051090956
seg_002232,sample_00744,Stockholm Syndrome / People Should Be More Aware - Bird Names,1,0.9664507508277893,cnn_revised_20260919T110440Z,cnn_s2_14,val,Log-Mel CNN,0.04809333011507988,0.07409321051090956
seg_002233,sample_00744,Stockholm Syndrome / People Should Be More Aware - Bird Names,1,0.9300490617752075,cnn_revised_20260919T110440Z,cnn_s2_14,val,Log-Mel CNN,0.04809333011507988,0.07409321051090956
seg_002234,sample_00744,Stockholm Syndrome / People Should Be More Aware - Bird Names,1,0.9780271053314209,cnn_revised_20260919T110440Z,cnn_s2_14,val,Log-Mel CNN,0.04809333011507988,0.07409321051090956
seg_002244,sample_00748,"Roundtrip - Oh Yeah, the Future",1,0.9745705127716064,cnn_revised_20260919T110440Z,cnn_s2_14,val,Log-Mel CNN,0.04809333011507988,0.07409321051090956
seg_002245,sample_00748,"Roundtrip - Oh Yeah, the Future",1,0.9996007084846497,cnn_revised_20260919T110440Z,cnn_s2_14,val,Log-Mel CNN,0.04809333011507988,0.07409321051090956
seg_002246,sample_00748,"Roundtrip - Oh Yeah, the Future",1,0.9982513785362244,cnn_revised_20260919T110440Z,cnn_s2_14,val,Log-Mel CNN,0.04809333011507988,0.07409321051090956
seg_002247,sample_00749,New Life (take 1) - Bird Names,1,0.5664488077163696,cnn_revised_20260919T110440Z,cnn_s2_14,val,Log-Mel CNN,0.04809333011507988,0.07409321051090956
seg_002248,sample_00749,New Life (take 1) - Bird Names,1,0.7863955497741699,cnn_revised_20260919T110440Z,cnn_s2_14,val,Log-Mel CNN,0.04809333011507988,0.07409321051090956
seg_002249,sample_00749,New Life (take 1) - Bird Names,1,0.6728864312171936,cnn_revised_20260919T110440Z,cnn_s2_14,val,Log-Mel CNN,0.04809333011507988,0.07409321051090956
seg_002253,sample_00751,My Body Is A Weapon (Compromise Edit) - Silence is full of birds,1,0.9438747763633728,cnn_revised_20260919T110440Z,cnn_s2_14,val,Log-Mel CNN,0.04809333011507988,0.07409321051090956
seg_002254,sample_00751,My Body Is A Weapon (Compromise Edit) - Silence is full of birds,1,0.8910391330718994,cnn_revised_20260919T110440Z,cnn_s2_14,val,Log-Mel CNN,0.04809333011507988,0.07409321051090956
seg_002255,sample_00751,My Body Is A Weapon (Compromise Edit) - Silence is full of birds,1,0.9907537698745728,cnn_revised_20260919T110440Z,cnn_s2_14,val,Log-Mel CNN,0.04809333011507988,0.07409321051090956
seg_002280,sample_00760,Agora - Malaventura,1,0.9754409790039062,cnn_revised_20260919T110440Z,cnn_s2_14,val,Log-Mel CNN,0.04809333011507988,0.07409321051090956
seg_002281,sample_00760,Agora - Malaventura,1,0.9910722374916077,cnn_revised_20260919T110440Z,cnn_s2_14,val,Log-Mel CNN,0.04809333011507988,0.07409321051090956
seg_002282,sample_00760,Agora - Malaventura,1,0.9951574206352234,cnn_revised_20260919T110440Z,cnn_s2_14,val,Log-Mel CNN,0.04809333011507988,0.07409321051090956
seg_002304,sample_00768,Empty Pockets - Pete Prodoehl,1,0.9708489775657654,cnn_revised_20260919T110440Z,cnn_s2_14,val,Log-Mel CNN,0.04809333011507988,0.07409321051090956
seg_002305,sample_00768,Empty Pockets - Pete Prodoehl,1,0.9731696844100952,cnn_revised_20260919T110440Z,cnn_s2_14,val,Log-Mel CNN,0.04809333011507988,0.07409321051090956
seg_002306,sample_00768,Empty Pockets - Pete Prodoehl,1,0.9987267851829529,cnn_revised_20260919T110440Z,cnn_s2_14,val,Log-Mel CNN,0.04809333011507988,0.07409321051090956
seg_002310,sample_00770,Windows of the Skull - Sarin,1,0.9231512546539307,cnn_revised_20260919T110440Z,cnn_s2_14,val,Log-Mel CNN,0.04809333011507988,0.07409321051090956
seg_002311,sample_00770,Windows of the Skull - Sarin,1,0.9325463771820068,cnn_revised_20260919T110440Z,cnn_s2_14,val,Log-Mel CNN,0.04809333011507988,0.07409321051090956
seg_002312,sample_00770,Windows of the Skull - Sarin,1,0.9447714686393738,cnn_revised_20260919T110440Z,cnn_s2_14,val,Log-Mel CNN,0.04809333011507988,0.07409321051090956
seg_002319,sample_00773,Gila Monster Flop/Music History Lesson:The Sonics - The Crypts!,1,0.9992284774780273,cnn_revised_20260919T110440Z,cnn_s2_14,val,Log-Mel CNN,0.04809333011507988,0.07409321051090956
seg_002320,sample_00773,Gila Monster Flop/Music History Lesson:The Sonics - The Crypts!,1,0.9996047616004944,cnn_revised_20260919T110440Z,cnn_s2_14,val,Log-Mel CNN,0.04809333011507988,0.07409321051090956
seg_002321,sample_00773,Gila Monster Flop/Music History Lesson:The Sonics - The Crypts!,1,0.9994444251060486,cnn_revised_20260919T110440Z,cnn_s2_14,val,Log-Mel CNN,0.04809333011507988,0.07409321051090956
seg_002343,sample_00781,Voxel - Andy G. Cohen,1,0.9848868250846863,cnn_revised_20260919T110440Z,cnn_s2_14,val,Log-Mel CNN,0.04809333011507988,0.07409321051090956
seg_002344,sample_00781,Voxel - Andy G. Cohen,1,0.881213903427124,cnn_revised_20260919T110440Z,cnn_s2_14,val,Log-Mel CNN,0.04809333011507988,0.07409321051090956
seg_002345,sample_00781,Voxel - Andy G. Cohen,1,0.9894402623176575,cnn_revised_20260919T110440Z,cnn_s2_14,val,Log-Mel CNN,0.04809333011507988,0.07409321051090956
seg_002364,sample_00788,Scramby Eggs - Andy G. Cohen,1,0.9776516556739807,cnn_revised_20260919T110440Z,cnn_s2_14,val,Log-Mel CNN,0.04809333011507988,0.07409321051090956
seg_002365,sample_00788,Scramby Eggs - Andy G. Cohen,1,0.985169529914856,cnn_revised_20260919T110440Z,cnn_s2_14,val,Log-Mel CNN,0.04809333011507988,0.07409321051090956
seg_002366,sample_00788,Scramby Eggs - Andy G. Cohen,1,0.9970383644104004,cnn_revised_20260919T110440Z,cnn_s2_14,val,Log-Mel CNN,0.04809333011507988,0.07409321051090956
seg_002406,sample_00802,I Fell - Mod Fun,1,0.9812871813774109,cnn_revised_20260919T110440Z,cnn_s2_14,val,Log-Mel CNN,0.04809333011507988,0.07409321051090956
seg_002407,sample_00802,I Fell - Mod Fun,1,0.9778968095779419,cnn_revised_20260919T110440Z,cnn_s2_14,val,Log-Mel CNN,0.04809333011507988,0.07409321051090956
seg_002408,sample_00802,I Fell - Mod Fun,1,0.9992648959159851,cnn_revised_20260919T110440Z,cnn_s2_14,val,Log-Mel CNN,0.04809333011507988,0.07409321051090956
seg_002409,sample_00803,Новый Нью-Йорк 2 - Чокнутый Пропеллер,1,0.9985771179199219,cnn_revised_20260919T110440Z,cnn_s2_14,val,Log-Mel CNN,0.04809333011507988,0.07409321051090956
seg_002410,sample_00803,Новый Нью-Йорк 2 - Чокнутый Пропеллер,1,0.9469714164733887,cnn_revised_20260919T110440Z,cnn_s2_14,val,Log-Mel CNN,0.04809333011507988,0.07409321051090956
seg_002411,sample_00803,Новый Нью-Йорк 2 - Чокнутый Пропеллер,1,0.9964708089828491,cnn_revised_20260919T110440Z,cnn_s2_14,val,Log-Mel CNN,0.04809333011507988,0.07409321051090956
seg_002421,sample_00807,March of the GPA Mechanics - [t]ghost,1,0.9877293109893799,cnn_revised_20260919T110440Z,cnn_s2_14,val,Log-Mel CNN,0.04809333011507988,0.07409321051090956
seg_002422,sample_00807,March of the GPA Mechanics - [t]ghost,1,0.9906833171844482,cnn_revised_20260919T110440Z,cnn_s2_14,val,Log-Mel CNN,0.04809333011507988,0.07409321051090956
seg_002423,sample_00807,March of the GPA Mechanics - [t]ghost,1,0.9850469827651978,cnn_revised_20260919T110440Z,cnn_s2_14,val,Log-Mel CNN,0.04809333011507988,0.07409321051090956
seg_002436,sample_00812,2 (Wasn't There) - Isle of Pine,1,0.9929317235946655,cnn_revised_20260919T110440Z,cnn_s2_14,val,Log-Mel CNN,0.04809333011507988,0.07409321051090956
seg_002437,sample_00812,2 (Wasn't There) - Isle of Pine,1,0.9935448169708252,cnn_revised_20260919T110440Z,cnn_s2_14,val,Log-Mel CNN,0.04809333011507988,0.07409321051090956
seg_002438,sample_00812,2 (Wasn't There) - Isle of Pine,1,0.9980514049530029,cnn_revised_20260919T110440Z,cnn_s2_14,val,Log-Mel CNN,0.04809333011507988,0.07409321051090956
seg_002439,sample_00813,The girl just faded - Los Llamarada,1,0.9509821534156799,cnn_revised_20260919T110440Z,cnn_s2_14,val,Log-Mel CNN,0.04809333011507988,0.07409321051090956
seg_002440,sample_00813,The girl just faded - Los Llamarada,1,0.9564487338066101,cnn_revised_20260919T110440Z,cnn_s2_14,val,Log-Mel CNN,0.04809333011507988,0.07409321051090956
seg_002441,sample_00813,The girl just faded - Los Llamarada,1,0.9277468323707581,cnn_revised_20260919T110440Z,cnn_s2_14,val,Log-Mel CNN,0.04809333011507988,0.07409321051090956
seg_002457,sample_00819,В Наших Сердцах - Чокнутый Пропеллер,1,0.9729509353637695,cnn_revised_20260919T110440Z,cnn_s2_14,val,Log-Mel CNN,0.04809333011507988,0.07409321051090956
seg_002458,sample_00819,В Наших Сердцах - Чокнутый Пропеллер,1,0.8856115341186523,cnn_revised_20260919T110440Z,cnn_s2_14,val,Log-Mel CNN,0.04809333011507988,0.07409321051090956
seg_002459,sample_00819,В Наших Сердцах - Чокнутый Пропеллер,1,0.9898672103881836,cnn_revised_20260919T110440Z,cnn_s2_14,val,Log-Mel CNN,0.04809333011507988,0.07409321051090956
seg_002460,sample_00820,Lights Up - Pipe Choir,1,0.9920371770858765,cnn_revised_20260919T110440Z,cnn_s2_14,val,Log-Mel CNN,0.04809333011507988,0.07409321051090956
seg_002461,sample_00820,Lights Up - Pipe Choir,1,0.9928540587425232,cnn_revised_20260919T110440Z,cnn_s2_14,val,Log-Mel CNN,0.04809333011507988,0.07409321051090956
seg_002462,sample_00820,Lights Up - Pipe Choir,1,0.9971696734428406,cnn_revised_20260919T110440Z,cnn_s2_14,val,Log-Mel CNN,0.04809333011507988,0.07409321051090956
seg_002466,sample_00822,Beyond Luxury - Mors Ontologica,1,0.9641076326370239,cnn_revised_20260919T110440Z,cnn_s2_14,val,Log-Mel CNN,0.04809333011507988,0.07409321051090956
seg_002467,sample_00822,Beyond Luxury - Mors Ontologica,1,0.9899360537528992,cnn_revised_20260919T110440Z,cnn_s2_14,val,Log-Mel CNN,0.04809333011507988,0.07409321051090956
seg_002468,sample_00822,Beyond Luxury - Mors Ontologica,1,0.9920346140861511,cnn_revised_20260919T110440Z,cnn_s2_14,val,Log-Mel CNN,0.04809333011507988,0.07409321051090956
seg_002529,sample_00843,Fear - Los Fancy Free,1,0.9974954724311829,cnn_revised_20260919T110440Z,cnn_s2_14,val,Log-Mel CNN,0.04809333011507988,0.07409321051090956
seg_002530,sample_00843,Fear - Los Fancy Free,1,0.9975467324256897,cnn_revised_20260919T110440Z,cnn_s2_14,val,Log-Mel CNN,0.04809333011507988,0.07409321051090956
seg_002531,sample_00843,Fear - Los Fancy Free,1,0.9987891316413879,cnn_revised_20260919T110440Z,cnn_s2_14,val,Log-Mel CNN,0.04809333011507988,0.07409321051090956
seg_002622,sample_00874,Redlight - Room For A Ghost,1,0.9214493036270142,cnn_revised_20260919T110440Z,cnn_s2_14,val,Log-Mel CNN,0.04809333011507988,0.07409321051090956
seg_002623,sample_00874,Redlight - Room For A Ghost,1,0.9672328233718872,cnn_revised_20260919T110440Z,cnn_s2_14,val,Log-Mel CNN,0.04809333011507988,0.07409321051090956
seg_002624,sample_00874,Redlight - Room For A Ghost,1,0.960833728313446,cnn_revised_20260919T110440Z,cnn_s2_14,val,Log-Mel CNN,0.04809333011507988,0.07409321051090956
seg_002625,sample_00875,Shipwrecked Crew - Pete Prodoehl,1,0.9637119770050049,cnn_revised_20260919T110440Z,cnn_s2_14,val,Log-Mel CNN,0.04809333011507988,0.07409321051090956
seg_002626,sample_00875,Shipwrecked Crew - Pete Prodoehl,1,0.9621159434318542,cnn_revised_20260919T110440Z,cnn_s2_14,val,Log-Mel CNN,0.04809333011507988,0.07409321051090956
seg_002627,sample_00875,Shipwrecked Crew - Pete Prodoehl,1,0.999018669128418,cnn_revised_20260919T110440Z,cnn_s2_14,val,Log-Mel CNN,0.04809333011507988,0.07409321051090956
seg_002640,sample_00880,Morning Bell - Nihilore,1,0.9952033758163452,cnn_revised_20260919T110440Z,cnn_s2_14,val,Log-Mel CNN,0.04809333011507988,0.07409321051090956
seg_002641,sample_00880,Morning Bell - Nihilore,1,0.9833754897117615,cnn_revised_20260919T110440Z,cnn_s2_14,val,Log-Mel CNN,0.04809333011507988,0.07409321051090956
seg_002642,sample_00880,Morning Bell - Nihilore,1,0.998415470123291,cnn_revised_20260919T110440Z,cnn_s2_14,val,Log-Mel CNN,0.04809333011507988,0.07409321051090956
seg_002694,sample_00898,CopperNickle - UncleBibby,1,0.013456331565976143,cnn_revised_20260919T110440Z,cnn_s2_14,val,Log-Mel CNN,0.04809333011507988,0.07409321051090956
seg_002695,sample_00898,CopperNickle - UncleBibby,1,0.5039075016975403,cnn_revised_20260919T110440Z,cnn_s2_14,val,Log-Mel CNN,0.04809333011507988,0.07409321051090956
seg_002696,sample_00898,CopperNickle - UncleBibby,1,0.14434561133384705,cnn_revised_20260919T110440Z,cnn_s2_14,val,Log-Mel CNN,0.04809333011507988,0.07409321051090956
seg_002697,sample_00899,CopperNickle - UncleBibby,1,0.6638484597206116,cnn_revised_20260919T110440Z,cnn_s2_14,val,Log-Mel CNN,0.04809333011507988,0.07409321051090956
seg_002698,sample_00899,CopperNickle - UncleBibby,1,0.8153780102729797,cnn_revised_20260919T110440Z,cnn_s2_14,val,Log-Mel CNN,0.04809333011507988,0.07409321051090956
seg_002699,sample_00899,CopperNickle - UncleBibby,1,0.9677000045776367,cnn_revised_20260919T110440Z,cnn_s2_14,val,Log-Mel CNN,0.04809333011507988,0.07409321051090956
seg_002766,sample_00922,mystery team 2090 - Jesse Futerman,1,0.39129409193992615,cnn_revised_20260919T110440Z,cnn_s2_14,val,Log-Mel CNN,0.04809333011507988,0.07409321051090956
seg_002767,sample_00922,mystery team 2090 - Jesse Futerman,1,0.5494528412818909,cnn_revised_20260919T110440Z,cnn_s2_14,val,Log-Mel CNN,0.04809333011507988,0.07409321051090956
seg_002768,sample_00922,mystery team 2090 - Jesse Futerman,1,0.9986352324485779,cnn_revised_20260919T110440Z,cnn_s2_14,val,Log-Mel CNN,0.04809333011507988,0.07409321051090956
seg_002769,sample_00923,mystery team 2090 - Jesse Futerman,1,0.3965781629085541,cnn_revised_20260919T110440Z,cnn_s2_14,val,Log-Mel CNN,0.04809333011507988,0.07409321051090956
seg_002770,sample_00923,mystery team 2090 - Jesse Futerman,1,0.6219856142997742,cnn_revised_20260919T110440Z,cnn_s2_14,val,Log-Mel CNN,0.04809333011507988,0.07409321051090956
seg_002771,sample_00923,mystery team 2090 - Jesse Futerman,1,0.9916250109672546,cnn_revised_20260919T110440Z,cnn_s2_14,val,Log-Mel CNN,0.04809333011507988,0.07409321051090956
seg_002772,sample_00924,Night Drive - Decktonic,1,0.71628737449646,cnn_revised_20260919T110440Z,cnn_s2_14,val,Log-Mel CNN,0.04809333011507988,0.07409321051090956
seg_002773,sample_00924,Night Drive - Decktonic,1,0.15215656161308289,cnn_revised_20260919T110440Z,cnn_s2_14,val,Log-Mel CNN,0.04809333011507988,0.07409321051090956
seg_002774,sample_00924,Night Drive - Decktonic,1,0.9860055446624756,cnn_revised_20260919T110440Z,cnn_s2_14,val,Log-Mel CNN,0.04809333011507988,0.07409321051090956
seg_002775,sample_00925,Night Drive - Decktonic,1,0.7162389755249023,cnn_revised_20260919T110440Z,cnn_s2_14,val,Log-Mel CNN,0.04809333011507988,0.07409321051090956
seg_002776,sample_00925,Night Drive - Decktonic,1,0.49685272574424744,cnn_revised_20260919T110440Z,cnn_s2_14,val,Log-Mel CNN,0.04809333011507988,0.07409321051090956
seg_002777,sample_00925,Night Drive - Decktonic,1,0.9849270582199097,cnn_revised_20260919T110440Z,cnn_s2_14,val,Log-Mel CNN,0.04809333011507988,0.07409321051090956
seg_002790,sample_00930,Nuo Maisemat - Paavoharju,1,0.9981111288070679,cnn_revised_20260919T110440Z,cnn_s2_14,val,Log-Mel CNN,0.04809333011507988,0.07409321051090956
seg_002791,sample_00930,Nuo Maisemat - Paavoharju,1,0.9005560278892517,cnn_revised_20260919T110440Z,cnn_s2_14,val,Log-Mel CNN,0.04809333011507988,0.07409321051090956
seg_002792,sample_00930,Nuo Maisemat - Paavoharju,1,0.9995132684707642,cnn_revised_20260919T110440Z,cnn_s2_14,val,Log-Mel CNN,0.04809333011507988,0.07409321051090956
seg_002793,sample_00931,Nuo Maisemat - Paavoharju,1,0.9676721096038818,cnn_revised_20260919T110440Z,cnn_s2_14,val,Log-Mel CNN,0.04809333011507988,0.07409321051090956
seg_002794,sample_00931,Nuo Maisemat - Paavoharju,1,0.9810904860496521,cnn_revised_20260919T110440Z,cnn_s2_14,val,Log-Mel CNN,0.04809333011507988,0.07409321051090956
seg_002795,sample_00931,Nuo Maisemat - Paavoharju,1,0.9975011944770813,cnn_revised_20260919T110440Z,cnn_s2_14,val,Log-Mel CNN,0.04809333011507988,0.07409321051090956
seg_002874,sample_00958,SD (Ill Mix) - H-LR,1,0.8257248997688293,cnn_revised_20260919T110440Z,cnn_s2_14,val,Log-Mel CNN,0.04809333011507988,0.07409321051090956
seg_002875,sample_00958,SD (Ill Mix) - H-LR,1,0.5855749845504761,cnn_revised_20260919T110440Z,cnn_s2_14,val,Log-Mel CNN,0.04809333011507988,0.07409321051090956
seg_002876,sample_00958,SD (Ill Mix) - H-LR,1,0.9842334389686584,cnn_revised_20260919T110440Z,cnn_s2_14,val,Log-Mel CNN,0.04809333011507988,0.07409321051090956
seg_002877,sample_00959,SD (Ill Mix) - H-LR,1,0.7545217871665955,cnn_revised_20260919T110440Z,cnn_s2_14,val,Log-Mel CNN,0.04809333011507988,0.07409321051090956
seg_002878,sample_00959,SD (Ill Mix) - H-LR,1,0.6640142798423767,cnn_revised_20260919T110440Z,cnn_s2_14,val,Log-Mel CNN,0.04809333011507988,0.07409321051090956
seg_002879,sample_00959,SD (Ill Mix) - H-LR,1,0.6517993807792664,cnn_revised_20260919T110440Z,cnn_s2_14,val,Log-Mel CNN,0.04809333011507988,0.07409321051090956
seg_002982,sample_00994,Evil Cannot Create - Caleb Lemond,1,0.9877503514289856,cnn_revised_20260919T110440Z,cnn_s2_14,val,Log-Mel CNN,0.04809333011507988,0.07409321051090956
seg_002983,sample_00994,Evil Cannot Create - Caleb Lemond,1,0.7402284145355225,cnn_revised_20260919T110440Z,cnn_s2_14,val,Log-Mel CNN,0.04809333011507988,0.07409321051090956
seg_002984,sample_00994,Evil Cannot Create - Caleb Lemond,1,0.9974678754806519,cnn_revised_20260919T110440Z,cnn_s2_14,val,Log-Mel CNN,0.04809333011507988,0.07409321051090956
seg_002985,sample_00995,Evil Cannot Create - Caleb Lemond,1,0.9799949526786804,cnn_revised_20260919T110440Z,cnn_s2_14,val,Log-Mel CNN,0.04809333011507988,0.07409321051090956
seg_002986,sample_00995,Evil Cannot Create - Caleb Lemond,1,0.8145636916160583,cnn_revised_20260919T110440Z,cnn_s2_14,val,Log-Mel CNN,0.04809333011507988,0.07409321051090956
seg_002987,sample_00995,Evil Cannot Create - Caleb Lemond,1,0.9596491456031799,cnn_revised_20260919T110440Z,cnn_s2_14,val,Log-Mel CNN,0.04809333011507988,0.07409321051090956
seg_003090,sample_01030,New Life (take 1) - Bird Names,1,0.14318643510341644,cnn_revised_20260919T110440Z,cnn_s2_14,val,Log-Mel CNN,0.04809333011507988,0.07409321051090956
seg_003091,sample_01030,New Life (take 1) - Bird Names,1,0.042194269597530365,cnn_revised_20260919T110440Z,cnn_s2_14,val,Log-Mel CNN,0.04809333011507988,0.07409321051090956
seg_003092,sample_01030,New Life (take 1) - Bird Names,1,0.8695078492164612,cnn_revised_20260919T110440Z,cnn_s2_14,val,Log-Mel CNN,0.04809333011507988,0.07409321051090956
seg_003093,sample_01031,New Life (take 1) - Bird Names,1,0.40471988916397095,cnn_revised_20260919T110440Z,cnn_s2_14,val,Log-Mel CNN,0.04809333011507988,0.07409321051090956
seg_003094,sample_01031,New Life (take 1) - Bird Names,1,0.024333002045750618,cnn_revised_20260919T110440Z,cnn_s2_14,val,Log-Mel CNN,0.04809333011507988,0.07409321051090956
seg_003095,sample_01031,New Life (take 1) - Bird Names,1,0.9570508599281311,cnn_revised_20260919T110440Z,cnn_s2_14,val,Log-Mel CNN,0.04809333011507988,0.07409321051090956
seg_003096,sample_01032,Norweigian Wood II - Bird Names,1,0.628017246723175,cnn_revised_20260919T110440Z,cnn_s2_14,val,Log-Mel CNN,0.04809333011507988,0.07409321051090956
seg_003097,sample_01032,Norweigian Wood II - Bird Names,1,0.04003370553255081,cnn_revised_20260919T110440Z,cnn_s2_14,val,Log-Mel CNN,0.04809333011507988,0.07409321051090956
seg_003098,sample_01032,Norweigian Wood II - Bird Names,1,0.9520976543426514,cnn_revised_20260919T110440Z,cnn_s2_14,val,Log-Mel CNN,0.04809333011507988,0.07409321051090956
seg_003099,sample_01033,Norweigian Wood II - Bird Names,1,0.31002581119537354,cnn_revised_20260919T110440Z,cnn_s2_14,val,Log-Mel CNN,0.04809333011507988,0.07409321051090956
seg_003100,sample_01033,Norweigian Wood II - Bird Names,1,0.27127113938331604,cnn_revised_20260919T110440Z,cnn_s2_14,val,Log-Mel CNN,0.04809333011507988,0.07409321051090956
seg_003101,sample_01033,Norweigian Wood II - Bird Names,1,0.940081000328064,cnn_revised_20260919T110440Z,cnn_s2_14,val,Log-Mel CNN,0.04809333011507988,0.07409321051090956
seg_003120,sample_01040,Roller Star - Monroeville Music Center,1,0.5778116583824158,cnn_revised_20260919T110440Z,cnn_s2_14,val,Log-Mel CNN,0.04809333011507988,0.07409321051090956
seg_003121,sample_01040,Roller Star - Monroeville Music Center,1,0.05995789170265198,cnn_revised_20260919T110440Z,cnn_s2_14,val,Log-Mel CNN,0.04809333011507988,0.07409321051090956
seg_003122,sample_01040,Roller Star - Monroeville Music Center,1,0.781994640827179,cnn_revised_20260919T110440Z,cnn_s2_14,val,Log-Mel CNN,0.04809333011507988,0.07409321051090956
seg_003123,sample_01041,Roller Star - Monroeville Music Center,1,0.6439823508262634,cnn_revised_20260919T110440Z,cnn_s2_14,val,Log-Mel CNN,0.04809333011507988,0.07409321051090956
seg_003124,sample_01041,Roller Star - Monroeville Music Center,1,0.08963626623153687,cnn_revised_20260919T110440Z,cnn_s2_14,val,Log-Mel CNN,0.04809333011507988,0.07409321051090956
seg_003125,sample_01041,Roller Star - Monroeville Music Center,1,0.667797863483429,cnn_revised_20260919T110440Z,cnn_s2_14,val,Log-Mel CNN,0.04809333011507988,0.07409321051090956
seg_003126,sample_01042,"Roundtrip - Oh Yeah, the Future",1,0.3952297568321228,cnn_revised_20260919T110440Z,cnn_s2_14,val,Log-Mel CNN,0.04809333011507988,0.07409321051090956
seg_003127,sample_01042,"Roundtrip - Oh Yeah, the Future",1,0.03637195751070976,cnn_revised_20260919T110440Z,cnn_s2_14,val,Log-Mel CNN,0.04809333011507988,0.07409321051090956
seg_003128,sample_01042,"Roundtrip - Oh Yeah, the Future",1,0.9103094339370728,cnn_revised_20260919T110440Z,cnn_s2_14,val,Log-Mel CNN,0.04809333011507988,0.07409321051090956
seg_003129,sample_01043,"Roundtrip - Oh Yeah, the Future",1,0.10780086368322372,cnn_revised_20260919T110440Z,cnn_s2_14,val,Log-Mel CNN,0.04809333011507988,0.07409321051090956
seg_003130,sample_01043,"Roundtrip - Oh Yeah, the Future",1,0.07122284919023514,cnn_revised_20260919T110440Z,cnn_s2_14,val,Log-Mel CNN,0.04809333011507988,0.07409321051090956
seg_003131,sample_01043,"Roundtrip - Oh Yeah, the Future",1,0.9248454570770264,cnn_revised_20260919T110440Z,cnn_s2_14,val,Log-Mel CNN,0.04809333011507988,0.07409321051090956
seg_003144,sample_01048,Soleares&beats - Malaventura,1,0.6056395173072815,cnn_revised_20260919T110440Z,cnn_s2_14,val,Log-Mel CNN,0.04809333011507988,0.07409321051090956
seg_003145,sample_01048,Soleares&beats - Malaventura,1,0.021523253992199898,cnn_revised_20260919T110440Z,cnn_s2_14,val,Log-Mel CNN,0.04809333011507988,0.07409321051090956
seg_003146,sample_01048,Soleares&beats - Malaventura,1,0.5190262198448181,cnn_revised_20260919T110440Z,cnn_s2_14,val,Log-Mel CNN,0.04809333011507988,0.07409321051090956
seg_003147,sample_01049,Soleares&beats - Malaventura,1,0.017930354923009872,cnn_revised_20260919T110440Z,cnn_s2_14,val,Log-Mel CNN,0.04809333011507988,0.07409321051090956
seg_003148,sample_01049,Soleares&beats - Malaventura,1,0.08530654013156891,cnn_revised_20260919T110440Z,cnn_s2_14,val,Log-Mel CNN,0.04809333011507988,0.07409321051090956
seg_003149,sample_01049,Soleares&beats - Malaventura,1,0.11907080560922623,cnn_revised_20260919T110440Z,cnn_s2_14,val,Log-Mel CNN,0.04809333011507988,0.07409321051090956
seg_003162,sample_01054,Stockholm Syndrome / People Should Be More Aware - Bird Names,1,0.009509559720754623,cnn_revised_20260919T110440Z,cnn_s2_14,val,Log-Mel CNN,0.04809333011507988,0.07409321051090956
seg_003163,sample_01054,Stockholm Syndrome / People Should Be More Aware - Bird Names,1,0.13768449425697327,cnn_revised_20260919T110440Z,cnn_s2_14,val,Log-Mel CNN,0.04809333011507988,0.07409321051090956
seg_003164,sample_01054,Stockholm Syndrome / People Should Be More Aware - Bird Names,1,0.3977039158344269,cnn_revised_20260919T110440Z,cnn_s2_14,val,Log-Mel CNN,0.04809333011507988,0.07409321051090956
seg_003165,sample_01055,Stockholm Syndrome / People Should Be More Aware - Bird Names,1,0.09365877509117126,cnn_revised_20260919T110440Z,cnn_s2_14,val,Log-Mel CNN,0.04809333011507988,0.07409321051090956
seg_003166,sample_01055,Stockholm Syndrome / People Should Be More Aware - Bird Names,1,0.05241737142205238,cnn_revised_20260919T110440Z,cnn_s2_14,val,Log-Mel CNN,0.04809333011507988,0.07409321051090956
seg_003167,sample_01055,Stockholm Syndrome / People Should Be More Aware - Bird Names,1,0.6679767370223999,cnn_revised_20260919T110440Z,cnn_s2_14,val,Log-Mel CNN,0.04809333011507988,0.07409321051090956
seg_003204,sample_01068,Time Is Love - Silence is full of birds,1,0.1967325210571289,cnn_revised_20260919T110440Z,cnn_s2_14,val,Log-Mel CNN,0.04809333011507988,0.07409321051090956
seg_003205,sample_01068,Time Is Love - Silence is full of birds,1,0.022951358929276466,cnn_revised_20260919T110440Z,cnn_s2_14,val,Log-Mel CNN,0.04809333011507988,0.07409321051090956
seg_003206,sample_01068,Time Is Love - Silence is full of birds,1,0.8660659193992615,cnn_revised_20260919T110440Z,cnn_s2_14,val,Log-Mel CNN,0.04809333011507988,0.07409321051090956
seg_003207,sample_01069,Time Is Love - Silence is full of birds,1,0.5290987491607666,cnn_revised_20260919T110440Z,cnn_s2_14,val,Log-Mel CNN,0.04809333011507988,0.07409321051090956
seg_003208,sample_01069,Time Is Love - Silence is full of birds,1,0.4044097363948822,cnn_revised_20260919T110440Z,cnn_s2_14,val,Log-Mel CNN,0.04809333011507988,0.07409321051090956
seg_003209,sample_01069,Time Is Love - Silence is full of birds,1,0.9794822335243225,cnn_revised_20260919T110440Z,cnn_s2_14,val,Log-Mel CNN,0.04809333011507988,0.07409321051090956
seg_003246,sample_01082,2 (Wasn't There) - Isle of Pine,1,0.8714181184768677,cnn_revised_20260919T110440Z,cnn_s2_14,val,Log-Mel CNN,0.04809333011507988,0.07409321051090956
seg_003247,sample_01082,2 (Wasn't There) - Isle of Pine,1,0.20206376910209656,cnn_revised_20260919T110440Z,cnn_s2_14,val,Log-Mel CNN,0.04809333011507988,0.07409321051090956
seg_003248,sample_01082,2 (Wasn't There) - Isle of Pine,1,0.9965292811393738,cnn_revised_20260919T110440Z,cnn_s2_14,val,Log-Mel CNN,0.04809333011507988,0.07409321051090956
seg_003249,sample_01083,2 (Wasn't There) - Isle of Pine,1,0.4751184582710266,cnn_revised_20260919T110440Z,cnn_s2_14,val,Log-Mel CNN,0.04809333011507988,0.07409321051090956
seg_003250,sample_01083,2 (Wasn't There) - Isle of Pine,1,0.41723716259002686,cnn_revised_20260919T110440Z,cnn_s2_14,val,Log-Mel CNN,0.04809333011507988,0.07409321051090956
seg_003251,sample_01083,2 (Wasn't There) - Isle of Pine,1,0.9115761518478394,cnn_revised_20260919T110440Z,cnn_s2_14,val,Log-Mel CNN,0.04809333011507988,0.07409321051090956
seg_003276,sample_01092,Empty Pockets - Pete Prodoehl,1,0.8558171987533569,cnn_revised_20260919T110440Z,cnn_s2_14,val,Log-Mel CNN,0.04809333011507988,0.07409321051090956
seg_003277,sample_01092,Empty Pockets - Pete Prodoehl,1,0.41628244519233704,cnn_revised_20260919T110440Z,cnn_s2_14,val,Log-Mel CNN,0.04809333011507988,0.07409321051090956
seg_003278,sample_01092,Empty Pockets - Pete Prodoehl,1,0.9078341126441956,cnn_revised_20260919T110440Z,cnn_s2_14,val,Log-Mel CNN,0.04809333011507988,0.07409321051090956
seg_003279,sample_01093,Empty Pockets - Pete Prodoehl,1,0.9394705891609192,cnn_revised_20260919T110440Z,cnn_s2_14,val,Log-Mel CNN,0.04809333011507988,0.07409321051090956
seg_003280,sample_01093,Empty Pockets - Pete Prodoehl,1,0.24778690934181213,cnn_revised_20260919T110440Z,cnn_s2_14,val,Log-Mel CNN,0.04809333011507988,0.07409321051090956
seg_003281,sample_01093,Empty Pockets - Pete Prodoehl,1,0.6425088047981262,cnn_revised_20260919T110440Z,cnn_s2_14,val,Log-Mel CNN,0.04809333011507988,0.07409321051090956
seg_003294,sample_01098,Gila Monster Flop/Music History Lesson:The Sonics - The Crypts!,1,0.10410609096288681,cnn_revised_20260919T110440Z,cnn_s2_14,val,Log-Mel CNN,0.04809333011507988,0.07409321051090956
seg_003295,sample_01098,Gila Monster Flop/Music History Lesson:The Sonics - The Crypts!,1,0.031339336186647415,cnn_revised_20260919T110440Z,cnn_s2_14,val,Log-Mel CNN,0.04809333011507988,0.07409321051090956
seg_003296,sample_01098,Gila Monster Flop/Music History Lesson:The Sonics - The Crypts!,1,0.3384212255477905,cnn_revised_20260919T110440Z,cnn_s2_14,val,Log-Mel CNN,0.04809333011507988,0.07409321051090956
seg_003297,sample_01099,Gila Monster Flop/Music History Lesson:The Sonics - The Crypts!,1,0.05211145058274269,cnn_revised_20260919T110440Z,cnn_s2_14,val,Log-Mel CNN,0.04809333011507988,0.07409321051090956
seg_003298,sample_01099,Gila Monster Flop/Music History Lesson:The Sonics - The Crypts!,1,0.7594122886657715,cnn_revised_20260919T110440Z,cnn_s2_14,val,Log-Mel CNN,0.04809333011507988,0.07409321051090956
seg_003299,sample_01099,Gila Monster Flop/Music History Lesson:The Sonics - The Crypts!,1,0.9166066646575928,cnn_revised_20260919T110440Z,cnn_s2_14,val,Log-Mel CNN,0.04809333011507988,0.07409321051090956
seg_003312,sample_01104,I Fell - Mod Fun,1,0.1026213988661766,cnn_revised_20260919T110440Z,cnn_s2_14,val,Log-Mel CNN,0.04809333011507988,0.07409321051090956
seg_003313,sample_01104,I Fell - Mod Fun,1,0.5349835753440857,cnn_revised_20260919T110440Z,cnn_s2_14,val,Log-Mel CNN,0.04809333011507988,0.07409321051090956
seg_003314,sample_01104,I Fell - Mod Fun,1,0.6974038481712341,cnn_revised_20260919T110440Z,cnn_s2_14,val,Log-Mel CNN,0.04809333011507988,0.07409321051090956
seg_003315,sample_01105,I Fell - Mod Fun,1,0.14719240367412567,cnn_revised_20260919T110440Z,cnn_s2_14,val,Log-Mel CNN,0.04809333011507988,0.07409321051090956
seg_003316,sample_01105,I Fell - Mod Fun,1,0.06376664340496063,cnn_revised_20260919T110440Z,cnn_s2_14,val,Log-Mel CNN,0.04809333011507988,0.07409321051090956
seg_003317,sample_01105,I Fell - Mod Fun,1,0.19257928431034088,cnn_revised_20260919T110440Z,cnn_s2_14,val,Log-Mel CNN,0.04809333011507988,0.07409321051090956
seg_003360,sample_01120,March of the GPA Mechanics - [t]ghost,1,0.006685228087007999,cnn_revised_20260919T110440Z,cnn_s2_14,val,Log-Mel CNN,0.04809333011507988,0.07409321051090956
seg_003361,sample_01120,March of the GPA Mechanics - [t]ghost,1,0.02162957191467285,cnn_revised_20260919T110440Z,cnn_s2_14,val,Log-Mel CNN,0.04809333011507988,0.07409321051090956
seg_003362,sample_01120,March of the GPA Mechanics - [t]ghost,1,0.8031510710716248,cnn_revised_20260919T110440Z,cnn_s2_14,val,Log-Mel CNN,0.04809333011507988,0.07409321051090956
seg_003363,sample_01121,March of the GPA Mechanics - [t]ghost,1,0.1657114326953888,cnn_revised_20260919T110440Z,cnn_s2_14,val,Log-Mel CNN,0.04809333011507988,0.07409321051090956
seg_003364,sample_01121,March of the GPA Mechanics - [t]ghost,1,0.3007509708404541,cnn_revised_20260919T110440Z,cnn_s2_14,val,Log-Mel CNN,0.04809333011507988,0.07409321051090956
seg_003365,sample_01121,March of the GPA Mechanics - [t]ghost,1,0.8760838508605957,cnn_revised_20260919T110440Z,cnn_s2_14,val,Log-Mel CNN,0.04809333011507988,0.07409321051090956
seg_003420,sample_01140,Scramby Eggs - Andy G. Cohen,1,0.02052522450685501,cnn_revised_20260919T110440Z,cnn_s2_14,val,Log-Mel CNN,0.04809333011507988,0.07409321051090956
seg_003421,sample_01140,Scramby Eggs - Andy G. Cohen,1,0.21889787912368774,cnn_revised_20260919T110440Z,cnn_s2_14,val,Log-Mel CNN,0.04809333011507988,0.07409321051090956
seg_003422,sample_01140,Scramby Eggs - Andy G. Cohen,1,0.5232580304145813,cnn_revised_20260919T110440Z,cnn_s2_14,val,Log-Mel CNN,0.04809333011507988,0.07409321051090956
seg_003423,sample_01141,Scramby Eggs - Andy G. Cohen,1,0.12938891351222992,cnn_revised_20260919T110440Z,cnn_s2_14,val,Log-Mel CNN,0.04809333011507988,0.07409321051090956
seg_003424,sample_01141,Scramby Eggs - Andy G. Cohen,1,0.0803825631737709,cnn_revised_20260919T110440Z,cnn_s2_14,val,Log-Mel CNN,0.04809333011507988,0.07409321051090956
seg_003425,sample_01141,Scramby Eggs - Andy G. Cohen,1,0.7294405102729797,cnn_revised_20260919T110440Z,cnn_s2_14,val,Log-Mel CNN,0.04809333011507988,0.07409321051090956
seg_003474,sample_01158,The girl just faded - Los Llamarada,1,0.5726267695426941,cnn_revised_20260919T110440Z,cnn_s2_14,val,Log-Mel CNN,0.04809333011507988,0.07409321051090956
seg_003475,sample_01158,The girl just faded - Los Llamarada,1,0.15531320869922638,cnn_revised_20260919T110440Z,cnn_s2_14,val,Log-Mel CNN,0.04809333011507988,0.07409321051090956
seg_003476,sample_01158,The girl just faded - Los Llamarada,1,0.8341425657272339,cnn_revised_20260919T110440Z,cnn_s2_14,val,Log-Mel CNN,0.04809333011507988,0.07409321051090956
seg_003477,sample_01159,The girl just faded - Los Llamarada,1,0.24124634265899658,cnn_revised_20260919T110440Z,cnn_s2_14,val,Log-Mel CNN,0.04809333011507988,0.07409321051090956
seg_003478,sample_01159,The girl just faded - Los Llamarada,1,0.4753926694393158,cnn_revised_20260919T110440Z,cnn_s2_14,val,Log-Mel CNN,0.04809333011507988,0.07409321051090956
seg_003479,sample_01159,The girl just faded - Los Llamarada,1,0.8851831555366516,cnn_revised_20260919T110440Z,cnn_s2_14,val,Log-Mel CNN,0.04809333011507988,0.07409321051090956
seg_003492,sample_01164,Voxel - Andy G. Cohen,1,0.19331642985343933,cnn_revised_20260919T110440Z,cnn_s2_14,val,Log-Mel CNN,0.04809333011507988,0.07409321051090956
seg_003493,sample_01164,Voxel - Andy G. Cohen,1,0.060419775545597076,cnn_revised_20260919T110440Z,cnn_s2_14,val,Log-Mel CNN,0.04809333011507988,0.07409321051090956
seg_003494,sample_01164,Voxel - Andy G. Cohen,1,0.03227417916059494,cnn_revised_20260919T110440Z,cnn_s2_14,val,Log-Mel CNN,0.04809333011507988,0.07409321051090956
seg_003495,sample_01165,Voxel - Andy G. Cohen,1,0.18804654479026794,cnn_revised_20260919T110440Z,cnn_s2_14,val,Log-Mel CNN,0.04809333011507988,0.07409321051090956
seg_003496,sample_01165,Voxel - Andy G. Cohen,1,0.20469708740711212,cnn_revised_20260919T110440Z,cnn_s2_14,val,Log-Mel CNN,0.04809333011507988,0.07409321051090956
seg_003497,sample_01165,Voxel - Andy G. Cohen,1,0.46886080503463745,cnn_revised_20260919T110440Z,cnn_s2_14,val,Log-Mel CNN,0.04809333011507988,0.07409321051090956
seg_003516,sample_01172,Windows of the Skull - Sarin,1,0.8924273252487183,cnn_revised_20260919T110440Z,cnn_s2_14,val,Log-Mel CNN,0.04809333011507988,0.07409321051090956
seg_003517,sample_01172,Windows of the Skull - Sarin,1,0.14982940256595612,cnn_revised_20260919T110440Z,cnn_s2_14,val,Log-Mel CNN,0.04809333011507988,0.07409321051090956
seg_003518,sample_01172,Windows of the Skull - Sarin,1,0.9509519934654236,cnn_revised_20260919T110440Z,cnn_s2_14,val,Log-Mel CNN,0.04809333011507988,0.07409321051090956
seg_003519,sample_01173,Windows of the Skull - Sarin,1,0.976207435131073,cnn_revised_20260919T110440Z,cnn_s2_14,val,Log-Mel CNN,0.04809333011507988,0.07409321051090956
seg_003520,sample_01173,Windows of the Skull - Sarin,1,0.10938200354576111,cnn_revised_20260919T110440Z,cnn_s2_14,val,Log-Mel CNN,0.04809333011507988,0.07409321051090956
seg_003521,sample_01173,Windows of the Skull - Sarin,1,0.9226735830307007,cnn_revised_20260919T110440Z,cnn_s2_14,val,Log-Mel CNN,0.04809333011507988,0.07409321051090956
seg_003534,sample_01178,Новый Нью-Йорк 2 - Чокнутый Пропеллер,1,0.03642110899090767,cnn_revised_20260919T110440Z,cnn_s2_14,val,Log-Mel CNN,0.04809333011507988,0.07409321051090956
seg_003535,sample_01178,Новый Нью-Йорк 2 - Чокнутый Пропеллер,1,0.11208713054656982,cnn_revised_20260919T110440Z,cnn_s2_14,val,Log-Mel CNN,0.04809333011507988,0.07409321051090956
seg_003536,sample_01178,Новый Нью-Йорк 2 - Чокнутый Пропеллер,1,0.20255351066589355,cnn_revised_20260919T110440Z,cnn_s2_14,val,Log-Mel CNN,0.04809333011507988,0.07409321051090956
seg_003537,sample_01179,Новый Нью-Йорк 2 - Чокнутый Пропеллер,1,0.09974412620067596,cnn_revised_20260919T110440Z,cnn_s2_14,val,Log-Mel CNN,0.04809333011507988,0.07409321051090956
seg_003538,sample_01179,Новый Нью-Йорк 2 - Чокнутый Пропеллер,1,0.04719593748450279,cnn_revised_20260919T110440Z,cnn_s2_14,val,Log-Mel CNN,0.04809333011507988,0.07409321051090956
seg_003539,sample_01179,Новый Нью-Йорк 2 - Чокнутый Пропеллер,1,0.41062790155410767,cnn_revised_20260919T110440Z,cnn_s2_14,val,Log-Mel CNN,0.04809333011507988,0.07409321051090956
seg_003597,sample_01199,CopperNickle - UncleBibby,1,0.044939540326595306,cnn_revised_20260919T110440Z,cnn_s2_14,val,Log-Mel CNN,0.04809333011507988,0.07409321051090956
seg_003598,sample_01199,CopperNickle - UncleBibby,1,0.42098045349121094,cnn_revised_20260919T110440Z,cnn_s2_14,val,Log-Mel CNN,0.04809333011507988,0.07409321051090956
seg_003599,sample_01199,CopperNickle - UncleBibby,1,0.9335229396820068,cnn_revised_20260919T110440Z,cnn_s2_14,val,Log-Mel CNN,0.04809333011507988,0.07409321051090956
seg_003606,sample_01202,Daylight Savings - My brother Daniel,1,0.006770564708858728,cnn_revised_20260919T110440Z,cnn_s2_14,val,Log-Mel CNN,0.04809333011507988,0.07409321051090956
seg_003607,sample_01202,Daylight Savings - My brother Daniel,1,0.0239415280520916,cnn_revised_20260919T110440Z,cnn_s2_14,val,Log-Mel CNN,0.04809333011507988,0.07409321051090956
seg_003608,sample_01202,Daylight Savings - My brother Daniel,1,0.47996237874031067,cnn_revised_20260919T110440Z,cnn_s2_14,val,Log-Mel CNN,0.04809333011507988,0.07409321051090956
seg_003633,sample_01211,Fifth Ramble - From the album Keith [RSVP007] - My brother Daniel,1,0.09877816587686539,cnn_revised_20260919T110440Z,cnn_s2_14,val,Log-Mel CNN,0.04809333011507988,0.07409321051090956
seg_003634,sample_01211,Fifth Ramble - From the album Keith [RSVP007] - My brother Daniel,1,0.009342733770608902,cnn_revised_20260919T110440Z,cnn_s2_14,val,Log-Mel CNN,0.04809333011507988,0.07409321051090956
seg_003635,sample_01211,Fifth Ramble - From the album Keith [RSVP007] - My brother Daniel,1,0.2209395170211792,cnn_revised_20260919T110440Z,cnn_s2_14,val,Log-Mel CNN,0.04809333011507988,0.07409321051090956
seg_003657,sample_01219,If You're Ther - Nicola Ratti,1,0.3165510892868042,cnn_revised_20260919T110440Z,cnn_s2_14,val,Log-Mel CNN,0.04809333011507988,0.07409321051090956
seg_003658,sample_01219,If You're Ther - Nicola Ratti,1,0.7653210759162903,cnn_revised_20260919T110440Z,cnn_s2_14,val,Log-Mel CNN,0.04809333011507988,0.07409321051090956
seg_003659,sample_01219,If You're Ther - Nicola Ratti,1,0.826853334903717,cnn_revised_20260919T110440Z,cnn_s2_14,val,Log-Mel CNN,0.04809333011507988,0.07409321051090956
seg_003681,sample_01227,Kumorizoranohajimarutokoro - Hosomi,1,0.7946100831031799,cnn_revised_20260919T110440Z,cnn_s2_14,val,Log-Mel CNN,0.04809333011507988,0.07409321051090956
seg_003682,sample_01227,Kumorizoranohajimarutokoro - Hosomi,1,0.7208594679832458,cnn_revised_20260919T110440Z,cnn_s2_14,val,Log-Mel CNN,0.04809333011507988,0.07409321051090956
seg_003683,sample_01227,Kumorizoranohajimarutokoro - Hosomi,1,0.999110758304596,cnn_revised_20260919T110440Z,cnn_s2_14,val,Log-Mel CNN,0.04809333011507988,0.07409321051090956
seg_003708,sample_01236,Loved Ones - Rowan Box,1,0.9078978896141052,cnn_revised_20260919T110440Z,cnn_s2_14,val,Log-Mel CNN,0.04809333011507988,0.07409321051090956
seg_003709,sample_01236,Loved Ones - Rowan Box,1,0.998891294002533,cnn_revised_20260919T110440Z,cnn_s2_14,val,Log-Mel CNN,0.04809333011507988,0.07409321051090956
seg_003710,sample_01236,Loved Ones - Rowan Box,1,0.0044008647091686726,cnn_revised_20260919T110440Z,cnn_s2_14,val,Log-Mel CNN,0.04809333011507988,0.07409321051090956
seg_003711,sample_01237,Morning Bell - Nihilore,1,0.5133339762687683,cnn_revised_20260919T110440Z,cnn_s2_14,val,Log-Mel CNN,0.04809333011507988,0.07409321051090956
seg_003712,sample_01237,Morning Bell - Nihilore,1,0.7535721659660339,cnn_revised_20260919T110440Z,cnn_s2_14,val,Log-Mel CNN,0.04809333011507988,0.07409321051090956
seg_003713,sample_01237,Morning Bell - Nihilore,1,0.8872179985046387,cnn_revised_20260919T110440Z,cnn_s2_14,val,Log-Mel CNN,0.04809333011507988,0.07409321051090956
seg_003714,sample_01238,mystery team 2090 - Jesse Futerman,1,0.07770341634750366,cnn_revised_20260919T110440Z,cnn_s2_14,val,Log-Mel CNN,0.04809333011507988,0.07409321051090956
seg_003715,sample_01238,mystery team 2090 - Jesse Futerman,1,0.017550380900502205,cnn_revised_20260919T110440Z,cnn_s2_14,val,Log-Mel CNN,0.04809333011507988,0.07409321051090956
seg_003716,sample_01238,mystery team 2090 - Jesse Futerman,1,0.002172502689063549,cnn_revised_20260919T110440Z,cnn_s2_14,val,Log-Mel CNN,0.04809333011507988,0.07409321051090956
seg_003717,sample_01239,Night Drive - Decktonic,1,0.39446672797203064,cnn_revised_20260919T110440Z,cnn_s2_14,val,Log-Mel CNN,0.04809333011507988,0.07409321051090956
seg_003718,sample_01239,Night Drive - Decktonic,1,0.9982919096946716,cnn_revised_20260919T110440Z,cnn_s2_14,val,Log-Mel CNN,0.04809333011507988,0.07409321051090956
seg_003719,sample_01239,Night Drive - Decktonic,1,0.9906574487686157,cnn_revised_20260919T110440Z,cnn_s2_14,val,Log-Mel CNN,0.04809333011507988,0.07409321051090956
seg_003729,sample_01243,Nuo Maisemat - Paavoharju,1,0.45649614930152893,cnn_revised_20260919T110440Z,cnn_s2_14,val,Log-Mel CNN,0.04809333011507988,0.07409321051090956
seg_003730,sample_01243,Nuo Maisemat - Paavoharju,1,0.9994974136352539,cnn_revised_20260919T110440Z,cnn_s2_14,val,Log-Mel CNN,0.04809333011507988,0.07409321051090956
seg_003731,sample_01243,Nuo Maisemat - Paavoharju,1,0.8774545192718506,cnn_revised_20260919T110440Z,cnn_s2_14,val,Log-Mel CNN,0.04809333011507988,0.07409321051090956
seg_003780,sample_01260,SD (Ill Mix) - H-LR,1,0.4991341233253479,cnn_revised_20260919T110440Z,cnn_s2_14,val,Log-Mel CNN,0.04809333011507988,0.07409321051090956
seg_003781,sample_01260,SD (Ill Mix) - H-LR,1,0.8935739994049072,cnn_revised_20260919T110440Z,cnn_s2_14,val,Log-Mel CNN,0.04809333011507988,0.07409321051090956
seg_003782,sample_01260,SD (Ill Mix) - H-LR,1,0.9873653054237366,cnn_revised_20260919T110440Z,cnn_s2_14,val,Log-Mel CNN,0.04809333011507988,0.07409321051090956
seg_003795,sample_01265,some dextromethorphan - Jeva,1,0.3456598222255707,cnn_revised_20260919T110440Z,cnn_s2_14,val,Log-Mel CNN,0.04809333011507988,0.07409321051090956
seg_003796,sample_01265,some dextromethorphan - Jeva,1,0.9706501364707947,cnn_revised_20260919T110440Z,cnn_s2_14,val,Log-Mel CNN,0.04809333011507988,0.07409321051090956
seg_003797,sample_01265,some dextromethorphan - Jeva,1,0.9469846487045288,cnn_revised_20260919T110440Z,cnn_s2_14,val,Log-Mel CNN,0.04809333011507988,0.07409321051090956
seg_003804,sample_01268,Sturgeon's Law - Nihilore,1,0.6029457449913025,cnn_revised_20260919T110440Z,cnn_s2_14,val,Log-Mel CNN,0.04809333011507988,0.07409321051090956
seg_003805,sample_01268,Sturgeon's Law - Nihilore,1,0.8683560490608215,cnn_revised_20260919T110440Z,cnn_s2_14,val,Log-Mel CNN,0.04809333011507988,0.07409321051090956
seg_003806,sample_01268,Sturgeon's Law - Nihilore,1,0.9064321517944336,cnn_revised_20260919T110440Z,cnn_s2_14,val,Log-Mel CNN,0.04809333011507988,0.07409321051090956
seg_003840,sample_01280,The Stairway - WarpToken,1,0.31018564105033875,cnn_revised_20260919T110440Z,cnn_s2_14,val,Log-Mel CNN,0.04809333011507988,0.07409321051090956
seg_003841,sample_01280,The Stairway - WarpToken,1,0.9940245747566223,cnn_revised_20260919T110440Z,cnn_s2_14,val,Log-Mel CNN,0.04809333011507988,0.07409321051090956
seg_003842,sample_01280,The Stairway - WarpToken,1,0.942841112613678,cnn_revised_20260919T110440Z,cnn_s2_14,val,Log-Mel CNN,0.04809333011507988,0.07409321051090956
seg_003843,sample_01281,Three Bird - My brother Daniel,1,0.530794620513916,cnn_revised_20260919T110440Z,cnn_s2_14,val,Log-Mel CNN,0.04809333011507988,0.07409321051090956
seg_003844,sample_01281,Three Bird - My brother Daniel,1,0.9593194723129272,cnn_revised_20260919T110440Z,cnn_s2_14,val,Log-Mel CNN,0.04809333011507988,0.07409321051090956
seg_003845,sample_01281,Three Bird - My brother Daniel,1,0.9772666692733765,cnn_revised_20260919T110440Z,cnn_s2_14,val,Log-Mel CNN,0.04809333011507988,0.07409321051090956
seg_003846,sample_01282,Timen Passing By - Jason Shaw,1,0.07093410938978195,cnn_revised_20260919T110440Z,cnn_s2_14,val,Log-Mel CNN,0.04809333011507988,0.07409321051090956
seg_003847,sample_01282,Timen Passing By - Jason Shaw,1,0.9426519870758057,cnn_revised_20260919T110440Z,cnn_s2_14,val,Log-Mel CNN,0.04809333011507988,0.07409321051090956
seg_003848,sample_01282,Timen Passing By - Jason Shaw,1,0.9858258366584778,cnn_revised_20260919T110440Z,cnn_s2_14,val,Log-Mel CNN,0.04809333011507988,0.07409321051090956
seg_003864,sample_01288,Understand That This Is A Dream - From the album Modulating Coil [RSVP008] - Forrest James,1,0.09512858837842941,cnn_revised_20260919T110440Z,cnn_s2_14,val,Log-Mel CNN,0.04809333011507988,0.07409321051090956
seg_003865,sample_01288,Understand That This Is A Dream - From the album Modulating Coil [RSVP008] - Forrest James,1,0.41335996985435486,cnn_revised_20260919T110440Z,cnn_s2_14,val,Log-Mel CNN,0.04809333011507988,0.07409321051090956
seg_003866,sample_01288,Understand That This Is A Dream - From the album Modulating Coil [RSVP008] - Forrest James,1,0.958817720413208,cnn_revised_20260919T110440Z,cnn_s2_14,val,Log-Mel CNN,0.04809333011507988,0.07409321051090956
seg_003873,sample_01291,Westside Chillers - Little Glass Men,1,0.14074601233005524,cnn_revised_20260919T110440Z,cnn_s2_14,val,Log-Mel CNN,0.04809333011507988,0.07409321051090956
seg_003874,sample_01291,Westside Chillers - Little Glass Men,1,0.08995377272367477,cnn_revised_20260919T110440Z,cnn_s2_14,val,Log-Mel CNN,0.04809333011507988,0.07409321051090956
seg_003875,sample_01291,Westside Chillers - Little Glass Men,1,0.8272597789764404,cnn_revised_20260919T110440Z,cnn_s2_14,val,Log-Mel CNN,0.04809333011507988,0.07409321051090956
seg_003885,sample_01295,Agora - Malaventura,1,0.428732305765152,cnn_revised_20260919T110440Z,cnn_s2_14,val,Log-Mel CNN,0.04809333011507988,0.07409321051090956
seg_003886,sample_01295,Agora - Malaventura,1,0.4412441849708557,cnn_revised_20260919T110440Z,cnn_s2_14,val,Log-Mel CNN,0.04809333011507988,0.07409321051090956
seg_003887,sample_01295,Agora - Malaventura,1,0.960689902305603,cnn_revised_20260919T110440Z,cnn_s2_14,val,Log-Mel CNN,0.04809333011507988,0.07409321051090956
seg_003912,sample_01304,Evil Cannot Create - Caleb Lemond,1,0.229241281747818,cnn_revised_20260919T110440Z,cnn_s2_14,val,Log-Mel CNN,0.04809333011507988,0.07409321051090956
seg_003913,sample_01304,Evil Cannot Create - Caleb Lemond,1,0.43163344264030457,cnn_revised_20260919T110440Z,cnn_s2_14,val,Log-Mel CNN,0.04809333011507988,0.07409321051090956
seg_003914,sample_01304,Evil Cannot Create - Caleb Lemond,1,0.9695500135421753,cnn_revised_20260919T110440Z,cnn_s2_14,val,Log-Mel CNN,0.04809333011507988,0.07409321051090956
seg_003972,sample_01324,My Body Is A Weapon (Compromise Edit) - Silence is full of birds,1,0.30541011691093445,cnn_revised_20260919T110440Z,cnn_s2_14,val,Log-Mel CNN,0.04809333011507988,0.07409321051090956
seg_003973,sample_01324,My Body Is A Weapon (Compromise Edit) - Silence is full of birds,1,0.9970428347587585,cnn_revised_20260919T110440Z,cnn_s2_14,val,Log-Mel CNN,0.04809333011507988,0.07409321051090956
seg_003974,sample_01324,My Body Is A Weapon (Compromise Edit) - Silence is full of birds,1,0.9571841955184937,cnn_revised_20260919T110440Z,cnn_s2_14,val,Log-Mel CNN,0.04809333011507988,0.07409321051090956
seg_003975,sample_01325,My Body Is A Weapon (Compromise Edit) - Silence is full of birds,1,0.5872699618339539,cnn_revised_20260919T110440Z,cnn_s2_14,val,Log-Mel CNN,0.04809333011507988,0.07409321051090956
seg_003976,sample_01325,My Body Is A Weapon (Compromise Edit) - Silence is full of birds,1,0.9844036102294922,cnn_revised_20260919T110440Z,cnn_s2_14,val,Log-Mel CNN,0.04809333011507988,0.07409321051090956
seg_003977,sample_01325,My Body Is A Weapon (Compromise Edit) - Silence is full of birds,1,0.9639071226119995,cnn_revised_20260919T110440Z,cnn_s2_14,val,Log-Mel CNN,0.04809333011507988,0.07409321051090956
seg_003987,sample_01329,New Life (take 1) - Bird Names,1,0.4400133788585663,cnn_revised_20260919T110440Z,cnn_s2_14,val,Log-Mel CNN,0.04809333011507988,0.07409321051090956
seg_003988,sample_01329,New Life (take 1) - Bird Names,1,0.9204981327056885,cnn_revised_20260919T110440Z,cnn_s2_14,val,Log-Mel CNN,0.04809333011507988,0.07409321051090956
seg_003989,sample_01329,New Life (take 1) - Bird Names,1,0.7690804600715637,cnn_revised_20260919T110440Z,cnn_s2_14,val,Log-Mel CNN,0.04809333011507988,0.07409321051090956
seg_003990,sample_01330,New Life (take 1) - Bird Names,1,0.05881064757704735,cnn_revised_20260919T110440Z,cnn_s2_14,val,Log-Mel CNN,0.04809333011507988,0.07409321051090956
seg_003991,sample_01330,New Life (take 1) - Bird Names,1,0.6360048055648804,cnn_revised_20260919T110440Z,cnn_s2_14,val,Log-Mel CNN,0.04809333011507988,0.07409321051090956
seg_003992,sample_01330,New Life (take 1) - Bird Names,1,0.9211209416389465,cnn_revised_20260919T110440Z,cnn_s2_14,val,Log-Mel CNN,0.04809333011507988,0.07409321051090956
seg_003993,sample_01331,Norweigian Wood II - Bird Names,1,0.010506556369364262,cnn_revised_20260919T110440Z,cnn_s2_14,val,Log-Mel CNN,0.04809333011507988,0.07409321051090956
seg_003994,sample_01331,Norweigian Wood II - Bird Names,1,0.0009593067225068808,cnn_revised_20260919T110440Z,cnn_s2_14,val,Log-Mel CNN,0.04809333011507988,0.07409321051090956
seg_003995,sample_01331,Norweigian Wood II - Bird Names,1,0.16808763146400452,cnn_revised_20260919T110440Z,cnn_s2_14,val,Log-Mel CNN,0.04809333011507988,0.07409321051090956
seg_004020,sample_01340,Roller Star - Monroeville Music Center,1,0.8409922122955322,cnn_revised_20260919T110440Z,cnn_s2_14,val,Log-Mel CNN,0.04809333011507988,0.07409321051090956
seg_004021,sample_01340,Roller Star - Monroeville Music Center,1,0.9783563017845154,cnn_revised_20260919T110440Z,cnn_s2_14,val,Log-Mel CNN,0.04809333011507988,0.07409321051090956
seg_004022,sample_01340,Roller Star - Monroeville Music Center,1,0.9987549781799316,cnn_revised_20260919T110440Z,cnn_s2_14,val,Log-Mel CNN,0.04809333011507988,0.07409321051090956
seg_004023,sample_01341,"Roundtrip - Oh Yeah, the Future",1,0.5341683626174927,cnn_revised_20260919T110440Z,cnn_s2_14,val,Log-Mel CNN,0.04809333011507988,0.07409321051090956
seg_004024,sample_01341,"Roundtrip - Oh Yeah, the Future",1,0.4805239140987396,cnn_revised_20260919T110440Z,cnn_s2_14,val,Log-Mel CNN,0.04809333011507988,0.07409321051090956
seg_004025,sample_01341,"Roundtrip - Oh Yeah, the Future",1,0.7189230918884277,cnn_revised_20260919T110440Z,cnn_s2_14,val,Log-Mel CNN,0.04809333011507988,0.07409321051090956
seg_004041,sample_01347,Soleares&beats - Malaventura,1,0.07451148331165314,cnn_revised_20260919T110440Z,cnn_s2_14,val,Log-Mel CNN,0.04809333011507988,0.07409321051090956
seg_004042,sample_01347,Soleares&beats - Malaventura,1,0.758604884147644,cnn_revised_20260919T110440Z,cnn_s2_14,val,Log-Mel CNN,0.04809333011507988,0.07409321051090956
seg_004043,sample_01347,Soleares&beats - Malaventura,1,0.8815054893493652,cnn_revised_20260919T110440Z,cnn_s2_14,val,Log-Mel CNN,0.04809333011507988,0.07409321051090956
seg_004053,sample_01351,Stockholm Syndrome / People Should Be More Aware - Bird Names,1,0.10706528276205063,cnn_revised_20260919T110440Z,cnn_s2_14,val,Log-Mel CNN,0.04809333011507988,0.07409321051090956
seg_004054,sample_01351,Stockholm Syndrome / People Should Be More Aware - Bird Names,1,0.21331223845481873,cnn_revised_20260919T110440Z,cnn_s2_14,val,Log-Mel CNN,0.04809333011507988,0.07409321051090956
seg_004055,sample_01351,Stockholm Syndrome / People Should Be More Aware - Bird Names,1,0.999038577079773,cnn_revised_20260919T110440Z,cnn_s2_14,val,Log-Mel CNN,0.04809333011507988,0.07409321051090956
seg_004056,sample_01352,Stockholm Syndrome / People Should Be More Aware - Bird Names,1,0.19054383039474487,cnn_revised_20260919T110440Z,cnn_s2_14,val,Log-Mel CNN,0.04809333011507988,0.07409321051090956
seg_004057,sample_01352,Stockholm Syndrome / People Should Be More Aware - Bird Names,1,0.7917001843452454,cnn_revised_20260919T110440Z,cnn_s2_14,val,Log-Mel CNN,0.04809333011507988,0.07409321051090956
seg_004058,sample_01352,Stockholm Syndrome / People Should Be More Aware - Bird Names,1,0.0017642680322751403,cnn_revised_20260919T110440Z,cnn_s2_14,val,Log-Mel CNN,0.04809333011507988,0.07409321051090956
seg_004086,sample_01362,Time Is Love - Silence is full of birds,1,0.6568198204040527,cnn_revised_20260919T110440Z,cnn_s2_14,val,Log-Mel CNN,0.04809333011507988,0.07409321051090956
seg_004087,sample_01362,Time Is Love - Silence is full of birds,1,0.8442692160606384,cnn_revised_20260919T110440Z,cnn_s2_14,val,Log-Mel CNN,0.04809333011507988,0.07409321051090956
seg_004088,sample_01362,Time Is Love - Silence is full of birds,1,0.8762096762657166,cnn_revised_20260919T110440Z,cnn_s2_14,val,Log-Mel CNN,0.04809333011507988,0.07409321051090956
seg_004116,sample_01372,2 (Wasn't There) - Isle of Pine,1,0.3007272183895111,cnn_revised_20260919T110440Z,cnn_s2_14,val,Log-Mel CNN,0.04809333011507988,0.07409321051090956
seg_004117,sample_01372,2 (Wasn't There) - Isle of Pine,1,0.03453623503446579,cnn_revised_20260919T110440Z,cnn_s2_14,val,Log-Mel CNN,0.04809333011507988,0.07409321051090956
seg_004118,sample_01372,2 (Wasn't There) - Isle of Pine,1,0.8935193419456482,cnn_revised_20260919T110440Z,cnn_s2_14,val,Log-Mel CNN,0.04809333011507988,0.07409321051090956
seg_004146,sample_01382,Beyond Luxury - Mors Ontologica,1,0.8555956482887268,cnn_revised_20260919T110440Z,cnn_s2_14,val,Log-Mel CNN,0.04809333011507988,0.07409321051090956
seg_004147,sample_01382,Beyond Luxury - Mors Ontologica,1,0.9224041700363159,cnn_revised_20260919T110440Z,cnn_s2_14,val,Log-Mel CNN,0.04809333011507988,0.07409321051090956
seg_004148,sample_01382,Beyond Luxury - Mors Ontologica,1,0.9835131764411926,cnn_revised_20260919T110440Z,cnn_s2_14,val,Log-Mel CNN,0.04809333011507988,0.07409321051090956
seg_004182,sample_01394,Empty Pockets - Pete Prodoehl,1,0.0028593128081411123,cnn_revised_20260919T110440Z,cnn_s2_14,val,Log-Mel CNN,0.04809333011507988,0.07409321051090956
seg_004183,sample_01394,Empty Pockets - Pete Prodoehl,1,0.052798278629779816,cnn_revised_20260919T110440Z,cnn_s2_14,val,Log-Mel CNN,0.04809333011507988,0.07409321051090956
seg_004184,sample_01394,Empty Pockets - Pete Prodoehl,1,0.9673906564712524,cnn_revised_20260919T110440Z,cnn_s2_14,val,Log-Mel CNN,0.04809333011507988,0.07409321051090956
seg_004191,sample_01397,Fear - Los Fancy Free,1,0.055361516773700714,cnn_revised_20260919T110440Z,cnn_s2_14,val,Log-Mel CNN,0.04809333011507988,0.07409321051090956
seg_004192,sample_01397,Fear - Los Fancy Free,1,0.08229666203260422,cnn_revised_20260919T110440Z,cnn_s2_14,val,Log-Mel CNN,0.04809333011507988,0.07409321051090956
seg_004193,sample_01397,Fear - Los Fancy Free,1,0.9160865545272827,cnn_revised_20260919T110440Z,cnn_s2_14,val,Log-Mel CNN,0.04809333011507988,0.07409321051090956
seg_004206,sample_01402,Gila Monster Flop/Music History Lesson:The Sonics - The Crypts!,1,0.41168472170829773,cnn_revised_20260919T110440Z,cnn_s2_14,val,Log-Mel CNN,0.04809333011507988,0.07409321051090956
seg_004207,sample_01402,Gila Monster Flop/Music History Lesson:The Sonics - The Crypts!,1,0.7968789935112,cnn_revised_20260919T110440Z,cnn_s2_14,val,Log-Mel CNN,0.04809333011507988,0.07409321051090956
seg_004208,sample_01402,Gila Monster Flop/Music History Lesson:The Sonics - The Crypts!,1,0.9205843806266785,cnn_revised_20260919T110440Z,cnn_s2_14,val,Log-Mel CNN,0.04809333011507988,0.07409321051090956
seg_004245,sample_01415,I Fell - Mod Fun,1,0.3979668617248535,cnn_revised_20260919T110440Z,cnn_s2_14,val,Log-Mel CNN,0.04809333011507988,0.07409321051090956
seg_004246,sample_01415,I Fell - Mod Fun,1,0.6687604188919067,cnn_revised_20260919T110440Z,cnn_s2_14,val,Log-Mel CNN,0.04809333011507988,0.07409321051090956
seg_004247,sample_01415,I Fell - Mod Fun,1,0.9276700615882874,cnn_revised_20260919T110440Z,cnn_s2_14,val,Log-Mel CNN,0.04809333011507988,0.07409321051090956
seg_004275,sample_01425,Lights Up - Pipe Choir,1,0.5204514861106873,cnn_revised_20260919T110440Z,cnn_s2_14,val,Log-Mel CNN,0.04809333011507988,0.07409321051090956
seg_004276,sample_01425,Lights Up - Pipe Choir,1,0.7109315395355225,cnn_revised_20260919T110440Z,cnn_s2_14,val,Log-Mel CNN,0.04809333011507988,0.07409321051090956
seg_004277,sample_01425,Lights Up - Pipe Choir,1,0.9224340915679932,cnn_revised_20260919T110440Z,cnn_s2_14,val,Log-Mel CNN,0.04809333011507988,0.07409321051090956
seg_004287,sample_01429,March of the GPA Mechanics - [t]ghost,1,0.8394725322723389,cnn_revised_20260919T110440Z,cnn_s2_14,val,Log-Mel CNN,0.04809333011507988,0.07409321051090956
seg_004288,sample_01429,March of the GPA Mechanics - [t]ghost,1,0.8652416467666626,cnn_revised_20260919T110440Z,cnn_s2_14,val,Log-Mel CNN,0.04809333011507988,0.07409321051090956
seg_004289,sample_01429,March of the GPA Mechanics - [t]ghost,1,0.9785454273223877,cnn_revised_20260919T110440Z,cnn_s2_14,val,Log-Mel CNN,0.04809333011507988,0.07409321051090956
seg_004326,sample_01442,Redlight - Room For A Ghost,1,0.29336684942245483,cnn_revised_20260919T110440Z,cnn_s2_14,val,Log-Mel CNN,0.04809333011507988,0.07409321051090956
seg_004327,sample_01442,Redlight - Room For A Ghost,1,0.8172169923782349,cnn_revised_20260919T110440Z,cnn_s2_14,val,Log-Mel CNN,0.04809333011507988,0.07409321051090956
seg_004328,sample_01442,Redlight - Room For A Ghost,1,0.9426382184028625,cnn_revised_20260919T110440Z,cnn_s2_14,val,Log-Mel CNN,0.04809333011507988,0.07409321051090956
seg_004341,sample_01447,Scramby Eggs - Andy G. Cohen,1,0.3684610426425934,cnn_revised_20260919T110440Z,cnn_s2_14,val,Log-Mel CNN,0.04809333011507988,0.07409321051090956
seg_004342,sample_01447,Scramby Eggs - Andy G. Cohen,1,0.13078132271766663,cnn_revised_20260919T110440Z,cnn_s2_14,val,Log-Mel CNN,0.04809333011507988,0.07409321051090956
seg_004343,sample_01447,Scramby Eggs - Andy G. Cohen,1,0.8906596899032593,cnn_revised_20260919T110440Z,cnn_s2_14,val,Log-Mel CNN,0.04809333011507988,0.07409321051090956
seg_004353,sample_01451,Shipwrecked Crew - Pete Prodoehl,1,0.12054324150085449,cnn_revised_20260919T110440Z,cnn_s2_14,val,Log-Mel CNN,0.04809333011507988,0.07409321051090956
seg_004354,sample_01451,Shipwrecked Crew - Pete Prodoehl,1,0.8396968841552734,cnn_revised_20260919T110440Z,cnn_s2_14,val,Log-Mel CNN,0.04809333011507988,0.07409321051090956
seg_004355,sample_01451,Shipwrecked Crew - Pete Prodoehl,1,0.886194109916687,cnn_revised_20260919T110440Z,cnn_s2_14,val,Log-Mel CNN,0.04809333011507988,0.07409321051090956
seg_004383,sample_01461,The girl just faded - Los Llamarada,1,0.2944420278072357,cnn_revised_20260919T110440Z,cnn_s2_14,val,Log-Mel CNN,0.04809333011507988,0.07409321051090956
seg_004384,sample_01461,The girl just faded - Los Llamarada,1,0.7152726650238037,cnn_revised_20260919T110440Z,cnn_s2_14,val,Log-Mel CNN,0.04809333011507988,0.07409321051090956
seg_004385,sample_01461,The girl just faded - Los Llamarada,1,0.7478551864624023,cnn_revised_20260919T110440Z,cnn_s2_14,val,Log-Mel CNN,0.04809333011507988,0.07409321051090956
seg_004401,sample_01467,Voxel - Andy G. Cohen,1,0.4298374652862549,cnn_revised_20260919T110440Z,cnn_s2_14,val,Log-Mel CNN,0.04809333011507988,0.07409321051090956
seg_004402,sample_01467,Voxel - Andy G. Cohen,1,0.3335106670856476,cnn_revised_20260919T110440Z,cnn_s2_14,val,Log-Mel CNN,0.04809333011507988,0.07409321051090956
seg_004403,sample_01467,Voxel - Andy G. Cohen,1,0.8985539674758911,cnn_revised_20260919T110440Z,cnn_s2_14,val,Log-Mel CNN,0.04809333011507988,0.07409321051090956
seg_004425,sample_01475,Windows of the Skull - Sarin,1,0.5119556784629822,cnn_revised_20260919T110440Z,cnn_s2_14,val,Log-Mel CNN,0.04809333011507988,0.07409321051090956
seg_004426,sample_01475,Windows of the Skull - Sarin,1,0.9924092292785645,cnn_revised_20260919T110440Z,cnn_s2_14,val,Log-Mel CNN,0.04809333011507988,0.07409321051090956
seg_004427,sample_01475,Windows of the Skull - Sarin,1,0.9290404319763184,cnn_revised_20260919T110440Z,cnn_s2_14,val,Log-Mel CNN,0.04809333011507988,0.07409321051090956
seg_004464,sample_01488,Night Drive - Decktonic,1,0.29353854060173035,cnn_revised_20260919T110440Z,cnn_s2_14,val,Log-Mel CNN,0.04809333011507988,0.07409321051090956
seg_004465,sample_01488,Night Drive - Decktonic,1,0.436987966299057,cnn_revised_20260919T110440Z,cnn_s2_14,val,Log-Mel CNN,0.04809333011507988,0.07409321051090956
seg_004466,sample_01488,Night Drive - Decktonic,1,0.5325714349746704,cnn_revised_20260919T110440Z,cnn_s2_14,val,Log-Mel CNN,0.04809333011507988,0.07409321051090956
seg_004521,sample_01507,Nuo Maisemat - Paavoharju,1,0.9578697085380554,cnn_revised_20260919T110440Z,cnn_s2_14,val,Log-Mel CNN,0.04809333011507988,0.07409321051090956
seg_004522,sample_01507,Nuo Maisemat - Paavoharju,1,0.91969895362854,cnn_revised_20260919T110440Z,cnn_s2_14,val,Log-Mel CNN,0.04809333011507988,0.07409321051090956
seg_004523,sample_01507,Nuo Maisemat - Paavoharju,1,0.950354814529419,cnn_revised_20260919T110440Z,cnn_s2_14,val,Log-Mel CNN,0.04809333011507988,0.07409321051090956
seg_004536,sample_01512,CopperNickle - UncleBibby,1,0.010943767614662647,cnn_revised_20260919T110440Z,cnn_s2_14,val,Log-Mel CNN,0.04809333011507988,0.07409321051090956
seg_004537,sample_01512,CopperNickle - UncleBibby,1,0.0049515035934746265,cnn_revised_20260919T110440Z,cnn_s2_14,val,Log-Mel CNN,0.04809333011507988,0.07409321051090956
seg_004538,sample_01512,CopperNickle - UncleBibby,1,0.004579877480864525,cnn_revised_20260919T110440Z,cnn_s2_14,val,Log-Mel CNN,0.04809333011507988,0.07409321051090956
seg_004539,sample_01513,Daylight Savings - My brother Daniel,1,0.028905536979436874,cnn_revised_20260919T110440Z,cnn_s2_14,val,Log-Mel CNN,0.04809333011507988,0.07409321051090956
seg_004540,sample_01513,Daylight Savings - My brother Daniel,1,0.03882737457752228,cnn_revised_20260919T110440Z,cnn_s2_14,val,Log-Mel CNN,0.04809333011507988,0.07409321051090956
seg_004541,sample_01513,Daylight Savings - My brother Daniel,1,0.00946682970970869,cnn_revised_20260919T110440Z,cnn_s2_14,val,Log-Mel CNN,0.04809333011507988,0.07409321051090956
seg_004542,sample_01514,mystery team 2090 - Jesse Futerman,1,0.6801820993423462,cnn_revised_20260919T110440Z,cnn_s2_14,val,Log-Mel CNN,0.04809333011507988,0.07409321051090956
seg_004543,sample_01514,mystery team 2090 - Jesse Futerman,1,0.6991382837295532,cnn_revised_20260919T110440Z,cnn_s2_14,val,Log-Mel CNN,0.04809333011507988,0.07409321051090956
seg_004544,sample_01514,mystery team 2090 - Jesse Futerman,1,0.7937489748001099,cnn_revised_20260919T110440Z,cnn_s2_14,val,Log-Mel CNN,0.04809333011507988,0.07409321051090956
seg_004575,sample_01525,SD (Ill Mix) - H-LR,1,0.13388052582740784,cnn_revised_20260919T110440Z,cnn_s2_14,val,Log-Mel CNN,0.04809333011507988,0.07409321051090956
seg_004576,sample_01525,SD (Ill Mix) - H-LR,1,0.3383845388889313,cnn_revised_20260919T110440Z,cnn_s2_14,val,Log-Mel CNN,0.04809333011507988,0.07409321051090956
seg_004577,sample_01525,SD (Ill Mix) - H-LR,1,0.49489080905914307,cnn_revised_20260919T110440Z,cnn_s2_14,val,Log-Mel CNN,0.04809333011507988,0.07409321051090956
seg_004590,sample_01530,Stockholm Syndrome / People Should Be More Aware - Bird Names,1,0.02979176491498947,cnn_revised_20260919T110440Z,cnn_s2_14,val,Log-Mel CNN,0.04809333011507988,0.07409321051090956
seg_004591,sample_01530,Stockholm Syndrome / People Should Be More Aware - Bird Names,1,0.026311691850423813,cnn_revised_20260919T110440Z,cnn_s2_14,val,Log-Mel CNN,0.04809333011507988,0.07409321051090956
seg_004592,sample_01530,Stockholm Syndrome / People Should Be More Aware - Bird Names,1,0.02206268534064293,cnn_revised_20260919T110440Z,cnn_s2_14,val,Log-Mel CNN,0.04809333011507988,0.07409321051090956
seg_004596,sample_01532,Time Is Love - Silence is full of birds,1,0.9563233256340027,cnn_revised_20260919T110440Z,cnn_s2_14,val,Log-Mel CNN,0.04809333011507988,0.07409321051090956
seg_004597,sample_01532,Time Is Love - Silence is full of birds,1,0.9383432865142822,cnn_revised_20260919T110440Z,cnn_s2_14,val,Log-Mel CNN,0.04809333011507988,0.07409321051090956
seg_004598,sample_01532,Time Is Love - Silence is full of birds,1,0.9927009344100952,cnn_revised_20260919T110440Z,cnn_s2_14,val,Log-Mel CNN,0.04809333011507988,0.07409321051090956
seg_004602,sample_01534,Roller Star - Monroeville Music Center,1,0.037611767649650574,cnn_revised_20260919T110440Z,cnn_s2_14,val,Log-Mel CNN,0.04809333011507988,0.07409321051090956
seg_004603,sample_01534,Roller Star - Monroeville Music Center,1,0.09725010395050049,cnn_revised_20260919T110440Z,cnn_s2_14,val,Log-Mel CNN,0.04809333011507988,0.07409321051090956
seg_004604,sample_01534,Roller Star - Monroeville Music Center,1,0.0016824667109176517,cnn_revised_20260919T110440Z,cnn_s2_14,val,Log-Mel CNN,0.04809333011507988,0.07409321051090956
seg_004611,sample_01537,Soleares&beats - Malaventura,1,0.002606557449325919,cnn_revised_20260919T110440Z,cnn_s2_14,val,Log-Mel CNN,0.04809333011507988,0.07409321051090956
seg_004612,sample_01537,Soleares&beats - Malaventura,1,0.14015133678913116,cnn_revised_20260919T110440Z,cnn_s2_14,val,Log-Mel CNN,0.04809333011507988,0.07409321051090956
seg_004613,sample_01537,Soleares&beats - Malaventura,1,0.07384239137172699,cnn_revised_20260919T110440Z,cnn_s2_14,val,Log-Mel CNN,0.04809333011507988,0.07409321051090956
seg_004629,sample_01543,Evil Cannot Create - Caleb Lemond,1,0.21177147328853607,cnn_revised_20260919T110440Z,cnn_s2_14,val,Log-Mel CNN,0.04809333011507988,0.07409321051090956
seg_004630,sample_01543,Evil Cannot Create - Caleb Lemond,1,0.7424539923667908,cnn_revised_20260919T110440Z,cnn_s2_14,val,Log-Mel CNN,0.04809333011507988,0.07409321051090956
seg_004631,sample_01543,Evil Cannot Create - Caleb Lemond,1,0.1702529639005661,cnn_revised_20260919T110440Z,cnn_s2_14,val,Log-Mel CNN,0.04809333011507988,0.07409321051090956
seg_004647,sample_01549,"Roundtrip - Oh Yeah, the Future",1,0.1907343864440918,cnn_revised_20260919T110440Z,cnn_s2_14,val,Log-Mel CNN,0.04809333011507988,0.07409321051090956
seg_004648,sample_01549,"Roundtrip - Oh Yeah, the Future",1,0.4225444793701172,cnn_revised_20260919T110440Z,cnn_s2_14,val,Log-Mel CNN,0.04809333011507988,0.07409321051090956
seg_004649,sample_01549,"Roundtrip - Oh Yeah, the Future",1,0.5656488537788391,cnn_revised_20260919T110440Z,cnn_s2_14,val,Log-Mel CNN,0.04809333011507988,0.07409321051090956
seg_004692,sample_01564,Norweigian Wood II - Bird Names,1,0.37467536330223083,cnn_revised_20260919T110440Z,cnn_s2_14,val,Log-Mel CNN,0.04809333011507988,0.07409321051090956
seg_004693,sample_01564,Norweigian Wood II - Bird Names,1,0.16310729086399078,cnn_revised_20260919T110440Z,cnn_s2_14,val,Log-Mel CNN,0.04809333011507988,0.07409321051090956
seg_004694,sample_01564,Norweigian Wood II - Bird Names,1,0.49274903535842896,cnn_revised_20260919T110440Z,cnn_s2_14,val,Log-Mel CNN,0.04809333011507988,0.07409321051090956
seg_004695,sample_01565,New Life (take 1) - Bird Names,1,0.39200925827026367,cnn_revised_20260919T110440Z,cnn_s2_14,val,Log-Mel CNN,0.04809333011507988,0.07409321051090956
seg_004696,sample_01565,New Life (take 1) - Bird Names,1,0.2108566015958786,cnn_revised_20260919T110440Z,cnn_s2_14,val,Log-Mel CNN,0.04809333011507988,0.07409321051090956
seg_004697,sample_01565,New Life (take 1) - Bird Names,1,0.21955107152462006,cnn_revised_20260919T110440Z,cnn_s2_14,val,Log-Mel CNN,0.04809333011507988,0.07409321051090956
seg_004698,sample_01566,New Life (take 1) - Bird Names,1,0.14794962108135223,cnn_revised_20260919T110440Z,cnn_s2_14,val,Log-Mel CNN,0.04809333011507988,0.07409321051090956
seg_004699,sample_01566,New Life (take 1) - Bird Names,1,0.3351788818836212,cnn_revised_20260919T110440Z,cnn_s2_14,val,Log-Mel CNN,0.04809333011507988,0.07409321051090956
seg_004700,sample_01566,New Life (take 1) - Bird Names,1,0.3685188293457031,cnn_revised_20260919T110440Z,cnn_s2_14,val,Log-Mel CNN,0.04809333011507988,0.07409321051090956
seg_004779,sample_01593,Gila Monster Flop/Music History Lesson:The Sonics - The Crypts!,1,0.16747978329658508,cnn_revised_20260919T110440Z,cnn_s2_14,val,Log-Mel CNN,0.04809333011507988,0.07409321051090956
seg_004780,sample_01593,Gila Monster Flop/Music History Lesson:The Sonics - The Crypts!,1,0.06602324545383453,cnn_revised_20260919T110440Z,cnn_s2_14,val,Log-Mel CNN,0.04809333011507988,0.07409321051090956
seg_004781,sample_01593,Gila Monster Flop/Music History Lesson:The Sonics - The Crypts!,1,0.10557737201452255,cnn_revised_20260919T110440Z,cnn_s2_14,val,Log-Mel CNN,0.04809333011507988,0.07409321051090956
seg_004821,sample_01607,March of the GPA Mechanics - [t]ghost,1,0.02358906716108322,cnn_revised_20260919T110440Z,cnn_s2_14,val,Log-Mel CNN,0.04809333011507988,0.07409321051090956
seg_004822,sample_01607,March of the GPA Mechanics - [t]ghost,1,0.04119578003883362,cnn_revised_20260919T110440Z,cnn_s2_14,val,Log-Mel CNN,0.04809333011507988,0.07409321051090956
seg_004823,sample_01607,March of the GPA Mechanics - [t]ghost,1,0.0055099972523748875,cnn_revised_20260919T110440Z,cnn_s2_14,val,Log-Mel CNN,0.04809333011507988,0.07409321051090956
seg_004824,sample_01608,Windows of the Skull - Sarin,1,0.45827123522758484,cnn_revised_20260919T110440Z,cnn_s2_14,val,Log-Mel CNN,0.04809333011507988,0.07409321051090956
seg_004825,sample_01608,Windows of the Skull - Sarin,1,0.4068254828453064,cnn_revised_20260919T110440Z,cnn_s2_14,val,Log-Mel CNN,0.04809333011507988,0.07409321051090956
seg_004826,sample_01608,Windows of the Skull - Sarin,1,0.33017289638519287,cnn_revised_20260919T110440Z,cnn_s2_14,val,Log-Mel CNN,0.04809333011507988,0.07409321051090956
seg_004830,sample_01610,Empty Pockets - Pete Prodoehl,1,0.2463720589876175,cnn_revised_20260919T110440Z,cnn_s2_14,val,Log-Mel CNN,0.04809333011507988,0.07409321051090956
seg_004831,sample_01610,Empty Pockets - Pete Prodoehl,1,0.7144879698753357,cnn_revised_20260919T110440Z,cnn_s2_14,val,Log-Mel CNN,0.04809333011507988,0.07409321051090956
seg_004832,sample_01610,Empty Pockets - Pete Prodoehl,1,0.7702223062515259,cnn_revised_20260919T110440Z,cnn_s2_14,val,Log-Mel CNN,0.04809333011507988,0.07409321051090956
seg_004836,sample_01612,Scramby Eggs - Andy G. Cohen,1,0.008275353349745274,cnn_revised_20260919T110440Z,cnn_s2_14,val,Log-Mel CNN,0.04809333011507988,0.07409321051090956
seg_004837,sample_01612,Scramby Eggs - Andy G. Cohen,1,0.012920497916638851,cnn_revised_20260919T110440Z,cnn_s2_14,val,Log-Mel CNN,0.04809333011507988,0.07409321051090956
seg_004838,sample_01612,Scramby Eggs - Andy G. Cohen,1,0.00658448925241828,cnn_revised_20260919T110440Z,cnn_s2_14,val,Log-Mel CNN,0.04809333011507988,0.07409321051090956
seg_004839,sample_01613,Voxel - Andy G. Cohen,1,0.07498487085103989,cnn_revised_20260919T110440Z,cnn_s2_14,val,Log-Mel CNN,0.04809333011507988,0.07409321051090956
seg_004840,sample_01613,Voxel - Andy G. Cohen,1,0.004381171427667141,cnn_revised_20260919T110440Z,cnn_s2_14,val,Log-Mel CNN,0.04809333011507988,0.07409321051090956
seg_004841,sample_01613,Voxel - Andy G. Cohen,1,0.019393455237150192,cnn_revised_20260919T110440Z,cnn_s2_14,val,Log-Mel CNN,0.04809333011507988,0.07409321051090956
seg_004845,sample_01615,The girl just faded - Los Llamarada,1,0.08037200570106506,cnn_revised_20260919T110440Z,cnn_s2_14,val,Log-Mel CNN,0.04809333011507988,0.07409321051090956
seg_004846,sample_01615,The girl just faded - Los Llamarada,1,0.1431710571050644,cnn_revised_20260919T110440Z,cnn_s2_14,val,Log-Mel CNN,0.04809333011507988,0.07409321051090956
seg_004847,sample_01615,The girl just faded - Los Llamarada,1,0.3161262273788452,cnn_revised_20260919T110440Z,cnn_s2_14,val,Log-Mel CNN,0.04809333011507988,0.07409321051090956
seg_004860,sample_01620,2 (Wasn't There) - Isle of Pine,1,0.7752668261528015,cnn_revised_20260919T110440Z,cnn_s2_14,val,Log-Mel CNN,0.04809333011507988,0.07409321051090956
seg_004861,sample_01620,2 (Wasn't There) - Isle of Pine,1,0.8075205087661743,cnn_revised_20260919T110440Z,cnn_s2_14,val,Log-Mel CNN,0.04809333011507988,0.07409321051090956
seg_004862,sample_01620,2 (Wasn't There) - Isle of Pine,1,0.8511608242988586,cnn_revised_20260919T110440Z,cnn_s2_14,val,Log-Mel CNN,0.04809333011507988,0.07409321051090956
seg_004866,sample_01622,I Fell - Mod Fun,1,0.0012004553573206067,cnn_revised_20260919T110440Z,cnn_s2_14,val,Log-Mel CNN,0.04809333011507988,0.07409321051090956
seg_004867,sample_01622,I Fell - Mod Fun,1,0.6470428109169006,cnn_revised_20260919T110440Z,cnn_s2_14,val,Log-Mel CNN,0.04809333011507988,0.07409321051090956
seg_004868,sample_01622,I Fell - Mod Fun,1,0.0825204849243164,cnn_revised_20260919T110440Z,cnn_s2_14,val,Log-Mel CNN,0.04809333011507988,0.07409321051090956
seg_004872,sample_01624,Новый Нью-Йорк 2 - Чокнутый Пропеллер,1,0.7205498218536377,cnn_revised_20260919T110440Z,cnn_s2_14,val,Log-Mel CNN,0.04809333011507988,0.07409321051090956
seg_004873,sample_01624,Новый Нью-Йорк 2 - Чокнутый Пропеллер,1,0.04242429882287979,cnn_revised_20260919T110440Z,cnn_s2_14,val,Log-Mel CNN,0.04809333011507988,0.07409321051090956
seg_004874,sample_01624,Новый Нью-Йорк 2 - Чокнутый Пропеллер,1,0.015650346875190735,cnn_revised_20260919T110440Z,cnn_s2_14,val,Log-Mel CNN,0.04809333011507988,0.07409321051090956
seg_004908,sample_01636,CopperNickle - UncleBibby,1,0.4622419476509094,cnn_revised_20260919T110440Z,cnn_s2_14,val,Log-Mel CNN,0.04809333011507988,0.07409321051090956
seg_004909,sample_01636,CopperNickle - UncleBibby,1,0.7136752605438232,cnn_revised_20260919T110440Z,cnn_s2_14,val,Log-Mel CNN,0.04809333011507988,0.07409321051090956
seg_004910,sample_01636,CopperNickle - UncleBibby,1,0.12308655679225922,cnn_revised_20260919T110440Z,cnn_s2_14,val,Log-Mel CNN,0.04809333011507988,0.07409321051090956
seg_004914,sample_01638,Daylight Savings - My brother Daniel,1,0.9789049029350281,cnn_revised_20260919T110440Z,cnn_s2_14,val,Log-Mel CNN,0.04809333011507988,0.07409321051090956
seg_004915,sample_01638,Daylight Savings - My brother Daniel,1,0.3629911541938782,cnn_revised_20260919T110440Z,cnn_s2_14,val,Log-Mel CNN,0.04809333011507988,0.07409321051090956
seg_004916,sample_01638,Daylight Savings - My brother Daniel,1,0.7712895274162292,cnn_revised_20260919T110440Z,cnn_s2_14,val,Log-Mel CNN,0.04809333011507988,0.07409321051090956
seg_004947,sample_01649,mystery team 2090 - Jesse Futerman,1,0.2081582248210907,cnn_revised_20260919T110440Z,cnn_s2_14,val,Log-Mel CNN,0.04809333011507988,0.07409321051090956
seg_004948,sample_01649,mystery team 2090 - Jesse Futerman,1,0.4933154284954071,cnn_revised_20260919T110440Z,cnn_s2_14,val,Log-Mel CNN,0.04809333011507988,0.07409321051090956
seg_004949,sample_01649,mystery team 2090 - Jesse Futerman,1,0.6435031890869141,cnn_revised_20260919T110440Z,cnn_s2_14,val,Log-Mel CNN,0.04809333011507988,0.07409321051090956
seg_004950,sample_01650,Night Drive - Decktonic,1,0.2223321497440338,cnn_revised_20260919T110440Z,cnn_s2_14,val,Log-Mel CNN,0.04809333011507988,0.07409321051090956
seg_004951,sample_01650,Night Drive - Decktonic,1,0.6746495962142944,cnn_revised_20260919T110440Z,cnn_s2_14,val,Log-Mel CNN,0.04809333011507988,0.07409321051090956
seg_004952,sample_01650,Night Drive - Decktonic,1,0.9928538203239441,cnn_revised_20260919T110440Z,cnn_s2_14,val,Log-Mel CNN,0.04809333011507988,0.07409321051090956
seg_004959,sample_01653,Nuo Maisemat - Paavoharju,1,0.9991198182106018,cnn_revised_20260919T110440Z,cnn_s2_14,val,Log-Mel CNN,0.04809333011507988,0.07409321051090956
seg_004960,sample_01653,Nuo Maisemat - Paavoharju,1,0.8592470288276672,cnn_revised_20260919T110440Z,cnn_s2_14,val,Log-Mel CNN,0.04809333011507988,0.07409321051090956
seg_004961,sample_01653,Nuo Maisemat - Paavoharju,1,0.9991064667701721,cnn_revised_20260919T110440Z,cnn_s2_14,val,Log-Mel CNN,0.04809333011507988,0.07409321051090956
seg_005001,sample_01667,SD (Ill Mix) - H-LR,1,0.7536332607269287,cnn_revised_20260919T110440Z,cnn_s2_14,val,Log-Mel CNN,0.04809333011507988,0.07409321051090956
seg_005002,sample_01667,SD (Ill Mix) - H-LR,1,0.9660086035728455,cnn_revised_20260919T110440Z,cnn_s2_14,val,Log-Mel CNN,0.04809333011507988,0.07409321051090956
seg_005003,sample_01667,SD (Ill Mix) - H-LR,1,0.996382474899292,cnn_revised_20260919T110440Z,cnn_s2_14,val,Log-Mel CNN,0.04809333011507988,0.07409321051090956
seg_005055,sample_01685,Evil Cannot Create - Caleb Lemond,1,0.48684263229370117,cnn_revised_20260919T110440Z,cnn_s2_14,val,Log-Mel CNN,0.04809333011507988,0.07409321051090956
seg_005056,sample_01685,Evil Cannot Create - Caleb Lemond,1,0.9503748416900635,cnn_revised_20260919T110440Z,cnn_s2_14,val,Log-Mel CNN,0.04809333011507988,0.07409321051090956
seg_005057,sample_01685,Evil Cannot Create - Caleb Lemond,1,0.9492337107658386,cnn_revised_20260919T110440Z,cnn_s2_14,val,Log-Mel CNN,0.04809333011507988,0.07409321051090956
seg_005111,sample_01704,New Life (take 1) - Bird Names,1,0.869279146194458,cnn_revised_20260919T110440Z,cnn_s2_14,val,Log-Mel CNN,0.04809333011507988,0.07409321051090956
seg_005112,sample_01704,New Life (take 1) - Bird Names,1,0.42483997344970703,cnn_revised_20260919T110440Z,cnn_s2_14,val,Log-Mel CNN,0.04809333011507988,0.07409321051090956
seg_005113,sample_01704,New Life (take 1) - Bird Names,1,0.06960690021514893,cnn_revised_20260919T110440Z,cnn_s2_14,val,Log-Mel CNN,0.04809333011507988,0.07409321051090956
seg_005114,sample_01705,Norweigian Wood II - Bird Names,1,0.2629626989364624,cnn_revised_20260919T110440Z,cnn_s2_14,val,Log-Mel CNN,0.04809333011507988,0.07409321051090956
seg_005115,sample_01705,Norweigian Wood II - Bird Names,1,0.0640653446316719,cnn_revised_20260919T110440Z,cnn_s2_14,val,Log-Mel CNN,0.04809333011507988,0.07409321051090956
seg_005116,sample_01705,Norweigian Wood II - Bird Names,1,0.1228611171245575,cnn_revised_20260919T110440Z,cnn_s2_14,val,Log-Mel CNN,0.04809333011507988,0.07409321051090956
seg_005126,sample_01709,Roller Star - Monroeville Music Center,1,0.7628814578056335,cnn_revised_20260919T110440Z,cnn_s2_14,val,Log-Mel CNN,0.04809333011507988,0.07409321051090956
seg_005127,sample_01709,Roller Star - Monroeville Music Center,1,0.4108930230140686,cnn_revised_20260919T110440Z,cnn_s2_14,val,Log-Mel CNN,0.04809333011507988,0.07409321051090956
seg_005128,sample_01709,Roller Star - Monroeville Music Center,1,0.8055419921875,cnn_revised_20260919T110440Z,cnn_s2_14,val,Log-Mel CNN,0.04809333011507988,0.07409321051090956
seg_005129,sample_01710,"Roundtrip - Oh Yeah, the Future",1,0.10557861626148224,cnn_revised_20260919T110440Z,cnn_s2_14,val,Log-Mel CNN,0.04809333011507988,0.07409321051090956
seg_005130,sample_01710,"Roundtrip - Oh Yeah, the Future",1,0.12921495735645294,cnn_revised_20260919T110440Z,cnn_s2_14,val,Log-Mel CNN,0.04809333011507988,0.07409321051090956
seg_005131,sample_01710,"Roundtrip - Oh Yeah, the Future",1,0.6621314287185669,cnn_revised_20260919T110440Z,cnn_s2_14,val,Log-Mel CNN,0.04809333011507988,0.07409321051090956
seg_005138,sample_01713,Soleares&beats - Malaventura,1,0.4569509029388428,cnn_revised_20260919T110440Z,cnn_s2_14,val,Log-Mel CNN,0.04809333011507988,0.07409321051090956
seg_005139,sample_01713,Soleares&beats - Malaventura,1,0.012529848143458366,cnn_revised_20260919T110440Z,cnn_s2_14,val,Log-Mel CNN,0.04809333011507988,0.07409321051090956
seg_005140,sample_01713,Soleares&beats - Malaventura,1,0.08981743454933167,cnn_revised_20260919T110440Z,cnn_s2_14,val,Log-Mel CNN,0.04809333011507988,0.07409321051090956
seg_005147,sample_01716,Stockholm Syndrome / People Should Be More Aware - Bird Names,1,0.7056927680969238,cnn_revised_20260919T110440Z,cnn_s2_14,val,Log-Mel CNN,0.04809333011507988,0.07409321051090956
seg_005148,sample_01716,Stockholm Syndrome / People Should Be More Aware - Bird Names,1,0.8213781118392944,cnn_revised_20260919T110440Z,cnn_s2_14,val,Log-Mel CNN,0.04809333011507988,0.07409321051090956
seg_005149,sample_01716,Stockholm Syndrome / People Should Be More Aware - Bird Names,1,0.7439696192741394,cnn_revised_20260919T110440Z,cnn_s2_14,val,Log-Mel CNN,0.04809333011507988,0.07409321051090956
seg_005168,sample_01723,Time Is Love - Silence is full of birds,1,0.094243623316288,cnn_revised_20260919T110440Z,cnn_s2_14,val,Log-Mel CNN,0.04809333011507988,0.07409321051090956
seg_005169,sample_01723,Time Is Love - Silence is full of birds,1,0.11983903497457504,cnn_revised_20260919T110440Z,cnn_s2_14,val,Log-Mel CNN,0.04809333011507988,0.07409321051090956
seg_005170,sample_01723,Time Is Love - Silence is full of birds,1,0.647138237953186,cnn_revised_20260919T110440Z,cnn_s2_14,val,Log-Mel CNN,0.04809333011507988,0.07409321051090956
seg_005188,sample_01730,2 (Wasn't There) - Isle of Pine,1,0.9494983553886414,cnn_revised_20260919T110440Z,cnn_s2_14,val,Log-Mel CNN,0.04809333011507988,0.07409321051090956
seg_005189,sample_01730,2 (Wasn't There) - Isle of Pine,1,0.10229334235191345,cnn_revised_20260919T110440Z,cnn_s2_14,val,Log-Mel CNN,0.04809333011507988,0.07409321051090956
seg_005190,sample_01730,2 (Wasn't There) - Isle of Pine,1,0.9914244413375854,cnn_revised_20260919T110440Z,cnn_s2_14,val,Log-Mel CNN,0.04809333011507988,0.07409321051090956
seg_005203,sample_01735,Empty Pockets - Pete Prodoehl,1,0.9595587253570557,cnn_revised_20260919T110440Z,cnn_s2_14,val,Log-Mel CNN,0.04809333011507988,0.07409321051090956
seg_005204,sample_01735,Empty Pockets - Pete Prodoehl,1,0.9720312356948853,cnn_revised_20260919T110440Z,cnn_s2_14,val,Log-Mel CNN,0.04809333011507988,0.07409321051090956
seg_005205,sample_01735,Empty Pockets - Pete Prodoehl,1,0.9993258714675903,cnn_revised_20260919T110440Z,cnn_s2_14,val,Log-Mel CNN,0.04809333011507988,0.07409321051090956
seg_005212,sample_01738,Gila Monster Flop/Music History Lesson:The Sonics - The Crypts!,1,0.3262702524662018,cnn_revised_20260919T110440Z,cnn_s2_14,val,Log-Mel CNN,0.04809333011507988,0.07409321051090956
seg_005213,sample_01738,Gila Monster Flop/Music History Lesson:The Sonics - The Crypts!,1,0.5042168498039246,cnn_revised_20260919T110440Z,cnn_s2_14,val,Log-Mel CNN,0.04809333011507988,0.07409321051090956
seg_005214,sample_01738,Gila Monster Flop/Music History Lesson:The Sonics - The Crypts!,1,0.8292734026908875,cnn_revised_20260919T110440Z,cnn_s2_14,val,Log-Mel CNN,0.04809333011507988,0.07409321051090956
seg_005221,sample_01741,I Fell - Mod Fun,1,0.8503934144973755,cnn_revised_20260919T110440Z,cnn_s2_14,val,Log-Mel CNN,0.04809333011507988,0.07409321051090956
seg_005222,sample_01741,I Fell - Mod Fun,1,0.7515522241592407,cnn_revised_20260919T110440Z,cnn_s2_14,val,Log-Mel CNN,0.04809333011507988,0.07409321051090956
seg_005223,sample_01741,I Fell - Mod Fun,1,0.9985879063606262,cnn_revised_20260919T110440Z,cnn_s2_14,val,Log-Mel CNN,0.04809333011507988,0.07409321051090956
seg_005245,sample_01749,March of the GPA Mechanics - [t]ghost,1,0.7061901092529297,cnn_revised_20260919T110440Z,cnn_s2_14,val,Log-Mel CNN,0.04809333011507988,0.07409321051090956
seg_005246,sample_01749,March of the GPA Mechanics - [t]ghost,1,0.947073757648468,cnn_revised_20260919T110440Z,cnn_s2_14,val,Log-Mel CNN,0.04809333011507988,0.07409321051090956
seg_005247,sample_01749,March of the GPA Mechanics - [t]ghost,1,0.9041456580162048,cnn_revised_20260919T110440Z,cnn_s2_14,val,Log-Mel CNN,0.04809333011507988,0.07409321051090956
seg_005274,sample_01759,Scramby Eggs - Andy G. Cohen,1,0.9279752969741821,cnn_revised_20260919T110440Z,cnn_s2_14,val,Log-Mel CNN,0.04809333011507988,0.07409321051090956
seg_005275,sample_01759,Scramby Eggs - Andy G. Cohen,1,0.6935365796089172,cnn_revised_20260919T110440Z,cnn_s2_14,val,Log-Mel CNN,0.04809333011507988,0.07409321051090956
seg_005276,sample_01759,Scramby Eggs - Andy G. Cohen,1,0.9805330038070679,cnn_revised_20260919T110440Z,cnn_s2_14,val,Log-Mel CNN,0.04809333011507988,0.07409321051090956
seg_005301,sample_01768,The girl just faded - Los Llamarada,1,0.9991826415061951,cnn_revised_20260919T110440Z,cnn_s2_14,val,Log-Mel CNN,0.04809333011507988,0.07409321051090956
seg_005302,sample_01768,The girl just faded - Los Llamarada,1,0.9974669218063354,cnn_revised_20260919T110440Z,cnn_s2_14,val,Log-Mel CNN,0.04809333011507988,0.07409321051090956
seg_005303,sample_01768,The girl just faded - Los Llamarada,1,0.9994801878929138,cnn_revised_20260919T110440Z,cnn_s2_14,val,Log-Mel CNN,0.04809333011507988,0.07409321051090956
seg_005310,sample_01771,Voxel - Andy G. Cohen,1,0.8970635533332825,cnn_revised_20260919T110440Z,cnn_s2_14,val,Log-Mel CNN,0.04809333011507988,0.07409321051090956
seg_005311,sample_01771,Voxel - Andy G. Cohen,1,0.9075502157211304,cnn_revised_20260919T110440Z,cnn_s2_14,val,Log-Mel CNN,0.04809333011507988,0.07409321051090956
seg_005312,sample_01771,Voxel - Andy G. Cohen,1,0.9360642433166504,cnn_revised_20260919T110440Z,cnn_s2_14,val,Log-Mel CNN,0.04809333011507988,0.07409321051090956
seg_005322,sample_01775,Windows of the Skull - Sarin,1,0.9989690780639648,cnn_revised_20260919T110440Z,cnn_s2_14,val,Log-Mel CNN,0.04809333011507988,0.07409321051090956
seg_005323,sample_01775,Windows of the Skull - Sarin,1,0.9843642115592957,cnn_revised_20260919T110440Z,cnn_s2_14,val,Log-Mel CNN,0.04809333011507988,0.07409321051090956
seg_005324,sample_01775,Windows of the Skull - Sarin,1,0.9275766611099243,cnn_revised_20260919T110440Z,cnn_s2_14,val,Log-Mel CNN,0.04809333011507988,0.07409321051090956
seg_005331,sample_01778,Новый Нью-Йорк 2 - Чокнутый Пропеллер,1,0.530174970626831,cnn_revised_20260919T110440Z,cnn_s2_14,val,Log-Mel CNN,0.04809333011507988,0.07409321051090956
seg_005332,sample_01778,Новый Нью-Йорк 2 - Чокнутый Пропеллер,1,0.7425929307937622,cnn_revised_20260919T110440Z,cnn_s2_14,val,Log-Mel CNN,0.04809333011507988,0.07409321051090956
seg_005333,sample_01778,Новый Нью-Йорк 2 - Чокнутый Пропеллер,1,0.8611482381820679,cnn_revised_20260919T110440Z,cnn_s2_14,val,Log-Mel CNN,0.04809333011507988,0.07409321051090956
seg_005372,sample_01798,CopperNickle - UncleBibby,1,0.9637600779533386,cnn_revised_20260919T110440Z,cnn_s2_14,val,Log-Mel CNN,0.04809333011507988,0.07409321051090956
seg_005373,sample_01798,CopperNickle - UncleBibby,1,0.9534487724304199,cnn_revised_20260919T110440Z,cnn_s2_14,val,Log-Mel CNN,0.04809333011507988,0.07409321051090956
seg_005378,sample_01801,Daylight Savings - My brother Daniel,1,0.9930599927902222,cnn_revised_20260919T110440Z,cnn_s2_14,val,Log-Mel CNN,0.04809333011507988,0.07409321051090956
seg_005379,sample_01801,Daylight Savings - My brother Daniel,1,0.9913238286972046,cnn_revised_20260919T110440Z,cnn_s2_14,val,Log-Mel CNN,0.04809333011507988,0.07409321051090956
seg_005396,sample_01810,Fifth Ramble - From the album Keith [RSVP007] - My brother Daniel,1,0.9779245853424072,cnn_revised_20260919T110440Z,cnn_s2_14,val,Log-Mel CNN,0.04809333011507988,0.07409321051090956
seg_005397,sample_01810,Fifth Ramble - From the album Keith [RSVP007] - My brother Daniel,1,0.9986855387687683,cnn_revised_20260919T110440Z,cnn_s2_14,val,Log-Mel CNN,0.04809333011507988,0.07409321051090956
seg_005412,sample_01818,If You're Ther - Nicola Ratti,1,0.9837581515312195,cnn_revised_20260919T110440Z,cnn_s2_14,val,Log-Mel CNN,0.04809333011507988,0.07409321051090956
seg_005413,sample_01818,If You're Ther - Nicola Ratti,1,0.9985451698303223,cnn_revised_20260919T110440Z,cnn_s2_14,val,Log-Mel CNN,0.04809333011507988,0.07409321051090956
seg_005428,sample_01826,Kumorizoranohajimarutokoro - Hosomi,1,0.9914500117301941,cnn_revised_20260919T110440Z,cnn_s2_14,val,Log-Mel CNN,0.04809333011507988,0.07409321051090956
seg_005429,sample_01826,Kumorizoranohajimarutokoro - Hosomi,1,0.9775336384773254,cnn_revised_20260919T110440Z,cnn_s2_14,val,Log-Mel CNN,0.04809333011507988,0.07409321051090956
seg_005446,sample_01835,Loved Ones - Rowan Box,1,0.9881113767623901,cnn_revised_20260919T110440Z,cnn_s2_14,val,Log-Mel CNN,0.04809333011507988,0.07409321051090956
seg_005447,sample_01835,Loved Ones - Rowan Box,1,0.9871914386749268,cnn_revised_20260919T110440Z,cnn_s2_14,val,Log-Mel CNN,0.04809333011507988,0.07409321051090956
seg_005448,sample_01836,Morning Bell - Nihilore,1,0.9285728335380554,cnn_revised_20260919T110440Z,cnn_s2_14,val,Log-Mel CNN,0.04809333011507988,0.07409321051090956
seg_005449,sample_01836,Morning Bell - Nihilore,1,0.8800533413887024,cnn_revised_20260919T110440Z,cnn_s2_14,val,Log-Mel CNN,0.04809333011507988,0.07409321051090956
seg_005450,sample_01837,mystery team 2090 - Jesse Futerman,1,0.9548766016960144,cnn_revised_20260919T110440Z,cnn_s2_14,val,Log-Mel CNN,0.04809333011507988,0.07409321051090956
seg_005451,sample_01837,mystery team 2090 - Jesse Futerman,1,0.9565791487693787,cnn_revised_20260919T110440Z,cnn_s2_14,val,Log-Mel CNN,0.04809333011507988,0.07409321051090956
seg_005452,sample_01838,Night Drive - Decktonic,1,0.9291430115699768,cnn_revised_20260919T110440Z,cnn_s2_14,val,Log-Mel CNN,0.04809333011507988,0.07409321051090956
seg_005453,sample_01838,Night Drive - Decktonic,1,0.970669686794281,cnn_revised_20260919T110440Z,cnn_s2_14,val,Log-Mel CNN,0.04809333011507988,0.07409321051090956
seg_005460,sample_01842,Nuo Maisemat - Paavoharju,1,0.9832944869995117,cnn_revised_20260919T110440Z,cnn_s2_14,val,Log-Mel CNN,0.04809333011507988,0.07409321051090956
seg_005461,sample_01842,Nuo Maisemat - Paavoharju,1,0.9769282937049866,cnn_revised_20260919T110440Z,cnn_s2_14,val,Log-Mel CNN,0.04809333011507988,0.07409321051090956
seg_005494,sample_01859,SD (Ill Mix) - H-LR,1,0.9161074161529541,cnn_revised_20260919T110440Z,cnn_s2_14,val,Log-Mel CNN,0.04809333011507988,0.07409321051090956
seg_005495,sample_01859,SD (Ill Mix) - H-LR,1,0.7278863191604614,cnn_revised_20260919T110440Z,cnn_s2_14,val,Log-Mel CNN,0.04809333011507988,0.07409321051090956
seg_005503,sample_01864,some dextromethorphan - Jeva,1,0.9960229396820068,cnn_revised_20260919T110440Z,cnn_s2_14,val,Log-Mel CNN,0.04809333011507988,0.07409321051090956
seg_005504,sample_01864,some dextromethorphan - Jeva,1,0.9895561337471008,cnn_revised_20260919T110440Z,cnn_s2_14,val,Log-Mel CNN,0.04809333011507988,0.07409321051090956
seg_005509,sample_01867,Sturgeon's Law - Nihilore,1,0.9020408987998962,cnn_revised_20260919T110440Z,cnn_s2_14,val,Log-Mel CNN,0.04809333011507988,0.07409321051090956
seg_005510,sample_01867,Sturgeon's Law - Nihilore,1,0.940763533115387,cnn_revised_20260919T110440Z,cnn_s2_14,val,Log-Mel CNN,0.04809333011507988,0.07409321051090956
seg_005533,sample_01879,The Stairway - WarpToken,1,0.6735134720802307,cnn_revised_20260919T110440Z,cnn_s2_14,val,Log-Mel CNN,0.04809333011507988,0.07409321051090956
seg_005534,sample_01879,The Stairway - WarpToken,1,0.46748432517051697,cnn_revised_20260919T110440Z,cnn_s2_14,val,Log-Mel CNN,0.04809333011507988,0.07409321051090956
seg_005535,sample_01880,Three Bird - My brother Daniel,1,0.9493539333343506,cnn_revised_20260919T110440Z,cnn_s2_14,val,Log-Mel CNN,0.04809333011507988,0.07409321051090956
seg_005536,sample_01880,Three Bird - My brother Daniel,1,0.9904375672340393,cnn_revised_20260919T110440Z,cnn_s2_14,val,Log-Mel CNN,0.04809333011507988,0.07409321051090956
seg_005537,sample_01881,Timen Passing By - Jason Shaw,1,0.9092979431152344,cnn_revised_20260919T110440Z,cnn_s2_14,val,Log-Mel CNN,0.04809333011507988,0.07409321051090956
seg_005538,sample_01881,Timen Passing By - Jason Shaw,1,0.9620426893234253,cnn_revised_20260919T110440Z,cnn_s2_14,val,Log-Mel CNN,0.04809333011507988,0.07409321051090956
seg_005549,sample_01887,Understand That This Is A Dream - From the album Modulating Coil [RSVP008] - Forrest James,1,0.9801228642463684,cnn_revised_20260919T110440Z,cnn_s2_14,val,Log-Mel CNN,0.04809333011507988,0.07409321051090956
seg_005550,sample_01887,Understand That This Is A Dream - From the album Modulating Coil [RSVP008] - Forrest James,1,0.9887968301773071,cnn_revised_20260919T110440Z,cnn_s2_14,val,Log-Mel CNN,0.04809333011507988,0.07409321051090956
seg_005555,sample_01890,Westside Chillers - Little Glass Men,1,0.7327924370765686,cnn_revised_20260919T110440Z,cnn_s2_14,val,Log-Mel CNN,0.04809333011507988,0.07409321051090956
seg_005556,sample_01890,Westside Chillers - Little Glass Men,1,0.812338650226593,cnn_revised_20260919T110440Z,cnn_s2_14,val,Log-Mel CNN,0.04809333011507988,0.07409321051090956
seg_005565,sample_01895,Agora - Malaventura,1,0.9953215718269348,cnn_revised_20260919T110440Z,cnn_s2_14,val,Log-Mel CNN,0.04809333011507988,0.07409321051090956
seg_005566,sample_01895,Agora - Malaventura,1,0.9972461462020874,cnn_revised_20260919T110440Z,cnn_s2_14,val,Log-Mel CNN,0.04809333011507988,0.07409321051090956
seg_005583,sample_01904,Evil Cannot Create - Caleb Lemond,1,0.9661974310874939,cnn_revised_20260919T110440Z,cnn_s2_14,val,Log-Mel CNN,0.04809333011507988,0.07409321051090956
seg_005584,sample_01904,Evil Cannot Create - Caleb Lemond,1,0.9244561195373535,cnn_revised_20260919T110440Z,cnn_s2_14,val,Log-Mel CNN,0.04809333011507988,0.07409321051090956
seg_005621,sample_01923,My Body Is A Weapon (Compromise Edit) - Silence is full of birds,1,0.9942281246185303,cnn_revised_20260919T110440Z,cnn_s2_14,val,Log-Mel CNN,0.04809333011507988,0.07409321051090956
seg_005622,sample_01923,My Body Is A Weapon (Compromise Edit) - Silence is full of birds,1,0.981968104839325,cnn_revised_20260919T110440Z,cnn_s2_14,val,Log-Mel CNN,0.04809333011507988,0.07409321051090956
seg_005627,sample_01926,New Life (take 1) - Bird Names,1,0.9896671772003174,cnn_revised_20260919T110440Z,cnn_s2_14,val,Log-Mel CNN,0.04809333011507988,0.07409321051090956
seg_005628,sample_01926,New Life (take 1) - Bird Names,1,0.9926164746284485,cnn_revised_20260919T110440Z,cnn_s2_14,val,Log-Mel CNN,0.04809333011507988,0.07409321051090956
seg_005629,sample_01927,Norweigian Wood II - Bird Names,1,0.9917271137237549,cnn_revised_20260919T110440Z,cnn_s2_14,val,Log-Mel CNN,0.04809333011507988,0.07409321051090956
seg_005630,sample_01927,Norweigian Wood II - Bird Names,1,0.9974000453948975,cnn_revised_20260919T110440Z,cnn_s2_14,val,Log-Mel CNN,0.04809333011507988,0.07409321051090956
seg_005645,sample_01935,Roller Star - Monroeville Music Center,1,0.9429314732551575,cnn_revised_20260919T110440Z,cnn_s2_14,val,Log-Mel CNN,0.04809333011507988,0.07409321051090956
seg_005646,sample_01935,Roller Star - Monroeville Music Center,1,0.9502339363098145,cnn_revised_20260919T110440Z,cnn_s2_14,val,Log-Mel CNN,0.04809333011507988,0.07409321051090956
seg_005647,sample_01936,"Roundtrip - Oh Yeah, the Future",1,0.9692386984825134,cnn_revised_20260919T110440Z,cnn_s2_14,val,Log-Mel CNN,0.04809333011507988,0.07409321051090956
seg_005648,sample_01936,"Roundtrip - Oh Yeah, the Future",1,0.9883876442909241,cnn_revised_20260919T110440Z,cnn_s2_14,val,Log-Mel CNN,0.04809333011507988,0.07409321051090956
seg_005657,sample_01941,Soleares&beats - Malaventura,1,0.9994441866874695,cnn_revised_20260919T110440Z,cnn_s2_14,val,Log-Mel CNN,0.04809333011507988,0.07409321051090956
seg_005658,sample_01941,Soleares&beats - Malaventura,1,0.9995500445365906,cnn_revised_20260919T110440Z,cnn_s2_14,val,Log-Mel CNN,0.04809333011507988,0.07409321051090956
seg_005665,sample_01945,Stockholm Syndrome / People Should Be More Aware - Bird Names,1,0.9794961810112,cnn_revised_20260919T110440Z,cnn_s2_14,val,Log-Mel CNN,0.04809333011507988,0.07409321051090956
seg_005666,sample_01945,Stockholm Syndrome / People Should Be More Aware - Bird Names,1,0.9730639457702637,cnn_revised_20260919T110440Z,cnn_s2_14,val,Log-Mel CNN,0.04809333011507988,0.07409321051090956
seg_005685,sample_01955,Time Is Love - Silence is full of birds,1,0.9982606768608093,cnn_revised_20260919T110440Z,cnn_s2_14,val,Log-Mel CNN,0.04809333011507988,0.07409321051090956
seg_005686,sample_01955,Time Is Love - Silence is full of birds,1,0.9998364448547363,cnn_revised_20260919T110440Z,cnn_s2_14,val,Log-Mel CNN,0.04809333011507988,0.07409321051090956
seg_005703,sample_01964,2 (Wasn't There) - Isle of Pine,1,0.9920679330825806,cnn_revised_20260919T110440Z,cnn_s2_14,val,Log-Mel CNN,0.04809333011507988,0.07409321051090956
seg_005704,sample_01964,2 (Wasn't There) - Isle of Pine,1,0.996562659740448,cnn_revised_20260919T110440Z,cnn_s2_14,val,Log-Mel CNN,0.04809333011507988,0.07409321051090956
seg_005723,sample_01974,Beyond Luxury - Mors Ontologica,1,0.9976701140403748,cnn_revised_20260919T110440Z,cnn_s2_14,val,Log-Mel CNN,0.04809333011507988,0.07409321051090956
seg_005724,sample_01974,Beyond Luxury - Mors Ontologica,1,0.9984585046768188,cnn_revised_20260919T110440Z,cnn_s2_14,val,Log-Mel CNN,0.04809333011507988,0.07409321051090956
seg_005747,sample_01986,Empty Pockets - Pete Prodoehl,1,0.9920949339866638,cnn_revised_20260919T110440Z,cnn_s2_14,val,Log-Mel CNN,0.04809333011507988,0.07409321051090956
seg_005748,sample_01986,Empty Pockets - Pete Prodoehl,1,0.9957041144371033,cnn_revised_20260919T110440Z,cnn_s2_14,val,Log-Mel CNN,0.04809333011507988,0.07409321051090956
seg_005753,sample_01989,Fear - Los Fancy Free,1,0.9959852695465088,cnn_revised_20260919T110440Z,cnn_s2_14,val,Log-Mel CNN,0.04809333011507988,0.07409321051090956
seg_005754,sample_01989,Fear - Los Fancy Free,1,0.9977699518203735,cnn_revised_20260919T110440Z,cnn_s2_14,val,Log-Mel CNN,0.04809333011507988,0.07409321051090956
seg_005763,sample_01994,Gila Monster Flop/Music History Lesson:The Sonics - The Crypts!,1,0.9964859485626221,cnn_revised_20260919T110440Z,cnn_s2_14,val,Log-Mel CNN,0.04809333011507988,0.07409321051090956
seg_005788,sample_02007,I Fell - Mod Fun,1,0.9827386736869812,cnn_revised_20260919T110440Z,cnn_s2_14,val,Log-Mel CNN,0.04809333011507988,0.07409321051090956
seg_005789,sample_02007,I Fell - Mod Fun,1,0.9978622794151306,cnn_revised_20260919T110440Z,cnn_s2_14,val,Log-Mel CNN,0.04809333011507988,0.07409321051090956
seg_005808,sample_02017,Lights Up - Pipe Choir,1,0.9930616021156311,cnn_revised_20260919T110440Z,cnn_s2_14,val,Log-Mel CNN,0.04809333011507988,0.07409321051090956
seg_005809,sample_02017,Lights Up - Pipe Choir,1,0.9831129908561707,cnn_revised_20260919T110440Z,cnn_s2_14,val,Log-Mel CNN,0.04809333011507988,0.07409321051090956
seg_005816,sample_02021,March of the GPA Mechanics - [t]ghost,1,0.9793744087219238,cnn_revised_20260919T110440Z,cnn_s2_14,val,Log-Mel CNN,0.04809333011507988,0.07409321051090956
seg_005817,sample_02021,March of the GPA Mechanics - [t]ghost,1,0.990260660648346,cnn_revised_20260919T110440Z,cnn_s2_14,val,Log-Mel CNN,0.04809333011507988,0.07409321051090956
seg_005842,sample_02034,Redlight - Room For A Ghost,1,0.9942631125450134,cnn_revised_20260919T110440Z,cnn_s2_14,val,Log-Mel CNN,0.04809333011507988,0.07409321051090956
seg_005843,sample_02034,Redlight - Room For A Ghost,1,0.9859784245491028,cnn_revised_20260919T110440Z,cnn_s2_14,val,Log-Mel CNN,0.04809333011507988,0.07409321051090956
seg_005852,sample_02039,Scramby Eggs - Andy G. Cohen,1,0.9660754799842834,cnn_revised_20260919T110440Z,cnn_s2_14,val,Log-Mel CNN,0.04809333011507988,0.07409321051090956
seg_005853,sample_02039,Scramby Eggs - Andy G. Cohen,1,0.9071672558784485,cnn_revised_20260919T110440Z,cnn_s2_14,val,Log-Mel CNN,0.04809333011507988,0.07409321051090956
seg_005860,sample_02043,Shipwrecked Crew - Pete Prodoehl,1,0.963878870010376,cnn_revised_20260919T110440Z,cnn_s2_14,val,Log-Mel CNN,0.04809333011507988,0.07409321051090956
seg_005861,sample_02043,Shipwrecked Crew - Pete Prodoehl,1,0.9949380159378052,cnn_revised_20260919T110440Z,cnn_s2_14,val,Log-Mel CNN,0.04809333011507988,0.07409321051090956
seg_005880,sample_02053,The girl just faded - Los Llamarada,1,0.997774064540863,cnn_revised_20260919T110440Z,cnn_s2_14,val,Log-Mel CNN,0.04809333011507988,0.07409321051090956
seg_005881,sample_02053,The girl just faded - Los Llamarada,1,0.9992669224739075,cnn_revised_20260919T110440Z,cnn_s2_14,val,Log-Mel CNN,0.04809333011507988,0.07409321051090956
seg_005892,sample_02059,Voxel - Andy G. Cohen,1,0.9652166366577148,cnn_revised_20260919T110440Z,cnn_s2_14,val,Log-Mel CNN,0.04809333011507988,0.07409321051090956
seg_005893,sample_02059,Voxel - Andy G. Cohen,1,0.9913219809532166,cnn_revised_20260919T110440Z,cnn_s2_14,val,Log-Mel CNN,0.04809333011507988,0.07409321051090956
seg_005908,sample_02067,Windows of the Skull - Sarin,1,0.9864653944969177,cnn_revised_20260919T110440Z,cnn_s2_14,val,Log-Mel CNN,0.04809333011507988,0.07409321051090956
seg_005909,sample_02067,Windows of the Skull - Sarin,1,0.9904245734214783,cnn_revised_20260919T110440Z,cnn_s2_14,val,Log-Mel CNN,0.04809333011507988,0.07409321051090956
seg_005964,sample_02087,CopperNickle - UncleBibby,1,0.01116212923079729,cnn_revised_20260919T110440Z,cnn_s2_14,val,Log-Mel CNN,0.04809333011507988,0.07409321051090956
seg_005965,sample_02087,CopperNickle - UncleBibby,1,0.038822486996650696,cnn_revised_20260919T110440Z,cnn_s2_14,val,Log-Mel CNN,0.04809333011507988,0.07409321051090956
seg_005966,sample_02087,CopperNickle - UncleBibby,1,0.08340714871883392,cnn_revised_20260919T110440Z,cnn_s2_14,val,Log-Mel CNN,0.04809333011507988,0.07409321051090956
seg_005967,sample_02088,CopperNickle - UncleBibby,1,0.009305457584559917,cnn_revised_20260919T110440Z,cnn_s2_14,val,Log-Mel CNN,0.04809333011507988,0.07409321051090956
seg_005968,sample_02088,CopperNickle - UncleBibby,1,0.1308290660381317,cnn_revised_20260919T110440Z,cnn_s2_14,val,Log-Mel CNN,0.04809333011507988,0.07409321051090956
seg_005969,sample_02088,CopperNickle - UncleBibby,1,0.06285528093576431,cnn_revised_20260919T110440Z,cnn_s2_14,val,Log-Mel CNN,0.04809333011507988,0.07409321051090956
seg_005976,sample_02091,Daylight Savings - My brother Daniel,1,0.0017528504831716418,cnn_revised_20260919T110440Z,cnn_s2_14,val,Log-Mel CNN,0.04809333011507988,0.07409321051090956
seg_005977,sample_02091,Daylight Savings - My brother Daniel,1,0.021881496533751488,cnn_revised_20260919T110440Z,cnn_s2_14,val,Log-Mel CNN,0.04809333011507988,0.07409321051090956
seg_005978,sample_02091,Daylight Savings - My brother Daniel,1,0.6555455923080444,cnn_revised_20260919T110440Z,cnn_s2_14,val,Log-Mel CNN,0.04809333011507988,0.07409321051090956
seg_005979,sample_02092,Daylight Savings - My brother Daniel,1,0.7320989370346069,cnn_revised_20260919T110440Z,cnn_s2_14,val,Log-Mel CNN,0.04809333011507988,0.07409321051090956
seg_005980,sample_02092,Daylight Savings - My brother Daniel,1,0.0694521963596344,cnn_revised_20260919T110440Z,cnn_s2_14,val,Log-Mel CNN,0.04809333011507988,0.07409321051090956
seg_005981,sample_02092,Daylight Savings - My brother Daniel,1,0.8442498445510864,cnn_revised_20260919T110440Z,cnn_s2_14,val,Log-Mel CNN,0.04809333011507988,0.07409321051090956
seg_006042,sample_02113,mystery team 2090 - Jesse Futerman,1,0.04282667115330696,cnn_revised_20260919T110440Z,cnn_s2_14,val,Log-Mel CNN,0.04809333011507988,0.07409321051090956
seg_006043,sample_02113,mystery team 2090 - Jesse Futerman,1,0.13066516816616058,cnn_revised_20260919T110440Z,cnn_s2_14,val,Log-Mel CNN,0.04809333011507988,0.07409321051090956
seg_006044,sample_02113,mystery team 2090 - Jesse Futerman,1,0.9961127638816833,cnn_revised_20260919T110440Z,cnn_s2_14,val,Log-Mel CNN,0.04809333011507988,0.07409321051090956
seg_006045,sample_02114,mystery team 2090 - Jesse Futerman,1,0.3630121648311615,cnn_revised_20260919T110440Z,cnn_s2_14,val,Log-Mel CNN,0.04809333011507988,0.07409321051090956
seg_006046,sample_02114,mystery team 2090 - Jesse Futerman,1,0.42420756816864014,cnn_revised_20260919T110440Z,cnn_s2_14,val,Log-Mel CNN,0.04809333011507988,0.07409321051090956
seg_006047,sample_02114,mystery team 2090 - Jesse Futerman,1,0.8380593061447144,cnn_revised_20260919T110440Z,cnn_s2_14,val,Log-Mel CNN,0.04809333011507988,0.07409321051090956
seg_006048,sample_02115,Night Drive - Decktonic,1,0.9205328822135925,cnn_revised_20260919T110440Z,cnn_s2_14,val,Log-Mel CNN,0.04809333011507988,0.07409321051090956
seg_006049,sample_02115,Night Drive - Decktonic,1,0.7278688549995422,cnn_revised_20260919T110440Z,cnn_s2_14,val,Log-Mel CNN,0.04809333011507988,0.07409321051090956
seg_006050,sample_02115,Night Drive - Decktonic,1,0.8961899876594543,cnn_revised_20260919T110440Z,cnn_s2_14,val,Log-Mel CNN,0.04809333011507988,0.07409321051090956
seg_006051,sample_02116,Night Drive - Decktonic,1,0.6051996350288391,cnn_revised_20260919T110440Z,cnn_s2_14,val,Log-Mel CNN,0.04809333011507988,0.07409321051090956
seg_006052,sample_02116,Night Drive - Decktonic,1,0.020666485652327538,cnn_revised_20260919T110440Z,cnn_s2_14,val,Log-Mel CNN,0.04809333011507988,0.07409321051090956
seg_006053,sample_02116,Night Drive - Decktonic,1,0.16129405796527863,cnn_revised_20260919T110440Z,cnn_s2_14,val,Log-Mel CNN,0.04809333011507988,0.07409321051090956
seg_006066,sample_02121,Nuo Maisemat - Paavoharju,1,0.9691957235336304,cnn_revised_20260919T110440Z,cnn_s2_14,val,Log-Mel CNN,0.04809333011507988,0.07409321051090956
seg_006067,sample_02121,Nuo Maisemat - Paavoharju,1,0.050650570541620255,cnn_revised_20260919T110440Z,cnn_s2_14,val,Log-Mel CNN,0.04809333011507988,0.07409321051090956
seg_006068,sample_02121,Nuo Maisemat - Paavoharju,1,0.9689018726348877,cnn_revised_20260919T110440Z,cnn_s2_14,val,Log-Mel CNN,0.04809333011507988,0.07409321051090956
seg_006069,sample_02122,Nuo Maisemat - Paavoharju,1,0.9090824127197266,cnn_revised_20260919T110440Z,cnn_s2_14,val,Log-Mel CNN,0.04809333011507988,0.07409321051090956
seg_006070,sample_02122,Nuo Maisemat - Paavoharju,1,0.3044792115688324,cnn_revised_20260919T110440Z,cnn_s2_14,val,Log-Mel CNN,0.04809333011507988,0.07409321051090956
seg_006071,sample_02122,Nuo Maisemat - Paavoharju,1,0.9855263233184814,cnn_revised_20260919T110440Z,cnn_s2_14,val,Log-Mel CNN,0.04809333011507988,0.07409321051090956
seg_006150,sample_02149,SD (Ill Mix) - H-LR,1,0.3516906201839447,cnn_revised_20260919T110440Z,cnn_s2_14,val,Log-Mel CNN,0.04809333011507988,0.07409321051090956
seg_006151,sample_02149,SD (Ill Mix) - H-LR,1,0.47086992859840393,cnn_revised_20260919T110440Z,cnn_s2_14,val,Log-Mel CNN,0.04809333011507988,0.07409321051090956
seg_006152,sample_02149,SD (Ill Mix) - H-LR,1,0.518051266670227,cnn_revised_20260919T110440Z,cnn_s2_14,val,Log-Mel CNN,0.04809333011507988,0.07409321051090956
seg_006153,sample_02150,SD (Ill Mix) - H-LR,1,0.011797054670751095,cnn_revised_20260919T110440Z,cnn_s2_14,val,Log-Mel CNN,0.04809333011507988,0.07409321051090956
seg_006154,sample_02150,SD (Ill Mix) - H-LR,1,0.015789540484547615,cnn_revised_20260919T110440Z,cnn_s2_14,val,Log-Mel CNN,0.04809333011507988,0.07409321051090956
seg_006155,sample_02150,SD (Ill Mix) - H-LR,1,0.19148391485214233,cnn_revised_20260919T110440Z,cnn_s2_14,val,Log-Mel CNN,0.04809333011507988,0.07409321051090956
seg_006258,sample_02185,Evil Cannot Create - Caleb Lemond,1,0.28803494572639465,cnn_revised_20260919T110440Z,cnn_s2_14,val,Log-Mel CNN,0.04809333011507988,0.07409321051090956
seg_006259,sample_02185,Evil Cannot Create - Caleb Lemond,1,0.16993284225463867,cnn_revised_20260919T110440Z,cnn_s2_14,val,Log-Mel CNN,0.04809333011507988,0.07409321051090956
seg_006260,sample_02185,Evil Cannot Create - Caleb Lemond,1,0.9261312484741211,cnn_revised_20260919T110440Z,cnn_s2_14,val,Log-Mel CNN,0.04809333011507988,0.07409321051090956
seg_006261,sample_02186,Evil Cannot Create - Caleb Lemond,1,0.94181227684021,cnn_revised_20260919T110440Z,cnn_s2_14,val,Log-Mel CNN,0.04809333011507988,0.07409321051090956
seg_006262,sample_02186,Evil Cannot Create - Caleb Lemond,1,0.36201873421669006,cnn_revised_20260919T110440Z,cnn_s2_14,val,Log-Mel CNN,0.04809333011507988,0.07409321051090956
seg_006263,sample_02186,Evil Cannot Create - Caleb Lemond,1,0.9904212951660156,cnn_revised_20260919T110440Z,cnn_s2_14,val,Log-Mel CNN,0.04809333011507988,0.07409321051090956
seg_006366,sample_02221,New Life (take 1) - Bird Names,1,0.7893040776252747,cnn_revised_20260919T110440Z,cnn_s2_14,val,Log-Mel CNN,0.04809333011507988,0.07409321051090956
seg_006367,sample_02221,New Life (take 1) - Bird Names,1,0.012354082427918911,cnn_revised_20260919T110440Z,cnn_s2_14,val,Log-Mel CNN,0.04809333011507988,0.07409321051090956
seg_006368,sample_02221,New Life (take 1) - Bird Names,1,0.08076799660921097,cnn_revised_20260919T110440Z,cnn_s2_14,val,Log-Mel CNN,0.04809333011507988,0.07409321051090956
seg_006369,sample_02222,New Life (take 1) - Bird Names,1,0.2832847833633423,cnn_revised_20260919T110440Z,cnn_s2_14,val,Log-Mel CNN,0.04809333011507988,0.07409321051090956
seg_006370,sample_02222,New Life (take 1) - Bird Names,1,0.2540181875228882,cnn_revised_20260919T110440Z,cnn_s2_14,val,Log-Mel CNN,0.04809333011507988,0.07409321051090956
seg_006371,sample_02222,New Life (take 1) - Bird Names,1,0.97392737865448,cnn_revised_20260919T110440Z,cnn_s2_14,val,Log-Mel CNN,0.04809333011507988,0.07409321051090956
seg_006372,sample_02223,Norweigian Wood II - Bird Names,1,0.017825163900852203,cnn_revised_20260919T110440Z,cnn_s2_14,val,Log-Mel CNN,0.04809333011507988,0.07409321051090956
seg_006373,sample_02223,Norweigian Wood II - Bird Names,1,0.03938077762722969,cnn_revised_20260919T110440Z,cnn_s2_14,val,Log-Mel CNN,0.04809333011507988,0.07409321051090956
seg_006374,sample_02223,Norweigian Wood II - Bird Names,1,0.25959131121635437,cnn_revised_20260919T110440Z,cnn_s2_14,val,Log-Mel CNN,0.04809333011507988,0.07409321051090956
seg_006375,sample_02224,Norweigian Wood II - Bird Names,1,0.12578162550926208,cnn_revised_20260919T110440Z,cnn_s2_14,val,Log-Mel CNN,0.04809333011507988,0.07409321051090956
seg_006376,sample_02224,Norweigian Wood II - Bird Names,1,0.1814122200012207,cnn_revised_20260919T110440Z,cnn_s2_14,val,Log-Mel CNN,0.04809333011507988,0.07409321051090956
seg_006377,sample_02224,Norweigian Wood II - Bird Names,1,0.8144749402999878,cnn_revised_20260919T110440Z,cnn_s2_14,val,Log-Mel CNN,0.04809333011507988,0.07409321051090956
seg_006396,sample_02231,Roller Star - Monroeville Music Center,1,0.01783762313425541,cnn_revised_20260919T110440Z,cnn_s2_14,val,Log-Mel CNN,0.04809333011507988,0.07409321051090956
seg_006397,sample_02231,Roller Star - Monroeville Music Center,1,0.017072893679142,cnn_revised_20260919T110440Z,cnn_s2_14,val,Log-Mel CNN,0.04809333011507988,0.07409321051090956
seg_006398,sample_02231,Roller Star - Monroeville Music Center,1,0.21655790507793427,cnn_revised_20260919T110440Z,cnn_s2_14,val,Log-Mel CNN,0.04809333011507988,0.07409321051090956
seg_006399,sample_02232,Roller Star - Monroeville Music Center,1,0.04701317474246025,cnn_revised_20260919T110440Z,cnn_s2_14,val,Log-Mel CNN,0.04809333011507988,0.07409321051090956
seg_006400,sample_02232,Roller Star - Monroeville Music Center,1,0.1856018453836441,cnn_revised_20260919T110440Z,cnn_s2_14,val,Log-Mel CNN,0.04809333011507988,0.07409321051090956
seg_006401,sample_02232,Roller Star - Monroeville Music Center,1,0.5438295602798462,cnn_revised_20260919T110440Z,cnn_s2_14,val,Log-Mel CNN,0.04809333011507988,0.07409321051090956
seg_006402,sample_02233,"Roundtrip - Oh Yeah, the Future",1,0.107125423848629,cnn_revised_20260919T110440Z,cnn_s2_14,val,Log-Mel CNN,0.04809333011507988,0.07409321051090956
seg_006403,sample_02233,"Roundtrip - Oh Yeah, the Future",1,0.03078599087893963,cnn_revised_20260919T110440Z,cnn_s2_14,val,Log-Mel CNN,0.04809333011507988,0.07409321051090956
seg_006404,sample_02233,"Roundtrip - Oh Yeah, the Future",1,0.2577880024909973,cnn_revised_20260919T110440Z,cnn_s2_14,val,Log-Mel CNN,0.04809333011507988,0.07409321051090956
seg_006405,sample_02234,"Roundtrip - Oh Yeah, the Future",1,0.12731623649597168,cnn_revised_20260919T110440Z,cnn_s2_14,val,Log-Mel CNN,0.04809333011507988,0.07409321051090956
seg_006406,sample_02234,"Roundtrip - Oh Yeah, the Future",1,0.014231332577764988,cnn_revised_20260919T110440Z,cnn_s2_14,val,Log-Mel CNN,0.04809333011507988,0.07409321051090956
seg_006407,sample_02234,"Roundtrip - Oh Yeah, the Future",1,0.33148062229156494,cnn_revised_20260919T110440Z,cnn_s2_14,val,Log-Mel CNN,0.04809333011507988,0.07409321051090956
seg_006420,sample_02239,Soleares&beats - Malaventura,1,0.6391470432281494,cnn_revised_20260919T110440Z,cnn_s2_14,val,Log-Mel CNN,0.04809333011507988,0.07409321051090956
seg_006421,sample_02239,Soleares&beats - Malaventura,1,0.031445082277059555,cnn_revised_20260919T110440Z,cnn_s2_14,val,Log-Mel CNN,0.04809333011507988,0.07409321051090956
seg_006422,sample_02239,Soleares&beats - Malaventura,1,0.13758152723312378,cnn_revised_20260919T110440Z,cnn_s2_14,val,Log-Mel CNN,0.04809333011507988,0.07409321051090956
seg_006423,sample_02240,Soleares&beats - Malaventura,1,0.015342417173087597,cnn_revised_20260919T110440Z,cnn_s2_14,val,Log-Mel CNN,0.04809333011507988,0.07409321051090956
seg_006424,sample_02240,Soleares&beats - Malaventura,1,0.019947662949562073,cnn_revised_20260919T110440Z,cnn_s2_14,val,Log-Mel CNN,0.04809333011507988,0.07409321051090956
seg_006425,sample_02240,Soleares&beats - Malaventura,1,0.06152895838022232,cnn_revised_20260919T110440Z,cnn_s2_14,val,Log-Mel CNN,0.04809333011507988,0.07409321051090956
seg_006438,sample_02245,Stockholm Syndrome / People Should Be More Aware - Bird Names,1,0.5661619901657104,cnn_revised_20260919T110440Z,cnn_s2_14,val,Log-Mel CNN,0.04809333011507988,0.07409321051090956
seg_006439,sample_02245,Stockholm Syndrome / People Should Be More Aware - Bird Names,1,0.16710013151168823,cnn_revised_20260919T110440Z,cnn_s2_14,val,Log-Mel CNN,0.04809333011507988,0.07409321051090956
seg_006440,sample_02245,Stockholm Syndrome / People Should Be More Aware - Bird Names,1,0.13242189586162567,cnn_revised_20260919T110440Z,cnn_s2_14,val,Log-Mel CNN,0.04809333011507988,0.07409321051090956
seg_006441,sample_02246,Stockholm Syndrome / People Should Be More Aware - Bird Names,1,0.20780344307422638,cnn_revised_20260919T110440Z,cnn_s2_14,val,Log-Mel CNN,0.04809333011507988,0.07409321051090956
seg_006442,sample_02246,Stockholm Syndrome / People Should Be More Aware - Bird Names,1,0.35153430700302124,cnn_revised_20260919T110440Z,cnn_s2_14,val,Log-Mel CNN,0.04809333011507988,0.07409321051090956
seg_006443,sample_02246,Stockholm Syndrome / People Should Be More Aware - Bird Names,1,0.3162980377674103,cnn_revised_20260919T110440Z,cnn_s2_14,val,Log-Mel CNN,0.04809333011507988,0.07409321051090956
seg_006480,sample_02259,Time Is Love - Silence is full of birds,1,0.741314172744751,cnn_revised_20260919T110440Z,cnn_s2_14,val,Log-Mel CNN,0.04809333011507988,0.07409321051090956
seg_006481,sample_02259,Time Is Love - Silence is full of birds,1,0.3823597729206085,cnn_revised_20260919T110440Z,cnn_s2_14,val,Log-Mel CNN,0.04809333011507988,0.07409321051090956
seg_006482,sample_02259,Time Is Love - Silence is full of birds,1,0.8257561326026917,cnn_revised_20260919T110440Z,cnn_s2_14,val,Log-Mel CNN,0.04809333011507988,0.07409321051090956
seg_006483,sample_02260,Time Is Love - Silence is full of birds,1,0.1167902946472168,cnn_revised_20260919T110440Z,cnn_s2_14,val,Log-Mel CNN,0.04809333011507988,0.07409321051090956
seg_006484,sample_02260,Time Is Love - Silence is full of birds,1,0.03554878756403923,cnn_revised_20260919T110440Z,cnn_s2_14,val,Log-Mel CNN,0.04809333011507988,0.07409321051090956
seg_006485,sample_02260,Time Is Love - Silence is full of birds,1,0.6397702097892761,cnn_revised_20260919T110440Z,cnn_s2_14,val,Log-Mel CNN,0.04809333011507988,0.07409321051090956
seg_006522,sample_02273,2 (Wasn't There) - Isle of Pine,1,0.39058899879455566,cnn_revised_20260919T110440Z,cnn_s2_14,val,Log-Mel CNN,0.04809333011507988,0.07409321051090956
seg_006523,sample_02273,2 (Wasn't There) - Isle of Pine,1,0.5826875567436218,cnn_revised_20260919T110440Z,cnn_s2_14,val,Log-Mel CNN,0.04809333011507988,0.07409321051090956
seg_006524,sample_02273,2 (Wasn't There) - Isle of Pine,1,0.9950307607650757,cnn_revised_20260919T110440Z,cnn_s2_14,val,Log-Mel CNN,0.04809333011507988,0.07409321051090956
seg_006525,sample_02274,2 (Wasn't There) - Isle of Pine,1,0.799422562122345,cnn_revised_20260919T110440Z,cnn_s2_14,val,Log-Mel CNN,0.04809333011507988,0.07409321051090956
seg_006526,sample_02274,2 (Wasn't There) - Isle of Pine,1,0.6446484923362732,cnn_revised_20260919T110440Z,cnn_s2_14,val,Log-Mel CNN,0.04809333011507988,0.07409321051090956
seg_006527,sample_02274,2 (Wasn't There) - Isle of Pine,1,0.9921411275863647,cnn_revised_20260919T110440Z,cnn_s2_14,val,Log-Mel CNN,0.04809333011507988,0.07409321051090956
seg_006552,sample_02283,Empty Pockets - Pete Prodoehl,1,0.7738639116287231,cnn_revised_20260919T110440Z,cnn_s2_14,val,Log-Mel CNN,0.04809333011507988,0.07409321051090956
seg_006553,sample_02283,Empty Pockets - Pete Prodoehl,1,0.13603876531124115,cnn_revised_20260919T110440Z,cnn_s2_14,val,Log-Mel CNN,0.04809333011507988,0.07409321051090956
seg_006554,sample_02283,Empty Pockets - Pete Prodoehl,1,0.9512222409248352,cnn_revised_20260919T110440Z,cnn_s2_14,val,Log-Mel CNN,0.04809333011507988,0.07409321051090956
seg_006555,sample_02284,Empty Pockets - Pete Prodoehl,1,0.6768795847892761,cnn_revised_20260919T110440Z,cnn_s2_14,val,Log-Mel CNN,0.04809333011507988,0.07409321051090956
seg_006556,sample_02284,Empty Pockets - Pete Prodoehl,1,0.09127138555049896,cnn_revised_20260919T110440Z,cnn_s2_14,val,Log-Mel CNN,0.04809333011507988,0.07409321051090956
seg_006557,sample_02284,Empty Pockets - Pete Prodoehl,1,0.7954188585281372,cnn_revised_20260919T110440Z,cnn_s2_14,val,Log-Mel CNN,0.04809333011507988,0.07409321051090956
seg_006570,sample_02289,Gila Monster Flop/Music History Lesson:The Sonics - The Crypts!,1,0.1107853502035141,cnn_revised_20260919T110440Z,cnn_s2_14,val,Log-Mel CNN,0.04809333011507988,0.07409321051090956
seg_006571,sample_02289,Gila Monster Flop/Music History Lesson:The Sonics - The Crypts!,1,0.15286560356616974,cnn_revised_20260919T110440Z,cnn_s2_14,val,Log-Mel CNN,0.04809333011507988,0.07409321051090956
seg_006572,sample_02289,Gila Monster Flop/Music History Lesson:The Sonics - The Crypts!,1,0.30748051404953003,cnn_revised_20260919T110440Z,cnn_s2_14,val,Log-Mel CNN,0.04809333011507988,0.07409321051090956
seg_006573,sample_02290,Gila Monster Flop/Music History Lesson:The Sonics - The Crypts!,1,0.04028217867016792,cnn_revised_20260919T110440Z,cnn_s2_14,val,Log-Mel CNN,0.04809333011507988,0.07409321051090956
seg_006574,sample_02290,Gila Monster Flop/Music History Lesson:The Sonics - The Crypts!,1,0.0031210053712129593,cnn_revised_20260919T110440Z,cnn_s2_14,val,Log-Mel CNN,0.04809333011507988,0.07409321051090956
seg_006575,sample_02290,Gila Monster Flop/Music History Lesson:The Sonics - The Crypts!,1,0.38634055852890015,cnn_revised_20260919T110440Z,cnn_s2_14,val,Log-Mel CNN,0.04809333011507988,0.07409321051090956
seg_006588,sample_02295,I Fell - Mod Fun,1,0.022335829213261604,cnn_revised_20260919T110440Z,cnn_s2_14,val,Log-Mel CNN,0.04809333011507988,0.07409321051090956
seg_006589,sample_02295,I Fell - Mod Fun,1,0.03190973028540611,cnn_revised_20260919T110440Z,cnn_s2_14,val,Log-Mel CNN,0.04809333011507988,0.07409321051090956
seg_006590,sample_02295,I Fell - Mod Fun,1,0.3717939257621765,cnn_revised_20260919T110440Z,cnn_s2_14,val,Log-Mel CNN,0.04809333011507988,0.07409321051090956
seg_006591,sample_02296,I Fell - Mod Fun,1,0.03310827910900116,cnn_revised_20260919T110440Z,cnn_s2_14,val,Log-Mel CNN,0.04809333011507988,0.07409321051090956
seg_006592,sample_02296,I Fell - Mod Fun,1,0.04337776452302933,cnn_revised_20260919T110440Z,cnn_s2_14,val,Log-Mel CNN,0.04809333011507988,0.07409321051090956
seg_006593,sample_02296,I Fell - Mod Fun,1,0.22768434882164001,cnn_revised_20260919T110440Z,cnn_s2_14,val,Log-Mel CNN,0.04809333011507988,0.07409321051090956
seg_006636,sample_02311,March of the GPA Mechanics - [t]ghost,1,0.3094618022441864,cnn_revised_20260919T110440Z,cnn_s2_14,val,Log-Mel CNN,0.04809333011507988,0.07409321051090956
seg_006637,sample_02311,March of the GPA Mechanics - [t]ghost,1,0.13716401159763336,cnn_revised_20260919T110440Z,cnn_s2_14,val,Log-Mel CNN,0.04809333011507988,0.07409321051090956
seg_006638,sample_02311,March of the GPA Mechanics - [t]ghost,1,0.24588365852832794,cnn_revised_20260919T110440Z,cnn_s2_14,val,Log-Mel CNN,0.04809333011507988,0.07409321051090956
seg_006639,sample_02312,March of the GPA Mechanics - [t]ghost,1,0.6177960634231567,cnn_revised_20260919T110440Z,cnn_s2_14,val,Log-Mel CNN,0.04809333011507988,0.07409321051090956
seg_006640,sample_02312,March of the GPA Mechanics - [t]ghost,1,0.08370750397443771,cnn_revised_20260919T110440Z,cnn_s2_14,val,Log-Mel CNN,0.04809333011507988,0.07409321051090956
seg_006641,sample_02312,March of the GPA Mechanics - [t]ghost,1,0.7904731035232544,cnn_revised_20260919T110440Z,cnn_s2_14,val,Log-Mel CNN,0.04809333011507988,0.07409321051090956
seg_006696,sample_02331,Scramby Eggs - Andy G. Cohen,1,0.13670097291469574,cnn_revised_20260919T110440Z,cnn_s2_14,val,Log-Mel CNN,0.04809333011507988,0.07409321051090956
seg_006697,sample_02331,Scramby Eggs - Andy G. Cohen,1,0.19128169119358063,cnn_revised_20260919T110440Z,cnn_s2_14,val,Log-Mel CNN,0.04809333011507988,0.07409321051090956
seg_006698,sample_02331,Scramby Eggs - Andy G. Cohen,1,0.6749658584594727,cnn_revised_20260919T110440Z,cnn_s2_14,val,Log-Mel CNN,0.04809333011507988,0.07409321051090956
seg_006699,sample_02332,Scramby Eggs - Andy G. Cohen,1,0.16892127692699432,cnn_revised_20260919T110440Z,cnn_s2_14,val,Log-Mel CNN,0.04809333011507988,0.07409321051090956
seg_006700,sample_02332,Scramby Eggs - Andy G. Cohen,1,0.025958312675356865,cnn_revised_20260919T110440Z,cnn_s2_14,val,Log-Mel CNN,0.04809333011507988,0.07409321051090956
seg_006701,sample_02332,Scramby Eggs - Andy G. Cohen,1,0.5717660188674927,cnn_revised_20260919T110440Z,cnn_s2_14,val,Log-Mel CNN,0.04809333011507988,0.07409321051090956
seg_006750,sample_02349,The girl just faded - Los Llamarada,1,0.49118128418922424,cnn_revised_20260919T110440Z,cnn_s2_14,val,Log-Mel CNN,0.04809333011507988,0.07409321051090956
seg_006751,sample_02349,The girl just faded - Los Llamarada,1,0.09457365423440933,cnn_revised_20260919T110440Z,cnn_s2_14,val,Log-Mel CNN,0.04809333011507988,0.07409321051090956
seg_006752,sample_02349,The girl just faded - Los Llamarada,1,0.13903389871120453,cnn_revised_20260919T110440Z,cnn_s2_14,val,Log-Mel CNN,0.04809333011507988,0.07409321051090956
seg_006753,sample_02350,The girl just faded - Los Llamarada,1,0.4982885420322418,cnn_revised_20260919T110440Z,cnn_s2_14,val,Log-Mel CNN,0.04809333011507988,0.07409321051090956
seg_006754,sample_02350,The girl just faded - Los Llamarada,1,0.2529103457927704,cnn_revised_20260919T110440Z,cnn_s2_14,val,Log-Mel CNN,0.04809333011507988,0.07409321051090956
seg_006755,sample_02350,The girl just faded - Los Llamarada,1,0.19706572592258453,cnn_revised_20260919T110440Z,cnn_s2_14,val,Log-Mel CNN,0.04809333011507988,0.07409321051090956
seg_006768,sample_02355,Voxel - Andy G. Cohen,1,0.04514659568667412,cnn_revised_20260919T110440Z,cnn_s2_14,val,Log-Mel CNN,0.04809333011507988,0.07409321051090956
seg_006769,sample_02355,Voxel - Andy G. Cohen,1,0.10854609310626984,cnn_revised_20260919T110440Z,cnn_s2_14,val,Log-Mel CNN,0.04809333011507988,0.07409321051090956
seg_006770,sample_02355,Voxel - Andy G. Cohen,1,0.9644528031349182,cnn_revised_20260919T110440Z,cnn_s2_14,val,Log-Mel CNN,0.04809333011507988,0.07409321051090956
seg_006771,sample_02356,Voxel - Andy G. Cohen,1,0.36279940605163574,cnn_revised_20260919T110440Z,cnn_s2_14,val,Log-Mel CNN,0.04809333011507988,0.07409321051090956
seg_006772,sample_02356,Voxel - Andy G. Cohen,1,0.3732505142688751,cnn_revised_20260919T110440Z,cnn_s2_14,val,Log-Mel CNN,0.04809333011507988,0.07409321051090956
seg_006773,sample_02356,Voxel - Andy G. Cohen,1,0.4539242386817932,cnn_revised_20260919T110440Z,cnn_s2_14,val,Log-Mel CNN,0.04809333011507988,0.07409321051090956
seg_006792,sample_02363,Windows of the Skull - Sarin,1,0.9930766820907593,cnn_revised_20260919T110440Z,cnn_s2_14,val,Log-Mel CNN,0.04809333011507988,0.07409321051090956
seg_006793,sample_02363,Windows of the Skull - Sarin,1,0.04957432672381401,cnn_revised_20260919T110440Z,cnn_s2_14,val,Log-Mel CNN,0.04809333011507988,0.07409321051090956
seg_006794,sample_02363,Windows of the Skull - Sarin,1,0.0984523668885231,cnn_revised_20260919T110440Z,cnn_s2_14,val,Log-Mel CNN,0.04809333011507988,0.07409321051090956
seg_006795,sample_02364,Windows of the Skull - Sarin,1,0.9550349712371826,cnn_revised_20260919T110440Z,cnn_s2_14,val,Log-Mel CNN,0.04809333011507988,0.07409321051090956
seg_006796,sample_02364,Windows of the Skull - Sarin,1,0.17456872761249542,cnn_revised_20260919T110440Z,cnn_s2_14,val,Log-Mel CNN,0.04809333011507988,0.07409321051090956
seg_006797,sample_02364,Windows of the Skull - Sarin,1,0.9847487807273865,cnn_revised_20260919T110440Z,cnn_s2_14,val,Log-Mel CNN,0.04809333011507988,0.07409321051090956
seg_006810,sample_02369,Новый Нью-Йорк 2 - Чокнутый Пропеллер,1,0.008523681201040745,cnn_revised_20260919T110440Z,cnn_s2_14,val,Log-Mel CNN,0.04809333011507988,0.07409321051090956
seg_006811,sample_02369,Новый Нью-Йорк 2 - Чокнутый Пропеллер,1,0.0869750827550888,cnn_revised_20260919T110440Z,cnn_s2_14,val,Log-Mel CNN,0.04809333011507988,0.07409321051090956
seg_006812,sample_02369,Новый Нью-Йорк 2 - Чокнутый Пропеллер,1,0.12678086757659912,cnn_revised_20260919T110440Z,cnn_s2_14,val,Log-Mel CNN,0.04809333011507988,0.07409321051090956
seg_006813,sample_02370,Новый Нью-Йорк 2 - Чокнутый Пропеллер,1,0.035631436854600906,cnn_revised_20260919T110440Z,cnn_s2_14,val,Log-Mel CNN,0.04809333011507988,0.07409321051090956
seg_006814,sample_02370,Новый Нью-Йорк 2 - Чокнутый Пропеллер,1,0.14555804431438446,cnn_revised_20260919T110440Z,cnn_s2_14,val,Log-Mel CNN,0.04809333011507988,0.07409321051090956
seg_006815,sample_02370,Новый Нью-Йорк 2 - Чокнутый Пропеллер,1,0.452978253364563,cnn_revised_20260919T110440Z,cnn_s2_14,val,Log-Mel CNN,0.04809333011507988,0.07409321051090956
seg_006864,sample_02387,CopperNickle - UncleBibby,1,0.1623280644416809,cnn_revised_20260919T110440Z,cnn_s2_14,val,Log-Mel CNN,0.04809333011507988,0.07409321051090956
seg_006865,sample_02387,CopperNickle - UncleBibby,1,0.48233887553215027,cnn_revised_20260919T110440Z,cnn_s2_14,val,Log-Mel CNN,0.04809333011507988,0.07409321051090956
seg_006866,sample_02387,CopperNickle - UncleBibby,1,0.6499832272529602,cnn_revised_20260919T110440Z,cnn_s2_14,val,Log-Mel CNN,0.04809333011507988,0.07409321051090956
seg_006867,sample_02388,CopperNickle - UncleBibby,1,0.0742068812251091,cnn_revised_20260919T110440Z,cnn_s2_14,val,Log-Mel CNN,0.04809333011507988,0.07409321051090956
seg_006868,sample_02388,CopperNickle - UncleBibby,1,0.14125478267669678,cnn_revised_20260919T110440Z,cnn_s2_14,val,Log-Mel CNN,0.04809333011507988,0.07409321051090956
seg_006869,sample_02388,CopperNickle - UncleBibby,1,0.887048065662384,cnn_revised_20260919T110440Z,cnn_s2_14,val,Log-Mel CNN,0.04809333011507988,0.07409321051090956
seg_006876,sample_02391,Daylight Savings - My brother Daniel,1,0.3850269317626953,cnn_revised_20260919T110440Z,cnn_s2_14,val,Log-Mel CNN,0.04809333011507988,0.07409321051090956
seg_006877,sample_02391,Daylight Savings - My brother Daniel,1,0.29763898253440857,cnn_revised_20260919T110440Z,cnn_s2_14,val,Log-Mel CNN,0.04809333011507988,0.07409321051090956
seg_006878,sample_02391,Daylight Savings - My brother Daniel,1,0.9777193069458008,cnn_revised_20260919T110440Z,cnn_s2_14,val,Log-Mel CNN,0.04809333011507988,0.07409321051090956
seg_006879,sample_02392,Daylight Savings - My brother Daniel,1,0.08366826921701431,cnn_revised_20260919T110440Z,cnn_s2_14,val,Log-Mel CNN,0.04809333011507988,0.07409321051090956
seg_006880,sample_02392,Daylight Savings - My brother Daniel,1,0.3834911584854126,cnn_revised_20260919T110440Z,cnn_s2_14,val,Log-Mel CNN,0.04809333011507988,0.07409321051090956
seg_006881,sample_02392,Daylight Savings - My brother Daniel,1,0.44909337162971497,cnn_revised_20260919T110440Z,cnn_s2_14,val,Log-Mel CNN,0.04809333011507988,0.07409321051090956
seg_006942,sample_02413,mystery team 2090 - Jesse Futerman,1,0.30341899394989014,cnn_revised_20260919T110440Z,cnn_s2_14,val,Log-Mel CNN,0.04809333011507988,0.07409321051090956
seg_006943,sample_02413,mystery team 2090 - Jesse Futerman,1,0.19546902179718018,cnn_revised_20260919T110440Z,cnn_s2_14,val,Log-Mel CNN,0.04809333011507988,0.07409321051090956
seg_006944,sample_02413,mystery team 2090 - Jesse Futerman,1,0.7833352088928223,cnn_revised_20260919T110440Z,cnn_s2_14,val,Log-Mel CNN,0.04809333011507988,0.07409321051090956
seg_006945,sample_02414,mystery team 2090 - Jesse Futerman,1,0.4232166111469269,cnn_revised_20260919T110440Z,cnn_s2_14,val,Log-Mel CNN,0.04809333011507988,0.07409321051090956
seg_006946,sample_02414,mystery team 2090 - Jesse Futerman,1,0.5545054078102112,cnn_revised_20260919T110440Z,cnn_s2_14,val,Log-Mel CNN,0.04809333011507988,0.07409321051090956
seg_006947,sample_02414,mystery team 2090 - Jesse Futerman,1,0.9939070343971252,cnn_revised_20260919T110440Z,cnn_s2_14,val,Log-Mel CNN,0.04809333011507988,0.07409321051090956
seg_006948,sample_02415,Night Drive - Decktonic,1,0.03478506952524185,cnn_revised_20260919T110440Z,cnn_s2_14,val,Log-Mel CNN,0.04809333011507988,0.07409321051090956
seg_006949,sample_02415,Night Drive - Decktonic,1,0.14114180207252502,cnn_revised_20260919T110440Z,cnn_s2_14,val,Log-Mel CNN,0.04809333011507988,0.07409321051090956
seg_006950,sample_02415,Night Drive - Decktonic,1,0.915072500705719,cnn_revised_20260919T110440Z,cnn_s2_14,val,Log-Mel CNN,0.04809333011507988,0.07409321051090956
seg_006951,sample_02416,Night Drive - Decktonic,1,0.3039441406726837,cnn_revised_20260919T110440Z,cnn_s2_14,val,Log-Mel CNN,0.04809333011507988,0.07409321051090956
seg_006952,sample_02416,Night Drive - Decktonic,1,0.10351020842790604,cnn_revised_20260919T110440Z,cnn_s2_14,val,Log-Mel CNN,0.04809333011507988,0.07409321051090956
seg_006953,sample_02416,Night Drive - Decktonic,1,0.9843810796737671,cnn_revised_20260919T110440Z,cnn_s2_14,val,Log-Mel CNN,0.04809333011507988,0.07409321051090956
seg_006966,sample_02421,Nuo Maisemat - Paavoharju,1,0.5715001225471497,cnn_revised_20260919T110440Z,cnn_s2_14,val,Log-Mel CNN,0.04809333011507988,0.07409321051090956
seg_006967,sample_02421,Nuo Maisemat - Paavoharju,1,0.05360068380832672,cnn_revised_20260919T110440Z,cnn_s2_14,val,Log-Mel CNN,0.04809333011507988,0.07409321051090956
seg_006968,sample_02421,Nuo Maisemat - Paavoharju,1,0.513626217842102,cnn_revised_20260919T110440Z,cnn_s2_14,val,Log-Mel CNN,0.04809333011507988,0.07409321051090956
seg_006969,sample_02422,Nuo Maisemat - Paavoharju,1,0.9944155216217041,cnn_revised_20260919T110440Z,cnn_s2_14,val,Log-Mel CNN,0.04809333011507988,0.07409321051090956
seg_006970,sample_02422,Nuo Maisemat - Paavoharju,1,0.9687948822975159,cnn_revised_20260919T110440Z,cnn_s2_14,val,Log-Mel CNN,0.04809333011507988,0.07409321051090956
seg_006971,sample_02422,Nuo Maisemat - Paavoharju,1,0.9342167973518372,cnn_revised_20260919T110440Z,cnn_s2_14,val,Log-Mel CNN,0.04809333011507988,0.07409321051090956
seg_007050,sample_02449,SD (Ill Mix) - H-LR,1,0.3040894865989685,cnn_revised_20260919T110440Z,cnn_s2_14,val,Log-Mel CNN,0.04809333011507988,0.07409321051090956
seg_007051,sample_02449,SD (Ill Mix) - H-LR,1,0.733799397945404,cnn_revised_20260919T110440Z,cnn_s2_14,val,Log-Mel CNN,0.04809333011507988,0.07409321051090956
seg_007052,sample_02449,SD (Ill Mix) - H-LR,1,0.762730062007904,cnn_revised_20260919T110440Z,cnn_s2_14,val,Log-Mel CNN,0.04809333011507988,0.07409321051090956
seg_007053,sample_02450,SD (Ill Mix) - H-LR,1,0.08786582201719284,cnn_revised_20260919T110440Z,cnn_s2_14,val,Log-Mel CNN,0.04809333011507988,0.07409321051090956
seg_007054,sample_02450,SD (Ill Mix) - H-LR,1,0.31002551317214966,cnn_revised_20260919T110440Z,cnn_s2_14,val,Log-Mel CNN,0.04809333011507988,0.07409321051090956
seg_007055,sample_02450,SD (Ill Mix) - H-LR,1,0.9375419616699219,cnn_revised_20260919T110440Z,cnn_s2_14,val,Log-Mel CNN,0.04809333011507988,0.07409321051090956
seg_007158,sample_02485,Evil Cannot Create - Caleb Lemond,1,0.002444663317874074,cnn_revised_20260919T110440Z,cnn_s2_14,val,Log-Mel CNN,0.04809333011507988,0.07409321051090956
seg_007159,sample_02485,Evil Cannot Create - Caleb Lemond,1,0.7165358066558838,cnn_revised_20260919T110440Z,cnn_s2_14,val,Log-Mel CNN,0.04809333011507988,0.07409321051090956
seg_007160,sample_02485,Evil Cannot Create - Caleb Lemond,1,0.35174304246902466,cnn_revised_20260919T110440Z,cnn_s2_14,val,Log-Mel CNN,0.04809333011507988,0.07409321051090956
seg_007161,sample_02486,Evil Cannot Create - Caleb Lemond,1,0.20731273293495178,cnn_revised_20260919T110440Z,cnn_s2_14,val,Log-Mel CNN,0.04809333011507988,0.07409321051090956
seg_007162,sample_02486,Evil Cannot Create - Caleb Lemond,1,0.5946763157844543,cnn_revised_20260919T110440Z,cnn_s2_14,val,Log-Mel CNN,0.04809333011507988,0.07409321051090956
seg_007163,sample_02486,Evil Cannot Create - Caleb Lemond,1,0.5341832041740417,cnn_revised_20260919T110440Z,cnn_s2_14,val,Log-Mel CNN,0.04809333011507988,0.07409321051090956
seg_007266,sample_02521,New Life (take 1) - Bird Names,1,0.03158792853355408,cnn_revised_20260919T110440Z,cnn_s2_14,val,Log-Mel CNN,0.04809333011507988,0.07409321051090956
seg_007267,sample_02521,New Life (take 1) - Bird Names,1,0.14495117962360382,cnn_revised_20260919T110440Z,cnn_s2_14,val,Log-Mel CNN,0.04809333011507988,0.07409321051090956
seg_007268,sample_02521,New Life (take 1) - Bird Names,1,0.9768665432929993,cnn_revised_20260919T110440Z,cnn_s2_14,val,Log-Mel CNN,0.04809333011507988,0.07409321051090956
seg_007269,sample_02522,New Life (take 1) - Bird Names,1,0.057623233646154404,cnn_revised_20260919T110440Z,cnn_s2_14,val,Log-Mel CNN,0.04809333011507988,0.07409321051090956
seg_007270,sample_02522,New Life (take 1) - Bird Names,1,0.028499798849225044,cnn_revised_20260919T110440Z,cnn_s2_14,val,Log-Mel CNN,0.04809333011507988,0.07409321051090956
seg_007271,sample_02522,New Life (take 1) - Bird Names,1,0.04367195814847946,cnn_revised_20260919T110440Z,cnn_s2_14,val,Log-Mel CNN,0.04809333011507988,0.07409321051090956
seg_007272,sample_02523,Norweigian Wood II - Bird Names,1,0.039842549711465836,cnn_revised_20260919T110440Z,cnn_s2_14,val,Log-Mel CNN,0.04809333011507988,0.07409321051090956
seg_007273,sample_02523,Norweigian Wood II - Bird Names,1,0.6601384878158569,cnn_revised_20260919T110440Z,cnn_s2_14,val,Log-Mel CNN,0.04809333011507988,0.07409321051090956
seg_007274,sample_02523,Norweigian Wood II - Bird Names,1,0.994966447353363,cnn_revised_20260919T110440Z,cnn_s2_14,val,Log-Mel CNN,0.04809333011507988,0.07409321051090956
seg_007275,sample_02524,Norweigian Wood II - Bird Names,1,0.38477444648742676,cnn_revised_20260919T110440Z,cnn_s2_14,val,Log-Mel CNN,0.04809333011507988,0.07409321051090956
seg_007276,sample_02524,Norweigian Wood II - Bird Names,1,0.11016038805246353,cnn_revised_20260919T110440Z,cnn_s2_14,val,Log-Mel CNN,0.04809333011507988,0.07409321051090956
seg_007277,sample_02524,Norweigian Wood II - Bird Names,1,0.300327330827713,cnn_revised_20260919T110440Z,cnn_s2_14,val,Log-Mel CNN,0.04809333011507988,0.07409321051090956
seg_007296,sample_02531,Roller Star - Monroeville Music Center,1,0.11430270969867706,cnn_revised_20260919T110440Z,cnn_s2_14,val,Log-Mel CNN,0.04809333011507988,0.07409321051090956
seg_007297,sample_02531,Roller Star - Monroeville Music Center,1,0.09871377050876617,cnn_revised_20260919T110440Z,cnn_s2_14,val,Log-Mel CNN,0.04809333011507988,0.07409321051090956
seg_007298,sample_02531,Roller Star - Monroeville Music Center,1,0.40565869212150574,cnn_revised_20260919T110440Z,cnn_s2_14,val,Log-Mel CNN,0.04809333011507988,0.07409321051090956
seg_007299,sample_02532,Roller Star - Monroeville Music Center,1,0.01214354857802391,cnn_revised_20260919T110440Z,cnn_s2_14,val,Log-Mel CNN,0.04809333011507988,0.07409321051090956
seg_007300,sample_02532,Roller Star - Monroeville Music Center,1,0.5089267492294312,cnn_revised_20260919T110440Z,cnn_s2_14,val,Log-Mel CNN,0.04809333011507988,0.07409321051090956
seg_007301,sample_02532,Roller Star - Monroeville Music Center,1,0.8407361507415771,cnn_revised_20260919T110440Z,cnn_s2_14,val,Log-Mel CNN,0.04809333011507988,0.07409321051090956
seg_007302,sample_02533,"Roundtrip - Oh Yeah, the Future",1,0.14796972274780273,cnn_revised_20260919T110440Z,cnn_s2_14,val,Log-Mel CNN,0.04809333011507988,0.07409321051090956
seg_007303,sample_02533,"Roundtrip - Oh Yeah, the Future",1,0.30319198966026306,cnn_revised_20260919T110440Z,cnn_s2_14,val,Log-Mel CNN,0.04809333011507988,0.07409321051090956
seg_007304,sample_02533,"Roundtrip - Oh Yeah, the Future",1,0.8048685193061829,cnn_revised_20260919T110440Z,cnn_s2_14,val,Log-Mel CNN,0.04809333011507988,0.07409321051090956
seg_007305,sample_02534,"Roundtrip - Oh Yeah, the Future",1,0.0417061373591423,cnn_revised_20260919T110440Z,cnn_s2_14,val,Log-Mel CNN,0.04809333011507988,0.07409321051090956
seg_007306,sample_02534,"Roundtrip - Oh Yeah, the Future",1,0.48311078548431396,cnn_revised_20260919T110440Z,cnn_s2_14,val,Log-Mel CNN,0.04809333011507988,0.07409321051090956
seg_007307,sample_02534,"Roundtrip - Oh Yeah, the Future",1,0.34659266471862793,cnn_revised_20260919T110440Z,cnn_s2_14,val,Log-Mel CNN,0.04809333011507988,0.07409321051090956
seg_007320,sample_02539,Soleares&beats - Malaventura,1,0.6030243635177612,cnn_revised_20260919T110440Z,cnn_s2_14,val,Log-Mel CNN,0.04809333011507988,0.07409321051090956
seg_007321,sample_02539,Soleares&beats - Malaventura,1,0.6473242044448853,cnn_revised_20260919T110440Z,cnn_s2_14,val,Log-Mel CNN,0.04809333011507988,0.07409321051090956
seg_007322,sample_02539,Soleares&beats - Malaventura,1,0.22724230587482452,cnn_revised_20260919T110440Z,cnn_s2_14,val,Log-Mel CNN,0.04809333011507988,0.07409321051090956
seg_007323,sample_02540,Soleares&beats - Malaventura,1,0.05013815313577652,cnn_revised_20260919T110440Z,cnn_s2_14,val,Log-Mel CNN,0.04809333011507988,0.07409321051090956
seg_007324,sample_02540,Soleares&beats - Malaventura,1,0.03221014887094498,cnn_revised_20260919T110440Z,cnn_s2_14,val,Log-Mel CNN,0.04809333011507988,0.07409321051090956
seg_007325,sample_02540,Soleares&beats - Malaventura,1,0.6219372153282166,cnn_revised_20260919T110440Z,cnn_s2_14,val,Log-Mel CNN,0.04809333011507988,0.07409321051090956
seg_007338,sample_02545,Stockholm Syndrome / People Should Be More Aware - Bird Names,1,0.08193568885326385,cnn_revised_20260919T110440Z,cnn_s2_14,val,Log-Mel CNN,0.04809333011507988,0.07409321051090956
seg_007339,sample_02545,Stockholm Syndrome / People Should Be More Aware - Bird Names,1,0.07721669226884842,cnn_revised_20260919T110440Z,cnn_s2_14,val,Log-Mel CNN,0.04809333011507988,0.07409321051090956
seg_007340,sample_02545,Stockholm Syndrome / People Should Be More Aware - Bird Names,1,0.15675301849842072,cnn_revised_20260919T110440Z,cnn_s2_14,val,Log-Mel CNN,0.04809333011507988,0.07409321051090956
seg_007341,sample_02546,Stockholm Syndrome / People Should Be More Aware - Bird Names,1,0.011975618079304695,cnn_revised_20260919T110440Z,cnn_s2_14,val,Log-Mel CNN,0.04809333011507988,0.07409321051090956
seg_007342,sample_02546,Stockholm Syndrome / People Should Be More Aware - Bird Names,1,0.05146471783518791,cnn_revised_20260919T110440Z,cnn_s2_14,val,Log-Mel CNN,0.04809333011507988,0.07409321051090956
seg_007343,sample_02546,Stockholm Syndrome / People Should Be More Aware - Bird Names,1,0.08480732142925262,cnn_revised_20260919T110440Z,cnn_s2_14,val,Log-Mel CNN,0.04809333011507988,0.07409321051090956
seg_007380,sample_02559,Time Is Love - Silence is full of birds,1,0.0911242887377739,cnn_revised_20260919T110440Z,cnn_s2_14,val,Log-Mel CNN,0.04809333011507988,0.07409321051090956
seg_007381,sample_02559,Time Is Love - Silence is full of birds,1,0.32652342319488525,cnn_revised_20260919T110440Z,cnn_s2_14,val,Log-Mel CNN,0.04809333011507988,0.07409321051090956
seg_007382,sample_02559,Time Is Love - Silence is full of birds,1,0.783353328704834,cnn_revised_20260919T110440Z,cnn_s2_14,val,Log-Mel CNN,0.04809333011507988,0.07409321051090956
seg_007383,sample_02560,Time Is Love - Silence is full of birds,1,0.20582284033298492,cnn_revised_20260919T110440Z,cnn_s2_14,val,Log-Mel CNN,0.04809333011507988,0.07409321051090956
seg_007384,sample_02560,Time Is Love - Silence is full of birds,1,0.34739425778388977,cnn_revised_20260919T110440Z,cnn_s2_14,val,Log-Mel CNN,0.04809333011507988,0.07409321051090956
seg_007385,sample_02560,Time Is Love - Silence is full of birds,1,0.328451931476593,cnn_revised_20260919T110440Z,cnn_s2_14,val,Log-Mel CNN,0.04809333011507988,0.07409321051090956
seg_007422,sample_02573,2 (Wasn't There) - Isle of Pine,1,0.3926757276058197,cnn_revised_20260919T110440Z,cnn_s2_14,val,Log-Mel CNN,0.04809333011507988,0.07409321051090956
seg_007423,sample_02573,2 (Wasn't There) - Isle of Pine,1,0.9957168698310852,cnn_revised_20260919T110440Z,cnn_s2_14,val,Log-Mel CNN,0.04809333011507988,0.07409321051090956
seg_007424,sample_02573,2 (Wasn't There) - Isle of Pine,1,0.9567675590515137,cnn_revised_20260919T110440Z,cnn_s2_14,val,Log-Mel CNN,0.04809333011507988,0.07409321051090956
seg_007425,sample_02574,2 (Wasn't There) - Isle of Pine,1,0.007396650034934282,cnn_revised_20260919T110440Z,cnn_s2_14,val,Log-Mel CNN,0.04809333011507988,0.07409321051090956
seg_007426,sample_02574,2 (Wasn't There) - Isle of Pine,1,0.050501272082328796,cnn_revised_20260919T110440Z,cnn_s2_14,val,Log-Mel CNN,0.04809333011507988,0.07409321051090956
seg_007427,sample_02574,2 (Wasn't There) - Isle of Pine,1,0.983655571937561,cnn_revised_20260919T110440Z,cnn_s2_14,val,Log-Mel CNN,0.04809333011507988,0.07409321051090956
seg_007452,sample_02583,Empty Pockets - Pete Prodoehl,1,0.5450302362442017,cnn_revised_20260919T110440Z,cnn_s2_14,val,Log-Mel CNN,0.04809333011507988,0.07409321051090956
seg_007453,sample_02583,Empty Pockets - Pete Prodoehl,1,0.10359513014554977,cnn_revised_20260919T110440Z,cnn_s2_14,val,Log-Mel CNN,0.04809333011507988,0.07409321051090956
seg_007454,sample_02583,Empty Pockets - Pete Prodoehl,1,0.9890176057815552,cnn_revised_20260919T110440Z,cnn_s2_14,val,Log-Mel CNN,0.04809333011507988,0.07409321051090956
seg_007455,sample_02584,Empty Pockets - Pete Prodoehl,1,0.027788901701569557,cnn_revised_20260919T110440Z,cnn_s2_14,val,Log-Mel CNN,0.04809333011507988,0.07409321051090956
seg_007456,sample_02584,Empty Pockets - Pete Prodoehl,1,0.041358157992362976,cnn_revised_20260919T110440Z,cnn_s2_14,val,Log-Mel CNN,0.04809333011507988,0.07409321051090956
seg_007457,sample_02584,Empty Pockets - Pete Prodoehl,1,0.07613730430603027,cnn_revised_20260919T110440Z,cnn_s2_14,val,Log-Mel CNN,0.04809333011507988,0.07409321051090956
seg_007470,sample_02589,Gila Monster Flop/Music History Lesson:The Sonics - The Crypts!,1,0.47349852323532104,cnn_revised_20260919T110440Z,cnn_s2_14,val,Log-Mel CNN,0.04809333011507988,0.07409321051090956
seg_007471,sample_02589,Gila Monster Flop/Music History Lesson:The Sonics - The Crypts!,1,0.1457003653049469,cnn_revised_20260919T110440Z,cnn_s2_14,val,Log-Mel CNN,0.04809333011507988,0.07409321051090956
seg_007472,sample_02589,Gila Monster Flop/Music History Lesson:The Sonics - The Crypts!,1,0.9956302642822266,cnn_revised_20260919T110440Z,cnn_s2_14,val,Log-Mel CNN,0.04809333011507988,0.07409321051090956
seg_007473,sample_02590,Gila Monster Flop/Music History Lesson:The Sonics - The Crypts!,1,0.12365297228097916,cnn_revised_20260919T110440Z,cnn_s2_14,val,Log-Mel CNN,0.04809333011507988,0.07409321051090956
seg_007474,sample_02590,Gila Monster Flop/Music History Lesson:The Sonics - The Crypts!,1,0.012722120620310307,cnn_revised_20260919T110440Z,cnn_s2_14,val,Log-Mel CNN,0.04809333011507988,0.07409321051090956
seg_007475,sample_02590,Gila Monster Flop/Music History Lesson:The Sonics - The Crypts!,1,0.701905369758606,cnn_revised_20260919T110440Z,cnn_s2_14,val,Log-Mel CNN,0.04809333011507988,0.07409321051090956
seg_007488,sample_02595,I Fell - Mod Fun,1,0.152250275015831,cnn_revised_20260919T110440Z,cnn_s2_14,val,Log-Mel CNN,0.04809333011507988,0.07409321051090956
seg_007489,sample_02595,I Fell - Mod Fun,1,0.7518525719642639,cnn_revised_20260919T110440Z,cnn_s2_14,val,Log-Mel CNN,0.04809333011507988,0.07409321051090956
seg_007490,sample_02595,I Fell - Mod Fun,1,0.9827260971069336,cnn_revised_20260919T110440Z,cnn_s2_14,val,Log-Mel CNN,0.04809333011507988,0.07409321051090956
seg_007491,sample_02596,I Fell - Mod Fun,1,0.07334490120410919,cnn_revised_20260919T110440Z,cnn_s2_14,val,Log-Mel CNN,0.04809333011507988,0.07409321051090956
seg_007492,sample_02596,I Fell - Mod Fun,1,0.05700071156024933,cnn_revised_20260919T110440Z,cnn_s2_14,val,Log-Mel CNN,0.04809333011507988,0.07409321051090956
seg_007493,sample_02596,I Fell - Mod Fun,1,0.9544222354888916,cnn_revised_20260919T110440Z,cnn_s2_14,val,Log-Mel CNN,0.04809333011507988,0.07409321051090956
seg_007536,sample_02611,March of the GPA Mechanics - [t]ghost,1,0.1815778613090515,cnn_revised_20260919T110440Z,cnn_s2_14,val,Log-Mel CNN,0.04809333011507988,0.07409321051090956
seg_007537,sample_02611,March of the GPA Mechanics - [t]ghost,1,0.07701317965984344,cnn_revised_20260919T110440Z,cnn_s2_14,val,Log-Mel CNN,0.04809333011507988,0.07409321051090956
seg_007538,sample_02611,March of the GPA Mechanics - [t]ghost,1,0.9984538555145264,cnn_revised_20260919T110440Z,cnn_s2_14,val,Log-Mel CNN,0.04809333011507988,0.07409321051090956
seg_007539,sample_02612,March of the GPA Mechanics - [t]ghost,1,0.0500076562166214,cnn_revised_20260919T110440Z,cnn_s2_14,val,Log-Mel CNN,0.04809333011507988,0.07409321051090956
seg_007540,sample_02612,March of the GPA Mechanics - [t]ghost,1,0.13778112828731537,cnn_revised_20260919T110440Z,cnn_s2_14,val,Log-Mel CNN,0.04809333011507988,0.07409321051090956
seg_007541,sample_02612,March of the GPA Mechanics - [t]ghost,1,0.741558849811554,cnn_revised_20260919T110440Z,cnn_s2_14,val,Log-Mel CNN,0.04809333011507988,0.07409321051090956
seg_007596,sample_02631,Scramby Eggs - Andy G. Cohen,1,0.3670347332954407,cnn_revised_20260919T110440Z,cnn_s2_14,val,Log-Mel CNN,0.04809333011507988,0.07409321051090956
seg_007597,sample_02631,Scramby Eggs - Andy G. Cohen,1,0.08359192311763763,cnn_revised_20260919T110440Z,cnn_s2_14,val,Log-Mel CNN,0.04809333011507988,0.07409321051090956
seg_007598,sample_02631,Scramby Eggs - Andy G. Cohen,1,0.16985546052455902,cnn_revised_20260919T110440Z,cnn_s2_14,val,Log-Mel CNN,0.04809333011507988,0.07409321051090956
seg_007599,sample_02632,Scramby Eggs - Andy G. Cohen,1,0.11187689006328583,cnn_revised_20260919T110440Z,cnn_s2_14,val,Log-Mel CNN,0.04809333011507988,0.07409321051090956
seg_007600,sample_02632,Scramby Eggs - Andy G. Cohen,1,0.04168185219168663,cnn_revised_20260919T110440Z,cnn_s2_14,val,Log-Mel CNN,0.04809333011507988,0.07409321051090956
seg_007601,sample_02632,Scramby Eggs - Andy G. Cohen,1,0.9072808623313904,cnn_revised_20260919T110440Z,cnn_s2_14,val,Log-Mel CNN,0.04809333011507988,0.07409321051090956
seg_007650,sample_02649,The girl just faded - Los Llamarada,1,0.55845707654953,cnn_revised_20260919T110440Z,cnn_s2_14,val,Log-Mel CNN,0.04809333011507988,0.07409321051090956
seg_007651,sample_02649,The girl just faded - Los Llamarada,1,0.910936176776886,cnn_revised_20260919T110440Z,cnn_s2_14,val,Log-Mel CNN,0.04809333011507988,0.07409321051090956
seg_007652,sample_02649,The girl just faded - Los Llamarada,1,0.783551812171936,cnn_revised_20260919T110440Z,cnn_s2_14,val,Log-Mel CNN,0.04809333011507988,0.07409321051090956
seg_007653,sample_02650,The girl just faded - Los Llamarada,1,0.07911711186170578,cnn_revised_20260919T110440Z,cnn_s2_14,val,Log-Mel CNN,0.04809333011507988,0.07409321051090956
seg_007654,sample_02650,The girl just faded - Los Llamarada,1,0.01112720649689436,cnn_revised_20260919T110440Z,cnn_s2_14,val,Log-Mel CNN,0.04809333011507988,0.07409321051090956
seg_007655,sample_02650,The girl just faded - Los Llamarada,1,0.7473138570785522,cnn_revised_20260919T110440Z,cnn_s2_14,val,Log-Mel CNN,0.04809333011507988,0.07409321051090956
seg_007668,sample_02655,Voxel - Andy G. Cohen,1,0.15785488486289978,cnn_revised_20260919T110440Z,cnn_s2_14,val,Log-Mel CNN,0.04809333011507988,0.07409321051090956
seg_007669,sample_02655,Voxel - Andy G. Cohen,1,0.11039028316736221,cnn_revised_20260919T110440Z,cnn_s2_14,val,Log-Mel CNN,0.04809333011507988,0.07409321051090956
seg_007670,sample_02655,Voxel - Andy G. Cohen,1,0.1258717179298401,cnn_revised_20260919T110440Z,cnn_s2_14,val,Log-Mel CNN,0.04809333011507988,0.07409321051090956
seg_007671,sample_02656,Voxel - Andy G. Cohen,1,0.5345240235328674,cnn_revised_20260919T110440Z,cnn_s2_14,val,Log-Mel CNN,0.04809333011507988,0.07409321051090956
seg_007672,sample_02656,Voxel - Andy G. Cohen,1,0.17846257984638214,cnn_revised_20260919T110440Z,cnn_s2_14,val,Log-Mel CNN,0.04809333011507988,0.07409321051090956
seg_007673,sample_02656,Voxel - Andy G. Cohen,1,0.6050170063972473,cnn_revised_20260919T110440Z,cnn_s2_14,val,Log-Mel CNN,0.04809333011507988,0.07409321051090956
seg_007692,sample_02663,Windows of the Skull - Sarin,1,0.12038468569517136,cnn_revised_20260919T110440Z,cnn_s2_14,val,Log-Mel CNN,0.04809333011507988,0.07409321051090956
seg_007693,sample_02663,Windows of the Skull - Sarin,1,0.18241260945796967,cnn_revised_20260919T110440Z,cnn_s2_14,val,Log-Mel CNN,0.04809333011507988,0.07409321051090956
seg_007694,sample_02663,Windows of the Skull - Sarin,1,0.9903076887130737,cnn_revised_20260919T110440Z,cnn_s2_14,val,Log-Mel CNN,0.04809333011507988,0.07409321051090956
seg_007695,sample_02664,Windows of the Skull - Sarin,1,0.5982151031494141,cnn_revised_20260919T110440Z,cnn_s2_14,val,Log-Mel CNN,0.04809333011507988,0.07409321051090956
seg_007696,sample_02664,Windows of the Skull - Sarin,1,0.04995981231331825,cnn_revised_20260919T110440Z,cnn_s2_14,val,Log-Mel CNN,0.04809333011507988,0.07409321051090956
seg_007697,sample_02664,Windows of the Skull - Sarin,1,0.9835065603256226,cnn_revised_20260919T110440Z,cnn_s2_14,val,Log-Mel CNN,0.04809333011507988,0.07409321051090956
seg_007710,sample_02669,Новый Нью-Йорк 2 - Чокнутый Пропеллер,1,0.04218539968132973,cnn_revised_20260919T110440Z,cnn_s2_14,val,Log-Mel CNN,0.04809333011507988,0.07409321051090956
seg_007711,sample_02669,Новый Нью-Йорк 2 - Чокнутый Пропеллер,1,0.07163412123918533,cnn_revised_20260919T110440Z,cnn_s2_14,val,Log-Mel CNN,0.04809333011507988,0.07409321051090956
seg_007712,sample_02669,Новый Нью-Йорк 2 - Чокнутый Пропеллер,1,0.12651382386684418,cnn_revised_20260919T110440Z,cnn_s2_14,val,Log-Mel CNN,0.04809333011507988,0.07409321051090956
seg_007713,sample_02670,Новый Нью-Йорк 2 - Чокнутый Пропеллер,1,0.7288327813148499,cnn_revised_20260919T110440Z,cnn_s2_14,val,Log-Mel CNN,0.04809333011507988,0.07409321051090956
seg_007714,sample_02670,Новый Нью-Йорк 2 - Чокнутый Пропеллер,1,0.38507726788520813,cnn_revised_20260919T110440Z,cnn_s2_14,val,Log-Mel CNN,0.04809333011507988,0.07409321051090956
seg_007715,sample_02670,Новый Нью-Йорк 2 - Чокнутый Пропеллер,1,0.5129303932189941,cnn_revised_20260919T110440Z,cnn_s2_14,val,Log-Mel CNN,0.04809333011507988,0.07409321051090956
seg_007737,sample_02678,CopperNickle - UncleBibby,1,0.15681923925876617,cnn_revised_20260919T110440Z,cnn_s2_14,val,Log-Mel CNN,0.04809333011507988,0.07409321051090956
seg_007738,sample_02678,CopperNickle - UncleBibby,1,0.05592871084809303,cnn_revised_20260919T110440Z,cnn_s2_14,val,Log-Mel CNN,0.04809333011507988,0.07409321051090956
seg_007739,sample_02678,CopperNickle - UncleBibby,1,0.9932094216346741,cnn_revised_20260919T110440Z,cnn_s2_14,val,Log-Mel CNN,0.04809333011507988,0.07409321051090956
seg_007743,sample_02680,Daylight Savings - My brother Daniel,1,0.7539026141166687,cnn_revised_20260919T110440Z,cnn_s2_14,val,Log-Mel CNN,0.04809333011507988,0.07409321051090956
seg_007744,sample_02680,Daylight Savings - My brother Daniel,1,0.46736109256744385,cnn_revised_20260919T110440Z,cnn_s2_14,val,Log-Mel CNN,0.04809333011507988,0.07409321051090956
seg_007745,sample_02680,Daylight Savings - My brother Daniel,1,0.9529728293418884,cnn_revised_20260919T110440Z,cnn_s2_14,val,Log-Mel CNN,0.04809333011507988,0.07409321051090956
seg_007770,sample_02689,mystery team 2090 - Jesse Futerman,1,0.4273962080478668,cnn_revised_20260919T110440Z,cnn_s2_14,val,Log-Mel CNN,0.04809333011507988,0.07409321051090956
seg_007771,sample_02689,mystery team 2090 - Jesse Futerman,1,0.013071921654045582,cnn_revised_20260919T110440Z,cnn_s2_14,val,Log-Mel CNN,0.04809333011507988,0.07409321051090956
seg_007772,sample_02689,mystery team 2090 - Jesse Futerman,1,0.9731978178024292,cnn_revised_20260919T110440Z,cnn_s2_14,val,Log-Mel CNN,0.04809333011507988,0.07409321051090956
seg_007773,sample_02690,Night Drive - Decktonic,1,0.1471388041973114,cnn_revised_20260919T110440Z,cnn_s2_14,val,Log-Mel CNN,0.04809333011507988,0.07409321051090956
seg_007774,sample_02690,Night Drive - Decktonic,1,0.3900972008705139,cnn_revised_20260919T110440Z,cnn_s2_14,val,Log-Mel CNN,0.04809333011507988,0.07409321051090956
seg_007775,sample_02690,Night Drive - Decktonic,1,0.7622197270393372,cnn_revised_20260919T110440Z,cnn_s2_14,val,Log-Mel CNN,0.04809333011507988,0.07409321051090956
seg_007854,sample_02717,Agora - Malaventura,1,0.8616827130317688,cnn_revised_20260919T110440Z,cnn_s2_14,val,Log-Mel CNN,0.04809333011507988,0.07409321051090956
seg_007855,sample_02717,Agora - Malaventura,1,0.018572742119431496,cnn_revised_20260919T110440Z,cnn_s2_14,val,Log-Mel CNN,0.04809333011507988,0.07409321051090956
seg_007856,sample_02717,Agora - Malaventura,1,0.9909440279006958,cnn_revised_20260919T110440Z,cnn_s2_14,val,Log-Mel CNN,0.04809333011507988,0.07409321051090956
seg_007878,sample_02725,Evil Cannot Create - Caleb Lemond,1,0.9984403252601624,cnn_revised_20260919T110440Z,cnn_s2_14,val,Log-Mel CNN,0.04809333011507988,0.07409321051090956
seg_007879,sample_02725,Evil Cannot Create - Caleb Lemond,1,0.10211015492677689,cnn_revised_20260919T110440Z,cnn_s2_14,val,Log-Mel CNN,0.04809333011507988,0.07409321051090956
seg_007880,sample_02725,Evil Cannot Create - Caleb Lemond,1,0.9944416880607605,cnn_revised_20260919T110440Z,cnn_s2_14,val,Log-Mel CNN,0.04809333011507988,0.07409321051090956
seg_007932,sample_02743,My Body Is A Weapon (Compromise Edit) - Silence is full of birds,1,0.252578467130661,cnn_revised_20260919T110440Z,cnn_s2_14,val,Log-Mel CNN,0.04809333011507988,0.07409321051090956
seg_007933,sample_02743,My Body Is A Weapon (Compromise Edit) - Silence is full of birds,1,0.41361579298973083,cnn_revised_20260919T110440Z,cnn_s2_14,val,Log-Mel CNN,0.04809333011507988,0.07409321051090956
seg_007934,sample_02743,My Body Is A Weapon (Compromise Edit) - Silence is full of birds,1,0.886098325252533,cnn_revised_20260919T110440Z,cnn_s2_14,val,Log-Mel CNN,0.04809333011507988,0.07409321051090956
seg_007938,sample_02745,New Life (take 1) - Bird Names,1,0.932581901550293,cnn_revised_20260919T110440Z,cnn_s2_14,val,Log-Mel CNN,0.04809333011507988,0.07409321051090956
seg_007939,sample_02745,New Life (take 1) - Bird Names,1,0.7297812700271606,cnn_revised_20260919T110440Z,cnn_s2_14,val,Log-Mel CNN,0.04809333011507988,0.07409321051090956
seg_007940,sample_02745,New Life (take 1) - Bird Names,1,0.9920306205749512,cnn_revised_20260919T110440Z,cnn_s2_14,val,Log-Mel CNN,0.04809333011507988,0.07409321051090956
seg_007941,sample_02746,Norweigian Wood II - Bird Names,1,0.6859041452407837,cnn_revised_20260919T110440Z,cnn_s2_14,val,Log-Mel CNN,0.04809333011507988,0.07409321051090956
seg_007942,sample_02746,Norweigian Wood II - Bird Names,1,0.06287338584661484,cnn_revised_20260919T110440Z,cnn_s2_14,val,Log-Mel CNN,0.04809333011507988,0.07409321051090956
seg_007943,sample_02746,Norweigian Wood II - Bird Names,1,0.9952174425125122,cnn_revised_20260919T110440Z,cnn_s2_14,val,Log-Mel CNN,0.04809333011507988,0.07409321051090956
seg_007965,sample_02754,Roller Star - Monroeville Music Center,1,0.6207373142242432,cnn_revised_20260919T110440Z,cnn_s2_14,val,Log-Mel CNN,0.04809333011507988,0.07409321051090956
seg_007966,sample_02754,Roller Star - Monroeville Music Center,1,0.43406903743743896,cnn_revised_20260919T110440Z,cnn_s2_14,val,Log-Mel CNN,0.04809333011507988,0.07409321051090956
seg_007967,sample_02754,Roller Star - Monroeville Music Center,1,0.9865323901176453,cnn_revised_20260919T110440Z,cnn_s2_14,val,Log-Mel CNN,0.04809333011507988,0.07409321051090956
seg_007977,sample_02758,Soleares&beats - Malaventura,1,0.4101123511791229,cnn_revised_20260919T110440Z,cnn_s2_14,val,Log-Mel CNN,0.04809333011507988,0.07409321051090956
seg_007978,sample_02758,Soleares&beats - Malaventura,1,0.4394167363643646,cnn_revised_20260919T110440Z,cnn_s2_14,val,Log-Mel CNN,0.04809333011507988,0.07409321051090956
seg_007979,sample_02758,Soleares&beats - Malaventura,1,0.9952229857444763,cnn_revised_20260919T110440Z,cnn_s2_14,val,Log-Mel CNN,0.04809333011507988,0.07409321051090956
seg_007989,sample_02762,Stockholm Syndrome / People Should Be More Aware - Bird Names,1,0.8810041546821594,cnn_revised_20260919T110440Z,cnn_s2_14,val,Log-Mel CNN,0.04809333011507988,0.07409321051090956
seg_007990,sample_02762,Stockholm Syndrome / People Should Be More Aware - Bird Names,1,0.26829442381858826,cnn_revised_20260919T110440Z,cnn_s2_14,val,Log-Mel CNN,0.04809333011507988,0.07409321051090956
seg_007991,sample_02762,Stockholm Syndrome / People Should Be More Aware - Bird Names,1,0.9893458485603333,cnn_revised_20260919T110440Z,cnn_s2_14,val,Log-Mel CNN,0.04809333011507988,0.07409321051090956
seg_008019,sample_02772,Time Is Love - Silence is full of birds,1,0.8574488162994385,cnn_revised_20260919T110440Z,cnn_s2_14,val,Log-Mel CNN,0.04809333011507988,0.07409321051090956
seg_008020,sample_02772,Time Is Love - Silence is full of birds,1,0.24886812269687653,cnn_revised_20260919T110440Z,cnn_s2_14,val,Log-Mel CNN,0.04809333011507988,0.07409321051090956
seg_008021,sample_02772,Time Is Love - Silence is full of birds,1,0.996131420135498,cnn_revised_20260919T110440Z,cnn_s2_14,val,Log-Mel CNN,0.04809333011507988,0.07409321051090956
seg_008043,sample_02780,2 (Wasn't There) - Isle of Pine,1,0.8640491962432861,cnn_revised_20260919T110440Z,cnn_s2_14,val,Log-Mel CNN,0.04809333011507988,0.07409321051090956
seg_008044,sample_02780,2 (Wasn't There) - Isle of Pine,1,0.9716344475746155,cnn_revised_20260919T110440Z,cnn_s2_14,val,Log-Mel CNN,0.04809333011507988,0.07409321051090956
seg_008045,sample_02780,2 (Wasn't There) - Isle of Pine,1,0.9966264963150024,cnn_revised_20260919T110440Z,cnn_s2_14,val,Log-Mel CNN,0.04809333011507988,0.07409321051090956
seg_008073,sample_02790,Beyond Luxury - Mors Ontologica,1,0.8604832887649536,cnn_revised_20260919T110440Z,cnn_s2_14,val,Log-Mel CNN,0.04809333011507988,0.07409321051090956
seg_008074,sample_02790,Beyond Luxury - Mors Ontologica,1,0.11173243820667267,cnn_revised_20260919T110440Z,cnn_s2_14,val,Log-Mel CNN,0.04809333011507988,0.07409321051090956
seg_008075,sample_02790,Beyond Luxury - Mors Ontologica,1,0.9797026515007019,cnn_revised_20260919T110440Z,cnn_s2_14,val,Log-Mel CNN,0.04809333011507988,0.07409321051090956
seg_008106,sample_02801,Empty Pockets - Pete Prodoehl,1,0.9806898236274719,cnn_revised_20260919T110440Z,cnn_s2_14,val,Log-Mel CNN,0.04809333011507988,0.07409321051090956
seg_008107,sample_02801,Empty Pockets - Pete Prodoehl,1,0.9516938328742981,cnn_revised_20260919T110440Z,cnn_s2_14,val,Log-Mel CNN,0.04809333011507988,0.07409321051090956
seg_008108,sample_02801,Empty Pockets - Pete Prodoehl,1,0.9998935461044312,cnn_revised_20260919T110440Z,cnn_s2_14,val,Log-Mel CNN,0.04809333011507988,0.07409321051090956
seg_008121,sample_02806,Gila Monster Flop/Music History Lesson:The Sonics - The Crypts!,1,0.9958022236824036,cnn_revised_20260919T110440Z,cnn_s2_14,val,Log-Mel CNN,0.04809333011507988,0.07409321051090956
seg_008122,sample_02806,Gila Monster Flop/Music History Lesson:The Sonics - The Crypts!,1,0.34059280157089233,cnn_revised_20260919T110440Z,cnn_s2_14,val,Log-Mel CNN,0.04809333011507988,0.07409321051090956
seg_008123,sample_02806,Gila Monster Flop/Music History Lesson:The Sonics - The Crypts!,1,0.9954327344894409,cnn_revised_20260919T110440Z,cnn_s2_14,val,Log-Mel CNN,0.04809333011507988,0.07409321051090956
seg_008166,sample_02821,Lights Up - Pipe Choir,1,0.9976757168769836,cnn_revised_20260919T110440Z,cnn_s2_14,val,Log-Mel CNN,0.04809333011507988,0.07409321051090956
seg_008167,sample_02821,Lights Up - Pipe Choir,1,0.49750375747680664,cnn_revised_20260919T110440Z,cnn_s2_14,val,Log-Mel CNN,0.04809333011507988,0.07409321051090956
seg_008168,sample_02821,Lights Up - Pipe Choir,1,0.9778836965560913,cnn_revised_20260919T110440Z,cnn_s2_14,val,Log-Mel CNN,0.04809333011507988,0.07409321051090956
seg_008178,sample_02825,March of the GPA Mechanics - [t]ghost,1,0.9357863664627075,cnn_revised_20260919T110440Z,cnn_s2_14,val,Log-Mel CNN,0.04809333011507988,0.07409321051090956
seg_008179,sample_02825,March of the GPA Mechanics - [t]ghost,1,0.7349130511283875,cnn_revised_20260919T110440Z,cnn_s2_14,val,Log-Mel CNN,0.04809333011507988,0.07409321051090956
seg_008180,sample_02825,March of the GPA Mechanics - [t]ghost,1,0.9956212639808655,cnn_revised_20260919T110440Z,cnn_s2_14,val,Log-Mel CNN,0.04809333011507988,0.07409321051090956
seg_008205,sample_02834,Redlight - Room For A Ghost,1,0.7487602233886719,cnn_revised_20260919T110440Z,cnn_s2_14,val,Log-Mel CNN,0.04809333011507988,0.07409321051090956
seg_008206,sample_02834,Redlight - Room For A Ghost,1,0.8285965323448181,cnn_revised_20260919T110440Z,cnn_s2_14,val,Log-Mel CNN,0.04809333011507988,0.07409321051090956
seg_008207,sample_02834,Redlight - Room For A Ghost,1,0.9959614872932434,cnn_revised_20260919T110440Z,cnn_s2_14,val,Log-Mel CNN,0.04809333011507988,0.07409321051090956
seg_008217,sample_02838,Scramby Eggs - Andy G. Cohen,1,0.2897164523601532,cnn_revised_20260919T110440Z,cnn_s2_14,val,Log-Mel CNN,0.04809333011507988,0.07409321051090956
seg_008218,sample_02838,Scramby Eggs - Andy G. Cohen,1,0.9750258922576904,cnn_revised_20260919T110440Z,cnn_s2_14,val,Log-Mel CNN,0.04809333011507988,0.07409321051090956
seg_008219,sample_02838,Scramby Eggs - Andy G. Cohen,1,0.9958283305168152,cnn_revised_20260919T110440Z,cnn_s2_14,val,Log-Mel CNN,0.04809333011507988,0.07409321051090956
seg_008226,sample_02841,Shipwrecked Crew - Pete Prodoehl,1,0.1517511010169983,cnn_revised_20260919T110440Z,cnn_s2_14,val,Log-Mel CNN,0.04809333011507988,0.07409321051090956
seg_008227,sample_02841,Shipwrecked Crew - Pete Prodoehl,1,0.5985790491104126,cnn_revised_20260919T110440Z,cnn_s2_14,val,Log-Mel CNN,0.04809333011507988,0.07409321051090956
seg_008228,sample_02841,Shipwrecked Crew - Pete Prodoehl,1,0.8203818798065186,cnn_revised_20260919T110440Z,cnn_s2_14,val,Log-Mel CNN,0.04809333011507988,0.07409321051090956
seg_008244,sample_02847,В Наших Сердцах - Чокнутый Пропеллер,1,0.1904396414756775,cnn_revised_20260919T110440Z,cnn_s2_14,val,Log-Mel CNN,0.04809333011507988,0.07409321051090956
seg_008245,sample_02847,В Наших Сердцах - Чокнутый Пропеллер,1,0.3120439648628235,cnn_revised_20260919T110440Z,cnn_s2_14,val,Log-Mel CNN,0.04809333011507988,0.07409321051090956
seg_008246,sample_02847,В Наших Сердцах - Чокнутый Пропеллер,1,0.9950666427612305,cnn_revised_20260919T110440Z,cnn_s2_14,val,Log-Mel CNN,0.04809333011507988,0.07409321051090956
seg_008253,sample_02850,The girl just faded - Los Llamarada,1,0.9789530038833618,cnn_revised_20260919T110440Z,cnn_s2_14,val,Log-Mel CNN,0.04809333011507988,0.07409321051090956
seg_008254,sample_02850,The girl just faded - Los Llamarada,1,0.964369535446167,cnn_revised_20260919T110440Z,cnn_s2_14,val,Log-Mel CNN,0.04809333011507988,0.07409321051090956
seg_008255,sample_02850,The girl just faded - Los Llamarada,1,0.9998321533203125,cnn_revised_20260919T110440Z,cnn_s2_14,val,Log-Mel CNN,0.04809333011507988,0.07409321051090956
seg_008265,sample_02854,Voxel - Andy G. Cohen,1,0.15774211287498474,cnn_revised_20260919T110440Z,cnn_s2_14,val,Log-Mel CNN,0.04809333011507988,0.07409321051090956
seg_008266,sample_02854,Voxel - Andy G. Cohen,1,0.3525440990924835,cnn_revised_20260919T110440Z,cnn_s2_14,val,Log-Mel CNN,0.04809333011507988,0.07409321051090956
seg_008267,sample_02854,Voxel - Andy G. Cohen,1,0.9745156168937683,cnn_revised_20260919T110440Z,cnn_s2_14,val,Log-Mel CNN,0.04809333011507988,0.07409321051090956
seg_008289,sample_02862,В Наших Сердцах - Чокнутый Пропеллер,1,0.4314870536327362,cnn_revised_20260919T110440Z,cnn_s2_14,val,Log-Mel CNN,0.04809333011507988,0.07409321051090956
seg_008290,sample_02862,В Наших Сердцах - Чокнутый Пропеллер,1,0.30306556820869446,cnn_revised_20260919T110440Z,cnn_s2_14,val,Log-Mel CNN,0.04809333011507988,0.07409321051090956
seg_008291,sample_02862,В Наших Сердцах - Чокнутый Пропеллер,1,0.9837552309036255,cnn_revised_20260919T110440Z,cnn_s2_14,val,Log-Mel CNN,0.04809333011507988,0.07409321051090956
seg_008295,sample_02864,В Наших Сердцах - Чокнутый Пропеллер,1,0.0731315165758133,cnn_revised_20260919T110440Z,cnn_s2_14,val,Log-Mel CNN,0.04809333011507988,0.07409321051090956
seg_008296,sample_02864,В Наших Сердцах - Чокнутый Пропеллер,1,0.22064702212810516,cnn_revised_20260919T110440Z,cnn_s2_14,val,Log-Mel CNN,0.04809333011507988,0.07409321051090956
seg_008297,sample_02864,В Наших Сердцах - Чокнутый Пропеллер,1,0.937624990940094,cnn_revised_20260919T110440Z,cnn_s2_14,val,Log-Mel CNN,0.04809333011507988,0.07409321051090956
seg_008304,sample_02867,2 (Wasn't There) - Isle of Pine,1,0.22666706144809723,cnn_revised_20260919T110440Z,cnn_s2_14,val,Log-Mel CNN,0.04809333011507988,0.07409321051090956
seg_008305,sample_02867,2 (Wasn't There) - Isle of Pine,1,0.04072435572743416,cnn_revised_20260919T110440Z,cnn_s2_14,val,Log-Mel CNN,0.04809333011507988,0.07409321051090956
seg_008306,sample_02867,2 (Wasn't There) - Isle of Pine,1,0.06112079322338104,cnn_revised_20260919T110440Z,cnn_s2_14,val,Log-Mel CNN,0.04809333011507988,0.07409321051090956
seg_008307,sample_02868,2 (Wasn't There) - Isle of Pine,1,0.5928391814231873,cnn_revised_20260919T110440Z,cnn_s2_14,val,Log-Mel CNN,0.04809333011507988,0.07409321051090956
seg_008308,sample_02868,2 (Wasn't There) - Isle of Pine,1,0.008863379247486591,cnn_revised_20260919T110440Z,cnn_s2_14,val,Log-Mel CNN,0.04809333011507988,0.07409321051090956
seg_008309,sample_02868,2 (Wasn't There) - Isle of Pine,1,0.9815744757652283,cnn_revised_20260919T110440Z,cnn_s2_14,val,Log-Mel CNN,0.04809333011507988,0.07409321051090956
seg_008400,sample_02899,CopperNickle - UncleBibby,1,0.9840701818466187,cnn_revised_20260919T110440Z,cnn_s2_14,val,Log-Mel CNN,0.04809333011507988,0.07409321051090956
seg_008401,sample_02899,CopperNickle - UncleBibby,1,0.004836393054574728,cnn_revised_20260919T110440Z,cnn_s2_14,val,Log-Mel CNN,0.04809333011507988,0.07409321051090956
seg_008402,sample_02899,CopperNickle - UncleBibby,1,0.32628047466278076,cnn_revised_20260919T110440Z,cnn_s2_14,val,Log-Mel CNN,0.04809333011507988,0.07409321051090956
seg_008403,sample_02900,CopperNickle - UncleBibby,1,0.0003109257377218455,cnn_revised_20260919T110440Z,cnn_s2_14,val,Log-Mel CNN,0.04809333011507988,0.07409321051090956
seg_008404,sample_02900,CopperNickle - UncleBibby,1,0.02030424401164055,cnn_revised_20260919T110440Z,cnn_s2_14,val,Log-Mel CNN,0.04809333011507988,0.07409321051090956
seg_008405,sample_02900,CopperNickle - UncleBibby,1,0.22772464156150818,cnn_revised_20260919T110440Z,cnn_s2_14,val,Log-Mel CNN,0.04809333011507988,0.07409321051090956
seg_008418,sample_02905,Daylight Savings - My brother Daniel,1,0.6492756009101868,cnn_revised_20260919T110440Z,cnn_s2_14,val,Log-Mel CNN,0.04809333011507988,0.07409321051090956
seg_008419,sample_02905,Daylight Savings - My brother Daniel,1,0.021023649722337723,cnn_revised_20260919T110440Z,cnn_s2_14,val,Log-Mel CNN,0.04809333011507988,0.07409321051090956
seg_008420,sample_02905,Daylight Savings - My brother Daniel,1,0.7956525087356567,cnn_revised_20260919T110440Z,cnn_s2_14,val,Log-Mel CNN,0.04809333011507988,0.07409321051090956
seg_008421,sample_02906,Daylight Savings - My brother Daniel,1,0.006699305027723312,cnn_revised_20260919T110440Z,cnn_s2_14,val,Log-Mel CNN,0.04809333011507988,0.07409321051090956
seg_008422,sample_02906,Daylight Savings - My brother Daniel,1,0.03366544097661972,cnn_revised_20260919T110440Z,cnn_s2_14,val,Log-Mel CNN,0.04809333011507988,0.07409321051090956
seg_008423,sample_02906,Daylight Savings - My brother Daniel,1,0.9351009130477905,cnn_revised_20260919T110440Z,cnn_s2_14,val,Log-Mel CNN,0.04809333011507988,0.07409321051090956
seg_008448,sample_02915,Empty Pockets - Pete Prodoehl,1,0.9868822693824768,cnn_revised_20260919T110440Z,cnn_s2_14,val,Log-Mel CNN,0.04809333011507988,0.07409321051090956
seg_008449,sample_02915,Empty Pockets - Pete Prodoehl,1,0.861351490020752,cnn_revised_20260919T110440Z,cnn_s2_14,val,Log-Mel CNN,0.04809333011507988,0.07409321051090956
seg_008450,sample_02915,Empty Pockets - Pete Prodoehl,1,0.07779942452907562,cnn_revised_20260919T110440Z,cnn_s2_14,val,Log-Mel CNN,0.04809333011507988,0.07409321051090956
seg_008451,sample_02916,Empty Pockets - Pete Prodoehl,1,0.8728396892547607,cnn_revised_20260919T110440Z,cnn_s2_14,val,Log-Mel CNN,0.04809333011507988,0.07409321051090956
seg_008452,sample_02916,Empty Pockets - Pete Prodoehl,1,0.11516892910003662,cnn_revised_20260919T110440Z,cnn_s2_14,val,Log-Mel CNN,0.04809333011507988,0.07409321051090956
seg_008453,sample_02916,Empty Pockets - Pete Prodoehl,1,0.981300950050354,cnn_revised_20260919T110440Z,cnn_s2_14,val,Log-Mel CNN,0.04809333011507988,0.07409321051090956
seg_008460,sample_02919,Evil Cannot Create - Caleb Lemond,1,0.990403413772583,cnn_revised_20260919T110440Z,cnn_s2_14,val,Log-Mel CNN,0.04809333011507988,0.07409321051090956
seg_008461,sample_02919,Evil Cannot Create - Caleb Lemond,1,0.26552629470825195,cnn_revised_20260919T110440Z,cnn_s2_14,val,Log-Mel CNN,0.04809333011507988,0.07409321051090956
seg_008462,sample_02919,Evil Cannot Create - Caleb Lemond,1,0.9266107678413391,cnn_revised_20260919T110440Z,cnn_s2_14,val,Log-Mel CNN,0.04809333011507988,0.07409321051090956
seg_008463,sample_02920,Evil Cannot Create - Caleb Lemond,1,0.9570432901382446,cnn_revised_20260919T110440Z,cnn_s2_14,val,Log-Mel CNN,0.04809333011507988,0.07409321051090956
seg_008464,sample_02920,Evil Cannot Create - Caleb Lemond,1,0.20017360150814056,cnn_revised_20260919T110440Z,cnn_s2_14,val,Log-Mel CNN,0.04809333011507988,0.07409321051090956
seg_008465,sample_02920,Evil Cannot Create - Caleb Lemond,1,0.177903413772583,cnn_revised_20260919T110440Z,cnn_s2_14,val,Log-Mel CNN,0.04809333011507988,0.07409321051090956
seg_008502,sample_02933,Gila Monster Flop/Music History Lesson:The Sonics - The Crypts!,1,0.09692779928445816,cnn_revised_20260919T110440Z,cnn_s2_14,val,Log-Mel CNN,0.04809333011507988,0.07409321051090956
seg_008503,sample_02933,Gila Monster Flop/Music History Lesson:The Sonics - The Crypts!,1,0.34720122814178467,cnn_revised_20260919T110440Z,cnn_s2_14,val,Log-Mel CNN,0.04809333011507988,0.07409321051090956
seg_008504,sample_02933,Gila Monster Flop/Music History Lesson:The Sonics - The Crypts!,1,0.3533230125904083,cnn_revised_20260919T110440Z,cnn_s2_14,val,Log-Mel CNN,0.04809333011507988,0.07409321051090956
seg_008505,sample_02934,Gila Monster Flop/Music History Lesson:The Sonics - The Crypts!,1,0.010928334668278694,cnn_revised_20260919T110440Z,cnn_s2_14,val,Log-Mel CNN,0.04809333011507988,0.07409321051090956
seg_008506,sample_02934,Gila Monster Flop/Music History Lesson:The Sonics - The Crypts!,1,0.042889516800642014,cnn_revised_20260919T110440Z,cnn_s2_14,val,Log-Mel CNN,0.04809333011507988,0.07409321051090956
seg_008507,sample_02934,Gila Monster Flop/Music History Lesson:The Sonics - The Crypts!,1,0.09919200837612152,cnn_revised_20260919T110440Z,cnn_s2_14,val,Log-Mel CNN,0.04809333011507988,0.07409321051090956
seg_008538,sample_02945,I Fell - Mod Fun,1,0.014256687834858894,cnn_revised_20260919T110440Z,cnn_s2_14,val,Log-Mel CNN,0.04809333011507988,0.07409321051090956
seg_008539,sample_02945,I Fell - Mod Fun,1,0.035964421927928925,cnn_revised_20260919T110440Z,cnn_s2_14,val,Log-Mel CNN,0.04809333011507988,0.07409321051090956
seg_008540,sample_02945,I Fell - Mod Fun,1,0.664777934551239,cnn_revised_20260919T110440Z,cnn_s2_14,val,Log-Mel CNN,0.04809333011507988,0.07409321051090956
seg_008541,sample_02946,I Fell - Mod Fun,1,0.009087380953133106,cnn_revised_20260919T110440Z,cnn_s2_14,val,Log-Mel CNN,0.04809333011507988,0.07409321051090956
seg_008542,sample_02946,I Fell - Mod Fun,1,0.12068936228752136,cnn_revised_20260919T110440Z,cnn_s2_14,val,Log-Mel CNN,0.04809333011507988,0.07409321051090956
seg_008543,sample_02946,I Fell - Mod Fun,1,0.5160976648330688,cnn_revised_20260919T110440Z,cnn_s2_14,val,Log-Mel CNN,0.04809333011507988,0.07409321051090956
seg_008652,sample_02983,March of the GPA Mechanics - [t]ghost,1,0.004749735351651907,cnn_revised_20260919T110440Z,cnn_s2_14,val,Log-Mel CNN,0.04809333011507988,0.07409321051090956
seg_008653,sample_02983,March of the GPA Mechanics - [t]ghost,1,0.4484672248363495,cnn_revised_20260919T110440Z,cnn_s2_14,val,Log-Mel CNN,0.04809333011507988,0.07409321051090956
seg_008654,sample_02983,March of the GPA Mechanics - [t]ghost,1,0.9155653119087219,cnn_revised_20260919T110440Z,cnn_s2_14,val,Log-Mel CNN,0.04809333011507988,0.07409321051090956
seg_008655,sample_02984,March of the GPA Mechanics - [t]ghost,1,0.020172808319330215,cnn_revised_20260919T110440Z,cnn_s2_14,val,Log-Mel CNN,0.04809333011507988,0.07409321051090956
seg_008656,sample_02984,March of the GPA Mechanics - [t]ghost,1,0.07074882835149765,cnn_revised_20260919T110440Z,cnn_s2_14,val,Log-Mel CNN,0.04809333011507988,0.07409321051090956
seg_008657,sample_02984,March of the GPA Mechanics - [t]ghost,1,0.8963608145713806,cnn_revised_20260919T110440Z,cnn_s2_14,val,Log-Mel CNN,0.04809333011507988,0.07409321051090956
seg_008700,sample_02999,New Life (take 1) - Bird Names,1,0.02282317355275154,cnn_revised_20260919T110440Z,cnn_s2_14,val,Log-Mel CNN,0.04809333011507988,0.07409321051090956
seg_008701,sample_02999,New Life (take 1) - Bird Names,1,0.02023112215101719,cnn_revised_20260919T110440Z,cnn_s2_14,val,Log-Mel CNN,0.04809333011507988,0.07409321051090956
seg_008702,sample_02999,New Life (take 1) - Bird Names,1,0.8051867485046387,cnn_revised_20260919T110440Z,cnn_s2_14,val,Log-Mel CNN,0.04809333011507988,0.07409321051090956
seg_008703,sample_03000,New Life (take 1) - Bird Names,1,0.16132797300815582,cnn_revised_20260919T110440Z,cnn_s2_14,val,Log-Mel CNN,0.04809333011507988,0.07409321051090956
seg_008704,sample_03000,New Life (take 1) - Bird Names,1,0.029084250330924988,cnn_revised_20260919T110440Z,cnn_s2_14,val,Log-Mel CNN,0.04809333011507988,0.07409321051090956
seg_008705,sample_03000,New Life (take 1) - Bird Names,1,0.6294524073600769,cnn_revised_20260919T110440Z,cnn_s2_14,val,Log-Mel CNN,0.04809333011507988,0.07409321051090956
seg_008706,sample_03001,Night Drive - Decktonic,1,0.08326136320829391,cnn_revised_20260919T110440Z,cnn_s2_14,val,Log-Mel CNN,0.04809333011507988,0.07409321051090956
seg_008707,sample_03001,Night Drive - Decktonic,1,0.13523328304290771,cnn_revised_20260919T110440Z,cnn_s2_14,val,Log-Mel CNN,0.04809333011507988,0.07409321051090956
seg_008708,sample_03001,Night Drive - Decktonic,1,0.5831710696220398,cnn_revised_20260919T110440Z,cnn_s2_14,val,Log-Mel CNN,0.04809333011507988,0.07409321051090956
seg_008709,sample_03002,Night Drive - Decktonic,1,0.1656070202589035,cnn_revised_20260919T110440Z,cnn_s2_14,val,Log-Mel CNN,0.04809333011507988,0.07409321051090956
seg_008710,sample_03002,Night Drive - Decktonic,1,0.19239185750484467,cnn_revised_20260919T110440Z,cnn_s2_14,val,Log-Mel CNN,0.04809333011507988,0.07409321051090956
seg_008711,sample_03002,Night Drive - Decktonic,1,0.9466358423233032,cnn_revised_20260919T110440Z,cnn_s2_14,val,Log-Mel CNN,0.04809333011507988,0.07409321051090956
seg_008724,sample_03007,Norweigian Wood II - Bird Names,1,0.15293341875076294,cnn_revised_20260919T110440Z,cnn_s2_14,val,Log-Mel CNN,0.04809333011507988,0.07409321051090956
seg_008725,sample_03007,Norweigian Wood II - Bird Names,1,0.12689651548862457,cnn_revised_20260919T110440Z,cnn_s2_14,val,Log-Mel CNN,0.04809333011507988,0.07409321051090956
seg_008726,sample_03007,Norweigian Wood II - Bird Names,1,0.7224865555763245,cnn_revised_20260919T110440Z,cnn_s2_14,val,Log-Mel CNN,0.04809333011507988,0.07409321051090956
seg_008727,sample_03008,Norweigian Wood II - Bird Names,1,0.21395449340343475,cnn_revised_20260919T110440Z,cnn_s2_14,val,Log-Mel CNN,0.04809333011507988,0.07409321051090956
seg_008728,sample_03008,Norweigian Wood II - Bird Names,1,0.12712009251117706,cnn_revised_20260919T110440Z,cnn_s2_14,val,Log-Mel CNN,0.04809333011507988,0.07409321051090956
seg_008729,sample_03008,Norweigian Wood II - Bird Names,1,0.818038284778595,cnn_revised_20260919T110440Z,cnn_s2_14,val,Log-Mel CNN,0.04809333011507988,0.07409321051090956
seg_008736,sample_03011,Nuo Maisemat - Paavoharju,1,0.07650987058877945,cnn_revised_20260919T110440Z,cnn_s2_14,val,Log-Mel CNN,0.04809333011507988,0.07409321051090956
seg_008737,sample_03011,Nuo Maisemat - Paavoharju,1,0.24932338297367096,cnn_revised_20260919T110440Z,cnn_s2_14,val,Log-Mel CNN,0.04809333011507988,0.07409321051090956
seg_008738,sample_03011,Nuo Maisemat - Paavoharju,1,0.4864511489868164,cnn_revised_20260919T110440Z,cnn_s2_14,val,Log-Mel CNN,0.04809333011507988,0.07409321051090956
seg_008739,sample_03012,Nuo Maisemat - Paavoharju,1,0.9383530616760254,cnn_revised_20260919T110440Z,cnn_s2_14,val,Log-Mel CNN,0.04809333011507988,0.07409321051090956
seg_008740,sample_03012,Nuo Maisemat - Paavoharju,1,0.8343350291252136,cnn_revised_20260919T110440Z,cnn_s2_14,val,Log-Mel CNN,0.04809333011507988,0.07409321051090956
seg_008741,sample_03012,Nuo Maisemat - Paavoharju,1,0.06949273496866226,cnn_revised_20260919T110440Z,cnn_s2_14,val,Log-Mel CNN,0.04809333011507988,0.07409321051090956
seg_008844,sample_03047,Roller Star - Monroeville Music Center,1,0.0053266012109816074,cnn_revised_20260919T110440Z,cnn_s2_14,val,Log-Mel CNN,0.04809333011507988,0.07409321051090956
seg_008845,sample_03047,Roller Star - Monroeville Music Center,1,0.0020294045098125935,cnn_revised_20260919T110440Z,cnn_s2_14,val,Log-Mel CNN,0.04809333011507988,0.07409321051090956
seg_008846,sample_03047,Roller Star - Monroeville Music Center,1,0.571594774723053,cnn_revised_20260919T110440Z,cnn_s2_14,val,Log-Mel CNN,0.04809333011507988,0.07409321051090956
seg_008847,sample_03048,Roller Star - Monroeville Music Center,1,0.006235875654965639,cnn_revised_20260919T110440Z,cnn_s2_14,val,Log-Mel CNN,0.04809333011507988,0.07409321051090956
seg_008848,sample_03048,Roller Star - Monroeville Music Center,1,0.004199175629764795,cnn_revised_20260919T110440Z,cnn_s2_14,val,Log-Mel CNN,0.04809333011507988,0.07409321051090956
seg_008849,sample_03048,Roller Star - Monroeville Music Center,1,0.8374803066253662,cnn_revised_20260919T110440Z,cnn_s2_14,val,Log-Mel CNN,0.04809333011507988,0.07409321051090956
seg_008850,sample_03049,"Roundtrip - Oh Yeah, the Future",1,0.8566103577613831,cnn_revised_20260919T110440Z,cnn_s2_14,val,Log-Mel CNN,0.04809333011507988,0.07409321051090956
seg_008851,sample_03049,"Roundtrip - Oh Yeah, the Future",1,0.04000690206885338,cnn_revised_20260919T110440Z,cnn_s2_14,val,Log-Mel CNN,0.04809333011507988,0.07409321051090956
seg_008852,sample_03049,"Roundtrip - Oh Yeah, the Future",1,0.9738698601722717,cnn_revised_20260919T110440Z,cnn_s2_14,val,Log-Mel CNN,0.04809333011507988,0.07409321051090956
seg_008853,sample_03050,"Roundtrip - Oh Yeah, the Future",1,0.5028636455535889,cnn_revised_20260919T110440Z,cnn_s2_14,val,Log-Mel CNN,0.04809333011507988,0.07409321051090956
seg_008854,sample_03050,"Roundtrip - Oh Yeah, the Future",1,0.010549443773925304,cnn_revised_20260919T110440Z,cnn_s2_14,val,Log-Mel CNN,0.04809333011507988,0.07409321051090956
seg_008855,sample_03050,"Roundtrip - Oh Yeah, the Future",1,0.9943132400512695,cnn_revised_20260919T110440Z,cnn_s2_14,val,Log-Mel CNN,0.04809333011507988,0.07409321051090956
seg_008862,sample_03053,SD (Ill Mix) - H-LR,1,0.012388584204018116,cnn_revised_20260919T110440Z,cnn_s2_14,val,Log-Mel CNN,0.04809333011507988,0.07409321051090956
seg_008863,sample_03053,SD (Ill Mix) - H-LR,1,0.03253805264830589,cnn_revised_20260919T110440Z,cnn_s2_14,val,Log-Mel CNN,0.04809333011507988,0.07409321051090956
seg_008864,sample_03053,SD (Ill Mix) - H-LR,1,0.9600566029548645,cnn_revised_20260919T110440Z,cnn_s2_14,val,Log-Mel CNN,0.04809333011507988,0.07409321051090956
seg_008865,sample_03054,SD (Ill Mix) - H-LR,1,0.6566547155380249,cnn_revised_20260919T110440Z,cnn_s2_14,val,Log-Mel CNN,0.04809333011507988,0.07409321051090956
seg_008866,sample_03054,SD (Ill Mix) - H-LR,1,0.038707345724105835,cnn_revised_20260919T110440Z,cnn_s2_14,val,Log-Mel CNN,0.04809333011507988,0.07409321051090956
seg_008867,sample_03054,SD (Ill Mix) - H-LR,1,0.8570287823677063,cnn_revised_20260919T110440Z,cnn_s2_14,val,Log-Mel CNN,0.04809333011507988,0.07409321051090956
seg_008868,sample_03055,Scramby Eggs - Andy G. Cohen,1,0.16667668521404266,cnn_revised_20260919T110440Z,cnn_s2_14,val,Log-Mel CNN,0.04809333011507988,0.07409321051090956
seg_008869,sample_03055,Scramby Eggs - Andy G. Cohen,1,0.004836778622120619,cnn_revised_20260919T110440Z,cnn_s2_14,val,Log-Mel CNN,0.04809333011507988,0.07409321051090956
seg_008870,sample_03055,Scramby Eggs - Andy G. Cohen,1,0.2547863721847534,cnn_revised_20260919T110440Z,cnn_s2_14,val,Log-Mel CNN,0.04809333011507988,0.07409321051090956
seg_008871,sample_03056,Scramby Eggs - Andy G. Cohen,1,0.12688632309436798,cnn_revised_20260919T110440Z,cnn_s2_14,val,Log-Mel CNN,0.04809333011507988,0.07409321051090956
seg_008872,sample_03056,Scramby Eggs - Andy G. Cohen,1,0.0018076011911034584,cnn_revised_20260919T110440Z,cnn_s2_14,val,Log-Mel CNN,0.04809333011507988,0.07409321051090956
seg_008873,sample_03056,Scramby Eggs - Andy G. Cohen,1,0.08711052685976028,cnn_revised_20260919T110440Z,cnn_s2_14,val,Log-Mel CNN,0.04809333011507988,0.07409321051090956
seg_008910,sample_03069,Soleares&beats - Malaventura,1,0.5176639556884766,cnn_revised_20260919T110440Z,cnn_s2_14,val,Log-Mel CNN,0.04809333011507988,0.07409321051090956
seg_008911,sample_03069,Soleares&beats - Malaventura,1,0.033042240887880325,cnn_revised_20260919T110440Z,cnn_s2_14,val,Log-Mel CNN,0.04809333011507988,0.07409321051090956
seg_008912,sample_03069,Soleares&beats - Malaventura,1,0.10167252272367477,cnn_revised_20260919T110440Z,cnn_s2_14,val,Log-Mel CNN,0.04809333011507988,0.07409321051090956
seg_008913,sample_03070,Soleares&beats - Malaventura,1,0.20503272116184235,cnn_revised_20260919T110440Z,cnn_s2_14,val,Log-Mel CNN,0.04809333011507988,0.07409321051090956
seg_008914,sample_03070,Soleares&beats - Malaventura,1,0.21624769270420074,cnn_revised_20260919T110440Z,cnn_s2_14,val,Log-Mel CNN,0.04809333011507988,0.07409321051090956
seg_008915,sample_03070,Soleares&beats - Malaventura,1,0.6242280602455139,cnn_revised_20260919T110440Z,cnn_s2_14,val,Log-Mel CNN,0.04809333011507988,0.07409321051090956
seg_008934,sample_03077,Stockholm Syndrome / People Should Be More Aware - Bird Names,1,0.14311079680919647,cnn_revised_20260919T110440Z,cnn_s2_14,val,Log-Mel CNN,0.04809333011507988,0.07409321051090956
seg_008935,sample_03077,Stockholm Syndrome / People Should Be More Aware - Bird Names,1,0.9437969326972961,cnn_revised_20260919T110440Z,cnn_s2_14,val,Log-Mel CNN,0.04809333011507988,0.07409321051090956
seg_008936,sample_03077,Stockholm Syndrome / People Should Be More Aware - Bird Names,1,0.8661266565322876,cnn_revised_20260919T110440Z,cnn_s2_14,val,Log-Mel CNN,0.04809333011507988,0.07409321051090956
seg_008937,sample_03078,Stockholm Syndrome / People Should Be More Aware - Bird Names,1,0.00018559380259830505,cnn_revised_20260919T110440Z,cnn_s2_14,val,Log-Mel CNN,0.04809333011507988,0.07409321051090956
seg_008938,sample_03078,Stockholm Syndrome / People Should Be More Aware - Bird Names,1,0.02438492141664028,cnn_revised_20260919T110440Z,cnn_s2_14,val,Log-Mel CNN,0.04809333011507988,0.07409321051090956
seg_008939,sample_03078,Stockholm Syndrome / People Should Be More Aware - Bird Names,1,0.0014695562422275543,cnn_revised_20260919T110440Z,cnn_s2_14,val,Log-Mel CNN,0.04809333011507988,0.07409321051090956
seg_009030,sample_03109,The girl just faded - Los Llamarada,1,0.9065890908241272,cnn_revised_20260919T110440Z,cnn_s2_14,val,Log-Mel CNN,0.04809333011507988,0.07409321051090956
seg_009031,sample_03109,The girl just faded - Los Llamarada,1,0.010342882946133614,cnn_revised_20260919T110440Z,cnn_s2_14,val,Log-Mel CNN,0.04809333011507988,0.07409321051090956
seg_009032,sample_03109,The girl just faded - Los Llamarada,1,0.7442986965179443,cnn_revised_20260919T110440Z,cnn_s2_14,val,Log-Mel CNN,0.04809333011507988,0.07409321051090956
seg_009033,sample_03110,The girl just faded - Los Llamarada,1,0.1342744380235672,cnn_revised_20260919T110440Z,cnn_s2_14,val,Log-Mel CNN,0.04809333011507988,0.07409321051090956
seg_009034,sample_03110,The girl just faded - Los Llamarada,1,0.09526265412569046,cnn_revised_20260919T110440Z,cnn_s2_14,val,Log-Mel CNN,0.04809333011507988,0.07409321051090956
seg_009035,sample_03110,The girl just faded - Los Llamarada,1,0.5796656608581543,cnn_revised_20260919T110440Z,cnn_s2_14,val,Log-Mel CNN,0.04809333011507988,0.07409321051090956
seg_009042,sample_03113,Time Is Love - Silence is full of birds,1,0.08270681649446487,cnn_revised_20260919T110440Z,cnn_s2_14,val,Log-Mel CNN,0.04809333011507988,0.07409321051090956
seg_009043,sample_03113,Time Is Love - Silence is full of birds,1,0.023880569264292717,cnn_revised_20260919T110440Z,cnn_s2_14,val,Log-Mel CNN,0.04809333011507988,0.07409321051090956
seg_009044,sample_03113,Time Is Love - Silence is full of birds,1,0.9340793490409851,cnn_revised_20260919T110440Z,cnn_s2_14,val,Log-Mel CNN,0.04809333011507988,0.07409321051090956
seg_009045,sample_03114,Time Is Love - Silence is full of birds,1,0.5931215882301331,cnn_revised_20260919T110440Z,cnn_s2_14,val,Log-Mel CNN,0.04809333011507988,0.07409321051090956
seg_009046,sample_03114,Time Is Love - Silence is full of birds,1,0.0237442459911108,cnn_revised_20260919T110440Z,cnn_s2_14,val,Log-Mel CNN,0.04809333011507988,0.07409321051090956
seg_009047,sample_03114,Time Is Love - Silence is full of birds,1,0.24935388565063477,cnn_revised_20260919T110440Z,cnn_s2_14,val,Log-Mel CNN,0.04809333011507988,0.07409321051090956
seg_009078,sample_03125,Voxel - Andy G. Cohen,1,0.22331812977790833,cnn_revised_20260919T110440Z,cnn_s2_14,val,Log-Mel CNN,0.04809333011507988,0.07409321051090956
seg_009079,sample_03125,Voxel - Andy G. Cohen,1,0.001994713442400098,cnn_revised_20260919T110440Z,cnn_s2_14,val,Log-Mel CNN,0.04809333011507988,0.07409321051090956
seg_009080,sample_03125,Voxel - Andy G. Cohen,1,0.1730019748210907,cnn_revised_20260919T110440Z,cnn_s2_14,val,Log-Mel CNN,0.04809333011507988,0.07409321051090956
seg_009081,sample_03126,Voxel - Andy G. Cohen,1,0.3441314101219177,cnn_revised_20260919T110440Z,cnn_s2_14,val,Log-Mel CNN,0.04809333011507988,0.07409321051090956
seg_009082,sample_03126,Voxel - Andy G. Cohen,1,0.002718544565141201,cnn_revised_20260919T110440Z,cnn_s2_14,val,Log-Mel CNN,0.04809333011507988,0.07409321051090956
seg_009083,sample_03126,Voxel - Andy G. Cohen,1,0.7095039486885071,cnn_revised_20260919T110440Z,cnn_s2_14,val,Log-Mel CNN,0.04809333011507988,0.07409321051090956
seg_009114,sample_03137,Windows of the Skull - Sarin,1,0.9759904742240906,cnn_revised_20260919T110440Z,cnn_s2_14,val,Log-Mel CNN,0.04809333011507988,0.07409321051090956
seg_009115,sample_03137,Windows of the Skull - Sarin,1,0.015377834439277649,cnn_revised_20260919T110440Z,cnn_s2_14,val,Log-Mel CNN,0.04809333011507988,0.07409321051090956
seg_009116,sample_03137,Windows of the Skull - Sarin,1,0.9727756381034851,cnn_revised_20260919T110440Z,cnn_s2_14,val,Log-Mel CNN,0.04809333011507988,0.07409321051090956
seg_009117,sample_03138,Windows of the Skull - Sarin,1,0.9613560438156128,cnn_revised_20260919T110440Z,cnn_s2_14,val,Log-Mel CNN,0.04809333011507988,0.07409321051090956
seg_009118,sample_03138,Windows of the Skull - Sarin,1,0.030304228886961937,cnn_revised_20260919T110440Z,cnn_s2_14,val,Log-Mel CNN,0.04809333011507988,0.07409321051090956
seg_009119,sample_03138,Windows of the Skull - Sarin,1,0.7055492997169495,cnn_revised_20260919T110440Z,cnn_s2_14,val,Log-Mel CNN,0.04809333011507988,0.07409321051090956
seg_009168,sample_03155,mystery team 2090 - Jesse Futerman,1,0.8883679509162903,cnn_revised_20260919T110440Z,cnn_s2_14,val,Log-Mel CNN,0.04809333011507988,0.07409321051090956
seg_009169,sample_03155,mystery team 2090 - Jesse Futerman,1,0.43963363766670227,cnn_revised_20260919T110440Z,cnn_s2_14,val,Log-Mel CNN,0.04809333011507988,0.07409321051090956
seg_009170,sample_03155,mystery team 2090 - Jesse Futerman,1,0.7667523622512817,cnn_revised_20260919T110440Z,cnn_s2_14,val,Log-Mel CNN,0.04809333011507988,0.07409321051090956
seg_009171,sample_03156,mystery team 2090 - Jesse Futerman,1,0.06850942969322205,cnn_revised_20260919T110440Z,cnn_s2_14,val,Log-Mel CNN,0.04809333011507988,0.07409321051090956
seg_009172,sample_03156,mystery team 2090 - Jesse Futerman,1,0.44201377034187317,cnn_revised_20260919T110440Z,cnn_s2_14,val,Log-Mel CNN,0.04809333011507988,0.07409321051090956
seg_009173,sample_03156,mystery team 2090 - Jesse Futerman,1,0.3905383050441742,cnn_revised_20260919T110440Z,cnn_s2_14,val,Log-Mel CNN,0.04809333011507988,0.07409321051090956
seg_009192,sample_03163,Новый Нью-Йорк 2 - Чокнутый Пропеллер,1,0.02729066275060177,cnn_revised_20260919T110440Z,cnn_s2_14,val,Log-Mel CNN,0.04809333011507988,0.07409321051090956
seg_009193,sample_03163,Новый Нью-Йорк 2 - Чокнутый Пропеллер,1,0.11789144575595856,cnn_revised_20260919T110440Z,cnn_s2_14,val,Log-Mel CNN,0.04809333011507988,0.07409321051090956
seg_009194,sample_03163,Новый Нью-Йорк 2 - Чокнутый Пропеллер,1,0.2055589258670807,cnn_revised_20260919T110440Z,cnn_s2_14,val,Log-Mel CNN,0.04809333011507988,0.07409321051090956
seg_009195,sample_03164,Новый Нью-Йорк 2 - Чокнутый Пропеллер,1,0.10907351970672607,cnn_revised_20260919T110440Z,cnn_s2_14,val,Log-Mel CNN,0.04809333011507988,0.07409321051090956
seg_009196,sample_03164,Новый Нью-Йорк 2 - Чокнутый Пропеллер,1,0.2097875326871872,cnn_revised_20260919T110440Z,cnn_s2_14,val,Log-Mel CNN,0.04809333011507988,0.07409321051090956
seg_009197,sample_03164,Новый Нью-Йорк 2 - Чокнутый Пропеллер,1,0.7408183813095093,cnn_revised_20260919T110440Z,cnn_s2_14,val,Log-Mel CNN,0.04809333011507988,0.07409321051090956
seg_009207,sample_03168,2 (Wasn't There) - Isle of Pine,1,0.40990149974823,cnn_revised_20260919T110440Z,cnn_s2_14,val,Log-Mel CNN,0.04809333011507988,0.07409321051090956
seg_009208,sample_03168,2 (Wasn't There) - Isle of Pine,1,0.05326028913259506,cnn_revised_20260919T110440Z,cnn_s2_14,val,Log-Mel CNN,0.04809333011507988,0.07409321051090956
seg_009209,sample_03168,2 (Wasn't There) - Isle of Pine,1,0.22197741270065308,cnn_revised_20260919T110440Z,cnn_s2_14,val,Log-Mel CNN,0.04809333011507988,0.07409321051090956
seg_009228,sample_03175,Agora - Malaventura,1,0.04084033519029617,cnn_revised_20260919T110440Z,cnn_s2_14,val,Log-Mel CNN,0.04809333011507988,0.07409321051090956
seg_009229,sample_03175,Agora - Malaventura,1,0.7341371774673462,cnn_revised_20260919T110440Z,cnn_s2_14,val,Log-Mel CNN,0.04809333011507988,0.07409321051090956
seg_009230,sample_03175,Agora - Malaventura,1,0.3754698634147644,cnn_revised_20260919T110440Z,cnn_s2_14,val,Log-Mel CNN,0.04809333011507988,0.07409321051090956
seg_009279,sample_03192,Beyond Luxury - Mors Ontologica,1,0.18569348752498627,cnn_revised_20260919T110440Z,cnn_s2_14,val,Log-Mel CNN,0.04809333011507988,0.07409321051090956
seg_009280,sample_03192,Beyond Luxury - Mors Ontologica,1,0.01154211163520813,cnn_revised_20260919T110440Z,cnn_s2_14,val,Log-Mel CNN,0.04809333011507988,0.07409321051090956
seg_009281,sample_03192,Beyond Luxury - Mors Ontologica,1,0.8295836448669434,cnn_revised_20260919T110440Z,cnn_s2_14,val,Log-Mel CNN,0.04809333011507988,0.07409321051090956
seg_009324,sample_03207,CopperNickle - UncleBibby,1,0.033720165491104126,cnn_revised_20260919T110440Z,cnn_s2_14,val,Log-Mel CNN,0.04809333011507988,0.07409321051090956
seg_009325,sample_03207,CopperNickle - UncleBibby,1,0.7248214483261108,cnn_revised_20260919T110440Z,cnn_s2_14,val,Log-Mel CNN,0.04809333011507988,0.07409321051090956
seg_009326,sample_03207,CopperNickle - UncleBibby,1,0.9052718877792358,cnn_revised_20260919T110440Z,cnn_s2_14,val,Log-Mel CNN,0.04809333011507988,0.07409321051090956
seg_009339,sample_03212,Daylight Savings - My brother Daniel,1,0.6462210416793823,cnn_revised_20260919T110440Z,cnn_s2_14,val,Log-Mel CNN,0.04809333011507988,0.07409321051090956
seg_009340,sample_03212,Daylight Savings - My brother Daniel,1,0.35317179560661316,cnn_revised_20260919T110440Z,cnn_s2_14,val,Log-Mel CNN,0.04809333011507988,0.07409321051090956
seg_009341,sample_03212,Daylight Savings - My brother Daniel,1,0.5978280901908875,cnn_revised_20260919T110440Z,cnn_s2_14,val,Log-Mel CNN,0.04809333011507988,0.07409321051090956
seg_009375,sample_03224,Empty Pockets - Pete Prodoehl,1,0.8372907042503357,cnn_revised_20260919T110440Z,cnn_s2_14,val,Log-Mel CNN,0.04809333011507988,0.07409321051090956
seg_009376,sample_03224,Empty Pockets - Pete Prodoehl,1,0.5638364553451538,cnn_revised_20260919T110440Z,cnn_s2_14,val,Log-Mel CNN,0.04809333011507988,0.07409321051090956
seg_009377,sample_03224,Empty Pockets - Pete Prodoehl,1,0.8397528529167175,cnn_revised_20260919T110440Z,cnn_s2_14,val,Log-Mel CNN,0.04809333011507988,0.07409321051090956
seg_009393,sample_03230,Evil Cannot Create - Caleb Lemond,1,0.8112387657165527,cnn_revised_20260919T110440Z,cnn_s2_14,val,Log-Mel CNN,0.04809333011507988,0.07409321051090956
seg_009394,sample_03230,Evil Cannot Create - Caleb Lemond,1,0.6268551349639893,cnn_revised_20260919T110440Z,cnn_s2_14,val,Log-Mel CNN,0.04809333011507988,0.07409321051090956
seg_009395,sample_03230,Evil Cannot Create - Caleb Lemond,1,0.9276162385940552,cnn_revised_20260919T110440Z,cnn_s2_14,val,Log-Mel CNN,0.04809333011507988,0.07409321051090956
seg_009399,sample_03232,Fear - Los Fancy Free,1,0.7707228660583496,cnn_revised_20260919T110440Z,cnn_s2_14,val,Log-Mel CNN,0.04809333011507988,0.07409321051090956
seg_009400,sample_03232,Fear - Los Fancy Free,1,0.9252728819847107,cnn_revised_20260919T110440Z,cnn_s2_14,val,Log-Mel CNN,0.04809333011507988,0.07409321051090956
seg_009401,sample_03232,Fear - Los Fancy Free,1,0.1203189566731453,cnn_revised_20260919T110440Z,cnn_s2_14,val,Log-Mel CNN,0.04809333011507988,0.07409321051090956
seg_009402,sample_03233,Fifth Ramble - From the album Keith [RSVP007] - My brother Daniel,1,0.6087233424186707,cnn_revised_20260919T110440Z,cnn_s2_14,val,Log-Mel CNN,0.04809333011507988,0.07409321051090956
seg_009403,sample_03233,Fifth Ramble - From the album Keith [RSVP007] - My brother Daniel,1,0.725824773311615,cnn_revised_20260919T110440Z,cnn_s2_14,val,Log-Mel CNN,0.04809333011507988,0.07409321051090956
seg_009404,sample_03233,Fifth Ramble - From the album Keith [RSVP007] - My brother Daniel,1,0.594373345375061,cnn_revised_20260919T110440Z,cnn_s2_14,val,Log-Mel CNN,0.04809333011507988,0.07409321051090956
seg_009438,sample_03245,Gila Monster Flop/Music History Lesson:The Sonics - The Crypts!,1,0.008765886537730694,cnn_revised_20260919T110440Z,cnn_s2_14,val,Log-Mel CNN,0.04809333011507988,0.07409321051090956
seg_009439,sample_03245,Gila Monster Flop/Music History Lesson:The Sonics - The Crypts!,1,0.06221438944339752,cnn_revised_20260919T110440Z,cnn_s2_14,val,Log-Mel CNN,0.04809333011507988,0.07409321051090956
seg_009440,sample_03245,Gila Monster Flop/Music History Lesson:The Sonics - The Crypts!,1,0.37814393639564514,cnn_revised_20260919T110440Z,cnn_s2_14,val,Log-Mel CNN,0.04809333011507988,0.07409321051090956
seg_009471,sample_03256,If You're Ther - Nicola Ratti,1,0.3589954674243927,cnn_revised_20260919T110440Z,cnn_s2_14,val,Log-Mel CNN,0.04809333011507988,0.07409321051090956
seg_009472,sample_03256,If You're Ther - Nicola Ratti,1,0.9503298401832581,cnn_revised_20260919T110440Z,cnn_s2_14,val,Log-Mel CNN,0.04809333011507988,0.07409321051090956
seg_009473,sample_03256,If You're Ther - Nicola Ratti,1,0.5800855755805969,cnn_revised_20260919T110440Z,cnn_s2_14,val,Log-Mel CNN,0.04809333011507988,0.07409321051090956
seg_009501,sample_03266,I Fell - Mod Fun,1,0.5815367698669434,cnn_revised_20260919T110440Z,cnn_s2_14,val,Log-Mel CNN,0.04809333011507988,0.07409321051090956
seg_009502,sample_03266,I Fell - Mod Fun,1,0.8713274002075195,cnn_revised_20260919T110440Z,cnn_s2_14,val,Log-Mel CNN,0.04809333011507988,0.07409321051090956
seg_009503,sample_03266,I Fell - Mod Fun,1,0.568030595779419,cnn_revised_20260919T110440Z,cnn_s2_14,val,Log-Mel CNN,0.04809333011507988,0.07409321051090956
seg_009549,sample_03282,Kumorizoranohajimarutokoro - Hosomi,1,0.3606696128845215,cnn_revised_20260919T110440Z,cnn_s2_14,val,Log-Mel CNN,0.04809333011507988,0.07409321051090956
seg_009550,sample_03282,Kumorizoranohajimarutokoro - Hosomi,1,0.9945007562637329,cnn_revised_20260919T110440Z,cnn_s2_14,val,Log-Mel CNN,0.04809333011507988,0.07409321051090956
seg_009551,sample_03282,Kumorizoranohajimarutokoro - Hosomi,1,0.9369375705718994,cnn_revised_20260919T110440Z,cnn_s2_14,val,Log-Mel CNN,0.04809333011507988,0.07409321051090956
seg_009585,sample_03294,Lights Up - Pipe Choir,1,0.11119340360164642,cnn_revised_20260919T110440Z,cnn_s2_14,val,Log-Mel CNN,0.04809333011507988,0.07409321051090956
seg_009586,sample_03294,Lights Up - Pipe Choir,1,0.8214265704154968,cnn_revised_20260919T110440Z,cnn_s2_14,val,Log-Mel CNN,0.04809333011507988,0.07409321051090956
seg_009587,sample_03294,Lights Up - Pipe Choir,1,0.31111904978752136,cnn_revised_20260919T110440Z,cnn_s2_14,val,Log-Mel CNN,0.04809333011507988,0.07409321051090956
seg_009603,sample_03300,Loved Ones - Rowan Box,1,0.5510622262954712,cnn_revised_20260919T110440Z,cnn_s2_14,val,Log-Mel CNN,0.04809333011507988,0.07409321051090956
seg_009604,sample_03300,Loved Ones - Rowan Box,1,0.6966037154197693,cnn_revised_20260919T110440Z,cnn_s2_14,val,Log-Mel CNN,0.04809333011507988,0.07409321051090956
seg_009605,sample_03300,Loved Ones - Rowan Box,1,0.43515118956565857,cnn_revised_20260919T110440Z,cnn_s2_14,val,Log-Mel CNN,0.04809333011507988,0.07409321051090956
seg_009615,sample_03304,March of the GPA Mechanics - [t]ghost,1,0.45206549763679504,cnn_revised_20260919T110440Z,cnn_s2_14,val,Log-Mel CNN,0.04809333011507988,0.07409321051090956
seg_009616,sample_03304,March of the GPA Mechanics - [t]ghost,1,0.16427232325077057,cnn_revised_20260919T110440Z,cnn_s2_14,val,Log-Mel CNN,0.04809333011507988,0.07409321051090956
seg_009617,sample_03304,March of the GPA Mechanics - [t]ghost,1,0.8488421440124512,cnn_revised_20260919T110440Z,cnn_s2_14,val,Log-Mel CNN,0.04809333011507988,0.07409321051090956
seg_009636,sample_03311,Morning Bell - Nihilore,1,0.7111203670501709,cnn_revised_20260919T110440Z,cnn_s2_14,val,Log-Mel CNN,0.04809333011507988,0.07409321051090956
seg_009637,sample_03311,Morning Bell - Nihilore,1,0.9448676705360413,cnn_revised_20260919T110440Z,cnn_s2_14,val,Log-Mel CNN,0.04809333011507988,0.07409321051090956
seg_009638,sample_03311,Morning Bell - Nihilore,1,0.7388890981674194,cnn_revised_20260919T110440Z,cnn_s2_14,val,Log-Mel CNN,0.04809333011507988,0.07409321051090956
seg_009651,sample_03316,mystery team 2090 - Jesse Futerman,1,0.14024251699447632,cnn_revised_20260919T110440Z,cnn_s2_14,val,Log-Mel CNN,0.04809333011507988,0.07409321051090956
seg_009652,sample_03316,mystery team 2090 - Jesse Futerman,1,0.7600580453872681,cnn_revised_20260919T110440Z,cnn_s2_14,val,Log-Mel CNN,0.04809333011507988,0.07409321051090956
seg_009653,sample_03316,mystery team 2090 - Jesse Futerman,1,0.3481227457523346,cnn_revised_20260919T110440Z,cnn_s2_14,val,Log-Mel CNN,0.04809333011507988,0.07409321051090956
seg_009654,sample_03317,My Body Is A Weapon (Compromise Edit) - Silence is full of birds,1,0.874461829662323,cnn_revised_20260919T110440Z,cnn_s2_14,val,Log-Mel CNN,0.04809333011507988,0.07409321051090956
seg_009655,sample_03317,My Body Is A Weapon (Compromise Edit) - Silence is full of birds,1,0.4128497540950775,cnn_revised_20260919T110440Z,cnn_s2_14,val,Log-Mel CNN,0.04809333011507988,0.07409321051090956
seg_009656,sample_03317,My Body Is A Weapon (Compromise Edit) - Silence is full of birds,1,0.18486598134040833,cnn_revised_20260919T110440Z,cnn_s2_14,val,Log-Mel CNN,0.04809333011507988,0.07409321051090956
seg_009666,sample_03321,New Life (take 1) - Bird Names,1,0.7970170974731445,cnn_revised_20260919T110440Z,cnn_s2_14,val,Log-Mel CNN,0.04809333011507988,0.07409321051090956
seg_009667,sample_03321,New Life (take 1) - Bird Names,1,0.9574671387672424,cnn_revised_20260919T110440Z,cnn_s2_14,val,Log-Mel CNN,0.04809333011507988,0.07409321051090956
seg_009668,sample_03321,New Life (take 1) - Bird Names,1,0.5923840403556824,cnn_revised_20260919T110440Z,cnn_s2_14,val,Log-Mel CNN,0.04809333011507988,0.07409321051090956
seg_009672,sample_03323,Night Drive - Decktonic,1,0.5133829116821289,cnn_revised_20260919T110440Z,cnn_s2_14,val,Log-Mel CNN,0.04809333011507988,0.07409321051090956
seg_009673,sample_03323,Night Drive - Decktonic,1,0.735676109790802,cnn_revised_20260919T110440Z,cnn_s2_14,val,Log-Mel CNN,0.04809333011507988,0.07409321051090956
seg_009674,sample_03323,Night Drive - Decktonic,1,0.702065646648407,cnn_revised_20260919T110440Z,cnn_s2_14,val,Log-Mel CNN,0.04809333011507988,0.07409321051090956
seg_009681,sample_03326,Norweigian Wood II - Bird Names,1,0.06428177654743195,cnn_revised_20260919T110440Z,cnn_s2_14,val,Log-Mel CNN,0.04809333011507988,0.07409321051090956
seg_009682,sample_03326,Norweigian Wood II - Bird Names,1,0.03986334055662155,cnn_revised_20260919T110440Z,cnn_s2_14,val,Log-Mel CNN,0.04809333011507988,0.07409321051090956
seg_009683,sample_03326,Norweigian Wood II - Bird Names,1,0.5503864884376526,cnn_revised_20260919T110440Z,cnn_s2_14,val,Log-Mel CNN,0.04809333011507988,0.07409321051090956
seg_009693,sample_03330,Nuo Maisemat - Paavoharju,1,0.2509108781814575,cnn_revised_20260919T110440Z,cnn_s2_14,val,Log-Mel CNN,0.04809333011507988,0.07409321051090956
seg_009694,sample_03330,Nuo Maisemat - Paavoharju,1,0.9434970021247864,cnn_revised_20260919T110440Z,cnn_s2_14,val,Log-Mel CNN,0.04809333011507988,0.07409321051090956
seg_009695,sample_03330,Nuo Maisemat - Paavoharju,1,0.8677741885185242,cnn_revised_20260919T110440Z,cnn_s2_14,val,Log-Mel CNN,0.04809333011507988,0.07409321051090956
seg_009756,sample_03351,Redlight - Room For A Ghost,1,0.9034923315048218,cnn_revised_20260919T110440Z,cnn_s2_14,val,Log-Mel CNN,0.04809333011507988,0.07409321051090956
seg_009757,sample_03351,Redlight - Room For A Ghost,1,0.9929856657981873,cnn_revised_20260919T110440Z,cnn_s2_14,val,Log-Mel CNN,0.04809333011507988,0.07409321051090956
seg_009758,sample_03351,Redlight - Room For A Ghost,1,0.6347178816795349,cnn_revised_20260919T110440Z,cnn_s2_14,val,Log-Mel CNN,0.04809333011507988,0.07409321051090956
seg_009774,sample_03357,Roller Star - Monroeville Music Center,1,0.8896074891090393,cnn_revised_20260919T110440Z,cnn_s2_14,val,Log-Mel CNN,0.04809333011507988,0.07409321051090956
seg_009775,sample_03357,Roller Star - Monroeville Music Center,1,0.8859215974807739,cnn_revised_20260919T110440Z,cnn_s2_14,val,Log-Mel CNN,0.04809333011507988,0.07409321051090956
seg_009776,sample_03357,Roller Star - Monroeville Music Center,1,0.40049105882644653,cnn_revised_20260919T110440Z,cnn_s2_14,val,Log-Mel CNN,0.04809333011507988,0.07409321051090956
seg_009780,sample_03359,"Roundtrip - Oh Yeah, the Future",1,0.27500835061073303,cnn_revised_20260919T110440Z,cnn_s2_14,val,Log-Mel CNN,0.04809333011507988,0.07409321051090956
seg_009781,sample_03359,"Roundtrip - Oh Yeah, the Future",1,0.782857358455658,cnn_revised_20260919T110440Z,cnn_s2_14,val,Log-Mel CNN,0.04809333011507988,0.07409321051090956
seg_009782,sample_03359,"Roundtrip - Oh Yeah, the Future",1,0.5566979646682739,cnn_revised_20260919T110440Z,cnn_s2_14,val,Log-Mel CNN,0.04809333011507988,0.07409321051090956
seg_009792,sample_03363,Scramby Eggs - Andy G. Cohen,1,0.9596384167671204,cnn_revised_20260919T110440Z,cnn_s2_14,val,Log-Mel CNN,0.04809333011507988,0.07409321051090956
seg_009793,sample_03363,Scramby Eggs - Andy G. Cohen,1,0.2318747192621231,cnn_revised_20260919T110440Z,cnn_s2_14,val,Log-Mel CNN,0.04809333011507988,0.07409321051090956
seg_009794,sample_03363,Scramby Eggs - Andy G. Cohen,1,0.46017393469810486,cnn_revised_20260919T110440Z,cnn_s2_14,val,Log-Mel CNN,0.04809333011507988,0.07409321051090956
seg_009795,sample_03364,SD (Ill Mix) - H-LR,1,0.36105507612228394,cnn_revised_20260919T110440Z,cnn_s2_14,val,Log-Mel CNN,0.04809333011507988,0.07409321051090956
seg_009796,sample_03364,SD (Ill Mix) - H-LR,1,0.18078285455703735,cnn_revised_20260919T110440Z,cnn_s2_14,val,Log-Mel CNN,0.04809333011507988,0.07409321051090956
seg_009797,sample_03364,SD (Ill Mix) - H-LR,1,0.32127487659454346,cnn_revised_20260919T110440Z,cnn_s2_14,val,Log-Mel CNN,0.04809333011507988,0.07409321051090956
seg_009819,sample_03372,Shipwrecked Crew - Pete Prodoehl,1,0.8314316272735596,cnn_revised_20260919T110440Z,cnn_s2_14,val,Log-Mel CNN,0.04809333011507988,0.07409321051090956
seg_009820,sample_03372,Shipwrecked Crew - Pete Prodoehl,1,0.7570236921310425,cnn_revised_20260919T110440Z,cnn_s2_14,val,Log-Mel CNN,0.04809333011507988,0.07409321051090956
seg_009821,sample_03372,Shipwrecked Crew - Pete Prodoehl,1,0.06724918633699417,cnn_revised_20260919T110440Z,cnn_s2_14,val,Log-Mel CNN,0.04809333011507988,0.07409321051090956
seg_009837,sample_03378,Soleares&beats - Malaventura,1,0.8549184799194336,cnn_revised_20260919T110440Z,cnn_s2_14,val,Log-Mel CNN,0.04809333011507988,0.07409321051090956
seg_009838,sample_03378,Soleares&beats - Malaventura,1,0.5067538022994995,cnn_revised_20260919T110440Z,cnn_s2_14,val,Log-Mel CNN,0.04809333011507988,0.07409321051090956
seg_009839,sample_03378,Soleares&beats - Malaventura,1,0.13250359892845154,cnn_revised_20260919T110440Z,cnn_s2_14,val,Log-Mel CNN,0.04809333011507988,0.07409321051090956
seg_009843,sample_03380,some dextromethorphan - Jeva,1,0.8205740451812744,cnn_revised_20260919T110440Z,cnn_s2_14,val,Log-Mel CNN,0.04809333011507988,0.07409321051090956
seg_009844,sample_03380,some dextromethorphan - Jeva,1,0.9258120656013489,cnn_revised_20260919T110440Z,cnn_s2_14,val,Log-Mel CNN,0.04809333011507988,0.07409321051090956
seg_009845,sample_03380,some dextromethorphan - Jeva,1,0.7869568467140198,cnn_revised_20260919T110440Z,cnn_s2_14,val,Log-Mel CNN,0.04809333011507988,0.07409321051090956
seg_009858,sample_03385,Stockholm Syndrome / People Should Be More Aware - Bird Names,1,0.949269711971283,cnn_revised_20260919T110440Z,cnn_s2_14,val,Log-Mel CNN,0.04809333011507988,0.07409321051090956
seg_009859,sample_03385,Stockholm Syndrome / People Should Be More Aware - Bird Names,1,0.9799424409866333,cnn_revised_20260919T110440Z,cnn_s2_14,val,Log-Mel CNN,0.04809333011507988,0.07409321051090956
seg_009860,sample_03385,Stockholm Syndrome / People Should Be More Aware - Bird Names,1,0.9336285591125488,cnn_revised_20260919T110440Z,cnn_s2_14,val,Log-Mel CNN,0.04809333011507988,0.07409321051090956
seg_009870,sample_03389,Sturgeon's Law - Nihilore,1,0.252282053232193,cnn_revised_20260919T110440Z,cnn_s2_14,val,Log-Mel CNN,0.04809333011507988,0.07409321051090956
seg_009871,sample_03389,Sturgeon's Law - Nihilore,1,0.9309948682785034,cnn_revised_20260919T110440Z,cnn_s2_14,val,Log-Mel CNN,0.04809333011507988,0.07409321051090956
seg_009872,sample_03389,Sturgeon's Law - Nihilore,1,0.7015907764434814,cnn_revised_20260919T110440Z,cnn_s2_14,val,Log-Mel CNN,0.04809333011507988,0.07409321051090956
seg_009927,sample_03408,The girl just faded - Los Llamarada,1,0.7234711050987244,cnn_revised_20260919T110440Z,cnn_s2_14,val,Log-Mel CNN,0.04809333011507988,0.07409321051090956
seg_009928,sample_03408,The girl just faded - Los Llamarada,1,0.7146226167678833,cnn_revised_20260919T110440Z,cnn_s2_14,val,Log-Mel CNN,0.04809333011507988,0.07409321051090956
seg_009929,sample_03408,The girl just faded - Los Llamarada,1,0.1057901605963707,cnn_revised_20260919T110440Z,cnn_s2_14,val,Log-Mel CNN,0.04809333011507988,0.07409321051090956
seg_009954,sample_03417,The Stairway - WarpToken,1,0.6124638915061951,cnn_revised_20260919T110440Z,cnn_s2_14,val,Log-Mel CNN,0.04809333011507988,0.07409321051090956
seg_009955,sample_03417,The Stairway - WarpToken,1,0.8965885639190674,cnn_revised_20260919T110440Z,cnn_s2_14,val,Log-Mel CNN,0.04809333011507988,0.07409321051090956
seg_009956,sample_03417,The Stairway - WarpToken,1,0.4739816188812256,cnn_revised_20260919T110440Z,cnn_s2_14,val,Log-Mel CNN,0.04809333011507988,0.07409321051090956
seg_009957,sample_03418,Three Bird - My brother Daniel,1,0.020979998633265495,cnn_revised_20260919T110440Z,cnn_s2_14,val,Log-Mel CNN,0.04809333011507988,0.07409321051090956
seg_009958,sample_03418,Three Bird - My brother Daniel,1,0.038329802453517914,cnn_revised_20260919T110440Z,cnn_s2_14,val,Log-Mel CNN,0.04809333011507988,0.07409321051090956
seg_009959,sample_03418,Three Bird - My brother Daniel,1,0.09043682366609573,cnn_revised_20260919T110440Z,cnn_s2_14,val,Log-Mel CNN,0.04809333011507988,0.07409321051090956
seg_009960,sample_03419,Timen Passing By - Jason Shaw,1,0.7497618198394775,cnn_revised_20260919T110440Z,cnn_s2_14,val,Log-Mel CNN,0.04809333011507988,0.07409321051090956
seg_009961,sample_03419,Timen Passing By - Jason Shaw,1,0.16172535717487335,cnn_revised_20260919T110440Z,cnn_s2_14,val,Log-Mel CNN,0.04809333011507988,0.07409321051090956
seg_009962,sample_03419,Timen Passing By - Jason Shaw,1,0.41838976740837097,cnn_revised_20260919T110440Z,cnn_s2_14,val,Log-Mel CNN,0.04809333011507988,0.07409321051090956
seg_009963,sample_03420,Time Is Love - Silence is full of birds,1,0.8375114798545837,cnn_revised_20260919T110440Z,cnn_s2_14,val,Log-Mel CNN,0.04809333011507988,0.07409321051090956
seg_009964,sample_03420,Time Is Love - Silence is full of birds,1,0.931880533695221,cnn_revised_20260919T110440Z,cnn_s2_14,val,Log-Mel CNN,0.04809333011507988,0.07409321051090956
seg_009965,sample_03420,Time Is Love - Silence is full of birds,1,0.8452693819999695,cnn_revised_20260919T110440Z,cnn_s2_14,val,Log-Mel CNN,0.04809333011507988,0.07409321051090956
seg_009990,sample_03429,Understand That This Is A Dream - From the album Modulating Coil [RSVP008] - Forrest James,1,0.9161496758460999,cnn_revised_20260919T110440Z,cnn_s2_14,val,Log-Mel CNN,0.04809333011507988,0.07409321051090956
seg_009991,sample_03429,Understand That This Is A Dream - From the album Modulating Coil [RSVP008] - Forrest James,1,0.6490695476531982,cnn_revised_20260919T110440Z,cnn_s2_14,val,Log-Mel CNN,0.04809333011507988,0.07409321051090956
seg_009992,sample_03429,Understand That This Is A Dream - From the album Modulating Coil [RSVP008] - Forrest James,1,0.13143298029899597,cnn_revised_20260919T110440Z,cnn_s2_14,val,Log-Mel CNN,0.04809333011507988,0.07409321051090956
seg_010005,sample_03434,Voxel - Andy G. Cohen,1,0.0790688544511795,cnn_revised_20260919T110440Z,cnn_s2_14,val,Log-Mel CNN,0.04809333011507988,0.07409321051090956
seg_010006,sample_03434,Voxel - Andy G. Cohen,1,0.8762983679771423,cnn_revised_20260919T110440Z,cnn_s2_14,val,Log-Mel CNN,0.04809333011507988,0.07409321051090956
seg_010007,sample_03434,Voxel - Andy G. Cohen,1,0.6287892460823059,cnn_revised_20260919T110440Z,cnn_s2_14,val,Log-Mel CNN,0.04809333011507988,0.07409321051090956
seg_010011,sample_03436,Westside Chillers - Little Glass Men,1,0.9666279554367065,cnn_revised_20260919T110440Z,cnn_s2_14,val,Log-Mel CNN,0.04809333011507988,0.07409321051090956
seg_010012,sample_03436,Westside Chillers - Little Glass Men,1,0.16182205080986023,cnn_revised_20260919T110440Z,cnn_s2_14,val,Log-Mel CNN,0.04809333011507988,0.07409321051090956
seg_010013,sample_03436,Westside Chillers - Little Glass Men,1,0.6482961773872375,cnn_revised_20260919T110440Z,cnn_s2_14,val,Log-Mel CNN,0.04809333011507988,0.07409321051090956
seg_010065,sample_03454,Новый Нью-Йорк 2 - Чокнутый Пропеллер,1,0.9179855585098267,cnn_revised_20260919T110440Z,cnn_s2_14,val,Log-Mel CNN,0.04809333011507988,0.07409321051090956
seg_010066,sample_03454,Новый Нью-Йорк 2 - Чокнутый Пропеллер,1,0.027140282094478607,cnn_revised_20260919T110440Z,cnn_s2_14,val,Log-Mel CNN,0.04809333011507988,0.07409321051090956
seg_010067,sample_03454,Новый Нью-Йорк 2 - Чокнутый Пропеллер,1,0.04528938606381416,cnn_revised_20260919T110440Z,cnn_s2_14,val,Log-Mel CNN,0.04809333011507988,0.07409321051090956
seg_010071,sample_03456,Windows of the Skull - Sarin,1,0.8899675607681274,cnn_revised_20260919T110440Z,cnn_s2_14,val,Log-Mel CNN,0.04809333011507988,0.07409321051090956
seg_010072,sample_03456,Windows of the Skull - Sarin,1,0.8525165915489197,cnn_revised_20260919T110440Z,cnn_s2_14,val,Log-Mel CNN,0.04809333011507988,0.07409321051090956
seg_010073,sample_03456,Windows of the Skull - Sarin,1,0.920112133026123,cnn_revised_20260919T110440Z,cnn_s2_14,val,Log-Mel CNN,0.04809333011507988,0.07409321051090956
