segment_id,track_id,original_audio_id,label,score,run_id,trial_id,split,model,segment_threshold,track_threshold
seg_000006,sample_00002,2 (Wasn't There) - Isle of Pine,0,0.035719119012355804,cnn_revised_20260919T110440Z,cnn_s1_01,val,Log-Mel CNN,0.23649659752845764,0.3029230187336604
seg_000007,sample_00002,2 (Wasn't There) - Isle of Pine,0,0.0829090103507042,cnn_revised_20260919T110440Z,cnn_s1_01,val,Log-Mel CNN,0.23649659752845764,0.3029230187336604
seg_000008,sample_00002,2 (Wasn't There) - Isle of Pine,0,0.03891682252287865,cnn_revised_20260919T110440Z,cnn_s1_01,val,Log-Mel CNN,0.23649659752845764,0.3029230187336604
seg_000039,sample_00013,Agora - Malaventura,0,0.12511803209781647,cnn_revised_20260919T110440Z,cnn_s1_01,val,Log-Mel CNN,0.23649659752845764,0.3029230187336604
seg_000040,sample_00013,Agora - Malaventura,0,0.18927188217639923,cnn_revised_20260919T110440Z,cnn_s1_01,val,Log-Mel CNN,0.23649659752845764,0.3029230187336604
seg_000041,sample_00013,Agora - Malaventura,0,0.23256805539131165,cnn_revised_20260919T110440Z,cnn_s1_01,val,Log-Mel CNN,0.23649659752845764,0.3029230187336604
seg_000081,sample_00027,Beyond Luxury - Mors Ontologica,0,0.0012495272094383836,cnn_revised_20260919T110440Z,cnn_s1_01,val,Log-Mel CNN,0.23649659752845764,0.3029230187336604
seg_000082,sample_00027,Beyond Luxury - Mors Ontologica,0,0.00806646142154932,cnn_revised_20260919T110440Z,cnn_s1_01,val,Log-Mel CNN,0.23649659752845764,0.3029230187336604
seg_000083,sample_00027,Beyond Luxury - Mors Ontologica,0,0.019521739333868027,cnn_revised_20260919T110440Z,cnn_s1_01,val,Log-Mel CNN,0.23649659752845764,0.3029230187336604
seg_000129,sample_00043,CopperNickle - UncleBibby,0,0.007509109564125538,cnn_revised_20260919T110440Z,cnn_s1_01,val,Log-Mel CNN,0.23649659752845764,0.3029230187336604
seg_000130,sample_00043,CopperNickle - UncleBibby,0,0.03954990580677986,cnn_revised_20260919T110440Z,cnn_s1_01,val,Log-Mel CNN,0.23649659752845764,0.3029230187336604
seg_000131,sample_00043,CopperNickle - UncleBibby,0,0.013922324404120445,cnn_revised_20260919T110440Z,cnn_s1_01,val,Log-Mel CNN,0.23649659752845764,0.3029230187336604
seg_000141,sample_00047,Daylight Savings - My brother Daniel,0,0.1118805930018425,cnn_revised_20260919T110440Z,cnn_s1_01,val,Log-Mel CNN,0.23649659752845764,0.3029230187336604
seg_000142,sample_00047,Daylight Savings - My brother Daniel,0,0.15980656445026398,cnn_revised_20260919T110440Z,cnn_s1_01,val,Log-Mel CNN,0.23649659752845764,0.3029230187336604
seg_000143,sample_00047,Daylight Savings - My brother Daniel,0,0.139292910695076,cnn_revised_20260919T110440Z,cnn_s1_01,val,Log-Mel CNN,0.23649659752845764,0.3029230187336604
seg_000177,sample_00059,Empty Pockets - Pete Prodoehl,0,0.017616217955946922,cnn_revised_20260919T110440Z,cnn_s1_01,val,Log-Mel CNN,0.23649659752845764,0.3029230187336604
seg_000178,sample_00059,Empty Pockets - Pete Prodoehl,0,0.1314462274312973,cnn_revised_20260919T110440Z,cnn_s1_01,val,Log-Mel CNN,0.23649659752845764,0.3029230187336604
seg_000179,sample_00059,Empty Pockets - Pete Prodoehl,0,0.19095392525196075,cnn_revised_20260919T110440Z,cnn_s1_01,val,Log-Mel CNN,0.23649659752845764,0.3029230187336604
seg_000195,sample_00065,Evil Cannot Create - Caleb Lemond,0,0.23586538434028625,cnn_revised_20260919T110440Z,cnn_s1_01,val,Log-Mel CNN,0.23649659752845764,0.3029230187336604
seg_000196,sample_00065,Evil Cannot Create - Caleb Lemond,0,0.768669605255127,cnn_revised_20260919T110440Z,cnn_s1_01,val,Log-Mel CNN,0.23649659752845764,0.3029230187336604
seg_000197,sample_00065,Evil Cannot Create - Caleb Lemond,0,0.4422978162765503,cnn_revised_20260919T110440Z,cnn_s1_01,val,Log-Mel CNN,0.23649659752845764,0.3029230187336604
seg_000201,sample_00067,Fear - Los Fancy Free,0,0.001958561595529318,cnn_revised_20260919T110440Z,cnn_s1_01,val,Log-Mel CNN,0.23649659752845764,0.3029230187336604
seg_000202,sample_00067,Fear - Los Fancy Free,0,0.011083840392529964,cnn_revised_20260919T110440Z,cnn_s1_01,val,Log-Mel CNN,0.23649659752845764,0.3029230187336604
seg_000203,sample_00067,Fear - Los Fancy Free,0,0.022520333528518677,cnn_revised_20260919T110440Z,cnn_s1_01,val,Log-Mel CNN,0.23649659752845764,0.3029230187336604
seg_000204,sample_00068,Fifth Ramble - From the album Keith [RSVP007] - My brother Daniel,0,0.9565097689628601,cnn_revised_20260919T110440Z,cnn_s1_01,val,Log-Mel CNN,0.23649659752845764,0.3029230187336604
seg_000205,sample_00068,Fifth Ramble - From the album Keith [RSVP007] - My brother Daniel,0,0.9485042691230774,cnn_revised_20260919T110440Z,cnn_s1_01,val,Log-Mel CNN,0.23649659752845764,0.3029230187336604
seg_000206,sample_00068,Fifth Ramble - From the album Keith [RSVP007] - My brother Daniel,0,0.9210423827171326,cnn_revised_20260919T110440Z,cnn_s1_01,val,Log-Mel CNN,0.23649659752845764,0.3029230187336604
seg_000240,sample_00080,Gila Monster Flop/Music History Lesson:The Sonics - The Crypts!,0,0.019825512543320656,cnn_revised_20260919T110440Z,cnn_s1_01,val,Log-Mel CNN,0.23649659752845764,0.3029230187336604
seg_000241,sample_00080,Gila Monster Flop/Music History Lesson:The Sonics - The Crypts!,0,0.00869359727948904,cnn_revised_20260919T110440Z,cnn_s1_01,val,Log-Mel CNN,0.23649659752845764,0.3029230187336604
seg_000242,sample_00080,Gila Monster Flop/Music History Lesson:The Sonics - The Crypts!,0,0.008002994582057,cnn_revised_20260919T110440Z,cnn_s1_01,val,Log-Mel CNN,0.23649659752845764,0.3029230187336604
seg_000285,sample_00095,I Fell - Mod Fun,0,0.0034511282574385405,cnn_revised_20260919T110440Z,cnn_s1_01,val,Log-Mel CNN,0.23649659752845764,0.3029230187336604
seg_000286,sample_00095,I Fell - Mod Fun,0,0.008001071400940418,cnn_revised_20260919T110440Z,cnn_s1_01,val,Log-Mel CNN,0.23649659752845764,0.3029230187336604
seg_000287,sample_00095,I Fell - Mod Fun,0,0.0103915398940444,cnn_revised_20260919T110440Z,cnn_s1_01,val,Log-Mel CNN,0.23649659752845764,0.3029230187336604
seg_000297,sample_00099,If You're Ther - Nicola Ratti,0,0.11741745471954346,cnn_revised_20260919T110440Z,cnn_s1_01,val,Log-Mel CNN,0.23649659752845764,0.3029230187336604
seg_000298,sample_00099,If You're Ther - Nicola Ratti,0,0.018575694411993027,cnn_revised_20260919T110440Z,cnn_s1_01,val,Log-Mel CNN,0.23649659752845764,0.3029230187336604
seg_000299,sample_00099,If You're Ther - Nicola Ratti,0,0.008396461606025696,cnn_revised_20260919T110440Z,cnn_s1_01,val,Log-Mel CNN,0.23649659752845764,0.3029230187336604
seg_000342,sample_00114,Kumorizoranohajimarutokoro - Hosomi,0,0.047517284750938416,cnn_revised_20260919T110440Z,cnn_s1_01,val,Log-Mel CNN,0.23649659752845764,0.3029230187336604
seg_000343,sample_00114,Kumorizoranohajimarutokoro - Hosomi,0,0.10859519988298416,cnn_revised_20260919T110440Z,cnn_s1_01,val,Log-Mel CNN,0.23649659752845764,0.3029230187336604
seg_000344,sample_00114,Kumorizoranohajimarutokoro - Hosomi,0,0.13605323433876038,cnn_revised_20260919T110440Z,cnn_s1_01,val,Log-Mel CNN,0.23649659752845764,0.3029230187336604
seg_000384,sample_00128,Lights Up - Pipe Choir,0,0.03313956409692764,cnn_revised_20260919T110440Z,cnn_s1_01,val,Log-Mel CNN,0.23649659752845764,0.3029230187336604
seg_000385,sample_00128,Lights Up - Pipe Choir,0,0.20372886955738068,cnn_revised_20260919T110440Z,cnn_s1_01,val,Log-Mel CNN,0.23649659752845764,0.3029230187336604
seg_000386,sample_00128,Lights Up - Pipe Choir,0,0.08189196139574051,cnn_revised_20260919T110440Z,cnn_s1_01,val,Log-Mel CNN,0.23649659752845764,0.3029230187336604
seg_000399,sample_00133,Loved Ones - Rowan Box,0,0.009362410753965378,cnn_revised_20260919T110440Z,cnn_s1_01,val,Log-Mel CNN,0.23649659752845764,0.3029230187336604
seg_000400,sample_00133,Loved Ones - Rowan Box,0,0.017900394275784492,cnn_revised_20260919T110440Z,cnn_s1_01,val,Log-Mel CNN,0.23649659752845764,0.3029230187336604
seg_000401,sample_00133,Loved Ones - Rowan Box,0,0.013228540308773518,cnn_revised_20260919T110440Z,cnn_s1_01,val,Log-Mel CNN,0.23649659752845764,0.3029230187336604
seg_000408,sample_00136,March of the GPA Mechanics - [t]ghost,0,0.02482922002673149,cnn_revised_20260919T110440Z,cnn_s1_01,val,Log-Mel CNN,0.23649659752845764,0.3029230187336604
seg_000409,sample_00136,March of the GPA Mechanics - [t]ghost,0,0.09144984185695648,cnn_revised_20260919T110440Z,cnn_s1_01,val,Log-Mel CNN,0.23649659752845764,0.3029230187336604
seg_000410,sample_00136,March of the GPA Mechanics - [t]ghost,0,0.028734857216477394,cnn_revised_20260919T110440Z,cnn_s1_01,val,Log-Mel CNN,0.23649659752845764,0.3029230187336604
seg_000426,sample_00142,Morning Bell - Nihilore,0,0.14907695353031158,cnn_revised_20260919T110440Z,cnn_s1_01,val,Log-Mel CNN,0.23649659752845764,0.3029230187336604
seg_000427,sample_00142,Morning Bell - Nihilore,0,0.3661309480667114,cnn_revised_20260919T110440Z,cnn_s1_01,val,Log-Mel CNN,0.23649659752845764,0.3029230187336604
seg_000428,sample_00142,Morning Bell - Nihilore,0,0.10526449978351593,cnn_revised_20260919T110440Z,cnn_s1_01,val,Log-Mel CNN,0.23649659752845764,0.3029230187336604
seg_000441,sample_00147,My Body Is A Weapon (Compromise Edit) - Silence is full of birds,0,0.06492630392313004,cnn_revised_20260919T110440Z,cnn_s1_01,val,Log-Mel CNN,0.23649659752845764,0.3029230187336604
seg_000442,sample_00147,My Body Is A Weapon (Compromise Edit) - Silence is full of birds,0,0.049702271819114685,cnn_revised_20260919T110440Z,cnn_s1_01,val,Log-Mel CNN,0.23649659752845764,0.3029230187336604
seg_000443,sample_00147,My Body Is A Weapon (Compromise Edit) - Silence is full of birds,0,0.048891279846429825,cnn_revised_20260919T110440Z,cnn_s1_01,val,Log-Mel CNN,0.23649659752845764,0.3029230187336604
seg_000453,sample_00151,New Life (take 1) - Bird Names,0,0.0024430914781987667,cnn_revised_20260919T110440Z,cnn_s1_01,val,Log-Mel CNN,0.23649659752845764,0.3029230187336604
seg_000454,sample_00151,New Life (take 1) - Bird Names,0,0.0033708771225064993,cnn_revised_20260919T110440Z,cnn_s1_01,val,Log-Mel CNN,0.23649659752845764,0.3029230187336604
seg_000455,sample_00151,New Life (take 1) - Bird Names,0,0.006477826740592718,cnn_revised_20260919T110440Z,cnn_s1_01,val,Log-Mel CNN,0.23649659752845764,0.3029230187336604
seg_000459,sample_00153,Night Drive - Decktonic,0,0.0003089197853114456,cnn_revised_20260919T110440Z,cnn_s1_01,val,Log-Mel CNN,0.23649659752845764,0.3029230187336604
seg_000460,sample_00153,Night Drive - Decktonic,0,0.016896232962608337,cnn_revised_20260919T110440Z,cnn_s1_01,val,Log-Mel CNN,0.23649659752845764,0.3029230187336604
seg_000461,sample_00153,Night Drive - Decktonic,0,0.09426608681678772,cnn_revised_20260919T110440Z,cnn_s1_01,val,Log-Mel CNN,0.23649659752845764,0.3029230187336604
seg_000468,sample_00156,Norweigian Wood II - Bird Names,0,0.0015084557235240936,cnn_revised_20260919T110440Z,cnn_s1_01,val,Log-Mel CNN,0.23649659752845764,0.3029230187336604
seg_000469,sample_00156,Norweigian Wood II - Bird Names,0,0.0076206149533391,cnn_revised_20260919T110440Z,cnn_s1_01,val,Log-Mel CNN,0.23649659752845764,0.3029230187336604
seg_000470,sample_00156,Norweigian Wood II - Bird Names,0,0.013151009567081928,cnn_revised_20260919T110440Z,cnn_s1_01,val,Log-Mel CNN,0.23649659752845764,0.3029230187336604
seg_000480,sample_00160,Nuo Maisemat - Paavoharju,0,0.037106726318597794,cnn_revised_20260919T110440Z,cnn_s1_01,val,Log-Mel CNN,0.23649659752845764,0.3029230187336604
seg_000481,sample_00160,Nuo Maisemat - Paavoharju,0,0.03840189799666405,cnn_revised_20260919T110440Z,cnn_s1_01,val,Log-Mel CNN,0.23649659752845764,0.3029230187336604
seg_000482,sample_00160,Nuo Maisemat - Paavoharju,0,0.04717123880982399,cnn_revised_20260919T110440Z,cnn_s1_01,val,Log-Mel CNN,0.23649659752845764,0.3029230187336604
seg_000537,sample_00179,Redlight - Room For A Ghost,0,0.006725606508553028,cnn_revised_20260919T110440Z,cnn_s1_01,val,Log-Mel CNN,0.23649659752845764,0.3029230187336604
seg_000538,sample_00179,Redlight - Room For A Ghost,0,0.18615253269672394,cnn_revised_20260919T110440Z,cnn_s1_01,val,Log-Mel CNN,0.23649659752845764,0.3029230187336604
seg_000539,sample_00179,Redlight - Room For A Ghost,0,0.3061811923980713,cnn_revised_20260919T110440Z,cnn_s1_01,val,Log-Mel CNN,0.23649659752845764,0.3029230187336604
seg_000555,sample_00185,Roller Star - Monroeville Music Center,0,0.01017044484615326,cnn_revised_20260919T110440Z,cnn_s1_01,val,Log-Mel CNN,0.23649659752845764,0.3029230187336604
seg_000556,sample_00185,Roller Star - Monroeville Music Center,0,0.032574307173490524,cnn_revised_20260919T110440Z,cnn_s1_01,val,Log-Mel CNN,0.23649659752845764,0.3029230187336604
seg_000557,sample_00185,Roller Star - Monroeville Music Center,0,0.055897098034620285,cnn_revised_20260919T110440Z,cnn_s1_01,val,Log-Mel CNN,0.23649659752845764,0.3029230187336604
seg_000561,sample_00187,"Roundtrip - Oh Yeah, the Future",0,0.005772274918854237,cnn_revised_20260919T110440Z,cnn_s1_01,val,Log-Mel CNN,0.23649659752845764,0.3029230187336604
seg_000562,sample_00187,"Roundtrip - Oh Yeah, the Future",0,0.008800895884633064,cnn_revised_20260919T110440Z,cnn_s1_01,val,Log-Mel CNN,0.23649659752845764,0.3029230187336604
seg_000563,sample_00187,"Roundtrip - Oh Yeah, the Future",0,0.018879475072026253,cnn_revised_20260919T110440Z,cnn_s1_01,val,Log-Mel CNN,0.23649659752845764,0.3029230187336604
seg_000570,sample_00190,SD (Ill Mix) - H-LR,0,0.030364245176315308,cnn_revised_20260919T110440Z,cnn_s1_01,val,Log-Mel CNN,0.23649659752845764,0.3029230187336604
seg_000571,sample_00190,SD (Ill Mix) - H-LR,0,0.19967462122440338,cnn_revised_20260919T110440Z,cnn_s1_01,val,Log-Mel CNN,0.23649659752845764,0.3029230187336604
seg_000572,sample_00190,SD (Ill Mix) - H-LR,0,0.0063485573045909405,cnn_revised_20260919T110440Z,cnn_s1_01,val,Log-Mel CNN,0.23649659752845764,0.3029230187336604
seg_000576,sample_00192,Scramby Eggs - Andy G. Cohen,0,0.013853090815246105,cnn_revised_20260919T110440Z,cnn_s1_01,val,Log-Mel CNN,0.23649659752845764,0.3029230187336604
seg_000577,sample_00192,Scramby Eggs - Andy G. Cohen,0,0.018472585827112198,cnn_revised_20260919T110440Z,cnn_s1_01,val,Log-Mel CNN,0.23649659752845764,0.3029230187336604
seg_000578,sample_00192,Scramby Eggs - Andy G. Cohen,0,0.01447201706469059,cnn_revised_20260919T110440Z,cnn_s1_01,val,Log-Mel CNN,0.23649659752845764,0.3029230187336604
seg_000600,sample_00200,Shipwrecked Crew - Pete Prodoehl,0,0.2466132789850235,cnn_revised_20260919T110440Z,cnn_s1_01,val,Log-Mel CNN,0.23649659752845764,0.3029230187336604
seg_000601,sample_00200,Shipwrecked Crew - Pete Prodoehl,0,0.4727986752986908,cnn_revised_20260919T110440Z,cnn_s1_01,val,Log-Mel CNN,0.23649659752845764,0.3029230187336604
seg_000602,sample_00200,Shipwrecked Crew - Pete Prodoehl,0,0.49624747037887573,cnn_revised_20260919T110440Z,cnn_s1_01,val,Log-Mel CNN,0.23649659752845764,0.3029230187336604
seg_000615,sample_00205,Soleares&beats - Malaventura,0,0.2168344408273697,cnn_revised_20260919T110440Z,cnn_s1_01,val,Log-Mel CNN,0.23649659752845764,0.3029230187336604
seg_000616,sample_00205,Soleares&beats - Malaventura,0,0.2559826374053955,cnn_revised_20260919T110440Z,cnn_s1_01,val,Log-Mel CNN,0.23649659752845764,0.3029230187336604
seg_000617,sample_00205,Soleares&beats - Malaventura,0,0.3919171988964081,cnn_revised_20260919T110440Z,cnn_s1_01,val,Log-Mel CNN,0.23649659752845764,0.3029230187336604
seg_000633,sample_00211,Stockholm Syndrome / People Should Be More Aware - Bird Names,0,0.0032737867441028357,cnn_revised_20260919T110440Z,cnn_s1_01,val,Log-Mel CNN,0.23649659752845764,0.3029230187336604
seg_000634,sample_00211,Stockholm Syndrome / People Should Be More Aware - Bird Names,0,0.02778312936425209,cnn_revised_20260919T110440Z,cnn_s1_01,val,Log-Mel CNN,0.23649659752845764,0.3029230187336604
seg_000635,sample_00211,Stockholm Syndrome / People Should Be More Aware - Bird Names,0,0.0061799148097634315,cnn_revised_20260919T110440Z,cnn_s1_01,val,Log-Mel CNN,0.23649659752845764,0.3029230187336604
seg_000645,sample_00215,Sturgeon's Law - Nihilore,0,0.023121578618884087,cnn_revised_20260919T110440Z,cnn_s1_01,val,Log-Mel CNN,0.23649659752845764,0.3029230187336604
seg_000646,sample_00215,Sturgeon's Law - Nihilore,0,0.1480238437652588,cnn_revised_20260919T110440Z,cnn_s1_01,val,Log-Mel CNN,0.23649659752845764,0.3029230187336604
seg_000647,sample_00215,Sturgeon's Law - Nihilore,0,0.14896708726882935,cnn_revised_20260919T110440Z,cnn_s1_01,val,Log-Mel CNN,0.23649659752845764,0.3029230187336604
seg_000726,sample_00242,The Stairway - WarpToken,0,0.02174147590994835,cnn_revised_20260919T110440Z,cnn_s1_01,val,Log-Mel CNN,0.23649659752845764,0.3029230187336604
seg_000727,sample_00242,The Stairway - WarpToken,0,0.294585257768631,cnn_revised_20260919T110440Z,cnn_s1_01,val,Log-Mel CNN,0.23649659752845764,0.3029230187336604
seg_000728,sample_00242,The Stairway - WarpToken,0,0.0760713741183281,cnn_revised_20260919T110440Z,cnn_s1_01,val,Log-Mel CNN,0.23649659752845764,0.3029230187336604
seg_000729,sample_00243,The girl just faded - Los Llamarada,0,0.0032067589927464724,cnn_revised_20260919T110440Z,cnn_s1_01,val,Log-Mel CNN,0.23649659752845764,0.3029230187336604
seg_000730,sample_00243,The girl just faded - Los Llamarada,0,0.01746322028338909,cnn_revised_20260919T110440Z,cnn_s1_01,val,Log-Mel CNN,0.23649659752845764,0.3029230187336604
seg_000731,sample_00243,The girl just faded - Los Llamarada,0,0.013991213403642178,cnn_revised_20260919T110440Z,cnn_s1_01,val,Log-Mel CNN,0.23649659752845764,0.3029230187336604
seg_000735,sample_00245,Three Bird - My brother Daniel,0,0.06613956391811371,cnn_revised_20260919T110440Z,cnn_s1_01,val,Log-Mel CNN,0.23649659752845764,0.3029230187336604
seg_000736,sample_00245,Three Bird - My brother Daniel,0,0.04318437725305557,cnn_revised_20260919T110440Z,cnn_s1_01,val,Log-Mel CNN,0.23649659752845764,0.3029230187336604
seg_000737,sample_00245,Three Bird - My brother Daniel,0,0.11920789629220963,cnn_revised_20260919T110440Z,cnn_s1_01,val,Log-Mel CNN,0.23649659752845764,0.3029230187336604
seg_000738,sample_00246,Time Is Love - Silence is full of birds,0,0.024433935061097145,cnn_revised_20260919T110440Z,cnn_s1_01,val,Log-Mel CNN,0.23649659752845764,0.3029230187336604
seg_000739,sample_00246,Time Is Love - Silence is full of birds,0,0.030091043561697006,cnn_revised_20260919T110440Z,cnn_s1_01,val,Log-Mel CNN,0.23649659752845764,0.3029230187336604
seg_000740,sample_00246,Time Is Love - Silence is full of birds,0,0.031140541657805443,cnn_revised_20260919T110440Z,cnn_s1_01,val,Log-Mel CNN,0.23649659752845764,0.3029230187336604
seg_000744,sample_00248,Timen Passing By - Jason Shaw,0,0.059556152671575546,cnn_revised_20260919T110440Z,cnn_s1_01,val,Log-Mel CNN,0.23649659752845764,0.3029230187336604
seg_000745,sample_00248,Timen Passing By - Jason Shaw,0,0.05724651366472244,cnn_revised_20260919T110440Z,cnn_s1_01,val,Log-Mel CNN,0.23649659752845764,0.3029230187336604
seg_000746,sample_00248,Timen Passing By - Jason Shaw,0,0.03018745221197605,cnn_revised_20260919T110440Z,cnn_s1_01,val,Log-Mel CNN,0.23649659752845764,0.3029230187336604
seg_000765,sample_00255,Understand That This Is A Dream - From the album Modulating Coil [RSVP008] - Forrest James,0,0.034831415861845016,cnn_revised_20260919T110440Z,cnn_s1_01,val,Log-Mel CNN,0.23649659752845764,0.3029230187336604
seg_000766,sample_00255,Understand That This Is A Dream - From the album Modulating Coil [RSVP008] - Forrest James,0,0.0190426092594862,cnn_revised_20260919T110440Z,cnn_s1_01,val,Log-Mel CNN,0.23649659752845764,0.3029230187336604
seg_000767,sample_00255,Understand That This Is A Dream - From the album Modulating Coil [RSVP008] - Forrest James,0,0.07220370322465897,cnn_revised_20260919T110440Z,cnn_s1_01,val,Log-Mel CNN,0.23649659752845764,0.3029230187336604
seg_000783,sample_00261,Voxel - Andy G. Cohen,0,0.013314800336956978,cnn_revised_20260919T110440Z,cnn_s1_01,val,Log-Mel CNN,0.23649659752845764,0.3029230187336604
seg_000784,sample_00261,Voxel - Andy G. Cohen,0,0.05243433266878128,cnn_revised_20260919T110440Z,cnn_s1_01,val,Log-Mel CNN,0.23649659752845764,0.3029230187336604
seg_000785,sample_00261,Voxel - Andy G. Cohen,0,0.05080712214112282,cnn_revised_20260919T110440Z,cnn_s1_01,val,Log-Mel CNN,0.23649659752845764,0.3029230187336604
seg_000801,sample_00267,Westside Chillers - Little Glass Men,0,0.13582971692085266,cnn_revised_20260919T110440Z,cnn_s1_01,val,Log-Mel CNN,0.23649659752845764,0.3029230187336604
seg_000802,sample_00267,Westside Chillers - Little Glass Men,0,0.16311438381671906,cnn_revised_20260919T110440Z,cnn_s1_01,val,Log-Mel CNN,0.23649659752845764,0.3029230187336604
seg_000803,sample_00267,Westside Chillers - Little Glass Men,0,0.02721739560365677,cnn_revised_20260919T110440Z,cnn_s1_01,val,Log-Mel CNN,0.23649659752845764,0.3029230187336604
seg_000819,sample_00273,Windows of the Skull - Sarin,0,0.019109858199954033,cnn_revised_20260919T110440Z,cnn_s1_01,val,Log-Mel CNN,0.23649659752845764,0.3029230187336604
seg_000820,sample_00273,Windows of the Skull - Sarin,0,0.08006342500448227,cnn_revised_20260919T110440Z,cnn_s1_01,val,Log-Mel CNN,0.23649659752845764,0.3029230187336604
seg_000821,sample_00273,Windows of the Skull - Sarin,0,0.029222460463643074,cnn_revised_20260919T110440Z,cnn_s1_01,val,Log-Mel CNN,0.23649659752845764,0.3029230187336604
seg_000858,sample_00286,mystery team 2090 - Jesse Futerman,0,0.14030982553958893,cnn_revised_20260919T110440Z,cnn_s1_01,val,Log-Mel CNN,0.23649659752845764,0.3029230187336604
seg_000859,sample_00286,mystery team 2090 - Jesse Futerman,0,0.11009401082992554,cnn_revised_20260919T110440Z,cnn_s1_01,val,Log-Mel CNN,0.23649659752845764,0.3029230187336604
seg_000860,sample_00286,mystery team 2090 - Jesse Futerman,0,0.16996917128562927,cnn_revised_20260919T110440Z,cnn_s1_01,val,Log-Mel CNN,0.23649659752845764,0.3029230187336604
seg_000870,sample_00290,some dextromethorphan - Jeva,0,0.017482761293649673,cnn_revised_20260919T110440Z,cnn_s1_01,val,Log-Mel CNN,0.23649659752845764,0.3029230187336604
seg_000871,sample_00290,some dextromethorphan - Jeva,0,0.02146534062922001,cnn_revised_20260919T110440Z,cnn_s1_01,val,Log-Mel CNN,0.23649659752845764,0.3029230187336604
seg_000872,sample_00290,some dextromethorphan - Jeva,0,0.02310609072446823,cnn_revised_20260919T110440Z,cnn_s1_01,val,Log-Mel CNN,0.23649659752845764,0.3029230187336604
seg_000876,sample_00292,В Наших Сердцах - Чокнутый Пропеллер,0,0.23882168531417847,cnn_revised_20260919T110440Z,cnn_s1_01,val,Log-Mel CNN,0.23649659752845764,0.3029230187336604
seg_000877,sample_00292,В Наших Сердцах - Чокнутый Пропеллер,0,0.2077532559633255,cnn_revised_20260919T110440Z,cnn_s1_01,val,Log-Mel CNN,0.23649659752845764,0.3029230187336604
seg_000878,sample_00292,В Наших Сердцах - Чокнутый Пропеллер,0,0.4606046676635742,cnn_revised_20260919T110440Z,cnn_s1_01,val,Log-Mel CNN,0.23649659752845764,0.3029230187336604
seg_000885,sample_00295,Новый Нью-Йорк 2 - Чокнутый Пропеллер,0,0.17936939001083374,cnn_revised_20260919T110440Z,cnn_s1_01,val,Log-Mel CNN,0.23649659752845764,0.3029230187336604
seg_000886,sample_00295,Новый Нью-Йорк 2 - Чокнутый Пропеллер,0,0.16278865933418274,cnn_revised_20260919T110440Z,cnn_s1_01,val,Log-Mel CNN,0.23649659752845764,0.3029230187336604
seg_000887,sample_00295,Новый Нью-Йорк 2 - Чокнутый Пропеллер,0,0.21338216960430145,cnn_revised_20260919T110440Z,cnn_s1_01,val,Log-Mel CNN,0.23649659752845764,0.3029230187336604
seg_000897,sample_00299,2 (Wasn't There) - Isle of Pine,1,0.6891340017318726,cnn_revised_20260919T110440Z,cnn_s1_01,val,Log-Mel CNN,0.23649659752845764,0.3029230187336604
seg_000898,sample_00299,2 (Wasn't There) - Isle of Pine,1,0.48510968685150146,cnn_revised_20260919T110440Z,cnn_s1_01,val,Log-Mel CNN,0.23649659752845764,0.3029230187336604
seg_000899,sample_00299,2 (Wasn't There) - Isle of Pine,1,0.899592936038971,cnn_revised_20260919T110440Z,cnn_s1_01,val,Log-Mel CNN,0.23649659752845764,0.3029230187336604
seg_000918,sample_00306,Agora - Malaventura,1,0.8564516305923462,cnn_revised_20260919T110440Z,cnn_s1_01,val,Log-Mel CNN,0.23649659752845764,0.3029230187336604
seg_000919,sample_00306,Agora - Malaventura,1,0.8185193538665771,cnn_revised_20260919T110440Z,cnn_s1_01,val,Log-Mel CNN,0.23649659752845764,0.3029230187336604
seg_000920,sample_00306,Agora - Malaventura,1,0.9061161875724792,cnn_revised_20260919T110440Z,cnn_s1_01,val,Log-Mel CNN,0.23649659752845764,0.3029230187336604
seg_000969,sample_00323,Beyond Luxury - Mors Ontologica,1,0.668070375919342,cnn_revised_20260919T110440Z,cnn_s1_01,val,Log-Mel CNN,0.23649659752845764,0.3029230187336604
seg_000970,sample_00323,Beyond Luxury - Mors Ontologica,1,0.6855297088623047,cnn_revised_20260919T110440Z,cnn_s1_01,val,Log-Mel CNN,0.23649659752845764,0.3029230187336604
seg_000971,sample_00323,Beyond Luxury - Mors Ontologica,1,0.8828318119049072,cnn_revised_20260919T110440Z,cnn_s1_01,val,Log-Mel CNN,0.23649659752845764,0.3029230187336604
seg_001014,sample_00338,CopperNickle - UncleBibby,1,0.4050389230251312,cnn_revised_20260919T110440Z,cnn_s1_01,val,Log-Mel CNN,0.23649659752845764,0.3029230187336604
seg_001015,sample_00338,CopperNickle - UncleBibby,1,0.36442831158638,cnn_revised_20260919T110440Z,cnn_s1_01,val,Log-Mel CNN,0.23649659752845764,0.3029230187336604
seg_001016,sample_00338,CopperNickle - UncleBibby,1,0.43347522616386414,cnn_revised_20260919T110440Z,cnn_s1_01,val,Log-Mel CNN,0.23649659752845764,0.3029230187336604
seg_001029,sample_00343,Daylight Savings - My brother Daniel,1,0.47990337014198303,cnn_revised_20260919T110440Z,cnn_s1_01,val,Log-Mel CNN,0.23649659752845764,0.3029230187336604
seg_001030,sample_00343,Daylight Savings - My brother Daniel,1,0.20079900324344635,cnn_revised_20260919T110440Z,cnn_s1_01,val,Log-Mel CNN,0.23649659752845764,0.3029230187336604
seg_001031,sample_00343,Daylight Savings - My brother Daniel,1,0.9459773898124695,cnn_revised_20260919T110440Z,cnn_s1_01,val,Log-Mel CNN,0.23649659752845764,0.3029230187336604
seg_001065,sample_00355,Empty Pockets - Pete Prodoehl,1,0.7247821688652039,cnn_revised_20260919T110440Z,cnn_s1_01,val,Log-Mel CNN,0.23649659752845764,0.3029230187336604
seg_001066,sample_00355,Empty Pockets - Pete Prodoehl,1,0.8522247672080994,cnn_revised_20260919T110440Z,cnn_s1_01,val,Log-Mel CNN,0.23649659752845764,0.3029230187336604
seg_001067,sample_00355,Empty Pockets - Pete Prodoehl,1,0.8013402819633484,cnn_revised_20260919T110440Z,cnn_s1_01,val,Log-Mel CNN,0.23649659752845764,0.3029230187336604
seg_001083,sample_00361,Evil Cannot Create - Caleb Lemond,1,0.8440299034118652,cnn_revised_20260919T110440Z,cnn_s1_01,val,Log-Mel CNN,0.23649659752845764,0.3029230187336604
seg_001084,sample_00361,Evil Cannot Create - Caleb Lemond,1,0.8203670978546143,cnn_revised_20260919T110440Z,cnn_s1_01,val,Log-Mel CNN,0.23649659752845764,0.3029230187336604
seg_001085,sample_00361,Evil Cannot Create - Caleb Lemond,1,0.9368071556091309,cnn_revised_20260919T110440Z,cnn_s1_01,val,Log-Mel CNN,0.23649659752845764,0.3029230187336604
seg_001089,sample_00363,Fear - Los Fancy Free,1,0.20246541500091553,cnn_revised_20260919T110440Z,cnn_s1_01,val,Log-Mel CNN,0.23649659752845764,0.3029230187336604
seg_001090,sample_00363,Fear - Los Fancy Free,1,0.15113607048988342,cnn_revised_20260919T110440Z,cnn_s1_01,val,Log-Mel CNN,0.23649659752845764,0.3029230187336604
seg_001091,sample_00363,Fear - Los Fancy Free,1,0.7153850793838501,cnn_revised_20260919T110440Z,cnn_s1_01,val,Log-Mel CNN,0.23649659752845764,0.3029230187336604
seg_001092,sample_00364,Fifth Ramble - From the album Keith [RSVP007] - My brother Daniel,1,0.4571000039577484,cnn_revised_20260919T110440Z,cnn_s1_01,val,Log-Mel CNN,0.23649659752845764,0.3029230187336604
seg_001093,sample_00364,Fifth Ramble - From the album Keith [RSVP007] - My brother Daniel,1,0.16413341462612152,cnn_revised_20260919T110440Z,cnn_s1_01,val,Log-Mel CNN,0.23649659752845764,0.3029230187336604
seg_001094,sample_00364,Fifth Ramble - From the album Keith [RSVP007] - My brother Daniel,1,0.9002223014831543,cnn_revised_20260919T110440Z,cnn_s1_01,val,Log-Mel CNN,0.23649659752845764,0.3029230187336604
seg_001128,sample_00376,Gila Monster Flop/Music History Lesson:The Sonics - The Crypts!,1,0.24902954697608948,cnn_revised_20260919T110440Z,cnn_s1_01,val,Log-Mel CNN,0.23649659752845764,0.3029230187336604
seg_001129,sample_00376,Gila Monster Flop/Music History Lesson:The Sonics - The Crypts!,1,0.09876203536987305,cnn_revised_20260919T110440Z,cnn_s1_01,val,Log-Mel CNN,0.23649659752845764,0.3029230187336604
seg_001130,sample_00376,Gila Monster Flop/Music History Lesson:The Sonics - The Crypts!,1,0.02943464368581772,cnn_revised_20260919T110440Z,cnn_s1_01,val,Log-Mel CNN,0.23649659752845764,0.3029230187336604
seg_001161,sample_00387,If You're Ther - Nicola Ratti,1,0.8045493960380554,cnn_revised_20260919T110440Z,cnn_s1_01,val,Log-Mel CNN,0.23649659752845764,0.3029230187336604
seg_001162,sample_00387,If You're Ther - Nicola Ratti,1,0.8489783406257629,cnn_revised_20260919T110440Z,cnn_s1_01,val,Log-Mel CNN,0.23649659752845764,0.3029230187336604
seg_001163,sample_00387,If You're Ther - Nicola Ratti,1,0.9381868243217468,cnn_revised_20260919T110440Z,cnn_s1_01,val,Log-Mel CNN,0.23649659752845764,0.3029230187336604
seg_001191,sample_00397,I Fell - Mod Fun,1,0.8663762211799622,cnn_revised_20260919T110440Z,cnn_s1_01,val,Log-Mel CNN,0.23649659752845764,0.3029230187336604
seg_001192,sample_00397,I Fell - Mod Fun,1,0.8925728797912598,cnn_revised_20260919T110440Z,cnn_s1_01,val,Log-Mel CNN,0.23649659752845764,0.3029230187336604
seg_001193,sample_00397,I Fell - Mod Fun,1,0.8559079170227051,cnn_revised_20260919T110440Z,cnn_s1_01,val,Log-Mel CNN,0.23649659752845764,0.3029230187336604
seg_001239,sample_00413,Kumorizoranohajimarutokoro - Hosomi,1,0.8967194557189941,cnn_revised_20260919T110440Z,cnn_s1_01,val,Log-Mel CNN,0.23649659752845764,0.3029230187336604
seg_001240,sample_00413,Kumorizoranohajimarutokoro - Hosomi,1,0.6513368487358093,cnn_revised_20260919T110440Z,cnn_s1_01,val,Log-Mel CNN,0.23649659752845764,0.3029230187336604
seg_001241,sample_00413,Kumorizoranohajimarutokoro - Hosomi,1,0.7234872579574585,cnn_revised_20260919T110440Z,cnn_s1_01,val,Log-Mel CNN,0.23649659752845764,0.3029230187336604
seg_001275,sample_00425,Lights Up - Pipe Choir,1,0.5652451515197754,cnn_revised_20260919T110440Z,cnn_s1_01,val,Log-Mel CNN,0.23649659752845764,0.3029230187336604
seg_001276,sample_00425,Lights Up - Pipe Choir,1,0.008704164065420628,cnn_revised_20260919T110440Z,cnn_s1_01,val,Log-Mel CNN,0.23649659752845764,0.3029230187336604
seg_001277,sample_00425,Lights Up - Pipe Choir,1,0.6450931429862976,cnn_revised_20260919T110440Z,cnn_s1_01,val,Log-Mel CNN,0.23649659752845764,0.3029230187336604
seg_001293,sample_00431,Loved Ones - Rowan Box,1,0.9465524554252625,cnn_revised_20260919T110440Z,cnn_s1_01,val,Log-Mel CNN,0.23649659752845764,0.3029230187336604
seg_001294,sample_00431,Loved Ones - Rowan Box,1,0.9573926329612732,cnn_revised_20260919T110440Z,cnn_s1_01,val,Log-Mel CNN,0.23649659752845764,0.3029230187336604
seg_001295,sample_00431,Loved Ones - Rowan Box,1,0.9699299335479736,cnn_revised_20260919T110440Z,cnn_s1_01,val,Log-Mel CNN,0.23649659752845764,0.3029230187336604
seg_001305,sample_00435,March of the GPA Mechanics - [t]ghost,1,0.928265392780304,cnn_revised_20260919T110440Z,cnn_s1_01,val,Log-Mel CNN,0.23649659752845764,0.3029230187336604
seg_001306,sample_00435,March of the GPA Mechanics - [t]ghost,1,0.12929290533065796,cnn_revised_20260919T110440Z,cnn_s1_01,val,Log-Mel CNN,0.23649659752845764,0.3029230187336604
seg_001307,sample_00435,March of the GPA Mechanics - [t]ghost,1,0.7152707576751709,cnn_revised_20260919T110440Z,cnn_s1_01,val,Log-Mel CNN,0.23649659752845764,0.3029230187336604
seg_001326,sample_00442,Morning Bell - Nihilore,1,0.8340665102005005,cnn_revised_20260919T110440Z,cnn_s1_01,val,Log-Mel CNN,0.23649659752845764,0.3029230187336604
seg_001327,sample_00442,Morning Bell - Nihilore,1,0.16573578119277954,cnn_revised_20260919T110440Z,cnn_s1_01,val,Log-Mel CNN,0.23649659752845764,0.3029230187336604
seg_001328,sample_00442,Morning Bell - Nihilore,1,0.7753258943557739,cnn_revised_20260919T110440Z,cnn_s1_01,val,Log-Mel CNN,0.23649659752845764,0.3029230187336604
seg_001341,sample_00447,mystery team 2090 - Jesse Futerman,1,0.2589685916900635,cnn_revised_20260919T110440Z,cnn_s1_01,val,Log-Mel CNN,0.23649659752845764,0.3029230187336604
seg_001342,sample_00447,mystery team 2090 - Jesse Futerman,1,0.5952617526054382,cnn_revised_20260919T110440Z,cnn_s1_01,val,Log-Mel CNN,0.23649659752845764,0.3029230187336604
seg_001343,sample_00447,mystery team 2090 - Jesse Futerman,1,0.6050801277160645,cnn_revised_20260919T110440Z,cnn_s1_01,val,Log-Mel CNN,0.23649659752845764,0.3029230187336604
seg_001344,sample_00448,My Body Is A Weapon (Compromise Edit) - Silence is full of birds,1,0.3428395092487335,cnn_revised_20260919T110440Z,cnn_s1_01,val,Log-Mel CNN,0.23649659752845764,0.3029230187336604
seg_001345,sample_00448,My Body Is A Weapon (Compromise Edit) - Silence is full of birds,1,0.11176729947328568,cnn_revised_20260919T110440Z,cnn_s1_01,val,Log-Mel CNN,0.23649659752845764,0.3029230187336604
seg_001346,sample_00448,My Body Is A Weapon (Compromise Edit) - Silence is full of birds,1,0.8151823878288269,cnn_revised_20260919T110440Z,cnn_s1_01,val,Log-Mel CNN,0.23649659752845764,0.3029230187336604
seg_001356,sample_00452,New Life (take 1) - Bird Names,1,0.9543262720108032,cnn_revised_20260919T110440Z,cnn_s1_01,val,Log-Mel CNN,0.23649659752845764,0.3029230187336604
seg_001357,sample_00452,New Life (take 1) - Bird Names,1,0.8508920669555664,cnn_revised_20260919T110440Z,cnn_s1_01,val,Log-Mel CNN,0.23649659752845764,0.3029230187336604
seg_001358,sample_00452,New Life (take 1) - Bird Names,1,0.6974340081214905,cnn_revised_20260919T110440Z,cnn_s1_01,val,Log-Mel CNN,0.23649659752845764,0.3029230187336604
seg_001362,sample_00454,Night Drive - Decktonic,1,0.8452813029289246,cnn_revised_20260919T110440Z,cnn_s1_01,val,Log-Mel CNN,0.23649659752845764,0.3029230187336604
seg_001363,sample_00454,Night Drive - Decktonic,1,0.9198125600814819,cnn_revised_20260919T110440Z,cnn_s1_01,val,Log-Mel CNN,0.23649659752845764,0.3029230187336604
seg_001364,sample_00454,Night Drive - Decktonic,1,0.8108934760093689,cnn_revised_20260919T110440Z,cnn_s1_01,val,Log-Mel CNN,0.23649659752845764,0.3029230187336604
seg_001371,sample_00457,Norweigian Wood II - Bird Names,1,0.288432240486145,cnn_revised_20260919T110440Z,cnn_s1_01,val,Log-Mel CNN,0.23649659752845764,0.3029230187336604
seg_001372,sample_00457,Norweigian Wood II - Bird Names,1,0.13385167717933655,cnn_revised_20260919T110440Z,cnn_s1_01,val,Log-Mel CNN,0.23649659752845764,0.3029230187336604
seg_001373,sample_00457,Norweigian Wood II - Bird Names,1,0.8981356620788574,cnn_revised_20260919T110440Z,cnn_s1_01,val,Log-Mel CNN,0.23649659752845764,0.3029230187336604
seg_001383,sample_00461,Nuo Maisemat - Paavoharju,1,0.9543188810348511,cnn_revised_20260919T110440Z,cnn_s1_01,val,Log-Mel CNN,0.23649659752845764,0.3029230187336604
seg_001384,sample_00461,Nuo Maisemat - Paavoharju,1,0.8739628791809082,cnn_revised_20260919T110440Z,cnn_s1_01,val,Log-Mel CNN,0.23649659752845764,0.3029230187336604
seg_001385,sample_00461,Nuo Maisemat - Paavoharju,1,0.8217813968658447,cnn_revised_20260919T110440Z,cnn_s1_01,val,Log-Mel CNN,0.23649659752845764,0.3029230187336604
seg_001446,sample_00482,Redlight - Room For A Ghost,1,0.8192295432090759,cnn_revised_20260919T110440Z,cnn_s1_01,val,Log-Mel CNN,0.23649659752845764,0.3029230187336604
seg_001447,sample_00482,Redlight - Room For A Ghost,1,0.3344198167324066,cnn_revised_20260919T110440Z,cnn_s1_01,val,Log-Mel CNN,0.23649659752845764,0.3029230187336604
seg_001448,sample_00482,Redlight - Room For A Ghost,1,0.2879187762737274,cnn_revised_20260919T110440Z,cnn_s1_01,val,Log-Mel CNN,0.23649659752845764,0.3029230187336604
seg_001464,sample_00488,Roller Star - Monroeville Music Center,1,0.8689062595367432,cnn_revised_20260919T110440Z,cnn_s1_01,val,Log-Mel CNN,0.23649659752845764,0.3029230187336604
seg_001465,sample_00488,Roller Star - Monroeville Music Center,1,0.9972043633460999,cnn_revised_20260919T110440Z,cnn_s1_01,val,Log-Mel CNN,0.23649659752845764,0.3029230187336604
seg_001466,sample_00488,Roller Star - Monroeville Music Center,1,0.9812340140342712,cnn_revised_20260919T110440Z,cnn_s1_01,val,Log-Mel CNN,0.23649659752845764,0.3029230187336604
seg_001470,sample_00490,"Roundtrip - Oh Yeah, the Future",1,0.9958651065826416,cnn_revised_20260919T110440Z,cnn_s1_01,val,Log-Mel CNN,0.23649659752845764,0.3029230187336604
seg_001471,sample_00490,"Roundtrip - Oh Yeah, the Future",1,0.9736831188201904,cnn_revised_20260919T110440Z,cnn_s1_01,val,Log-Mel CNN,0.23649659752845764,0.3029230187336604
seg_001472,sample_00490,"Roundtrip - Oh Yeah, the Future",1,0.9771685600280762,cnn_revised_20260919T110440Z,cnn_s1_01,val,Log-Mel CNN,0.23649659752845764,0.3029230187336604
seg_001482,sample_00494,Scramby Eggs - Andy G. Cohen,1,0.5123996138572693,cnn_revised_20260919T110440Z,cnn_s1_01,val,Log-Mel CNN,0.23649659752845764,0.3029230187336604
seg_001483,sample_00494,Scramby Eggs - Andy G. Cohen,1,0.6924182176589966,cnn_revised_20260919T110440Z,cnn_s1_01,val,Log-Mel CNN,0.23649659752845764,0.3029230187336604
seg_001484,sample_00494,Scramby Eggs - Andy G. Cohen,1,0.9125326871871948,cnn_revised_20260919T110440Z,cnn_s1_01,val,Log-Mel CNN,0.23649659752845764,0.3029230187336604
seg_001485,sample_00495,SD (Ill Mix) - H-LR,1,0.654566764831543,cnn_revised_20260919T110440Z,cnn_s1_01,val,Log-Mel CNN,0.23649659752845764,0.3029230187336604
seg_001486,sample_00495,SD (Ill Mix) - H-LR,1,0.8985260725021362,cnn_revised_20260919T110440Z,cnn_s1_01,val,Log-Mel CNN,0.23649659752845764,0.3029230187336604
seg_001487,sample_00495,SD (Ill Mix) - H-LR,1,0.9222452044487,cnn_revised_20260919T110440Z,cnn_s1_01,val,Log-Mel CNN,0.23649659752845764,0.3029230187336604
seg_001509,sample_00503,Shipwrecked Crew - Pete Prodoehl,1,0.6120849251747131,cnn_revised_20260919T110440Z,cnn_s1_01,val,Log-Mel CNN,0.23649659752845764,0.3029230187336604
seg_001510,sample_00503,Shipwrecked Crew - Pete Prodoehl,1,0.5231571197509766,cnn_revised_20260919T110440Z,cnn_s1_01,val,Log-Mel CNN,0.23649659752845764,0.3029230187336604
seg_001511,sample_00503,Shipwrecked Crew - Pete Prodoehl,1,0.6092818975448608,cnn_revised_20260919T110440Z,cnn_s1_01,val,Log-Mel CNN,0.23649659752845764,0.3029230187336604
seg_001527,sample_00509,Soleares&beats - Malaventura,1,0.06436065584421158,cnn_revised_20260919T110440Z,cnn_s1_01,val,Log-Mel CNN,0.23649659752845764,0.3029230187336604
seg_001528,sample_00509,Soleares&beats - Malaventura,1,0.5910893082618713,cnn_revised_20260919T110440Z,cnn_s1_01,val,Log-Mel CNN,0.23649659752845764,0.3029230187336604
seg_001529,sample_00509,Soleares&beats - Malaventura,1,0.3600411117076874,cnn_revised_20260919T110440Z,cnn_s1_01,val,Log-Mel CNN,0.23649659752845764,0.3029230187336604
seg_001533,sample_00511,some dextromethorphan - Jeva,1,0.9841146469116211,cnn_revised_20260919T110440Z,cnn_s1_01,val,Log-Mel CNN,0.23649659752845764,0.3029230187336604
seg_001534,sample_00511,some dextromethorphan - Jeva,1,0.9902321696281433,cnn_revised_20260919T110440Z,cnn_s1_01,val,Log-Mel CNN,0.23649659752845764,0.3029230187336604
seg_001535,sample_00511,some dextromethorphan - Jeva,1,0.69034343957901,cnn_revised_20260919T110440Z,cnn_s1_01,val,Log-Mel CNN,0.23649659752845764,0.3029230187336604
seg_001548,sample_00516,Stockholm Syndrome / People Should Be More Aware - Bird Names,1,0.311462938785553,cnn_revised_20260919T110440Z,cnn_s1_01,val,Log-Mel CNN,0.23649659752845764,0.3029230187336604
seg_001549,sample_00516,Stockholm Syndrome / People Should Be More Aware - Bird Names,1,0.28116530179977417,cnn_revised_20260919T110440Z,cnn_s1_01,val,Log-Mel CNN,0.23649659752845764,0.3029230187336604
seg_001550,sample_00516,Stockholm Syndrome / People Should Be More Aware - Bird Names,1,0.9343132376670837,cnn_revised_20260919T110440Z,cnn_s1_01,val,Log-Mel CNN,0.23649659752845764,0.3029230187336604
seg_001560,sample_00520,Sturgeon's Law - Nihilore,1,0.46935656666755676,cnn_revised_20260919T110440Z,cnn_s1_01,val,Log-Mel CNN,0.23649659752845764,0.3029230187336604
seg_001561,sample_00520,Sturgeon's Law - Nihilore,1,0.9627570509910583,cnn_revised_20260919T110440Z,cnn_s1_01,val,Log-Mel CNN,0.23649659752845764,0.3029230187336604
seg_001562,sample_00520,Sturgeon's Law - Nihilore,1,0.9379066228866577,cnn_revised_20260919T110440Z,cnn_s1_01,val,Log-Mel CNN,0.23649659752845764,0.3029230187336604
seg_001617,sample_00539,The girl just faded - Los Llamarada,1,0.8066924810409546,cnn_revised_20260919T110440Z,cnn_s1_01,val,Log-Mel CNN,0.23649659752845764,0.3029230187336604
seg_001618,sample_00539,The girl just faded - Los Llamarada,1,0.6743305921554565,cnn_revised_20260919T110440Z,cnn_s1_01,val,Log-Mel CNN,0.23649659752845764,0.3029230187336604
seg_001619,sample_00539,The girl just faded - Los Llamarada,1,0.9387754201889038,cnn_revised_20260919T110440Z,cnn_s1_01,val,Log-Mel CNN,0.23649659752845764,0.3029230187336604
seg_001644,sample_00548,The Stairway - WarpToken,1,0.9740464687347412,cnn_revised_20260919T110440Z,cnn_s1_01,val,Log-Mel CNN,0.23649659752845764,0.3029230187336604
seg_001645,sample_00548,The Stairway - WarpToken,1,0.8330092430114746,cnn_revised_20260919T110440Z,cnn_s1_01,val,Log-Mel CNN,0.23649659752845764,0.3029230187336604
seg_001646,sample_00548,The Stairway - WarpToken,1,0.9669066071510315,cnn_revised_20260919T110440Z,cnn_s1_01,val,Log-Mel CNN,0.23649659752845764,0.3029230187336604
seg_001647,sample_00549,Three Bird - My brother Daniel,1,0.4384922683238983,cnn_revised_20260919T110440Z,cnn_s1_01,val,Log-Mel CNN,0.23649659752845764,0.3029230187336604
seg_001648,sample_00549,Three Bird - My brother Daniel,1,0.27023226022720337,cnn_revised_20260919T110440Z,cnn_s1_01,val,Log-Mel CNN,0.23649659752845764,0.3029230187336604
seg_001649,sample_00549,Three Bird - My brother Daniel,1,0.47323185205459595,cnn_revised_20260919T110440Z,cnn_s1_01,val,Log-Mel CNN,0.23649659752845764,0.3029230187336604
seg_001650,sample_00550,Timen Passing By - Jason Shaw,1,0.9830771088600159,cnn_revised_20260919T110440Z,cnn_s1_01,val,Log-Mel CNN,0.23649659752845764,0.3029230187336604
seg_001651,sample_00550,Timen Passing By - Jason Shaw,1,0.9417827725410461,cnn_revised_20260919T110440Z,cnn_s1_01,val,Log-Mel CNN,0.23649659752845764,0.3029230187336604
seg_001652,sample_00550,Timen Passing By - Jason Shaw,1,0.8631536364555359,cnn_revised_20260919T110440Z,cnn_s1_01,val,Log-Mel CNN,0.23649659752845764,0.3029230187336604
seg_001653,sample_00551,Time Is Love - Silence is full of birds,1,0.24204958975315094,cnn_revised_20260919T110440Z,cnn_s1_01,val,Log-Mel CNN,0.23649659752845764,0.3029230187336604
seg_001654,sample_00551,Time Is Love - Silence is full of birds,1,0.7821668982505798,cnn_revised_20260919T110440Z,cnn_s1_01,val,Log-Mel CNN,0.23649659752845764,0.3029230187336604
seg_001655,sample_00551,Time Is Love - Silence is full of birds,1,0.8949722647666931,cnn_revised_20260919T110440Z,cnn_s1_01,val,Log-Mel CNN,0.23649659752845764,0.3029230187336604
seg_001680,sample_00560,Understand That This Is A Dream - From the album Modulating Coil [RSVP008] - Forrest James,1,0.4717782437801361,cnn_revised_20260919T110440Z,cnn_s1_01,val,Log-Mel CNN,0.23649659752845764,0.3029230187336604
seg_001681,sample_00560,Understand That This Is A Dream - From the album Modulating Coil [RSVP008] - Forrest James,1,0.7996056079864502,cnn_revised_20260919T110440Z,cnn_s1_01,val,Log-Mel CNN,0.23649659752845764,0.3029230187336604
seg_001682,sample_00560,Understand That This Is A Dream - From the album Modulating Coil [RSVP008] - Forrest James,1,0.9079710245132446,cnn_revised_20260919T110440Z,cnn_s1_01,val,Log-Mel CNN,0.23649659752845764,0.3029230187336604
seg_001695,sample_00565,Voxel - Andy G. Cohen,1,0.8367746472358704,cnn_revised_20260919T110440Z,cnn_s1_01,val,Log-Mel CNN,0.23649659752845764,0.3029230187336604
seg_001696,sample_00565,Voxel - Andy G. Cohen,1,0.821225643157959,cnn_revised_20260919T110440Z,cnn_s1_01,val,Log-Mel CNN,0.23649659752845764,0.3029230187336604
seg_001697,sample_00565,Voxel - Andy G. Cohen,1,0.9186874628067017,cnn_revised_20260919T110440Z,cnn_s1_01,val,Log-Mel CNN,0.23649659752845764,0.3029230187336604
seg_001701,sample_00567,Westside Chillers - Little Glass Men,1,0.9148439764976501,cnn_revised_20260919T110440Z,cnn_s1_01,val,Log-Mel CNN,0.23649659752845764,0.3029230187336604
seg_001702,sample_00567,Westside Chillers - Little Glass Men,1,0.6387827396392822,cnn_revised_20260919T110440Z,cnn_s1_01,val,Log-Mel CNN,0.23649659752845764,0.3029230187336604
seg_001703,sample_00567,Westside Chillers - Little Glass Men,1,0.6850137114524841,cnn_revised_20260919T110440Z,cnn_s1_01,val,Log-Mel CNN,0.23649659752845764,0.3029230187336604
seg_001758,sample_00586,В Наших Сердцах - Чокнутый Пропеллер,1,0.031454022973775864,cnn_revised_20260919T110440Z,cnn_s1_01,val,Log-Mel CNN,0.23649659752845764,0.3029230187336604
seg_001759,sample_00586,В Наших Сердцах - Чокнутый Пропеллер,1,0.3187547028064728,cnn_revised_20260919T110440Z,cnn_s1_01,val,Log-Mel CNN,0.23649659752845764,0.3029230187336604
seg_001760,sample_00586,В Наших Сердцах - Чокнутый Пропеллер,1,0.2499929964542389,cnn_revised_20260919T110440Z,cnn_s1_01,val,Log-Mel CNN,0.23649659752845764,0.3029230187336604
seg_001767,sample_00589,Новый Нью-Йорк 2 - Чокнутый Пропеллер,1,0.3508475124835968,cnn_revised_20260919T110440Z,cnn_s1_01,val,Log-Mel CNN,0.23649659752845764,0.3029230187336604
seg_001768,sample_00589,Новый Нью-Йорк 2 - Чокнутый Пропеллер,1,0.5861865282058716,cnn_revised_20260919T110440Z,cnn_s1_01,val,Log-Mel CNN,0.23649659752845764,0.3029230187336604
seg_001769,sample_00589,Новый Нью-Йорк 2 - Чокнутый Пропеллер,1,0.9268922209739685,cnn_revised_20260919T110440Z,cnn_s1_01,val,Log-Mel CNN,0.23649659752845764,0.3029230187336604
seg_001785,sample_00595,Daylight Savings - My brother Daniel,1,0.9896154403686523,cnn_revised_20260919T110440Z,cnn_s1_01,val,Log-Mel CNN,0.23649659752845764,0.3029230187336604
seg_001786,sample_00595,Daylight Savings - My brother Daniel,1,0.9991306662559509,cnn_revised_20260919T110440Z,cnn_s1_01,val,Log-Mel CNN,0.23649659752845764,0.3029230187336604
seg_001787,sample_00595,Daylight Savings - My brother Daniel,1,0.9798271656036377,cnn_revised_20260919T110440Z,cnn_s1_01,val,Log-Mel CNN,0.23649659752845764,0.3029230187336604
seg_001788,sample_00596,Three Bird - My brother Daniel,1,0.8691194653511047,cnn_revised_20260919T110440Z,cnn_s1_01,val,Log-Mel CNN,0.23649659752845764,0.3029230187336604
seg_001789,sample_00596,Three Bird - My brother Daniel,1,0.9066303372383118,cnn_revised_20260919T110440Z,cnn_s1_01,val,Log-Mel CNN,0.23649659752845764,0.3029230187336604
seg_001790,sample_00596,Three Bird - My brother Daniel,1,0.9376132488250732,cnn_revised_20260919T110440Z,cnn_s1_01,val,Log-Mel CNN,0.23649659752845764,0.3029230187336604
seg_001827,sample_00609,Timen Passing By - Jason Shaw,1,0.9481849074363708,cnn_revised_20260919T110440Z,cnn_s1_01,val,Log-Mel CNN,0.23649659752845764,0.3029230187336604
seg_001828,sample_00609,Timen Passing By - Jason Shaw,1,0.990509033203125,cnn_revised_20260919T110440Z,cnn_s1_01,val,Log-Mel CNN,0.23649659752845764,0.3029230187336604
seg_001829,sample_00609,Timen Passing By - Jason Shaw,1,0.9911483526229858,cnn_revised_20260919T110440Z,cnn_s1_01,val,Log-Mel CNN,0.23649659752845764,0.3029230187336604
seg_001830,sample_00610,Night Drive - Decktonic,1,0.9712643027305603,cnn_revised_20260919T110440Z,cnn_s1_01,val,Log-Mel CNN,0.23649659752845764,0.3029230187336604
seg_001831,sample_00610,Night Drive - Decktonic,1,0.9744943380355835,cnn_revised_20260919T110440Z,cnn_s1_01,val,Log-Mel CNN,0.23649659752845764,0.3029230187336604
seg_001832,sample_00610,Night Drive - Decktonic,1,0.9385727047920227,cnn_revised_20260919T110440Z,cnn_s1_01,val,Log-Mel CNN,0.23649659752845764,0.3029230187336604
seg_001845,sample_00615,Sturgeon's Law - Nihilore,1,0.684141218662262,cnn_revised_20260919T110440Z,cnn_s1_01,val,Log-Mel CNN,0.23649659752845764,0.3029230187336604
seg_001846,sample_00615,Sturgeon's Law - Nihilore,1,0.7867826223373413,cnn_revised_20260919T110440Z,cnn_s1_01,val,Log-Mel CNN,0.23649659752845764,0.3029230187336604
seg_001847,sample_00615,Sturgeon's Law - Nihilore,1,0.8029003143310547,cnn_revised_20260919T110440Z,cnn_s1_01,val,Log-Mel CNN,0.23649659752845764,0.3029230187336604
seg_001851,sample_00617,mystery team 2090 - Jesse Futerman,1,0.9657022356987,cnn_revised_20260919T110440Z,cnn_s1_01,val,Log-Mel CNN,0.23649659752845764,0.3029230187336604
seg_001852,sample_00617,mystery team 2090 - Jesse Futerman,1,0.9609485268592834,cnn_revised_20260919T110440Z,cnn_s1_01,val,Log-Mel CNN,0.23649659752845764,0.3029230187336604
seg_001853,sample_00617,mystery team 2090 - Jesse Futerman,1,0.9724684357643127,cnn_revised_20260919T110440Z,cnn_s1_01,val,Log-Mel CNN,0.23649659752845764,0.3029230187336604
seg_001875,sample_00625,Loved Ones - Rowan Box,1,0.5902238488197327,cnn_revised_20260919T110440Z,cnn_s1_01,val,Log-Mel CNN,0.23649659752845764,0.3029230187336604
seg_001876,sample_00625,Loved Ones - Rowan Box,1,0.5939836502075195,cnn_revised_20260919T110440Z,cnn_s1_01,val,Log-Mel CNN,0.23649659752845764,0.3029230187336604
seg_001877,sample_00625,Loved Ones - Rowan Box,1,0.6813780665397644,cnn_revised_20260919T110440Z,cnn_s1_01,val,Log-Mel CNN,0.23649659752845764,0.3029230187336604
seg_001917,sample_00639,CopperNickle - UncleBibby,1,0.945796549320221,cnn_revised_20260919T110440Z,cnn_s1_01,val,Log-Mel CNN,0.23649659752845764,0.3029230187336604
seg_001918,sample_00639,CopperNickle - UncleBibby,1,0.9636275172233582,cnn_revised_20260919T110440Z,cnn_s1_01,val,Log-Mel CNN,0.23649659752845764,0.3029230187336604
seg_001919,sample_00639,CopperNickle - UncleBibby,1,0.9858466982841492,cnn_revised_20260919T110440Z,cnn_s1_01,val,Log-Mel CNN,0.23649659752845764,0.3029230187336604
seg_001953,sample_00651,Nuo Maisemat - Paavoharju,1,0.9312663674354553,cnn_revised_20260919T110440Z,cnn_s1_01,val,Log-Mel CNN,0.23649659752845764,0.3029230187336604
seg_001954,sample_00651,Nuo Maisemat - Paavoharju,1,0.7720547318458557,cnn_revised_20260919T110440Z,cnn_s1_01,val,Log-Mel CNN,0.23649659752845764,0.3029230187336604
seg_001955,sample_00651,Nuo Maisemat - Paavoharju,1,0.8396220207214355,cnn_revised_20260919T110440Z,cnn_s1_01,val,Log-Mel CNN,0.23649659752845764,0.3029230187336604
seg_001986,sample_00662,SD (Ill Mix) - H-LR,1,0.9383568167686462,cnn_revised_20260919T110440Z,cnn_s1_01,val,Log-Mel CNN,0.23649659752845764,0.3029230187336604
seg_001987,sample_00662,SD (Ill Mix) - H-LR,1,0.946192741394043,cnn_revised_20260919T110440Z,cnn_s1_01,val,Log-Mel CNN,0.23649659752845764,0.3029230187336604
seg_001988,sample_00662,SD (Ill Mix) - H-LR,1,0.9324681162834167,cnn_revised_20260919T110440Z,cnn_s1_01,val,Log-Mel CNN,0.23649659752845764,0.3029230187336604
seg_001998,sample_00666,Kumorizoranohajimarutokoro - Hosomi,1,0.7407643795013428,cnn_revised_20260919T110440Z,cnn_s1_01,val,Log-Mel CNN,0.23649659752845764,0.3029230187336604
seg_001999,sample_00666,Kumorizoranohajimarutokoro - Hosomi,1,0.7895277738571167,cnn_revised_20260919T110440Z,cnn_s1_01,val,Log-Mel CNN,0.23649659752845764,0.3029230187336604
seg_002000,sample_00666,Kumorizoranohajimarutokoro - Hosomi,1,0.7274540066719055,cnn_revised_20260919T110440Z,cnn_s1_01,val,Log-Mel CNN,0.23649659752845764,0.3029230187336604
seg_002019,sample_00673,some dextromethorphan - Jeva,1,0.8017346262931824,cnn_revised_20260919T110440Z,cnn_s1_01,val,Log-Mel CNN,0.23649659752845764,0.3029230187336604
seg_002020,sample_00673,some dextromethorphan - Jeva,1,0.7862142324447632,cnn_revised_20260919T110440Z,cnn_s1_01,val,Log-Mel CNN,0.23649659752845764,0.3029230187336604
seg_002021,sample_00673,some dextromethorphan - Jeva,1,0.8015680909156799,cnn_revised_20260919T110440Z,cnn_s1_01,val,Log-Mel CNN,0.23649659752845764,0.3029230187336604
seg_002028,sample_00676,Fifth Ramble - From the album Keith [RSVP007] - My brother Daniel,1,0.9216712117195129,cnn_revised_20260919T110440Z,cnn_s1_01,val,Log-Mel CNN,0.23649659752845764,0.3029230187336604
seg_002029,sample_00676,Fifth Ramble - From the album Keith [RSVP007] - My brother Daniel,1,0.9779093265533447,cnn_revised_20260919T110440Z,cnn_s1_01,val,Log-Mel CNN,0.23649659752845764,0.3029230187336604
seg_002030,sample_00676,Fifth Ramble - From the album Keith [RSVP007] - My brother Daniel,1,0.9798176884651184,cnn_revised_20260919T110440Z,cnn_s1_01,val,Log-Mel CNN,0.23649659752845764,0.3029230187336604
seg_002043,sample_00681,Westside Chillers - Little Glass Men,1,0.9707767367362976,cnn_revised_20260919T110440Z,cnn_s1_01,val,Log-Mel CNN,0.23649659752845764,0.3029230187336604
seg_002044,sample_00681,Westside Chillers - Little Glass Men,1,0.9726095795631409,cnn_revised_20260919T110440Z,cnn_s1_01,val,Log-Mel CNN,0.23649659752845764,0.3029230187336604
seg_002045,sample_00681,Westside Chillers - Little Glass Men,1,0.9441013932228088,cnn_revised_20260919T110440Z,cnn_s1_01,val,Log-Mel CNN,0.23649659752845764,0.3029230187336604
seg_002076,sample_00692,If You're Ther - Nicola Ratti,1,0.9737154245376587,cnn_revised_20260919T110440Z,cnn_s1_01,val,Log-Mel CNN,0.23649659752845764,0.3029230187336604
seg_002077,sample_00692,If You're Ther - Nicola Ratti,1,0.744827926158905,cnn_revised_20260919T110440Z,cnn_s1_01,val,Log-Mel CNN,0.23649659752845764,0.3029230187336604
seg_002078,sample_00692,If You're Ther - Nicola Ratti,1,0.7431644201278687,cnn_revised_20260919T110440Z,cnn_s1_01,val,Log-Mel CNN,0.23649659752845764,0.3029230187336604
seg_002079,sample_00693,Understand That This Is A Dream - From the album Modulating Coil [RSVP008] - Forrest James,1,0.9475814700126648,cnn_revised_20260919T110440Z,cnn_s1_01,val,Log-Mel CNN,0.23649659752845764,0.3029230187336604
seg_002080,sample_00693,Understand That This Is A Dream - From the album Modulating Coil [RSVP008] - Forrest James,1,0.8388789892196655,cnn_revised_20260919T110440Z,cnn_s1_01,val,Log-Mel CNN,0.23649659752845764,0.3029230187336604
seg_002081,sample_00693,Understand That This Is A Dream - From the album Modulating Coil [RSVP008] - Forrest James,1,0.8597151041030884,cnn_revised_20260919T110440Z,cnn_s1_01,val,Log-Mel CNN,0.23649659752845764,0.3029230187336604
seg_002100,sample_00700,The Stairway - WarpToken,1,0.9376416206359863,cnn_revised_20260919T110440Z,cnn_s1_01,val,Log-Mel CNN,0.23649659752845764,0.3029230187336604
seg_002101,sample_00700,The Stairway - WarpToken,1,0.9739722609519958,cnn_revised_20260919T110440Z,cnn_s1_01,val,Log-Mel CNN,0.23649659752845764,0.3029230187336604
seg_002102,sample_00700,The Stairway - WarpToken,1,0.9914507269859314,cnn_revised_20260919T110440Z,cnn_s1_01,val,Log-Mel CNN,0.23649659752845764,0.3029230187336604
seg_002112,sample_00704,Soleares&beats - Malaventura,1,0.7516431212425232,cnn_revised_20260919T110440Z,cnn_s1_01,val,Log-Mel CNN,0.23649659752845764,0.3029230187336604
seg_002113,sample_00704,Soleares&beats - Malaventura,1,0.847051203250885,cnn_revised_20260919T110440Z,cnn_s1_01,val,Log-Mel CNN,0.23649659752845764,0.3029230187336604
seg_002114,sample_00704,Soleares&beats - Malaventura,1,0.8312192559242249,cnn_revised_20260919T110440Z,cnn_s1_01,val,Log-Mel CNN,0.23649659752845764,0.3029230187336604
seg_002184,sample_00728,Evil Cannot Create - Caleb Lemond,1,0.9518658518791199,cnn_revised_20260919T110440Z,cnn_s1_01,val,Log-Mel CNN,0.23649659752845764,0.3029230187336604
seg_002185,sample_00728,Evil Cannot Create - Caleb Lemond,1,0.5918793678283691,cnn_revised_20260919T110440Z,cnn_s1_01,val,Log-Mel CNN,0.23649659752845764,0.3029230187336604
seg_002186,sample_00728,Evil Cannot Create - Caleb Lemond,1,0.9469618797302246,cnn_revised_20260919T110440Z,cnn_s1_01,val,Log-Mel CNN,0.23649659752845764,0.3029230187336604
seg_002196,sample_00732,Norweigian Wood II - Bird Names,1,0.7761951684951782,cnn_revised_20260919T110440Z,cnn_s1_01,val,Log-Mel CNN,0.23649659752845764,0.3029230187336604
seg_002197,sample_00732,Norweigian Wood II - Bird Names,1,0.8429356217384338,cnn_revised_20260919T110440Z,cnn_s1_01,val,Log-Mel CNN,0.23649659752845764,0.3029230187336604
seg_002198,sample_00732,Norweigian Wood II - Bird Names,1,0.9201450347900391,cnn_revised_20260919T110440Z,cnn_s1_01,val,Log-Mel CNN,0.23649659752845764,0.3029230187336604
seg_002214,sample_00738,Roller Star - Monroeville Music Center,1,0.9642435908317566,cnn_revised_20260919T110440Z,cnn_s1_01,val,Log-Mel CNN,0.23649659752845764,0.3029230187336604
seg_002215,sample_00738,Roller Star - Monroeville Music Center,1,0.9749489426612854,cnn_revised_20260919T110440Z,cnn_s1_01,val,Log-Mel CNN,0.23649659752845764,0.3029230187336604
seg_002216,sample_00738,Roller Star - Monroeville Music Center,1,0.9653209447860718,cnn_revised_20260919T110440Z,cnn_s1_01,val,Log-Mel CNN,0.23649659752845764,0.3029230187336604
seg_002229,sample_00743,Time Is Love - Silence is full of birds,1,0.8532422780990601,cnn_revised_20260919T110440Z,cnn_s1_01,val,Log-Mel CNN,0.23649659752845764,0.3029230187336604
seg_002230,sample_00743,Time Is Love - Silence is full of birds,1,0.8804301619529724,cnn_revised_20260919T110440Z,cnn_s1_01,val,Log-Mel CNN,0.23649659752845764,0.3029230187336604
seg_002231,sample_00743,Time Is Love - Silence is full of birds,1,0.8149133324623108,cnn_revised_20260919T110440Z,cnn_s1_01,val,Log-Mel CNN,0.23649659752845764,0.3029230187336604
seg_002232,sample_00744,Stockholm Syndrome / People Should Be More Aware - Bird Names,1,0.6463886499404907,cnn_revised_20260919T110440Z,cnn_s1_01,val,Log-Mel CNN,0.23649659752845764,0.3029230187336604
seg_002233,sample_00744,Stockholm Syndrome / People Should Be More Aware - Bird Names,1,0.6944463849067688,cnn_revised_20260919T110440Z,cnn_s1_01,val,Log-Mel CNN,0.23649659752845764,0.3029230187336604
seg_002234,sample_00744,Stockholm Syndrome / People Should Be More Aware - Bird Names,1,0.5504533648490906,cnn_revised_20260919T110440Z,cnn_s1_01,val,Log-Mel CNN,0.23649659752845764,0.3029230187336604
seg_002244,sample_00748,"Roundtrip - Oh Yeah, the Future",1,0.9116058349609375,cnn_revised_20260919T110440Z,cnn_s1_01,val,Log-Mel CNN,0.23649659752845764,0.3029230187336604
seg_002245,sample_00748,"Roundtrip - Oh Yeah, the Future",1,0.9905959367752075,cnn_revised_20260919T110440Z,cnn_s1_01,val,Log-Mel CNN,0.23649659752845764,0.3029230187336604
seg_002246,sample_00748,"Roundtrip - Oh Yeah, the Future",1,0.9833288192749023,cnn_revised_20260919T110440Z,cnn_s1_01,val,Log-Mel CNN,0.23649659752845764,0.3029230187336604
seg_002247,sample_00749,New Life (take 1) - Bird Names,1,0.8244707584381104,cnn_revised_20260919T110440Z,cnn_s1_01,val,Log-Mel CNN,0.23649659752845764,0.3029230187336604
seg_002248,sample_00749,New Life (take 1) - Bird Names,1,0.9365304112434387,cnn_revised_20260919T110440Z,cnn_s1_01,val,Log-Mel CNN,0.23649659752845764,0.3029230187336604
seg_002249,sample_00749,New Life (take 1) - Bird Names,1,0.8815705180168152,cnn_revised_20260919T110440Z,cnn_s1_01,val,Log-Mel CNN,0.23649659752845764,0.3029230187336604
seg_002253,sample_00751,My Body Is A Weapon (Compromise Edit) - Silence is full of birds,1,0.957389771938324,cnn_revised_20260919T110440Z,cnn_s1_01,val,Log-Mel CNN,0.23649659752845764,0.3029230187336604
seg_002254,sample_00751,My Body Is A Weapon (Compromise Edit) - Silence is full of birds,1,0.95554119348526,cnn_revised_20260919T110440Z,cnn_s1_01,val,Log-Mel CNN,0.23649659752845764,0.3029230187336604
seg_002255,sample_00751,My Body Is A Weapon (Compromise Edit) - Silence is full of birds,1,0.9748161435127258,cnn_revised_20260919T110440Z,cnn_s1_01,val,Log-Mel CNN,0.23649659752845764,0.3029230187336604
seg_002280,sample_00760,Agora - Malaventura,1,0.9213321208953857,cnn_revised_20260919T110440Z,cnn_s1_01,val,Log-Mel CNN,0.23649659752845764,0.3029230187336604
seg_002281,sample_00760,Agora - Malaventura,1,0.9519851803779602,cnn_revised_20260919T110440Z,cnn_s1_01,val,Log-Mel CNN,0.23649659752845764,0.3029230187336604
seg_002282,sample_00760,Agora - Malaventura,1,0.9722259044647217,cnn_revised_20260919T110440Z,cnn_s1_01,val,Log-Mel CNN,0.23649659752845764,0.3029230187336604
seg_002304,sample_00768,Empty Pockets - Pete Prodoehl,1,0.7860642671585083,cnn_revised_20260919T110440Z,cnn_s1_01,val,Log-Mel CNN,0.23649659752845764,0.3029230187336604
seg_002305,sample_00768,Empty Pockets - Pete Prodoehl,1,0.7984223961830139,cnn_revised_20260919T110440Z,cnn_s1_01,val,Log-Mel CNN,0.23649659752845764,0.3029230187336604
seg_002306,sample_00768,Empty Pockets - Pete Prodoehl,1,0.964350163936615,cnn_revised_20260919T110440Z,cnn_s1_01,val,Log-Mel CNN,0.23649659752845764,0.3029230187336604
seg_002310,sample_00770,Windows of the Skull - Sarin,1,0.8639832139015198,cnn_revised_20260919T110440Z,cnn_s1_01,val,Log-Mel CNN,0.23649659752845764,0.3029230187336604
seg_002311,sample_00770,Windows of the Skull - Sarin,1,0.8937481045722961,cnn_revised_20260919T110440Z,cnn_s1_01,val,Log-Mel CNN,0.23649659752845764,0.3029230187336604
seg_002312,sample_00770,Windows of the Skull - Sarin,1,0.9274162650108337,cnn_revised_20260919T110440Z,cnn_s1_01,val,Log-Mel CNN,0.23649659752845764,0.3029230187336604
seg_002319,sample_00773,Gila Monster Flop/Music History Lesson:The Sonics - The Crypts!,1,0.9427024722099304,cnn_revised_20260919T110440Z,cnn_s1_01,val,Log-Mel CNN,0.23649659752845764,0.3029230187336604
seg_002320,sample_00773,Gila Monster Flop/Music History Lesson:The Sonics - The Crypts!,1,0.9605433940887451,cnn_revised_20260919T110440Z,cnn_s1_01,val,Log-Mel CNN,0.23649659752845764,0.3029230187336604
seg_002321,sample_00773,Gila Monster Flop/Music History Lesson:The Sonics - The Crypts!,1,0.9793748259544373,cnn_revised_20260919T110440Z,cnn_s1_01,val,Log-Mel CNN,0.23649659752845764,0.3029230187336604
seg_002343,sample_00781,Voxel - Andy G. Cohen,1,0.9292102456092834,cnn_revised_20260919T110440Z,cnn_s1_01,val,Log-Mel CNN,0.23649659752845764,0.3029230187336604
seg_002344,sample_00781,Voxel - Andy G. Cohen,1,0.788143515586853,cnn_revised_20260919T110440Z,cnn_s1_01,val,Log-Mel CNN,0.23649659752845764,0.3029230187336604
seg_002345,sample_00781,Voxel - Andy G. Cohen,1,0.9097031950950623,cnn_revised_20260919T110440Z,cnn_s1_01,val,Log-Mel CNN,0.23649659752845764,0.3029230187336604
seg_002364,sample_00788,Scramby Eggs - Andy G. Cohen,1,0.9091095924377441,cnn_revised_20260919T110440Z,cnn_s1_01,val,Log-Mel CNN,0.23649659752845764,0.3029230187336604
seg_002365,sample_00788,Scramby Eggs - Andy G. Cohen,1,0.8584837913513184,cnn_revised_20260919T110440Z,cnn_s1_01,val,Log-Mel CNN,0.23649659752845764,0.3029230187336604
seg_002366,sample_00788,Scramby Eggs - Andy G. Cohen,1,0.9618116617202759,cnn_revised_20260919T110440Z,cnn_s1_01,val,Log-Mel CNN,0.23649659752845764,0.3029230187336604
seg_002406,sample_00802,I Fell - Mod Fun,1,0.8999558091163635,cnn_revised_20260919T110440Z,cnn_s1_01,val,Log-Mel CNN,0.23649659752845764,0.3029230187336604
seg_002407,sample_00802,I Fell - Mod Fun,1,0.839398205280304,cnn_revised_20260919T110440Z,cnn_s1_01,val,Log-Mel CNN,0.23649659752845764,0.3029230187336604
seg_002408,sample_00802,I Fell - Mod Fun,1,0.965003252029419,cnn_revised_20260919T110440Z,cnn_s1_01,val,Log-Mel CNN,0.23649659752845764,0.3029230187336604
seg_002409,sample_00803,Новый Нью-Йорк 2 - Чокнутый Пропеллер,1,0.8807602524757385,cnn_revised_20260919T110440Z,cnn_s1_01,val,Log-Mel CNN,0.23649659752845764,0.3029230187336604
seg_002410,sample_00803,Новый Нью-Йорк 2 - Чокнутый Пропеллер,1,0.768974781036377,cnn_revised_20260919T110440Z,cnn_s1_01,val,Log-Mel CNN,0.23649659752845764,0.3029230187336604
seg_002411,sample_00803,Новый Нью-Йорк 2 - Чокнутый Пропеллер,1,0.7491427659988403,cnn_revised_20260919T110440Z,cnn_s1_01,val,Log-Mel CNN,0.23649659752845764,0.3029230187336604
seg_002421,sample_00807,March of the GPA Mechanics - [t]ghost,1,0.7996506690979004,cnn_revised_20260919T110440Z,cnn_s1_01,val,Log-Mel CNN,0.23649659752845764,0.3029230187336604
seg_002422,sample_00807,March of the GPA Mechanics - [t]ghost,1,0.8225188851356506,cnn_revised_20260919T110440Z,cnn_s1_01,val,Log-Mel CNN,0.23649659752845764,0.3029230187336604
seg_002423,sample_00807,March of the GPA Mechanics - [t]ghost,1,0.7553185820579529,cnn_revised_20260919T110440Z,cnn_s1_01,val,Log-Mel CNN,0.23649659752845764,0.3029230187336604
seg_002436,sample_00812,2 (Wasn't There) - Isle of Pine,1,0.8753688335418701,cnn_revised_20260919T110440Z,cnn_s1_01,val,Log-Mel CNN,0.23649659752845764,0.3029230187336604
seg_002437,sample_00812,2 (Wasn't There) - Isle of Pine,1,0.9401249289512634,cnn_revised_20260919T110440Z,cnn_s1_01,val,Log-Mel CNN,0.23649659752845764,0.3029230187336604
seg_002438,sample_00812,2 (Wasn't There) - Isle of Pine,1,0.9591719508171082,cnn_revised_20260919T110440Z,cnn_s1_01,val,Log-Mel CNN,0.23649659752845764,0.3029230187336604
seg_002439,sample_00813,The girl just faded - Los Llamarada,1,0.35953211784362793,cnn_revised_20260919T110440Z,cnn_s1_01,val,Log-Mel CNN,0.23649659752845764,0.3029230187336604
seg_002440,sample_00813,The girl just faded - Los Llamarada,1,0.3495059311389923,cnn_revised_20260919T110440Z,cnn_s1_01,val,Log-Mel CNN,0.23649659752845764,0.3029230187336604
seg_002441,sample_00813,The girl just faded - Los Llamarada,1,0.37213799357414246,cnn_revised_20260919T110440Z,cnn_s1_01,val,Log-Mel CNN,0.23649659752845764,0.3029230187336604
seg_002457,sample_00819,В Наших Сердцах - Чокнутый Пропеллер,1,0.8504656553268433,cnn_revised_20260919T110440Z,cnn_s1_01,val,Log-Mel CNN,0.23649659752845764,0.3029230187336604
seg_002458,sample_00819,В Наших Сердцах - Чокнутый Пропеллер,1,0.9132974743843079,cnn_revised_20260919T110440Z,cnn_s1_01,val,Log-Mel CNN,0.23649659752845764,0.3029230187336604
seg_002459,sample_00819,В Наших Сердцах - Чокнутый Пропеллер,1,0.835051953792572,cnn_revised_20260919T110440Z,cnn_s1_01,val,Log-Mel CNN,0.23649659752845764,0.3029230187336604
seg_002460,sample_00820,Lights Up - Pipe Choir,1,0.977412223815918,cnn_revised_20260919T110440Z,cnn_s1_01,val,Log-Mel CNN,0.23649659752845764,0.3029230187336604
seg_002461,sample_00820,Lights Up - Pipe Choir,1,0.9481541514396667,cnn_revised_20260919T110440Z,cnn_s1_01,val,Log-Mel CNN,0.23649659752845764,0.3029230187336604
seg_002462,sample_00820,Lights Up - Pipe Choir,1,0.9756180644035339,cnn_revised_20260919T110440Z,cnn_s1_01,val,Log-Mel CNN,0.23649659752845764,0.3029230187336604
seg_002466,sample_00822,Beyond Luxury - Mors Ontologica,1,0.8117967844009399,cnn_revised_20260919T110440Z,cnn_s1_01,val,Log-Mel CNN,0.23649659752845764,0.3029230187336604
seg_002467,sample_00822,Beyond Luxury - Mors Ontologica,1,0.7659059762954712,cnn_revised_20260919T110440Z,cnn_s1_01,val,Log-Mel CNN,0.23649659752845764,0.3029230187336604
seg_002468,sample_00822,Beyond Luxury - Mors Ontologica,1,0.8906870484352112,cnn_revised_20260919T110440Z,cnn_s1_01,val,Log-Mel CNN,0.23649659752845764,0.3029230187336604
seg_002529,sample_00843,Fear - Los Fancy Free,1,0.9239187240600586,cnn_revised_20260919T110440Z,cnn_s1_01,val,Log-Mel CNN,0.23649659752845764,0.3029230187336604
seg_002530,sample_00843,Fear - Los Fancy Free,1,0.8984388709068298,cnn_revised_20260919T110440Z,cnn_s1_01,val,Log-Mel CNN,0.23649659752845764,0.3029230187336604
seg_002531,sample_00843,Fear - Los Fancy Free,1,0.9168480038642883,cnn_revised_20260919T110440Z,cnn_s1_01,val,Log-Mel CNN,0.23649659752845764,0.3029230187336604
seg_002622,sample_00874,Redlight - Room For A Ghost,1,0.7599315047264099,cnn_revised_20260919T110440Z,cnn_s1_01,val,Log-Mel CNN,0.23649659752845764,0.3029230187336604
seg_002623,sample_00874,Redlight - Room For A Ghost,1,0.7745627164840698,cnn_revised_20260919T110440Z,cnn_s1_01,val,Log-Mel CNN,0.23649659752845764,0.3029230187336604
seg_002624,sample_00874,Redlight - Room For A Ghost,1,0.9124137759208679,cnn_revised_20260919T110440Z,cnn_s1_01,val,Log-Mel CNN,0.23649659752845764,0.3029230187336604
seg_002625,sample_00875,Shipwrecked Crew - Pete Prodoehl,1,0.7385376691818237,cnn_revised_20260919T110440Z,cnn_s1_01,val,Log-Mel CNN,0.23649659752845764,0.3029230187336604
seg_002626,sample_00875,Shipwrecked Crew - Pete Prodoehl,1,0.8659346103668213,cnn_revised_20260919T110440Z,cnn_s1_01,val,Log-Mel CNN,0.23649659752845764,0.3029230187336604
seg_002627,sample_00875,Shipwrecked Crew - Pete Prodoehl,1,0.9700654745101929,cnn_revised_20260919T110440Z,cnn_s1_01,val,Log-Mel CNN,0.23649659752845764,0.3029230187336604
seg_002640,sample_00880,Morning Bell - Nihilore,1,0.9561310410499573,cnn_revised_20260919T110440Z,cnn_s1_01,val,Log-Mel CNN,0.23649659752845764,0.3029230187336604
seg_002641,sample_00880,Morning Bell - Nihilore,1,0.9301733374595642,cnn_revised_20260919T110440Z,cnn_s1_01,val,Log-Mel CNN,0.23649659752845764,0.3029230187336604
seg_002642,sample_00880,Morning Bell - Nihilore,1,0.9700620770454407,cnn_revised_20260919T110440Z,cnn_s1_01,val,Log-Mel CNN,0.23649659752845764,0.3029230187336604
seg_002694,sample_00898,CopperNickle - UncleBibby,1,0.49330249428749084,cnn_revised_20260919T110440Z,cnn_s1_01,val,Log-Mel CNN,0.23649659752845764,0.3029230187336604
seg_002695,sample_00898,CopperNickle - UncleBibby,1,0.9527604579925537,cnn_revised_20260919T110440Z,cnn_s1_01,val,Log-Mel CNN,0.23649659752845764,0.3029230187336604
seg_002696,sample_00898,CopperNickle - UncleBibby,1,0.8097472786903381,cnn_revised_20260919T110440Z,cnn_s1_01,val,Log-Mel CNN,0.23649659752845764,0.3029230187336604
seg_002697,sample_00899,CopperNickle - UncleBibby,1,0.9951297044754028,cnn_revised_20260919T110440Z,cnn_s1_01,val,Log-Mel CNN,0.23649659752845764,0.3029230187336604
seg_002698,sample_00899,CopperNickle - UncleBibby,1,0.9864665865898132,cnn_revised_20260919T110440Z,cnn_s1_01,val,Log-Mel CNN,0.23649659752845764,0.3029230187336604
seg_002699,sample_00899,CopperNickle - UncleBibby,1,0.9621352553367615,cnn_revised_20260919T110440Z,cnn_s1_01,val,Log-Mel CNN,0.23649659752845764,0.3029230187336604
seg_002766,sample_00922,mystery team 2090 - Jesse Futerman,1,0.6266787052154541,cnn_revised_20260919T110440Z,cnn_s1_01,val,Log-Mel CNN,0.23649659752845764,0.3029230187336604
seg_002767,sample_00922,mystery team 2090 - Jesse Futerman,1,0.5006372928619385,cnn_revised_20260919T110440Z,cnn_s1_01,val,Log-Mel CNN,0.23649659752845764,0.3029230187336604
seg_002768,sample_00922,mystery team 2090 - Jesse Futerman,1,0.9596912264823914,cnn_revised_20260919T110440Z,cnn_s1_01,val,Log-Mel CNN,0.23649659752845764,0.3029230187336604
seg_002769,sample_00923,mystery team 2090 - Jesse Futerman,1,0.47625333070755005,cnn_revised_20260919T110440Z,cnn_s1_01,val,Log-Mel CNN,0.23649659752845764,0.3029230187336604
seg_002770,sample_00923,mystery team 2090 - Jesse Futerman,1,0.6045246720314026,cnn_revised_20260919T110440Z,cnn_s1_01,val,Log-Mel CNN,0.23649659752845764,0.3029230187336604
seg_002771,sample_00923,mystery team 2090 - Jesse Futerman,1,0.9408437609672546,cnn_revised_20260919T110440Z,cnn_s1_01,val,Log-Mel CNN,0.23649659752845764,0.3029230187336604
seg_002772,sample_00924,Night Drive - Decktonic,1,0.6171713471412659,cnn_revised_20260919T110440Z,cnn_s1_01,val,Log-Mel CNN,0.23649659752845764,0.3029230187336604
seg_002773,sample_00924,Night Drive - Decktonic,1,0.8412531614303589,cnn_revised_20260919T110440Z,cnn_s1_01,val,Log-Mel CNN,0.23649659752845764,0.3029230187336604
seg_002774,sample_00924,Night Drive - Decktonic,1,0.9640524387359619,cnn_revised_20260919T110440Z,cnn_s1_01,val,Log-Mel CNN,0.23649659752845764,0.3029230187336604
seg_002775,sample_00925,Night Drive - Decktonic,1,0.8034887909889221,cnn_revised_20260919T110440Z,cnn_s1_01,val,Log-Mel CNN,0.23649659752845764,0.3029230187336604
seg_002776,sample_00925,Night Drive - Decktonic,1,0.6819196939468384,cnn_revised_20260919T110440Z,cnn_s1_01,val,Log-Mel CNN,0.23649659752845764,0.3029230187336604
seg_002777,sample_00925,Night Drive - Decktonic,1,0.9688735604286194,cnn_revised_20260919T110440Z,cnn_s1_01,val,Log-Mel CNN,0.23649659752845764,0.3029230187336604
seg_002790,sample_00930,Nuo Maisemat - Paavoharju,1,0.8981165289878845,cnn_revised_20260919T110440Z,cnn_s1_01,val,Log-Mel CNN,0.23649659752845764,0.3029230187336604
seg_002791,sample_00930,Nuo Maisemat - Paavoharju,1,0.8580564856529236,cnn_revised_20260919T110440Z,cnn_s1_01,val,Log-Mel CNN,0.23649659752845764,0.3029230187336604
seg_002792,sample_00930,Nuo Maisemat - Paavoharju,1,0.9359555244445801,cnn_revised_20260919T110440Z,cnn_s1_01,val,Log-Mel CNN,0.23649659752845764,0.3029230187336604
seg_002793,sample_00931,Nuo Maisemat - Paavoharju,1,0.8392115235328674,cnn_revised_20260919T110440Z,cnn_s1_01,val,Log-Mel CNN,0.23649659752845764,0.3029230187336604
seg_002794,sample_00931,Nuo Maisemat - Paavoharju,1,0.753940761089325,cnn_revised_20260919T110440Z,cnn_s1_01,val,Log-Mel CNN,0.23649659752845764,0.3029230187336604
seg_002795,sample_00931,Nuo Maisemat - Paavoharju,1,0.9578972458839417,cnn_revised_20260919T110440Z,cnn_s1_01,val,Log-Mel CNN,0.23649659752845764,0.3029230187336604
seg_002874,sample_00958,SD (Ill Mix) - H-LR,1,0.8554792404174805,cnn_revised_20260919T110440Z,cnn_s1_01,val,Log-Mel CNN,0.23649659752845764,0.3029230187336604
seg_002875,sample_00958,SD (Ill Mix) - H-LR,1,0.7720397114753723,cnn_revised_20260919T110440Z,cnn_s1_01,val,Log-Mel CNN,0.23649659752845764,0.3029230187336604
seg_002876,sample_00958,SD (Ill Mix) - H-LR,1,0.9783095121383667,cnn_revised_20260919T110440Z,cnn_s1_01,val,Log-Mel CNN,0.23649659752845764,0.3029230187336604
seg_002877,sample_00959,SD (Ill Mix) - H-LR,1,0.7169255614280701,cnn_revised_20260919T110440Z,cnn_s1_01,val,Log-Mel CNN,0.23649659752845764,0.3029230187336604
seg_002878,sample_00959,SD (Ill Mix) - H-LR,1,0.6315834522247314,cnn_revised_20260919T110440Z,cnn_s1_01,val,Log-Mel CNN,0.23649659752845764,0.3029230187336604
seg_002879,sample_00959,SD (Ill Mix) - H-LR,1,0.787163496017456,cnn_revised_20260919T110440Z,cnn_s1_01,val,Log-Mel CNN,0.23649659752845764,0.3029230187336604
seg_002982,sample_00994,Evil Cannot Create - Caleb Lemond,1,0.7888864874839783,cnn_revised_20260919T110440Z,cnn_s1_01,val,Log-Mel CNN,0.23649659752845764,0.3029230187336604
seg_002983,sample_00994,Evil Cannot Create - Caleb Lemond,1,0.5763569474220276,cnn_revised_20260919T110440Z,cnn_s1_01,val,Log-Mel CNN,0.23649659752845764,0.3029230187336604
seg_002984,sample_00994,Evil Cannot Create - Caleb Lemond,1,0.9582617282867432,cnn_revised_20260919T110440Z,cnn_s1_01,val,Log-Mel CNN,0.23649659752845764,0.3029230187336604
seg_002985,sample_00995,Evil Cannot Create - Caleb Lemond,1,0.9547423720359802,cnn_revised_20260919T110440Z,cnn_s1_01,val,Log-Mel CNN,0.23649659752845764,0.3029230187336604
seg_002986,sample_00995,Evil Cannot Create - Caleb Lemond,1,0.7642718553543091,cnn_revised_20260919T110440Z,cnn_s1_01,val,Log-Mel CNN,0.23649659752845764,0.3029230187336604
seg_002987,sample_00995,Evil Cannot Create - Caleb Lemond,1,0.8349475860595703,cnn_revised_20260919T110440Z,cnn_s1_01,val,Log-Mel CNN,0.23649659752845764,0.3029230187336604
seg_003090,sample_01030,New Life (take 1) - Bird Names,1,0.193301260471344,cnn_revised_20260919T110440Z,cnn_s1_01,val,Log-Mel CNN,0.23649659752845764,0.3029230187336604
seg_003091,sample_01030,New Life (take 1) - Bird Names,1,0.09295614063739777,cnn_revised_20260919T110440Z,cnn_s1_01,val,Log-Mel CNN,0.23649659752845764,0.3029230187336604
seg_003092,sample_01030,New Life (take 1) - Bird Names,1,0.3956697881221771,cnn_revised_20260919T110440Z,cnn_s1_01,val,Log-Mel CNN,0.23649659752845764,0.3029230187336604
seg_003093,sample_01031,New Life (take 1) - Bird Names,1,0.5838678479194641,cnn_revised_20260919T110440Z,cnn_s1_01,val,Log-Mel CNN,0.23649659752845764,0.3029230187336604
seg_003094,sample_01031,New Life (take 1) - Bird Names,1,0.18740718066692352,cnn_revised_20260919T110440Z,cnn_s1_01,val,Log-Mel CNN,0.23649659752845764,0.3029230187336604
seg_003095,sample_01031,New Life (take 1) - Bird Names,1,0.6432188153266907,cnn_revised_20260919T110440Z,cnn_s1_01,val,Log-Mel CNN,0.23649659752845764,0.3029230187336604
seg_003096,sample_01032,Norweigian Wood II - Bird Names,1,0.6591153144836426,cnn_revised_20260919T110440Z,cnn_s1_01,val,Log-Mel CNN,0.23649659752845764,0.3029230187336604
seg_003097,sample_01032,Norweigian Wood II - Bird Names,1,0.15646904706954956,cnn_revised_20260919T110440Z,cnn_s1_01,val,Log-Mel CNN,0.23649659752845764,0.3029230187336604
seg_003098,sample_01032,Norweigian Wood II - Bird Names,1,0.8047981858253479,cnn_revised_20260919T110440Z,cnn_s1_01,val,Log-Mel CNN,0.23649659752845764,0.3029230187336604
seg_003099,sample_01033,Norweigian Wood II - Bird Names,1,0.43978607654571533,cnn_revised_20260919T110440Z,cnn_s1_01,val,Log-Mel CNN,0.23649659752845764,0.3029230187336604
seg_003100,sample_01033,Norweigian Wood II - Bird Names,1,0.47170430421829224,cnn_revised_20260919T110440Z,cnn_s1_01,val,Log-Mel CNN,0.23649659752845764,0.3029230187336604
seg_003101,sample_01033,Norweigian Wood II - Bird Names,1,0.6692416667938232,cnn_revised_20260919T110440Z,cnn_s1_01,val,Log-Mel CNN,0.23649659752845764,0.3029230187336604
seg_003120,sample_01040,Roller Star - Monroeville Music Center,1,0.8609649538993835,cnn_revised_20260919T110440Z,cnn_s1_01,val,Log-Mel CNN,0.23649659752845764,0.3029230187336604
seg_003121,sample_01040,Roller Star - Monroeville Music Center,1,0.6874006390571594,cnn_revised_20260919T110440Z,cnn_s1_01,val,Log-Mel CNN,0.23649659752845764,0.3029230187336604
seg_003122,sample_01040,Roller Star - Monroeville Music Center,1,0.9523890018463135,cnn_revised_20260919T110440Z,cnn_s1_01,val,Log-Mel CNN,0.23649659752845764,0.3029230187336604
seg_003123,sample_01041,Roller Star - Monroeville Music Center,1,0.9194772839546204,cnn_revised_20260919T110440Z,cnn_s1_01,val,Log-Mel CNN,0.23649659752845764,0.3029230187336604
seg_003124,sample_01041,Roller Star - Monroeville Music Center,1,0.751569926738739,cnn_revised_20260919T110440Z,cnn_s1_01,val,Log-Mel CNN,0.23649659752845764,0.3029230187336604
seg_003125,sample_01041,Roller Star - Monroeville Music Center,1,0.880834698677063,cnn_revised_20260919T110440Z,cnn_s1_01,val,Log-Mel CNN,0.23649659752845764,0.3029230187336604
seg_003126,sample_01042,"Roundtrip - Oh Yeah, the Future",1,0.5907372236251831,cnn_revised_20260919T110440Z,cnn_s1_01,val,Log-Mel CNN,0.23649659752845764,0.3029230187336604
seg_003127,sample_01042,"Roundtrip - Oh Yeah, the Future",1,0.5601380467414856,cnn_revised_20260919T110440Z,cnn_s1_01,val,Log-Mel CNN,0.23649659752845764,0.3029230187336604
seg_003128,sample_01042,"Roundtrip - Oh Yeah, the Future",1,0.9388243556022644,cnn_revised_20260919T110440Z,cnn_s1_01,val,Log-Mel CNN,0.23649659752845764,0.3029230187336604
seg_003129,sample_01043,"Roundtrip - Oh Yeah, the Future",1,0.36775508522987366,cnn_revised_20260919T110440Z,cnn_s1_01,val,Log-Mel CNN,0.23649659752845764,0.3029230187336604
seg_003130,sample_01043,"Roundtrip - Oh Yeah, the Future",1,0.7804063558578491,cnn_revised_20260919T110440Z,cnn_s1_01,val,Log-Mel CNN,0.23649659752845764,0.3029230187336604
seg_003131,sample_01043,"Roundtrip - Oh Yeah, the Future",1,0.9027670621871948,cnn_revised_20260919T110440Z,cnn_s1_01,val,Log-Mel CNN,0.23649659752845764,0.3029230187336604
seg_003144,sample_01048,Soleares&beats - Malaventura,1,0.14514942467212677,cnn_revised_20260919T110440Z,cnn_s1_01,val,Log-Mel CNN,0.23649659752845764,0.3029230187336604
seg_003145,sample_01048,Soleares&beats - Malaventura,1,0.15117277204990387,cnn_revised_20260919T110440Z,cnn_s1_01,val,Log-Mel CNN,0.23649659752845764,0.3029230187336604
seg_003146,sample_01048,Soleares&beats - Malaventura,1,0.4127386808395386,cnn_revised_20260919T110440Z,cnn_s1_01,val,Log-Mel CNN,0.23649659752845764,0.3029230187336604
seg_003147,sample_01049,Soleares&beats - Malaventura,1,0.027637414634227753,cnn_revised_20260919T110440Z,cnn_s1_01,val,Log-Mel CNN,0.23649659752845764,0.3029230187336604
seg_003148,sample_01049,Soleares&beats - Malaventura,1,0.9326507449150085,cnn_revised_20260919T110440Z,cnn_s1_01,val,Log-Mel CNN,0.23649659752845764,0.3029230187336604
seg_003149,sample_01049,Soleares&beats - Malaventura,1,0.7268836498260498,cnn_revised_20260919T110440Z,cnn_s1_01,val,Log-Mel CNN,0.23649659752845764,0.3029230187336604
seg_003162,sample_01054,Stockholm Syndrome / People Should Be More Aware - Bird Names,1,0.07434054464101791,cnn_revised_20260919T110440Z,cnn_s1_01,val,Log-Mel CNN,0.23649659752845764,0.3029230187336604
seg_003163,sample_01054,Stockholm Syndrome / People Should Be More Aware - Bird Names,1,0.653136670589447,cnn_revised_20260919T110440Z,cnn_s1_01,val,Log-Mel CNN,0.23649659752845764,0.3029230187336604
seg_003164,sample_01054,Stockholm Syndrome / People Should Be More Aware - Bird Names,1,0.28777366876602173,cnn_revised_20260919T110440Z,cnn_s1_01,val,Log-Mel CNN,0.23649659752845764,0.3029230187336604
seg_003165,sample_01055,Stockholm Syndrome / People Should Be More Aware - Bird Names,1,0.5169044137001038,cnn_revised_20260919T110440Z,cnn_s1_01,val,Log-Mel CNN,0.23649659752845764,0.3029230187336604
seg_003166,sample_01055,Stockholm Syndrome / People Should Be More Aware - Bird Names,1,0.21464496850967407,cnn_revised_20260919T110440Z,cnn_s1_01,val,Log-Mel CNN,0.23649659752845764,0.3029230187336604
seg_003167,sample_01055,Stockholm Syndrome / People Should Be More Aware - Bird Names,1,0.4541439712047577,cnn_revised_20260919T110440Z,cnn_s1_01,val,Log-Mel CNN,0.23649659752845764,0.3029230187336604
seg_003204,sample_01068,Time Is Love - Silence is full of birds,1,0.26226890087127686,cnn_revised_20260919T110440Z,cnn_s1_01,val,Log-Mel CNN,0.23649659752845764,0.3029230187336604
seg_003205,sample_01068,Time Is Love - Silence is full of birds,1,0.3061521053314209,cnn_revised_20260919T110440Z,cnn_s1_01,val,Log-Mel CNN,0.23649659752845764,0.3029230187336604
seg_003206,sample_01068,Time Is Love - Silence is full of birds,1,0.7294653654098511,cnn_revised_20260919T110440Z,cnn_s1_01,val,Log-Mel CNN,0.23649659752845764,0.3029230187336604
seg_003207,sample_01069,Time Is Love - Silence is full of birds,1,0.5944432020187378,cnn_revised_20260919T110440Z,cnn_s1_01,val,Log-Mel CNN,0.23649659752845764,0.3029230187336604
seg_003208,sample_01069,Time Is Love - Silence is full of birds,1,0.8401379585266113,cnn_revised_20260919T110440Z,cnn_s1_01,val,Log-Mel CNN,0.23649659752845764,0.3029230187336604
seg_003209,sample_01069,Time Is Love - Silence is full of birds,1,0.9469742774963379,cnn_revised_20260919T110440Z,cnn_s1_01,val,Log-Mel CNN,0.23649659752845764,0.3029230187336604
seg_003246,sample_01082,2 (Wasn't There) - Isle of Pine,1,0.6814546585083008,cnn_revised_20260919T110440Z,cnn_s1_01,val,Log-Mel CNN,0.23649659752845764,0.3029230187336604
seg_003247,sample_01082,2 (Wasn't There) - Isle of Pine,1,0.6270076632499695,cnn_revised_20260919T110440Z,cnn_s1_01,val,Log-Mel CNN,0.23649659752845764,0.3029230187336604
seg_003248,sample_01082,2 (Wasn't There) - Isle of Pine,1,0.9567849040031433,cnn_revised_20260919T110440Z,cnn_s1_01,val,Log-Mel CNN,0.23649659752845764,0.3029230187336604
seg_003249,sample_01083,2 (Wasn't There) - Isle of Pine,1,0.25851884484291077,cnn_revised_20260919T110440Z,cnn_s1_01,val,Log-Mel CNN,0.23649659752845764,0.3029230187336604
seg_003250,sample_01083,2 (Wasn't There) - Isle of Pine,1,0.49852627515792847,cnn_revised_20260919T110440Z,cnn_s1_01,val,Log-Mel CNN,0.23649659752845764,0.3029230187336604
seg_003251,sample_01083,2 (Wasn't There) - Isle of Pine,1,0.6798324584960938,cnn_revised_20260919T110440Z,cnn_s1_01,val,Log-Mel CNN,0.23649659752845764,0.3029230187336604
seg_003276,sample_01092,Empty Pockets - Pete Prodoehl,1,0.5831298232078552,cnn_revised_20260919T110440Z,cnn_s1_01,val,Log-Mel CNN,0.23649659752845764,0.3029230187336604
seg_003277,sample_01092,Empty Pockets - Pete Prodoehl,1,0.8746099472045898,cnn_revised_20260919T110440Z,cnn_s1_01,val,Log-Mel CNN,0.23649659752845764,0.3029230187336604
seg_003278,sample_01092,Empty Pockets - Pete Prodoehl,1,0.5487803220748901,cnn_revised_20260919T110440Z,cnn_s1_01,val,Log-Mel CNN,0.23649659752845764,0.3029230187336604
seg_003279,sample_01093,Empty Pockets - Pete Prodoehl,1,0.7460381984710693,cnn_revised_20260919T110440Z,cnn_s1_01,val,Log-Mel CNN,0.23649659752845764,0.3029230187336604
seg_003280,sample_01093,Empty Pockets - Pete Prodoehl,1,0.3771865665912628,cnn_revised_20260919T110440Z,cnn_s1_01,val,Log-Mel CNN,0.23649659752845764,0.3029230187336604
seg_003281,sample_01093,Empty Pockets - Pete Prodoehl,1,0.47685477137565613,cnn_revised_20260919T110440Z,cnn_s1_01,val,Log-Mel CNN,0.23649659752845764,0.3029230187336604
seg_003294,sample_01098,Gila Monster Flop/Music History Lesson:The Sonics - The Crypts!,1,0.1741979867219925,cnn_revised_20260919T110440Z,cnn_s1_01,val,Log-Mel CNN,0.23649659752845764,0.3029230187336604
seg_003295,sample_01098,Gila Monster Flop/Music History Lesson:The Sonics - The Crypts!,1,0.3813439607620239,cnn_revised_20260919T110440Z,cnn_s1_01,val,Log-Mel CNN,0.23649659752845764,0.3029230187336604
seg_003296,sample_01098,Gila Monster Flop/Music History Lesson:The Sonics - The Crypts!,1,0.4917781352996826,cnn_revised_20260919T110440Z,cnn_s1_01,val,Log-Mel CNN,0.23649659752845764,0.3029230187336604
seg_003297,sample_01099,Gila Monster Flop/Music History Lesson:The Sonics - The Crypts!,1,0.05866802856326103,cnn_revised_20260919T110440Z,cnn_s1_01,val,Log-Mel CNN,0.23649659752845764,0.3029230187336604
seg_003298,sample_01099,Gila Monster Flop/Music History Lesson:The Sonics - The Crypts!,1,0.5065121650695801,cnn_revised_20260919T110440Z,cnn_s1_01,val,Log-Mel CNN,0.23649659752845764,0.3029230187336604
seg_003299,sample_01099,Gila Monster Flop/Music History Lesson:The Sonics - The Crypts!,1,0.7160968780517578,cnn_revised_20260919T110440Z,cnn_s1_01,val,Log-Mel CNN,0.23649659752845764,0.3029230187336604
seg_003312,sample_01104,I Fell - Mod Fun,1,0.6812471151351929,cnn_revised_20260919T110440Z,cnn_s1_01,val,Log-Mel CNN,0.23649659752845764,0.3029230187336604
seg_003313,sample_01104,I Fell - Mod Fun,1,0.596667468547821,cnn_revised_20260919T110440Z,cnn_s1_01,val,Log-Mel CNN,0.23649659752845764,0.3029230187336604
seg_003314,sample_01104,I Fell - Mod Fun,1,0.8368573784828186,cnn_revised_20260919T110440Z,cnn_s1_01,val,Log-Mel CNN,0.23649659752845764,0.3029230187336604
seg_003315,sample_01105,I Fell - Mod Fun,1,0.5304186344146729,cnn_revised_20260919T110440Z,cnn_s1_01,val,Log-Mel CNN,0.23649659752845764,0.3029230187336604
seg_003316,sample_01105,I Fell - Mod Fun,1,0.5634567737579346,cnn_revised_20260919T110440Z,cnn_s1_01,val,Log-Mel CNN,0.23649659752845764,0.3029230187336604
seg_003317,sample_01105,I Fell - Mod Fun,1,0.4850408136844635,cnn_revised_20260919T110440Z,cnn_s1_01,val,Log-Mel CNN,0.23649659752845764,0.3029230187336604
seg_003360,sample_01120,March of the GPA Mechanics - [t]ghost,1,0.30535081028938293,cnn_revised_20260919T110440Z,cnn_s1_01,val,Log-Mel CNN,0.23649659752845764,0.3029230187336604
seg_003361,sample_01120,March of the GPA Mechanics - [t]ghost,1,0.6777427196502686,cnn_revised_20260919T110440Z,cnn_s1_01,val,Log-Mel CNN,0.23649659752845764,0.3029230187336604
seg_003362,sample_01120,March of the GPA Mechanics - [t]ghost,1,0.7474479675292969,cnn_revised_20260919T110440Z,cnn_s1_01,val,Log-Mel CNN,0.23649659752845764,0.3029230187336604
seg_003363,sample_01121,March of the GPA Mechanics - [t]ghost,1,0.4405287802219391,cnn_revised_20260919T110440Z,cnn_s1_01,val,Log-Mel CNN,0.23649659752845764,0.3029230187336604
seg_003364,sample_01121,March of the GPA Mechanics - [t]ghost,1,0.840419590473175,cnn_revised_20260919T110440Z,cnn_s1_01,val,Log-Mel CNN,0.23649659752845764,0.3029230187336604
seg_003365,sample_01121,March of the GPA Mechanics - [t]ghost,1,0.9362043142318726,cnn_revised_20260919T110440Z,cnn_s1_01,val,Log-Mel CNN,0.23649659752845764,0.3029230187336604
seg_003420,sample_01140,Scramby Eggs - Andy G. Cohen,1,0.5579792857170105,cnn_revised_20260919T110440Z,cnn_s1_01,val,Log-Mel CNN,0.23649659752845764,0.3029230187336604
seg_003421,sample_01140,Scramby Eggs - Andy G. Cohen,1,0.6323323845863342,cnn_revised_20260919T110440Z,cnn_s1_01,val,Log-Mel CNN,0.23649659752845764,0.3029230187336604
seg_003422,sample_01140,Scramby Eggs - Andy G. Cohen,1,0.8635174036026001,cnn_revised_20260919T110440Z,cnn_s1_01,val,Log-Mel CNN,0.23649659752845764,0.3029230187336604
seg_003423,sample_01141,Scramby Eggs - Andy G. Cohen,1,0.45320001244544983,cnn_revised_20260919T110440Z,cnn_s1_01,val,Log-Mel CNN,0.23649659752845764,0.3029230187336604
seg_003424,sample_01141,Scramby Eggs - Andy G. Cohen,1,0.19741292297840118,cnn_revised_20260919T110440Z,cnn_s1_01,val,Log-Mel CNN,0.23649659752845764,0.3029230187336604
seg_003425,sample_01141,Scramby Eggs - Andy G. Cohen,1,0.8074195384979248,cnn_revised_20260919T110440Z,cnn_s1_01,val,Log-Mel CNN,0.23649659752845764,0.3029230187336604
seg_003474,sample_01158,The girl just faded - Los Llamarada,1,0.3382907509803772,cnn_revised_20260919T110440Z,cnn_s1_01,val,Log-Mel CNN,0.23649659752845764,0.3029230187336604
seg_003475,sample_01158,The girl just faded - Los Llamarada,1,0.8881702423095703,cnn_revised_20260919T110440Z,cnn_s1_01,val,Log-Mel CNN,0.23649659752845764,0.3029230187336604
seg_003476,sample_01158,The girl just faded - Los Llamarada,1,0.9741737246513367,cnn_revised_20260919T110440Z,cnn_s1_01,val,Log-Mel CNN,0.23649659752845764,0.3029230187336604
seg_003477,sample_01159,The girl just faded - Los Llamarada,1,0.33971768617630005,cnn_revised_20260919T110440Z,cnn_s1_01,val,Log-Mel CNN,0.23649659752845764,0.3029230187336604
seg_003478,sample_01159,The girl just faded - Los Llamarada,1,0.6376575231552124,cnn_revised_20260919T110440Z,cnn_s1_01,val,Log-Mel CNN,0.23649659752845764,0.3029230187336604
seg_003479,sample_01159,The girl just faded - Los Llamarada,1,0.8408516645431519,cnn_revised_20260919T110440Z,cnn_s1_01,val,Log-Mel CNN,0.23649659752845764,0.3029230187336604
seg_003492,sample_01164,Voxel - Andy G. Cohen,1,0.585774838924408,cnn_revised_20260919T110440Z,cnn_s1_01,val,Log-Mel CNN,0.23649659752845764,0.3029230187336604
seg_003493,sample_01164,Voxel - Andy G. Cohen,1,0.46620532870292664,cnn_revised_20260919T110440Z,cnn_s1_01,val,Log-Mel CNN,0.23649659752845764,0.3029230187336604
seg_003494,sample_01164,Voxel - Andy G. Cohen,1,0.024759195744991302,cnn_revised_20260919T110440Z,cnn_s1_01,val,Log-Mel CNN,0.23649659752845764,0.3029230187336604
seg_003495,sample_01165,Voxel - Andy G. Cohen,1,0.7754517793655396,cnn_revised_20260919T110440Z,cnn_s1_01,val,Log-Mel CNN,0.23649659752845764,0.3029230187336604
seg_003496,sample_01165,Voxel - Andy G. Cohen,1,0.9461815357208252,cnn_revised_20260919T110440Z,cnn_s1_01,val,Log-Mel CNN,0.23649659752845764,0.3029230187336604
seg_003497,sample_01165,Voxel - Andy G. Cohen,1,0.9826760292053223,cnn_revised_20260919T110440Z,cnn_s1_01,val,Log-Mel CNN,0.23649659752845764,0.3029230187336604
seg_003516,sample_01172,Windows of the Skull - Sarin,1,0.8511412143707275,cnn_revised_20260919T110440Z,cnn_s1_01,val,Log-Mel CNN,0.23649659752845764,0.3029230187336604
seg_003517,sample_01172,Windows of the Skull - Sarin,1,0.15624353289604187,cnn_revised_20260919T110440Z,cnn_s1_01,val,Log-Mel CNN,0.23649659752845764,0.3029230187336604
seg_003518,sample_01172,Windows of the Skull - Sarin,1,0.9220821261405945,cnn_revised_20260919T110440Z,cnn_s1_01,val,Log-Mel CNN,0.23649659752845764,0.3029230187336604
seg_003519,sample_01173,Windows of the Skull - Sarin,1,0.9538697600364685,cnn_revised_20260919T110440Z,cnn_s1_01,val,Log-Mel CNN,0.23649659752845764,0.3029230187336604
seg_003520,sample_01173,Windows of the Skull - Sarin,1,0.26033082604408264,cnn_revised_20260919T110440Z,cnn_s1_01,val,Log-Mel CNN,0.23649659752845764,0.3029230187336604
seg_003521,sample_01173,Windows of the Skull - Sarin,1,0.9152204990386963,cnn_revised_20260919T110440Z,cnn_s1_01,val,Log-Mel CNN,0.23649659752845764,0.3029230187336604
seg_003534,sample_01178,Новый Нью-Йорк 2 - Чокнутый Пропеллер,1,0.4201398491859436,cnn_revised_20260919T110440Z,cnn_s1_01,val,Log-Mel CNN,0.23649659752845764,0.3029230187336604
seg_003535,sample_01178,Новый Нью-Йорк 2 - Чокнутый Пропеллер,1,0.6607952117919922,cnn_revised_20260919T110440Z,cnn_s1_01,val,Log-Mel CNN,0.23649659752845764,0.3029230187336604
seg_003536,sample_01178,Новый Нью-Йорк 2 - Чокнутый Пропеллер,1,0.5641319751739502,cnn_revised_20260919T110440Z,cnn_s1_01,val,Log-Mel CNN,0.23649659752845764,0.3029230187336604
seg_003537,sample_01179,Новый Нью-Йорк 2 - Чокнутый Пропеллер,1,0.6771063208580017,cnn_revised_20260919T110440Z,cnn_s1_01,val,Log-Mel CNN,0.23649659752845764,0.3029230187336604
seg_003538,sample_01179,Новый Нью-Йорк 2 - Чокнутый Пропеллер,1,0.5195812582969666,cnn_revised_20260919T110440Z,cnn_s1_01,val,Log-Mel CNN,0.23649659752845764,0.3029230187336604
seg_003539,sample_01179,Новый Нью-Йорк 2 - Чокнутый Пропеллер,1,0.6784109473228455,cnn_revised_20260919T110440Z,cnn_s1_01,val,Log-Mel CNN,0.23649659752845764,0.3029230187336604
seg_003597,sample_01199,CopperNickle - UncleBibby,1,0.7885298132896423,cnn_revised_20260919T110440Z,cnn_s1_01,val,Log-Mel CNN,0.23649659752845764,0.3029230187336604
seg_003598,sample_01199,CopperNickle - UncleBibby,1,0.8455409407615662,cnn_revised_20260919T110440Z,cnn_s1_01,val,Log-Mel CNN,0.23649659752845764,0.3029230187336604
seg_003599,sample_01199,CopperNickle - UncleBibby,1,0.9886453151702881,cnn_revised_20260919T110440Z,cnn_s1_01,val,Log-Mel CNN,0.23649659752845764,0.3029230187336604
seg_003606,sample_01202,Daylight Savings - My brother Daniel,1,0.3265027701854706,cnn_revised_20260919T110440Z,cnn_s1_01,val,Log-Mel CNN,0.23649659752845764,0.3029230187336604
seg_003607,sample_01202,Daylight Savings - My brother Daniel,1,0.7053614258766174,cnn_revised_20260919T110440Z,cnn_s1_01,val,Log-Mel CNN,0.23649659752845764,0.3029230187336604
seg_003608,sample_01202,Daylight Savings - My brother Daniel,1,0.5881444811820984,cnn_revised_20260919T110440Z,cnn_s1_01,val,Log-Mel CNN,0.23649659752845764,0.3029230187336604
seg_003633,sample_01211,Fifth Ramble - From the album Keith [RSVP007] - My brother Daniel,1,0.7017073035240173,cnn_revised_20260919T110440Z,cnn_s1_01,val,Log-Mel CNN,0.23649659752845764,0.3029230187336604
seg_003634,sample_01211,Fifth Ramble - From the album Keith [RSVP007] - My brother Daniel,1,0.4787988066673279,cnn_revised_20260919T110440Z,cnn_s1_01,val,Log-Mel CNN,0.23649659752845764,0.3029230187336604
seg_003635,sample_01211,Fifth Ramble - From the album Keith [RSVP007] - My brother Daniel,1,0.5859869718551636,cnn_revised_20260919T110440Z,cnn_s1_01,val,Log-Mel CNN,0.23649659752845764,0.3029230187336604
seg_003657,sample_01219,If You're Ther - Nicola Ratti,1,0.44517579674720764,cnn_revised_20260919T110440Z,cnn_s1_01,val,Log-Mel CNN,0.23649659752845764,0.3029230187336604
seg_003658,sample_01219,If You're Ther - Nicola Ratti,1,0.617997407913208,cnn_revised_20260919T110440Z,cnn_s1_01,val,Log-Mel CNN,0.23649659752845764,0.3029230187336604
seg_003659,sample_01219,If You're Ther - Nicola Ratti,1,0.9896283149719238,cnn_revised_20260919T110440Z,cnn_s1_01,val,Log-Mel CNN,0.23649659752845764,0.3029230187336604
seg_003681,sample_01227,Kumorizoranohajimarutokoro - Hosomi,1,0.809598982334137,cnn_revised_20260919T110440Z,cnn_s1_01,val,Log-Mel CNN,0.23649659752845764,0.3029230187336604
seg_003682,sample_01227,Kumorizoranohajimarutokoro - Hosomi,1,0.7608901262283325,cnn_revised_20260919T110440Z,cnn_s1_01,val,Log-Mel CNN,0.23649659752845764,0.3029230187336604
seg_003683,sample_01227,Kumorizoranohajimarutokoro - Hosomi,1,0.9733118414878845,cnn_revised_20260919T110440Z,cnn_s1_01,val,Log-Mel CNN,0.23649659752845764,0.3029230187336604
seg_003708,sample_01236,Loved Ones - Rowan Box,1,0.9511684775352478,cnn_revised_20260919T110440Z,cnn_s1_01,val,Log-Mel CNN,0.23649659752845764,0.3029230187336604
seg_003709,sample_01236,Loved Ones - Rowan Box,1,0.9937747716903687,cnn_revised_20260919T110440Z,cnn_s1_01,val,Log-Mel CNN,0.23649659752845764,0.3029230187336604
seg_003710,sample_01236,Loved Ones - Rowan Box,1,0.41878819465637207,cnn_revised_20260919T110440Z,cnn_s1_01,val,Log-Mel CNN,0.23649659752845764,0.3029230187336604
seg_003711,sample_01237,Morning Bell - Nihilore,1,0.42147737741470337,cnn_revised_20260919T110440Z,cnn_s1_01,val,Log-Mel CNN,0.23649659752845764,0.3029230187336604
seg_003712,sample_01237,Morning Bell - Nihilore,1,0.7542083263397217,cnn_revised_20260919T110440Z,cnn_s1_01,val,Log-Mel CNN,0.23649659752845764,0.3029230187336604
seg_003713,sample_01237,Morning Bell - Nihilore,1,0.989743173122406,cnn_revised_20260919T110440Z,cnn_s1_01,val,Log-Mel CNN,0.23649659752845764,0.3029230187336604
seg_003714,sample_01238,mystery team 2090 - Jesse Futerman,1,0.6052615642547607,cnn_revised_20260919T110440Z,cnn_s1_01,val,Log-Mel CNN,0.23649659752845764,0.3029230187336604
seg_003715,sample_01238,mystery team 2090 - Jesse Futerman,1,0.35825657844543457,cnn_revised_20260919T110440Z,cnn_s1_01,val,Log-Mel CNN,0.23649659752845764,0.3029230187336604
seg_003716,sample_01238,mystery team 2090 - Jesse Futerman,1,0.5117514133453369,cnn_revised_20260919T110440Z,cnn_s1_01,val,Log-Mel CNN,0.23649659752845764,0.3029230187336604
seg_003717,sample_01239,Night Drive - Decktonic,1,0.7660317420959473,cnn_revised_20260919T110440Z,cnn_s1_01,val,Log-Mel CNN,0.23649659752845764,0.3029230187336604
seg_003718,sample_01239,Night Drive - Decktonic,1,0.9763602614402771,cnn_revised_20260919T110440Z,cnn_s1_01,val,Log-Mel CNN,0.23649659752845764,0.3029230187336604
seg_003719,sample_01239,Night Drive - Decktonic,1,0.9632879495620728,cnn_revised_20260919T110440Z,cnn_s1_01,val,Log-Mel CNN,0.23649659752845764,0.3029230187336604
seg_003729,sample_01243,Nuo Maisemat - Paavoharju,1,0.793011486530304,cnn_revised_20260919T110440Z,cnn_s1_01,val,Log-Mel CNN,0.23649659752845764,0.3029230187336604
seg_003730,sample_01243,Nuo Maisemat - Paavoharju,1,0.9821750521659851,cnn_revised_20260919T110440Z,cnn_s1_01,val,Log-Mel CNN,0.23649659752845764,0.3029230187336604
seg_003731,sample_01243,Nuo Maisemat - Paavoharju,1,0.8782739639282227,cnn_revised_20260919T110440Z,cnn_s1_01,val,Log-Mel CNN,0.23649659752845764,0.3029230187336604
seg_003780,sample_01260,SD (Ill Mix) - H-LR,1,0.8585337400436401,cnn_revised_20260919T110440Z,cnn_s1_01,val,Log-Mel CNN,0.23649659752845764,0.3029230187336604
seg_003781,sample_01260,SD (Ill Mix) - H-LR,1,0.8796157836914062,cnn_revised_20260919T110440Z,cnn_s1_01,val,Log-Mel CNN,0.23649659752845764,0.3029230187336604
seg_003782,sample_01260,SD (Ill Mix) - H-LR,1,0.9394522905349731,cnn_revised_20260919T110440Z,cnn_s1_01,val,Log-Mel CNN,0.23649659752845764,0.3029230187336604
seg_003795,sample_01265,some dextromethorphan - Jeva,1,0.7866184115409851,cnn_revised_20260919T110440Z,cnn_s1_01,val,Log-Mel CNN,0.23649659752845764,0.3029230187336604
seg_003796,sample_01265,some dextromethorphan - Jeva,1,0.9478577971458435,cnn_revised_20260919T110440Z,cnn_s1_01,val,Log-Mel CNN,0.23649659752845764,0.3029230187336604
seg_003797,sample_01265,some dextromethorphan - Jeva,1,0.993002712726593,cnn_revised_20260919T110440Z,cnn_s1_01,val,Log-Mel CNN,0.23649659752845764,0.3029230187336604
seg_003804,sample_01268,Sturgeon's Law - Nihilore,1,0.8337877988815308,cnn_revised_20260919T110440Z,cnn_s1_01,val,Log-Mel CNN,0.23649659752845764,0.3029230187336604
seg_003805,sample_01268,Sturgeon's Law - Nihilore,1,0.9642307758331299,cnn_revised_20260919T110440Z,cnn_s1_01,val,Log-Mel CNN,0.23649659752845764,0.3029230187336604
seg_003806,sample_01268,Sturgeon's Law - Nihilore,1,0.9931128621101379,cnn_revised_20260919T110440Z,cnn_s1_01,val,Log-Mel CNN,0.23649659752845764,0.3029230187336604
seg_003840,sample_01280,The Stairway - WarpToken,1,0.7955199480056763,cnn_revised_20260919T110440Z,cnn_s1_01,val,Log-Mel CNN,0.23649659752845764,0.3029230187336604
seg_003841,sample_01280,The Stairway - WarpToken,1,0.9667870402336121,cnn_revised_20260919T110440Z,cnn_s1_01,val,Log-Mel CNN,0.23649659752845764,0.3029230187336604
seg_003842,sample_01280,The Stairway - WarpToken,1,0.9890186786651611,cnn_revised_20260919T110440Z,cnn_s1_01,val,Log-Mel CNN,0.23649659752845764,0.3029230187336604
seg_003843,sample_01281,Three Bird - My brother Daniel,1,0.9590148329734802,cnn_revised_20260919T110440Z,cnn_s1_01,val,Log-Mel CNN,0.23649659752845764,0.3029230187336604
seg_003844,sample_01281,Three Bird - My brother Daniel,1,0.9813118577003479,cnn_revised_20260919T110440Z,cnn_s1_01,val,Log-Mel CNN,0.23649659752845764,0.3029230187336604
seg_003845,sample_01281,Three Bird - My brother Daniel,1,0.9940006136894226,cnn_revised_20260919T110440Z,cnn_s1_01,val,Log-Mel CNN,0.23649659752845764,0.3029230187336604
seg_003846,sample_01282,Timen Passing By - Jason Shaw,1,0.6144744157791138,cnn_revised_20260919T110440Z,cnn_s1_01,val,Log-Mel CNN,0.23649659752845764,0.3029230187336604
seg_003847,sample_01282,Timen Passing By - Jason Shaw,1,0.9942798614501953,cnn_revised_20260919T110440Z,cnn_s1_01,val,Log-Mel CNN,0.23649659752845764,0.3029230187336604
seg_003848,sample_01282,Timen Passing By - Jason Shaw,1,0.9836968779563904,cnn_revised_20260919T110440Z,cnn_s1_01,val,Log-Mel CNN,0.23649659752845764,0.3029230187336604
seg_003864,sample_01288,Understand That This Is A Dream - From the album Modulating Coil [RSVP008] - Forrest James,1,0.8896687030792236,cnn_revised_20260919T110440Z,cnn_s1_01,val,Log-Mel CNN,0.23649659752845764,0.3029230187336604
seg_003865,sample_01288,Understand That This Is A Dream - From the album Modulating Coil [RSVP008] - Forrest James,1,0.9948390126228333,cnn_revised_20260919T110440Z,cnn_s1_01,val,Log-Mel CNN,0.23649659752845764,0.3029230187336604
seg_003866,sample_01288,Understand That This Is A Dream - From the album Modulating Coil [RSVP008] - Forrest James,1,0.9888490438461304,cnn_revised_20260919T110440Z,cnn_s1_01,val,Log-Mel CNN,0.23649659752845764,0.3029230187336604
seg_003873,sample_01291,Westside Chillers - Little Glass Men,1,0.9069238901138306,cnn_revised_20260919T110440Z,cnn_s1_01,val,Log-Mel CNN,0.23649659752845764,0.3029230187336604
seg_003874,sample_01291,Westside Chillers - Little Glass Men,1,0.8681255578994751,cnn_revised_20260919T110440Z,cnn_s1_01,val,Log-Mel CNN,0.23649659752845764,0.3029230187336604
seg_003875,sample_01291,Westside Chillers - Little Glass Men,1,0.6478139758110046,cnn_revised_20260919T110440Z,cnn_s1_01,val,Log-Mel CNN,0.23649659752845764,0.3029230187336604
seg_003885,sample_01295,Agora - Malaventura,1,0.610937774181366,cnn_revised_20260919T110440Z,cnn_s1_01,val,Log-Mel CNN,0.23649659752845764,0.3029230187336604
seg_003886,sample_01295,Agora - Malaventura,1,0.8218595385551453,cnn_revised_20260919T110440Z,cnn_s1_01,val,Log-Mel CNN,0.23649659752845764,0.3029230187336604
seg_003887,sample_01295,Agora - Malaventura,1,0.9477171897888184,cnn_revised_20260919T110440Z,cnn_s1_01,val,Log-Mel CNN,0.23649659752845764,0.3029230187336604
seg_003912,sample_01304,Evil Cannot Create - Caleb Lemond,1,0.5645358562469482,cnn_revised_20260919T110440Z,cnn_s1_01,val,Log-Mel CNN,0.23649659752845764,0.3029230187336604
seg_003913,sample_01304,Evil Cannot Create - Caleb Lemond,1,0.7136123776435852,cnn_revised_20260919T110440Z,cnn_s1_01,val,Log-Mel CNN,0.23649659752845764,0.3029230187336604
seg_003914,sample_01304,Evil Cannot Create - Caleb Lemond,1,0.9781944155693054,cnn_revised_20260919T110440Z,cnn_s1_01,val,Log-Mel CNN,0.23649659752845764,0.3029230187336604
seg_003972,sample_01324,My Body Is A Weapon (Compromise Edit) - Silence is full of birds,1,0.6950118541717529,cnn_revised_20260919T110440Z,cnn_s1_01,val,Log-Mel CNN,0.23649659752845764,0.3029230187336604
seg_003973,sample_01324,My Body Is A Weapon (Compromise Edit) - Silence is full of birds,1,0.9661858081817627,cnn_revised_20260919T110440Z,cnn_s1_01,val,Log-Mel CNN,0.23649659752845764,0.3029230187336604
seg_003974,sample_01324,My Body Is A Weapon (Compromise Edit) - Silence is full of birds,1,0.9904037714004517,cnn_revised_20260919T110440Z,cnn_s1_01,val,Log-Mel CNN,0.23649659752845764,0.3029230187336604
seg_003975,sample_01325,My Body Is A Weapon (Compromise Edit) - Silence is full of birds,1,0.8167459964752197,cnn_revised_20260919T110440Z,cnn_s1_01,val,Log-Mel CNN,0.23649659752845764,0.3029230187336604
seg_003976,sample_01325,My Body Is A Weapon (Compromise Edit) - Silence is full of birds,1,0.9686183929443359,cnn_revised_20260919T110440Z,cnn_s1_01,val,Log-Mel CNN,0.23649659752845764,0.3029230187336604
seg_003977,sample_01325,My Body Is A Weapon (Compromise Edit) - Silence is full of birds,1,0.9796283841133118,cnn_revised_20260919T110440Z,cnn_s1_01,val,Log-Mel CNN,0.23649659752845764,0.3029230187336604
seg_003987,sample_01329,New Life (take 1) - Bird Names,1,0.9406048059463501,cnn_revised_20260919T110440Z,cnn_s1_01,val,Log-Mel CNN,0.23649659752845764,0.3029230187336604
seg_003988,sample_01329,New Life (take 1) - Bird Names,1,0.8923895359039307,cnn_revised_20260919T110440Z,cnn_s1_01,val,Log-Mel CNN,0.23649659752845764,0.3029230187336604
seg_003989,sample_01329,New Life (take 1) - Bird Names,1,0.8364642262458801,cnn_revised_20260919T110440Z,cnn_s1_01,val,Log-Mel CNN,0.23649659752845764,0.3029230187336604
seg_003990,sample_01330,New Life (take 1) - Bird Names,1,0.7924380302429199,cnn_revised_20260919T110440Z,cnn_s1_01,val,Log-Mel CNN,0.23649659752845764,0.3029230187336604
seg_003991,sample_01330,New Life (take 1) - Bird Names,1,0.6631478667259216,cnn_revised_20260919T110440Z,cnn_s1_01,val,Log-Mel CNN,0.23649659752845764,0.3029230187336604
seg_003992,sample_01330,New Life (take 1) - Bird Names,1,0.9941889047622681,cnn_revised_20260919T110440Z,cnn_s1_01,val,Log-Mel CNN,0.23649659752845764,0.3029230187336604
seg_003993,sample_01331,Norweigian Wood II - Bird Names,1,0.12986090779304504,cnn_revised_20260919T110440Z,cnn_s1_01,val,Log-Mel CNN,0.23649659752845764,0.3029230187336604
seg_003994,sample_01331,Norweigian Wood II - Bird Names,1,0.0361783392727375,cnn_revised_20260919T110440Z,cnn_s1_01,val,Log-Mel CNN,0.23649659752845764,0.3029230187336604
seg_003995,sample_01331,Norweigian Wood II - Bird Names,1,0.2289915233850479,cnn_revised_20260919T110440Z,cnn_s1_01,val,Log-Mel CNN,0.23649659752845764,0.3029230187336604
seg_004020,sample_01340,Roller Star - Monroeville Music Center,1,0.9932112693786621,cnn_revised_20260919T110440Z,cnn_s1_01,val,Log-Mel CNN,0.23649659752845764,0.3029230187336604
seg_004021,sample_01340,Roller Star - Monroeville Music Center,1,0.9978027939796448,cnn_revised_20260919T110440Z,cnn_s1_01,val,Log-Mel CNN,0.23649659752845764,0.3029230187336604
seg_004022,sample_01340,Roller Star - Monroeville Music Center,1,0.9953730702400208,cnn_revised_20260919T110440Z,cnn_s1_01,val,Log-Mel CNN,0.23649659752845764,0.3029230187336604
seg_004023,sample_01341,"Roundtrip - Oh Yeah, the Future",1,0.6249997615814209,cnn_revised_20260919T110440Z,cnn_s1_01,val,Log-Mel CNN,0.23649659752845764,0.3029230187336604
seg_004024,sample_01341,"Roundtrip - Oh Yeah, the Future",1,0.6580147743225098,cnn_revised_20260919T110440Z,cnn_s1_01,val,Log-Mel CNN,0.23649659752845764,0.3029230187336604
seg_004025,sample_01341,"Roundtrip - Oh Yeah, the Future",1,0.9854481816291809,cnn_revised_20260919T110440Z,cnn_s1_01,val,Log-Mel CNN,0.23649659752845764,0.3029230187336604
seg_004041,sample_01347,Soleares&beats - Malaventura,1,0.8646649718284607,cnn_revised_20260919T110440Z,cnn_s1_01,val,Log-Mel CNN,0.23649659752845764,0.3029230187336604
seg_004042,sample_01347,Soleares&beats - Malaventura,1,0.9505362510681152,cnn_revised_20260919T110440Z,cnn_s1_01,val,Log-Mel CNN,0.23649659752845764,0.3029230187336604
seg_004043,sample_01347,Soleares&beats - Malaventura,1,0.9914062023162842,cnn_revised_20260919T110440Z,cnn_s1_01,val,Log-Mel CNN,0.23649659752845764,0.3029230187336604
seg_004053,sample_01351,Stockholm Syndrome / People Should Be More Aware - Bird Names,1,0.8117586970329285,cnn_revised_20260919T110440Z,cnn_s1_01,val,Log-Mel CNN,0.23649659752845764,0.3029230187336604
seg_004054,sample_01351,Stockholm Syndrome / People Should Be More Aware - Bird Names,1,0.15185154974460602,cnn_revised_20260919T110440Z,cnn_s1_01,val,Log-Mel CNN,0.23649659752845764,0.3029230187336604
seg_004055,sample_01351,Stockholm Syndrome / People Should Be More Aware - Bird Names,1,0.9653434753417969,cnn_revised_20260919T110440Z,cnn_s1_01,val,Log-Mel CNN,0.23649659752845764,0.3029230187336604
seg_004056,sample_01352,Stockholm Syndrome / People Should Be More Aware - Bird Names,1,0.7328712344169617,cnn_revised_20260919T110440Z,cnn_s1_01,val,Log-Mel CNN,0.23649659752845764,0.3029230187336604
seg_004057,sample_01352,Stockholm Syndrome / People Should Be More Aware - Bird Names,1,0.9157155156135559,cnn_revised_20260919T110440Z,cnn_s1_01,val,Log-Mel CNN,0.23649659752845764,0.3029230187336604
seg_004058,sample_01352,Stockholm Syndrome / People Should Be More Aware - Bird Names,1,0.29242679476737976,cnn_revised_20260919T110440Z,cnn_s1_01,val,Log-Mel CNN,0.23649659752845764,0.3029230187336604
seg_004086,sample_01362,Time Is Love - Silence is full of birds,1,0.7183418273925781,cnn_revised_20260919T110440Z,cnn_s1_01,val,Log-Mel CNN,0.23649659752845764,0.3029230187336604
seg_004087,sample_01362,Time Is Love - Silence is full of birds,1,0.6091285943984985,cnn_revised_20260919T110440Z,cnn_s1_01,val,Log-Mel CNN,0.23649659752845764,0.3029230187336604
seg_004088,sample_01362,Time Is Love - Silence is full of birds,1,0.9919482469558716,cnn_revised_20260919T110440Z,cnn_s1_01,val,Log-Mel CNN,0.23649659752845764,0.3029230187336604
seg_004116,sample_01372,2 (Wasn't There) - Isle of Pine,1,0.943092405796051,cnn_revised_20260919T110440Z,cnn_s1_01,val,Log-Mel CNN,0.23649659752845764,0.3029230187336604
seg_004117,sample_01372,2 (Wasn't There) - Isle of Pine,1,0.6813468933105469,cnn_revised_20260919T110440Z,cnn_s1_01,val,Log-Mel CNN,0.23649659752845764,0.3029230187336604
seg_004118,sample_01372,2 (Wasn't There) - Isle of Pine,1,0.9267609119415283,cnn_revised_20260919T110440Z,cnn_s1_01,val,Log-Mel CNN,0.23649659752845764,0.3029230187336604
seg_004146,sample_01382,Beyond Luxury - Mors Ontologica,1,0.9459688663482666,cnn_revised_20260919T110440Z,cnn_s1_01,val,Log-Mel CNN,0.23649659752845764,0.3029230187336604
seg_004147,sample_01382,Beyond Luxury - Mors Ontologica,1,0.9561360478401184,cnn_revised_20260919T110440Z,cnn_s1_01,val,Log-Mel CNN,0.23649659752845764,0.3029230187336604
seg_004148,sample_01382,Beyond Luxury - Mors Ontologica,1,0.9456451535224915,cnn_revised_20260919T110440Z,cnn_s1_01,val,Log-Mel CNN,0.23649659752845764,0.3029230187336604
seg_004182,sample_01394,Empty Pockets - Pete Prodoehl,1,0.0849163681268692,cnn_revised_20260919T110440Z,cnn_s1_01,val,Log-Mel CNN,0.23649659752845764,0.3029230187336604
seg_004183,sample_01394,Empty Pockets - Pete Prodoehl,1,0.1877482831478119,cnn_revised_20260919T110440Z,cnn_s1_01,val,Log-Mel CNN,0.23649659752845764,0.3029230187336604
seg_004184,sample_01394,Empty Pockets - Pete Prodoehl,1,0.9835767149925232,cnn_revised_20260919T110440Z,cnn_s1_01,val,Log-Mel CNN,0.23649659752845764,0.3029230187336604
seg_004191,sample_01397,Fear - Los Fancy Free,1,0.6582663655281067,cnn_revised_20260919T110440Z,cnn_s1_01,val,Log-Mel CNN,0.23649659752845764,0.3029230187336604
seg_004192,sample_01397,Fear - Los Fancy Free,1,0.3665722906589508,cnn_revised_20260919T110440Z,cnn_s1_01,val,Log-Mel CNN,0.23649659752845764,0.3029230187336604
seg_004193,sample_01397,Fear - Los Fancy Free,1,0.8709583878517151,cnn_revised_20260919T110440Z,cnn_s1_01,val,Log-Mel CNN,0.23649659752845764,0.3029230187336604
seg_004206,sample_01402,Gila Monster Flop/Music History Lesson:The Sonics - The Crypts!,1,0.7233141660690308,cnn_revised_20260919T110440Z,cnn_s1_01,val,Log-Mel CNN,0.23649659752845764,0.3029230187336604
seg_004207,sample_01402,Gila Monster Flop/Music History Lesson:The Sonics - The Crypts!,1,0.7855538725852966,cnn_revised_20260919T110440Z,cnn_s1_01,val,Log-Mel CNN,0.23649659752845764,0.3029230187336604
seg_004208,sample_01402,Gila Monster Flop/Music History Lesson:The Sonics - The Crypts!,1,0.9923696517944336,cnn_revised_20260919T110440Z,cnn_s1_01,val,Log-Mel CNN,0.23649659752845764,0.3029230187336604
seg_004245,sample_01415,I Fell - Mod Fun,1,0.6732379794120789,cnn_revised_20260919T110440Z,cnn_s1_01,val,Log-Mel CNN,0.23649659752845764,0.3029230187336604
seg_004246,sample_01415,I Fell - Mod Fun,1,0.42178964614868164,cnn_revised_20260919T110440Z,cnn_s1_01,val,Log-Mel CNN,0.23649659752845764,0.3029230187336604
seg_004247,sample_01415,I Fell - Mod Fun,1,0.9892027974128723,cnn_revised_20260919T110440Z,cnn_s1_01,val,Log-Mel CNN,0.23649659752845764,0.3029230187336604
seg_004275,sample_01425,Lights Up - Pipe Choir,1,0.9133262038230896,cnn_revised_20260919T110440Z,cnn_s1_01,val,Log-Mel CNN,0.23649659752845764,0.3029230187336604
seg_004276,sample_01425,Lights Up - Pipe Choir,1,0.851320207118988,cnn_revised_20260919T110440Z,cnn_s1_01,val,Log-Mel CNN,0.23649659752845764,0.3029230187336604
seg_004277,sample_01425,Lights Up - Pipe Choir,1,0.9927680492401123,cnn_revised_20260919T110440Z,cnn_s1_01,val,Log-Mel CNN,0.23649659752845764,0.3029230187336604
seg_004287,sample_01429,March of the GPA Mechanics - [t]ghost,1,0.9820998907089233,cnn_revised_20260919T110440Z,cnn_s1_01,val,Log-Mel CNN,0.23649659752845764,0.3029230187336604
seg_004288,sample_01429,March of the GPA Mechanics - [t]ghost,1,0.874403178691864,cnn_revised_20260919T110440Z,cnn_s1_01,val,Log-Mel CNN,0.23649659752845764,0.3029230187336604
seg_004289,sample_01429,March of the GPA Mechanics - [t]ghost,1,0.7860220670700073,cnn_revised_20260919T110440Z,cnn_s1_01,val,Log-Mel CNN,0.23649659752845764,0.3029230187336604
seg_004326,sample_01442,Redlight - Room For A Ghost,1,0.759373664855957,cnn_revised_20260919T110440Z,cnn_s1_01,val,Log-Mel CNN,0.23649659752845764,0.3029230187336604
seg_004327,sample_01442,Redlight - Room For A Ghost,1,0.9608122706413269,cnn_revised_20260919T110440Z,cnn_s1_01,val,Log-Mel CNN,0.23649659752845764,0.3029230187336604
seg_004328,sample_01442,Redlight - Room For A Ghost,1,0.992424488067627,cnn_revised_20260919T110440Z,cnn_s1_01,val,Log-Mel CNN,0.23649659752845764,0.3029230187336604
seg_004341,sample_01447,Scramby Eggs - Andy G. Cohen,1,0.7863608598709106,cnn_revised_20260919T110440Z,cnn_s1_01,val,Log-Mel CNN,0.23649659752845764,0.3029230187336604
seg_004342,sample_01447,Scramby Eggs - Andy G. Cohen,1,0.8371376395225525,cnn_revised_20260919T110440Z,cnn_s1_01,val,Log-Mel CNN,0.23649659752845764,0.3029230187336604
seg_004343,sample_01447,Scramby Eggs - Andy G. Cohen,1,0.9916014075279236,cnn_revised_20260919T110440Z,cnn_s1_01,val,Log-Mel CNN,0.23649659752845764,0.3029230187336604
seg_004353,sample_01451,Shipwrecked Crew - Pete Prodoehl,1,0.29089516401290894,cnn_revised_20260919T110440Z,cnn_s1_01,val,Log-Mel CNN,0.23649659752845764,0.3029230187336604
seg_004354,sample_01451,Shipwrecked Crew - Pete Prodoehl,1,0.9379759430885315,cnn_revised_20260919T110440Z,cnn_s1_01,val,Log-Mel CNN,0.23649659752845764,0.3029230187336604
seg_004355,sample_01451,Shipwrecked Crew - Pete Prodoehl,1,0.9920505881309509,cnn_revised_20260919T110440Z,cnn_s1_01,val,Log-Mel CNN,0.23649659752845764,0.3029230187336604
seg_004383,sample_01461,The girl just faded - Los Llamarada,1,0.7698647379875183,cnn_revised_20260919T110440Z,cnn_s1_01,val,Log-Mel CNN,0.23649659752845764,0.3029230187336604
seg_004384,sample_01461,The girl just faded - Los Llamarada,1,0.9447797536849976,cnn_revised_20260919T110440Z,cnn_s1_01,val,Log-Mel CNN,0.23649659752845764,0.3029230187336604
seg_004385,sample_01461,The girl just faded - Los Llamarada,1,0.9506440758705139,cnn_revised_20260919T110440Z,cnn_s1_01,val,Log-Mel CNN,0.23649659752845764,0.3029230187336604
seg_004401,sample_01467,Voxel - Andy G. Cohen,1,0.6700734496116638,cnn_revised_20260919T110440Z,cnn_s1_01,val,Log-Mel CNN,0.23649659752845764,0.3029230187336604
seg_004402,sample_01467,Voxel - Andy G. Cohen,1,0.5173603296279907,cnn_revised_20260919T110440Z,cnn_s1_01,val,Log-Mel CNN,0.23649659752845764,0.3029230187336604
seg_004403,sample_01467,Voxel - Andy G. Cohen,1,0.9929540753364563,cnn_revised_20260919T110440Z,cnn_s1_01,val,Log-Mel CNN,0.23649659752845764,0.3029230187336604
seg_004425,sample_01475,Windows of the Skull - Sarin,1,0.8245564103126526,cnn_revised_20260919T110440Z,cnn_s1_01,val,Log-Mel CNN,0.23649659752845764,0.3029230187336604
seg_004426,sample_01475,Windows of the Skull - Sarin,1,0.9831027984619141,cnn_revised_20260919T110440Z,cnn_s1_01,val,Log-Mel CNN,0.23649659752845764,0.3029230187336604
seg_004427,sample_01475,Windows of the Skull - Sarin,1,0.9598928093910217,cnn_revised_20260919T110440Z,cnn_s1_01,val,Log-Mel CNN,0.23649659752845764,0.3029230187336604
seg_004464,sample_01488,Night Drive - Decktonic,1,0.6256685853004456,cnn_revised_20260919T110440Z,cnn_s1_01,val,Log-Mel CNN,0.23649659752845764,0.3029230187336604
seg_004465,sample_01488,Night Drive - Decktonic,1,0.719275712966919,cnn_revised_20260919T110440Z,cnn_s1_01,val,Log-Mel CNN,0.23649659752845764,0.3029230187336604
seg_004466,sample_01488,Night Drive - Decktonic,1,0.798069417476654,cnn_revised_20260919T110440Z,cnn_s1_01,val,Log-Mel CNN,0.23649659752845764,0.3029230187336604
seg_004521,sample_01507,Nuo Maisemat - Paavoharju,1,0.7234050631523132,cnn_revised_20260919T110440Z,cnn_s1_01,val,Log-Mel CNN,0.23649659752845764,0.3029230187336604
seg_004522,sample_01507,Nuo Maisemat - Paavoharju,1,0.6261425018310547,cnn_revised_20260919T110440Z,cnn_s1_01,val,Log-Mel CNN,0.23649659752845764,0.3029230187336604
seg_004523,sample_01507,Nuo Maisemat - Paavoharju,1,0.690597414970398,cnn_revised_20260919T110440Z,cnn_s1_01,val,Log-Mel CNN,0.23649659752845764,0.3029230187336604
seg_004536,sample_01512,CopperNickle - UncleBibby,1,0.27264687418937683,cnn_revised_20260919T110440Z,cnn_s1_01,val,Log-Mel CNN,0.23649659752845764,0.3029230187336604
seg_004537,sample_01512,CopperNickle - UncleBibby,1,0.5019088983535767,cnn_revised_20260919T110440Z,cnn_s1_01,val,Log-Mel CNN,0.23649659752845764,0.3029230187336604
seg_004538,sample_01512,CopperNickle - UncleBibby,1,0.16891954839229584,cnn_revised_20260919T110440Z,cnn_s1_01,val,Log-Mel CNN,0.23649659752845764,0.3029230187336604
seg_004539,sample_01513,Daylight Savings - My brother Daniel,1,0.26380616426467896,cnn_revised_20260919T110440Z,cnn_s1_01,val,Log-Mel CNN,0.23649659752845764,0.3029230187336604
seg_004540,sample_01513,Daylight Savings - My brother Daniel,1,0.41744470596313477,cnn_revised_20260919T110440Z,cnn_s1_01,val,Log-Mel CNN,0.23649659752845764,0.3029230187336604
seg_004541,sample_01513,Daylight Savings - My brother Daniel,1,0.22751818597316742,cnn_revised_20260919T110440Z,cnn_s1_01,val,Log-Mel CNN,0.23649659752845764,0.3029230187336604
seg_004542,sample_01514,mystery team 2090 - Jesse Futerman,1,0.795854389667511,cnn_revised_20260919T110440Z,cnn_s1_01,val,Log-Mel CNN,0.23649659752845764,0.3029230187336604
seg_004543,sample_01514,mystery team 2090 - Jesse Futerman,1,0.7183060646057129,cnn_revised_20260919T110440Z,cnn_s1_01,val,Log-Mel CNN,0.23649659752845764,0.3029230187336604
seg_004544,sample_01514,mystery team 2090 - Jesse Futerman,1,0.7379621863365173,cnn_revised_20260919T110440Z,cnn_s1_01,val,Log-Mel CNN,0.23649659752845764,0.3029230187336604
seg_004575,sample_01525,SD (Ill Mix) - H-LR,1,0.8600766658782959,cnn_revised_20260919T110440Z,cnn_s1_01,val,Log-Mel CNN,0.23649659752845764,0.3029230187336604
seg_004576,sample_01525,SD (Ill Mix) - H-LR,1,0.9579960107803345,cnn_revised_20260919T110440Z,cnn_s1_01,val,Log-Mel CNN,0.23649659752845764,0.3029230187336604
seg_004577,sample_01525,SD (Ill Mix) - H-LR,1,0.9083337187767029,cnn_revised_20260919T110440Z,cnn_s1_01,val,Log-Mel CNN,0.23649659752845764,0.3029230187336604
seg_004590,sample_01530,Stockholm Syndrome / People Should Be More Aware - Bird Names,1,0.1890181005001068,cnn_revised_20260919T110440Z,cnn_s1_01,val,Log-Mel CNN,0.23649659752845764,0.3029230187336604
seg_004591,sample_01530,Stockholm Syndrome / People Should Be More Aware - Bird Names,1,0.8125947117805481,cnn_revised_20260919T110440Z,cnn_s1_01,val,Log-Mel CNN,0.23649659752845764,0.3029230187336604
seg_004592,sample_01530,Stockholm Syndrome / People Should Be More Aware - Bird Names,1,0.2820625901222229,cnn_revised_20260919T110440Z,cnn_s1_01,val,Log-Mel CNN,0.23649659752845764,0.3029230187336604
seg_004596,sample_01532,Time Is Love - Silence is full of birds,1,0.916235089302063,cnn_revised_20260919T110440Z,cnn_s1_01,val,Log-Mel CNN,0.23649659752845764,0.3029230187336604
seg_004597,sample_01532,Time Is Love - Silence is full of birds,1,0.6959332823753357,cnn_revised_20260919T110440Z,cnn_s1_01,val,Log-Mel CNN,0.23649659752845764,0.3029230187336604
seg_004598,sample_01532,Time Is Love - Silence is full of birds,1,0.9696398973464966,cnn_revised_20260919T110440Z,cnn_s1_01,val,Log-Mel CNN,0.23649659752845764,0.3029230187336604
seg_004602,sample_01534,Roller Star - Monroeville Music Center,1,0.1531260460615158,cnn_revised_20260919T110440Z,cnn_s1_01,val,Log-Mel CNN,0.23649659752845764,0.3029230187336604
seg_004603,sample_01534,Roller Star - Monroeville Music Center,1,0.8693603873252869,cnn_revised_20260919T110440Z,cnn_s1_01,val,Log-Mel CNN,0.23649659752845764,0.3029230187336604
seg_004604,sample_01534,Roller Star - Monroeville Music Center,1,0.8369445204734802,cnn_revised_20260919T110440Z,cnn_s1_01,val,Log-Mel CNN,0.23649659752845764,0.3029230187336604
seg_004611,sample_01537,Soleares&beats - Malaventura,1,0.20034044981002808,cnn_revised_20260919T110440Z,cnn_s1_01,val,Log-Mel CNN,0.23649659752845764,0.3029230187336604
seg_004612,sample_01537,Soleares&beats - Malaventura,1,0.5860033631324768,cnn_revised_20260919T110440Z,cnn_s1_01,val,Log-Mel CNN,0.23649659752845764,0.3029230187336604
seg_004613,sample_01537,Soleares&beats - Malaventura,1,0.53209388256073,cnn_revised_20260919T110440Z,cnn_s1_01,val,Log-Mel CNN,0.23649659752845764,0.3029230187336604
seg_004629,sample_01543,Evil Cannot Create - Caleb Lemond,1,0.28546321392059326,cnn_revised_20260919T110440Z,cnn_s1_01,val,Log-Mel CNN,0.23649659752845764,0.3029230187336604
seg_004630,sample_01543,Evil Cannot Create - Caleb Lemond,1,0.6936466693878174,cnn_revised_20260919T110440Z,cnn_s1_01,val,Log-Mel CNN,0.23649659752845764,0.3029230187336604
seg_004631,sample_01543,Evil Cannot Create - Caleb Lemond,1,0.28804004192352295,cnn_revised_20260919T110440Z,cnn_s1_01,val,Log-Mel CNN,0.23649659752845764,0.3029230187336604
seg_004647,sample_01549,"Roundtrip - Oh Yeah, the Future",1,0.34673720598220825,cnn_revised_20260919T110440Z,cnn_s1_01,val,Log-Mel CNN,0.23649659752845764,0.3029230187336604
seg_004648,sample_01549,"Roundtrip - Oh Yeah, the Future",1,0.6176939010620117,cnn_revised_20260919T110440Z,cnn_s1_01,val,Log-Mel CNN,0.23649659752845764,0.3029230187336604
seg_004649,sample_01549,"Roundtrip - Oh Yeah, the Future",1,0.6498411893844604,cnn_revised_20260919T110440Z,cnn_s1_01,val,Log-Mel CNN,0.23649659752845764,0.3029230187336604
seg_004692,sample_01564,Norweigian Wood II - Bird Names,1,0.4578471779823303,cnn_revised_20260919T110440Z,cnn_s1_01,val,Log-Mel CNN,0.23649659752845764,0.3029230187336604
seg_004693,sample_01564,Norweigian Wood II - Bird Names,1,0.32044878602027893,cnn_revised_20260919T110440Z,cnn_s1_01,val,Log-Mel CNN,0.23649659752845764,0.3029230187336604
seg_004694,sample_01564,Norweigian Wood II - Bird Names,1,0.5800487399101257,cnn_revised_20260919T110440Z,cnn_s1_01,val,Log-Mel CNN,0.23649659752845764,0.3029230187336604
seg_004695,sample_01565,New Life (take 1) - Bird Names,1,0.7590193748474121,cnn_revised_20260919T110440Z,cnn_s1_01,val,Log-Mel CNN,0.23649659752845764,0.3029230187336604
seg_004696,sample_01565,New Life (take 1) - Bird Names,1,0.8761351108551025,cnn_revised_20260919T110440Z,cnn_s1_01,val,Log-Mel CNN,0.23649659752845764,0.3029230187336604
seg_004697,sample_01565,New Life (take 1) - Bird Names,1,0.5735356211662292,cnn_revised_20260919T110440Z,cnn_s1_01,val,Log-Mel CNN,0.23649659752845764,0.3029230187336604
seg_004698,sample_01566,New Life (take 1) - Bird Names,1,0.6620869040489197,cnn_revised_20260919T110440Z,cnn_s1_01,val,Log-Mel CNN,0.23649659752845764,0.3029230187336604
seg_004699,sample_01566,New Life (take 1) - Bird Names,1,0.898704469203949,cnn_revised_20260919T110440Z,cnn_s1_01,val,Log-Mel CNN,0.23649659752845764,0.3029230187336604
seg_004700,sample_01566,New Life (take 1) - Bird Names,1,0.7031705975532532,cnn_revised_20260919T110440Z,cnn_s1_01,val,Log-Mel CNN,0.23649659752845764,0.3029230187336604
seg_004779,sample_01593,Gila Monster Flop/Music History Lesson:The Sonics - The Crypts!,1,0.4067298471927643,cnn_revised_20260919T110440Z,cnn_s1_01,val,Log-Mel CNN,0.23649659752845764,0.3029230187336604
seg_004780,sample_01593,Gila Monster Flop/Music History Lesson:The Sonics - The Crypts!,1,0.7009386420249939,cnn_revised_20260919T110440Z,cnn_s1_01,val,Log-Mel CNN,0.23649659752845764,0.3029230187336604
seg_004781,sample_01593,Gila Monster Flop/Music History Lesson:The Sonics - The Crypts!,1,0.5041106939315796,cnn_revised_20260919T110440Z,cnn_s1_01,val,Log-Mel CNN,0.23649659752845764,0.3029230187336604
seg_004821,sample_01607,March of the GPA Mechanics - [t]ghost,1,0.3077884316444397,cnn_revised_20260919T110440Z,cnn_s1_01,val,Log-Mel CNN,0.23649659752845764,0.3029230187336604
seg_004822,sample_01607,March of the GPA Mechanics - [t]ghost,1,0.852327287197113,cnn_revised_20260919T110440Z,cnn_s1_01,val,Log-Mel CNN,0.23649659752845764,0.3029230187336604
seg_004823,sample_01607,March of the GPA Mechanics - [t]ghost,1,0.21767762303352356,cnn_revised_20260919T110440Z,cnn_s1_01,val,Log-Mel CNN,0.23649659752845764,0.3029230187336604
seg_004824,sample_01608,Windows of the Skull - Sarin,1,0.7922372221946716,cnn_revised_20260919T110440Z,cnn_s1_01,val,Log-Mel CNN,0.23649659752845764,0.3029230187336604
seg_004825,sample_01608,Windows of the Skull - Sarin,1,0.9185920357704163,cnn_revised_20260919T110440Z,cnn_s1_01,val,Log-Mel CNN,0.23649659752845764,0.3029230187336604
seg_004826,sample_01608,Windows of the Skull - Sarin,1,0.9494940638542175,cnn_revised_20260919T110440Z,cnn_s1_01,val,Log-Mel CNN,0.23649659752845764,0.3029230187336604
seg_004830,sample_01610,Empty Pockets - Pete Prodoehl,1,0.1295105665922165,cnn_revised_20260919T110440Z,cnn_s1_01,val,Log-Mel CNN,0.23649659752845764,0.3029230187336604
seg_004831,sample_01610,Empty Pockets - Pete Prodoehl,1,0.642215371131897,cnn_revised_20260919T110440Z,cnn_s1_01,val,Log-Mel CNN,0.23649659752845764,0.3029230187336604
seg_004832,sample_01610,Empty Pockets - Pete Prodoehl,1,0.5991320610046387,cnn_revised_20260919T110440Z,cnn_s1_01,val,Log-Mel CNN,0.23649659752845764,0.3029230187336604
seg_004836,sample_01612,Scramby Eggs - Andy G. Cohen,1,0.2413000464439392,cnn_revised_20260919T110440Z,cnn_s1_01,val,Log-Mel CNN,0.23649659752845764,0.3029230187336604
seg_004837,sample_01612,Scramby Eggs - Andy G. Cohen,1,0.30808913707733154,cnn_revised_20260919T110440Z,cnn_s1_01,val,Log-Mel CNN,0.23649659752845764,0.3029230187336604
seg_004838,sample_01612,Scramby Eggs - Andy G. Cohen,1,0.34359797835350037,cnn_revised_20260919T110440Z,cnn_s1_01,val,Log-Mel CNN,0.23649659752845764,0.3029230187336604
seg_004839,sample_01613,Voxel - Andy G. Cohen,1,0.690462589263916,cnn_revised_20260919T110440Z,cnn_s1_01,val,Log-Mel CNN,0.23649659752845764,0.3029230187336604
seg_004840,sample_01613,Voxel - Andy G. Cohen,1,0.5569932460784912,cnn_revised_20260919T110440Z,cnn_s1_01,val,Log-Mel CNN,0.23649659752845764,0.3029230187336604
seg_004841,sample_01613,Voxel - Andy G. Cohen,1,0.6796890497207642,cnn_revised_20260919T110440Z,cnn_s1_01,val,Log-Mel CNN,0.23649659752845764,0.3029230187336604
seg_004845,sample_01615,The girl just faded - Los Llamarada,1,0.1451982855796814,cnn_revised_20260919T110440Z,cnn_s1_01,val,Log-Mel CNN,0.23649659752845764,0.3029230187336604
seg_004846,sample_01615,The girl just faded - Los Llamarada,1,0.20974990725517273,cnn_revised_20260919T110440Z,cnn_s1_01,val,Log-Mel CNN,0.23649659752845764,0.3029230187336604
seg_004847,sample_01615,The girl just faded - Los Llamarada,1,0.2517404556274414,cnn_revised_20260919T110440Z,cnn_s1_01,val,Log-Mel CNN,0.23649659752845764,0.3029230187336604
seg_004860,sample_01620,2 (Wasn't There) - Isle of Pine,1,0.40721651911735535,cnn_revised_20260919T110440Z,cnn_s1_01,val,Log-Mel CNN,0.23649659752845764,0.3029230187336604
seg_004861,sample_01620,2 (Wasn't There) - Isle of Pine,1,0.4844306707382202,cnn_revised_20260919T110440Z,cnn_s1_01,val,Log-Mel CNN,0.23649659752845764,0.3029230187336604
seg_004862,sample_01620,2 (Wasn't There) - Isle of Pine,1,0.5094038844108582,cnn_revised_20260919T110440Z,cnn_s1_01,val,Log-Mel CNN,0.23649659752845764,0.3029230187336604
seg_004866,sample_01622,I Fell - Mod Fun,1,0.13341909646987915,cnn_revised_20260919T110440Z,cnn_s1_01,val,Log-Mel CNN,0.23649659752845764,0.3029230187336604
seg_004867,sample_01622,I Fell - Mod Fun,1,0.39582815766334534,cnn_revised_20260919T110440Z,cnn_s1_01,val,Log-Mel CNN,0.23649659752845764,0.3029230187336604
seg_004868,sample_01622,I Fell - Mod Fun,1,0.3596859872341156,cnn_revised_20260919T110440Z,cnn_s1_01,val,Log-Mel CNN,0.23649659752845764,0.3029230187336604
seg_004872,sample_01624,Новый Нью-Йорк 2 - Чокнутый Пропеллер,1,0.9852628707885742,cnn_revised_20260919T110440Z,cnn_s1_01,val,Log-Mel CNN,0.23649659752845764,0.3029230187336604
seg_004873,sample_01624,Новый Нью-Йорк 2 - Чокнутый Пропеллер,1,0.488773375749588,cnn_revised_20260919T110440Z,cnn_s1_01,val,Log-Mel CNN,0.23649659752845764,0.3029230187336604
seg_004874,sample_01624,Новый Нью-Йорк 2 - Чокнутый Пропеллер,1,0.15568849444389343,cnn_revised_20260919T110440Z,cnn_s1_01,val,Log-Mel CNN,0.23649659752845764,0.3029230187336604
seg_004908,sample_01636,CopperNickle - UncleBibby,1,0.7259848117828369,cnn_revised_20260919T110440Z,cnn_s1_01,val,Log-Mel CNN,0.23649659752845764,0.3029230187336604
seg_004909,sample_01636,CopperNickle - UncleBibby,1,0.7135189175605774,cnn_revised_20260919T110440Z,cnn_s1_01,val,Log-Mel CNN,0.23649659752845764,0.3029230187336604
seg_004910,sample_01636,CopperNickle - UncleBibby,1,0.46197181940078735,cnn_revised_20260919T110440Z,cnn_s1_01,val,Log-Mel CNN,0.23649659752845764,0.3029230187336604
seg_004914,sample_01638,Daylight Savings - My brother Daniel,1,0.9650055766105652,cnn_revised_20260919T110440Z,cnn_s1_01,val,Log-Mel CNN,0.23649659752845764,0.3029230187336604
seg_004915,sample_01638,Daylight Savings - My brother Daniel,1,0.8780310153961182,cnn_revised_20260919T110440Z,cnn_s1_01,val,Log-Mel CNN,0.23649659752845764,0.3029230187336604
seg_004916,sample_01638,Daylight Savings - My brother Daniel,1,0.9559462666511536,cnn_revised_20260919T110440Z,cnn_s1_01,val,Log-Mel CNN,0.23649659752845764,0.3029230187336604
seg_004947,sample_01649,mystery team 2090 - Jesse Futerman,1,0.3377942442893982,cnn_revised_20260919T110440Z,cnn_s1_01,val,Log-Mel CNN,0.23649659752845764,0.3029230187336604
seg_004948,sample_01649,mystery team 2090 - Jesse Futerman,1,0.5289431214332581,cnn_revised_20260919T110440Z,cnn_s1_01,val,Log-Mel CNN,0.23649659752845764,0.3029230187336604
seg_004949,sample_01649,mystery team 2090 - Jesse Futerman,1,0.5548001527786255,cnn_revised_20260919T110440Z,cnn_s1_01,val,Log-Mel CNN,0.23649659752845764,0.3029230187336604
seg_004950,sample_01650,Night Drive - Decktonic,1,0.6263434290885925,cnn_revised_20260919T110440Z,cnn_s1_01,val,Log-Mel CNN,0.23649659752845764,0.3029230187336604
seg_004951,sample_01650,Night Drive - Decktonic,1,0.9933738708496094,cnn_revised_20260919T110440Z,cnn_s1_01,val,Log-Mel CNN,0.23649659752845764,0.3029230187336604
seg_004952,sample_01650,Night Drive - Decktonic,1,0.9929087162017822,cnn_revised_20260919T110440Z,cnn_s1_01,val,Log-Mel CNN,0.23649659752845764,0.3029230187336604
seg_004959,sample_01653,Nuo Maisemat - Paavoharju,1,0.9526565670967102,cnn_revised_20260919T110440Z,cnn_s1_01,val,Log-Mel CNN,0.23649659752845764,0.3029230187336604
seg_004960,sample_01653,Nuo Maisemat - Paavoharju,1,0.6017358899116516,cnn_revised_20260919T110440Z,cnn_s1_01,val,Log-Mel CNN,0.23649659752845764,0.3029230187336604
seg_004961,sample_01653,Nuo Maisemat - Paavoharju,1,0.9333906769752502,cnn_revised_20260919T110440Z,cnn_s1_01,val,Log-Mel CNN,0.23649659752845764,0.3029230187336604
seg_005001,sample_01667,SD (Ill Mix) - H-LR,1,0.9685104489326477,cnn_revised_20260919T110440Z,cnn_s1_01,val,Log-Mel CNN,0.23649659752845764,0.3029230187336604
seg_005002,sample_01667,SD (Ill Mix) - H-LR,1,0.9343453049659729,cnn_revised_20260919T110440Z,cnn_s1_01,val,Log-Mel CNN,0.23649659752845764,0.3029230187336604
seg_005003,sample_01667,SD (Ill Mix) - H-LR,1,0.9594599008560181,cnn_revised_20260919T110440Z,cnn_s1_01,val,Log-Mel CNN,0.23649659752845764,0.3029230187336604
seg_005055,sample_01685,Evil Cannot Create - Caleb Lemond,1,0.5806571245193481,cnn_revised_20260919T110440Z,cnn_s1_01,val,Log-Mel CNN,0.23649659752845764,0.3029230187336604
seg_005056,sample_01685,Evil Cannot Create - Caleb Lemond,1,0.9910345673561096,cnn_revised_20260919T110440Z,cnn_s1_01,val,Log-Mel CNN,0.23649659752845764,0.3029230187336604
seg_005057,sample_01685,Evil Cannot Create - Caleb Lemond,1,0.987497091293335,cnn_revised_20260919T110440Z,cnn_s1_01,val,Log-Mel CNN,0.23649659752845764,0.3029230187336604
seg_005111,sample_01704,New Life (take 1) - Bird Names,1,0.8622509241104126,cnn_revised_20260919T110440Z,cnn_s1_01,val,Log-Mel CNN,0.23649659752845764,0.3029230187336604
seg_005112,sample_01704,New Life (take 1) - Bird Names,1,0.4726369380950928,cnn_revised_20260919T110440Z,cnn_s1_01,val,Log-Mel CNN,0.23649659752845764,0.3029230187336604
seg_005113,sample_01704,New Life (take 1) - Bird Names,1,0.3161894381046295,cnn_revised_20260919T110440Z,cnn_s1_01,val,Log-Mel CNN,0.23649659752845764,0.3029230187336604
seg_005114,sample_01705,Norweigian Wood II - Bird Names,1,0.31800025701522827,cnn_revised_20260919T110440Z,cnn_s1_01,val,Log-Mel CNN,0.23649659752845764,0.3029230187336604
seg_005115,sample_01705,Norweigian Wood II - Bird Names,1,0.207929790019989,cnn_revised_20260919T110440Z,cnn_s1_01,val,Log-Mel CNN,0.23649659752845764,0.3029230187336604
seg_005116,sample_01705,Norweigian Wood II - Bird Names,1,0.06770653277635574,cnn_revised_20260919T110440Z,cnn_s1_01,val,Log-Mel CNN,0.23649659752845764,0.3029230187336604
seg_005126,sample_01709,Roller Star - Monroeville Music Center,1,0.8847725987434387,cnn_revised_20260919T110440Z,cnn_s1_01,val,Log-Mel CNN,0.23649659752845764,0.3029230187336604
seg_005127,sample_01709,Roller Star - Monroeville Music Center,1,0.9738655686378479,cnn_revised_20260919T110440Z,cnn_s1_01,val,Log-Mel CNN,0.23649659752845764,0.3029230187336604
seg_005128,sample_01709,Roller Star - Monroeville Music Center,1,0.9866047501564026,cnn_revised_20260919T110440Z,cnn_s1_01,val,Log-Mel CNN,0.23649659752845764,0.3029230187336604
seg_005129,sample_01710,"Roundtrip - Oh Yeah, the Future",1,0.7230865955352783,cnn_revised_20260919T110440Z,cnn_s1_01,val,Log-Mel CNN,0.23649659752845764,0.3029230187336604
seg_005130,sample_01710,"Roundtrip - Oh Yeah, the Future",1,0.8239078521728516,cnn_revised_20260919T110440Z,cnn_s1_01,val,Log-Mel CNN,0.23649659752845764,0.3029230187336604
seg_005131,sample_01710,"Roundtrip - Oh Yeah, the Future",1,0.9486690759658813,cnn_revised_20260919T110440Z,cnn_s1_01,val,Log-Mel CNN,0.23649659752845764,0.3029230187336604
seg_005138,sample_01713,Soleares&beats - Malaventura,1,0.24209971725940704,cnn_revised_20260919T110440Z,cnn_s1_01,val,Log-Mel CNN,0.23649659752845764,0.3029230187336604
seg_005139,sample_01713,Soleares&beats - Malaventura,1,0.06922518461942673,cnn_revised_20260919T110440Z,cnn_s1_01,val,Log-Mel CNN,0.23649659752845764,0.3029230187336604
seg_005140,sample_01713,Soleares&beats - Malaventura,1,0.2761603593826294,cnn_revised_20260919T110440Z,cnn_s1_01,val,Log-Mel CNN,0.23649659752845764,0.3029230187336604
seg_005147,sample_01716,Stockholm Syndrome / People Should Be More Aware - Bird Names,1,0.7316431999206543,cnn_revised_20260919T110440Z,cnn_s1_01,val,Log-Mel CNN,0.23649659752845764,0.3029230187336604
seg_005148,sample_01716,Stockholm Syndrome / People Should Be More Aware - Bird Names,1,0.6964243054389954,cnn_revised_20260919T110440Z,cnn_s1_01,val,Log-Mel CNN,0.23649659752845764,0.3029230187336604
seg_005149,sample_01716,Stockholm Syndrome / People Should Be More Aware - Bird Names,1,0.8090810179710388,cnn_revised_20260919T110440Z,cnn_s1_01,val,Log-Mel CNN,0.23649659752845764,0.3029230187336604
seg_005168,sample_01723,Time Is Love - Silence is full of birds,1,0.2499648928642273,cnn_revised_20260919T110440Z,cnn_s1_01,val,Log-Mel CNN,0.23649659752845764,0.3029230187336604
seg_005169,sample_01723,Time Is Love - Silence is full of birds,1,0.4579748511314392,cnn_revised_20260919T110440Z,cnn_s1_01,val,Log-Mel CNN,0.23649659752845764,0.3029230187336604
seg_005170,sample_01723,Time Is Love - Silence is full of birds,1,0.5691455006599426,cnn_revised_20260919T110440Z,cnn_s1_01,val,Log-Mel CNN,0.23649659752845764,0.3029230187336604
seg_005188,sample_01730,2 (Wasn't There) - Isle of Pine,1,0.4587826728820801,cnn_revised_20260919T110440Z,cnn_s1_01,val,Log-Mel CNN,0.23649659752845764,0.3029230187336604
seg_005189,sample_01730,2 (Wasn't There) - Isle of Pine,1,0.11606854200363159,cnn_revised_20260919T110440Z,cnn_s1_01,val,Log-Mel CNN,0.23649659752845764,0.3029230187336604
seg_005190,sample_01730,2 (Wasn't There) - Isle of Pine,1,0.7679553031921387,cnn_revised_20260919T110440Z,cnn_s1_01,val,Log-Mel CNN,0.23649659752845764,0.3029230187336604
seg_005203,sample_01735,Empty Pockets - Pete Prodoehl,1,0.7567088603973389,cnn_revised_20260919T110440Z,cnn_s1_01,val,Log-Mel CNN,0.23649659752845764,0.3029230187336604
seg_005204,sample_01735,Empty Pockets - Pete Prodoehl,1,0.7176668047904968,cnn_revised_20260919T110440Z,cnn_s1_01,val,Log-Mel CNN,0.23649659752845764,0.3029230187336604
seg_005205,sample_01735,Empty Pockets - Pete Prodoehl,1,0.9419876337051392,cnn_revised_20260919T110440Z,cnn_s1_01,val,Log-Mel CNN,0.23649659752845764,0.3029230187336604
seg_005212,sample_01738,Gila Monster Flop/Music History Lesson:The Sonics - The Crypts!,1,0.7689601182937622,cnn_revised_20260919T110440Z,cnn_s1_01,val,Log-Mel CNN,0.23649659752845764,0.3029230187336604
seg_005213,sample_01738,Gila Monster Flop/Music History Lesson:The Sonics - The Crypts!,1,0.842703104019165,cnn_revised_20260919T110440Z,cnn_s1_01,val,Log-Mel CNN,0.23649659752845764,0.3029230187336604
seg_005214,sample_01738,Gila Monster Flop/Music History Lesson:The Sonics - The Crypts!,1,0.8319350481033325,cnn_revised_20260919T110440Z,cnn_s1_01,val,Log-Mel CNN,0.23649659752845764,0.3029230187336604
seg_005221,sample_01741,I Fell - Mod Fun,1,0.894202470779419,cnn_revised_20260919T110440Z,cnn_s1_01,val,Log-Mel CNN,0.23649659752845764,0.3029230187336604
seg_005222,sample_01741,I Fell - Mod Fun,1,0.9243842959403992,cnn_revised_20260919T110440Z,cnn_s1_01,val,Log-Mel CNN,0.23649659752845764,0.3029230187336604
seg_005223,sample_01741,I Fell - Mod Fun,1,0.9848797917366028,cnn_revised_20260919T110440Z,cnn_s1_01,val,Log-Mel CNN,0.23649659752845764,0.3029230187336604
seg_005245,sample_01749,March of the GPA Mechanics - [t]ghost,1,0.660633385181427,cnn_revised_20260919T110440Z,cnn_s1_01,val,Log-Mel CNN,0.23649659752845764,0.3029230187336604
seg_005246,sample_01749,March of the GPA Mechanics - [t]ghost,1,0.9741820693016052,cnn_revised_20260919T110440Z,cnn_s1_01,val,Log-Mel CNN,0.23649659752845764,0.3029230187336604
seg_005247,sample_01749,March of the GPA Mechanics - [t]ghost,1,0.9553545117378235,cnn_revised_20260919T110440Z,cnn_s1_01,val,Log-Mel CNN,0.23649659752845764,0.3029230187336604
seg_005274,sample_01759,Scramby Eggs - Andy G. Cohen,1,0.9893224835395813,cnn_revised_20260919T110440Z,cnn_s1_01,val,Log-Mel CNN,0.23649659752845764,0.3029230187336604
seg_005275,sample_01759,Scramby Eggs - Andy G. Cohen,1,0.953418493270874,cnn_revised_20260919T110440Z,cnn_s1_01,val,Log-Mel CNN,0.23649659752845764,0.3029230187336604
seg_005276,sample_01759,Scramby Eggs - Andy G. Cohen,1,0.9864185452461243,cnn_revised_20260919T110440Z,cnn_s1_01,val,Log-Mel CNN,0.23649659752845764,0.3029230187336604
seg_005301,sample_01768,The girl just faded - Los Llamarada,1,0.9614388942718506,cnn_revised_20260919T110440Z,cnn_s1_01,val,Log-Mel CNN,0.23649659752845764,0.3029230187336604
seg_005302,sample_01768,The girl just faded - Los Llamarada,1,0.9820635318756104,cnn_revised_20260919T110440Z,cnn_s1_01,val,Log-Mel CNN,0.23649659752845764,0.3029230187336604
seg_005303,sample_01768,The girl just faded - Los Llamarada,1,0.944052517414093,cnn_revised_20260919T110440Z,cnn_s1_01,val,Log-Mel CNN,0.23649659752845764,0.3029230187336604
seg_005310,sample_01771,Voxel - Andy G. Cohen,1,0.9879299402236938,cnn_revised_20260919T110440Z,cnn_s1_01,val,Log-Mel CNN,0.23649659752845764,0.3029230187336604
seg_005311,sample_01771,Voxel - Andy G. Cohen,1,0.8915719389915466,cnn_revised_20260919T110440Z,cnn_s1_01,val,Log-Mel CNN,0.23649659752845764,0.3029230187336604
seg_005312,sample_01771,Voxel - Andy G. Cohen,1,0.9602941274642944,cnn_revised_20260919T110440Z,cnn_s1_01,val,Log-Mel CNN,0.23649659752845764,0.3029230187336604
seg_005322,sample_01775,Windows of the Skull - Sarin,1,0.9639980792999268,cnn_revised_20260919T110440Z,cnn_s1_01,val,Log-Mel CNN,0.23649659752845764,0.3029230187336604
seg_005323,sample_01775,Windows of the Skull - Sarin,1,0.9787303805351257,cnn_revised_20260919T110440Z,cnn_s1_01,val,Log-Mel CNN,0.23649659752845764,0.3029230187336604
seg_005324,sample_01775,Windows of the Skull - Sarin,1,0.7615544199943542,cnn_revised_20260919T110440Z,cnn_s1_01,val,Log-Mel CNN,0.23649659752845764,0.3029230187336604
seg_005331,sample_01778,Новый Нью-Йорк 2 - Чокнутый Пропеллер,1,0.85379558801651,cnn_revised_20260919T110440Z,cnn_s1_01,val,Log-Mel CNN,0.23649659752845764,0.3029230187336604
seg_005332,sample_01778,Новый Нью-Йорк 2 - Чокнутый Пропеллер,1,0.6543641686439514,cnn_revised_20260919T110440Z,cnn_s1_01,val,Log-Mel CNN,0.23649659752845764,0.3029230187336604
seg_005333,sample_01778,Новый Нью-Йорк 2 - Чокнутый Пропеллер,1,0.7376872301101685,cnn_revised_20260919T110440Z,cnn_s1_01,val,Log-Mel CNN,0.23649659752845764,0.3029230187336604
seg_005372,sample_01798,CopperNickle - UncleBibby,1,0.9048495888710022,cnn_revised_20260919T110440Z,cnn_s1_01,val,Log-Mel CNN,0.23649659752845764,0.3029230187336604
seg_005373,sample_01798,CopperNickle - UncleBibby,1,0.8518365025520325,cnn_revised_20260919T110440Z,cnn_s1_01,val,Log-Mel CNN,0.23649659752845764,0.3029230187336604
seg_005378,sample_01801,Daylight Savings - My brother Daniel,1,0.9838706254959106,cnn_revised_20260919T110440Z,cnn_s1_01,val,Log-Mel CNN,0.23649659752845764,0.3029230187336604
seg_005379,sample_01801,Daylight Savings - My brother Daniel,1,0.9840023517608643,cnn_revised_20260919T110440Z,cnn_s1_01,val,Log-Mel CNN,0.23649659752845764,0.3029230187336604
seg_005396,sample_01810,Fifth Ramble - From the album Keith [RSVP007] - My brother Daniel,1,0.979330837726593,cnn_revised_20260919T110440Z,cnn_s1_01,val,Log-Mel CNN,0.23649659752845764,0.3029230187336604
seg_005397,sample_01810,Fifth Ramble - From the album Keith [RSVP007] - My brother Daniel,1,0.9912320971488953,cnn_revised_20260919T110440Z,cnn_s1_01,val,Log-Mel CNN,0.23649659752845764,0.3029230187336604
seg_005412,sample_01818,If You're Ther - Nicola Ratti,1,0.9378397464752197,cnn_revised_20260919T110440Z,cnn_s1_01,val,Log-Mel CNN,0.23649659752845764,0.3029230187336604
seg_005413,sample_01818,If You're Ther - Nicola Ratti,1,0.9853031635284424,cnn_revised_20260919T110440Z,cnn_s1_01,val,Log-Mel CNN,0.23649659752845764,0.3029230187336604
seg_005428,sample_01826,Kumorizoranohajimarutokoro - Hosomi,1,0.9835245609283447,cnn_revised_20260919T110440Z,cnn_s1_01,val,Log-Mel CNN,0.23649659752845764,0.3029230187336604
seg_005429,sample_01826,Kumorizoranohajimarutokoro - Hosomi,1,0.9772598743438721,cnn_revised_20260919T110440Z,cnn_s1_01,val,Log-Mel CNN,0.23649659752845764,0.3029230187336604
seg_005446,sample_01835,Loved Ones - Rowan Box,1,0.926144540309906,cnn_revised_20260919T110440Z,cnn_s1_01,val,Log-Mel CNN,0.23649659752845764,0.3029230187336604
seg_005447,sample_01835,Loved Ones - Rowan Box,1,0.9354480504989624,cnn_revised_20260919T110440Z,cnn_s1_01,val,Log-Mel CNN,0.23649659752845764,0.3029230187336604
seg_005448,sample_01836,Morning Bell - Nihilore,1,0.9571848511695862,cnn_revised_20260919T110440Z,cnn_s1_01,val,Log-Mel CNN,0.23649659752845764,0.3029230187336604
seg_005449,sample_01836,Morning Bell - Nihilore,1,0.9697787165641785,cnn_revised_20260919T110440Z,cnn_s1_01,val,Log-Mel CNN,0.23649659752845764,0.3029230187336604
seg_005450,sample_01837,mystery team 2090 - Jesse Futerman,1,0.9439631700515747,cnn_revised_20260919T110440Z,cnn_s1_01,val,Log-Mel CNN,0.23649659752845764,0.3029230187336604
seg_005451,sample_01837,mystery team 2090 - Jesse Futerman,1,0.9498783946037292,cnn_revised_20260919T110440Z,cnn_s1_01,val,Log-Mel CNN,0.23649659752845764,0.3029230187336604
seg_005452,sample_01838,Night Drive - Decktonic,1,0.9703940153121948,cnn_revised_20260919T110440Z,cnn_s1_01,val,Log-Mel CNN,0.23649659752845764,0.3029230187336604
seg_005453,sample_01838,Night Drive - Decktonic,1,0.9829496145248413,cnn_revised_20260919T110440Z,cnn_s1_01,val,Log-Mel CNN,0.23649659752845764,0.3029230187336604
seg_005460,sample_01842,Nuo Maisemat - Paavoharju,1,0.9917650818824768,cnn_revised_20260919T110440Z,cnn_s1_01,val,Log-Mel CNN,0.23649659752845764,0.3029230187336604
seg_005461,sample_01842,Nuo Maisemat - Paavoharju,1,0.9889909029006958,cnn_revised_20260919T110440Z,cnn_s1_01,val,Log-Mel CNN,0.23649659752845764,0.3029230187336604
seg_005494,sample_01859,SD (Ill Mix) - H-LR,1,0.8475565314292908,cnn_revised_20260919T110440Z,cnn_s1_01,val,Log-Mel CNN,0.23649659752845764,0.3029230187336604
seg_005495,sample_01859,SD (Ill Mix) - H-LR,1,0.2669643461704254,cnn_revised_20260919T110440Z,cnn_s1_01,val,Log-Mel CNN,0.23649659752845764,0.3029230187336604
seg_005503,sample_01864,some dextromethorphan - Jeva,1,0.976601779460907,cnn_revised_20260919T110440Z,cnn_s1_01,val,Log-Mel CNN,0.23649659752845764,0.3029230187336604
seg_005504,sample_01864,some dextromethorphan - Jeva,1,0.9697098731994629,cnn_revised_20260919T110440Z,cnn_s1_01,val,Log-Mel CNN,0.23649659752845764,0.3029230187336604
seg_005509,sample_01867,Sturgeon's Law - Nihilore,1,0.9248409271240234,cnn_revised_20260919T110440Z,cnn_s1_01,val,Log-Mel CNN,0.23649659752845764,0.3029230187336604
seg_005510,sample_01867,Sturgeon's Law - Nihilore,1,0.8991178870201111,cnn_revised_20260919T110440Z,cnn_s1_01,val,Log-Mel CNN,0.23649659752845764,0.3029230187336604
seg_005533,sample_01879,The Stairway - WarpToken,1,0.6651471257209778,cnn_revised_20260919T110440Z,cnn_s1_01,val,Log-Mel CNN,0.23649659752845764,0.3029230187336604
seg_005534,sample_01879,The Stairway - WarpToken,1,0.27302873134613037,cnn_revised_20260919T110440Z,cnn_s1_01,val,Log-Mel CNN,0.23649659752845764,0.3029230187336604
seg_005535,sample_01880,Three Bird - My brother Daniel,1,0.9577258825302124,cnn_revised_20260919T110440Z,cnn_s1_01,val,Log-Mel CNN,0.23649659752845764,0.3029230187336604
seg_005536,sample_01880,Three Bird - My brother Daniel,1,0.9743900895118713,cnn_revised_20260919T110440Z,cnn_s1_01,val,Log-Mel CNN,0.23649659752845764,0.3029230187336604
seg_005537,sample_01881,Timen Passing By - Jason Shaw,1,0.9293647408485413,cnn_revised_20260919T110440Z,cnn_s1_01,val,Log-Mel CNN,0.23649659752845764,0.3029230187336604
seg_005538,sample_01881,Timen Passing By - Jason Shaw,1,0.9575871229171753,cnn_revised_20260919T110440Z,cnn_s1_01,val,Log-Mel CNN,0.23649659752845764,0.3029230187336604
seg_005549,sample_01887,Understand That This Is A Dream - From the album Modulating Coil [RSVP008] - Forrest James,1,0.9877695441246033,cnn_revised_20260919T110440Z,cnn_s1_01,val,Log-Mel CNN,0.23649659752845764,0.3029230187336604
seg_005550,sample_01887,Understand That This Is A Dream - From the album Modulating Coil [RSVP008] - Forrest James,1,0.9930651187896729,cnn_revised_20260919T110440Z,cnn_s1_01,val,Log-Mel CNN,0.23649659752845764,0.3029230187336604
seg_005555,sample_01890,Westside Chillers - Little Glass Men,1,0.8346626162528992,cnn_revised_20260919T110440Z,cnn_s1_01,val,Log-Mel CNN,0.23649659752845764,0.3029230187336604
seg_005556,sample_01890,Westside Chillers - Little Glass Men,1,0.8432254791259766,cnn_revised_20260919T110440Z,cnn_s1_01,val,Log-Mel CNN,0.23649659752845764,0.3029230187336604
seg_005565,sample_01895,Agora - Malaventura,1,0.9592128396034241,cnn_revised_20260919T110440Z,cnn_s1_01,val,Log-Mel CNN,0.23649659752845764,0.3029230187336604
seg_005566,sample_01895,Agora - Malaventura,1,0.9829301238059998,cnn_revised_20260919T110440Z,cnn_s1_01,val,Log-Mel CNN,0.23649659752845764,0.3029230187336604
seg_005583,sample_01904,Evil Cannot Create - Caleb Lemond,1,0.9798195958137512,cnn_revised_20260919T110440Z,cnn_s1_01,val,Log-Mel CNN,0.23649659752845764,0.3029230187336604
seg_005584,sample_01904,Evil Cannot Create - Caleb Lemond,1,0.9576034545898438,cnn_revised_20260919T110440Z,cnn_s1_01,val,Log-Mel CNN,0.23649659752845764,0.3029230187336604
seg_005621,sample_01923,My Body Is A Weapon (Compromise Edit) - Silence is full of birds,1,0.984079897403717,cnn_revised_20260919T110440Z,cnn_s1_01,val,Log-Mel CNN,0.23649659752845764,0.3029230187336604
seg_005622,sample_01923,My Body Is A Weapon (Compromise Edit) - Silence is full of birds,1,0.9644437432289124,cnn_revised_20260919T110440Z,cnn_s1_01,val,Log-Mel CNN,0.23649659752845764,0.3029230187336604
seg_005627,sample_01926,New Life (take 1) - Bird Names,1,0.9777577519416809,cnn_revised_20260919T110440Z,cnn_s1_01,val,Log-Mel CNN,0.23649659752845764,0.3029230187336604
seg_005628,sample_01926,New Life (take 1) - Bird Names,1,0.9841493964195251,cnn_revised_20260919T110440Z,cnn_s1_01,val,Log-Mel CNN,0.23649659752845764,0.3029230187336604
seg_005629,sample_01927,Norweigian Wood II - Bird Names,1,0.8528122305870056,cnn_revised_20260919T110440Z,cnn_s1_01,val,Log-Mel CNN,0.23649659752845764,0.3029230187336604
seg_005630,sample_01927,Norweigian Wood II - Bird Names,1,0.9157203435897827,cnn_revised_20260919T110440Z,cnn_s1_01,val,Log-Mel CNN,0.23649659752845764,0.3029230187336604
seg_005645,sample_01935,Roller Star - Monroeville Music Center,1,0.8928232789039612,cnn_revised_20260919T110440Z,cnn_s1_01,val,Log-Mel CNN,0.23649659752845764,0.3029230187336604
seg_005646,sample_01935,Roller Star - Monroeville Music Center,1,0.853813111782074,cnn_revised_20260919T110440Z,cnn_s1_01,val,Log-Mel CNN,0.23649659752845764,0.3029230187336604
seg_005647,sample_01936,"Roundtrip - Oh Yeah, the Future",1,0.966253936290741,cnn_revised_20260919T110440Z,cnn_s1_01,val,Log-Mel CNN,0.23649659752845764,0.3029230187336604
seg_005648,sample_01936,"Roundtrip - Oh Yeah, the Future",1,0.9872936010360718,cnn_revised_20260919T110440Z,cnn_s1_01,val,Log-Mel CNN,0.23649659752845764,0.3029230187336604
seg_005657,sample_01941,Soleares&beats - Malaventura,1,0.9939194917678833,cnn_revised_20260919T110440Z,cnn_s1_01,val,Log-Mel CNN,0.23649659752845764,0.3029230187336604
seg_005658,sample_01941,Soleares&beats - Malaventura,1,0.9924824833869934,cnn_revised_20260919T110440Z,cnn_s1_01,val,Log-Mel CNN,0.23649659752845764,0.3029230187336604
seg_005665,sample_01945,Stockholm Syndrome / People Should Be More Aware - Bird Names,1,0.7562443017959595,cnn_revised_20260919T110440Z,cnn_s1_01,val,Log-Mel CNN,0.23649659752845764,0.3029230187336604
seg_005666,sample_01945,Stockholm Syndrome / People Should Be More Aware - Bird Names,1,0.6910437941551208,cnn_revised_20260919T110440Z,cnn_s1_01,val,Log-Mel CNN,0.23649659752845764,0.3029230187336604
seg_005685,sample_01955,Time Is Love - Silence is full of birds,1,0.920710563659668,cnn_revised_20260919T110440Z,cnn_s1_01,val,Log-Mel CNN,0.23649659752845764,0.3029230187336604
seg_005686,sample_01955,Time Is Love - Silence is full of birds,1,0.9907405376434326,cnn_revised_20260919T110440Z,cnn_s1_01,val,Log-Mel CNN,0.23649659752845764,0.3029230187336604
seg_005703,sample_01964,2 (Wasn't There) - Isle of Pine,1,0.7585337162017822,cnn_revised_20260919T110440Z,cnn_s1_01,val,Log-Mel CNN,0.23649659752845764,0.3029230187336604
seg_005704,sample_01964,2 (Wasn't There) - Isle of Pine,1,0.9378488659858704,cnn_revised_20260919T110440Z,cnn_s1_01,val,Log-Mel CNN,0.23649659752845764,0.3029230187336604
seg_005723,sample_01974,Beyond Luxury - Mors Ontologica,1,0.987059473991394,cnn_revised_20260919T110440Z,cnn_s1_01,val,Log-Mel CNN,0.23649659752845764,0.3029230187336604
seg_005724,sample_01974,Beyond Luxury - Mors Ontologica,1,0.9878880381584167,cnn_revised_20260919T110440Z,cnn_s1_01,val,Log-Mel CNN,0.23649659752845764,0.3029230187336604
seg_005747,sample_01986,Empty Pockets - Pete Prodoehl,1,0.9514303207397461,cnn_revised_20260919T110440Z,cnn_s1_01,val,Log-Mel CNN,0.23649659752845764,0.3029230187336604
seg_005748,sample_01986,Empty Pockets - Pete Prodoehl,1,0.9865590333938599,cnn_revised_20260919T110440Z,cnn_s1_01,val,Log-Mel CNN,0.23649659752845764,0.3029230187336604
seg_005753,sample_01989,Fear - Los Fancy Free,1,0.9315324425697327,cnn_revised_20260919T110440Z,cnn_s1_01,val,Log-Mel CNN,0.23649659752845764,0.3029230187336604
seg_005754,sample_01989,Fear - Los Fancy Free,1,0.9086079001426697,cnn_revised_20260919T110440Z,cnn_s1_01,val,Log-Mel CNN,0.23649659752845764,0.3029230187336604
seg_005763,sample_01994,Gila Monster Flop/Music History Lesson:The Sonics - The Crypts!,1,0.9920554757118225,cnn_revised_20260919T110440Z,cnn_s1_01,val,Log-Mel CNN,0.23649659752845764,0.3029230187336604
seg_005788,sample_02007,I Fell - Mod Fun,1,0.8904382586479187,cnn_revised_20260919T110440Z,cnn_s1_01,val,Log-Mel CNN,0.23649659752845764,0.3029230187336604
seg_005789,sample_02007,I Fell - Mod Fun,1,0.8520907163619995,cnn_revised_20260919T110440Z,cnn_s1_01,val,Log-Mel CNN,0.23649659752845764,0.3029230187336604
seg_005808,sample_02017,Lights Up - Pipe Choir,1,0.9705883860588074,cnn_revised_20260919T110440Z,cnn_s1_01,val,Log-Mel CNN,0.23649659752845764,0.3029230187336604
seg_005809,sample_02017,Lights Up - Pipe Choir,1,0.9503734111785889,cnn_revised_20260919T110440Z,cnn_s1_01,val,Log-Mel CNN,0.23649659752845764,0.3029230187336604
seg_005816,sample_02021,March of the GPA Mechanics - [t]ghost,1,0.9498105645179749,cnn_revised_20260919T110440Z,cnn_s1_01,val,Log-Mel CNN,0.23649659752845764,0.3029230187336604
seg_005817,sample_02021,March of the GPA Mechanics - [t]ghost,1,0.989124059677124,cnn_revised_20260919T110440Z,cnn_s1_01,val,Log-Mel CNN,0.23649659752845764,0.3029230187336604
seg_005842,sample_02034,Redlight - Room For A Ghost,1,0.9144929051399231,cnn_revised_20260919T110440Z,cnn_s1_01,val,Log-Mel CNN,0.23649659752845764,0.3029230187336604
seg_005843,sample_02034,Redlight - Room For A Ghost,1,0.9100564122200012,cnn_revised_20260919T110440Z,cnn_s1_01,val,Log-Mel CNN,0.23649659752845764,0.3029230187336604
seg_005852,sample_02039,Scramby Eggs - Andy G. Cohen,1,0.9585407376289368,cnn_revised_20260919T110440Z,cnn_s1_01,val,Log-Mel CNN,0.23649659752845764,0.3029230187336604
seg_005853,sample_02039,Scramby Eggs - Andy G. Cohen,1,0.572049617767334,cnn_revised_20260919T110440Z,cnn_s1_01,val,Log-Mel CNN,0.23649659752845764,0.3029230187336604
seg_005860,sample_02043,Shipwrecked Crew - Pete Prodoehl,1,0.9285902976989746,cnn_revised_20260919T110440Z,cnn_s1_01,val,Log-Mel CNN,0.23649659752845764,0.3029230187336604
seg_005861,sample_02043,Shipwrecked Crew - Pete Prodoehl,1,0.950720489025116,cnn_revised_20260919T110440Z,cnn_s1_01,val,Log-Mel CNN,0.23649659752845764,0.3029230187336604
seg_005880,sample_02053,The girl just faded - Los Llamarada,1,0.9419254064559937,cnn_revised_20260919T110440Z,cnn_s1_01,val,Log-Mel CNN,0.23649659752845764,0.3029230187336604
seg_005881,sample_02053,The girl just faded - Los Llamarada,1,0.9270012974739075,cnn_revised_20260919T110440Z,cnn_s1_01,val,Log-Mel CNN,0.23649659752845764,0.3029230187336604
seg_005892,sample_02059,Voxel - Andy G. Cohen,1,0.8977146148681641,cnn_revised_20260919T110440Z,cnn_s1_01,val,Log-Mel CNN,0.23649659752845764,0.3029230187336604
seg_005893,sample_02059,Voxel - Andy G. Cohen,1,0.9489158987998962,cnn_revised_20260919T110440Z,cnn_s1_01,val,Log-Mel CNN,0.23649659752845764,0.3029230187336604
seg_005908,sample_02067,Windows of the Skull - Sarin,1,0.9872207045555115,cnn_revised_20260919T110440Z,cnn_s1_01,val,Log-Mel CNN,0.23649659752845764,0.3029230187336604
seg_005909,sample_02067,Windows of the Skull - Sarin,1,0.9928888082504272,cnn_revised_20260919T110440Z,cnn_s1_01,val,Log-Mel CNN,0.23649659752845764,0.3029230187336604
seg_005964,sample_02087,CopperNickle - UncleBibby,1,0.584990382194519,cnn_revised_20260919T110440Z,cnn_s1_01,val,Log-Mel CNN,0.23649659752845764,0.3029230187336604
seg_005965,sample_02087,CopperNickle - UncleBibby,1,0.7743382453918457,cnn_revised_20260919T110440Z,cnn_s1_01,val,Log-Mel CNN,0.23649659752845764,0.3029230187336604
seg_005966,sample_02087,CopperNickle - UncleBibby,1,0.809410572052002,cnn_revised_20260919T110440Z,cnn_s1_01,val,Log-Mel CNN,0.23649659752845764,0.3029230187336604
seg_005967,sample_02088,CopperNickle - UncleBibby,1,0.7770881652832031,cnn_revised_20260919T110440Z,cnn_s1_01,val,Log-Mel CNN,0.23649659752845764,0.3029230187336604
seg_005968,sample_02088,CopperNickle - UncleBibby,1,0.9370537400245667,cnn_revised_20260919T110440Z,cnn_s1_01,val,Log-Mel CNN,0.23649659752845764,0.3029230187336604
seg_005969,sample_02088,CopperNickle - UncleBibby,1,0.9347419738769531,cnn_revised_20260919T110440Z,cnn_s1_01,val,Log-Mel CNN,0.23649659752845764,0.3029230187336604
seg_005976,sample_02091,Daylight Savings - My brother Daniel,1,0.23783527314662933,cnn_revised_20260919T110440Z,cnn_s1_01,val,Log-Mel CNN,0.23649659752845764,0.3029230187336604
seg_005977,sample_02091,Daylight Savings - My brother Daniel,1,0.6573382019996643,cnn_revised_20260919T110440Z,cnn_s1_01,val,Log-Mel CNN,0.23649659752845764,0.3029230187336604
seg_005978,sample_02091,Daylight Savings - My brother Daniel,1,0.7397076487541199,cnn_revised_20260919T110440Z,cnn_s1_01,val,Log-Mel CNN,0.23649659752845764,0.3029230187336604
seg_005979,sample_02092,Daylight Savings - My brother Daniel,1,0.9426522850990295,cnn_revised_20260919T110440Z,cnn_s1_01,val,Log-Mel CNN,0.23649659752845764,0.3029230187336604
seg_005980,sample_02092,Daylight Savings - My brother Daniel,1,0.6591216921806335,cnn_revised_20260919T110440Z,cnn_s1_01,val,Log-Mel CNN,0.23649659752845764,0.3029230187336604
seg_005981,sample_02092,Daylight Savings - My brother Daniel,1,0.9066087007522583,cnn_revised_20260919T110440Z,cnn_s1_01,val,Log-Mel CNN,0.23649659752845764,0.3029230187336604
seg_006042,sample_02113,mystery team 2090 - Jesse Futerman,1,0.20741525292396545,cnn_revised_20260919T110440Z,cnn_s1_01,val,Log-Mel CNN,0.23649659752845764,0.3029230187336604
seg_006043,sample_02113,mystery team 2090 - Jesse Futerman,1,0.2573340833187103,cnn_revised_20260919T110440Z,cnn_s1_01,val,Log-Mel CNN,0.23649659752845764,0.3029230187336604
seg_006044,sample_02113,mystery team 2090 - Jesse Futerman,1,0.8973284959793091,cnn_revised_20260919T110440Z,cnn_s1_01,val,Log-Mel CNN,0.23649659752845764,0.3029230187336604
seg_006045,sample_02114,mystery team 2090 - Jesse Futerman,1,0.2911432981491089,cnn_revised_20260919T110440Z,cnn_s1_01,val,Log-Mel CNN,0.23649659752845764,0.3029230187336604
seg_006046,sample_02114,mystery team 2090 - Jesse Futerman,1,0.3551744520664215,cnn_revised_20260919T110440Z,cnn_s1_01,val,Log-Mel CNN,0.23649659752845764,0.3029230187336604
seg_006047,sample_02114,mystery team 2090 - Jesse Futerman,1,0.6443479657173157,cnn_revised_20260919T110440Z,cnn_s1_01,val,Log-Mel CNN,0.23649659752845764,0.3029230187336604
seg_006048,sample_02115,Night Drive - Decktonic,1,0.8764926791191101,cnn_revised_20260919T110440Z,cnn_s1_01,val,Log-Mel CNN,0.23649659752845764,0.3029230187336604
seg_006049,sample_02115,Night Drive - Decktonic,1,0.877484142780304,cnn_revised_20260919T110440Z,cnn_s1_01,val,Log-Mel CNN,0.23649659752845764,0.3029230187336604
seg_006050,sample_02115,Night Drive - Decktonic,1,0.8824499249458313,cnn_revised_20260919T110440Z,cnn_s1_01,val,Log-Mel CNN,0.23649659752845764,0.3029230187336604
seg_006051,sample_02116,Night Drive - Decktonic,1,0.7968343496322632,cnn_revised_20260919T110440Z,cnn_s1_01,val,Log-Mel CNN,0.23649659752845764,0.3029230187336604
seg_006052,sample_02116,Night Drive - Decktonic,1,0.3517332971096039,cnn_revised_20260919T110440Z,cnn_s1_01,val,Log-Mel CNN,0.23649659752845764,0.3029230187336604
seg_006053,sample_02116,Night Drive - Decktonic,1,0.2267579436302185,cnn_revised_20260919T110440Z,cnn_s1_01,val,Log-Mel CNN,0.23649659752845764,0.3029230187336604
seg_006066,sample_02121,Nuo Maisemat - Paavoharju,1,0.9366321563720703,cnn_revised_20260919T110440Z,cnn_s1_01,val,Log-Mel CNN,0.23649659752845764,0.3029230187336604
seg_006067,sample_02121,Nuo Maisemat - Paavoharju,1,0.703725278377533,cnn_revised_20260919T110440Z,cnn_s1_01,val,Log-Mel CNN,0.23649659752845764,0.3029230187336604
seg_006068,sample_02121,Nuo Maisemat - Paavoharju,1,0.8911475539207458,cnn_revised_20260919T110440Z,cnn_s1_01,val,Log-Mel CNN,0.23649659752845764,0.3029230187336604
seg_006069,sample_02122,Nuo Maisemat - Paavoharju,1,0.5543258190155029,cnn_revised_20260919T110440Z,cnn_s1_01,val,Log-Mel CNN,0.23649659752845764,0.3029230187336604
seg_006070,sample_02122,Nuo Maisemat - Paavoharju,1,0.9447051882743835,cnn_revised_20260919T110440Z,cnn_s1_01,val,Log-Mel CNN,0.23649659752845764,0.3029230187336604
seg_006071,sample_02122,Nuo Maisemat - Paavoharju,1,0.9489966034889221,cnn_revised_20260919T110440Z,cnn_s1_01,val,Log-Mel CNN,0.23649659752845764,0.3029230187336604
seg_006150,sample_02149,SD (Ill Mix) - H-LR,1,0.8139100074768066,cnn_revised_20260919T110440Z,cnn_s1_01,val,Log-Mel CNN,0.23649659752845764,0.3029230187336604
seg_006151,sample_02149,SD (Ill Mix) - H-LR,1,0.6835817098617554,cnn_revised_20260919T110440Z,cnn_s1_01,val,Log-Mel CNN,0.23649659752845764,0.3029230187336604
seg_006152,sample_02149,SD (Ill Mix) - H-LR,1,0.5691170692443848,cnn_revised_20260919T110440Z,cnn_s1_01,val,Log-Mel CNN,0.23649659752845764,0.3029230187336604
seg_006153,sample_02150,SD (Ill Mix) - H-LR,1,0.050238270312547684,cnn_revised_20260919T110440Z,cnn_s1_01,val,Log-Mel CNN,0.23649659752845764,0.3029230187336604
seg_006154,sample_02150,SD (Ill Mix) - H-LR,1,0.21136705577373505,cnn_revised_20260919T110440Z,cnn_s1_01,val,Log-Mel CNN,0.23649659752845764,0.3029230187336604
seg_006155,sample_02150,SD (Ill Mix) - H-LR,1,0.6089981198310852,cnn_revised_20260919T110440Z,cnn_s1_01,val,Log-Mel CNN,0.23649659752845764,0.3029230187336604
seg_006258,sample_02185,Evil Cannot Create - Caleb Lemond,1,0.3706369996070862,cnn_revised_20260919T110440Z,cnn_s1_01,val,Log-Mel CNN,0.23649659752845764,0.3029230187336604
seg_006259,sample_02185,Evil Cannot Create - Caleb Lemond,1,0.3480767607688904,cnn_revised_20260919T110440Z,cnn_s1_01,val,Log-Mel CNN,0.23649659752845764,0.3029230187336604
seg_006260,sample_02185,Evil Cannot Create - Caleb Lemond,1,0.6942077875137329,cnn_revised_20260919T110440Z,cnn_s1_01,val,Log-Mel CNN,0.23649659752845764,0.3029230187336604
seg_006261,sample_02186,Evil Cannot Create - Caleb Lemond,1,0.9102051258087158,cnn_revised_20260919T110440Z,cnn_s1_01,val,Log-Mel CNN,0.23649659752845764,0.3029230187336604
seg_006262,sample_02186,Evil Cannot Create - Caleb Lemond,1,0.5160020589828491,cnn_revised_20260919T110440Z,cnn_s1_01,val,Log-Mel CNN,0.23649659752845764,0.3029230187336604
seg_006263,sample_02186,Evil Cannot Create - Caleb Lemond,1,0.8874035477638245,cnn_revised_20260919T110440Z,cnn_s1_01,val,Log-Mel CNN,0.23649659752845764,0.3029230187336604
seg_006366,sample_02221,New Life (take 1) - Bird Names,1,0.7490547299385071,cnn_revised_20260919T110440Z,cnn_s1_01,val,Log-Mel CNN,0.23649659752845764,0.3029230187336604
seg_006367,sample_02221,New Life (take 1) - Bird Names,1,0.19297006726264954,cnn_revised_20260919T110440Z,cnn_s1_01,val,Log-Mel CNN,0.23649659752845764,0.3029230187336604
seg_006368,sample_02221,New Life (take 1) - Bird Names,1,0.3400307595729828,cnn_revised_20260919T110440Z,cnn_s1_01,val,Log-Mel CNN,0.23649659752845764,0.3029230187336604
seg_006369,sample_02222,New Life (take 1) - Bird Names,1,0.24177142977714539,cnn_revised_20260919T110440Z,cnn_s1_01,val,Log-Mel CNN,0.23649659752845764,0.3029230187336604
seg_006370,sample_02222,New Life (take 1) - Bird Names,1,0.9773156642913818,cnn_revised_20260919T110440Z,cnn_s1_01,val,Log-Mel CNN,0.23649659752845764,0.3029230187336604
seg_006371,sample_02222,New Life (take 1) - Bird Names,1,0.9943470358848572,cnn_revised_20260919T110440Z,cnn_s1_01,val,Log-Mel CNN,0.23649659752845764,0.3029230187336604
seg_006372,sample_02223,Norweigian Wood II - Bird Names,1,0.29145267605781555,cnn_revised_20260919T110440Z,cnn_s1_01,val,Log-Mel CNN,0.23649659752845764,0.3029230187336604
seg_006373,sample_02223,Norweigian Wood II - Bird Names,1,0.46190130710601807,cnn_revised_20260919T110440Z,cnn_s1_01,val,Log-Mel CNN,0.23649659752845764,0.3029230187336604
seg_006374,sample_02223,Norweigian Wood II - Bird Names,1,0.7563061714172363,cnn_revised_20260919T110440Z,cnn_s1_01,val,Log-Mel CNN,0.23649659752845764,0.3029230187336604
seg_006375,sample_02224,Norweigian Wood II - Bird Names,1,0.19262416660785675,cnn_revised_20260919T110440Z,cnn_s1_01,val,Log-Mel CNN,0.23649659752845764,0.3029230187336604
seg_006376,sample_02224,Norweigian Wood II - Bird Names,1,0.5103532075881958,cnn_revised_20260919T110440Z,cnn_s1_01,val,Log-Mel CNN,0.23649659752845764,0.3029230187336604
seg_006377,sample_02224,Norweigian Wood II - Bird Names,1,0.7369417548179626,cnn_revised_20260919T110440Z,cnn_s1_01,val,Log-Mel CNN,0.23649659752845764,0.3029230187336604
seg_006396,sample_02231,Roller Star - Monroeville Music Center,1,0.6728105545043945,cnn_revised_20260919T110440Z,cnn_s1_01,val,Log-Mel CNN,0.23649659752845764,0.3029230187336604
seg_006397,sample_02231,Roller Star - Monroeville Music Center,1,0.5997110605239868,cnn_revised_20260919T110440Z,cnn_s1_01,val,Log-Mel CNN,0.23649659752845764,0.3029230187336604
seg_006398,sample_02231,Roller Star - Monroeville Music Center,1,0.643183171749115,cnn_revised_20260919T110440Z,cnn_s1_01,val,Log-Mel CNN,0.23649659752845764,0.3029230187336604
seg_006399,sample_02232,Roller Star - Monroeville Music Center,1,0.5590034127235413,cnn_revised_20260919T110440Z,cnn_s1_01,val,Log-Mel CNN,0.23649659752845764,0.3029230187336604
seg_006400,sample_02232,Roller Star - Monroeville Music Center,1,0.8475781679153442,cnn_revised_20260919T110440Z,cnn_s1_01,val,Log-Mel CNN,0.23649659752845764,0.3029230187336604
seg_006401,sample_02232,Roller Star - Monroeville Music Center,1,0.9734999537467957,cnn_revised_20260919T110440Z,cnn_s1_01,val,Log-Mel CNN,0.23649659752845764,0.3029230187336604
seg_006402,sample_02233,"Roundtrip - Oh Yeah, the Future",1,0.8959405422210693,cnn_revised_20260919T110440Z,cnn_s1_01,val,Log-Mel CNN,0.23649659752845764,0.3029230187336604
seg_006403,sample_02233,"Roundtrip - Oh Yeah, the Future",1,0.8347125053405762,cnn_revised_20260919T110440Z,cnn_s1_01,val,Log-Mel CNN,0.23649659752845764,0.3029230187336604
seg_006404,sample_02233,"Roundtrip - Oh Yeah, the Future",1,0.6927633881568909,cnn_revised_20260919T110440Z,cnn_s1_01,val,Log-Mel CNN,0.23649659752845764,0.3029230187336604
seg_006405,sample_02234,"Roundtrip - Oh Yeah, the Future",1,0.4000477194786072,cnn_revised_20260919T110440Z,cnn_s1_01,val,Log-Mel CNN,0.23649659752845764,0.3029230187336604
seg_006406,sample_02234,"Roundtrip - Oh Yeah, the Future",1,0.46412643790245056,cnn_revised_20260919T110440Z,cnn_s1_01,val,Log-Mel CNN,0.23649659752845764,0.3029230187336604
seg_006407,sample_02234,"Roundtrip - Oh Yeah, the Future",1,0.6149520874023438,cnn_revised_20260919T110440Z,cnn_s1_01,val,Log-Mel CNN,0.23649659752845764,0.3029230187336604
seg_006420,sample_02239,Soleares&beats - Malaventura,1,0.42618241906166077,cnn_revised_20260919T110440Z,cnn_s1_01,val,Log-Mel CNN,0.23649659752845764,0.3029230187336604
seg_006421,sample_02239,Soleares&beats - Malaventura,1,0.6777904629707336,cnn_revised_20260919T110440Z,cnn_s1_01,val,Log-Mel CNN,0.23649659752845764,0.3029230187336604
seg_006422,sample_02239,Soleares&beats - Malaventura,1,0.383034884929657,cnn_revised_20260919T110440Z,cnn_s1_01,val,Log-Mel CNN,0.23649659752845764,0.3029230187336604
seg_006423,sample_02240,Soleares&beats - Malaventura,1,0.18122579157352448,cnn_revised_20260919T110440Z,cnn_s1_01,val,Log-Mel CNN,0.23649659752845764,0.3029230187336604
seg_006424,sample_02240,Soleares&beats - Malaventura,1,0.6865671873092651,cnn_revised_20260919T110440Z,cnn_s1_01,val,Log-Mel CNN,0.23649659752845764,0.3029230187336604
seg_006425,sample_02240,Soleares&beats - Malaventura,1,0.6351895332336426,cnn_revised_20260919T110440Z,cnn_s1_01,val,Log-Mel CNN,0.23649659752845764,0.3029230187336604
seg_006438,sample_02245,Stockholm Syndrome / People Should Be More Aware - Bird Names,1,0.8413079977035522,cnn_revised_20260919T110440Z,cnn_s1_01,val,Log-Mel CNN,0.23649659752845764,0.3029230187336604
seg_006439,sample_02245,Stockholm Syndrome / People Should Be More Aware - Bird Names,1,0.7290483713150024,cnn_revised_20260919T110440Z,cnn_s1_01,val,Log-Mel CNN,0.23649659752845764,0.3029230187336604
seg_006440,sample_02245,Stockholm Syndrome / People Should Be More Aware - Bird Names,1,0.8064817190170288,cnn_revised_20260919T110440Z,cnn_s1_01,val,Log-Mel CNN,0.23649659752845764,0.3029230187336604
seg_006441,sample_02246,Stockholm Syndrome / People Should Be More Aware - Bird Names,1,0.7878323197364807,cnn_revised_20260919T110440Z,cnn_s1_01,val,Log-Mel CNN,0.23649659752845764,0.3029230187336604
seg_006442,sample_02246,Stockholm Syndrome / People Should Be More Aware - Bird Names,1,0.8355292677879333,cnn_revised_20260919T110440Z,cnn_s1_01,val,Log-Mel CNN,0.23649659752845764,0.3029230187336604
seg_006443,sample_02246,Stockholm Syndrome / People Should Be More Aware - Bird Names,1,0.5676106810569763,cnn_revised_20260919T110440Z,cnn_s1_01,val,Log-Mel CNN,0.23649659752845764,0.3029230187336604
seg_006480,sample_02259,Time Is Love - Silence is full of birds,1,0.4952123463153839,cnn_revised_20260919T110440Z,cnn_s1_01,val,Log-Mel CNN,0.23649659752845764,0.3029230187336604
seg_006481,sample_02259,Time Is Love - Silence is full of birds,1,0.7472164630889893,cnn_revised_20260919T110440Z,cnn_s1_01,val,Log-Mel CNN,0.23649659752845764,0.3029230187336604
seg_006482,sample_02259,Time Is Love - Silence is full of birds,1,0.7546942234039307,cnn_revised_20260919T110440Z,cnn_s1_01,val,Log-Mel CNN,0.23649659752845764,0.3029230187336604
seg_006483,sample_02260,Time Is Love - Silence is full of birds,1,0.0436723455786705,cnn_revised_20260919T110440Z,cnn_s1_01,val,Log-Mel CNN,0.23649659752845764,0.3029230187336604
seg_006484,sample_02260,Time Is Love - Silence is full of birds,1,0.3160463869571686,cnn_revised_20260919T110440Z,cnn_s1_01,val,Log-Mel CNN,0.23649659752845764,0.3029230187336604
seg_006485,sample_02260,Time Is Love - Silence is full of birds,1,0.6579529643058777,cnn_revised_20260919T110440Z,cnn_s1_01,val,Log-Mel CNN,0.23649659752845764,0.3029230187336604
seg_006522,sample_02273,2 (Wasn't There) - Isle of Pine,1,0.38137221336364746,cnn_revised_20260919T110440Z,cnn_s1_01,val,Log-Mel CNN,0.23649659752845764,0.3029230187336604
seg_006523,sample_02273,2 (Wasn't There) - Isle of Pine,1,0.9112359881401062,cnn_revised_20260919T110440Z,cnn_s1_01,val,Log-Mel CNN,0.23649659752845764,0.3029230187336604
seg_006524,sample_02273,2 (Wasn't There) - Isle of Pine,1,0.7728313207626343,cnn_revised_20260919T110440Z,cnn_s1_01,val,Log-Mel CNN,0.23649659752845764,0.3029230187336604
seg_006525,sample_02274,2 (Wasn't There) - Isle of Pine,1,0.41589677333831787,cnn_revised_20260919T110440Z,cnn_s1_01,val,Log-Mel CNN,0.23649659752845764,0.3029230187336604
seg_006526,sample_02274,2 (Wasn't There) - Isle of Pine,1,0.8521239161491394,cnn_revised_20260919T110440Z,cnn_s1_01,val,Log-Mel CNN,0.23649659752845764,0.3029230187336604
seg_006527,sample_02274,2 (Wasn't There) - Isle of Pine,1,0.9243853092193604,cnn_revised_20260919T110440Z,cnn_s1_01,val,Log-Mel CNN,0.23649659752845764,0.3029230187336604
seg_006552,sample_02283,Empty Pockets - Pete Prodoehl,1,0.6556593775749207,cnn_revised_20260919T110440Z,cnn_s1_01,val,Log-Mel CNN,0.23649659752845764,0.3029230187336604
seg_006553,sample_02283,Empty Pockets - Pete Prodoehl,1,0.7827638983726501,cnn_revised_20260919T110440Z,cnn_s1_01,val,Log-Mel CNN,0.23649659752845764,0.3029230187336604
seg_006554,sample_02283,Empty Pockets - Pete Prodoehl,1,0.670248806476593,cnn_revised_20260919T110440Z,cnn_s1_01,val,Log-Mel CNN,0.23649659752845764,0.3029230187336604
seg_006555,sample_02284,Empty Pockets - Pete Prodoehl,1,0.6633375883102417,cnn_revised_20260919T110440Z,cnn_s1_01,val,Log-Mel CNN,0.23649659752845764,0.3029230187336604
seg_006556,sample_02284,Empty Pockets - Pete Prodoehl,1,0.15721912682056427,cnn_revised_20260919T110440Z,cnn_s1_01,val,Log-Mel CNN,0.23649659752845764,0.3029230187336604
seg_006557,sample_02284,Empty Pockets - Pete Prodoehl,1,0.6749420762062073,cnn_revised_20260919T110440Z,cnn_s1_01,val,Log-Mel CNN,0.23649659752845764,0.3029230187336604
seg_006570,sample_02289,Gila Monster Flop/Music History Lesson:The Sonics - The Crypts!,1,0.31820353865623474,cnn_revised_20260919T110440Z,cnn_s1_01,val,Log-Mel CNN,0.23649659752845764,0.3029230187336604
seg_006571,sample_02289,Gila Monster Flop/Music History Lesson:The Sonics - The Crypts!,1,0.3805941641330719,cnn_revised_20260919T110440Z,cnn_s1_01,val,Log-Mel CNN,0.23649659752845764,0.3029230187336604
seg_006572,sample_02289,Gila Monster Flop/Music History Lesson:The Sonics - The Crypts!,1,0.4715743660926819,cnn_revised_20260919T110440Z,cnn_s1_01,val,Log-Mel CNN,0.23649659752845764,0.3029230187336604
seg_006573,sample_02290,Gila Monster Flop/Music History Lesson:The Sonics - The Crypts!,1,0.41929325461387634,cnn_revised_20260919T110440Z,cnn_s1_01,val,Log-Mel CNN,0.23649659752845764,0.3029230187336604
seg_006574,sample_02290,Gila Monster Flop/Music History Lesson:The Sonics - The Crypts!,1,0.12399753928184509,cnn_revised_20260919T110440Z,cnn_s1_01,val,Log-Mel CNN,0.23649659752845764,0.3029230187336604
seg_006575,sample_02290,Gila Monster Flop/Music History Lesson:The Sonics - The Crypts!,1,0.5289610624313354,cnn_revised_20260919T110440Z,cnn_s1_01,val,Log-Mel CNN,0.23649659752845764,0.3029230187336604
seg_006588,sample_02295,I Fell - Mod Fun,1,0.6535618901252747,cnn_revised_20260919T110440Z,cnn_s1_01,val,Log-Mel CNN,0.23649659752845764,0.3029230187336604
seg_006589,sample_02295,I Fell - Mod Fun,1,0.5523350238800049,cnn_revised_20260919T110440Z,cnn_s1_01,val,Log-Mel CNN,0.23649659752845764,0.3029230187336604
seg_006590,sample_02295,I Fell - Mod Fun,1,0.7112193703651428,cnn_revised_20260919T110440Z,cnn_s1_01,val,Log-Mel CNN,0.23649659752845764,0.3029230187336604
seg_006591,sample_02296,I Fell - Mod Fun,1,0.5094955563545227,cnn_revised_20260919T110440Z,cnn_s1_01,val,Log-Mel CNN,0.23649659752845764,0.3029230187336604
seg_006592,sample_02296,I Fell - Mod Fun,1,0.829382061958313,cnn_revised_20260919T110440Z,cnn_s1_01,val,Log-Mel CNN,0.23649659752845764,0.3029230187336604
seg_006593,sample_02296,I Fell - Mod Fun,1,0.9223050475120544,cnn_revised_20260919T110440Z,cnn_s1_01,val,Log-Mel CNN,0.23649659752845764,0.3029230187336604
seg_006636,sample_02311,March of the GPA Mechanics - [t]ghost,1,0.5311325788497925,cnn_revised_20260919T110440Z,cnn_s1_01,val,Log-Mel CNN,0.23649659752845764,0.3029230187336604
seg_006637,sample_02311,March of the GPA Mechanics - [t]ghost,1,0.6603580713272095,cnn_revised_20260919T110440Z,cnn_s1_01,val,Log-Mel CNN,0.23649659752845764,0.3029230187336604
seg_006638,sample_02311,March of the GPA Mechanics - [t]ghost,1,0.717146098613739,cnn_revised_20260919T110440Z,cnn_s1_01,val,Log-Mel CNN,0.23649659752845764,0.3029230187336604
seg_006639,sample_02312,March of the GPA Mechanics - [t]ghost,1,0.9248588681221008,cnn_revised_20260919T110440Z,cnn_s1_01,val,Log-Mel CNN,0.23649659752845764,0.3029230187336604
seg_006640,sample_02312,March of the GPA Mechanics - [t]ghost,1,0.37594500184059143,cnn_revised_20260919T110440Z,cnn_s1_01,val,Log-Mel CNN,0.23649659752845764,0.3029230187336604
seg_006641,sample_02312,March of the GPA Mechanics - [t]ghost,1,0.7903949022293091,cnn_revised_20260919T110440Z,cnn_s1_01,val,Log-Mel CNN,0.23649659752845764,0.3029230187336604
seg_006696,sample_02331,Scramby Eggs - Andy G. Cohen,1,0.575219452381134,cnn_revised_20260919T110440Z,cnn_s1_01,val,Log-Mel CNN,0.23649659752845764,0.3029230187336604
seg_006697,sample_02331,Scramby Eggs - Andy G. Cohen,1,0.8447083830833435,cnn_revised_20260919T110440Z,cnn_s1_01,val,Log-Mel CNN,0.23649659752845764,0.3029230187336604
seg_006698,sample_02331,Scramby Eggs - Andy G. Cohen,1,0.8887889385223389,cnn_revised_20260919T110440Z,cnn_s1_01,val,Log-Mel CNN,0.23649659752845764,0.3029230187336604
seg_006699,sample_02332,Scramby Eggs - Andy G. Cohen,1,0.7439725995063782,cnn_revised_20260919T110440Z,cnn_s1_01,val,Log-Mel CNN,0.23649659752845764,0.3029230187336604
seg_006700,sample_02332,Scramby Eggs - Andy G. Cohen,1,0.2858598828315735,cnn_revised_20260919T110440Z,cnn_s1_01,val,Log-Mel CNN,0.23649659752845764,0.3029230187336604
seg_006701,sample_02332,Scramby Eggs - Andy G. Cohen,1,0.6196798086166382,cnn_revised_20260919T110440Z,cnn_s1_01,val,Log-Mel CNN,0.23649659752845764,0.3029230187336604
seg_006750,sample_02349,The girl just faded - Los Llamarada,1,0.7428082227706909,cnn_revised_20260919T110440Z,cnn_s1_01,val,Log-Mel CNN,0.23649659752845764,0.3029230187336604
seg_006751,sample_02349,The girl just faded - Los Llamarada,1,0.24236232042312622,cnn_revised_20260919T110440Z,cnn_s1_01,val,Log-Mel CNN,0.23649659752845764,0.3029230187336604
seg_006752,sample_02349,The girl just faded - Los Llamarada,1,0.20857876539230347,cnn_revised_20260919T110440Z,cnn_s1_01,val,Log-Mel CNN,0.23649659752845764,0.3029230187336604
seg_006753,sample_02350,The girl just faded - Los Llamarada,1,0.5049460530281067,cnn_revised_20260919T110440Z,cnn_s1_01,val,Log-Mel CNN,0.23649659752845764,0.3029230187336604
seg_006754,sample_02350,The girl just faded - Los Llamarada,1,0.8500899076461792,cnn_revised_20260919T110440Z,cnn_s1_01,val,Log-Mel CNN,0.23649659752845764,0.3029230187336604
seg_006755,sample_02350,The girl just faded - Los Llamarada,1,0.6037762761116028,cnn_revised_20260919T110440Z,cnn_s1_01,val,Log-Mel CNN,0.23649659752845764,0.3029230187336604
seg_006768,sample_02355,Voxel - Andy G. Cohen,1,0.5510090589523315,cnn_revised_20260919T110440Z,cnn_s1_01,val,Log-Mel CNN,0.23649659752845764,0.3029230187336604
seg_006769,sample_02355,Voxel - Andy G. Cohen,1,0.7251549363136292,cnn_revised_20260919T110440Z,cnn_s1_01,val,Log-Mel CNN,0.23649659752845764,0.3029230187336604
seg_006770,sample_02355,Voxel - Andy G. Cohen,1,0.9657720327377319,cnn_revised_20260919T110440Z,cnn_s1_01,val,Log-Mel CNN,0.23649659752845764,0.3029230187336604
seg_006771,sample_02356,Voxel - Andy G. Cohen,1,0.9649807810783386,cnn_revised_20260919T110440Z,cnn_s1_01,val,Log-Mel CNN,0.23649659752845764,0.3029230187336604
seg_006772,sample_02356,Voxel - Andy G. Cohen,1,0.6136378049850464,cnn_revised_20260919T110440Z,cnn_s1_01,val,Log-Mel CNN,0.23649659752845764,0.3029230187336604
seg_006773,sample_02356,Voxel - Andy G. Cohen,1,0.9146372079849243,cnn_revised_20260919T110440Z,cnn_s1_01,val,Log-Mel CNN,0.23649659752845764,0.3029230187336604
seg_006792,sample_02363,Windows of the Skull - Sarin,1,0.9060930013656616,cnn_revised_20260919T110440Z,cnn_s1_01,val,Log-Mel CNN,0.23649659752845764,0.3029230187336604
seg_006793,sample_02363,Windows of the Skull - Sarin,1,0.6463989019393921,cnn_revised_20260919T110440Z,cnn_s1_01,val,Log-Mel CNN,0.23649659752845764,0.3029230187336604
seg_006794,sample_02363,Windows of the Skull - Sarin,1,0.7878944873809814,cnn_revised_20260919T110440Z,cnn_s1_01,val,Log-Mel CNN,0.23649659752845764,0.3029230187336604
seg_006795,sample_02364,Windows of the Skull - Sarin,1,0.928441047668457,cnn_revised_20260919T110440Z,cnn_s1_01,val,Log-Mel CNN,0.23649659752845764,0.3029230187336604
seg_006796,sample_02364,Windows of the Skull - Sarin,1,0.5133976340293884,cnn_revised_20260919T110440Z,cnn_s1_01,val,Log-Mel CNN,0.23649659752845764,0.3029230187336604
seg_006797,sample_02364,Windows of the Skull - Sarin,1,0.9381961822509766,cnn_revised_20260919T110440Z,cnn_s1_01,val,Log-Mel CNN,0.23649659752845764,0.3029230187336604
seg_006810,sample_02369,Новый Нью-Йорк 2 - Чокнутый Пропеллер,1,0.07846933603286743,cnn_revised_20260919T110440Z,cnn_s1_01,val,Log-Mel CNN,0.23649659752845764,0.3029230187336604
seg_006811,sample_02369,Новый Нью-Йорк 2 - Чокнутый Пропеллер,1,0.48982444405555725,cnn_revised_20260919T110440Z,cnn_s1_01,val,Log-Mel CNN,0.23649659752845764,0.3029230187336604
seg_006812,sample_02369,Новый Нью-Йорк 2 - Чокнутый Пропеллер,1,0.6594196557998657,cnn_revised_20260919T110440Z,cnn_s1_01,val,Log-Mel CNN,0.23649659752845764,0.3029230187336604
seg_006813,sample_02370,Новый Нью-Йорк 2 - Чокнутый Пропеллер,1,0.483301043510437,cnn_revised_20260919T110440Z,cnn_s1_01,val,Log-Mel CNN,0.23649659752845764,0.3029230187336604
seg_006814,sample_02370,Новый Нью-Йорк 2 - Чокнутый Пропеллер,1,0.6284168362617493,cnn_revised_20260919T110440Z,cnn_s1_01,val,Log-Mel CNN,0.23649659752845764,0.3029230187336604
seg_006815,sample_02370,Новый Нью-Йорк 2 - Чокнутый Пропеллер,1,0.6467378735542297,cnn_revised_20260919T110440Z,cnn_s1_01,val,Log-Mel CNN,0.23649659752845764,0.3029230187336604
seg_006864,sample_02387,CopperNickle - UncleBibby,1,0.9783887267112732,cnn_revised_20260919T110440Z,cnn_s1_01,val,Log-Mel CNN,0.23649659752845764,0.3029230187336604
seg_006865,sample_02387,CopperNickle - UncleBibby,1,0.9331519603729248,cnn_revised_20260919T110440Z,cnn_s1_01,val,Log-Mel CNN,0.23649659752845764,0.3029230187336604
seg_006866,sample_02387,CopperNickle - UncleBibby,1,0.8822762966156006,cnn_revised_20260919T110440Z,cnn_s1_01,val,Log-Mel CNN,0.23649659752845764,0.3029230187336604
seg_006867,sample_02388,CopperNickle - UncleBibby,1,0.481568306684494,cnn_revised_20260919T110440Z,cnn_s1_01,val,Log-Mel CNN,0.23649659752845764,0.3029230187336604
seg_006868,sample_02388,CopperNickle - UncleBibby,1,0.6090031266212463,cnn_revised_20260919T110440Z,cnn_s1_01,val,Log-Mel CNN,0.23649659752845764,0.3029230187336604
seg_006869,sample_02388,CopperNickle - UncleBibby,1,0.8352610468864441,cnn_revised_20260919T110440Z,cnn_s1_01,val,Log-Mel CNN,0.23649659752845764,0.3029230187336604
seg_006876,sample_02391,Daylight Savings - My brother Daniel,1,0.7059891819953918,cnn_revised_20260919T110440Z,cnn_s1_01,val,Log-Mel CNN,0.23649659752845764,0.3029230187336604
seg_006877,sample_02391,Daylight Savings - My brother Daniel,1,0.6910960078239441,cnn_revised_20260919T110440Z,cnn_s1_01,val,Log-Mel CNN,0.23649659752845764,0.3029230187336604
seg_006878,sample_02391,Daylight Savings - My brother Daniel,1,0.9558159708976746,cnn_revised_20260919T110440Z,cnn_s1_01,val,Log-Mel CNN,0.23649659752845764,0.3029230187336604
seg_006879,sample_02392,Daylight Savings - My brother Daniel,1,0.6340081095695496,cnn_revised_20260919T110440Z,cnn_s1_01,val,Log-Mel CNN,0.23649659752845764,0.3029230187336604
seg_006880,sample_02392,Daylight Savings - My brother Daniel,1,0.7889740467071533,cnn_revised_20260919T110440Z,cnn_s1_01,val,Log-Mel CNN,0.23649659752845764,0.3029230187336604
seg_006881,sample_02392,Daylight Savings - My brother Daniel,1,0.7641903758049011,cnn_revised_20260919T110440Z,cnn_s1_01,val,Log-Mel CNN,0.23649659752845764,0.3029230187336604
seg_006942,sample_02413,mystery team 2090 - Jesse Futerman,1,0.3852211833000183,cnn_revised_20260919T110440Z,cnn_s1_01,val,Log-Mel CNN,0.23649659752845764,0.3029230187336604
seg_006943,sample_02413,mystery team 2090 - Jesse Futerman,1,0.26941829919815063,cnn_revised_20260919T110440Z,cnn_s1_01,val,Log-Mel CNN,0.23649659752845764,0.3029230187336604
seg_006944,sample_02413,mystery team 2090 - Jesse Futerman,1,0.3978930413722992,cnn_revised_20260919T110440Z,cnn_s1_01,val,Log-Mel CNN,0.23649659752845764,0.3029230187336604
seg_006945,sample_02414,mystery team 2090 - Jesse Futerman,1,0.3340969979763031,cnn_revised_20260919T110440Z,cnn_s1_01,val,Log-Mel CNN,0.23649659752845764,0.3029230187336604
seg_006946,sample_02414,mystery team 2090 - Jesse Futerman,1,0.29564645886421204,cnn_revised_20260919T110440Z,cnn_s1_01,val,Log-Mel CNN,0.23649659752845764,0.3029230187336604
seg_006947,sample_02414,mystery team 2090 - Jesse Futerman,1,0.9302257895469666,cnn_revised_20260919T110440Z,cnn_s1_01,val,Log-Mel CNN,0.23649659752845764,0.3029230187336604
seg_006948,sample_02415,Night Drive - Decktonic,1,0.7169875502586365,cnn_revised_20260919T110440Z,cnn_s1_01,val,Log-Mel CNN,0.23649659752845764,0.3029230187336604
seg_006949,sample_02415,Night Drive - Decktonic,1,0.3904503881931305,cnn_revised_20260919T110440Z,cnn_s1_01,val,Log-Mel CNN,0.23649659752845764,0.3029230187336604
seg_006950,sample_02415,Night Drive - Decktonic,1,0.9444800019264221,cnn_revised_20260919T110440Z,cnn_s1_01,val,Log-Mel CNN,0.23649659752845764,0.3029230187336604
seg_006951,sample_02416,Night Drive - Decktonic,1,0.8646840453147888,cnn_revised_20260919T110440Z,cnn_s1_01,val,Log-Mel CNN,0.23649659752845764,0.3029230187336604
seg_006952,sample_02416,Night Drive - Decktonic,1,0.7536092400550842,cnn_revised_20260919T110440Z,cnn_s1_01,val,Log-Mel CNN,0.23649659752845764,0.3029230187336604
seg_006953,sample_02416,Night Drive - Decktonic,1,0.9483193159103394,cnn_revised_20260919T110440Z,cnn_s1_01,val,Log-Mel CNN,0.23649659752845764,0.3029230187336604
seg_006966,sample_02421,Nuo Maisemat - Paavoharju,1,0.3873306214809418,cnn_revised_20260919T110440Z,cnn_s1_01,val,Log-Mel CNN,0.23649659752845764,0.3029230187336604
seg_006967,sample_02421,Nuo Maisemat - Paavoharju,1,0.13236184418201447,cnn_revised_20260919T110440Z,cnn_s1_01,val,Log-Mel CNN,0.23649659752845764,0.3029230187336604
seg_006968,sample_02421,Nuo Maisemat - Paavoharju,1,0.38459262251853943,cnn_revised_20260919T110440Z,cnn_s1_01,val,Log-Mel CNN,0.23649659752845764,0.3029230187336604
seg_006969,sample_02422,Nuo Maisemat - Paavoharju,1,0.6191632151603699,cnn_revised_20260919T110440Z,cnn_s1_01,val,Log-Mel CNN,0.23649659752845764,0.3029230187336604
seg_006970,sample_02422,Nuo Maisemat - Paavoharju,1,0.4214208126068115,cnn_revised_20260919T110440Z,cnn_s1_01,val,Log-Mel CNN,0.23649659752845764,0.3029230187336604
seg_006971,sample_02422,Nuo Maisemat - Paavoharju,1,0.43749764561653137,cnn_revised_20260919T110440Z,cnn_s1_01,val,Log-Mel CNN,0.23649659752845764,0.3029230187336604
seg_007050,sample_02449,SD (Ill Mix) - H-LR,1,0.8257453441619873,cnn_revised_20260919T110440Z,cnn_s1_01,val,Log-Mel CNN,0.23649659752845764,0.3029230187336604
seg_007051,sample_02449,SD (Ill Mix) - H-LR,1,0.9678130745887756,cnn_revised_20260919T110440Z,cnn_s1_01,val,Log-Mel CNN,0.23649659752845764,0.3029230187336604
seg_007052,sample_02449,SD (Ill Mix) - H-LR,1,0.9307119250297546,cnn_revised_20260919T110440Z,cnn_s1_01,val,Log-Mel CNN,0.23649659752845764,0.3029230187336604
seg_007053,sample_02450,SD (Ill Mix) - H-LR,1,0.7512342929840088,cnn_revised_20260919T110440Z,cnn_s1_01,val,Log-Mel CNN,0.23649659752845764,0.3029230187336604
seg_007054,sample_02450,SD (Ill Mix) - H-LR,1,0.9835981726646423,cnn_revised_20260919T110440Z,cnn_s1_01,val,Log-Mel CNN,0.23649659752845764,0.3029230187336604
seg_007055,sample_02450,SD (Ill Mix) - H-LR,1,0.8591271638870239,cnn_revised_20260919T110440Z,cnn_s1_01,val,Log-Mel CNN,0.23649659752845764,0.3029230187336604
seg_007158,sample_02485,Evil Cannot Create - Caleb Lemond,1,0.036742646247148514,cnn_revised_20260919T110440Z,cnn_s1_01,val,Log-Mel CNN,0.23649659752845764,0.3029230187336604
seg_007159,sample_02485,Evil Cannot Create - Caleb Lemond,1,0.38203534483909607,cnn_revised_20260919T110440Z,cnn_s1_01,val,Log-Mel CNN,0.23649659752845764,0.3029230187336604
seg_007160,sample_02485,Evil Cannot Create - Caleb Lemond,1,0.3251430094242096,cnn_revised_20260919T110440Z,cnn_s1_01,val,Log-Mel CNN,0.23649659752845764,0.3029230187336604
seg_007161,sample_02486,Evil Cannot Create - Caleb Lemond,1,0.19348052144050598,cnn_revised_20260919T110440Z,cnn_s1_01,val,Log-Mel CNN,0.23649659752845764,0.3029230187336604
seg_007162,sample_02486,Evil Cannot Create - Caleb Lemond,1,0.32840704917907715,cnn_revised_20260919T110440Z,cnn_s1_01,val,Log-Mel CNN,0.23649659752845764,0.3029230187336604
seg_007163,sample_02486,Evil Cannot Create - Caleb Lemond,1,0.10549689084291458,cnn_revised_20260919T110440Z,cnn_s1_01,val,Log-Mel CNN,0.23649659752845764,0.3029230187336604
seg_007266,sample_02521,New Life (take 1) - Bird Names,1,0.13478171825408936,cnn_revised_20260919T110440Z,cnn_s1_01,val,Log-Mel CNN,0.23649659752845764,0.3029230187336604
seg_007267,sample_02521,New Life (take 1) - Bird Names,1,0.224387064576149,cnn_revised_20260919T110440Z,cnn_s1_01,val,Log-Mel CNN,0.23649659752845764,0.3029230187336604
seg_007268,sample_02521,New Life (take 1) - Bird Names,1,0.7967970967292786,cnn_revised_20260919T110440Z,cnn_s1_01,val,Log-Mel CNN,0.23649659752845764,0.3029230187336604
seg_007269,sample_02522,New Life (take 1) - Bird Names,1,0.07283136993646622,cnn_revised_20260919T110440Z,cnn_s1_01,val,Log-Mel CNN,0.23649659752845764,0.3029230187336604
seg_007270,sample_02522,New Life (take 1) - Bird Names,1,0.03290153667330742,cnn_revised_20260919T110440Z,cnn_s1_01,val,Log-Mel CNN,0.23649659752845764,0.3029230187336604
seg_007271,sample_02522,New Life (take 1) - Bird Names,1,0.059415772557258606,cnn_revised_20260919T110440Z,cnn_s1_01,val,Log-Mel CNN,0.23649659752845764,0.3029230187336604
seg_007272,sample_02523,Norweigian Wood II - Bird Names,1,0.05772086977958679,cnn_revised_20260919T110440Z,cnn_s1_01,val,Log-Mel CNN,0.23649659752845764,0.3029230187336604
seg_007273,sample_02523,Norweigian Wood II - Bird Names,1,0.4242791533470154,cnn_revised_20260919T110440Z,cnn_s1_01,val,Log-Mel CNN,0.23649659752845764,0.3029230187336604
seg_007274,sample_02523,Norweigian Wood II - Bird Names,1,0.8674417734146118,cnn_revised_20260919T110440Z,cnn_s1_01,val,Log-Mel CNN,0.23649659752845764,0.3029230187336604
seg_007275,sample_02524,Norweigian Wood II - Bird Names,1,0.298581063747406,cnn_revised_20260919T110440Z,cnn_s1_01,val,Log-Mel CNN,0.23649659752845764,0.3029230187336604
seg_007276,sample_02524,Norweigian Wood II - Bird Names,1,0.0441923588514328,cnn_revised_20260919T110440Z,cnn_s1_01,val,Log-Mel CNN,0.23649659752845764,0.3029230187336604
seg_007277,sample_02524,Norweigian Wood II - Bird Names,1,0.15387484431266785,cnn_revised_20260919T110440Z,cnn_s1_01,val,Log-Mel CNN,0.23649659752845764,0.3029230187336604
seg_007296,sample_02531,Roller Star - Monroeville Music Center,1,0.7401437759399414,cnn_revised_20260919T110440Z,cnn_s1_01,val,Log-Mel CNN,0.23649659752845764,0.3029230187336604
seg_007297,sample_02531,Roller Star - Monroeville Music Center,1,0.8393799662590027,cnn_revised_20260919T110440Z,cnn_s1_01,val,Log-Mel CNN,0.23649659752845764,0.3029230187336604
seg_007298,sample_02531,Roller Star - Monroeville Music Center,1,0.9112487435340881,cnn_revised_20260919T110440Z,cnn_s1_01,val,Log-Mel CNN,0.23649659752845764,0.3029230187336604
seg_007299,sample_02532,Roller Star - Monroeville Music Center,1,0.13435085117816925,cnn_revised_20260919T110440Z,cnn_s1_01,val,Log-Mel CNN,0.23649659752845764,0.3029230187336604
seg_007300,sample_02532,Roller Star - Monroeville Music Center,1,0.9549211263656616,cnn_revised_20260919T110440Z,cnn_s1_01,val,Log-Mel CNN,0.23649659752845764,0.3029230187336604
seg_007301,sample_02532,Roller Star - Monroeville Music Center,1,0.9710301160812378,cnn_revised_20260919T110440Z,cnn_s1_01,val,Log-Mel CNN,0.23649659752845764,0.3029230187336604
seg_007302,sample_02533,"Roundtrip - Oh Yeah, the Future",1,0.8310306668281555,cnn_revised_20260919T110440Z,cnn_s1_01,val,Log-Mel CNN,0.23649659752845764,0.3029230187336604
seg_007303,sample_02533,"Roundtrip - Oh Yeah, the Future",1,0.5645211935043335,cnn_revised_20260919T110440Z,cnn_s1_01,val,Log-Mel CNN,0.23649659752845764,0.3029230187336604
seg_007304,sample_02533,"Roundtrip - Oh Yeah, the Future",1,0.6987642645835876,cnn_revised_20260919T110440Z,cnn_s1_01,val,Log-Mel CNN,0.23649659752845764,0.3029230187336604
seg_007305,sample_02534,"Roundtrip - Oh Yeah, the Future",1,0.30577313899993896,cnn_revised_20260919T110440Z,cnn_s1_01,val,Log-Mel CNN,0.23649659752845764,0.3029230187336604
seg_007306,sample_02534,"Roundtrip - Oh Yeah, the Future",1,0.4889110028743744,cnn_revised_20260919T110440Z,cnn_s1_01,val,Log-Mel CNN,0.23649659752845764,0.3029230187336604
seg_007307,sample_02534,"Roundtrip - Oh Yeah, the Future",1,0.6507890820503235,cnn_revised_20260919T110440Z,cnn_s1_01,val,Log-Mel CNN,0.23649659752845764,0.3029230187336604
seg_007320,sample_02539,Soleares&beats - Malaventura,1,0.5825990438461304,cnn_revised_20260919T110440Z,cnn_s1_01,val,Log-Mel CNN,0.23649659752845764,0.3029230187336604
seg_007321,sample_02539,Soleares&beats - Malaventura,1,0.5582892298698425,cnn_revised_20260919T110440Z,cnn_s1_01,val,Log-Mel CNN,0.23649659752845764,0.3029230187336604
seg_007322,sample_02539,Soleares&beats - Malaventura,1,0.24950991570949554,cnn_revised_20260919T110440Z,cnn_s1_01,val,Log-Mel CNN,0.23649659752845764,0.3029230187336604
seg_007323,sample_02540,Soleares&beats - Malaventura,1,0.266793429851532,cnn_revised_20260919T110440Z,cnn_s1_01,val,Log-Mel CNN,0.23649659752845764,0.3029230187336604
seg_007324,sample_02540,Soleares&beats - Malaventura,1,0.5680546760559082,cnn_revised_20260919T110440Z,cnn_s1_01,val,Log-Mel CNN,0.23649659752845764,0.3029230187336604
seg_007325,sample_02540,Soleares&beats - Malaventura,1,0.6723380088806152,cnn_revised_20260919T110440Z,cnn_s1_01,val,Log-Mel CNN,0.23649659752845764,0.3029230187336604
seg_007338,sample_02545,Stockholm Syndrome / People Should Be More Aware - Bird Names,1,0.6354725956916809,cnn_revised_20260919T110440Z,cnn_s1_01,val,Log-Mel CNN,0.23649659752845764,0.3029230187336604
seg_007339,sample_02545,Stockholm Syndrome / People Should Be More Aware - Bird Names,1,0.2739976942539215,cnn_revised_20260919T110440Z,cnn_s1_01,val,Log-Mel CNN,0.23649659752845764,0.3029230187336604
seg_007340,sample_02545,Stockholm Syndrome / People Should Be More Aware - Bird Names,1,0.1595572829246521,cnn_revised_20260919T110440Z,cnn_s1_01,val,Log-Mel CNN,0.23649659752845764,0.3029230187336604
seg_007341,sample_02546,Stockholm Syndrome / People Should Be More Aware - Bird Names,1,0.016359644010663033,cnn_revised_20260919T110440Z,cnn_s1_01,val,Log-Mel CNN,0.23649659752845764,0.3029230187336604
seg_007342,sample_02546,Stockholm Syndrome / People Should Be More Aware - Bird Names,1,0.0598597526550293,cnn_revised_20260919T110440Z,cnn_s1_01,val,Log-Mel CNN,0.23649659752845764,0.3029230187336604
seg_007343,sample_02546,Stockholm Syndrome / People Should Be More Aware - Bird Names,1,0.03783288598060608,cnn_revised_20260919T110440Z,cnn_s1_01,val,Log-Mel CNN,0.23649659752845764,0.3029230187336604
seg_007380,sample_02559,Time Is Love - Silence is full of birds,1,0.2563507854938507,cnn_revised_20260919T110440Z,cnn_s1_01,val,Log-Mel CNN,0.23649659752845764,0.3029230187336604
seg_007381,sample_02559,Time Is Love - Silence is full of birds,1,0.2408648580312729,cnn_revised_20260919T110440Z,cnn_s1_01,val,Log-Mel CNN,0.23649659752845764,0.3029230187336604
seg_007382,sample_02559,Time Is Love - Silence is full of birds,1,0.7009177803993225,cnn_revised_20260919T110440Z,cnn_s1_01,val,Log-Mel CNN,0.23649659752845764,0.3029230187336604
seg_007383,sample_02560,Time Is Love - Silence is full of birds,1,0.032768476754426956,cnn_revised_20260919T110440Z,cnn_s1_01,val,Log-Mel CNN,0.23649659752845764,0.3029230187336604
seg_007384,sample_02560,Time Is Love - Silence is full of birds,1,0.29642415046691895,cnn_revised_20260919T110440Z,cnn_s1_01,val,Log-Mel CNN,0.23649659752845764,0.3029230187336604
seg_007385,sample_02560,Time Is Love - Silence is full of birds,1,0.20458075404167175,cnn_revised_20260919T110440Z,cnn_s1_01,val,Log-Mel CNN,0.23649659752845764,0.3029230187336604
seg_007422,sample_02573,2 (Wasn't There) - Isle of Pine,1,0.16647827625274658,cnn_revised_20260919T110440Z,cnn_s1_01,val,Log-Mel CNN,0.23649659752845764,0.3029230187336604
seg_007423,sample_02573,2 (Wasn't There) - Isle of Pine,1,0.87310791015625,cnn_revised_20260919T110440Z,cnn_s1_01,val,Log-Mel CNN,0.23649659752845764,0.3029230187336604
seg_007424,sample_02573,2 (Wasn't There) - Isle of Pine,1,0.8650946021080017,cnn_revised_20260919T110440Z,cnn_s1_01,val,Log-Mel CNN,0.23649659752845764,0.3029230187336604
seg_007425,sample_02574,2 (Wasn't There) - Isle of Pine,1,0.0513264425098896,cnn_revised_20260919T110440Z,cnn_s1_01,val,Log-Mel CNN,0.23649659752845764,0.3029230187336604
seg_007426,sample_02574,2 (Wasn't There) - Isle of Pine,1,0.21134577691555023,cnn_revised_20260919T110440Z,cnn_s1_01,val,Log-Mel CNN,0.23649659752845764,0.3029230187336604
seg_007427,sample_02574,2 (Wasn't There) - Isle of Pine,1,0.7893809676170349,cnn_revised_20260919T110440Z,cnn_s1_01,val,Log-Mel CNN,0.23649659752845764,0.3029230187336604
seg_007452,sample_02583,Empty Pockets - Pete Prodoehl,1,0.574819028377533,cnn_revised_20260919T110440Z,cnn_s1_01,val,Log-Mel CNN,0.23649659752845764,0.3029230187336604
seg_007453,sample_02583,Empty Pockets - Pete Prodoehl,1,0.3355875313282013,cnn_revised_20260919T110440Z,cnn_s1_01,val,Log-Mel CNN,0.23649659752845764,0.3029230187336604
seg_007454,sample_02583,Empty Pockets - Pete Prodoehl,1,0.9222334623336792,cnn_revised_20260919T110440Z,cnn_s1_01,val,Log-Mel CNN,0.23649659752845764,0.3029230187336604
seg_007455,sample_02584,Empty Pockets - Pete Prodoehl,1,0.029556814581155777,cnn_revised_20260919T110440Z,cnn_s1_01,val,Log-Mel CNN,0.23649659752845764,0.3029230187336604
seg_007456,sample_02584,Empty Pockets - Pete Prodoehl,1,0.10640101134777069,cnn_revised_20260919T110440Z,cnn_s1_01,val,Log-Mel CNN,0.23649659752845764,0.3029230187336604
seg_007457,sample_02584,Empty Pockets - Pete Prodoehl,1,0.27872228622436523,cnn_revised_20260919T110440Z,cnn_s1_01,val,Log-Mel CNN,0.23649659752845764,0.3029230187336604
seg_007470,sample_02589,Gila Monster Flop/Music History Lesson:The Sonics - The Crypts!,1,0.2373170703649521,cnn_revised_20260919T110440Z,cnn_s1_01,val,Log-Mel CNN,0.23649659752845764,0.3029230187336604
seg_007471,sample_02589,Gila Monster Flop/Music History Lesson:The Sonics - The Crypts!,1,0.0815984234213829,cnn_revised_20260919T110440Z,cnn_s1_01,val,Log-Mel CNN,0.23649659752845764,0.3029230187336604
seg_007472,sample_02589,Gila Monster Flop/Music History Lesson:The Sonics - The Crypts!,1,0.9273598790168762,cnn_revised_20260919T110440Z,cnn_s1_01,val,Log-Mel CNN,0.23649659752845764,0.3029230187336604
seg_007473,sample_02590,Gila Monster Flop/Music History Lesson:The Sonics - The Crypts!,1,0.16670309007167816,cnn_revised_20260919T110440Z,cnn_s1_01,val,Log-Mel CNN,0.23649659752845764,0.3029230187336604
seg_007474,sample_02590,Gila Monster Flop/Music History Lesson:The Sonics - The Crypts!,1,0.01889272965490818,cnn_revised_20260919T110440Z,cnn_s1_01,val,Log-Mel CNN,0.23649659752845764,0.3029230187336604
seg_007475,sample_02590,Gila Monster Flop/Music History Lesson:The Sonics - The Crypts!,1,0.4283171594142914,cnn_revised_20260919T110440Z,cnn_s1_01,val,Log-Mel CNN,0.23649659752845764,0.3029230187336604
seg_007488,sample_02595,I Fell - Mod Fun,1,0.5031059980392456,cnn_revised_20260919T110440Z,cnn_s1_01,val,Log-Mel CNN,0.23649659752845764,0.3029230187336604
seg_007489,sample_02595,I Fell - Mod Fun,1,0.5009975433349609,cnn_revised_20260919T110440Z,cnn_s1_01,val,Log-Mel CNN,0.23649659752845764,0.3029230187336604
seg_007490,sample_02595,I Fell - Mod Fun,1,0.872405469417572,cnn_revised_20260919T110440Z,cnn_s1_01,val,Log-Mel CNN,0.23649659752845764,0.3029230187336604
seg_007491,sample_02596,I Fell - Mod Fun,1,0.36944878101348877,cnn_revised_20260919T110440Z,cnn_s1_01,val,Log-Mel CNN,0.23649659752845764,0.3029230187336604
seg_007492,sample_02596,I Fell - Mod Fun,1,0.1341649889945984,cnn_revised_20260919T110440Z,cnn_s1_01,val,Log-Mel CNN,0.23649659752845764,0.3029230187336604
seg_007493,sample_02596,I Fell - Mod Fun,1,0.7785047292709351,cnn_revised_20260919T110440Z,cnn_s1_01,val,Log-Mel CNN,0.23649659752845764,0.3029230187336604
seg_007536,sample_02611,March of the GPA Mechanics - [t]ghost,1,0.19483590126037598,cnn_revised_20260919T110440Z,cnn_s1_01,val,Log-Mel CNN,0.23649659752845764,0.3029230187336604
seg_007537,sample_02611,March of the GPA Mechanics - [t]ghost,1,0.06611591577529907,cnn_revised_20260919T110440Z,cnn_s1_01,val,Log-Mel CNN,0.23649659752845764,0.3029230187336604
seg_007538,sample_02611,March of the GPA Mechanics - [t]ghost,1,0.9820696115493774,cnn_revised_20260919T110440Z,cnn_s1_01,val,Log-Mel CNN,0.23649659752845764,0.3029230187336604
seg_007539,sample_02612,March of the GPA Mechanics - [t]ghost,1,0.6060805916786194,cnn_revised_20260919T110440Z,cnn_s1_01,val,Log-Mel CNN,0.23649659752845764,0.3029230187336604
seg_007540,sample_02612,March of the GPA Mechanics - [t]ghost,1,0.9186644554138184,cnn_revised_20260919T110440Z,cnn_s1_01,val,Log-Mel CNN,0.23649659752845764,0.3029230187336604
seg_007541,sample_02612,March of the GPA Mechanics - [t]ghost,1,0.770617663860321,cnn_revised_20260919T110440Z,cnn_s1_01,val,Log-Mel CNN,0.23649659752845764,0.3029230187336604
seg_007596,sample_02631,Scramby Eggs - Andy G. Cohen,1,0.3533341586589813,cnn_revised_20260919T110440Z,cnn_s1_01,val,Log-Mel CNN,0.23649659752845764,0.3029230187336604
seg_007597,sample_02631,Scramby Eggs - Andy G. Cohen,1,0.32389524579048157,cnn_revised_20260919T110440Z,cnn_s1_01,val,Log-Mel CNN,0.23649659752845764,0.3029230187336604
seg_007598,sample_02631,Scramby Eggs - Andy G. Cohen,1,0.2089756280183792,cnn_revised_20260919T110440Z,cnn_s1_01,val,Log-Mel CNN,0.23649659752845764,0.3029230187336604
seg_007599,sample_02632,Scramby Eggs - Andy G. Cohen,1,0.5080394744873047,cnn_revised_20260919T110440Z,cnn_s1_01,val,Log-Mel CNN,0.23649659752845764,0.3029230187336604
seg_007600,sample_02632,Scramby Eggs - Andy G. Cohen,1,0.3749364912509918,cnn_revised_20260919T110440Z,cnn_s1_01,val,Log-Mel CNN,0.23649659752845764,0.3029230187336604
seg_007601,sample_02632,Scramby Eggs - Andy G. Cohen,1,0.7671356797218323,cnn_revised_20260919T110440Z,cnn_s1_01,val,Log-Mel CNN,0.23649659752845764,0.3029230187336604
seg_007650,sample_02649,The girl just faded - Los Llamarada,1,0.761253297328949,cnn_revised_20260919T110440Z,cnn_s1_01,val,Log-Mel CNN,0.23649659752845764,0.3029230187336604
seg_007651,sample_02649,The girl just faded - Los Llamarada,1,0.8484889268875122,cnn_revised_20260919T110440Z,cnn_s1_01,val,Log-Mel CNN,0.23649659752845764,0.3029230187336604
seg_007652,sample_02649,The girl just faded - Los Llamarada,1,0.5471720099449158,cnn_revised_20260919T110440Z,cnn_s1_01,val,Log-Mel CNN,0.23649659752845764,0.3029230187336604
seg_007653,sample_02650,The girl just faded - Los Llamarada,1,0.13409824669361115,cnn_revised_20260919T110440Z,cnn_s1_01,val,Log-Mel CNN,0.23649659752845764,0.3029230187336604
seg_007654,sample_02650,The girl just faded - Los Llamarada,1,0.03162112459540367,cnn_revised_20260919T110440Z,cnn_s1_01,val,Log-Mel CNN,0.23649659752845764,0.3029230187336604
seg_007655,sample_02650,The girl just faded - Los Llamarada,1,0.512915849685669,cnn_revised_20260919T110440Z,cnn_s1_01,val,Log-Mel CNN,0.23649659752845764,0.3029230187336604
seg_007668,sample_02655,Voxel - Andy G. Cohen,1,0.6762383580207825,cnn_revised_20260919T110440Z,cnn_s1_01,val,Log-Mel CNN,0.23649659752845764,0.3029230187336604
seg_007669,sample_02655,Voxel - Andy G. Cohen,1,0.4618636667728424,cnn_revised_20260919T110440Z,cnn_s1_01,val,Log-Mel CNN,0.23649659752845764,0.3029230187336604
seg_007670,sample_02655,Voxel - Andy G. Cohen,1,0.16654027998447418,cnn_revised_20260919T110440Z,cnn_s1_01,val,Log-Mel CNN,0.23649659752845764,0.3029230187336604
seg_007671,sample_02656,Voxel - Andy G. Cohen,1,0.785381555557251,cnn_revised_20260919T110440Z,cnn_s1_01,val,Log-Mel CNN,0.23649659752845764,0.3029230187336604
seg_007672,sample_02656,Voxel - Andy G. Cohen,1,0.6093257069587708,cnn_revised_20260919T110440Z,cnn_s1_01,val,Log-Mel CNN,0.23649659752845764,0.3029230187336604
seg_007673,sample_02656,Voxel - Andy G. Cohen,1,0.3222704231739044,cnn_revised_20260919T110440Z,cnn_s1_01,val,Log-Mel CNN,0.23649659752845764,0.3029230187336604
seg_007692,sample_02663,Windows of the Skull - Sarin,1,0.20185774564743042,cnn_revised_20260919T110440Z,cnn_s1_01,val,Log-Mel CNN,0.23649659752845764,0.3029230187336604
seg_007693,sample_02663,Windows of the Skull - Sarin,1,0.0792904943227768,cnn_revised_20260919T110440Z,cnn_s1_01,val,Log-Mel CNN,0.23649659752845764,0.3029230187336604
seg_007694,sample_02663,Windows of the Skull - Sarin,1,0.9452225565910339,cnn_revised_20260919T110440Z,cnn_s1_01,val,Log-Mel CNN,0.23649659752845764,0.3029230187336604
seg_007695,sample_02664,Windows of the Skull - Sarin,1,0.16793401539325714,cnn_revised_20260919T110440Z,cnn_s1_01,val,Log-Mel CNN,0.23649659752845764,0.3029230187336604
seg_007696,sample_02664,Windows of the Skull - Sarin,1,0.08704873919487,cnn_revised_20260919T110440Z,cnn_s1_01,val,Log-Mel CNN,0.23649659752845764,0.3029230187336604
seg_007697,sample_02664,Windows of the Skull - Sarin,1,0.8369011878967285,cnn_revised_20260919T110440Z,cnn_s1_01,val,Log-Mel CNN,0.23649659752845764,0.3029230187336604
seg_007710,sample_02669,Новый Нью-Йорк 2 - Чокнутый Пропеллер,1,0.13773952424526215,cnn_revised_20260919T110440Z,cnn_s1_01,val,Log-Mel CNN,0.23649659752845764,0.3029230187336604
seg_007711,sample_02669,Новый Нью-Йорк 2 - Чокнутый Пропеллер,1,0.10623591393232346,cnn_revised_20260919T110440Z,cnn_s1_01,val,Log-Mel CNN,0.23649659752845764,0.3029230187336604
seg_007712,sample_02669,Новый Нью-Йорк 2 - Чокнутый Пропеллер,1,0.1349126398563385,cnn_revised_20260919T110440Z,cnn_s1_01,val,Log-Mel CNN,0.23649659752845764,0.3029230187336604
seg_007713,sample_02670,Новый Нью-Йорк 2 - Чокнутый Пропеллер,1,0.6404281258583069,cnn_revised_20260919T110440Z,cnn_s1_01,val,Log-Mel CNN,0.23649659752845764,0.3029230187336604
seg_007714,sample_02670,Новый Нью-Йорк 2 - Чокнутый Пропеллер,1,0.2220885008573532,cnn_revised_20260919T110440Z,cnn_s1_01,val,Log-Mel CNN,0.23649659752845764,0.3029230187336604
seg_007715,sample_02670,Новый Нью-Йорк 2 - Чокнутый Пропеллер,1,0.1976802796125412,cnn_revised_20260919T110440Z,cnn_s1_01,val,Log-Mel CNN,0.23649659752845764,0.3029230187336604
seg_007737,sample_02678,CopperNickle - UncleBibby,1,0.5274823904037476,cnn_revised_20260919T110440Z,cnn_s1_01,val,Log-Mel CNN,0.23649659752845764,0.3029230187336604
seg_007738,sample_02678,CopperNickle - UncleBibby,1,0.47542381286621094,cnn_revised_20260919T110440Z,cnn_s1_01,val,Log-Mel CNN,0.23649659752845764,0.3029230187336604
seg_007739,sample_02678,CopperNickle - UncleBibby,1,0.9612464904785156,cnn_revised_20260919T110440Z,cnn_s1_01,val,Log-Mel CNN,0.23649659752845764,0.3029230187336604
seg_007743,sample_02680,Daylight Savings - My brother Daniel,1,0.5768986344337463,cnn_revised_20260919T110440Z,cnn_s1_01,val,Log-Mel CNN,0.23649659752845764,0.3029230187336604
seg_007744,sample_02680,Daylight Savings - My brother Daniel,1,0.6219653487205505,cnn_revised_20260919T110440Z,cnn_s1_01,val,Log-Mel CNN,0.23649659752845764,0.3029230187336604
seg_007745,sample_02680,Daylight Savings - My brother Daniel,1,0.852471113204956,cnn_revised_20260919T110440Z,cnn_s1_01,val,Log-Mel CNN,0.23649659752845764,0.3029230187336604
seg_007770,sample_02689,mystery team 2090 - Jesse Futerman,1,0.4338870942592621,cnn_revised_20260919T110440Z,cnn_s1_01,val,Log-Mel CNN,0.23649659752845764,0.3029230187336604
seg_007771,sample_02689,mystery team 2090 - Jesse Futerman,1,0.20050473511219025,cnn_revised_20260919T110440Z,cnn_s1_01,val,Log-Mel CNN,0.23649659752845764,0.3029230187336604
seg_007772,sample_02689,mystery team 2090 - Jesse Futerman,1,0.854607105255127,cnn_revised_20260919T110440Z,cnn_s1_01,val,Log-Mel CNN,0.23649659752845764,0.3029230187336604
seg_007773,sample_02690,Night Drive - Decktonic,1,0.24939745664596558,cnn_revised_20260919T110440Z,cnn_s1_01,val,Log-Mel CNN,0.23649659752845764,0.3029230187336604
seg_007774,sample_02690,Night Drive - Decktonic,1,0.6686370968818665,cnn_revised_20260919T110440Z,cnn_s1_01,val,Log-Mel CNN,0.23649659752845764,0.3029230187336604
seg_007775,sample_02690,Night Drive - Decktonic,1,0.8044665455818176,cnn_revised_20260919T110440Z,cnn_s1_01,val,Log-Mel CNN,0.23649659752845764,0.3029230187336604
seg_007854,sample_02717,Agora - Malaventura,1,0.871711254119873,cnn_revised_20260919T110440Z,cnn_s1_01,val,Log-Mel CNN,0.23649659752845764,0.3029230187336604
seg_007855,sample_02717,Agora - Malaventura,1,0.36218538880348206,cnn_revised_20260919T110440Z,cnn_s1_01,val,Log-Mel CNN,0.23649659752845764,0.3029230187336604
seg_007856,sample_02717,Agora - Malaventura,1,0.9730170965194702,cnn_revised_20260919T110440Z,cnn_s1_01,val,Log-Mel CNN,0.23649659752845764,0.3029230187336604
seg_007878,sample_02725,Evil Cannot Create - Caleb Lemond,1,0.9445984959602356,cnn_revised_20260919T110440Z,cnn_s1_01,val,Log-Mel CNN,0.23649659752845764,0.3029230187336604
seg_007879,sample_02725,Evil Cannot Create - Caleb Lemond,1,0.09555158019065857,cnn_revised_20260919T110440Z,cnn_s1_01,val,Log-Mel CNN,0.23649659752845764,0.3029230187336604
seg_007880,sample_02725,Evil Cannot Create - Caleb Lemond,1,0.9245005249977112,cnn_revised_20260919T110440Z,cnn_s1_01,val,Log-Mel CNN,0.23649659752845764,0.3029230187336604
seg_007932,sample_02743,My Body Is A Weapon (Compromise Edit) - Silence is full of birds,1,0.613294780254364,cnn_revised_20260919T110440Z,cnn_s1_01,val,Log-Mel CNN,0.23649659752845764,0.3029230187336604
seg_007933,sample_02743,My Body Is A Weapon (Compromise Edit) - Silence is full of birds,1,0.6495473384857178,cnn_revised_20260919T110440Z,cnn_s1_01,val,Log-Mel CNN,0.23649659752845764,0.3029230187336604
seg_007934,sample_02743,My Body Is A Weapon (Compromise Edit) - Silence is full of birds,1,0.7707794904708862,cnn_revised_20260919T110440Z,cnn_s1_01,val,Log-Mel CNN,0.23649659752845764,0.3029230187336604
seg_007938,sample_02745,New Life (take 1) - Bird Names,1,0.8394387364387512,cnn_revised_20260919T110440Z,cnn_s1_01,val,Log-Mel CNN,0.23649659752845764,0.3029230187336604
seg_007939,sample_02745,New Life (take 1) - Bird Names,1,0.8067576289176941,cnn_revised_20260919T110440Z,cnn_s1_01,val,Log-Mel CNN,0.23649659752845764,0.3029230187336604
seg_007940,sample_02745,New Life (take 1) - Bird Names,1,0.9650734066963196,cnn_revised_20260919T110440Z,cnn_s1_01,val,Log-Mel CNN,0.23649659752845764,0.3029230187336604
seg_007941,sample_02746,Norweigian Wood II - Bird Names,1,0.8128500580787659,cnn_revised_20260919T110440Z,cnn_s1_01,val,Log-Mel CNN,0.23649659752845764,0.3029230187336604
seg_007942,sample_02746,Norweigian Wood II - Bird Names,1,0.46586477756500244,cnn_revised_20260919T110440Z,cnn_s1_01,val,Log-Mel CNN,0.23649659752845764,0.3029230187336604
seg_007943,sample_02746,Norweigian Wood II - Bird Names,1,0.9721773266792297,cnn_revised_20260919T110440Z,cnn_s1_01,val,Log-Mel CNN,0.23649659752845764,0.3029230187336604
seg_007965,sample_02754,Roller Star - Monroeville Music Center,1,0.9013371467590332,cnn_revised_20260919T110440Z,cnn_s1_01,val,Log-Mel CNN,0.23649659752845764,0.3029230187336604
seg_007966,sample_02754,Roller Star - Monroeville Music Center,1,0.9646844863891602,cnn_revised_20260919T110440Z,cnn_s1_01,val,Log-Mel CNN,0.23649659752845764,0.3029230187336604
seg_007967,sample_02754,Roller Star - Monroeville Music Center,1,0.9926878213882446,cnn_revised_20260919T110440Z,cnn_s1_01,val,Log-Mel CNN,0.23649659752845764,0.3029230187336604
seg_007977,sample_02758,Soleares&beats - Malaventura,1,0.4550751745700836,cnn_revised_20260919T110440Z,cnn_s1_01,val,Log-Mel CNN,0.23649659752845764,0.3029230187336604
seg_007978,sample_02758,Soleares&beats - Malaventura,1,0.695594847202301,cnn_revised_20260919T110440Z,cnn_s1_01,val,Log-Mel CNN,0.23649659752845764,0.3029230187336604
seg_007979,sample_02758,Soleares&beats - Malaventura,1,0.9354276061058044,cnn_revised_20260919T110440Z,cnn_s1_01,val,Log-Mel CNN,0.23649659752845764,0.3029230187336604
seg_007989,sample_02762,Stockholm Syndrome / People Should Be More Aware - Bird Names,1,0.7337420582771301,cnn_revised_20260919T110440Z,cnn_s1_01,val,Log-Mel CNN,0.23649659752845764,0.3029230187336604
seg_007990,sample_02762,Stockholm Syndrome / People Should Be More Aware - Bird Names,1,0.6399375796318054,cnn_revised_20260919T110440Z,cnn_s1_01,val,Log-Mel CNN,0.23649659752845764,0.3029230187336604
seg_007991,sample_02762,Stockholm Syndrome / People Should Be More Aware - Bird Names,1,0.9892465472221375,cnn_revised_20260919T110440Z,cnn_s1_01,val,Log-Mel CNN,0.23649659752845764,0.3029230187336604
seg_008019,sample_02772,Time Is Love - Silence is full of birds,1,0.36352014541625977,cnn_revised_20260919T110440Z,cnn_s1_01,val,Log-Mel CNN,0.23649659752845764,0.3029230187336604
seg_008020,sample_02772,Time Is Love - Silence is full of birds,1,0.11504632979631424,cnn_revised_20260919T110440Z,cnn_s1_01,val,Log-Mel CNN,0.23649659752845764,0.3029230187336604
seg_008021,sample_02772,Time Is Love - Silence is full of birds,1,0.9380290508270264,cnn_revised_20260919T110440Z,cnn_s1_01,val,Log-Mel CNN,0.23649659752845764,0.3029230187336604
seg_008043,sample_02780,2 (Wasn't There) - Isle of Pine,1,0.8216875195503235,cnn_revised_20260919T110440Z,cnn_s1_01,val,Log-Mel CNN,0.23649659752845764,0.3029230187336604
seg_008044,sample_02780,2 (Wasn't There) - Isle of Pine,1,0.6366332173347473,cnn_revised_20260919T110440Z,cnn_s1_01,val,Log-Mel CNN,0.23649659752845764,0.3029230187336604
seg_008045,sample_02780,2 (Wasn't There) - Isle of Pine,1,0.9375494122505188,cnn_revised_20260919T110440Z,cnn_s1_01,val,Log-Mel CNN,0.23649659752845764,0.3029230187336604
seg_008073,sample_02790,Beyond Luxury - Mors Ontologica,1,0.5888853073120117,cnn_revised_20260919T110440Z,cnn_s1_01,val,Log-Mel CNN,0.23649659752845764,0.3029230187336604
seg_008074,sample_02790,Beyond Luxury - Mors Ontologica,1,0.15005069971084595,cnn_revised_20260919T110440Z,cnn_s1_01,val,Log-Mel CNN,0.23649659752845764,0.3029230187336604
seg_008075,sample_02790,Beyond Luxury - Mors Ontologica,1,0.9646919369697571,cnn_revised_20260919T110440Z,cnn_s1_01,val,Log-Mel CNN,0.23649659752845764,0.3029230187336604
seg_008106,sample_02801,Empty Pockets - Pete Prodoehl,1,0.8991342782974243,cnn_revised_20260919T110440Z,cnn_s1_01,val,Log-Mel CNN,0.23649659752845764,0.3029230187336604
seg_008107,sample_02801,Empty Pockets - Pete Prodoehl,1,0.904329776763916,cnn_revised_20260919T110440Z,cnn_s1_01,val,Log-Mel CNN,0.23649659752845764,0.3029230187336604
seg_008108,sample_02801,Empty Pockets - Pete Prodoehl,1,0.9934613704681396,cnn_revised_20260919T110440Z,cnn_s1_01,val,Log-Mel CNN,0.23649659752845764,0.3029230187336604
seg_008121,sample_02806,Gila Monster Flop/Music History Lesson:The Sonics - The Crypts!,1,0.9169822931289673,cnn_revised_20260919T110440Z,cnn_s1_01,val,Log-Mel CNN,0.23649659752845764,0.3029230187336604
seg_008122,sample_02806,Gila Monster Flop/Music History Lesson:The Sonics - The Crypts!,1,0.11215301603078842,cnn_revised_20260919T110440Z,cnn_s1_01,val,Log-Mel CNN,0.23649659752845764,0.3029230187336604
seg_008123,sample_02806,Gila Monster Flop/Music History Lesson:The Sonics - The Crypts!,1,0.7818576693534851,cnn_revised_20260919T110440Z,cnn_s1_01,val,Log-Mel CNN,0.23649659752845764,0.3029230187336604
seg_008166,sample_02821,Lights Up - Pipe Choir,1,0.921680212020874,cnn_revised_20260919T110440Z,cnn_s1_01,val,Log-Mel CNN,0.23649659752845764,0.3029230187336604
seg_008167,sample_02821,Lights Up - Pipe Choir,1,0.6704522371292114,cnn_revised_20260919T110440Z,cnn_s1_01,val,Log-Mel CNN,0.23649659752845764,0.3029230187336604
seg_008168,sample_02821,Lights Up - Pipe Choir,1,0.9779768586158752,cnn_revised_20260919T110440Z,cnn_s1_01,val,Log-Mel CNN,0.23649659752845764,0.3029230187336604
seg_008178,sample_02825,March of the GPA Mechanics - [t]ghost,1,0.7240647077560425,cnn_revised_20260919T110440Z,cnn_s1_01,val,Log-Mel CNN,0.23649659752845764,0.3029230187336604
seg_008179,sample_02825,March of the GPA Mechanics - [t]ghost,1,0.3395610749721527,cnn_revised_20260919T110440Z,cnn_s1_01,val,Log-Mel CNN,0.23649659752845764,0.3029230187336604
seg_008180,sample_02825,March of the GPA Mechanics - [t]ghost,1,0.9766033887863159,cnn_revised_20260919T110440Z,cnn_s1_01,val,Log-Mel CNN,0.23649659752845764,0.3029230187336604
seg_008205,sample_02834,Redlight - Room For A Ghost,1,0.3100234568119049,cnn_revised_20260919T110440Z,cnn_s1_01,val,Log-Mel CNN,0.23649659752845764,0.3029230187336604
seg_008206,sample_02834,Redlight - Room For A Ghost,1,0.9157578945159912,cnn_revised_20260919T110440Z,cnn_s1_01,val,Log-Mel CNN,0.23649659752845764,0.3029230187336604
seg_008207,sample_02834,Redlight - Room For A Ghost,1,0.8917203545570374,cnn_revised_20260919T110440Z,cnn_s1_01,val,Log-Mel CNN,0.23649659752845764,0.3029230187336604
seg_008217,sample_02838,Scramby Eggs - Andy G. Cohen,1,0.7667224407196045,cnn_revised_20260919T110440Z,cnn_s1_01,val,Log-Mel CNN,0.23649659752845764,0.3029230187336604
seg_008218,sample_02838,Scramby Eggs - Andy G. Cohen,1,0.9793232679367065,cnn_revised_20260919T110440Z,cnn_s1_01,val,Log-Mel CNN,0.23649659752845764,0.3029230187336604
seg_008219,sample_02838,Scramby Eggs - Andy G. Cohen,1,0.9854509830474854,cnn_revised_20260919T110440Z,cnn_s1_01,val,Log-Mel CNN,0.23649659752845764,0.3029230187336604
seg_008226,sample_02841,Shipwrecked Crew - Pete Prodoehl,1,0.17988663911819458,cnn_revised_20260919T110440Z,cnn_s1_01,val,Log-Mel CNN,0.23649659752845764,0.3029230187336604
seg_008227,sample_02841,Shipwrecked Crew - Pete Prodoehl,1,0.43464046716690063,cnn_revised_20260919T110440Z,cnn_s1_01,val,Log-Mel CNN,0.23649659752845764,0.3029230187336604
seg_008228,sample_02841,Shipwrecked Crew - Pete Prodoehl,1,0.7884061336517334,cnn_revised_20260919T110440Z,cnn_s1_01,val,Log-Mel CNN,0.23649659752845764,0.3029230187336604
seg_008244,sample_02847,В Наших Сердцах - Чокнутый Пропеллер,1,0.5612955093383789,cnn_revised_20260919T110440Z,cnn_s1_01,val,Log-Mel CNN,0.23649659752845764,0.3029230187336604
seg_008245,sample_02847,В Наших Сердцах - Чокнутый Пропеллер,1,0.35142815113067627,cnn_revised_20260919T110440Z,cnn_s1_01,val,Log-Mel CNN,0.23649659752845764,0.3029230187336604
seg_008246,sample_02847,В Наших Сердцах - Чокнутый Пропеллер,1,0.9298443794250488,cnn_revised_20260919T110440Z,cnn_s1_01,val,Log-Mel CNN,0.23649659752845764,0.3029230187336604
seg_008253,sample_02850,The girl just faded - Los Llamarada,1,0.8537054657936096,cnn_revised_20260919T110440Z,cnn_s1_01,val,Log-Mel CNN,0.23649659752845764,0.3029230187336604
seg_008254,sample_02850,The girl just faded - Los Llamarada,1,0.782339334487915,cnn_revised_20260919T110440Z,cnn_s1_01,val,Log-Mel CNN,0.23649659752845764,0.3029230187336604
seg_008255,sample_02850,The girl just faded - Los Llamarada,1,0.9808976054191589,cnn_revised_20260919T110440Z,cnn_s1_01,val,Log-Mel CNN,0.23649659752845764,0.3029230187336604
seg_008265,sample_02854,Voxel - Andy G. Cohen,1,0.3427710235118866,cnn_revised_20260919T110440Z,cnn_s1_01,val,Log-Mel CNN,0.23649659752845764,0.3029230187336604
seg_008266,sample_02854,Voxel - Andy G. Cohen,1,0.4739283621311188,cnn_revised_20260919T110440Z,cnn_s1_01,val,Log-Mel CNN,0.23649659752845764,0.3029230187336604
seg_008267,sample_02854,Voxel - Andy G. Cohen,1,0.9462429285049438,cnn_revised_20260919T110440Z,cnn_s1_01,val,Log-Mel CNN,0.23649659752845764,0.3029230187336604
seg_008289,sample_02862,В Наших Сердцах - Чокнутый Пропеллер,1,0.26299604773521423,cnn_revised_20260919T110440Z,cnn_s1_01,val,Log-Mel CNN,0.23649659752845764,0.3029230187336604
seg_008290,sample_02862,В Наших Сердцах - Чокнутый Пропеллер,1,0.938154399394989,cnn_revised_20260919T110440Z,cnn_s1_01,val,Log-Mel CNN,0.23649659752845764,0.3029230187336604
seg_008291,sample_02862,В Наших Сердцах - Чокнутый Пропеллер,1,0.960273027420044,cnn_revised_20260919T110440Z,cnn_s1_01,val,Log-Mel CNN,0.23649659752845764,0.3029230187336604
seg_008295,sample_02864,В Наших Сердцах - Чокнутый Пропеллер,1,0.5111793875694275,cnn_revised_20260919T110440Z,cnn_s1_01,val,Log-Mel CNN,0.23649659752845764,0.3029230187336604
seg_008296,sample_02864,В Наших Сердцах - Чокнутый Пропеллер,1,0.14163529872894287,cnn_revised_20260919T110440Z,cnn_s1_01,val,Log-Mel CNN,0.23649659752845764,0.3029230187336604
seg_008297,sample_02864,В Наших Сердцах - Чокнутый Пропеллер,1,0.6288719177246094,cnn_revised_20260919T110440Z,cnn_s1_01,val,Log-Mel CNN,0.23649659752845764,0.3029230187336604
seg_008304,sample_02867,2 (Wasn't There) - Isle of Pine,1,0.3567536175251007,cnn_revised_20260919T110440Z,cnn_s1_01,val,Log-Mel CNN,0.23649659752845764,0.3029230187336604
seg_008305,sample_02867,2 (Wasn't There) - Isle of Pine,1,0.007950703613460064,cnn_revised_20260919T110440Z,cnn_s1_01,val,Log-Mel CNN,0.23649659752845764,0.3029230187336604
seg_008306,sample_02867,2 (Wasn't There) - Isle of Pine,1,0.3649865388870239,cnn_revised_20260919T110440Z,cnn_s1_01,val,Log-Mel CNN,0.23649659752845764,0.3029230187336604
seg_008307,sample_02868,2 (Wasn't There) - Isle of Pine,1,0.5803306698799133,cnn_revised_20260919T110440Z,cnn_s1_01,val,Log-Mel CNN,0.23649659752845764,0.3029230187336604
seg_008308,sample_02868,2 (Wasn't There) - Isle of Pine,1,0.029124382883310318,cnn_revised_20260919T110440Z,cnn_s1_01,val,Log-Mel CNN,0.23649659752845764,0.3029230187336604
seg_008309,sample_02868,2 (Wasn't There) - Isle of Pine,1,0.8307604789733887,cnn_revised_20260919T110440Z,cnn_s1_01,val,Log-Mel CNN,0.23649659752845764,0.3029230187336604
seg_008400,sample_02899,CopperNickle - UncleBibby,1,0.9854985475540161,cnn_revised_20260919T110440Z,cnn_s1_01,val,Log-Mel CNN,0.23649659752845764,0.3029230187336604
seg_008401,sample_02899,CopperNickle - UncleBibby,1,0.058348968625068665,cnn_revised_20260919T110440Z,cnn_s1_01,val,Log-Mel CNN,0.23649659752845764,0.3029230187336604
seg_008402,sample_02899,CopperNickle - UncleBibby,1,0.5609664916992188,cnn_revised_20260919T110440Z,cnn_s1_01,val,Log-Mel CNN,0.23649659752845764,0.3029230187336604
seg_008403,sample_02900,CopperNickle - UncleBibby,1,0.044966284185647964,cnn_revised_20260919T110440Z,cnn_s1_01,val,Log-Mel CNN,0.23649659752845764,0.3029230187336604
seg_008404,sample_02900,CopperNickle - UncleBibby,1,0.6244983673095703,cnn_revised_20260919T110440Z,cnn_s1_01,val,Log-Mel CNN,0.23649659752845764,0.3029230187336604
seg_008405,sample_02900,CopperNickle - UncleBibby,1,0.8748235106468201,cnn_revised_20260919T110440Z,cnn_s1_01,val,Log-Mel CNN,0.23649659752845764,0.3029230187336604
seg_008418,sample_02905,Daylight Savings - My brother Daniel,1,0.6843045949935913,cnn_revised_20260919T110440Z,cnn_s1_01,val,Log-Mel CNN,0.23649659752845764,0.3029230187336604
seg_008419,sample_02905,Daylight Savings - My brother Daniel,1,0.2211284339427948,cnn_revised_20260919T110440Z,cnn_s1_01,val,Log-Mel CNN,0.23649659752845764,0.3029230187336604
seg_008420,sample_02905,Daylight Savings - My brother Daniel,1,0.5716464519500732,cnn_revised_20260919T110440Z,cnn_s1_01,val,Log-Mel CNN,0.23649659752845764,0.3029230187336604
seg_008421,sample_02906,Daylight Savings - My brother Daniel,1,0.038272660225629807,cnn_revised_20260919T110440Z,cnn_s1_01,val,Log-Mel CNN,0.23649659752845764,0.3029230187336604
seg_008422,sample_02906,Daylight Savings - My brother Daniel,1,0.18741095066070557,cnn_revised_20260919T110440Z,cnn_s1_01,val,Log-Mel CNN,0.23649659752845764,0.3029230187336604
seg_008423,sample_02906,Daylight Savings - My brother Daniel,1,0.7917879819869995,cnn_revised_20260919T110440Z,cnn_s1_01,val,Log-Mel CNN,0.23649659752845764,0.3029230187336604
seg_008448,sample_02915,Empty Pockets - Pete Prodoehl,1,0.9643022418022156,cnn_revised_20260919T110440Z,cnn_s1_01,val,Log-Mel CNN,0.23649659752845764,0.3029230187336604
seg_008449,sample_02915,Empty Pockets - Pete Prodoehl,1,0.7363123893737793,cnn_revised_20260919T110440Z,cnn_s1_01,val,Log-Mel CNN,0.23649659752845764,0.3029230187336604
seg_008450,sample_02915,Empty Pockets - Pete Prodoehl,1,0.225620836019516,cnn_revised_20260919T110440Z,cnn_s1_01,val,Log-Mel CNN,0.23649659752845764,0.3029230187336604
seg_008451,sample_02916,Empty Pockets - Pete Prodoehl,1,0.7432221174240112,cnn_revised_20260919T110440Z,cnn_s1_01,val,Log-Mel CNN,0.23649659752845764,0.3029230187336604
seg_008452,sample_02916,Empty Pockets - Pete Prodoehl,1,0.29899874329566956,cnn_revised_20260919T110440Z,cnn_s1_01,val,Log-Mel CNN,0.23649659752845764,0.3029230187336604
seg_008453,sample_02916,Empty Pockets - Pete Prodoehl,1,0.9007701277732849,cnn_revised_20260919T110440Z,cnn_s1_01,val,Log-Mel CNN,0.23649659752845764,0.3029230187336604
seg_008460,sample_02919,Evil Cannot Create - Caleb Lemond,1,0.8911404609680176,cnn_revised_20260919T110440Z,cnn_s1_01,val,Log-Mel CNN,0.23649659752845764,0.3029230187336604
seg_008461,sample_02919,Evil Cannot Create - Caleb Lemond,1,0.6146528124809265,cnn_revised_20260919T110440Z,cnn_s1_01,val,Log-Mel CNN,0.23649659752845764,0.3029230187336604
seg_008462,sample_02919,Evil Cannot Create - Caleb Lemond,1,0.8298114538192749,cnn_revised_20260919T110440Z,cnn_s1_01,val,Log-Mel CNN,0.23649659752845764,0.3029230187336604
seg_008463,sample_02920,Evil Cannot Create - Caleb Lemond,1,0.8406432271003723,cnn_revised_20260919T110440Z,cnn_s1_01,val,Log-Mel CNN,0.23649659752845764,0.3029230187336604
seg_008464,sample_02920,Evil Cannot Create - Caleb Lemond,1,0.651701033115387,cnn_revised_20260919T110440Z,cnn_s1_01,val,Log-Mel CNN,0.23649659752845764,0.3029230187336604
seg_008465,sample_02920,Evil Cannot Create - Caleb Lemond,1,0.33308127522468567,cnn_revised_20260919T110440Z,cnn_s1_01,val,Log-Mel CNN,0.23649659752845764,0.3029230187336604
seg_008502,sample_02933,Gila Monster Flop/Music History Lesson:The Sonics - The Crypts!,1,0.09001720696687698,cnn_revised_20260919T110440Z,cnn_s1_01,val,Log-Mel CNN,0.23649659752845764,0.3029230187336604
seg_008503,sample_02933,Gila Monster Flop/Music History Lesson:The Sonics - The Crypts!,1,0.3748263418674469,cnn_revised_20260919T110440Z,cnn_s1_01,val,Log-Mel CNN,0.23649659752845764,0.3029230187336604
seg_008504,sample_02933,Gila Monster Flop/Music History Lesson:The Sonics - The Crypts!,1,0.3308677077293396,cnn_revised_20260919T110440Z,cnn_s1_01,val,Log-Mel CNN,0.23649659752845764,0.3029230187336604
seg_008505,sample_02934,Gila Monster Flop/Music History Lesson:The Sonics - The Crypts!,1,0.0074274237267673016,cnn_revised_20260919T110440Z,cnn_s1_01,val,Log-Mel CNN,0.23649659752845764,0.3029230187336604
seg_008506,sample_02934,Gila Monster Flop/Music History Lesson:The Sonics - The Crypts!,1,0.015568066388368607,cnn_revised_20260919T110440Z,cnn_s1_01,val,Log-Mel CNN,0.23649659752845764,0.3029230187336604
seg_008507,sample_02934,Gila Monster Flop/Music History Lesson:The Sonics - The Crypts!,1,0.10344589501619339,cnn_revised_20260919T110440Z,cnn_s1_01,val,Log-Mel CNN,0.23649659752845764,0.3029230187336604
seg_008538,sample_02945,I Fell - Mod Fun,1,0.12839438021183014,cnn_revised_20260919T110440Z,cnn_s1_01,val,Log-Mel CNN,0.23649659752845764,0.3029230187336604
seg_008539,sample_02945,I Fell - Mod Fun,1,0.034986406564712524,cnn_revised_20260919T110440Z,cnn_s1_01,val,Log-Mel CNN,0.23649659752845764,0.3029230187336604
seg_008540,sample_02945,I Fell - Mod Fun,1,0.4584449231624603,cnn_revised_20260919T110440Z,cnn_s1_01,val,Log-Mel CNN,0.23649659752845764,0.3029230187336604
seg_008541,sample_02946,I Fell - Mod Fun,1,0.07265999168157578,cnn_revised_20260919T110440Z,cnn_s1_01,val,Log-Mel CNN,0.23649659752845764,0.3029230187336604
seg_008542,sample_02946,I Fell - Mod Fun,1,0.27523019909858704,cnn_revised_20260919T110440Z,cnn_s1_01,val,Log-Mel CNN,0.23649659752845764,0.3029230187336604
seg_008543,sample_02946,I Fell - Mod Fun,1,0.550744891166687,cnn_revised_20260919T110440Z,cnn_s1_01,val,Log-Mel CNN,0.23649659752845764,0.3029230187336604
seg_008652,sample_02983,March of the GPA Mechanics - [t]ghost,1,0.012490768916904926,cnn_revised_20260919T110440Z,cnn_s1_01,val,Log-Mel CNN,0.23649659752845764,0.3029230187336604
seg_008653,sample_02983,March of the GPA Mechanics - [t]ghost,1,0.519441545009613,cnn_revised_20260919T110440Z,cnn_s1_01,val,Log-Mel CNN,0.23649659752845764,0.3029230187336604
seg_008654,sample_02983,March of the GPA Mechanics - [t]ghost,1,0.8509984016418457,cnn_revised_20260919T110440Z,cnn_s1_01,val,Log-Mel CNN,0.23649659752845764,0.3029230187336604
seg_008655,sample_02984,March of the GPA Mechanics - [t]ghost,1,0.012061521410942078,cnn_revised_20260919T110440Z,cnn_s1_01,val,Log-Mel CNN,0.23649659752845764,0.3029230187336604
seg_008656,sample_02984,March of the GPA Mechanics - [t]ghost,1,0.18568551540374756,cnn_revised_20260919T110440Z,cnn_s1_01,val,Log-Mel CNN,0.23649659752845764,0.3029230187336604
seg_008657,sample_02984,March of the GPA Mechanics - [t]ghost,1,0.7236950993537903,cnn_revised_20260919T110440Z,cnn_s1_01,val,Log-Mel CNN,0.23649659752845764,0.3029230187336604
seg_008700,sample_02999,New Life (take 1) - Bird Names,1,0.3374740779399872,cnn_revised_20260919T110440Z,cnn_s1_01,val,Log-Mel CNN,0.23649659752845764,0.3029230187336604
seg_008701,sample_02999,New Life (take 1) - Bird Names,1,0.22091162204742432,cnn_revised_20260919T110440Z,cnn_s1_01,val,Log-Mel CNN,0.23649659752845764,0.3029230187336604
seg_008702,sample_02999,New Life (take 1) - Bird Names,1,0.8804026246070862,cnn_revised_20260919T110440Z,cnn_s1_01,val,Log-Mel CNN,0.23649659752845764,0.3029230187336604
seg_008703,sample_03000,New Life (take 1) - Bird Names,1,0.8220805525779724,cnn_revised_20260919T110440Z,cnn_s1_01,val,Log-Mel CNN,0.23649659752845764,0.3029230187336604
seg_008704,sample_03000,New Life (take 1) - Bird Names,1,0.25513821840286255,cnn_revised_20260919T110440Z,cnn_s1_01,val,Log-Mel CNN,0.23649659752845764,0.3029230187336604
seg_008705,sample_03000,New Life (take 1) - Bird Names,1,0.7125253677368164,cnn_revised_20260919T110440Z,cnn_s1_01,val,Log-Mel CNN,0.23649659752845764,0.3029230187336604
seg_008706,sample_03001,Night Drive - Decktonic,1,0.796312689781189,cnn_revised_20260919T110440Z,cnn_s1_01,val,Log-Mel CNN,0.23649659752845764,0.3029230187336604
seg_008707,sample_03001,Night Drive - Decktonic,1,0.9845824241638184,cnn_revised_20260919T110440Z,cnn_s1_01,val,Log-Mel CNN,0.23649659752845764,0.3029230187336604
seg_008708,sample_03001,Night Drive - Decktonic,1,0.44703662395477295,cnn_revised_20260919T110440Z,cnn_s1_01,val,Log-Mel CNN,0.23649659752845764,0.3029230187336604
seg_008709,sample_03002,Night Drive - Decktonic,1,0.8553365468978882,cnn_revised_20260919T110440Z,cnn_s1_01,val,Log-Mel CNN,0.23649659752845764,0.3029230187336604
seg_008710,sample_03002,Night Drive - Decktonic,1,0.7826138138771057,cnn_revised_20260919T110440Z,cnn_s1_01,val,Log-Mel CNN,0.23649659752845764,0.3029230187336604
seg_008711,sample_03002,Night Drive - Decktonic,1,0.9556384682655334,cnn_revised_20260919T110440Z,cnn_s1_01,val,Log-Mel CNN,0.23649659752845764,0.3029230187336604
seg_008724,sample_03007,Norweigian Wood II - Bird Names,1,0.2862948179244995,cnn_revised_20260919T110440Z,cnn_s1_01,val,Log-Mel CNN,0.23649659752845764,0.3029230187336604
seg_008725,sample_03007,Norweigian Wood II - Bird Names,1,0.19979886710643768,cnn_revised_20260919T110440Z,cnn_s1_01,val,Log-Mel CNN,0.23649659752845764,0.3029230187336604
seg_008726,sample_03007,Norweigian Wood II - Bird Names,1,0.9902870655059814,cnn_revised_20260919T110440Z,cnn_s1_01,val,Log-Mel CNN,0.23649659752845764,0.3029230187336604
seg_008727,sample_03008,Norweigian Wood II - Bird Names,1,0.5811600089073181,cnn_revised_20260919T110440Z,cnn_s1_01,val,Log-Mel CNN,0.23649659752845764,0.3029230187336604
seg_008728,sample_03008,Norweigian Wood II - Bird Names,1,0.4589565694332123,cnn_revised_20260919T110440Z,cnn_s1_01,val,Log-Mel CNN,0.23649659752845764,0.3029230187336604
seg_008729,sample_03008,Norweigian Wood II - Bird Names,1,0.9430124759674072,cnn_revised_20260919T110440Z,cnn_s1_01,val,Log-Mel CNN,0.23649659752845764,0.3029230187336604
seg_008736,sample_03011,Nuo Maisemat - Paavoharju,1,0.30909618735313416,cnn_revised_20260919T110440Z,cnn_s1_01,val,Log-Mel CNN,0.23649659752845764,0.3029230187336604
seg_008737,sample_03011,Nuo Maisemat - Paavoharju,1,0.2609694004058838,cnn_revised_20260919T110440Z,cnn_s1_01,val,Log-Mel CNN,0.23649659752845764,0.3029230187336604
seg_008738,sample_03011,Nuo Maisemat - Paavoharju,1,0.7369858026504517,cnn_revised_20260919T110440Z,cnn_s1_01,val,Log-Mel CNN,0.23649659752845764,0.3029230187336604
seg_008739,sample_03012,Nuo Maisemat - Paavoharju,1,0.8813011050224304,cnn_revised_20260919T110440Z,cnn_s1_01,val,Log-Mel CNN,0.23649659752845764,0.3029230187336604
seg_008740,sample_03012,Nuo Maisemat - Paavoharju,1,0.551399290561676,cnn_revised_20260919T110440Z,cnn_s1_01,val,Log-Mel CNN,0.23649659752845764,0.3029230187336604
seg_008741,sample_03012,Nuo Maisemat - Paavoharju,1,0.21943287551403046,cnn_revised_20260919T110440Z,cnn_s1_01,val,Log-Mel CNN,0.23649659752845764,0.3029230187336604
seg_008844,sample_03047,Roller Star - Monroeville Music Center,1,0.3713527023792267,cnn_revised_20260919T110440Z,cnn_s1_01,val,Log-Mel CNN,0.23649659752845764,0.3029230187336604
seg_008845,sample_03047,Roller Star - Monroeville Music Center,1,0.19771988689899445,cnn_revised_20260919T110440Z,cnn_s1_01,val,Log-Mel CNN,0.23649659752845764,0.3029230187336604
seg_008846,sample_03047,Roller Star - Monroeville Music Center,1,0.8761967420578003,cnn_revised_20260919T110440Z,cnn_s1_01,val,Log-Mel CNN,0.23649659752845764,0.3029230187336604
seg_008847,sample_03048,Roller Star - Monroeville Music Center,1,0.32589757442474365,cnn_revised_20260919T110440Z,cnn_s1_01,val,Log-Mel CNN,0.23649659752845764,0.3029230187336604
seg_008848,sample_03048,Roller Star - Monroeville Music Center,1,0.2794230580329895,cnn_revised_20260919T110440Z,cnn_s1_01,val,Log-Mel CNN,0.23649659752845764,0.3029230187336604
seg_008849,sample_03048,Roller Star - Monroeville Music Center,1,0.878726601600647,cnn_revised_20260919T110440Z,cnn_s1_01,val,Log-Mel CNN,0.23649659752845764,0.3029230187336604
seg_008850,sample_03049,"Roundtrip - Oh Yeah, the Future",1,0.9602014422416687,cnn_revised_20260919T110440Z,cnn_s1_01,val,Log-Mel CNN,0.23649659752845764,0.3029230187336604
seg_008851,sample_03049,"Roundtrip - Oh Yeah, the Future",1,0.39136967062950134,cnn_revised_20260919T110440Z,cnn_s1_01,val,Log-Mel CNN,0.23649659752845764,0.3029230187336604
seg_008852,sample_03049,"Roundtrip - Oh Yeah, the Future",1,0.8589950203895569,cnn_revised_20260919T110440Z,cnn_s1_01,val,Log-Mel CNN,0.23649659752845764,0.3029230187336604
seg_008853,sample_03050,"Roundtrip - Oh Yeah, the Future",1,0.5174947381019592,cnn_revised_20260919T110440Z,cnn_s1_01,val,Log-Mel CNN,0.23649659752845764,0.3029230187336604
seg_008854,sample_03050,"Roundtrip - Oh Yeah, the Future",1,0.1652992069721222,cnn_revised_20260919T110440Z,cnn_s1_01,val,Log-Mel CNN,0.23649659752845764,0.3029230187336604
seg_008855,sample_03050,"Roundtrip - Oh Yeah, the Future",1,0.9628781676292419,cnn_revised_20260919T110440Z,cnn_s1_01,val,Log-Mel CNN,0.23649659752845764,0.3029230187336604
seg_008862,sample_03053,SD (Ill Mix) - H-LR,1,0.21858535706996918,cnn_revised_20260919T110440Z,cnn_s1_01,val,Log-Mel CNN,0.23649659752845764,0.3029230187336604
seg_008863,sample_03053,SD (Ill Mix) - H-LR,1,0.15363813936710358,cnn_revised_20260919T110440Z,cnn_s1_01,val,Log-Mel CNN,0.23649659752845764,0.3029230187336604
seg_008864,sample_03053,SD (Ill Mix) - H-LR,1,0.9671539664268494,cnn_revised_20260919T110440Z,cnn_s1_01,val,Log-Mel CNN,0.23649659752845764,0.3029230187336604
seg_008865,sample_03054,SD (Ill Mix) - H-LR,1,0.3985918462276459,cnn_revised_20260919T110440Z,cnn_s1_01,val,Log-Mel CNN,0.23649659752845764,0.3029230187336604
seg_008866,sample_03054,SD (Ill Mix) - H-LR,1,0.11140941083431244,cnn_revised_20260919T110440Z,cnn_s1_01,val,Log-Mel CNN,0.23649659752845764,0.3029230187336604
seg_008867,sample_03054,SD (Ill Mix) - H-LR,1,0.9153553247451782,cnn_revised_20260919T110440Z,cnn_s1_01,val,Log-Mel CNN,0.23649659752845764,0.3029230187336604
seg_008868,sample_03055,Scramby Eggs - Andy G. Cohen,1,0.03171129524707794,cnn_revised_20260919T110440Z,cnn_s1_01,val,Log-Mel CNN,0.23649659752845764,0.3029230187336604
seg_008869,sample_03055,Scramby Eggs - Andy G. Cohen,1,0.07726682722568512,cnn_revised_20260919T110440Z,cnn_s1_01,val,Log-Mel CNN,0.23649659752845764,0.3029230187336604
seg_008870,sample_03055,Scramby Eggs - Andy G. Cohen,1,0.08275112509727478,cnn_revised_20260919T110440Z,cnn_s1_01,val,Log-Mel CNN,0.23649659752845764,0.3029230187336604
seg_008871,sample_03056,Scramby Eggs - Andy G. Cohen,1,0.12081272155046463,cnn_revised_20260919T110440Z,cnn_s1_01,val,Log-Mel CNN,0.23649659752845764,0.3029230187336604
seg_008872,sample_03056,Scramby Eggs - Andy G. Cohen,1,0.46587786078453064,cnn_revised_20260919T110440Z,cnn_s1_01,val,Log-Mel CNN,0.23649659752845764,0.3029230187336604
seg_008873,sample_03056,Scramby Eggs - Andy G. Cohen,1,0.20246168971061707,cnn_revised_20260919T110440Z,cnn_s1_01,val,Log-Mel CNN,0.23649659752845764,0.3029230187336604
seg_008910,sample_03069,Soleares&beats - Malaventura,1,0.4486023783683777,cnn_revised_20260919T110440Z,cnn_s1_01,val,Log-Mel CNN,0.23649659752845764,0.3029230187336604
seg_008911,sample_03069,Soleares&beats - Malaventura,1,0.323738157749176,cnn_revised_20260919T110440Z,cnn_s1_01,val,Log-Mel CNN,0.23649659752845764,0.3029230187336604
seg_008912,sample_03069,Soleares&beats - Malaventura,1,0.9510607719421387,cnn_revised_20260919T110440Z,cnn_s1_01,val,Log-Mel CNN,0.23649659752845764,0.3029230187336604
seg_008913,sample_03070,Soleares&beats - Malaventura,1,0.42021510004997253,cnn_revised_20260919T110440Z,cnn_s1_01,val,Log-Mel CNN,0.23649659752845764,0.3029230187336604
seg_008914,sample_03070,Soleares&beats - Malaventura,1,0.477906197309494,cnn_revised_20260919T110440Z,cnn_s1_01,val,Log-Mel CNN,0.23649659752845764,0.3029230187336604
seg_008915,sample_03070,Soleares&beats - Malaventura,1,0.7225363254547119,cnn_revised_20260919T110440Z,cnn_s1_01,val,Log-Mel CNN,0.23649659752845764,0.3029230187336604
seg_008934,sample_03077,Stockholm Syndrome / People Should Be More Aware - Bird Names,1,0.98575758934021,cnn_revised_20260919T110440Z,cnn_s1_01,val,Log-Mel CNN,0.23649659752845764,0.3029230187336604
seg_008935,sample_03077,Stockholm Syndrome / People Should Be More Aware - Bird Names,1,0.9999740123748779,cnn_revised_20260919T110440Z,cnn_s1_01,val,Log-Mel CNN,0.23649659752845764,0.3029230187336604
seg_008936,sample_03077,Stockholm Syndrome / People Should Be More Aware - Bird Names,1,0.8536496162414551,cnn_revised_20260919T110440Z,cnn_s1_01,val,Log-Mel CNN,0.23649659752845764,0.3029230187336604
seg_008937,sample_03078,Stockholm Syndrome / People Should Be More Aware - Bird Names,1,0.0027531636878848076,cnn_revised_20260919T110440Z,cnn_s1_01,val,Log-Mel CNN,0.23649659752845764,0.3029230187336604
seg_008938,sample_03078,Stockholm Syndrome / People Should Be More Aware - Bird Names,1,0.09831418097019196,cnn_revised_20260919T110440Z,cnn_s1_01,val,Log-Mel CNN,0.23649659752845764,0.3029230187336604
seg_008939,sample_03078,Stockholm Syndrome / People Should Be More Aware - Bird Names,1,0.07748940587043762,cnn_revised_20260919T110440Z,cnn_s1_01,val,Log-Mel CNN,0.23649659752845764,0.3029230187336604
seg_009030,sample_03109,The girl just faded - Los Llamarada,1,0.7038815021514893,cnn_revised_20260919T110440Z,cnn_s1_01,val,Log-Mel CNN,0.23649659752845764,0.3029230187336604
seg_009031,sample_03109,The girl just faded - Los Llamarada,1,0.009502273052930832,cnn_revised_20260919T110440Z,cnn_s1_01,val,Log-Mel CNN,0.23649659752845764,0.3029230187336604
seg_009032,sample_03109,The girl just faded - Los Llamarada,1,0.8994622230529785,cnn_revised_20260919T110440Z,cnn_s1_01,val,Log-Mel CNN,0.23649659752845764,0.3029230187336604
seg_009033,sample_03110,The girl just faded - Los Llamarada,1,0.3491496443748474,cnn_revised_20260919T110440Z,cnn_s1_01,val,Log-Mel CNN,0.23649659752845764,0.3029230187336604
seg_009034,sample_03110,The girl just faded - Los Llamarada,1,0.03131484612822533,cnn_revised_20260919T110440Z,cnn_s1_01,val,Log-Mel CNN,0.23649659752845764,0.3029230187336604
seg_009035,sample_03110,The girl just faded - Los Llamarada,1,0.6706478595733643,cnn_revised_20260919T110440Z,cnn_s1_01,val,Log-Mel CNN,0.23649659752845764,0.3029230187336604
seg_009042,sample_03113,Time Is Love - Silence is full of birds,1,0.08825292438268661,cnn_revised_20260919T110440Z,cnn_s1_01,val,Log-Mel CNN,0.23649659752845764,0.3029230187336604
seg_009043,sample_03113,Time Is Love - Silence is full of birds,1,0.15300478041172028,cnn_revised_20260919T110440Z,cnn_s1_01,val,Log-Mel CNN,0.23649659752845764,0.3029230187336604
seg_009044,sample_03113,Time Is Love - Silence is full of birds,1,0.8789620399475098,cnn_revised_20260919T110440Z,cnn_s1_01,val,Log-Mel CNN,0.23649659752845764,0.3029230187336604
seg_009045,sample_03114,Time Is Love - Silence is full of birds,1,0.8946756720542908,cnn_revised_20260919T110440Z,cnn_s1_01,val,Log-Mel CNN,0.23649659752845764,0.3029230187336604
seg_009046,sample_03114,Time Is Love - Silence is full of birds,1,0.4128427505493164,cnn_revised_20260919T110440Z,cnn_s1_01,val,Log-Mel CNN,0.23649659752845764,0.3029230187336604
seg_009047,sample_03114,Time Is Love - Silence is full of birds,1,0.4812012314796448,cnn_revised_20260919T110440Z,cnn_s1_01,val,Log-Mel CNN,0.23649659752845764,0.3029230187336604
seg_009078,sample_03125,Voxel - Andy G. Cohen,1,0.08748940378427505,cnn_revised_20260919T110440Z,cnn_s1_01,val,Log-Mel CNN,0.23649659752845764,0.3029230187336604
seg_009079,sample_03125,Voxel - Andy G. Cohen,1,0.16590631008148193,cnn_revised_20260919T110440Z,cnn_s1_01,val,Log-Mel CNN,0.23649659752845764,0.3029230187336604
seg_009080,sample_03125,Voxel - Andy G. Cohen,1,0.42106515169143677,cnn_revised_20260919T110440Z,cnn_s1_01,val,Log-Mel CNN,0.23649659752845764,0.3029230187336604
seg_009081,sample_03126,Voxel - Andy G. Cohen,1,0.31221625208854675,cnn_revised_20260919T110440Z,cnn_s1_01,val,Log-Mel CNN,0.23649659752845764,0.3029230187336604
seg_009082,sample_03126,Voxel - Andy G. Cohen,1,0.31575682759284973,cnn_revised_20260919T110440Z,cnn_s1_01,val,Log-Mel CNN,0.23649659752845764,0.3029230187336604
seg_009083,sample_03126,Voxel - Andy G. Cohen,1,0.6687034368515015,cnn_revised_20260919T110440Z,cnn_s1_01,val,Log-Mel CNN,0.23649659752845764,0.3029230187336604
seg_009114,sample_03137,Windows of the Skull - Sarin,1,0.9310303926467896,cnn_revised_20260919T110440Z,cnn_s1_01,val,Log-Mel CNN,0.23649659752845764,0.3029230187336604
seg_009115,sample_03137,Windows of the Skull - Sarin,1,0.2843784689903259,cnn_revised_20260919T110440Z,cnn_s1_01,val,Log-Mel CNN,0.23649659752845764,0.3029230187336604
seg_009116,sample_03137,Windows of the Skull - Sarin,1,0.9673588275909424,cnn_revised_20260919T110440Z,cnn_s1_01,val,Log-Mel CNN,0.23649659752845764,0.3029230187336604
seg_009117,sample_03138,Windows of the Skull - Sarin,1,0.48850250244140625,cnn_revised_20260919T110440Z,cnn_s1_01,val,Log-Mel CNN,0.23649659752845764,0.3029230187336604
seg_009118,sample_03138,Windows of the Skull - Sarin,1,0.1721840500831604,cnn_revised_20260919T110440Z,cnn_s1_01,val,Log-Mel CNN,0.23649659752845764,0.3029230187336604
seg_009119,sample_03138,Windows of the Skull - Sarin,1,0.41110414266586304,cnn_revised_20260919T110440Z,cnn_s1_01,val,Log-Mel CNN,0.23649659752845764,0.3029230187336604
seg_009168,sample_03155,mystery team 2090 - Jesse Futerman,1,0.9170849323272705,cnn_revised_20260919T110440Z,cnn_s1_01,val,Log-Mel CNN,0.23649659752845764,0.3029230187336604
seg_009169,sample_03155,mystery team 2090 - Jesse Futerman,1,0.44222426414489746,cnn_revised_20260919T110440Z,cnn_s1_01,val,Log-Mel CNN,0.23649659752845764,0.3029230187336604
seg_009170,sample_03155,mystery team 2090 - Jesse Futerman,1,0.9777581691741943,cnn_revised_20260919T110440Z,cnn_s1_01,val,Log-Mel CNN,0.23649659752845764,0.3029230187336604
seg_009171,sample_03156,mystery team 2090 - Jesse Futerman,1,0.23153255879878998,cnn_revised_20260919T110440Z,cnn_s1_01,val,Log-Mel CNN,0.23649659752845764,0.3029230187336604
seg_009172,sample_03156,mystery team 2090 - Jesse Futerman,1,0.6840757727622986,cnn_revised_20260919T110440Z,cnn_s1_01,val,Log-Mel CNN,0.23649659752845764,0.3029230187336604
seg_009173,sample_03156,mystery team 2090 - Jesse Futerman,1,0.5268288254737854,cnn_revised_20260919T110440Z,cnn_s1_01,val,Log-Mel CNN,0.23649659752845764,0.3029230187336604
seg_009192,sample_03163,Новый Нью-Йорк 2 - Чокнутый Пропеллер,1,0.060600295662879944,cnn_revised_20260919T110440Z,cnn_s1_01,val,Log-Mel CNN,0.23649659752845764,0.3029230187336604
seg_009193,sample_03163,Новый Нью-Йорк 2 - Чокнутый Пропеллер,1,0.16307181119918823,cnn_revised_20260919T110440Z,cnn_s1_01,val,Log-Mel CNN,0.23649659752845764,0.3029230187336604
seg_009194,sample_03163,Новый Нью-Йорк 2 - Чокнутый Пропеллер,1,0.22802075743675232,cnn_revised_20260919T110440Z,cnn_s1_01,val,Log-Mel CNN,0.23649659752845764,0.3029230187336604
seg_009195,sample_03164,Новый Нью-Йорк 2 - Чокнутый Пропеллер,1,0.15297095477581024,cnn_revised_20260919T110440Z,cnn_s1_01,val,Log-Mel CNN,0.23649659752845764,0.3029230187336604
seg_009196,sample_03164,Новый Нью-Йорк 2 - Чокнутый Пропеллер,1,0.23649659752845764,cnn_revised_20260919T110440Z,cnn_s1_01,val,Log-Mel CNN,0.23649659752845764,0.3029230187336604
seg_009197,sample_03164,Новый Нью-Йорк 2 - Чокнутый Пропеллер,1,0.5772789716720581,cnn_revised_20260919T110440Z,cnn_s1_01,val,Log-Mel CNN,0.23649659752845764,0.3029230187336604
seg_009207,sample_03168,2 (Wasn't There) - Isle of Pine,1,0.49171045422554016,cnn_revised_20260919T110440Z,cnn_s1_01,val,Log-Mel CNN,0.23649659752845764,0.3029230187336604
seg_009208,sample_03168,2 (Wasn't There) - Isle of Pine,1,0.0977364182472229,cnn_revised_20260919T110440Z,cnn_s1_01,val,Log-Mel CNN,0.23649659752845764,0.3029230187336604
seg_009209,sample_03168,2 (Wasn't There) - Isle of Pine,1,0.7106537818908691,cnn_revised_20260919T110440Z,cnn_s1_01,val,Log-Mel CNN,0.23649659752845764,0.3029230187336604
seg_009228,sample_03175,Agora - Malaventura,1,0.39318373799324036,cnn_revised_20260919T110440Z,cnn_s1_01,val,Log-Mel CNN,0.23649659752845764,0.3029230187336604
seg_009229,sample_03175,Agora - Malaventura,1,0.9692826271057129,cnn_revised_20260919T110440Z,cnn_s1_01,val,Log-Mel CNN,0.23649659752845764,0.3029230187336604
seg_009230,sample_03175,Agora - Malaventura,1,0.9403992891311646,cnn_revised_20260919T110440Z,cnn_s1_01,val,Log-Mel CNN,0.23649659752845764,0.3029230187336604
seg_009279,sample_03192,Beyond Luxury - Mors Ontologica,1,0.14526009559631348,cnn_revised_20260919T110440Z,cnn_s1_01,val,Log-Mel CNN,0.23649659752845764,0.3029230187336604
seg_009280,sample_03192,Beyond Luxury - Mors Ontologica,1,0.26394185423851013,cnn_revised_20260919T110440Z,cnn_s1_01,val,Log-Mel CNN,0.23649659752845764,0.3029230187336604
seg_009281,sample_03192,Beyond Luxury - Mors Ontologica,1,0.9664520025253296,cnn_revised_20260919T110440Z,cnn_s1_01,val,Log-Mel CNN,0.23649659752845764,0.3029230187336604
seg_009324,sample_03207,CopperNickle - UncleBibby,1,0.4002857208251953,cnn_revised_20260919T110440Z,cnn_s1_01,val,Log-Mel CNN,0.23649659752845764,0.3029230187336604
seg_009325,sample_03207,CopperNickle - UncleBibby,1,0.9638202786445618,cnn_revised_20260919T110440Z,cnn_s1_01,val,Log-Mel CNN,0.23649659752845764,0.3029230187336604
seg_009326,sample_03207,CopperNickle - UncleBibby,1,0.9690561294555664,cnn_revised_20260919T110440Z,cnn_s1_01,val,Log-Mel CNN,0.23649659752845764,0.3029230187336604
seg_009339,sample_03212,Daylight Savings - My brother Daniel,1,0.9491612315177917,cnn_revised_20260919T110440Z,cnn_s1_01,val,Log-Mel CNN,0.23649659752845764,0.3029230187336604
seg_009340,sample_03212,Daylight Savings - My brother Daniel,1,0.4111879765987396,cnn_revised_20260919T110440Z,cnn_s1_01,val,Log-Mel CNN,0.23649659752845764,0.3029230187336604
seg_009341,sample_03212,Daylight Savings - My brother Daniel,1,0.6187086701393127,cnn_revised_20260919T110440Z,cnn_s1_01,val,Log-Mel CNN,0.23649659752845764,0.3029230187336604
seg_009375,sample_03224,Empty Pockets - Pete Prodoehl,1,0.8281447887420654,cnn_revised_20260919T110440Z,cnn_s1_01,val,Log-Mel CNN,0.23649659752845764,0.3029230187336604
seg_009376,sample_03224,Empty Pockets - Pete Prodoehl,1,0.8447244763374329,cnn_revised_20260919T110440Z,cnn_s1_01,val,Log-Mel CNN,0.23649659752845764,0.3029230187336604
seg_009377,sample_03224,Empty Pockets - Pete Prodoehl,1,0.8472077250480652,cnn_revised_20260919T110440Z,cnn_s1_01,val,Log-Mel CNN,0.23649659752845764,0.3029230187336604
seg_009393,sample_03230,Evil Cannot Create - Caleb Lemond,1,0.8342179656028748,cnn_revised_20260919T110440Z,cnn_s1_01,val,Log-Mel CNN,0.23649659752845764,0.3029230187336604
seg_009394,sample_03230,Evil Cannot Create - Caleb Lemond,1,0.6917206048965454,cnn_revised_20260919T110440Z,cnn_s1_01,val,Log-Mel CNN,0.23649659752845764,0.3029230187336604
seg_009395,sample_03230,Evil Cannot Create - Caleb Lemond,1,0.9358761310577393,cnn_revised_20260919T110440Z,cnn_s1_01,val,Log-Mel CNN,0.23649659752845764,0.3029230187336604
seg_009399,sample_03232,Fear - Los Fancy Free,1,0.9333099722862244,cnn_revised_20260919T110440Z,cnn_s1_01,val,Log-Mel CNN,0.23649659752845764,0.3029230187336604
seg_009400,sample_03232,Fear - Los Fancy Free,1,0.96693354845047,cnn_revised_20260919T110440Z,cnn_s1_01,val,Log-Mel CNN,0.23649659752845764,0.3029230187336604
seg_009401,sample_03232,Fear - Los Fancy Free,1,0.6523956060409546,cnn_revised_20260919T110440Z,cnn_s1_01,val,Log-Mel CNN,0.23649659752845764,0.3029230187336604
seg_009402,sample_03233,Fifth Ramble - From the album Keith [RSVP007] - My brother Daniel,1,0.5938665270805359,cnn_revised_20260919T110440Z,cnn_s1_01,val,Log-Mel CNN,0.23649659752845764,0.3029230187336604
seg_009403,sample_03233,Fifth Ramble - From the album Keith [RSVP007] - My brother Daniel,1,0.8439967632293701,cnn_revised_20260919T110440Z,cnn_s1_01,val,Log-Mel CNN,0.23649659752845764,0.3029230187336604
seg_009404,sample_03233,Fifth Ramble - From the album Keith [RSVP007] - My brother Daniel,1,0.6187379360198975,cnn_revised_20260919T110440Z,cnn_s1_01,val,Log-Mel CNN,0.23649659752845764,0.3029230187336604
seg_009438,sample_03245,Gila Monster Flop/Music History Lesson:The Sonics - The Crypts!,1,0.4038947522640228,cnn_revised_20260919T110440Z,cnn_s1_01,val,Log-Mel CNN,0.23649659752845764,0.3029230187336604
seg_009439,sample_03245,Gila Monster Flop/Music History Lesson:The Sonics - The Crypts!,1,0.7213401794433594,cnn_revised_20260919T110440Z,cnn_s1_01,val,Log-Mel CNN,0.23649659752845764,0.3029230187336604
seg_009440,sample_03245,Gila Monster Flop/Music History Lesson:The Sonics - The Crypts!,1,0.7215968370437622,cnn_revised_20260919T110440Z,cnn_s1_01,val,Log-Mel CNN,0.23649659752845764,0.3029230187336604
seg_009471,sample_03256,If You're Ther - Nicola Ratti,1,0.8608420491218567,cnn_revised_20260919T110440Z,cnn_s1_01,val,Log-Mel CNN,0.23649659752845764,0.3029230187336604
seg_009472,sample_03256,If You're Ther - Nicola Ratti,1,0.978943943977356,cnn_revised_20260919T110440Z,cnn_s1_01,val,Log-Mel CNN,0.23649659752845764,0.3029230187336604
seg_009473,sample_03256,If You're Ther - Nicola Ratti,1,0.8999536037445068,cnn_revised_20260919T110440Z,cnn_s1_01,val,Log-Mel CNN,0.23649659752845764,0.3029230187336604
seg_009501,sample_03266,I Fell - Mod Fun,1,0.7260209918022156,cnn_revised_20260919T110440Z,cnn_s1_01,val,Log-Mel CNN,0.23649659752845764,0.3029230187336604
seg_009502,sample_03266,I Fell - Mod Fun,1,0.8391258120536804,cnn_revised_20260919T110440Z,cnn_s1_01,val,Log-Mel CNN,0.23649659752845764,0.3029230187336604
seg_009503,sample_03266,I Fell - Mod Fun,1,0.5865729451179504,cnn_revised_20260919T110440Z,cnn_s1_01,val,Log-Mel CNN,0.23649659752845764,0.3029230187336604
seg_009549,sample_03282,Kumorizoranohajimarutokoro - Hosomi,1,0.9389960169792175,cnn_revised_20260919T110440Z,cnn_s1_01,val,Log-Mel CNN,0.23649659752845764,0.3029230187336604
seg_009550,sample_03282,Kumorizoranohajimarutokoro - Hosomi,1,0.996406614780426,cnn_revised_20260919T110440Z,cnn_s1_01,val,Log-Mel CNN,0.23649659752845764,0.3029230187336604
seg_009551,sample_03282,Kumorizoranohajimarutokoro - Hosomi,1,0.9863321781158447,cnn_revised_20260919T110440Z,cnn_s1_01,val,Log-Mel CNN,0.23649659752845764,0.3029230187336604
seg_009585,sample_03294,Lights Up - Pipe Choir,1,0.5013175010681152,cnn_revised_20260919T110440Z,cnn_s1_01,val,Log-Mel CNN,0.23649659752845764,0.3029230187336604
seg_009586,sample_03294,Lights Up - Pipe Choir,1,0.9291437268257141,cnn_revised_20260919T110440Z,cnn_s1_01,val,Log-Mel CNN,0.23649659752845764,0.3029230187336604
seg_009587,sample_03294,Lights Up - Pipe Choir,1,0.7405738830566406,cnn_revised_20260919T110440Z,cnn_s1_01,val,Log-Mel CNN,0.23649659752845764,0.3029230187336604
seg_009603,sample_03300,Loved Ones - Rowan Box,1,0.8634955286979675,cnn_revised_20260919T110440Z,cnn_s1_01,val,Log-Mel CNN,0.23649659752845764,0.3029230187336604
seg_009604,sample_03300,Loved Ones - Rowan Box,1,0.9170283675193787,cnn_revised_20260919T110440Z,cnn_s1_01,val,Log-Mel CNN,0.23649659752845764,0.3029230187336604
seg_009605,sample_03300,Loved Ones - Rowan Box,1,0.7588945031166077,cnn_revised_20260919T110440Z,cnn_s1_01,val,Log-Mel CNN,0.23649659752845764,0.3029230187336604
seg_009615,sample_03304,March of the GPA Mechanics - [t]ghost,1,0.7488070726394653,cnn_revised_20260919T110440Z,cnn_s1_01,val,Log-Mel CNN,0.23649659752845764,0.3029230187336604
seg_009616,sample_03304,March of the GPA Mechanics - [t]ghost,1,0.8794862031936646,cnn_revised_20260919T110440Z,cnn_s1_01,val,Log-Mel CNN,0.23649659752845764,0.3029230187336604
seg_009617,sample_03304,March of the GPA Mechanics - [t]ghost,1,0.9209320545196533,cnn_revised_20260919T110440Z,cnn_s1_01,val,Log-Mel CNN,0.23649659752845764,0.3029230187336604
seg_009636,sample_03311,Morning Bell - Nihilore,1,0.9571512937545776,cnn_revised_20260919T110440Z,cnn_s1_01,val,Log-Mel CNN,0.23649659752845764,0.3029230187336604
seg_009637,sample_03311,Morning Bell - Nihilore,1,0.9361171722412109,cnn_revised_20260919T110440Z,cnn_s1_01,val,Log-Mel CNN,0.23649659752845764,0.3029230187336604
seg_009638,sample_03311,Morning Bell - Nihilore,1,0.8518843054771423,cnn_revised_20260919T110440Z,cnn_s1_01,val,Log-Mel CNN,0.23649659752845764,0.3029230187336604
seg_009651,sample_03316,mystery team 2090 - Jesse Futerman,1,0.6880703568458557,cnn_revised_20260919T110440Z,cnn_s1_01,val,Log-Mel CNN,0.23649659752845764,0.3029230187336604
seg_009652,sample_03316,mystery team 2090 - Jesse Futerman,1,0.9932968020439148,cnn_revised_20260919T110440Z,cnn_s1_01,val,Log-Mel CNN,0.23649659752845764,0.3029230187336604
seg_009653,sample_03316,mystery team 2090 - Jesse Futerman,1,0.4479158818721771,cnn_revised_20260919T110440Z,cnn_s1_01,val,Log-Mel CNN,0.23649659752845764,0.3029230187336604
seg_009654,sample_03317,My Body Is A Weapon (Compromise Edit) - Silence is full of birds,1,0.9825959205627441,cnn_revised_20260919T110440Z,cnn_s1_01,val,Log-Mel CNN,0.23649659752845764,0.3029230187336604
seg_009655,sample_03317,My Body Is A Weapon (Compromise Edit) - Silence is full of birds,1,0.8634284734725952,cnn_revised_20260919T110440Z,cnn_s1_01,val,Log-Mel CNN,0.23649659752845764,0.3029230187336604
seg_009656,sample_03317,My Body Is A Weapon (Compromise Edit) - Silence is full of birds,1,0.42517971992492676,cnn_revised_20260919T110440Z,cnn_s1_01,val,Log-Mel CNN,0.23649659752845764,0.3029230187336604
seg_009666,sample_03321,New Life (take 1) - Bird Names,1,0.9470670819282532,cnn_revised_20260919T110440Z,cnn_s1_01,val,Log-Mel CNN,0.23649659752845764,0.3029230187336604
seg_009667,sample_03321,New Life (take 1) - Bird Names,1,0.9616520404815674,cnn_revised_20260919T110440Z,cnn_s1_01,val,Log-Mel CNN,0.23649659752845764,0.3029230187336604
seg_009668,sample_03321,New Life (take 1) - Bird Names,1,0.8715733885765076,cnn_revised_20260919T110440Z,cnn_s1_01,val,Log-Mel CNN,0.23649659752845764,0.3029230187336604
seg_009672,sample_03323,Night Drive - Decktonic,1,0.8133643269538879,cnn_revised_20260919T110440Z,cnn_s1_01,val,Log-Mel CNN,0.23649659752845764,0.3029230187336604
seg_009673,sample_03323,Night Drive - Decktonic,1,0.8340385556221008,cnn_revised_20260919T110440Z,cnn_s1_01,val,Log-Mel CNN,0.23649659752845764,0.3029230187336604
seg_009674,sample_03323,Night Drive - Decktonic,1,0.6817168593406677,cnn_revised_20260919T110440Z,cnn_s1_01,val,Log-Mel CNN,0.23649659752845764,0.3029230187336604
seg_009681,sample_03326,Norweigian Wood II - Bird Names,1,0.7734056711196899,cnn_revised_20260919T110440Z,cnn_s1_01,val,Log-Mel CNN,0.23649659752845764,0.3029230187336604
seg_009682,sample_03326,Norweigian Wood II - Bird Names,1,0.7868857383728027,cnn_revised_20260919T110440Z,cnn_s1_01,val,Log-Mel CNN,0.23649659752845764,0.3029230187336604
seg_009683,sample_03326,Norweigian Wood II - Bird Names,1,0.9379096031188965,cnn_revised_20260919T110440Z,cnn_s1_01,val,Log-Mel CNN,0.23649659752845764,0.3029230187336604
seg_009693,sample_03330,Nuo Maisemat - Paavoharju,1,0.7461029291152954,cnn_revised_20260919T110440Z,cnn_s1_01,val,Log-Mel CNN,0.23649659752845764,0.3029230187336604
seg_009694,sample_03330,Nuo Maisemat - Paavoharju,1,0.9989461302757263,cnn_revised_20260919T110440Z,cnn_s1_01,val,Log-Mel CNN,0.23649659752845764,0.3029230187336604
seg_009695,sample_03330,Nuo Maisemat - Paavoharju,1,0.9781238436698914,cnn_revised_20260919T110440Z,cnn_s1_01,val,Log-Mel CNN,0.23649659752845764,0.3029230187336604
seg_009756,sample_03351,Redlight - Room For A Ghost,1,0.949192464351654,cnn_revised_20260919T110440Z,cnn_s1_01,val,Log-Mel CNN,0.23649659752845764,0.3029230187336604
seg_009757,sample_03351,Redlight - Room For A Ghost,1,0.9659580588340759,cnn_revised_20260919T110440Z,cnn_s1_01,val,Log-Mel CNN,0.23649659752845764,0.3029230187336604
seg_009758,sample_03351,Redlight - Room For A Ghost,1,0.8134403824806213,cnn_revised_20260919T110440Z,cnn_s1_01,val,Log-Mel CNN,0.23649659752845764,0.3029230187336604
seg_009774,sample_03357,Roller Star - Monroeville Music Center,1,0.9326560497283936,cnn_revised_20260919T110440Z,cnn_s1_01,val,Log-Mel CNN,0.23649659752845764,0.3029230187336604
seg_009775,sample_03357,Roller Star - Monroeville Music Center,1,0.8136270642280579,cnn_revised_20260919T110440Z,cnn_s1_01,val,Log-Mel CNN,0.23649659752845764,0.3029230187336604
seg_009776,sample_03357,Roller Star - Monroeville Music Center,1,0.7319773435592651,cnn_revised_20260919T110440Z,cnn_s1_01,val,Log-Mel CNN,0.23649659752845764,0.3029230187336604
seg_009780,sample_03359,"Roundtrip - Oh Yeah, the Future",1,0.8268382549285889,cnn_revised_20260919T110440Z,cnn_s1_01,val,Log-Mel CNN,0.23649659752845764,0.3029230187336604
seg_009781,sample_03359,"Roundtrip - Oh Yeah, the Future",1,0.8983891606330872,cnn_revised_20260919T110440Z,cnn_s1_01,val,Log-Mel CNN,0.23649659752845764,0.3029230187336604
seg_009782,sample_03359,"Roundtrip - Oh Yeah, the Future",1,0.9446367621421814,cnn_revised_20260919T110440Z,cnn_s1_01,val,Log-Mel CNN,0.23649659752845764,0.3029230187336604
seg_009792,sample_03363,Scramby Eggs - Andy G. Cohen,1,0.9625328779220581,cnn_revised_20260919T110440Z,cnn_s1_01,val,Log-Mel CNN,0.23649659752845764,0.3029230187336604
seg_009793,sample_03363,Scramby Eggs - Andy G. Cohen,1,0.5590782761573792,cnn_revised_20260919T110440Z,cnn_s1_01,val,Log-Mel CNN,0.23649659752845764,0.3029230187336604
seg_009794,sample_03363,Scramby Eggs - Andy G. Cohen,1,0.8861038684844971,cnn_revised_20260919T110440Z,cnn_s1_01,val,Log-Mel CNN,0.23649659752845764,0.3029230187336604
seg_009795,sample_03364,SD (Ill Mix) - H-LR,1,0.520956814289093,cnn_revised_20260919T110440Z,cnn_s1_01,val,Log-Mel CNN,0.23649659752845764,0.3029230187336604
seg_009796,sample_03364,SD (Ill Mix) - H-LR,1,0.8604026436805725,cnn_revised_20260919T110440Z,cnn_s1_01,val,Log-Mel CNN,0.23649659752845764,0.3029230187336604
seg_009797,sample_03364,SD (Ill Mix) - H-LR,1,0.6418241262435913,cnn_revised_20260919T110440Z,cnn_s1_01,val,Log-Mel CNN,0.23649659752845764,0.3029230187336604
seg_009819,sample_03372,Shipwrecked Crew - Pete Prodoehl,1,0.8514045476913452,cnn_revised_20260919T110440Z,cnn_s1_01,val,Log-Mel CNN,0.23649659752845764,0.3029230187336604
seg_009820,sample_03372,Shipwrecked Crew - Pete Prodoehl,1,0.758704662322998,cnn_revised_20260919T110440Z,cnn_s1_01,val,Log-Mel CNN,0.23649659752845764,0.3029230187336604
seg_009821,sample_03372,Shipwrecked Crew - Pete Prodoehl,1,0.28259140253067017,cnn_revised_20260919T110440Z,cnn_s1_01,val,Log-Mel CNN,0.23649659752845764,0.3029230187336604
seg_009837,sample_03378,Soleares&beats - Malaventura,1,0.824050784111023,cnn_revised_20260919T110440Z,cnn_s1_01,val,Log-Mel CNN,0.23649659752845764,0.3029230187336604
seg_009838,sample_03378,Soleares&beats - Malaventura,1,0.6811186075210571,cnn_revised_20260919T110440Z,cnn_s1_01,val,Log-Mel CNN,0.23649659752845764,0.3029230187336604
seg_009839,sample_03378,Soleares&beats - Malaventura,1,0.28634530305862427,cnn_revised_20260919T110440Z,cnn_s1_01,val,Log-Mel CNN,0.23649659752845764,0.3029230187336604
seg_009843,sample_03380,some dextromethorphan - Jeva,1,0.6342456936836243,cnn_revised_20260919T110440Z,cnn_s1_01,val,Log-Mel CNN,0.23649659752845764,0.3029230187336604
seg_009844,sample_03380,some dextromethorphan - Jeva,1,0.9493499398231506,cnn_revised_20260919T110440Z,cnn_s1_01,val,Log-Mel CNN,0.23649659752845764,0.3029230187336604
seg_009845,sample_03380,some dextromethorphan - Jeva,1,0.8633229732513428,cnn_revised_20260919T110440Z,cnn_s1_01,val,Log-Mel CNN,0.23649659752845764,0.3029230187336604
seg_009858,sample_03385,Stockholm Syndrome / People Should Be More Aware - Bird Names,1,0.9545060992240906,cnn_revised_20260919T110440Z,cnn_s1_01,val,Log-Mel CNN,0.23649659752845764,0.3029230187336604
seg_009859,sample_03385,Stockholm Syndrome / People Should Be More Aware - Bird Names,1,0.9742522239685059,cnn_revised_20260919T110440Z,cnn_s1_01,val,Log-Mel CNN,0.23649659752845764,0.3029230187336604
seg_009860,sample_03385,Stockholm Syndrome / People Should Be More Aware - Bird Names,1,0.9698930382728577,cnn_revised_20260919T110440Z,cnn_s1_01,val,Log-Mel CNN,0.23649659752845764,0.3029230187336604
seg_009870,sample_03389,Sturgeon's Law - Nihilore,1,0.7445680499076843,cnn_revised_20260919T110440Z,cnn_s1_01,val,Log-Mel CNN,0.23649659752845764,0.3029230187336604
seg_009871,sample_03389,Sturgeon's Law - Nihilore,1,0.9356309771537781,cnn_revised_20260919T110440Z,cnn_s1_01,val,Log-Mel CNN,0.23649659752845764,0.3029230187336604
seg_009872,sample_03389,Sturgeon's Law - Nihilore,1,0.8305530548095703,cnn_revised_20260919T110440Z,cnn_s1_01,val,Log-Mel CNN,0.23649659752845764,0.3029230187336604
seg_009927,sample_03408,The girl just faded - Los Llamarada,1,0.9143911600112915,cnn_revised_20260919T110440Z,cnn_s1_01,val,Log-Mel CNN,0.23649659752845764,0.3029230187336604
seg_009928,sample_03408,The girl just faded - Los Llamarada,1,0.9146718978881836,cnn_revised_20260919T110440Z,cnn_s1_01,val,Log-Mel CNN,0.23649659752845764,0.3029230187336604
seg_009929,sample_03408,The girl just faded - Los Llamarada,1,0.7609862685203552,cnn_revised_20260919T110440Z,cnn_s1_01,val,Log-Mel CNN,0.23649659752845764,0.3029230187336604
seg_009954,sample_03417,The Stairway - WarpToken,1,0.9015013575553894,cnn_revised_20260919T110440Z,cnn_s1_01,val,Log-Mel CNN,0.23649659752845764,0.3029230187336604
seg_009955,sample_03417,The Stairway - WarpToken,1,0.9769536852836609,cnn_revised_20260919T110440Z,cnn_s1_01,val,Log-Mel CNN,0.23649659752845764,0.3029230187336604
seg_009956,sample_03417,The Stairway - WarpToken,1,0.6067250967025757,cnn_revised_20260919T110440Z,cnn_s1_01,val,Log-Mel CNN,0.23649659752845764,0.3029230187336604
seg_009957,sample_03418,Three Bird - My brother Daniel,1,0.5328766107559204,cnn_revised_20260919T110440Z,cnn_s1_01,val,Log-Mel CNN,0.23649659752845764,0.3029230187336604
seg_009958,sample_03418,Three Bird - My brother Daniel,1,0.851210355758667,cnn_revised_20260919T110440Z,cnn_s1_01,val,Log-Mel CNN,0.23649659752845764,0.3029230187336604
seg_009959,sample_03418,Three Bird - My brother Daniel,1,0.8564109802246094,cnn_revised_20260919T110440Z,cnn_s1_01,val,Log-Mel CNN,0.23649659752845764,0.3029230187336604
seg_009960,sample_03419,Timen Passing By - Jason Shaw,1,0.845369279384613,cnn_revised_20260919T110440Z,cnn_s1_01,val,Log-Mel CNN,0.23649659752845764,0.3029230187336604
seg_009961,sample_03419,Timen Passing By - Jason Shaw,1,0.5908284187316895,cnn_revised_20260919T110440Z,cnn_s1_01,val,Log-Mel CNN,0.23649659752845764,0.3029230187336604
seg_009962,sample_03419,Timen Passing By - Jason Shaw,1,0.7670961022377014,cnn_revised_20260919T110440Z,cnn_s1_01,val,Log-Mel CNN,0.23649659752845764,0.3029230187336604
seg_009963,sample_03420,Time Is Love - Silence is full of birds,1,0.8981500864028931,cnn_revised_20260919T110440Z,cnn_s1_01,val,Log-Mel CNN,0.23649659752845764,0.3029230187336604
seg_009964,sample_03420,Time Is Love - Silence is full of birds,1,0.8679880499839783,cnn_revised_20260919T110440Z,cnn_s1_01,val,Log-Mel CNN,0.23649659752845764,0.3029230187336604
seg_009965,sample_03420,Time Is Love - Silence is full of birds,1,0.9595732092857361,cnn_revised_20260919T110440Z,cnn_s1_01,val,Log-Mel CNN,0.23649659752845764,0.3029230187336604
seg_009990,sample_03429,Understand That This Is A Dream - From the album Modulating Coil [RSVP008] - Forrest James,1,0.9050340056419373,cnn_revised_20260919T110440Z,cnn_s1_01,val,Log-Mel CNN,0.23649659752845764,0.3029230187336604
seg_009991,sample_03429,Understand That This Is A Dream - From the album Modulating Coil [RSVP008] - Forrest James,1,0.8481194376945496,cnn_revised_20260919T110440Z,cnn_s1_01,val,Log-Mel CNN,0.23649659752845764,0.3029230187336604
seg_009992,sample_03429,Understand That This Is A Dream - From the album Modulating Coil [RSVP008] - Forrest James,1,0.9148387312889099,cnn_revised_20260919T110440Z,cnn_s1_01,val,Log-Mel CNN,0.23649659752845764,0.3029230187336604
seg_010005,sample_03434,Voxel - Andy G. Cohen,1,0.5822702050209045,cnn_revised_20260919T110440Z,cnn_s1_01,val,Log-Mel CNN,0.23649659752845764,0.3029230187336604
seg_010006,sample_03434,Voxel - Andy G. Cohen,1,0.9787010550498962,cnn_revised_20260919T110440Z,cnn_s1_01,val,Log-Mel CNN,0.23649659752845764,0.3029230187336604
seg_010007,sample_03434,Voxel - Andy G. Cohen,1,0.9193719625473022,cnn_revised_20260919T110440Z,cnn_s1_01,val,Log-Mel CNN,0.23649659752845764,0.3029230187336604
seg_010011,sample_03436,Westside Chillers - Little Glass Men,1,0.9594276547431946,cnn_revised_20260919T110440Z,cnn_s1_01,val,Log-Mel CNN,0.23649659752845764,0.3029230187336604
seg_010012,sample_03436,Westside Chillers - Little Glass Men,1,0.3971683084964752,cnn_revised_20260919T110440Z,cnn_s1_01,val,Log-Mel CNN,0.23649659752845764,0.3029230187336604
seg_010013,sample_03436,Westside Chillers - Little Glass Men,1,0.7362412214279175,cnn_revised_20260919T110440Z,cnn_s1_01,val,Log-Mel CNN,0.23649659752845764,0.3029230187336604
seg_010065,sample_03454,Новый Нью-Йорк 2 - Чокнутый Пропеллер,1,0.9346762299537659,cnn_revised_20260919T110440Z,cnn_s1_01,val,Log-Mel CNN,0.23649659752845764,0.3029230187336604
seg_010066,sample_03454,Новый Нью-Йорк 2 - Чокнутый Пропеллер,1,0.10638117790222168,cnn_revised_20260919T110440Z,cnn_s1_01,val,Log-Mel CNN,0.23649659752845764,0.3029230187336604
seg_010067,sample_03454,Новый Нью-Йорк 2 - Чокнутый Пропеллер,1,0.11214547604322433,cnn_revised_20260919T110440Z,cnn_s1_01,val,Log-Mel CNN,0.23649659752845764,0.3029230187336604
seg_010071,sample_03456,Windows of the Skull - Sarin,1,0.9562056660652161,cnn_revised_20260919T110440Z,cnn_s1_01,val,Log-Mel CNN,0.23649659752845764,0.3029230187336604
seg_010072,sample_03456,Windows of the Skull - Sarin,1,0.967301607131958,cnn_revised_20260919T110440Z,cnn_s1_01,val,Log-Mel CNN,0.23649659752845764,0.3029230187336604
seg_010073,sample_03456,Windows of the Skull - Sarin,1,0.9991146922111511,cnn_revised_20260919T110440Z,cnn_s1_01,val,Log-Mel CNN,0.23649659752845764,0.3029230187336604
