segment_id,track_id,original_audio_id,label,score,run_id,trial_id,split,model,segment_threshold,track_threshold
seg_000006,sample_00002,2 (Wasn't There) - Isle of Pine,0,0.13587921857833862,cnn_revised_20260919T110440Z,cnn_s2_17,val,Log-Mel CNN,0.4739688038825989,0.5062138934930166
seg_000007,sample_00002,2 (Wasn't There) - Isle of Pine,0,0.3358995318412781,cnn_revised_20260919T110440Z,cnn_s2_17,val,Log-Mel CNN,0.4739688038825989,0.5062138934930166
seg_000008,sample_00002,2 (Wasn't There) - Isle of Pine,0,0.24202825129032135,cnn_revised_20260919T110440Z,cnn_s2_17,val,Log-Mel CNN,0.4739688038825989,0.5062138934930166
seg_000039,sample_00013,Agora - Malaventura,0,0.20349010825157166,cnn_revised_20260919T110440Z,cnn_s2_17,val,Log-Mel CNN,0.4739688038825989,0.5062138934930166
seg_000040,sample_00013,Agora - Malaventura,0,0.37795478105545044,cnn_revised_20260919T110440Z,cnn_s2_17,val,Log-Mel CNN,0.4739688038825989,0.5062138934930166
seg_000041,sample_00013,Agora - Malaventura,0,0.40512213110923767,cnn_revised_20260919T110440Z,cnn_s2_17,val,Log-Mel CNN,0.4739688038825989,0.5062138934930166
seg_000081,sample_00027,Beyond Luxury - Mors Ontologica,0,0.0096039529889822,cnn_revised_20260919T110440Z,cnn_s2_17,val,Log-Mel CNN,0.4739688038825989,0.5062138934930166
seg_000082,sample_00027,Beyond Luxury - Mors Ontologica,0,0.07484298944473267,cnn_revised_20260919T110440Z,cnn_s2_17,val,Log-Mel CNN,0.4739688038825989,0.5062138934930166
seg_000083,sample_00027,Beyond Luxury - Mors Ontologica,0,0.1487056165933609,cnn_revised_20260919T110440Z,cnn_s2_17,val,Log-Mel CNN,0.4739688038825989,0.5062138934930166
seg_000129,sample_00043,CopperNickle - UncleBibby,0,0.004475591238588095,cnn_revised_20260919T110440Z,cnn_s2_17,val,Log-Mel CNN,0.4739688038825989,0.5062138934930166
seg_000130,sample_00043,CopperNickle - UncleBibby,0,0.025117691606283188,cnn_revised_20260919T110440Z,cnn_s2_17,val,Log-Mel CNN,0.4739688038825989,0.5062138934930166
seg_000131,sample_00043,CopperNickle - UncleBibby,0,0.032079000025987625,cnn_revised_20260919T110440Z,cnn_s2_17,val,Log-Mel CNN,0.4739688038825989,0.5062138934930166
seg_000141,sample_00047,Daylight Savings - My brother Daniel,0,0.10407756268978119,cnn_revised_20260919T110440Z,cnn_s2_17,val,Log-Mel CNN,0.4739688038825989,0.5062138934930166
seg_000142,sample_00047,Daylight Savings - My brother Daniel,0,0.12315207719802856,cnn_revised_20260919T110440Z,cnn_s2_17,val,Log-Mel CNN,0.4739688038825989,0.5062138934930166
seg_000143,sample_00047,Daylight Savings - My brother Daniel,0,0.13114257156848907,cnn_revised_20260919T110440Z,cnn_s2_17,val,Log-Mel CNN,0.4739688038825989,0.5062138934930166
seg_000177,sample_00059,Empty Pockets - Pete Prodoehl,0,0.01917296275496483,cnn_revised_20260919T110440Z,cnn_s2_17,val,Log-Mel CNN,0.4739688038825989,0.5062138934930166
seg_000178,sample_00059,Empty Pockets - Pete Prodoehl,0,0.2401340901851654,cnn_revised_20260919T110440Z,cnn_s2_17,val,Log-Mel CNN,0.4739688038825989,0.5062138934930166
seg_000179,sample_00059,Empty Pockets - Pete Prodoehl,0,0.3365686237812042,cnn_revised_20260919T110440Z,cnn_s2_17,val,Log-Mel CNN,0.4739688038825989,0.5062138934930166
seg_000195,sample_00065,Evil Cannot Create - Caleb Lemond,0,0.1447504758834839,cnn_revised_20260919T110440Z,cnn_s2_17,val,Log-Mel CNN,0.4739688038825989,0.5062138934930166
seg_000196,sample_00065,Evil Cannot Create - Caleb Lemond,0,0.8396007418632507,cnn_revised_20260919T110440Z,cnn_s2_17,val,Log-Mel CNN,0.4739688038825989,0.5062138934930166
seg_000197,sample_00065,Evil Cannot Create - Caleb Lemond,0,0.6037294268608093,cnn_revised_20260919T110440Z,cnn_s2_17,val,Log-Mel CNN,0.4739688038825989,0.5062138934930166
seg_000201,sample_00067,Fear - Los Fancy Free,0,0.011486325412988663,cnn_revised_20260919T110440Z,cnn_s2_17,val,Log-Mel CNN,0.4739688038825989,0.5062138934930166
seg_000202,sample_00067,Fear - Los Fancy Free,0,0.08198186755180359,cnn_revised_20260919T110440Z,cnn_s2_17,val,Log-Mel CNN,0.4739688038825989,0.5062138934930166
seg_000203,sample_00067,Fear - Los Fancy Free,0,0.03615238517522812,cnn_revised_20260919T110440Z,cnn_s2_17,val,Log-Mel CNN,0.4739688038825989,0.5062138934930166
seg_000204,sample_00068,Fifth Ramble - From the album Keith [RSVP007] - My brother Daniel,0,0.7745414972305298,cnn_revised_20260919T110440Z,cnn_s2_17,val,Log-Mel CNN,0.4739688038825989,0.5062138934930166
seg_000205,sample_00068,Fifth Ramble - From the album Keith [RSVP007] - My brother Daniel,0,0.7719482779502869,cnn_revised_20260919T110440Z,cnn_s2_17,val,Log-Mel CNN,0.4739688038825989,0.5062138934930166
seg_000206,sample_00068,Fifth Ramble - From the album Keith [RSVP007] - My brother Daniel,0,0.7714007496833801,cnn_revised_20260919T110440Z,cnn_s2_17,val,Log-Mel CNN,0.4739688038825989,0.5062138934930166
seg_000240,sample_00080,Gila Monster Flop/Music History Lesson:The Sonics - The Crypts!,0,0.04725915566086769,cnn_revised_20260919T110440Z,cnn_s2_17,val,Log-Mel CNN,0.4739688038825989,0.5062138934930166
seg_000241,sample_00080,Gila Monster Flop/Music History Lesson:The Sonics - The Crypts!,0,0.04149457812309265,cnn_revised_20260919T110440Z,cnn_s2_17,val,Log-Mel CNN,0.4739688038825989,0.5062138934930166
seg_000242,sample_00080,Gila Monster Flop/Music History Lesson:The Sonics - The Crypts!,0,0.01650562882423401,cnn_revised_20260919T110440Z,cnn_s2_17,val,Log-Mel CNN,0.4739688038825989,0.5062138934930166
seg_000285,sample_00095,I Fell - Mod Fun,0,0.004285057075321674,cnn_revised_20260919T110440Z,cnn_s2_17,val,Log-Mel CNN,0.4739688038825989,0.5062138934930166
seg_000286,sample_00095,I Fell - Mod Fun,0,0.033004842698574066,cnn_revised_20260919T110440Z,cnn_s2_17,val,Log-Mel CNN,0.4739688038825989,0.5062138934930166
seg_000287,sample_00095,I Fell - Mod Fun,0,0.05142725259065628,cnn_revised_20260919T110440Z,cnn_s2_17,val,Log-Mel CNN,0.4739688038825989,0.5062138934930166
seg_000297,sample_00099,If You're Ther - Nicola Ratti,0,0.4718663990497589,cnn_revised_20260919T110440Z,cnn_s2_17,val,Log-Mel CNN,0.4739688038825989,0.5062138934930166
seg_000298,sample_00099,If You're Ther - Nicola Ratti,0,0.10319461673498154,cnn_revised_20260919T110440Z,cnn_s2_17,val,Log-Mel CNN,0.4739688038825989,0.5062138934930166
seg_000299,sample_00099,If You're Ther - Nicola Ratti,0,0.0936441496014595,cnn_revised_20260919T110440Z,cnn_s2_17,val,Log-Mel CNN,0.4739688038825989,0.5062138934930166
seg_000342,sample_00114,Kumorizoranohajimarutokoro - Hosomi,0,0.034469351172447205,cnn_revised_20260919T110440Z,cnn_s2_17,val,Log-Mel CNN,0.4739688038825989,0.5062138934930166
seg_000343,sample_00114,Kumorizoranohajimarutokoro - Hosomi,0,0.1420457661151886,cnn_revised_20260919T110440Z,cnn_s2_17,val,Log-Mel CNN,0.4739688038825989,0.5062138934930166
seg_000344,sample_00114,Kumorizoranohajimarutokoro - Hosomi,0,0.41000497341156006,cnn_revised_20260919T110440Z,cnn_s2_17,val,Log-Mel CNN,0.4739688038825989,0.5062138934930166
seg_000384,sample_00128,Lights Up - Pipe Choir,0,0.13318993151187897,cnn_revised_20260919T110440Z,cnn_s2_17,val,Log-Mel CNN,0.4739688038825989,0.5062138934930166
seg_000385,sample_00128,Lights Up - Pipe Choir,0,0.6040340662002563,cnn_revised_20260919T110440Z,cnn_s2_17,val,Log-Mel CNN,0.4739688038825989,0.5062138934930166
seg_000386,sample_00128,Lights Up - Pipe Choir,0,0.4168774485588074,cnn_revised_20260919T110440Z,cnn_s2_17,val,Log-Mel CNN,0.4739688038825989,0.5062138934930166
seg_000399,sample_00133,Loved Ones - Rowan Box,0,0.02172032557427883,cnn_revised_20260919T110440Z,cnn_s2_17,val,Log-Mel CNN,0.4739688038825989,0.5062138934930166
seg_000400,sample_00133,Loved Ones - Rowan Box,0,0.05080145597457886,cnn_revised_20260919T110440Z,cnn_s2_17,val,Log-Mel CNN,0.4739688038825989,0.5062138934930166
seg_000401,sample_00133,Loved Ones - Rowan Box,0,0.02844497747719288,cnn_revised_20260919T110440Z,cnn_s2_17,val,Log-Mel CNN,0.4739688038825989,0.5062138934930166
seg_000408,sample_00136,March of the GPA Mechanics - [t]ghost,0,0.11673074960708618,cnn_revised_20260919T110440Z,cnn_s2_17,val,Log-Mel CNN,0.4739688038825989,0.5062138934930166
seg_000409,sample_00136,March of the GPA Mechanics - [t]ghost,0,0.39771974086761475,cnn_revised_20260919T110440Z,cnn_s2_17,val,Log-Mel CNN,0.4739688038825989,0.5062138934930166
seg_000410,sample_00136,March of the GPA Mechanics - [t]ghost,0,0.14106975495815277,cnn_revised_20260919T110440Z,cnn_s2_17,val,Log-Mel CNN,0.4739688038825989,0.5062138934930166
seg_000426,sample_00142,Morning Bell - Nihilore,0,0.036734919995069504,cnn_revised_20260919T110440Z,cnn_s2_17,val,Log-Mel CNN,0.4739688038825989,0.5062138934930166
seg_000427,sample_00142,Morning Bell - Nihilore,0,0.13874921202659607,cnn_revised_20260919T110440Z,cnn_s2_17,val,Log-Mel CNN,0.4739688038825989,0.5062138934930166
seg_000428,sample_00142,Morning Bell - Nihilore,0,0.06332243233919144,cnn_revised_20260919T110440Z,cnn_s2_17,val,Log-Mel CNN,0.4739688038825989,0.5062138934930166
seg_000441,sample_00147,My Body Is A Weapon (Compromise Edit) - Silence is full of birds,0,0.09374237060546875,cnn_revised_20260919T110440Z,cnn_s2_17,val,Log-Mel CNN,0.4739688038825989,0.5062138934930166
seg_000442,sample_00147,My Body Is A Weapon (Compromise Edit) - Silence is full of birds,0,0.07339701801538467,cnn_revised_20260919T110440Z,cnn_s2_17,val,Log-Mel CNN,0.4739688038825989,0.5062138934930166
seg_000443,sample_00147,My Body Is A Weapon (Compromise Edit) - Silence is full of birds,0,0.07313688099384308,cnn_revised_20260919T110440Z,cnn_s2_17,val,Log-Mel CNN,0.4739688038825989,0.5062138934930166
seg_000453,sample_00151,New Life (take 1) - Bird Names,0,0.019114280119538307,cnn_revised_20260919T110440Z,cnn_s2_17,val,Log-Mel CNN,0.4739688038825989,0.5062138934930166
seg_000454,sample_00151,New Life (take 1) - Bird Names,0,0.028551826253533363,cnn_revised_20260919T110440Z,cnn_s2_17,val,Log-Mel CNN,0.4739688038825989,0.5062138934930166
seg_000455,sample_00151,New Life (take 1) - Bird Names,0,0.04403574764728546,cnn_revised_20260919T110440Z,cnn_s2_17,val,Log-Mel CNN,0.4739688038825989,0.5062138934930166
seg_000459,sample_00153,Night Drive - Decktonic,0,0.0008351487340405583,cnn_revised_20260919T110440Z,cnn_s2_17,val,Log-Mel CNN,0.4739688038825989,0.5062138934930166
seg_000460,sample_00153,Night Drive - Decktonic,0,0.03750714659690857,cnn_revised_20260919T110440Z,cnn_s2_17,val,Log-Mel CNN,0.4739688038825989,0.5062138934930166
seg_000461,sample_00153,Night Drive - Decktonic,0,0.18033728003501892,cnn_revised_20260919T110440Z,cnn_s2_17,val,Log-Mel CNN,0.4739688038825989,0.5062138934930166
seg_000468,sample_00156,Norweigian Wood II - Bird Names,0,0.008500078693032265,cnn_revised_20260919T110440Z,cnn_s2_17,val,Log-Mel CNN,0.4739688038825989,0.5062138934930166
seg_000469,sample_00156,Norweigian Wood II - Bird Names,0,0.05041537061333656,cnn_revised_20260919T110440Z,cnn_s2_17,val,Log-Mel CNN,0.4739688038825989,0.5062138934930166
seg_000470,sample_00156,Norweigian Wood II - Bird Names,0,0.06291807442903519,cnn_revised_20260919T110440Z,cnn_s2_17,val,Log-Mel CNN,0.4739688038825989,0.5062138934930166
seg_000480,sample_00160,Nuo Maisemat - Paavoharju,0,0.2901191711425781,cnn_revised_20260919T110440Z,cnn_s2_17,val,Log-Mel CNN,0.4739688038825989,0.5062138934930166
seg_000481,sample_00160,Nuo Maisemat - Paavoharju,0,0.3145466148853302,cnn_revised_20260919T110440Z,cnn_s2_17,val,Log-Mel CNN,0.4739688038825989,0.5062138934930166
seg_000482,sample_00160,Nuo Maisemat - Paavoharju,0,0.3638116121292114,cnn_revised_20260919T110440Z,cnn_s2_17,val,Log-Mel CNN,0.4739688038825989,0.5062138934930166
seg_000537,sample_00179,Redlight - Room For A Ghost,0,0.0377376414835453,cnn_revised_20260919T110440Z,cnn_s2_17,val,Log-Mel CNN,0.4739688038825989,0.5062138934930166
seg_000538,sample_00179,Redlight - Room For A Ghost,0,0.37319278717041016,cnn_revised_20260919T110440Z,cnn_s2_17,val,Log-Mel CNN,0.4739688038825989,0.5062138934930166
seg_000539,sample_00179,Redlight - Room For A Ghost,0,0.4482533633708954,cnn_revised_20260919T110440Z,cnn_s2_17,val,Log-Mel CNN,0.4739688038825989,0.5062138934930166
seg_000555,sample_00185,Roller Star - Monroeville Music Center,0,0.08993729948997498,cnn_revised_20260919T110440Z,cnn_s2_17,val,Log-Mel CNN,0.4739688038825989,0.5062138934930166
seg_000556,sample_00185,Roller Star - Monroeville Music Center,0,0.18330083787441254,cnn_revised_20260919T110440Z,cnn_s2_17,val,Log-Mel CNN,0.4739688038825989,0.5062138934930166
seg_000557,sample_00185,Roller Star - Monroeville Music Center,0,0.22533659636974335,cnn_revised_20260919T110440Z,cnn_s2_17,val,Log-Mel CNN,0.4739688038825989,0.5062138934930166
seg_000561,sample_00187,"Roundtrip - Oh Yeah, the Future",0,0.09115754067897797,cnn_revised_20260919T110440Z,cnn_s2_17,val,Log-Mel CNN,0.4739688038825989,0.5062138934930166
seg_000562,sample_00187,"Roundtrip - Oh Yeah, the Future",0,0.03771645948290825,cnn_revised_20260919T110440Z,cnn_s2_17,val,Log-Mel CNN,0.4739688038825989,0.5062138934930166
seg_000563,sample_00187,"Roundtrip - Oh Yeah, the Future",0,0.06656574457883835,cnn_revised_20260919T110440Z,cnn_s2_17,val,Log-Mel CNN,0.4739688038825989,0.5062138934930166
seg_000570,sample_00190,SD (Ill Mix) - H-LR,0,0.03493071720004082,cnn_revised_20260919T110440Z,cnn_s2_17,val,Log-Mel CNN,0.4739688038825989,0.5062138934930166
seg_000571,sample_00190,SD (Ill Mix) - H-LR,0,0.39360159635543823,cnn_revised_20260919T110440Z,cnn_s2_17,val,Log-Mel CNN,0.4739688038825989,0.5062138934930166
seg_000572,sample_00190,SD (Ill Mix) - H-LR,0,0.1345236450433731,cnn_revised_20260919T110440Z,cnn_s2_17,val,Log-Mel CNN,0.4739688038825989,0.5062138934930166
seg_000576,sample_00192,Scramby Eggs - Andy G. Cohen,0,0.061667997390031815,cnn_revised_20260919T110440Z,cnn_s2_17,val,Log-Mel CNN,0.4739688038825989,0.5062138934930166
seg_000577,sample_00192,Scramby Eggs - Andy G. Cohen,0,0.07869603484869003,cnn_revised_20260919T110440Z,cnn_s2_17,val,Log-Mel CNN,0.4739688038825989,0.5062138934930166
seg_000578,sample_00192,Scramby Eggs - Andy G. Cohen,0,0.11201758682727814,cnn_revised_20260919T110440Z,cnn_s2_17,val,Log-Mel CNN,0.4739688038825989,0.5062138934930166
seg_000600,sample_00200,Shipwrecked Crew - Pete Prodoehl,0,0.23353512585163116,cnn_revised_20260919T110440Z,cnn_s2_17,val,Log-Mel CNN,0.4739688038825989,0.5062138934930166
seg_000601,sample_00200,Shipwrecked Crew - Pete Prodoehl,0,0.446706086397171,cnn_revised_20260919T110440Z,cnn_s2_17,val,Log-Mel CNN,0.4739688038825989,0.5062138934930166
seg_000602,sample_00200,Shipwrecked Crew - Pete Prodoehl,0,0.5715989470481873,cnn_revised_20260919T110440Z,cnn_s2_17,val,Log-Mel CNN,0.4739688038825989,0.5062138934930166
seg_000615,sample_00205,Soleares&beats - Malaventura,0,0.5722805857658386,cnn_revised_20260919T110440Z,cnn_s2_17,val,Log-Mel CNN,0.4739688038825989,0.5062138934930166
seg_000616,sample_00205,Soleares&beats - Malaventura,0,0.7063803672790527,cnn_revised_20260919T110440Z,cnn_s2_17,val,Log-Mel CNN,0.4739688038825989,0.5062138934930166
seg_000617,sample_00205,Soleares&beats - Malaventura,0,0.7148164510726929,cnn_revised_20260919T110440Z,cnn_s2_17,val,Log-Mel CNN,0.4739688038825989,0.5062138934930166
seg_000633,sample_00211,Stockholm Syndrome / People Should Be More Aware - Bird Names,0,0.02321900613605976,cnn_revised_20260919T110440Z,cnn_s2_17,val,Log-Mel CNN,0.4739688038825989,0.5062138934930166
seg_000634,sample_00211,Stockholm Syndrome / People Should Be More Aware - Bird Names,0,0.18798279762268066,cnn_revised_20260919T110440Z,cnn_s2_17,val,Log-Mel CNN,0.4739688038825989,0.5062138934930166
seg_000635,sample_00211,Stockholm Syndrome / People Should Be More Aware - Bird Names,0,0.09991411119699478,cnn_revised_20260919T110440Z,cnn_s2_17,val,Log-Mel CNN,0.4739688038825989,0.5062138934930166
seg_000645,sample_00215,Sturgeon's Law - Nihilore,0,0.044240426272153854,cnn_revised_20260919T110440Z,cnn_s2_17,val,Log-Mel CNN,0.4739688038825989,0.5062138934930166
seg_000646,sample_00215,Sturgeon's Law - Nihilore,0,0.2695220708847046,cnn_revised_20260919T110440Z,cnn_s2_17,val,Log-Mel CNN,0.4739688038825989,0.5062138934930166
seg_000647,sample_00215,Sturgeon's Law - Nihilore,0,0.41081592440605164,cnn_revised_20260919T110440Z,cnn_s2_17,val,Log-Mel CNN,0.4739688038825989,0.5062138934930166
seg_000726,sample_00242,The Stairway - WarpToken,0,0.060723040252923965,cnn_revised_20260919T110440Z,cnn_s2_17,val,Log-Mel CNN,0.4739688038825989,0.5062138934930166
seg_000727,sample_00242,The Stairway - WarpToken,0,0.6695981621742249,cnn_revised_20260919T110440Z,cnn_s2_17,val,Log-Mel CNN,0.4739688038825989,0.5062138934930166
seg_000728,sample_00242,The Stairway - WarpToken,0,0.13962207734584808,cnn_revised_20260919T110440Z,cnn_s2_17,val,Log-Mel CNN,0.4739688038825989,0.5062138934930166
seg_000729,sample_00243,The girl just faded - Los Llamarada,0,0.08138545602560043,cnn_revised_20260919T110440Z,cnn_s2_17,val,Log-Mel CNN,0.4739688038825989,0.5062138934930166
seg_000730,sample_00243,The girl just faded - Los Llamarada,0,0.40067175030708313,cnn_revised_20260919T110440Z,cnn_s2_17,val,Log-Mel CNN,0.4739688038825989,0.5062138934930166
seg_000731,sample_00243,The girl just faded - Los Llamarada,0,0.5017186403274536,cnn_revised_20260919T110440Z,cnn_s2_17,val,Log-Mel CNN,0.4739688038825989,0.5062138934930166
seg_000735,sample_00245,Three Bird - My brother Daniel,0,0.14473196864128113,cnn_revised_20260919T110440Z,cnn_s2_17,val,Log-Mel CNN,0.4739688038825989,0.5062138934930166
seg_000736,sample_00245,Three Bird - My brother Daniel,0,0.11992338299751282,cnn_revised_20260919T110440Z,cnn_s2_17,val,Log-Mel CNN,0.4739688038825989,0.5062138934930166
seg_000737,sample_00245,Three Bird - My brother Daniel,0,0.1891195923089981,cnn_revised_20260919T110440Z,cnn_s2_17,val,Log-Mel CNN,0.4739688038825989,0.5062138934930166
seg_000738,sample_00246,Time Is Love - Silence is full of birds,0,0.038838133215904236,cnn_revised_20260919T110440Z,cnn_s2_17,val,Log-Mel CNN,0.4739688038825989,0.5062138934930166
seg_000739,sample_00246,Time Is Love - Silence is full of birds,0,0.12753444910049438,cnn_revised_20260919T110440Z,cnn_s2_17,val,Log-Mel CNN,0.4739688038825989,0.5062138934930166
seg_000740,sample_00246,Time Is Love - Silence is full of birds,0,0.08713560551404953,cnn_revised_20260919T110440Z,cnn_s2_17,val,Log-Mel CNN,0.4739688038825989,0.5062138934930166
seg_000744,sample_00248,Timen Passing By - Jason Shaw,0,0.21645097434520721,cnn_revised_20260919T110440Z,cnn_s2_17,val,Log-Mel CNN,0.4739688038825989,0.5062138934930166
seg_000745,sample_00248,Timen Passing By - Jason Shaw,0,0.25772494077682495,cnn_revised_20260919T110440Z,cnn_s2_17,val,Log-Mel CNN,0.4739688038825989,0.5062138934930166
seg_000746,sample_00248,Timen Passing By - Jason Shaw,0,0.20249038934707642,cnn_revised_20260919T110440Z,cnn_s2_17,val,Log-Mel CNN,0.4739688038825989,0.5062138934930166
seg_000765,sample_00255,Understand That This Is A Dream - From the album Modulating Coil [RSVP008] - Forrest James,0,0.22540020942687988,cnn_revised_20260919T110440Z,cnn_s2_17,val,Log-Mel CNN,0.4739688038825989,0.5062138934930166
seg_000766,sample_00255,Understand That This Is A Dream - From the album Modulating Coil [RSVP008] - Forrest James,0,0.16437353193759918,cnn_revised_20260919T110440Z,cnn_s2_17,val,Log-Mel CNN,0.4739688038825989,0.5062138934930166
seg_000767,sample_00255,Understand That This Is A Dream - From the album Modulating Coil [RSVP008] - Forrest James,0,0.27794507145881653,cnn_revised_20260919T110440Z,cnn_s2_17,val,Log-Mel CNN,0.4739688038825989,0.5062138934930166
seg_000783,sample_00261,Voxel - Andy G. Cohen,0,0.02198904938995838,cnn_revised_20260919T110440Z,cnn_s2_17,val,Log-Mel CNN,0.4739688038825989,0.5062138934930166
seg_000784,sample_00261,Voxel - Andy G. Cohen,0,0.06242915242910385,cnn_revised_20260919T110440Z,cnn_s2_17,val,Log-Mel CNN,0.4739688038825989,0.5062138934930166
seg_000785,sample_00261,Voxel - Andy G. Cohen,0,0.08212222903966904,cnn_revised_20260919T110440Z,cnn_s2_17,val,Log-Mel CNN,0.4739688038825989,0.5062138934930166
seg_000801,sample_00267,Westside Chillers - Little Glass Men,0,0.26996269822120667,cnn_revised_20260919T110440Z,cnn_s2_17,val,Log-Mel CNN,0.4739688038825989,0.5062138934930166
seg_000802,sample_00267,Westside Chillers - Little Glass Men,0,0.2393757700920105,cnn_revised_20260919T110440Z,cnn_s2_17,val,Log-Mel CNN,0.4739688038825989,0.5062138934930166
seg_000803,sample_00267,Westside Chillers - Little Glass Men,0,0.06484264880418777,cnn_revised_20260919T110440Z,cnn_s2_17,val,Log-Mel CNN,0.4739688038825989,0.5062138934930166
seg_000819,sample_00273,Windows of the Skull - Sarin,0,0.12076036632061005,cnn_revised_20260919T110440Z,cnn_s2_17,val,Log-Mel CNN,0.4739688038825989,0.5062138934930166
seg_000820,sample_00273,Windows of the Skull - Sarin,0,0.38878390192985535,cnn_revised_20260919T110440Z,cnn_s2_17,val,Log-Mel CNN,0.4739688038825989,0.5062138934930166
seg_000821,sample_00273,Windows of the Skull - Sarin,0,0.38532763719558716,cnn_revised_20260919T110440Z,cnn_s2_17,val,Log-Mel CNN,0.4739688038825989,0.5062138934930166
seg_000858,sample_00286,mystery team 2090 - Jesse Futerman,0,0.33225300908088684,cnn_revised_20260919T110440Z,cnn_s2_17,val,Log-Mel CNN,0.4739688038825989,0.5062138934930166
seg_000859,sample_00286,mystery team 2090 - Jesse Futerman,0,0.35920605063438416,cnn_revised_20260919T110440Z,cnn_s2_17,val,Log-Mel CNN,0.4739688038825989,0.5062138934930166
seg_000860,sample_00286,mystery team 2090 - Jesse Futerman,0,0.3873470723628998,cnn_revised_20260919T110440Z,cnn_s2_17,val,Log-Mel CNN,0.4739688038825989,0.5062138934930166
seg_000870,sample_00290,some dextromethorphan - Jeva,0,0.042718395590782166,cnn_revised_20260919T110440Z,cnn_s2_17,val,Log-Mel CNN,0.4739688038825989,0.5062138934930166
seg_000871,sample_00290,some dextromethorphan - Jeva,0,0.06602336466312408,cnn_revised_20260919T110440Z,cnn_s2_17,val,Log-Mel CNN,0.4739688038825989,0.5062138934930166
seg_000872,sample_00290,some dextromethorphan - Jeva,0,0.12688903510570526,cnn_revised_20260919T110440Z,cnn_s2_17,val,Log-Mel CNN,0.4739688038825989,0.5062138934930166
seg_000876,sample_00292,В Наших Сердцах - Чокнутый Пропеллер,0,0.4739351272583008,cnn_revised_20260919T110440Z,cnn_s2_17,val,Log-Mel CNN,0.4739688038825989,0.5062138934930166
seg_000877,sample_00292,В Наших Сердцах - Чокнутый Пропеллер,0,0.4389873743057251,cnn_revised_20260919T110440Z,cnn_s2_17,val,Log-Mel CNN,0.4739688038825989,0.5062138934930166
seg_000878,sample_00292,В Наших Сердцах - Чокнутый Пропеллер,0,0.37697190046310425,cnn_revised_20260919T110440Z,cnn_s2_17,val,Log-Mel CNN,0.4739688038825989,0.5062138934930166
seg_000885,sample_00295,Новый Нью-Йорк 2 - Чокнутый Пропеллер,0,0.2547060251235962,cnn_revised_20260919T110440Z,cnn_s2_17,val,Log-Mel CNN,0.4739688038825989,0.5062138934930166
seg_000886,sample_00295,Новый Нью-Йорк 2 - Чокнутый Пропеллер,0,0.3813506066799164,cnn_revised_20260919T110440Z,cnn_s2_17,val,Log-Mel CNN,0.4739688038825989,0.5062138934930166
seg_000887,sample_00295,Новый Нью-Йорк 2 - Чокнутый Пропеллер,0,0.5142750144004822,cnn_revised_20260919T110440Z,cnn_s2_17,val,Log-Mel CNN,0.4739688038825989,0.5062138934930166
seg_000897,sample_00299,2 (Wasn't There) - Isle of Pine,1,0.8943530917167664,cnn_revised_20260919T110440Z,cnn_s2_17,val,Log-Mel CNN,0.4739688038825989,0.5062138934930166
seg_000898,sample_00299,2 (Wasn't There) - Isle of Pine,1,0.8863711953163147,cnn_revised_20260919T110440Z,cnn_s2_17,val,Log-Mel CNN,0.4739688038825989,0.5062138934930166
seg_000899,sample_00299,2 (Wasn't There) - Isle of Pine,1,0.978670060634613,cnn_revised_20260919T110440Z,cnn_s2_17,val,Log-Mel CNN,0.4739688038825989,0.5062138934930166
seg_000918,sample_00306,Agora - Malaventura,1,0.9563454389572144,cnn_revised_20260919T110440Z,cnn_s2_17,val,Log-Mel CNN,0.4739688038825989,0.5062138934930166
seg_000919,sample_00306,Agora - Malaventura,1,0.9814814329147339,cnn_revised_20260919T110440Z,cnn_s2_17,val,Log-Mel CNN,0.4739688038825989,0.5062138934930166
seg_000920,sample_00306,Agora - Malaventura,1,0.9554330706596375,cnn_revised_20260919T110440Z,cnn_s2_17,val,Log-Mel CNN,0.4739688038825989,0.5062138934930166
seg_000969,sample_00323,Beyond Luxury - Mors Ontologica,1,0.8556791543960571,cnn_revised_20260919T110440Z,cnn_s2_17,val,Log-Mel CNN,0.4739688038825989,0.5062138934930166
seg_000970,sample_00323,Beyond Luxury - Mors Ontologica,1,0.946515679359436,cnn_revised_20260919T110440Z,cnn_s2_17,val,Log-Mel CNN,0.4739688038825989,0.5062138934930166
seg_000971,sample_00323,Beyond Luxury - Mors Ontologica,1,0.9742598533630371,cnn_revised_20260919T110440Z,cnn_s2_17,val,Log-Mel CNN,0.4739688038825989,0.5062138934930166
seg_001014,sample_00338,CopperNickle - UncleBibby,1,0.7370077967643738,cnn_revised_20260919T110440Z,cnn_s2_17,val,Log-Mel CNN,0.4739688038825989,0.5062138934930166
seg_001015,sample_00338,CopperNickle - UncleBibby,1,0.7682507038116455,cnn_revised_20260919T110440Z,cnn_s2_17,val,Log-Mel CNN,0.4739688038825989,0.5062138934930166
seg_001016,sample_00338,CopperNickle - UncleBibby,1,0.794998824596405,cnn_revised_20260919T110440Z,cnn_s2_17,val,Log-Mel CNN,0.4739688038825989,0.5062138934930166
seg_001029,sample_00343,Daylight Savings - My brother Daniel,1,0.8670469522476196,cnn_revised_20260919T110440Z,cnn_s2_17,val,Log-Mel CNN,0.4739688038825989,0.5062138934930166
seg_001030,sample_00343,Daylight Savings - My brother Daniel,1,0.7994876503944397,cnn_revised_20260919T110440Z,cnn_s2_17,val,Log-Mel CNN,0.4739688038825989,0.5062138934930166
seg_001031,sample_00343,Daylight Savings - My brother Daniel,1,0.9821876287460327,cnn_revised_20260919T110440Z,cnn_s2_17,val,Log-Mel CNN,0.4739688038825989,0.5062138934930166
seg_001065,sample_00355,Empty Pockets - Pete Prodoehl,1,0.8549759984016418,cnn_revised_20260919T110440Z,cnn_s2_17,val,Log-Mel CNN,0.4739688038825989,0.5062138934930166
seg_001066,sample_00355,Empty Pockets - Pete Prodoehl,1,0.9155101180076599,cnn_revised_20260919T110440Z,cnn_s2_17,val,Log-Mel CNN,0.4739688038825989,0.5062138934930166
seg_001067,sample_00355,Empty Pockets - Pete Prodoehl,1,0.9510561227798462,cnn_revised_20260919T110440Z,cnn_s2_17,val,Log-Mel CNN,0.4739688038825989,0.5062138934930166
seg_001083,sample_00361,Evil Cannot Create - Caleb Lemond,1,0.9863190650939941,cnn_revised_20260919T110440Z,cnn_s2_17,val,Log-Mel CNN,0.4739688038825989,0.5062138934930166
seg_001084,sample_00361,Evil Cannot Create - Caleb Lemond,1,0.9873249530792236,cnn_revised_20260919T110440Z,cnn_s2_17,val,Log-Mel CNN,0.4739688038825989,0.5062138934930166
seg_001085,sample_00361,Evil Cannot Create - Caleb Lemond,1,0.9911434650421143,cnn_revised_20260919T110440Z,cnn_s2_17,val,Log-Mel CNN,0.4739688038825989,0.5062138934930166
seg_001089,sample_00363,Fear - Los Fancy Free,1,0.8102584481239319,cnn_revised_20260919T110440Z,cnn_s2_17,val,Log-Mel CNN,0.4739688038825989,0.5062138934930166
seg_001090,sample_00363,Fear - Los Fancy Free,1,0.7940095663070679,cnn_revised_20260919T110440Z,cnn_s2_17,val,Log-Mel CNN,0.4739688038825989,0.5062138934930166
seg_001091,sample_00363,Fear - Los Fancy Free,1,0.9283196330070496,cnn_revised_20260919T110440Z,cnn_s2_17,val,Log-Mel CNN,0.4739688038825989,0.5062138934930166
seg_001092,sample_00364,Fifth Ramble - From the album Keith [RSVP007] - My brother Daniel,1,0.9399667382240295,cnn_revised_20260919T110440Z,cnn_s2_17,val,Log-Mel CNN,0.4739688038825989,0.5062138934930166
seg_001093,sample_00364,Fifth Ramble - From the album Keith [RSVP007] - My brother Daniel,1,0.9017834663391113,cnn_revised_20260919T110440Z,cnn_s2_17,val,Log-Mel CNN,0.4739688038825989,0.5062138934930166
seg_001094,sample_00364,Fifth Ramble - From the album Keith [RSVP007] - My brother Daniel,1,0.9691063761711121,cnn_revised_20260919T110440Z,cnn_s2_17,val,Log-Mel CNN,0.4739688038825989,0.5062138934930166
seg_001128,sample_00376,Gila Monster Flop/Music History Lesson:The Sonics - The Crypts!,1,0.8257550001144409,cnn_revised_20260919T110440Z,cnn_s2_17,val,Log-Mel CNN,0.4739688038825989,0.5062138934930166
seg_001129,sample_00376,Gila Monster Flop/Music History Lesson:The Sonics - The Crypts!,1,0.8292319774627686,cnn_revised_20260919T110440Z,cnn_s2_17,val,Log-Mel CNN,0.4739688038825989,0.5062138934930166
seg_001130,sample_00376,Gila Monster Flop/Music History Lesson:The Sonics - The Crypts!,1,0.7164168357849121,cnn_revised_20260919T110440Z,cnn_s2_17,val,Log-Mel CNN,0.4739688038825989,0.5062138934930166
seg_001161,sample_00387,If You're Ther - Nicola Ratti,1,0.9342447519302368,cnn_revised_20260919T110440Z,cnn_s2_17,val,Log-Mel CNN,0.4739688038825989,0.5062138934930166
seg_001162,sample_00387,If You're Ther - Nicola Ratti,1,0.9455209374427795,cnn_revised_20260919T110440Z,cnn_s2_17,val,Log-Mel CNN,0.4739688038825989,0.5062138934930166
seg_001163,sample_00387,If You're Ther - Nicola Ratti,1,0.9450303316116333,cnn_revised_20260919T110440Z,cnn_s2_17,val,Log-Mel CNN,0.4739688038825989,0.5062138934930166
seg_001191,sample_00397,I Fell - Mod Fun,1,0.98358154296875,cnn_revised_20260919T110440Z,cnn_s2_17,val,Log-Mel CNN,0.4739688038825989,0.5062138934930166
seg_001192,sample_00397,I Fell - Mod Fun,1,0.9851223230361938,cnn_revised_20260919T110440Z,cnn_s2_17,val,Log-Mel CNN,0.4739688038825989,0.5062138934930166
seg_001193,sample_00397,I Fell - Mod Fun,1,0.9752169847488403,cnn_revised_20260919T110440Z,cnn_s2_17,val,Log-Mel CNN,0.4739688038825989,0.5062138934930166
seg_001239,sample_00413,Kumorizoranohajimarutokoro - Hosomi,1,0.9723696708679199,cnn_revised_20260919T110440Z,cnn_s2_17,val,Log-Mel CNN,0.4739688038825989,0.5062138934930166
seg_001240,sample_00413,Kumorizoranohajimarutokoro - Hosomi,1,0.9582716226577759,cnn_revised_20260919T110440Z,cnn_s2_17,val,Log-Mel CNN,0.4739688038825989,0.5062138934930166
seg_001241,sample_00413,Kumorizoranohajimarutokoro - Hosomi,1,0.892520546913147,cnn_revised_20260919T110440Z,cnn_s2_17,val,Log-Mel CNN,0.4739688038825989,0.5062138934930166
seg_001275,sample_00425,Lights Up - Pipe Choir,1,0.9055631160736084,cnn_revised_20260919T110440Z,cnn_s2_17,val,Log-Mel CNN,0.4739688038825989,0.5062138934930166
seg_001276,sample_00425,Lights Up - Pipe Choir,1,0.31000229716300964,cnn_revised_20260919T110440Z,cnn_s2_17,val,Log-Mel CNN,0.4739688038825989,0.5062138934930166
seg_001277,sample_00425,Lights Up - Pipe Choir,1,0.9165246486663818,cnn_revised_20260919T110440Z,cnn_s2_17,val,Log-Mel CNN,0.4739688038825989,0.5062138934930166
seg_001293,sample_00431,Loved Ones - Rowan Box,1,0.9936243295669556,cnn_revised_20260919T110440Z,cnn_s2_17,val,Log-Mel CNN,0.4739688038825989,0.5062138934930166
seg_001294,sample_00431,Loved Ones - Rowan Box,1,0.9898265600204468,cnn_revised_20260919T110440Z,cnn_s2_17,val,Log-Mel CNN,0.4739688038825989,0.5062138934930166
seg_001295,sample_00431,Loved Ones - Rowan Box,1,0.9912546873092651,cnn_revised_20260919T110440Z,cnn_s2_17,val,Log-Mel CNN,0.4739688038825989,0.5062138934930166
seg_001305,sample_00435,March of the GPA Mechanics - [t]ghost,1,0.9633487462997437,cnn_revised_20260919T110440Z,cnn_s2_17,val,Log-Mel CNN,0.4739688038825989,0.5062138934930166
seg_001306,sample_00435,March of the GPA Mechanics - [t]ghost,1,0.7426513433456421,cnn_revised_20260919T110440Z,cnn_s2_17,val,Log-Mel CNN,0.4739688038825989,0.5062138934930166
seg_001307,sample_00435,March of the GPA Mechanics - [t]ghost,1,0.9396488666534424,cnn_revised_20260919T110440Z,cnn_s2_17,val,Log-Mel CNN,0.4739688038825989,0.5062138934930166
seg_001326,sample_00442,Morning Bell - Nihilore,1,0.9795279502868652,cnn_revised_20260919T110440Z,cnn_s2_17,val,Log-Mel CNN,0.4739688038825989,0.5062138934930166
seg_001327,sample_00442,Morning Bell - Nihilore,1,0.7407504320144653,cnn_revised_20260919T110440Z,cnn_s2_17,val,Log-Mel CNN,0.4739688038825989,0.5062138934930166
seg_001328,sample_00442,Morning Bell - Nihilore,1,0.9703391194343567,cnn_revised_20260919T110440Z,cnn_s2_17,val,Log-Mel CNN,0.4739688038825989,0.5062138934930166
seg_001341,sample_00447,mystery team 2090 - Jesse Futerman,1,0.7989549040794373,cnn_revised_20260919T110440Z,cnn_s2_17,val,Log-Mel CNN,0.4739688038825989,0.5062138934930166
seg_001342,sample_00447,mystery team 2090 - Jesse Futerman,1,0.9116616249084473,cnn_revised_20260919T110440Z,cnn_s2_17,val,Log-Mel CNN,0.4739688038825989,0.5062138934930166
seg_001343,sample_00447,mystery team 2090 - Jesse Futerman,1,0.9357560873031616,cnn_revised_20260919T110440Z,cnn_s2_17,val,Log-Mel CNN,0.4739688038825989,0.5062138934930166
seg_001344,sample_00448,My Body Is A Weapon (Compromise Edit) - Silence is full of birds,1,0.966119647026062,cnn_revised_20260919T110440Z,cnn_s2_17,val,Log-Mel CNN,0.4739688038825989,0.5062138934930166
seg_001345,sample_00448,My Body Is A Weapon (Compromise Edit) - Silence is full of birds,1,0.8887019753456116,cnn_revised_20260919T110440Z,cnn_s2_17,val,Log-Mel CNN,0.4739688038825989,0.5062138934930166
seg_001346,sample_00448,My Body Is A Weapon (Compromise Edit) - Silence is full of birds,1,0.9445428848266602,cnn_revised_20260919T110440Z,cnn_s2_17,val,Log-Mel CNN,0.4739688038825989,0.5062138934930166
seg_001356,sample_00452,New Life (take 1) - Bird Names,1,0.9884774088859558,cnn_revised_20260919T110440Z,cnn_s2_17,val,Log-Mel CNN,0.4739688038825989,0.5062138934930166
seg_001357,sample_00452,New Life (take 1) - Bird Names,1,0.9923297762870789,cnn_revised_20260919T110440Z,cnn_s2_17,val,Log-Mel CNN,0.4739688038825989,0.5062138934930166
seg_001358,sample_00452,New Life (take 1) - Bird Names,1,0.9687138795852661,cnn_revised_20260919T110440Z,cnn_s2_17,val,Log-Mel CNN,0.4739688038825989,0.5062138934930166
seg_001362,sample_00454,Night Drive - Decktonic,1,0.9386633634567261,cnn_revised_20260919T110440Z,cnn_s2_17,val,Log-Mel CNN,0.4739688038825989,0.5062138934930166
seg_001363,sample_00454,Night Drive - Decktonic,1,0.8666689991950989,cnn_revised_20260919T110440Z,cnn_s2_17,val,Log-Mel CNN,0.4739688038825989,0.5062138934930166
seg_001364,sample_00454,Night Drive - Decktonic,1,0.7753137350082397,cnn_revised_20260919T110440Z,cnn_s2_17,val,Log-Mel CNN,0.4739688038825989,0.5062138934930166
seg_001371,sample_00457,Norweigian Wood II - Bird Names,1,0.8451256155967712,cnn_revised_20260919T110440Z,cnn_s2_17,val,Log-Mel CNN,0.4739688038825989,0.5062138934930166
seg_001372,sample_00457,Norweigian Wood II - Bird Names,1,0.7791321873664856,cnn_revised_20260919T110440Z,cnn_s2_17,val,Log-Mel CNN,0.4739688038825989,0.5062138934930166
seg_001373,sample_00457,Norweigian Wood II - Bird Names,1,0.9722166657447815,cnn_revised_20260919T110440Z,cnn_s2_17,val,Log-Mel CNN,0.4739688038825989,0.5062138934930166
seg_001383,sample_00461,Nuo Maisemat - Paavoharju,1,0.9878756999969482,cnn_revised_20260919T110440Z,cnn_s2_17,val,Log-Mel CNN,0.4739688038825989,0.5062138934930166
seg_001384,sample_00461,Nuo Maisemat - Paavoharju,1,0.9794867038726807,cnn_revised_20260919T110440Z,cnn_s2_17,val,Log-Mel CNN,0.4739688038825989,0.5062138934930166
seg_001385,sample_00461,Nuo Maisemat - Paavoharju,1,0.9825829267501831,cnn_revised_20260919T110440Z,cnn_s2_17,val,Log-Mel CNN,0.4739688038825989,0.5062138934930166
seg_001446,sample_00482,Redlight - Room For A Ghost,1,0.9390237331390381,cnn_revised_20260919T110440Z,cnn_s2_17,val,Log-Mel CNN,0.4739688038825989,0.5062138934930166
seg_001447,sample_00482,Redlight - Room For A Ghost,1,0.6735899448394775,cnn_revised_20260919T110440Z,cnn_s2_17,val,Log-Mel CNN,0.4739688038825989,0.5062138934930166
seg_001448,sample_00482,Redlight - Room For A Ghost,1,0.718189537525177,cnn_revised_20260919T110440Z,cnn_s2_17,val,Log-Mel CNN,0.4739688038825989,0.5062138934930166
seg_001464,sample_00488,Roller Star - Monroeville Music Center,1,0.9697675108909607,cnn_revised_20260919T110440Z,cnn_s2_17,val,Log-Mel CNN,0.4739688038825989,0.5062138934930166
seg_001465,sample_00488,Roller Star - Monroeville Music Center,1,0.9927003979682922,cnn_revised_20260919T110440Z,cnn_s2_17,val,Log-Mel CNN,0.4739688038825989,0.5062138934930166
seg_001466,sample_00488,Roller Star - Monroeville Music Center,1,0.9922077059745789,cnn_revised_20260919T110440Z,cnn_s2_17,val,Log-Mel CNN,0.4739688038825989,0.5062138934930166
seg_001470,sample_00490,"Roundtrip - Oh Yeah, the Future",1,0.9717475771903992,cnn_revised_20260919T110440Z,cnn_s2_17,val,Log-Mel CNN,0.4739688038825989,0.5062138934930166
seg_001471,sample_00490,"Roundtrip - Oh Yeah, the Future",1,0.9465860724449158,cnn_revised_20260919T110440Z,cnn_s2_17,val,Log-Mel CNN,0.4739688038825989,0.5062138934930166
seg_001472,sample_00490,"Roundtrip - Oh Yeah, the Future",1,0.9971305727958679,cnn_revised_20260919T110440Z,cnn_s2_17,val,Log-Mel CNN,0.4739688038825989,0.5062138934930166
seg_001482,sample_00494,Scramby Eggs - Andy G. Cohen,1,0.8629851341247559,cnn_revised_20260919T110440Z,cnn_s2_17,val,Log-Mel CNN,0.4739688038825989,0.5062138934930166
seg_001483,sample_00494,Scramby Eggs - Andy G. Cohen,1,0.9321838617324829,cnn_revised_20260919T110440Z,cnn_s2_17,val,Log-Mel CNN,0.4739688038825989,0.5062138934930166
seg_001484,sample_00494,Scramby Eggs - Andy G. Cohen,1,0.9094097018241882,cnn_revised_20260919T110440Z,cnn_s2_17,val,Log-Mel CNN,0.4739688038825989,0.5062138934930166
seg_001485,sample_00495,SD (Ill Mix) - H-LR,1,0.9137442708015442,cnn_revised_20260919T110440Z,cnn_s2_17,val,Log-Mel CNN,0.4739688038825989,0.5062138934930166
seg_001486,sample_00495,SD (Ill Mix) - H-LR,1,0.9257701635360718,cnn_revised_20260919T110440Z,cnn_s2_17,val,Log-Mel CNN,0.4739688038825989,0.5062138934930166
seg_001487,sample_00495,SD (Ill Mix) - H-LR,1,0.9888683557510376,cnn_revised_20260919T110440Z,cnn_s2_17,val,Log-Mel CNN,0.4739688038825989,0.5062138934930166
seg_001509,sample_00503,Shipwrecked Crew - Pete Prodoehl,1,0.9223984479904175,cnn_revised_20260919T110440Z,cnn_s2_17,val,Log-Mel CNN,0.4739688038825989,0.5062138934930166
seg_001510,sample_00503,Shipwrecked Crew - Pete Prodoehl,1,0.9223644733428955,cnn_revised_20260919T110440Z,cnn_s2_17,val,Log-Mel CNN,0.4739688038825989,0.5062138934930166
seg_001511,sample_00503,Shipwrecked Crew - Pete Prodoehl,1,0.9286300539970398,cnn_revised_20260919T110440Z,cnn_s2_17,val,Log-Mel CNN,0.4739688038825989,0.5062138934930166
seg_001527,sample_00509,Soleares&beats - Malaventura,1,0.48861974477767944,cnn_revised_20260919T110440Z,cnn_s2_17,val,Log-Mel CNN,0.4739688038825989,0.5062138934930166
seg_001528,sample_00509,Soleares&beats - Malaventura,1,0.9096322059631348,cnn_revised_20260919T110440Z,cnn_s2_17,val,Log-Mel CNN,0.4739688038825989,0.5062138934930166
seg_001529,sample_00509,Soleares&beats - Malaventura,1,0.8554628491401672,cnn_revised_20260919T110440Z,cnn_s2_17,val,Log-Mel CNN,0.4739688038825989,0.5062138934930166
seg_001533,sample_00511,some dextromethorphan - Jeva,1,0.9855323433876038,cnn_revised_20260919T110440Z,cnn_s2_17,val,Log-Mel CNN,0.4739688038825989,0.5062138934930166
seg_001534,sample_00511,some dextromethorphan - Jeva,1,0.9981061220169067,cnn_revised_20260919T110440Z,cnn_s2_17,val,Log-Mel CNN,0.4739688038825989,0.5062138934930166
seg_001535,sample_00511,some dextromethorphan - Jeva,1,0.9271291494369507,cnn_revised_20260919T110440Z,cnn_s2_17,val,Log-Mel CNN,0.4739688038825989,0.5062138934930166
seg_001548,sample_00516,Stockholm Syndrome / People Should Be More Aware - Bird Names,1,0.7020711898803711,cnn_revised_20260919T110440Z,cnn_s2_17,val,Log-Mel CNN,0.4739688038825989,0.5062138934930166
seg_001549,sample_00516,Stockholm Syndrome / People Should Be More Aware - Bird Names,1,0.8928390145301819,cnn_revised_20260919T110440Z,cnn_s2_17,val,Log-Mel CNN,0.4739688038825989,0.5062138934930166
seg_001550,sample_00516,Stockholm Syndrome / People Should Be More Aware - Bird Names,1,0.9798004031181335,cnn_revised_20260919T110440Z,cnn_s2_17,val,Log-Mel CNN,0.4739688038825989,0.5062138934930166
seg_001560,sample_00520,Sturgeon's Law - Nihilore,1,0.9213665723800659,cnn_revised_20260919T110440Z,cnn_s2_17,val,Log-Mel CNN,0.4739688038825989,0.5062138934930166
seg_001561,sample_00520,Sturgeon's Law - Nihilore,1,0.8960109949111938,cnn_revised_20260919T110440Z,cnn_s2_17,val,Log-Mel CNN,0.4739688038825989,0.5062138934930166
seg_001562,sample_00520,Sturgeon's Law - Nihilore,1,0.9759026169776917,cnn_revised_20260919T110440Z,cnn_s2_17,val,Log-Mel CNN,0.4739688038825989,0.5062138934930166
seg_001617,sample_00539,The girl just faded - Los Llamarada,1,0.9014714956283569,cnn_revised_20260919T110440Z,cnn_s2_17,val,Log-Mel CNN,0.4739688038825989,0.5062138934930166
seg_001618,sample_00539,The girl just faded - Los Llamarada,1,0.7320666909217834,cnn_revised_20260919T110440Z,cnn_s2_17,val,Log-Mel CNN,0.4739688038825989,0.5062138934930166
seg_001619,sample_00539,The girl just faded - Los Llamarada,1,0.9519709348678589,cnn_revised_20260919T110440Z,cnn_s2_17,val,Log-Mel CNN,0.4739688038825989,0.5062138934930166
seg_001644,sample_00548,The Stairway - WarpToken,1,0.9922043085098267,cnn_revised_20260919T110440Z,cnn_s2_17,val,Log-Mel CNN,0.4739688038825989,0.5062138934930166
seg_001645,sample_00548,The Stairway - WarpToken,1,0.9690713286399841,cnn_revised_20260919T110440Z,cnn_s2_17,val,Log-Mel CNN,0.4739688038825989,0.5062138934930166
seg_001646,sample_00548,The Stairway - WarpToken,1,0.9925369620323181,cnn_revised_20260919T110440Z,cnn_s2_17,val,Log-Mel CNN,0.4739688038825989,0.5062138934930166
seg_001647,sample_00549,Three Bird - My brother Daniel,1,0.8544320464134216,cnn_revised_20260919T110440Z,cnn_s2_17,val,Log-Mel CNN,0.4739688038825989,0.5062138934930166
seg_001648,sample_00549,Three Bird - My brother Daniel,1,0.7086423635482788,cnn_revised_20260919T110440Z,cnn_s2_17,val,Log-Mel CNN,0.4739688038825989,0.5062138934930166
seg_001649,sample_00549,Three Bird - My brother Daniel,1,0.907213032245636,cnn_revised_20260919T110440Z,cnn_s2_17,val,Log-Mel CNN,0.4739688038825989,0.5062138934930166
seg_001650,sample_00550,Timen Passing By - Jason Shaw,1,0.9889440536499023,cnn_revised_20260919T110440Z,cnn_s2_17,val,Log-Mel CNN,0.4739688038825989,0.5062138934930166
seg_001651,sample_00550,Timen Passing By - Jason Shaw,1,0.99073326587677,cnn_revised_20260919T110440Z,cnn_s2_17,val,Log-Mel CNN,0.4739688038825989,0.5062138934930166
seg_001652,sample_00550,Timen Passing By - Jason Shaw,1,0.9932053089141846,cnn_revised_20260919T110440Z,cnn_s2_17,val,Log-Mel CNN,0.4739688038825989,0.5062138934930166
seg_001653,sample_00551,Time Is Love - Silence is full of birds,1,0.749995231628418,cnn_revised_20260919T110440Z,cnn_s2_17,val,Log-Mel CNN,0.4739688038825989,0.5062138934930166
seg_001654,sample_00551,Time Is Love - Silence is full of birds,1,0.8659378290176392,cnn_revised_20260919T110440Z,cnn_s2_17,val,Log-Mel CNN,0.4739688038825989,0.5062138934930166
seg_001655,sample_00551,Time Is Love - Silence is full of birds,1,0.9333505034446716,cnn_revised_20260919T110440Z,cnn_s2_17,val,Log-Mel CNN,0.4739688038825989,0.5062138934930166
seg_001680,sample_00560,Understand That This Is A Dream - From the album Modulating Coil [RSVP008] - Forrest James,1,0.9646279215812683,cnn_revised_20260919T110440Z,cnn_s2_17,val,Log-Mel CNN,0.4739688038825989,0.5062138934930166
seg_001681,sample_00560,Understand That This Is A Dream - From the album Modulating Coil [RSVP008] - Forrest James,1,0.9617851376533508,cnn_revised_20260919T110440Z,cnn_s2_17,val,Log-Mel CNN,0.4739688038825989,0.5062138934930166
seg_001682,sample_00560,Understand That This Is A Dream - From the album Modulating Coil [RSVP008] - Forrest James,1,0.9841994047164917,cnn_revised_20260919T110440Z,cnn_s2_17,val,Log-Mel CNN,0.4739688038825989,0.5062138934930166
seg_001695,sample_00565,Voxel - Andy G. Cohen,1,0.864493191242218,cnn_revised_20260919T110440Z,cnn_s2_17,val,Log-Mel CNN,0.4739688038825989,0.5062138934930166
seg_001696,sample_00565,Voxel - Andy G. Cohen,1,0.7602567076683044,cnn_revised_20260919T110440Z,cnn_s2_17,val,Log-Mel CNN,0.4739688038825989,0.5062138934930166
seg_001697,sample_00565,Voxel - Andy G. Cohen,1,0.9549193978309631,cnn_revised_20260919T110440Z,cnn_s2_17,val,Log-Mel CNN,0.4739688038825989,0.5062138934930166
seg_001701,sample_00567,Westside Chillers - Little Glass Men,1,0.9596599340438843,cnn_revised_20260919T110440Z,cnn_s2_17,val,Log-Mel CNN,0.4739688038825989,0.5062138934930166
seg_001702,sample_00567,Westside Chillers - Little Glass Men,1,0.8758638501167297,cnn_revised_20260919T110440Z,cnn_s2_17,val,Log-Mel CNN,0.4739688038825989,0.5062138934930166
seg_001703,sample_00567,Westside Chillers - Little Glass Men,1,0.8661642074584961,cnn_revised_20260919T110440Z,cnn_s2_17,val,Log-Mel CNN,0.4739688038825989,0.5062138934930166
seg_001758,sample_00586,В Наших Сердцах - Чокнутый Пропеллер,1,0.08127474039793015,cnn_revised_20260919T110440Z,cnn_s2_17,val,Log-Mel CNN,0.4739688038825989,0.5062138934930166
seg_001759,sample_00586,В Наших Сердцах - Чокнутый Пропеллер,1,0.43775245547294617,cnn_revised_20260919T110440Z,cnn_s2_17,val,Log-Mel CNN,0.4739688038825989,0.5062138934930166
seg_001760,sample_00586,В Наших Сердцах - Чокнутый Пропеллер,1,0.3312218487262726,cnn_revised_20260919T110440Z,cnn_s2_17,val,Log-Mel CNN,0.4739688038825989,0.5062138934930166
seg_001767,sample_00589,Новый Нью-Йорк 2 - Чокнутый Пропеллер,1,0.8595276474952698,cnn_revised_20260919T110440Z,cnn_s2_17,val,Log-Mel CNN,0.4739688038825989,0.5062138934930166
seg_001768,sample_00589,Новый Нью-Йорк 2 - Чокнутый Пропеллер,1,0.8984952569007874,cnn_revised_20260919T110440Z,cnn_s2_17,val,Log-Mel CNN,0.4739688038825989,0.5062138934930166
seg_001769,sample_00589,Новый Нью-Йорк 2 - Чокнутый Пропеллер,1,0.9723129868507385,cnn_revised_20260919T110440Z,cnn_s2_17,val,Log-Mel CNN,0.4739688038825989,0.5062138934930166
seg_001785,sample_00595,Daylight Savings - My brother Daniel,1,0.9986810088157654,cnn_revised_20260919T110440Z,cnn_s2_17,val,Log-Mel CNN,0.4739688038825989,0.5062138934930166
seg_001786,sample_00595,Daylight Savings - My brother Daniel,1,0.9997027516365051,cnn_revised_20260919T110440Z,cnn_s2_17,val,Log-Mel CNN,0.4739688038825989,0.5062138934930166
seg_001787,sample_00595,Daylight Savings - My brother Daniel,1,0.989900529384613,cnn_revised_20260919T110440Z,cnn_s2_17,val,Log-Mel CNN,0.4739688038825989,0.5062138934930166
seg_001788,sample_00596,Three Bird - My brother Daniel,1,0.9734569787979126,cnn_revised_20260919T110440Z,cnn_s2_17,val,Log-Mel CNN,0.4739688038825989,0.5062138934930166
seg_001789,sample_00596,Three Bird - My brother Daniel,1,0.959572970867157,cnn_revised_20260919T110440Z,cnn_s2_17,val,Log-Mel CNN,0.4739688038825989,0.5062138934930166
seg_001790,sample_00596,Three Bird - My brother Daniel,1,0.9838460683822632,cnn_revised_20260919T110440Z,cnn_s2_17,val,Log-Mel CNN,0.4739688038825989,0.5062138934930166
seg_001827,sample_00609,Timen Passing By - Jason Shaw,1,0.9958897233009338,cnn_revised_20260919T110440Z,cnn_s2_17,val,Log-Mel CNN,0.4739688038825989,0.5062138934930166
seg_001828,sample_00609,Timen Passing By - Jason Shaw,1,0.9987797141075134,cnn_revised_20260919T110440Z,cnn_s2_17,val,Log-Mel CNN,0.4739688038825989,0.5062138934930166
seg_001829,sample_00609,Timen Passing By - Jason Shaw,1,0.998568058013916,cnn_revised_20260919T110440Z,cnn_s2_17,val,Log-Mel CNN,0.4739688038825989,0.5062138934930166
seg_001830,sample_00610,Night Drive - Decktonic,1,0.9973698854446411,cnn_revised_20260919T110440Z,cnn_s2_17,val,Log-Mel CNN,0.4739688038825989,0.5062138934930166
seg_001831,sample_00610,Night Drive - Decktonic,1,0.997385561466217,cnn_revised_20260919T110440Z,cnn_s2_17,val,Log-Mel CNN,0.4739688038825989,0.5062138934930166
seg_001832,sample_00610,Night Drive - Decktonic,1,0.9955381155014038,cnn_revised_20260919T110440Z,cnn_s2_17,val,Log-Mel CNN,0.4739688038825989,0.5062138934930166
seg_001845,sample_00615,Sturgeon's Law - Nihilore,1,0.8401066660881042,cnn_revised_20260919T110440Z,cnn_s2_17,val,Log-Mel CNN,0.4739688038825989,0.5062138934930166
seg_001846,sample_00615,Sturgeon's Law - Nihilore,1,0.8655416369438171,cnn_revised_20260919T110440Z,cnn_s2_17,val,Log-Mel CNN,0.4739688038825989,0.5062138934930166
seg_001847,sample_00615,Sturgeon's Law - Nihilore,1,0.8979042172431946,cnn_revised_20260919T110440Z,cnn_s2_17,val,Log-Mel CNN,0.4739688038825989,0.5062138934930166
seg_001851,sample_00617,mystery team 2090 - Jesse Futerman,1,0.9858865737915039,cnn_revised_20260919T110440Z,cnn_s2_17,val,Log-Mel CNN,0.4739688038825989,0.5062138934930166
seg_001852,sample_00617,mystery team 2090 - Jesse Futerman,1,0.9817460775375366,cnn_revised_20260919T110440Z,cnn_s2_17,val,Log-Mel CNN,0.4739688038825989,0.5062138934930166
seg_001853,sample_00617,mystery team 2090 - Jesse Futerman,1,0.9856625199317932,cnn_revised_20260919T110440Z,cnn_s2_17,val,Log-Mel CNN,0.4739688038825989,0.5062138934930166
seg_001875,sample_00625,Loved Ones - Rowan Box,1,0.8774732947349548,cnn_revised_20260919T110440Z,cnn_s2_17,val,Log-Mel CNN,0.4739688038825989,0.5062138934930166
seg_001876,sample_00625,Loved Ones - Rowan Box,1,0.8811798095703125,cnn_revised_20260919T110440Z,cnn_s2_17,val,Log-Mel CNN,0.4739688038825989,0.5062138934930166
seg_001877,sample_00625,Loved Ones - Rowan Box,1,0.8780835866928101,cnn_revised_20260919T110440Z,cnn_s2_17,val,Log-Mel CNN,0.4739688038825989,0.5062138934930166
seg_001917,sample_00639,CopperNickle - UncleBibby,1,0.9961128234863281,cnn_revised_20260919T110440Z,cnn_s2_17,val,Log-Mel CNN,0.4739688038825989,0.5062138934930166
seg_001918,sample_00639,CopperNickle - UncleBibby,1,0.9963927865028381,cnn_revised_20260919T110440Z,cnn_s2_17,val,Log-Mel CNN,0.4739688038825989,0.5062138934930166
seg_001919,sample_00639,CopperNickle - UncleBibby,1,0.9980289340019226,cnn_revised_20260919T110440Z,cnn_s2_17,val,Log-Mel CNN,0.4739688038825989,0.5062138934930166
seg_001953,sample_00651,Nuo Maisemat - Paavoharju,1,0.9884456396102905,cnn_revised_20260919T110440Z,cnn_s2_17,val,Log-Mel CNN,0.4739688038825989,0.5062138934930166
seg_001954,sample_00651,Nuo Maisemat - Paavoharju,1,0.9900277256965637,cnn_revised_20260919T110440Z,cnn_s2_17,val,Log-Mel CNN,0.4739688038825989,0.5062138934930166
seg_001955,sample_00651,Nuo Maisemat - Paavoharju,1,0.9764158129692078,cnn_revised_20260919T110440Z,cnn_s2_17,val,Log-Mel CNN,0.4739688038825989,0.5062138934930166
seg_001986,sample_00662,SD (Ill Mix) - H-LR,1,0.9981252551078796,cnn_revised_20260919T110440Z,cnn_s2_17,val,Log-Mel CNN,0.4739688038825989,0.5062138934930166
seg_001987,sample_00662,SD (Ill Mix) - H-LR,1,0.9983052015304565,cnn_revised_20260919T110440Z,cnn_s2_17,val,Log-Mel CNN,0.4739688038825989,0.5062138934930166
seg_001988,sample_00662,SD (Ill Mix) - H-LR,1,0.9980779886245728,cnn_revised_20260919T110440Z,cnn_s2_17,val,Log-Mel CNN,0.4739688038825989,0.5062138934930166
seg_001998,sample_00666,Kumorizoranohajimarutokoro - Hosomi,1,0.9794356822967529,cnn_revised_20260919T110440Z,cnn_s2_17,val,Log-Mel CNN,0.4739688038825989,0.5062138934930166
seg_001999,sample_00666,Kumorizoranohajimarutokoro - Hosomi,1,0.9967316389083862,cnn_revised_20260919T110440Z,cnn_s2_17,val,Log-Mel CNN,0.4739688038825989,0.5062138934930166
seg_002000,sample_00666,Kumorizoranohajimarutokoro - Hosomi,1,0.9950954914093018,cnn_revised_20260919T110440Z,cnn_s2_17,val,Log-Mel CNN,0.4739688038825989,0.5062138934930166
seg_002019,sample_00673,some dextromethorphan - Jeva,1,0.9923095703125,cnn_revised_20260919T110440Z,cnn_s2_17,val,Log-Mel CNN,0.4739688038825989,0.5062138934930166
seg_002020,sample_00673,some dextromethorphan - Jeva,1,0.994601845741272,cnn_revised_20260919T110440Z,cnn_s2_17,val,Log-Mel CNN,0.4739688038825989,0.5062138934930166
seg_002021,sample_00673,some dextromethorphan - Jeva,1,0.97355055809021,cnn_revised_20260919T110440Z,cnn_s2_17,val,Log-Mel CNN,0.4739688038825989,0.5062138934930166
seg_002028,sample_00676,Fifth Ramble - From the album Keith [RSVP007] - My brother Daniel,1,0.9731419086456299,cnn_revised_20260919T110440Z,cnn_s2_17,val,Log-Mel CNN,0.4739688038825989,0.5062138934930166
seg_002029,sample_00676,Fifth Ramble - From the album Keith [RSVP007] - My brother Daniel,1,0.970604419708252,cnn_revised_20260919T110440Z,cnn_s2_17,val,Log-Mel CNN,0.4739688038825989,0.5062138934930166
seg_002030,sample_00676,Fifth Ramble - From the album Keith [RSVP007] - My brother Daniel,1,0.9831021428108215,cnn_revised_20260919T110440Z,cnn_s2_17,val,Log-Mel CNN,0.4739688038825989,0.5062138934930166
seg_002043,sample_00681,Westside Chillers - Little Glass Men,1,0.9861674904823303,cnn_revised_20260919T110440Z,cnn_s2_17,val,Log-Mel CNN,0.4739688038825989,0.5062138934930166
seg_002044,sample_00681,Westside Chillers - Little Glass Men,1,0.9854674935340881,cnn_revised_20260919T110440Z,cnn_s2_17,val,Log-Mel CNN,0.4739688038825989,0.5062138934930166
seg_002045,sample_00681,Westside Chillers - Little Glass Men,1,0.9788089394569397,cnn_revised_20260919T110440Z,cnn_s2_17,val,Log-Mel CNN,0.4739688038825989,0.5062138934930166
seg_002076,sample_00692,If You're Ther - Nicola Ratti,1,0.9900036454200745,cnn_revised_20260919T110440Z,cnn_s2_17,val,Log-Mel CNN,0.4739688038825989,0.5062138934930166
seg_002077,sample_00692,If You're Ther - Nicola Ratti,1,0.9240576028823853,cnn_revised_20260919T110440Z,cnn_s2_17,val,Log-Mel CNN,0.4739688038825989,0.5062138934930166
seg_002078,sample_00692,If You're Ther - Nicola Ratti,1,0.9111948013305664,cnn_revised_20260919T110440Z,cnn_s2_17,val,Log-Mel CNN,0.4739688038825989,0.5062138934930166
seg_002079,sample_00693,Understand That This Is A Dream - From the album Modulating Coil [RSVP008] - Forrest James,1,0.9811263680458069,cnn_revised_20260919T110440Z,cnn_s2_17,val,Log-Mel CNN,0.4739688038825989,0.5062138934930166
seg_002080,sample_00693,Understand That This Is A Dream - From the album Modulating Coil [RSVP008] - Forrest James,1,0.9443452954292297,cnn_revised_20260919T110440Z,cnn_s2_17,val,Log-Mel CNN,0.4739688038825989,0.5062138934930166
seg_002081,sample_00693,Understand That This Is A Dream - From the album Modulating Coil [RSVP008] - Forrest James,1,0.966873824596405,cnn_revised_20260919T110440Z,cnn_s2_17,val,Log-Mel CNN,0.4739688038825989,0.5062138934930166
seg_002100,sample_00700,The Stairway - WarpToken,1,0.9986131191253662,cnn_revised_20260919T110440Z,cnn_s2_17,val,Log-Mel CNN,0.4739688038825989,0.5062138934930166
seg_002101,sample_00700,The Stairway - WarpToken,1,0.9954870343208313,cnn_revised_20260919T110440Z,cnn_s2_17,val,Log-Mel CNN,0.4739688038825989,0.5062138934930166
seg_002102,sample_00700,The Stairway - WarpToken,1,0.998869001865387,cnn_revised_20260919T110440Z,cnn_s2_17,val,Log-Mel CNN,0.4739688038825989,0.5062138934930166
seg_002112,sample_00704,Soleares&beats - Malaventura,1,0.9802230596542358,cnn_revised_20260919T110440Z,cnn_s2_17,val,Log-Mel CNN,0.4739688038825989,0.5062138934930166
seg_002113,sample_00704,Soleares&beats - Malaventura,1,0.9856669306755066,cnn_revised_20260919T110440Z,cnn_s2_17,val,Log-Mel CNN,0.4739688038825989,0.5062138934930166
seg_002114,sample_00704,Soleares&beats - Malaventura,1,0.9866900444030762,cnn_revised_20260919T110440Z,cnn_s2_17,val,Log-Mel CNN,0.4739688038825989,0.5062138934930166
seg_002184,sample_00728,Evil Cannot Create - Caleb Lemond,1,0.9875314831733704,cnn_revised_20260919T110440Z,cnn_s2_17,val,Log-Mel CNN,0.4739688038825989,0.5062138934930166
seg_002185,sample_00728,Evil Cannot Create - Caleb Lemond,1,0.793827474117279,cnn_revised_20260919T110440Z,cnn_s2_17,val,Log-Mel CNN,0.4739688038825989,0.5062138934930166
seg_002186,sample_00728,Evil Cannot Create - Caleb Lemond,1,0.983681321144104,cnn_revised_20260919T110440Z,cnn_s2_17,val,Log-Mel CNN,0.4739688038825989,0.5062138934930166
seg_002196,sample_00732,Norweigian Wood II - Bird Names,1,0.9746598601341248,cnn_revised_20260919T110440Z,cnn_s2_17,val,Log-Mel CNN,0.4739688038825989,0.5062138934930166
seg_002197,sample_00732,Norweigian Wood II - Bird Names,1,0.9786927103996277,cnn_revised_20260919T110440Z,cnn_s2_17,val,Log-Mel CNN,0.4739688038825989,0.5062138934930166
seg_002198,sample_00732,Norweigian Wood II - Bird Names,1,0.9940715432167053,cnn_revised_20260919T110440Z,cnn_s2_17,val,Log-Mel CNN,0.4739688038825989,0.5062138934930166
seg_002214,sample_00738,Roller Star - Monroeville Music Center,1,0.9969275593757629,cnn_revised_20260919T110440Z,cnn_s2_17,val,Log-Mel CNN,0.4739688038825989,0.5062138934930166
seg_002215,sample_00738,Roller Star - Monroeville Music Center,1,0.9979628324508667,cnn_revised_20260919T110440Z,cnn_s2_17,val,Log-Mel CNN,0.4739688038825989,0.5062138934930166
seg_002216,sample_00738,Roller Star - Monroeville Music Center,1,0.9976789355278015,cnn_revised_20260919T110440Z,cnn_s2_17,val,Log-Mel CNN,0.4739688038825989,0.5062138934930166
seg_002229,sample_00743,Time Is Love - Silence is full of birds,1,0.9600021243095398,cnn_revised_20260919T110440Z,cnn_s2_17,val,Log-Mel CNN,0.4739688038825989,0.5062138934930166
seg_002230,sample_00743,Time Is Love - Silence is full of birds,1,0.9833330512046814,cnn_revised_20260919T110440Z,cnn_s2_17,val,Log-Mel CNN,0.4739688038825989,0.5062138934930166
seg_002231,sample_00743,Time Is Love - Silence is full of birds,1,0.8759902715682983,cnn_revised_20260919T110440Z,cnn_s2_17,val,Log-Mel CNN,0.4739688038825989,0.5062138934930166
seg_002232,sample_00744,Stockholm Syndrome / People Should Be More Aware - Bird Names,1,0.9546946883201599,cnn_revised_20260919T110440Z,cnn_s2_17,val,Log-Mel CNN,0.4739688038825989,0.5062138934930166
seg_002233,sample_00744,Stockholm Syndrome / People Should Be More Aware - Bird Names,1,0.9570469856262207,cnn_revised_20260919T110440Z,cnn_s2_17,val,Log-Mel CNN,0.4739688038825989,0.5062138934930166
seg_002234,sample_00744,Stockholm Syndrome / People Should Be More Aware - Bird Names,1,0.9694600701332092,cnn_revised_20260919T110440Z,cnn_s2_17,val,Log-Mel CNN,0.4739688038825989,0.5062138934930166
seg_002244,sample_00748,"Roundtrip - Oh Yeah, the Future",1,0.9921149611473083,cnn_revised_20260919T110440Z,cnn_s2_17,val,Log-Mel CNN,0.4739688038825989,0.5062138934930166
seg_002245,sample_00748,"Roundtrip - Oh Yeah, the Future",1,0.9989787340164185,cnn_revised_20260919T110440Z,cnn_s2_17,val,Log-Mel CNN,0.4739688038825989,0.5062138934930166
seg_002246,sample_00748,"Roundtrip - Oh Yeah, the Future",1,0.9956272840499878,cnn_revised_20260919T110440Z,cnn_s2_17,val,Log-Mel CNN,0.4739688038825989,0.5062138934930166
seg_002247,sample_00749,New Life (take 1) - Bird Names,1,0.9678763747215271,cnn_revised_20260919T110440Z,cnn_s2_17,val,Log-Mel CNN,0.4739688038825989,0.5062138934930166
seg_002248,sample_00749,New Life (take 1) - Bird Names,1,0.9799632430076599,cnn_revised_20260919T110440Z,cnn_s2_17,val,Log-Mel CNN,0.4739688038825989,0.5062138934930166
seg_002249,sample_00749,New Life (take 1) - Bird Names,1,0.9767155051231384,cnn_revised_20260919T110440Z,cnn_s2_17,val,Log-Mel CNN,0.4739688038825989,0.5062138934930166
seg_002253,sample_00751,My Body Is A Weapon (Compromise Edit) - Silence is full of birds,1,0.9757654666900635,cnn_revised_20260919T110440Z,cnn_s2_17,val,Log-Mel CNN,0.4739688038825989,0.5062138934930166
seg_002254,sample_00751,My Body Is A Weapon (Compromise Edit) - Silence is full of birds,1,0.9873886108398438,cnn_revised_20260919T110440Z,cnn_s2_17,val,Log-Mel CNN,0.4739688038825989,0.5062138934930166
seg_002255,sample_00751,My Body Is A Weapon (Compromise Edit) - Silence is full of birds,1,0.9905756711959839,cnn_revised_20260919T110440Z,cnn_s2_17,val,Log-Mel CNN,0.4739688038825989,0.5062138934930166
seg_002280,sample_00760,Agora - Malaventura,1,0.9808126091957092,cnn_revised_20260919T110440Z,cnn_s2_17,val,Log-Mel CNN,0.4739688038825989,0.5062138934930166
seg_002281,sample_00760,Agora - Malaventura,1,0.9844751954078674,cnn_revised_20260919T110440Z,cnn_s2_17,val,Log-Mel CNN,0.4739688038825989,0.5062138934930166
seg_002282,sample_00760,Agora - Malaventura,1,0.9907439351081848,cnn_revised_20260919T110440Z,cnn_s2_17,val,Log-Mel CNN,0.4739688038825989,0.5062138934930166
seg_002304,sample_00768,Empty Pockets - Pete Prodoehl,1,0.9414405226707458,cnn_revised_20260919T110440Z,cnn_s2_17,val,Log-Mel CNN,0.4739688038825989,0.5062138934930166
seg_002305,sample_00768,Empty Pockets - Pete Prodoehl,1,0.9418569207191467,cnn_revised_20260919T110440Z,cnn_s2_17,val,Log-Mel CNN,0.4739688038825989,0.5062138934930166
seg_002306,sample_00768,Empty Pockets - Pete Prodoehl,1,0.9837406277656555,cnn_revised_20260919T110440Z,cnn_s2_17,val,Log-Mel CNN,0.4739688038825989,0.5062138934930166
seg_002310,sample_00770,Windows of the Skull - Sarin,1,0.9290363192558289,cnn_revised_20260919T110440Z,cnn_s2_17,val,Log-Mel CNN,0.4739688038825989,0.5062138934930166
seg_002311,sample_00770,Windows of the Skull - Sarin,1,0.9409725069999695,cnn_revised_20260919T110440Z,cnn_s2_17,val,Log-Mel CNN,0.4739688038825989,0.5062138934930166
seg_002312,sample_00770,Windows of the Skull - Sarin,1,0.9440878629684448,cnn_revised_20260919T110440Z,cnn_s2_17,val,Log-Mel CNN,0.4739688038825989,0.5062138934930166
seg_002319,sample_00773,Gila Monster Flop/Music History Lesson:The Sonics - The Crypts!,1,0.9978622794151306,cnn_revised_20260919T110440Z,cnn_s2_17,val,Log-Mel CNN,0.4739688038825989,0.5062138934930166
seg_002320,sample_00773,Gila Monster Flop/Music History Lesson:The Sonics - The Crypts!,1,0.9982865452766418,cnn_revised_20260919T110440Z,cnn_s2_17,val,Log-Mel CNN,0.4739688038825989,0.5062138934930166
seg_002321,sample_00773,Gila Monster Flop/Music History Lesson:The Sonics - The Crypts!,1,0.9987630844116211,cnn_revised_20260919T110440Z,cnn_s2_17,val,Log-Mel CNN,0.4739688038825989,0.5062138934930166
seg_002343,sample_00781,Voxel - Andy G. Cohen,1,0.9809669256210327,cnn_revised_20260919T110440Z,cnn_s2_17,val,Log-Mel CNN,0.4739688038825989,0.5062138934930166
seg_002344,sample_00781,Voxel - Andy G. Cohen,1,0.9578296542167664,cnn_revised_20260919T110440Z,cnn_s2_17,val,Log-Mel CNN,0.4739688038825989,0.5062138934930166
seg_002345,sample_00781,Voxel - Andy G. Cohen,1,0.9760569334030151,cnn_revised_20260919T110440Z,cnn_s2_17,val,Log-Mel CNN,0.4739688038825989,0.5062138934930166
seg_002364,sample_00788,Scramby Eggs - Andy G. Cohen,1,0.9894773364067078,cnn_revised_20260919T110440Z,cnn_s2_17,val,Log-Mel CNN,0.4739688038825989,0.5062138934930166
seg_002365,sample_00788,Scramby Eggs - Andy G. Cohen,1,0.9942307472229004,cnn_revised_20260919T110440Z,cnn_s2_17,val,Log-Mel CNN,0.4739688038825989,0.5062138934930166
seg_002366,sample_00788,Scramby Eggs - Andy G. Cohen,1,0.9934509992599487,cnn_revised_20260919T110440Z,cnn_s2_17,val,Log-Mel CNN,0.4739688038825989,0.5062138934930166
seg_002406,sample_00802,I Fell - Mod Fun,1,0.9935989379882812,cnn_revised_20260919T110440Z,cnn_s2_17,val,Log-Mel CNN,0.4739688038825989,0.5062138934930166
seg_002407,sample_00802,I Fell - Mod Fun,1,0.9933475852012634,cnn_revised_20260919T110440Z,cnn_s2_17,val,Log-Mel CNN,0.4739688038825989,0.5062138934930166
seg_002408,sample_00802,I Fell - Mod Fun,1,0.9974943399429321,cnn_revised_20260919T110440Z,cnn_s2_17,val,Log-Mel CNN,0.4739688038825989,0.5062138934930166
seg_002409,sample_00803,Новый Нью-Йорк 2 - Чокнутый Пропеллер,1,0.9970688223838806,cnn_revised_20260919T110440Z,cnn_s2_17,val,Log-Mel CNN,0.4739688038825989,0.5062138934930166
seg_002410,sample_00803,Новый Нью-Йорк 2 - Чокнутый Пропеллер,1,0.9934481978416443,cnn_revised_20260919T110440Z,cnn_s2_17,val,Log-Mel CNN,0.4739688038825989,0.5062138934930166
seg_002411,sample_00803,Новый Нью-Йорк 2 - Чокнутый Пропеллер,1,0.9957184195518494,cnn_revised_20260919T110440Z,cnn_s2_17,val,Log-Mel CNN,0.4739688038825989,0.5062138934930166
seg_002421,sample_00807,March of the GPA Mechanics - [t]ghost,1,0.9805529713630676,cnn_revised_20260919T110440Z,cnn_s2_17,val,Log-Mel CNN,0.4739688038825989,0.5062138934930166
seg_002422,sample_00807,March of the GPA Mechanics - [t]ghost,1,0.9830191731452942,cnn_revised_20260919T110440Z,cnn_s2_17,val,Log-Mel CNN,0.4739688038825989,0.5062138934930166
seg_002423,sample_00807,March of the GPA Mechanics - [t]ghost,1,0.9721090793609619,cnn_revised_20260919T110440Z,cnn_s2_17,val,Log-Mel CNN,0.4739688038825989,0.5062138934930166
seg_002436,sample_00812,2 (Wasn't There) - Isle of Pine,1,0.991191565990448,cnn_revised_20260919T110440Z,cnn_s2_17,val,Log-Mel CNN,0.4739688038825989,0.5062138934930166
seg_002437,sample_00812,2 (Wasn't There) - Isle of Pine,1,0.9929325580596924,cnn_revised_20260919T110440Z,cnn_s2_17,val,Log-Mel CNN,0.4739688038825989,0.5062138934930166
seg_002438,sample_00812,2 (Wasn't There) - Isle of Pine,1,0.9887136816978455,cnn_revised_20260919T110440Z,cnn_s2_17,val,Log-Mel CNN,0.4739688038825989,0.5062138934930166
seg_002439,sample_00813,The girl just faded - Los Llamarada,1,0.8953993320465088,cnn_revised_20260919T110440Z,cnn_s2_17,val,Log-Mel CNN,0.4739688038825989,0.5062138934930166
seg_002440,sample_00813,The girl just faded - Los Llamarada,1,0.9193073511123657,cnn_revised_20260919T110440Z,cnn_s2_17,val,Log-Mel CNN,0.4739688038825989,0.5062138934930166
seg_002441,sample_00813,The girl just faded - Los Llamarada,1,0.8662911057472229,cnn_revised_20260919T110440Z,cnn_s2_17,val,Log-Mel CNN,0.4739688038825989,0.5062138934930166
seg_002457,sample_00819,В Наших Сердцах - Чокнутый Пропеллер,1,0.9930932521820068,cnn_revised_20260919T110440Z,cnn_s2_17,val,Log-Mel CNN,0.4739688038825989,0.5062138934930166
seg_002458,sample_00819,В Наших Сердцах - Чокнутый Пропеллер,1,0.9937738180160522,cnn_revised_20260919T110440Z,cnn_s2_17,val,Log-Mel CNN,0.4739688038825989,0.5062138934930166
seg_002459,sample_00819,В Наших Сердцах - Чокнутый Пропеллер,1,0.995495080947876,cnn_revised_20260919T110440Z,cnn_s2_17,val,Log-Mel CNN,0.4739688038825989,0.5062138934930166
seg_002460,sample_00820,Lights Up - Pipe Choir,1,0.9963142275810242,cnn_revised_20260919T110440Z,cnn_s2_17,val,Log-Mel CNN,0.4739688038825989,0.5062138934930166
seg_002461,sample_00820,Lights Up - Pipe Choir,1,0.9983645081520081,cnn_revised_20260919T110440Z,cnn_s2_17,val,Log-Mel CNN,0.4739688038825989,0.5062138934930166
seg_002462,sample_00820,Lights Up - Pipe Choir,1,0.9984991550445557,cnn_revised_20260919T110440Z,cnn_s2_17,val,Log-Mel CNN,0.4739688038825989,0.5062138934930166
seg_002466,sample_00822,Beyond Luxury - Mors Ontologica,1,0.9871189594268799,cnn_revised_20260919T110440Z,cnn_s2_17,val,Log-Mel CNN,0.4739688038825989,0.5062138934930166
seg_002467,sample_00822,Beyond Luxury - Mors Ontologica,1,0.9919778108596802,cnn_revised_20260919T110440Z,cnn_s2_17,val,Log-Mel CNN,0.4739688038825989,0.5062138934930166
seg_002468,sample_00822,Beyond Luxury - Mors Ontologica,1,0.9798092842102051,cnn_revised_20260919T110440Z,cnn_s2_17,val,Log-Mel CNN,0.4739688038825989,0.5062138934930166
seg_002529,sample_00843,Fear - Los Fancy Free,1,0.9973306655883789,cnn_revised_20260919T110440Z,cnn_s2_17,val,Log-Mel CNN,0.4739688038825989,0.5062138934930166
seg_002530,sample_00843,Fear - Los Fancy Free,1,0.9972000122070312,cnn_revised_20260919T110440Z,cnn_s2_17,val,Log-Mel CNN,0.4739688038825989,0.5062138934930166
seg_002531,sample_00843,Fear - Los Fancy Free,1,0.9972454309463501,cnn_revised_20260919T110440Z,cnn_s2_17,val,Log-Mel CNN,0.4739688038825989,0.5062138934930166
seg_002622,sample_00874,Redlight - Room For A Ghost,1,0.9274845719337463,cnn_revised_20260919T110440Z,cnn_s2_17,val,Log-Mel CNN,0.4739688038825989,0.5062138934930166
seg_002623,sample_00874,Redlight - Room For A Ghost,1,0.9534761905670166,cnn_revised_20260919T110440Z,cnn_s2_17,val,Log-Mel CNN,0.4739688038825989,0.5062138934930166
seg_002624,sample_00874,Redlight - Room For A Ghost,1,0.9681780338287354,cnn_revised_20260919T110440Z,cnn_s2_17,val,Log-Mel CNN,0.4739688038825989,0.5062138934930166
seg_002625,sample_00875,Shipwrecked Crew - Pete Prodoehl,1,0.9313459396362305,cnn_revised_20260919T110440Z,cnn_s2_17,val,Log-Mel CNN,0.4739688038825989,0.5062138934930166
seg_002626,sample_00875,Shipwrecked Crew - Pete Prodoehl,1,0.9664795994758606,cnn_revised_20260919T110440Z,cnn_s2_17,val,Log-Mel CNN,0.4739688038825989,0.5062138934930166
seg_002627,sample_00875,Shipwrecked Crew - Pete Prodoehl,1,0.9890041947364807,cnn_revised_20260919T110440Z,cnn_s2_17,val,Log-Mel CNN,0.4739688038825989,0.5062138934930166
seg_002640,sample_00880,Morning Bell - Nihilore,1,0.9987384676933289,cnn_revised_20260919T110440Z,cnn_s2_17,val,Log-Mel CNN,0.4739688038825989,0.5062138934930166
seg_002641,sample_00880,Morning Bell - Nihilore,1,0.9979244470596313,cnn_revised_20260919T110440Z,cnn_s2_17,val,Log-Mel CNN,0.4739688038825989,0.5062138934930166
seg_002642,sample_00880,Morning Bell - Nihilore,1,0.9940367937088013,cnn_revised_20260919T110440Z,cnn_s2_17,val,Log-Mel CNN,0.4739688038825989,0.5062138934930166
seg_002694,sample_00898,CopperNickle - UncleBibby,1,0.3849520683288574,cnn_revised_20260919T110440Z,cnn_s2_17,val,Log-Mel CNN,0.4739688038825989,0.5062138934930166
seg_002695,sample_00898,CopperNickle - UncleBibby,1,0.8983298540115356,cnn_revised_20260919T110440Z,cnn_s2_17,val,Log-Mel CNN,0.4739688038825989,0.5062138934930166
seg_002696,sample_00898,CopperNickle - UncleBibby,1,0.7925577759742737,cnn_revised_20260919T110440Z,cnn_s2_17,val,Log-Mel CNN,0.4739688038825989,0.5062138934930166
seg_002697,sample_00899,CopperNickle - UncleBibby,1,0.9738879203796387,cnn_revised_20260919T110440Z,cnn_s2_17,val,Log-Mel CNN,0.4739688038825989,0.5062138934930166
seg_002698,sample_00899,CopperNickle - UncleBibby,1,0.9279893636703491,cnn_revised_20260919T110440Z,cnn_s2_17,val,Log-Mel CNN,0.4739688038825989,0.5062138934930166
seg_002699,sample_00899,CopperNickle - UncleBibby,1,0.9778368473052979,cnn_revised_20260919T110440Z,cnn_s2_17,val,Log-Mel CNN,0.4739688038825989,0.5062138934930166
seg_002766,sample_00922,mystery team 2090 - Jesse Futerman,1,0.8984842896461487,cnn_revised_20260919T110440Z,cnn_s2_17,val,Log-Mel CNN,0.4739688038825989,0.5062138934930166
seg_002767,sample_00922,mystery team 2090 - Jesse Futerman,1,0.9139461517333984,cnn_revised_20260919T110440Z,cnn_s2_17,val,Log-Mel CNN,0.4739688038825989,0.5062138934930166
seg_002768,sample_00922,mystery team 2090 - Jesse Futerman,1,0.9792104363441467,cnn_revised_20260919T110440Z,cnn_s2_17,val,Log-Mel CNN,0.4739688038825989,0.5062138934930166
seg_002769,sample_00923,mystery team 2090 - Jesse Futerman,1,0.7993242144584656,cnn_revised_20260919T110440Z,cnn_s2_17,val,Log-Mel CNN,0.4739688038825989,0.5062138934930166
seg_002770,sample_00923,mystery team 2090 - Jesse Futerman,1,0.9505622386932373,cnn_revised_20260919T110440Z,cnn_s2_17,val,Log-Mel CNN,0.4739688038825989,0.5062138934930166
seg_002771,sample_00923,mystery team 2090 - Jesse Futerman,1,0.9969245791435242,cnn_revised_20260919T110440Z,cnn_s2_17,val,Log-Mel CNN,0.4739688038825989,0.5062138934930166
seg_002772,sample_00924,Night Drive - Decktonic,1,0.8682342171669006,cnn_revised_20260919T110440Z,cnn_s2_17,val,Log-Mel CNN,0.4739688038825989,0.5062138934930166
seg_002773,sample_00924,Night Drive - Decktonic,1,0.7577133178710938,cnn_revised_20260919T110440Z,cnn_s2_17,val,Log-Mel CNN,0.4739688038825989,0.5062138934930166
seg_002774,sample_00924,Night Drive - Decktonic,1,0.9751405715942383,cnn_revised_20260919T110440Z,cnn_s2_17,val,Log-Mel CNN,0.4739688038825989,0.5062138934930166
seg_002775,sample_00925,Night Drive - Decktonic,1,0.9056731462478638,cnn_revised_20260919T110440Z,cnn_s2_17,val,Log-Mel CNN,0.4739688038825989,0.5062138934930166
seg_002776,sample_00925,Night Drive - Decktonic,1,0.8514406681060791,cnn_revised_20260919T110440Z,cnn_s2_17,val,Log-Mel CNN,0.4739688038825989,0.5062138934930166
seg_002777,sample_00925,Night Drive - Decktonic,1,0.9553341865539551,cnn_revised_20260919T110440Z,cnn_s2_17,val,Log-Mel CNN,0.4739688038825989,0.5062138934930166
seg_002790,sample_00930,Nuo Maisemat - Paavoharju,1,0.9944122433662415,cnn_revised_20260919T110440Z,cnn_s2_17,val,Log-Mel CNN,0.4739688038825989,0.5062138934930166
seg_002791,sample_00930,Nuo Maisemat - Paavoharju,1,0.9685153961181641,cnn_revised_20260919T110440Z,cnn_s2_17,val,Log-Mel CNN,0.4739688038825989,0.5062138934930166
seg_002792,sample_00930,Nuo Maisemat - Paavoharju,1,0.9724090099334717,cnn_revised_20260919T110440Z,cnn_s2_17,val,Log-Mel CNN,0.4739688038825989,0.5062138934930166
seg_002793,sample_00931,Nuo Maisemat - Paavoharju,1,0.9791637063026428,cnn_revised_20260919T110440Z,cnn_s2_17,val,Log-Mel CNN,0.4739688038825989,0.5062138934930166
seg_002794,sample_00931,Nuo Maisemat - Paavoharju,1,0.9741994142532349,cnn_revised_20260919T110440Z,cnn_s2_17,val,Log-Mel CNN,0.4739688038825989,0.5062138934930166
seg_002795,sample_00931,Nuo Maisemat - Paavoharju,1,0.9932368397712708,cnn_revised_20260919T110440Z,cnn_s2_17,val,Log-Mel CNN,0.4739688038825989,0.5062138934930166
seg_002874,sample_00958,SD (Ill Mix) - H-LR,1,0.9055331945419312,cnn_revised_20260919T110440Z,cnn_s2_17,val,Log-Mel CNN,0.4739688038825989,0.5062138934930166
seg_002875,sample_00958,SD (Ill Mix) - H-LR,1,0.9708367586135864,cnn_revised_20260919T110440Z,cnn_s2_17,val,Log-Mel CNN,0.4739688038825989,0.5062138934930166
seg_002876,sample_00958,SD (Ill Mix) - H-LR,1,0.9933944344520569,cnn_revised_20260919T110440Z,cnn_s2_17,val,Log-Mel CNN,0.4739688038825989,0.5062138934930166
seg_002877,sample_00959,SD (Ill Mix) - H-LR,1,0.9276044368743896,cnn_revised_20260919T110440Z,cnn_s2_17,val,Log-Mel CNN,0.4739688038825989,0.5062138934930166
seg_002878,sample_00959,SD (Ill Mix) - H-LR,1,0.8948485851287842,cnn_revised_20260919T110440Z,cnn_s2_17,val,Log-Mel CNN,0.4739688038825989,0.5062138934930166
seg_002879,sample_00959,SD (Ill Mix) - H-LR,1,0.8321793079376221,cnn_revised_20260919T110440Z,cnn_s2_17,val,Log-Mel CNN,0.4739688038825989,0.5062138934930166
seg_002982,sample_00994,Evil Cannot Create - Caleb Lemond,1,0.9739047884941101,cnn_revised_20260919T110440Z,cnn_s2_17,val,Log-Mel CNN,0.4739688038825989,0.5062138934930166
seg_002983,sample_00994,Evil Cannot Create - Caleb Lemond,1,0.8956294655799866,cnn_revised_20260919T110440Z,cnn_s2_17,val,Log-Mel CNN,0.4739688038825989,0.5062138934930166
seg_002984,sample_00994,Evil Cannot Create - Caleb Lemond,1,0.9906890392303467,cnn_revised_20260919T110440Z,cnn_s2_17,val,Log-Mel CNN,0.4739688038825989,0.5062138934930166
seg_002985,sample_00995,Evil Cannot Create - Caleb Lemond,1,0.9874643087387085,cnn_revised_20260919T110440Z,cnn_s2_17,val,Log-Mel CNN,0.4739688038825989,0.5062138934930166
seg_002986,sample_00995,Evil Cannot Create - Caleb Lemond,1,0.968292772769928,cnn_revised_20260919T110440Z,cnn_s2_17,val,Log-Mel CNN,0.4739688038825989,0.5062138934930166
seg_002987,sample_00995,Evil Cannot Create - Caleb Lemond,1,0.9590191841125488,cnn_revised_20260919T110440Z,cnn_s2_17,val,Log-Mel CNN,0.4739688038825989,0.5062138934930166
seg_003090,sample_01030,New Life (take 1) - Bird Names,1,0.49081307649612427,cnn_revised_20260919T110440Z,cnn_s2_17,val,Log-Mel CNN,0.4739688038825989,0.5062138934930166
seg_003091,sample_01030,New Life (take 1) - Bird Names,1,0.3182848393917084,cnn_revised_20260919T110440Z,cnn_s2_17,val,Log-Mel CNN,0.4739688038825989,0.5062138934930166
seg_003092,sample_01030,New Life (take 1) - Bird Names,1,0.8211169838905334,cnn_revised_20260919T110440Z,cnn_s2_17,val,Log-Mel CNN,0.4739688038825989,0.5062138934930166
seg_003093,sample_01031,New Life (take 1) - Bird Names,1,0.8269292116165161,cnn_revised_20260919T110440Z,cnn_s2_17,val,Log-Mel CNN,0.4739688038825989,0.5062138934930166
seg_003094,sample_01031,New Life (take 1) - Bird Names,1,0.3535420298576355,cnn_revised_20260919T110440Z,cnn_s2_17,val,Log-Mel CNN,0.4739688038825989,0.5062138934930166
seg_003095,sample_01031,New Life (take 1) - Bird Names,1,0.9399845004081726,cnn_revised_20260919T110440Z,cnn_s2_17,val,Log-Mel CNN,0.4739688038825989,0.5062138934930166
seg_003096,sample_01032,Norweigian Wood II - Bird Names,1,0.9473912119865417,cnn_revised_20260919T110440Z,cnn_s2_17,val,Log-Mel CNN,0.4739688038825989,0.5062138934930166
seg_003097,sample_01032,Norweigian Wood II - Bird Names,1,0.4386809468269348,cnn_revised_20260919T110440Z,cnn_s2_17,val,Log-Mel CNN,0.4739688038825989,0.5062138934930166
seg_003098,sample_01032,Norweigian Wood II - Bird Names,1,0.9676718711853027,cnn_revised_20260919T110440Z,cnn_s2_17,val,Log-Mel CNN,0.4739688038825989,0.5062138934930166
seg_003099,sample_01033,Norweigian Wood II - Bird Names,1,0.9166443943977356,cnn_revised_20260919T110440Z,cnn_s2_17,val,Log-Mel CNN,0.4739688038825989,0.5062138934930166
seg_003100,sample_01033,Norweigian Wood II - Bird Names,1,0.6804090738296509,cnn_revised_20260919T110440Z,cnn_s2_17,val,Log-Mel CNN,0.4739688038825989,0.5062138934930166
seg_003101,sample_01033,Norweigian Wood II - Bird Names,1,0.9238271117210388,cnn_revised_20260919T110440Z,cnn_s2_17,val,Log-Mel CNN,0.4739688038825989,0.5062138934930166
seg_003120,sample_01040,Roller Star - Monroeville Music Center,1,0.8379412293434143,cnn_revised_20260919T110440Z,cnn_s2_17,val,Log-Mel CNN,0.4739688038825989,0.5062138934930166
seg_003121,sample_01040,Roller Star - Monroeville Music Center,1,0.6409906148910522,cnn_revised_20260919T110440Z,cnn_s2_17,val,Log-Mel CNN,0.4739688038825989,0.5062138934930166
seg_003122,sample_01040,Roller Star - Monroeville Music Center,1,0.921188235282898,cnn_revised_20260919T110440Z,cnn_s2_17,val,Log-Mel CNN,0.4739688038825989,0.5062138934930166
seg_003123,sample_01041,Roller Star - Monroeville Music Center,1,0.9291591048240662,cnn_revised_20260919T110440Z,cnn_s2_17,val,Log-Mel CNN,0.4739688038825989,0.5062138934930166
seg_003124,sample_01041,Roller Star - Monroeville Music Center,1,0.788891613483429,cnn_revised_20260919T110440Z,cnn_s2_17,val,Log-Mel CNN,0.4739688038825989,0.5062138934930166
seg_003125,sample_01041,Roller Star - Monroeville Music Center,1,0.9235870838165283,cnn_revised_20260919T110440Z,cnn_s2_17,val,Log-Mel CNN,0.4739688038825989,0.5062138934930166
seg_003126,sample_01042,"Roundtrip - Oh Yeah, the Future",1,0.725163996219635,cnn_revised_20260919T110440Z,cnn_s2_17,val,Log-Mel CNN,0.4739688038825989,0.5062138934930166
seg_003127,sample_01042,"Roundtrip - Oh Yeah, the Future",1,0.5334462523460388,cnn_revised_20260919T110440Z,cnn_s2_17,val,Log-Mel CNN,0.4739688038825989,0.5062138934930166
seg_003128,sample_01042,"Roundtrip - Oh Yeah, the Future",1,0.9288197755813599,cnn_revised_20260919T110440Z,cnn_s2_17,val,Log-Mel CNN,0.4739688038825989,0.5062138934930166
seg_003129,sample_01043,"Roundtrip - Oh Yeah, the Future",1,0.6719256043434143,cnn_revised_20260919T110440Z,cnn_s2_17,val,Log-Mel CNN,0.4739688038825989,0.5062138934930166
seg_003130,sample_01043,"Roundtrip - Oh Yeah, the Future",1,0.7417187094688416,cnn_revised_20260919T110440Z,cnn_s2_17,val,Log-Mel CNN,0.4739688038825989,0.5062138934930166
seg_003131,sample_01043,"Roundtrip - Oh Yeah, the Future",1,0.9416909217834473,cnn_revised_20260919T110440Z,cnn_s2_17,val,Log-Mel CNN,0.4739688038825989,0.5062138934930166
seg_003144,sample_01048,Soleares&beats - Malaventura,1,0.6236297488212585,cnn_revised_20260919T110440Z,cnn_s2_17,val,Log-Mel CNN,0.4739688038825989,0.5062138934930166
seg_003145,sample_01048,Soleares&beats - Malaventura,1,0.41420817375183105,cnn_revised_20260919T110440Z,cnn_s2_17,val,Log-Mel CNN,0.4739688038825989,0.5062138934930166
seg_003146,sample_01048,Soleares&beats - Malaventura,1,0.8257681727409363,cnn_revised_20260919T110440Z,cnn_s2_17,val,Log-Mel CNN,0.4739688038825989,0.5062138934930166
seg_003147,sample_01049,Soleares&beats - Malaventura,1,0.21319419145584106,cnn_revised_20260919T110440Z,cnn_s2_17,val,Log-Mel CNN,0.4739688038825989,0.5062138934930166
seg_003148,sample_01049,Soleares&beats - Malaventura,1,0.7381716370582581,cnn_revised_20260919T110440Z,cnn_s2_17,val,Log-Mel CNN,0.4739688038825989,0.5062138934930166
seg_003149,sample_01049,Soleares&beats - Malaventura,1,0.7370488047599792,cnn_revised_20260919T110440Z,cnn_s2_17,val,Log-Mel CNN,0.4739688038825989,0.5062138934930166
seg_003162,sample_01054,Stockholm Syndrome / People Should Be More Aware - Bird Names,1,0.10449568182229996,cnn_revised_20260919T110440Z,cnn_s2_17,val,Log-Mel CNN,0.4739688038825989,0.5062138934930166
seg_003163,sample_01054,Stockholm Syndrome / People Should Be More Aware - Bird Names,1,0.7048295140266418,cnn_revised_20260919T110440Z,cnn_s2_17,val,Log-Mel CNN,0.4739688038825989,0.5062138934930166
seg_003164,sample_01054,Stockholm Syndrome / People Should Be More Aware - Bird Names,1,0.8258984088897705,cnn_revised_20260919T110440Z,cnn_s2_17,val,Log-Mel CNN,0.4739688038825989,0.5062138934930166
seg_003165,sample_01055,Stockholm Syndrome / People Should Be More Aware - Bird Names,1,0.8508085608482361,cnn_revised_20260919T110440Z,cnn_s2_17,val,Log-Mel CNN,0.4739688038825989,0.5062138934930166
seg_003166,sample_01055,Stockholm Syndrome / People Should Be More Aware - Bird Names,1,0.5455862283706665,cnn_revised_20260919T110440Z,cnn_s2_17,val,Log-Mel CNN,0.4739688038825989,0.5062138934930166
seg_003167,sample_01055,Stockholm Syndrome / People Should Be More Aware - Bird Names,1,0.8349055051803589,cnn_revised_20260919T110440Z,cnn_s2_17,val,Log-Mel CNN,0.4739688038825989,0.5062138934930166
seg_003204,sample_01068,Time Is Love - Silence is full of birds,1,0.5357711315155029,cnn_revised_20260919T110440Z,cnn_s2_17,val,Log-Mel CNN,0.4739688038825989,0.5062138934930166
seg_003205,sample_01068,Time Is Love - Silence is full of birds,1,0.33901020884513855,cnn_revised_20260919T110440Z,cnn_s2_17,val,Log-Mel CNN,0.4739688038825989,0.5062138934930166
seg_003206,sample_01068,Time Is Love - Silence is full of birds,1,0.9295069575309753,cnn_revised_20260919T110440Z,cnn_s2_17,val,Log-Mel CNN,0.4739688038825989,0.5062138934930166
seg_003207,sample_01069,Time Is Love - Silence is full of birds,1,0.7453200221061707,cnn_revised_20260919T110440Z,cnn_s2_17,val,Log-Mel CNN,0.4739688038825989,0.5062138934930166
seg_003208,sample_01069,Time Is Love - Silence is full of birds,1,0.8348729610443115,cnn_revised_20260919T110440Z,cnn_s2_17,val,Log-Mel CNN,0.4739688038825989,0.5062138934930166
seg_003209,sample_01069,Time Is Love - Silence is full of birds,1,0.9588236212730408,cnn_revised_20260919T110440Z,cnn_s2_17,val,Log-Mel CNN,0.4739688038825989,0.5062138934930166
seg_003246,sample_01082,2 (Wasn't There) - Isle of Pine,1,0.8760817646980286,cnn_revised_20260919T110440Z,cnn_s2_17,val,Log-Mel CNN,0.4739688038825989,0.5062138934930166
seg_003247,sample_01082,2 (Wasn't There) - Isle of Pine,1,0.6528558135032654,cnn_revised_20260919T110440Z,cnn_s2_17,val,Log-Mel CNN,0.4739688038825989,0.5062138934930166
seg_003248,sample_01082,2 (Wasn't There) - Isle of Pine,1,0.9882491827011108,cnn_revised_20260919T110440Z,cnn_s2_17,val,Log-Mel CNN,0.4739688038825989,0.5062138934930166
seg_003249,sample_01083,2 (Wasn't There) - Isle of Pine,1,0.7747509479522705,cnn_revised_20260919T110440Z,cnn_s2_17,val,Log-Mel CNN,0.4739688038825989,0.5062138934930166
seg_003250,sample_01083,2 (Wasn't There) - Isle of Pine,1,0.8365368247032166,cnn_revised_20260919T110440Z,cnn_s2_17,val,Log-Mel CNN,0.4739688038825989,0.5062138934930166
seg_003251,sample_01083,2 (Wasn't There) - Isle of Pine,1,0.940637469291687,cnn_revised_20260919T110440Z,cnn_s2_17,val,Log-Mel CNN,0.4739688038825989,0.5062138934930166
seg_003276,sample_01092,Empty Pockets - Pete Prodoehl,1,0.7329584956169128,cnn_revised_20260919T110440Z,cnn_s2_17,val,Log-Mel CNN,0.4739688038825989,0.5062138934930166
seg_003277,sample_01092,Empty Pockets - Pete Prodoehl,1,0.8604134917259216,cnn_revised_20260919T110440Z,cnn_s2_17,val,Log-Mel CNN,0.4739688038825989,0.5062138934930166
seg_003278,sample_01092,Empty Pockets - Pete Prodoehl,1,0.9293498396873474,cnn_revised_20260919T110440Z,cnn_s2_17,val,Log-Mel CNN,0.4739688038825989,0.5062138934930166
seg_003279,sample_01093,Empty Pockets - Pete Prodoehl,1,0.9006389379501343,cnn_revised_20260919T110440Z,cnn_s2_17,val,Log-Mel CNN,0.4739688038825989,0.5062138934930166
seg_003280,sample_01093,Empty Pockets - Pete Prodoehl,1,0.720477283000946,cnn_revised_20260919T110440Z,cnn_s2_17,val,Log-Mel CNN,0.4739688038825989,0.5062138934930166
seg_003281,sample_01093,Empty Pockets - Pete Prodoehl,1,0.9379768371582031,cnn_revised_20260919T110440Z,cnn_s2_17,val,Log-Mel CNN,0.4739688038825989,0.5062138934930166
seg_003294,sample_01098,Gila Monster Flop/Music History Lesson:The Sonics - The Crypts!,1,0.520979642868042,cnn_revised_20260919T110440Z,cnn_s2_17,val,Log-Mel CNN,0.4739688038825989,0.5062138934930166
seg_003295,sample_01098,Gila Monster Flop/Music History Lesson:The Sonics - The Crypts!,1,0.44704657793045044,cnn_revised_20260919T110440Z,cnn_s2_17,val,Log-Mel CNN,0.4739688038825989,0.5062138934930166
seg_003296,sample_01098,Gila Monster Flop/Music History Lesson:The Sonics - The Crypts!,1,0.7334581613540649,cnn_revised_20260919T110440Z,cnn_s2_17,val,Log-Mel CNN,0.4739688038825989,0.5062138934930166
seg_003297,sample_01099,Gila Monster Flop/Music History Lesson:The Sonics - The Crypts!,1,0.4172029197216034,cnn_revised_20260919T110440Z,cnn_s2_17,val,Log-Mel CNN,0.4739688038825989,0.5062138934930166
seg_003298,sample_01099,Gila Monster Flop/Music History Lesson:The Sonics - The Crypts!,1,0.9071295857429504,cnn_revised_20260919T110440Z,cnn_s2_17,val,Log-Mel CNN,0.4739688038825989,0.5062138934930166
seg_003299,sample_01099,Gila Monster Flop/Music History Lesson:The Sonics - The Crypts!,1,0.9319232106208801,cnn_revised_20260919T110440Z,cnn_s2_17,val,Log-Mel CNN,0.4739688038825989,0.5062138934930166
seg_003312,sample_01104,I Fell - Mod Fun,1,0.8164622783660889,cnn_revised_20260919T110440Z,cnn_s2_17,val,Log-Mel CNN,0.4739688038825989,0.5062138934930166
seg_003313,sample_01104,I Fell - Mod Fun,1,0.8043125867843628,cnn_revised_20260919T110440Z,cnn_s2_17,val,Log-Mel CNN,0.4739688038825989,0.5062138934930166
seg_003314,sample_01104,I Fell - Mod Fun,1,0.8888636231422424,cnn_revised_20260919T110440Z,cnn_s2_17,val,Log-Mel CNN,0.4739688038825989,0.5062138934930166
seg_003315,sample_01105,I Fell - Mod Fun,1,0.6059978604316711,cnn_revised_20260919T110440Z,cnn_s2_17,val,Log-Mel CNN,0.4739688038825989,0.5062138934930166
seg_003316,sample_01105,I Fell - Mod Fun,1,0.6200031638145447,cnn_revised_20260919T110440Z,cnn_s2_17,val,Log-Mel CNN,0.4739688038825989,0.5062138934930166
seg_003317,sample_01105,I Fell - Mod Fun,1,0.6250640153884888,cnn_revised_20260919T110440Z,cnn_s2_17,val,Log-Mel CNN,0.4739688038825989,0.5062138934930166
seg_003360,sample_01120,March of the GPA Mechanics - [t]ghost,1,0.5538146495819092,cnn_revised_20260919T110440Z,cnn_s2_17,val,Log-Mel CNN,0.4739688038825989,0.5062138934930166
seg_003361,sample_01120,March of the GPA Mechanics - [t]ghost,1,0.4909731447696686,cnn_revised_20260919T110440Z,cnn_s2_17,val,Log-Mel CNN,0.4739688038825989,0.5062138934930166
seg_003362,sample_01120,March of the GPA Mechanics - [t]ghost,1,0.8823977708816528,cnn_revised_20260919T110440Z,cnn_s2_17,val,Log-Mel CNN,0.4739688038825989,0.5062138934930166
seg_003363,sample_01121,March of the GPA Mechanics - [t]ghost,1,0.7054640650749207,cnn_revised_20260919T110440Z,cnn_s2_17,val,Log-Mel CNN,0.4739688038825989,0.5062138934930166
seg_003364,sample_01121,March of the GPA Mechanics - [t]ghost,1,0.7675626277923584,cnn_revised_20260919T110440Z,cnn_s2_17,val,Log-Mel CNN,0.4739688038825989,0.5062138934930166
seg_003365,sample_01121,March of the GPA Mechanics - [t]ghost,1,0.9354773759841919,cnn_revised_20260919T110440Z,cnn_s2_17,val,Log-Mel CNN,0.4739688038825989,0.5062138934930166
seg_003420,sample_01140,Scramby Eggs - Andy G. Cohen,1,0.5451211929321289,cnn_revised_20260919T110440Z,cnn_s2_17,val,Log-Mel CNN,0.4739688038825989,0.5062138934930166
seg_003421,sample_01140,Scramby Eggs - Andy G. Cohen,1,0.6917345523834229,cnn_revised_20260919T110440Z,cnn_s2_17,val,Log-Mel CNN,0.4739688038825989,0.5062138934930166
seg_003422,sample_01140,Scramby Eggs - Andy G. Cohen,1,0.8516541719436646,cnn_revised_20260919T110440Z,cnn_s2_17,val,Log-Mel CNN,0.4739688038825989,0.5062138934930166
seg_003423,sample_01141,Scramby Eggs - Andy G. Cohen,1,0.4686957597732544,cnn_revised_20260919T110440Z,cnn_s2_17,val,Log-Mel CNN,0.4739688038825989,0.5062138934930166
seg_003424,sample_01141,Scramby Eggs - Andy G. Cohen,1,0.38547855615615845,cnn_revised_20260919T110440Z,cnn_s2_17,val,Log-Mel CNN,0.4739688038825989,0.5062138934930166
seg_003425,sample_01141,Scramby Eggs - Andy G. Cohen,1,0.7756151556968689,cnn_revised_20260919T110440Z,cnn_s2_17,val,Log-Mel CNN,0.4739688038825989,0.5062138934930166
seg_003474,sample_01158,The girl just faded - Los Llamarada,1,0.8303645849227905,cnn_revised_20260919T110440Z,cnn_s2_17,val,Log-Mel CNN,0.4739688038825989,0.5062138934930166
seg_003475,sample_01158,The girl just faded - Los Llamarada,1,0.7080240845680237,cnn_revised_20260919T110440Z,cnn_s2_17,val,Log-Mel CNN,0.4739688038825989,0.5062138934930166
seg_003476,sample_01158,The girl just faded - Los Llamarada,1,0.9675717353820801,cnn_revised_20260919T110440Z,cnn_s2_17,val,Log-Mel CNN,0.4739688038825989,0.5062138934930166
seg_003477,sample_01159,The girl just faded - Los Llamarada,1,0.681542158126831,cnn_revised_20260919T110440Z,cnn_s2_17,val,Log-Mel CNN,0.4739688038825989,0.5062138934930166
seg_003478,sample_01159,The girl just faded - Los Llamarada,1,0.7329638600349426,cnn_revised_20260919T110440Z,cnn_s2_17,val,Log-Mel CNN,0.4739688038825989,0.5062138934930166
seg_003479,sample_01159,The girl just faded - Los Llamarada,1,0.9018089771270752,cnn_revised_20260919T110440Z,cnn_s2_17,val,Log-Mel CNN,0.4739688038825989,0.5062138934930166
seg_003492,sample_01164,Voxel - Andy G. Cohen,1,0.6861224174499512,cnn_revised_20260919T110440Z,cnn_s2_17,val,Log-Mel CNN,0.4739688038825989,0.5062138934930166
seg_003493,sample_01164,Voxel - Andy G. Cohen,1,0.5931987762451172,cnn_revised_20260919T110440Z,cnn_s2_17,val,Log-Mel CNN,0.4739688038825989,0.5062138934930166
seg_003494,sample_01164,Voxel - Andy G. Cohen,1,0.27032676339149475,cnn_revised_20260919T110440Z,cnn_s2_17,val,Log-Mel CNN,0.4739688038825989,0.5062138934930166
seg_003495,sample_01165,Voxel - Andy G. Cohen,1,0.5530499815940857,cnn_revised_20260919T110440Z,cnn_s2_17,val,Log-Mel CNN,0.4739688038825989,0.5062138934930166
seg_003496,sample_01165,Voxel - Andy G. Cohen,1,0.8325808644294739,cnn_revised_20260919T110440Z,cnn_s2_17,val,Log-Mel CNN,0.4739688038825989,0.5062138934930166
seg_003497,sample_01165,Voxel - Andy G. Cohen,1,0.8015512228012085,cnn_revised_20260919T110440Z,cnn_s2_17,val,Log-Mel CNN,0.4739688038825989,0.5062138934930166
seg_003516,sample_01172,Windows of the Skull - Sarin,1,0.9183176755905151,cnn_revised_20260919T110440Z,cnn_s2_17,val,Log-Mel CNN,0.4739688038825989,0.5062138934930166
seg_003517,sample_01172,Windows of the Skull - Sarin,1,0.42552390694618225,cnn_revised_20260919T110440Z,cnn_s2_17,val,Log-Mel CNN,0.4739688038825989,0.5062138934930166
seg_003518,sample_01172,Windows of the Skull - Sarin,1,0.870011031627655,cnn_revised_20260919T110440Z,cnn_s2_17,val,Log-Mel CNN,0.4739688038825989,0.5062138934930166
seg_003519,sample_01173,Windows of the Skull - Sarin,1,0.9818702936172485,cnn_revised_20260919T110440Z,cnn_s2_17,val,Log-Mel CNN,0.4739688038825989,0.5062138934930166
seg_003520,sample_01173,Windows of the Skull - Sarin,1,0.6861304640769958,cnn_revised_20260919T110440Z,cnn_s2_17,val,Log-Mel CNN,0.4739688038825989,0.5062138934930166
seg_003521,sample_01173,Windows of the Skull - Sarin,1,0.930945873260498,cnn_revised_20260919T110440Z,cnn_s2_17,val,Log-Mel CNN,0.4739688038825989,0.5062138934930166
seg_003534,sample_01178,Новый Нью-Йорк 2 - Чокнутый Пропеллер,1,0.2786119282245636,cnn_revised_20260919T110440Z,cnn_s2_17,val,Log-Mel CNN,0.4739688038825989,0.5062138934930166
seg_003535,sample_01178,Новый Нью-Йорк 2 - Чокнутый Пропеллер,1,0.7415928840637207,cnn_revised_20260919T110440Z,cnn_s2_17,val,Log-Mel CNN,0.4739688038825989,0.5062138934930166
seg_003536,sample_01178,Новый Нью-Йорк 2 - Чокнутый Пропеллер,1,0.7326011061668396,cnn_revised_20260919T110440Z,cnn_s2_17,val,Log-Mel CNN,0.4739688038825989,0.5062138934930166
seg_003537,sample_01179,Новый Нью-Йорк 2 - Чокнутый Пропеллер,1,0.8173699975013733,cnn_revised_20260919T110440Z,cnn_s2_17,val,Log-Mel CNN,0.4739688038825989,0.5062138934930166
seg_003538,sample_01179,Новый Нью-Йорк 2 - Чокнутый Пропеллер,1,0.553041398525238,cnn_revised_20260919T110440Z,cnn_s2_17,val,Log-Mel CNN,0.4739688038825989,0.5062138934930166
seg_003539,sample_01179,Новый Нью-Йорк 2 - Чокнутый Пропеллер,1,0.8328620195388794,cnn_revised_20260919T110440Z,cnn_s2_17,val,Log-Mel CNN,0.4739688038825989,0.5062138934930166
seg_003597,sample_01199,CopperNickle - UncleBibby,1,0.49858197569847107,cnn_revised_20260919T110440Z,cnn_s2_17,val,Log-Mel CNN,0.4739688038825989,0.5062138934930166
seg_003598,sample_01199,CopperNickle - UncleBibby,1,0.7758780717849731,cnn_revised_20260919T110440Z,cnn_s2_17,val,Log-Mel CNN,0.4739688038825989,0.5062138934930166
seg_003599,sample_01199,CopperNickle - UncleBibby,1,0.9003548622131348,cnn_revised_20260919T110440Z,cnn_s2_17,val,Log-Mel CNN,0.4739688038825989,0.5062138934930166
seg_003606,sample_01202,Daylight Savings - My brother Daniel,1,0.2728709876537323,cnn_revised_20260919T110440Z,cnn_s2_17,val,Log-Mel CNN,0.4739688038825989,0.5062138934930166
seg_003607,sample_01202,Daylight Savings - My brother Daniel,1,0.6053391098976135,cnn_revised_20260919T110440Z,cnn_s2_17,val,Log-Mel CNN,0.4739688038825989,0.5062138934930166
seg_003608,sample_01202,Daylight Savings - My brother Daniel,1,0.6333825588226318,cnn_revised_20260919T110440Z,cnn_s2_17,val,Log-Mel CNN,0.4739688038825989,0.5062138934930166
seg_003633,sample_01211,Fifth Ramble - From the album Keith [RSVP007] - My brother Daniel,1,0.8181711435317993,cnn_revised_20260919T110440Z,cnn_s2_17,val,Log-Mel CNN,0.4739688038825989,0.5062138934930166
seg_003634,sample_01211,Fifth Ramble - From the album Keith [RSVP007] - My brother Daniel,1,0.40606993436813354,cnn_revised_20260919T110440Z,cnn_s2_17,val,Log-Mel CNN,0.4739688038825989,0.5062138934930166
seg_003635,sample_01211,Fifth Ramble - From the album Keith [RSVP007] - My brother Daniel,1,0.6743628978729248,cnn_revised_20260919T110440Z,cnn_s2_17,val,Log-Mel CNN,0.4739688038825989,0.5062138934930166
seg_003657,sample_01219,If You're Ther - Nicola Ratti,1,0.8491063117980957,cnn_revised_20260919T110440Z,cnn_s2_17,val,Log-Mel CNN,0.4739688038825989,0.5062138934930166
seg_003658,sample_01219,If You're Ther - Nicola Ratti,1,0.9105346202850342,cnn_revised_20260919T110440Z,cnn_s2_17,val,Log-Mel CNN,0.4739688038825989,0.5062138934930166
seg_003659,sample_01219,If You're Ther - Nicola Ratti,1,0.9040116667747498,cnn_revised_20260919T110440Z,cnn_s2_17,val,Log-Mel CNN,0.4739688038825989,0.5062138934930166
seg_003681,sample_01227,Kumorizoranohajimarutokoro - Hosomi,1,0.767149806022644,cnn_revised_20260919T110440Z,cnn_s2_17,val,Log-Mel CNN,0.4739688038825989,0.5062138934930166
seg_003682,sample_01227,Kumorizoranohajimarutokoro - Hosomi,1,0.9717930555343628,cnn_revised_20260919T110440Z,cnn_s2_17,val,Log-Mel CNN,0.4739688038825989,0.5062138934930166
seg_003683,sample_01227,Kumorizoranohajimarutokoro - Hosomi,1,0.9876541495323181,cnn_revised_20260919T110440Z,cnn_s2_17,val,Log-Mel CNN,0.4739688038825989,0.5062138934930166
seg_003708,sample_01236,Loved Ones - Rowan Box,1,0.9206888675689697,cnn_revised_20260919T110440Z,cnn_s2_17,val,Log-Mel CNN,0.4739688038825989,0.5062138934930166
seg_003709,sample_01236,Loved Ones - Rowan Box,1,0.9922568798065186,cnn_revised_20260919T110440Z,cnn_s2_17,val,Log-Mel CNN,0.4739688038825989,0.5062138934930166
seg_003710,sample_01236,Loved Ones - Rowan Box,1,0.23912231624126434,cnn_revised_20260919T110440Z,cnn_s2_17,val,Log-Mel CNN,0.4739688038825989,0.5062138934930166
seg_003711,sample_01237,Morning Bell - Nihilore,1,0.45616886019706726,cnn_revised_20260919T110440Z,cnn_s2_17,val,Log-Mel CNN,0.4739688038825989,0.5062138934930166
seg_003712,sample_01237,Morning Bell - Nihilore,1,0.8961687088012695,cnn_revised_20260919T110440Z,cnn_s2_17,val,Log-Mel CNN,0.4739688038825989,0.5062138934930166
seg_003713,sample_01237,Morning Bell - Nihilore,1,0.97120201587677,cnn_revised_20260919T110440Z,cnn_s2_17,val,Log-Mel CNN,0.4739688038825989,0.5062138934930166
seg_003714,sample_01238,mystery team 2090 - Jesse Futerman,1,0.7149451375007629,cnn_revised_20260919T110440Z,cnn_s2_17,val,Log-Mel CNN,0.4739688038825989,0.5062138934930166
seg_003715,sample_01238,mystery team 2090 - Jesse Futerman,1,0.6152663826942444,cnn_revised_20260919T110440Z,cnn_s2_17,val,Log-Mel CNN,0.4739688038825989,0.5062138934930166
seg_003716,sample_01238,mystery team 2090 - Jesse Futerman,1,0.16759324073791504,cnn_revised_20260919T110440Z,cnn_s2_17,val,Log-Mel CNN,0.4739688038825989,0.5062138934930166
seg_003717,sample_01239,Night Drive - Decktonic,1,0.5368768572807312,cnn_revised_20260919T110440Z,cnn_s2_17,val,Log-Mel CNN,0.4739688038825989,0.5062138934930166
seg_003718,sample_01239,Night Drive - Decktonic,1,0.9890668392181396,cnn_revised_20260919T110440Z,cnn_s2_17,val,Log-Mel CNN,0.4739688038825989,0.5062138934930166
seg_003719,sample_01239,Night Drive - Decktonic,1,0.9859273433685303,cnn_revised_20260919T110440Z,cnn_s2_17,val,Log-Mel CNN,0.4739688038825989,0.5062138934930166
seg_003729,sample_01243,Nuo Maisemat - Paavoharju,1,0.5483288168907166,cnn_revised_20260919T110440Z,cnn_s2_17,val,Log-Mel CNN,0.4739688038825989,0.5062138934930166
seg_003730,sample_01243,Nuo Maisemat - Paavoharju,1,0.9939299821853638,cnn_revised_20260919T110440Z,cnn_s2_17,val,Log-Mel CNN,0.4739688038825989,0.5062138934930166
seg_003731,sample_01243,Nuo Maisemat - Paavoharju,1,0.9589207172393799,cnn_revised_20260919T110440Z,cnn_s2_17,val,Log-Mel CNN,0.4739688038825989,0.5062138934930166
seg_003780,sample_01260,SD (Ill Mix) - H-LR,1,0.8246544003486633,cnn_revised_20260919T110440Z,cnn_s2_17,val,Log-Mel CNN,0.4739688038825989,0.5062138934930166
seg_003781,sample_01260,SD (Ill Mix) - H-LR,1,0.7896401882171631,cnn_revised_20260919T110440Z,cnn_s2_17,val,Log-Mel CNN,0.4739688038825989,0.5062138934930166
seg_003782,sample_01260,SD (Ill Mix) - H-LR,1,0.9313955307006836,cnn_revised_20260919T110440Z,cnn_s2_17,val,Log-Mel CNN,0.4739688038825989,0.5062138934930166
seg_003795,sample_01265,some dextromethorphan - Jeva,1,0.7816839814186096,cnn_revised_20260919T110440Z,cnn_s2_17,val,Log-Mel CNN,0.4739688038825989,0.5062138934930166
seg_003796,sample_01265,some dextromethorphan - Jeva,1,0.9481299519538879,cnn_revised_20260919T110440Z,cnn_s2_17,val,Log-Mel CNN,0.4739688038825989,0.5062138934930166
seg_003797,sample_01265,some dextromethorphan - Jeva,1,0.9751423001289368,cnn_revised_20260919T110440Z,cnn_s2_17,val,Log-Mel CNN,0.4739688038825989,0.5062138934930166
seg_003804,sample_01268,Sturgeon's Law - Nihilore,1,0.7229338884353638,cnn_revised_20260919T110440Z,cnn_s2_17,val,Log-Mel CNN,0.4739688038825989,0.5062138934930166
seg_003805,sample_01268,Sturgeon's Law - Nihilore,1,0.9230223298072815,cnn_revised_20260919T110440Z,cnn_s2_17,val,Log-Mel CNN,0.4739688038825989,0.5062138934930166
seg_003806,sample_01268,Sturgeon's Law - Nihilore,1,0.9503074288368225,cnn_revised_20260919T110440Z,cnn_s2_17,val,Log-Mel CNN,0.4739688038825989,0.5062138934930166
seg_003840,sample_01280,The Stairway - WarpToken,1,0.5853896737098694,cnn_revised_20260919T110440Z,cnn_s2_17,val,Log-Mel CNN,0.4739688038825989,0.5062138934930166
seg_003841,sample_01280,The Stairway - WarpToken,1,0.983173668384552,cnn_revised_20260919T110440Z,cnn_s2_17,val,Log-Mel CNN,0.4739688038825989,0.5062138934930166
seg_003842,sample_01280,The Stairway - WarpToken,1,0.9086789488792419,cnn_revised_20260919T110440Z,cnn_s2_17,val,Log-Mel CNN,0.4739688038825989,0.5062138934930166
seg_003843,sample_01281,Three Bird - My brother Daniel,1,0.8398168683052063,cnn_revised_20260919T110440Z,cnn_s2_17,val,Log-Mel CNN,0.4739688038825989,0.5062138934930166
seg_003844,sample_01281,Three Bird - My brother Daniel,1,0.9227825403213501,cnn_revised_20260919T110440Z,cnn_s2_17,val,Log-Mel CNN,0.4739688038825989,0.5062138934930166
seg_003845,sample_01281,Three Bird - My brother Daniel,1,0.986841082572937,cnn_revised_20260919T110440Z,cnn_s2_17,val,Log-Mel CNN,0.4739688038825989,0.5062138934930166
seg_003846,sample_01282,Timen Passing By - Jason Shaw,1,0.28406766057014465,cnn_revised_20260919T110440Z,cnn_s2_17,val,Log-Mel CNN,0.4739688038825989,0.5062138934930166
seg_003847,sample_01282,Timen Passing By - Jason Shaw,1,0.9193338751792908,cnn_revised_20260919T110440Z,cnn_s2_17,val,Log-Mel CNN,0.4739688038825989,0.5062138934930166
seg_003848,sample_01282,Timen Passing By - Jason Shaw,1,0.988926887512207,cnn_revised_20260919T110440Z,cnn_s2_17,val,Log-Mel CNN,0.4739688038825989,0.5062138934930166
seg_003864,sample_01288,Understand That This Is A Dream - From the album Modulating Coil [RSVP008] - Forrest James,1,0.7680110931396484,cnn_revised_20260919T110440Z,cnn_s2_17,val,Log-Mel CNN,0.4739688038825989,0.5062138934930166
seg_003865,sample_01288,Understand That This Is A Dream - From the album Modulating Coil [RSVP008] - Forrest James,1,0.8973566293716431,cnn_revised_20260919T110440Z,cnn_s2_17,val,Log-Mel CNN,0.4739688038825989,0.5062138934930166
seg_003866,sample_01288,Understand That This Is A Dream - From the album Modulating Coil [RSVP008] - Forrest James,1,0.9832383394241333,cnn_revised_20260919T110440Z,cnn_s2_17,val,Log-Mel CNN,0.4739688038825989,0.5062138934930166
seg_003873,sample_01291,Westside Chillers - Little Glass Men,1,0.8047099709510803,cnn_revised_20260919T110440Z,cnn_s2_17,val,Log-Mel CNN,0.4739688038825989,0.5062138934930166
seg_003874,sample_01291,Westside Chillers - Little Glass Men,1,0.9598336219787598,cnn_revised_20260919T110440Z,cnn_s2_17,val,Log-Mel CNN,0.4739688038825989,0.5062138934930166
seg_003875,sample_01291,Westside Chillers - Little Glass Men,1,0.9013476967811584,cnn_revised_20260919T110440Z,cnn_s2_17,val,Log-Mel CNN,0.4739688038825989,0.5062138934930166
seg_003885,sample_01295,Agora - Malaventura,1,0.7510102987289429,cnn_revised_20260919T110440Z,cnn_s2_17,val,Log-Mel CNN,0.4739688038825989,0.5062138934930166
seg_003886,sample_01295,Agora - Malaventura,1,0.8808066844940186,cnn_revised_20260919T110440Z,cnn_s2_17,val,Log-Mel CNN,0.4739688038825989,0.5062138934930166
seg_003887,sample_01295,Agora - Malaventura,1,0.9455145597457886,cnn_revised_20260919T110440Z,cnn_s2_17,val,Log-Mel CNN,0.4739688038825989,0.5062138934930166
seg_003912,sample_01304,Evil Cannot Create - Caleb Lemond,1,0.6959197521209717,cnn_revised_20260919T110440Z,cnn_s2_17,val,Log-Mel CNN,0.4739688038825989,0.5062138934930166
seg_003913,sample_01304,Evil Cannot Create - Caleb Lemond,1,0.9264571666717529,cnn_revised_20260919T110440Z,cnn_s2_17,val,Log-Mel CNN,0.4739688038825989,0.5062138934930166
seg_003914,sample_01304,Evil Cannot Create - Caleb Lemond,1,0.9854047894477844,cnn_revised_20260919T110440Z,cnn_s2_17,val,Log-Mel CNN,0.4739688038825989,0.5062138934930166
seg_003972,sample_01324,My Body Is A Weapon (Compromise Edit) - Silence is full of birds,1,0.5694645047187805,cnn_revised_20260919T110440Z,cnn_s2_17,val,Log-Mel CNN,0.4739688038825989,0.5062138934930166
seg_003973,sample_01324,My Body Is A Weapon (Compromise Edit) - Silence is full of birds,1,0.986499547958374,cnn_revised_20260919T110440Z,cnn_s2_17,val,Log-Mel CNN,0.4739688038825989,0.5062138934930166
seg_003974,sample_01324,My Body Is A Weapon (Compromise Edit) - Silence is full of birds,1,0.9765934944152832,cnn_revised_20260919T110440Z,cnn_s2_17,val,Log-Mel CNN,0.4739688038825989,0.5062138934930166
seg_003975,sample_01325,My Body Is A Weapon (Compromise Edit) - Silence is full of birds,1,0.6902399063110352,cnn_revised_20260919T110440Z,cnn_s2_17,val,Log-Mel CNN,0.4739688038825989,0.5062138934930166
seg_003976,sample_01325,My Body Is A Weapon (Compromise Edit) - Silence is full of birds,1,0.9875726699829102,cnn_revised_20260919T110440Z,cnn_s2_17,val,Log-Mel CNN,0.4739688038825989,0.5062138934930166
seg_003977,sample_01325,My Body Is A Weapon (Compromise Edit) - Silence is full of birds,1,0.983535647392273,cnn_revised_20260919T110440Z,cnn_s2_17,val,Log-Mel CNN,0.4739688038825989,0.5062138934930166
seg_003987,sample_01329,New Life (take 1) - Bird Names,1,0.8838012218475342,cnn_revised_20260919T110440Z,cnn_s2_17,val,Log-Mel CNN,0.4739688038825989,0.5062138934930166
seg_003988,sample_01329,New Life (take 1) - Bird Names,1,0.9394627809524536,cnn_revised_20260919T110440Z,cnn_s2_17,val,Log-Mel CNN,0.4739688038825989,0.5062138934930166
seg_003989,sample_01329,New Life (take 1) - Bird Names,1,0.9060642123222351,cnn_revised_20260919T110440Z,cnn_s2_17,val,Log-Mel CNN,0.4739688038825989,0.5062138934930166
seg_003990,sample_01330,New Life (take 1) - Bird Names,1,0.642175018787384,cnn_revised_20260919T110440Z,cnn_s2_17,val,Log-Mel CNN,0.4739688038825989,0.5062138934930166
seg_003991,sample_01330,New Life (take 1) - Bird Names,1,0.8805363178253174,cnn_revised_20260919T110440Z,cnn_s2_17,val,Log-Mel CNN,0.4739688038825989,0.5062138934930166
seg_003992,sample_01330,New Life (take 1) - Bird Names,1,0.9333606958389282,cnn_revised_20260919T110440Z,cnn_s2_17,val,Log-Mel CNN,0.4739688038825989,0.5062138934930166
seg_003993,sample_01331,Norweigian Wood II - Bird Names,1,0.15826168656349182,cnn_revised_20260919T110440Z,cnn_s2_17,val,Log-Mel CNN,0.4739688038825989,0.5062138934930166
seg_003994,sample_01331,Norweigian Wood II - Bird Names,1,0.04968184977769852,cnn_revised_20260919T110440Z,cnn_s2_17,val,Log-Mel CNN,0.4739688038825989,0.5062138934930166
seg_003995,sample_01331,Norweigian Wood II - Bird Names,1,0.49848446249961853,cnn_revised_20260919T110440Z,cnn_s2_17,val,Log-Mel CNN,0.4739688038825989,0.5062138934930166
seg_004020,sample_01340,Roller Star - Monroeville Music Center,1,0.9734920263290405,cnn_revised_20260919T110440Z,cnn_s2_17,val,Log-Mel CNN,0.4739688038825989,0.5062138934930166
seg_004021,sample_01340,Roller Star - Monroeville Music Center,1,0.9851611852645874,cnn_revised_20260919T110440Z,cnn_s2_17,val,Log-Mel CNN,0.4739688038825989,0.5062138934930166
seg_004022,sample_01340,Roller Star - Monroeville Music Center,1,0.9932752847671509,cnn_revised_20260919T110440Z,cnn_s2_17,val,Log-Mel CNN,0.4739688038825989,0.5062138934930166
seg_004023,sample_01341,"Roundtrip - Oh Yeah, the Future",1,0.8176404237747192,cnn_revised_20260919T110440Z,cnn_s2_17,val,Log-Mel CNN,0.4739688038825989,0.5062138934930166
seg_004024,sample_01341,"Roundtrip - Oh Yeah, the Future",1,0.8264941573143005,cnn_revised_20260919T110440Z,cnn_s2_17,val,Log-Mel CNN,0.4739688038825989,0.5062138934930166
seg_004025,sample_01341,"Roundtrip - Oh Yeah, the Future",1,0.9016848802566528,cnn_revised_20260919T110440Z,cnn_s2_17,val,Log-Mel CNN,0.4739688038825989,0.5062138934930166
seg_004041,sample_01347,Soleares&beats - Malaventura,1,0.7666403651237488,cnn_revised_20260919T110440Z,cnn_s2_17,val,Log-Mel CNN,0.4739688038825989,0.5062138934930166
seg_004042,sample_01347,Soleares&beats - Malaventura,1,0.891029953956604,cnn_revised_20260919T110440Z,cnn_s2_17,val,Log-Mel CNN,0.4739688038825989,0.5062138934930166
seg_004043,sample_01347,Soleares&beats - Malaventura,1,0.8832193613052368,cnn_revised_20260919T110440Z,cnn_s2_17,val,Log-Mel CNN,0.4739688038825989,0.5062138934930166
seg_004053,sample_01351,Stockholm Syndrome / People Should Be More Aware - Bird Names,1,0.7495653033256531,cnn_revised_20260919T110440Z,cnn_s2_17,val,Log-Mel CNN,0.4739688038825989,0.5062138934930166
seg_004054,sample_01351,Stockholm Syndrome / People Should Be More Aware - Bird Names,1,0.661033034324646,cnn_revised_20260919T110440Z,cnn_s2_17,val,Log-Mel CNN,0.4739688038825989,0.5062138934930166
seg_004055,sample_01351,Stockholm Syndrome / People Should Be More Aware - Bird Names,1,0.9868640303611755,cnn_revised_20260919T110440Z,cnn_s2_17,val,Log-Mel CNN,0.4739688038825989,0.5062138934930166
seg_004056,sample_01352,Stockholm Syndrome / People Should Be More Aware - Bird Names,1,0.5830762982368469,cnn_revised_20260919T110440Z,cnn_s2_17,val,Log-Mel CNN,0.4739688038825989,0.5062138934930166
seg_004057,sample_01352,Stockholm Syndrome / People Should Be More Aware - Bird Names,1,0.9285058975219727,cnn_revised_20260919T110440Z,cnn_s2_17,val,Log-Mel CNN,0.4739688038825989,0.5062138934930166
seg_004058,sample_01352,Stockholm Syndrome / People Should Be More Aware - Bird Names,1,0.1377071589231491,cnn_revised_20260919T110440Z,cnn_s2_17,val,Log-Mel CNN,0.4739688038825989,0.5062138934930166
seg_004086,sample_01362,Time Is Love - Silence is full of birds,1,0.8413721919059753,cnn_revised_20260919T110440Z,cnn_s2_17,val,Log-Mel CNN,0.4739688038825989,0.5062138934930166
seg_004087,sample_01362,Time Is Love - Silence is full of birds,1,0.8526004552841187,cnn_revised_20260919T110440Z,cnn_s2_17,val,Log-Mel CNN,0.4739688038825989,0.5062138934930166
seg_004088,sample_01362,Time Is Love - Silence is full of birds,1,0.9589082598686218,cnn_revised_20260919T110440Z,cnn_s2_17,val,Log-Mel CNN,0.4739688038825989,0.5062138934930166
seg_004116,sample_01372,2 (Wasn't There) - Isle of Pine,1,0.8939566016197205,cnn_revised_20260919T110440Z,cnn_s2_17,val,Log-Mel CNN,0.4739688038825989,0.5062138934930166
seg_004117,sample_01372,2 (Wasn't There) - Isle of Pine,1,0.2734176814556122,cnn_revised_20260919T110440Z,cnn_s2_17,val,Log-Mel CNN,0.4739688038825989,0.5062138934930166
seg_004118,sample_01372,2 (Wasn't There) - Isle of Pine,1,0.9341414570808411,cnn_revised_20260919T110440Z,cnn_s2_17,val,Log-Mel CNN,0.4739688038825989,0.5062138934930166
seg_004146,sample_01382,Beyond Luxury - Mors Ontologica,1,0.8327853679656982,cnn_revised_20260919T110440Z,cnn_s2_17,val,Log-Mel CNN,0.4739688038825989,0.5062138934930166
seg_004147,sample_01382,Beyond Luxury - Mors Ontologica,1,0.9466308355331421,cnn_revised_20260919T110440Z,cnn_s2_17,val,Log-Mel CNN,0.4739688038825989,0.5062138934930166
seg_004148,sample_01382,Beyond Luxury - Mors Ontologica,1,0.9755497574806213,cnn_revised_20260919T110440Z,cnn_s2_17,val,Log-Mel CNN,0.4739688038825989,0.5062138934930166
seg_004182,sample_01394,Empty Pockets - Pete Prodoehl,1,0.10377713292837143,cnn_revised_20260919T110440Z,cnn_s2_17,val,Log-Mel CNN,0.4739688038825989,0.5062138934930166
seg_004183,sample_01394,Empty Pockets - Pete Prodoehl,1,0.40264400839805603,cnn_revised_20260919T110440Z,cnn_s2_17,val,Log-Mel CNN,0.4739688038825989,0.5062138934930166
seg_004184,sample_01394,Empty Pockets - Pete Prodoehl,1,0.9827533960342407,cnn_revised_20260919T110440Z,cnn_s2_17,val,Log-Mel CNN,0.4739688038825989,0.5062138934930166
seg_004191,sample_01397,Fear - Los Fancy Free,1,0.6457634568214417,cnn_revised_20260919T110440Z,cnn_s2_17,val,Log-Mel CNN,0.4739688038825989,0.5062138934930166
seg_004192,sample_01397,Fear - Los Fancy Free,1,0.7098888158798218,cnn_revised_20260919T110440Z,cnn_s2_17,val,Log-Mel CNN,0.4739688038825989,0.5062138934930166
seg_004193,sample_01397,Fear - Los Fancy Free,1,0.9608078598976135,cnn_revised_20260919T110440Z,cnn_s2_17,val,Log-Mel CNN,0.4739688038825989,0.5062138934930166
seg_004206,sample_01402,Gila Monster Flop/Music History Lesson:The Sonics - The Crypts!,1,0.7675520777702332,cnn_revised_20260919T110440Z,cnn_s2_17,val,Log-Mel CNN,0.4739688038825989,0.5062138934930166
seg_004207,sample_01402,Gila Monster Flop/Music History Lesson:The Sonics - The Crypts!,1,0.7996096611022949,cnn_revised_20260919T110440Z,cnn_s2_17,val,Log-Mel CNN,0.4739688038825989,0.5062138934930166
seg_004208,sample_01402,Gila Monster Flop/Music History Lesson:The Sonics - The Crypts!,1,0.902458906173706,cnn_revised_20260919T110440Z,cnn_s2_17,val,Log-Mel CNN,0.4739688038825989,0.5062138934930166
seg_004245,sample_01415,I Fell - Mod Fun,1,0.8092519640922546,cnn_revised_20260919T110440Z,cnn_s2_17,val,Log-Mel CNN,0.4739688038825989,0.5062138934930166
seg_004246,sample_01415,I Fell - Mod Fun,1,0.7531250715255737,cnn_revised_20260919T110440Z,cnn_s2_17,val,Log-Mel CNN,0.4739688038825989,0.5062138934930166
seg_004247,sample_01415,I Fell - Mod Fun,1,0.9748749732971191,cnn_revised_20260919T110440Z,cnn_s2_17,val,Log-Mel CNN,0.4739688038825989,0.5062138934930166
seg_004275,sample_01425,Lights Up - Pipe Choir,1,0.870530903339386,cnn_revised_20260919T110440Z,cnn_s2_17,val,Log-Mel CNN,0.4739688038825989,0.5062138934930166
seg_004276,sample_01425,Lights Up - Pipe Choir,1,0.9561702609062195,cnn_revised_20260919T110440Z,cnn_s2_17,val,Log-Mel CNN,0.4739688038825989,0.5062138934930166
seg_004277,sample_01425,Lights Up - Pipe Choir,1,0.9067607522010803,cnn_revised_20260919T110440Z,cnn_s2_17,val,Log-Mel CNN,0.4739688038825989,0.5062138934930166
seg_004287,sample_01429,March of the GPA Mechanics - [t]ghost,1,0.9547030329704285,cnn_revised_20260919T110440Z,cnn_s2_17,val,Log-Mel CNN,0.4739688038825989,0.5062138934930166
seg_004288,sample_01429,March of the GPA Mechanics - [t]ghost,1,0.8766701817512512,cnn_revised_20260919T110440Z,cnn_s2_17,val,Log-Mel CNN,0.4739688038825989,0.5062138934930166
seg_004289,sample_01429,March of the GPA Mechanics - [t]ghost,1,0.9655271768569946,cnn_revised_20260919T110440Z,cnn_s2_17,val,Log-Mel CNN,0.4739688038825989,0.5062138934930166
seg_004326,sample_01442,Redlight - Room For A Ghost,1,0.7277122735977173,cnn_revised_20260919T110440Z,cnn_s2_17,val,Log-Mel CNN,0.4739688038825989,0.5062138934930166
seg_004327,sample_01442,Redlight - Room For A Ghost,1,0.8381797075271606,cnn_revised_20260919T110440Z,cnn_s2_17,val,Log-Mel CNN,0.4739688038825989,0.5062138934930166
seg_004328,sample_01442,Redlight - Room For A Ghost,1,0.9722003936767578,cnn_revised_20260919T110440Z,cnn_s2_17,val,Log-Mel CNN,0.4739688038825989,0.5062138934930166
seg_004341,sample_01447,Scramby Eggs - Andy G. Cohen,1,0.8426596522331238,cnn_revised_20260919T110440Z,cnn_s2_17,val,Log-Mel CNN,0.4739688038825989,0.5062138934930166
seg_004342,sample_01447,Scramby Eggs - Andy G. Cohen,1,0.7935564517974854,cnn_revised_20260919T110440Z,cnn_s2_17,val,Log-Mel CNN,0.4739688038825989,0.5062138934930166
seg_004343,sample_01447,Scramby Eggs - Andy G. Cohen,1,0.9459363222122192,cnn_revised_20260919T110440Z,cnn_s2_17,val,Log-Mel CNN,0.4739688038825989,0.5062138934930166
seg_004353,sample_01451,Shipwrecked Crew - Pete Prodoehl,1,0.3820260763168335,cnn_revised_20260919T110440Z,cnn_s2_17,val,Log-Mel CNN,0.4739688038825989,0.5062138934930166
seg_004354,sample_01451,Shipwrecked Crew - Pete Prodoehl,1,0.9006253480911255,cnn_revised_20260919T110440Z,cnn_s2_17,val,Log-Mel CNN,0.4739688038825989,0.5062138934930166
seg_004355,sample_01451,Shipwrecked Crew - Pete Prodoehl,1,0.9341922998428345,cnn_revised_20260919T110440Z,cnn_s2_17,val,Log-Mel CNN,0.4739688038825989,0.5062138934930166
seg_004383,sample_01461,The girl just faded - Los Llamarada,1,0.8563859462738037,cnn_revised_20260919T110440Z,cnn_s2_17,val,Log-Mel CNN,0.4739688038825989,0.5062138934930166
seg_004384,sample_01461,The girl just faded - Los Llamarada,1,0.9700517654418945,cnn_revised_20260919T110440Z,cnn_s2_17,val,Log-Mel CNN,0.4739688038825989,0.5062138934930166
seg_004385,sample_01461,The girl just faded - Los Llamarada,1,0.9649838805198669,cnn_revised_20260919T110440Z,cnn_s2_17,val,Log-Mel CNN,0.4739688038825989,0.5062138934930166
seg_004401,sample_01467,Voxel - Andy G. Cohen,1,0.808072566986084,cnn_revised_20260919T110440Z,cnn_s2_17,val,Log-Mel CNN,0.4739688038825989,0.5062138934930166
seg_004402,sample_01467,Voxel - Andy G. Cohen,1,0.708896279335022,cnn_revised_20260919T110440Z,cnn_s2_17,val,Log-Mel CNN,0.4739688038825989,0.5062138934930166
seg_004403,sample_01467,Voxel - Andy G. Cohen,1,0.9334303736686707,cnn_revised_20260919T110440Z,cnn_s2_17,val,Log-Mel CNN,0.4739688038825989,0.5062138934930166
seg_004425,sample_01475,Windows of the Skull - Sarin,1,0.8179599642753601,cnn_revised_20260919T110440Z,cnn_s2_17,val,Log-Mel CNN,0.4739688038825989,0.5062138934930166
seg_004426,sample_01475,Windows of the Skull - Sarin,1,0.9958749413490295,cnn_revised_20260919T110440Z,cnn_s2_17,val,Log-Mel CNN,0.4739688038825989,0.5062138934930166
seg_004427,sample_01475,Windows of the Skull - Sarin,1,0.9444676041603088,cnn_revised_20260919T110440Z,cnn_s2_17,val,Log-Mel CNN,0.4739688038825989,0.5062138934930166
seg_004464,sample_01488,Night Drive - Decktonic,1,0.80824214220047,cnn_revised_20260919T110440Z,cnn_s2_17,val,Log-Mel CNN,0.4739688038825989,0.5062138934930166
seg_004465,sample_01488,Night Drive - Decktonic,1,0.898327112197876,cnn_revised_20260919T110440Z,cnn_s2_17,val,Log-Mel CNN,0.4739688038825989,0.5062138934930166
seg_004466,sample_01488,Night Drive - Decktonic,1,0.9268159866333008,cnn_revised_20260919T110440Z,cnn_s2_17,val,Log-Mel CNN,0.4739688038825989,0.5062138934930166
seg_004521,sample_01507,Nuo Maisemat - Paavoharju,1,0.975620448589325,cnn_revised_20260919T110440Z,cnn_s2_17,val,Log-Mel CNN,0.4739688038825989,0.5062138934930166
seg_004522,sample_01507,Nuo Maisemat - Paavoharju,1,0.9097703099250793,cnn_revised_20260919T110440Z,cnn_s2_17,val,Log-Mel CNN,0.4739688038825989,0.5062138934930166
seg_004523,sample_01507,Nuo Maisemat - Paavoharju,1,0.9690950512886047,cnn_revised_20260919T110440Z,cnn_s2_17,val,Log-Mel CNN,0.4739688038825989,0.5062138934930166
seg_004536,sample_01512,CopperNickle - UncleBibby,1,0.29189494252204895,cnn_revised_20260919T110440Z,cnn_s2_17,val,Log-Mel CNN,0.4739688038825989,0.5062138934930166
seg_004537,sample_01512,CopperNickle - UncleBibby,1,0.3942418098449707,cnn_revised_20260919T110440Z,cnn_s2_17,val,Log-Mel CNN,0.4739688038825989,0.5062138934930166
seg_004538,sample_01512,CopperNickle - UncleBibby,1,0.21752654016017914,cnn_revised_20260919T110440Z,cnn_s2_17,val,Log-Mel CNN,0.4739688038825989,0.5062138934930166
seg_004539,sample_01513,Daylight Savings - My brother Daniel,1,0.32570382952690125,cnn_revised_20260919T110440Z,cnn_s2_17,val,Log-Mel CNN,0.4739688038825989,0.5062138934930166
seg_004540,sample_01513,Daylight Savings - My brother Daniel,1,0.34967276453971863,cnn_revised_20260919T110440Z,cnn_s2_17,val,Log-Mel CNN,0.4739688038825989,0.5062138934930166
seg_004541,sample_01513,Daylight Savings - My brother Daniel,1,0.3089376389980316,cnn_revised_20260919T110440Z,cnn_s2_17,val,Log-Mel CNN,0.4739688038825989,0.5062138934930166
seg_004542,sample_01514,mystery team 2090 - Jesse Futerman,1,0.9479970932006836,cnn_revised_20260919T110440Z,cnn_s2_17,val,Log-Mel CNN,0.4739688038825989,0.5062138934930166
seg_004543,sample_01514,mystery team 2090 - Jesse Futerman,1,0.9623919725418091,cnn_revised_20260919T110440Z,cnn_s2_17,val,Log-Mel CNN,0.4739688038825989,0.5062138934930166
seg_004544,sample_01514,mystery team 2090 - Jesse Futerman,1,0.9336616396903992,cnn_revised_20260919T110440Z,cnn_s2_17,val,Log-Mel CNN,0.4739688038825989,0.5062138934930166
seg_004575,sample_01525,SD (Ill Mix) - H-LR,1,0.6705455780029297,cnn_revised_20260919T110440Z,cnn_s2_17,val,Log-Mel CNN,0.4739688038825989,0.5062138934930166
seg_004576,sample_01525,SD (Ill Mix) - H-LR,1,0.6580026149749756,cnn_revised_20260919T110440Z,cnn_s2_17,val,Log-Mel CNN,0.4739688038825989,0.5062138934930166
seg_004577,sample_01525,SD (Ill Mix) - H-LR,1,0.843757688999176,cnn_revised_20260919T110440Z,cnn_s2_17,val,Log-Mel CNN,0.4739688038825989,0.5062138934930166
seg_004590,sample_01530,Stockholm Syndrome / People Should Be More Aware - Bird Names,1,0.8437666893005371,cnn_revised_20260919T110440Z,cnn_s2_17,val,Log-Mel CNN,0.4739688038825989,0.5062138934930166
seg_004591,sample_01530,Stockholm Syndrome / People Should Be More Aware - Bird Names,1,0.8494818806648254,cnn_revised_20260919T110440Z,cnn_s2_17,val,Log-Mel CNN,0.4739688038825989,0.5062138934930166
seg_004592,sample_01530,Stockholm Syndrome / People Should Be More Aware - Bird Names,1,0.8439598083496094,cnn_revised_20260919T110440Z,cnn_s2_17,val,Log-Mel CNN,0.4739688038825989,0.5062138934930166
seg_004596,sample_01532,Time Is Love - Silence is full of birds,1,0.9958908557891846,cnn_revised_20260919T110440Z,cnn_s2_17,val,Log-Mel CNN,0.4739688038825989,0.5062138934930166
seg_004597,sample_01532,Time Is Love - Silence is full of birds,1,0.972836971282959,cnn_revised_20260919T110440Z,cnn_s2_17,val,Log-Mel CNN,0.4739688038825989,0.5062138934930166
seg_004598,sample_01532,Time Is Love - Silence is full of birds,1,0.9985324144363403,cnn_revised_20260919T110440Z,cnn_s2_17,val,Log-Mel CNN,0.4739688038825989,0.5062138934930166
seg_004602,sample_01534,Roller Star - Monroeville Music Center,1,0.670669436454773,cnn_revised_20260919T110440Z,cnn_s2_17,val,Log-Mel CNN,0.4739688038825989,0.5062138934930166
seg_004603,sample_01534,Roller Star - Monroeville Music Center,1,0.7012220025062561,cnn_revised_20260919T110440Z,cnn_s2_17,val,Log-Mel CNN,0.4739688038825989,0.5062138934930166
seg_004604,sample_01534,Roller Star - Monroeville Music Center,1,0.7214359045028687,cnn_revised_20260919T110440Z,cnn_s2_17,val,Log-Mel CNN,0.4739688038825989,0.5062138934930166
seg_004611,sample_01537,Soleares&beats - Malaventura,1,0.4816735088825226,cnn_revised_20260919T110440Z,cnn_s2_17,val,Log-Mel CNN,0.4739688038825989,0.5062138934930166
seg_004612,sample_01537,Soleares&beats - Malaventura,1,0.7569642066955566,cnn_revised_20260919T110440Z,cnn_s2_17,val,Log-Mel CNN,0.4739688038825989,0.5062138934930166
seg_004613,sample_01537,Soleares&beats - Malaventura,1,0.6871129870414734,cnn_revised_20260919T110440Z,cnn_s2_17,val,Log-Mel CNN,0.4739688038825989,0.5062138934930166
seg_004629,sample_01543,Evil Cannot Create - Caleb Lemond,1,0.8215230703353882,cnn_revised_20260919T110440Z,cnn_s2_17,val,Log-Mel CNN,0.4739688038825989,0.5062138934930166
seg_004630,sample_01543,Evil Cannot Create - Caleb Lemond,1,0.8354365229606628,cnn_revised_20260919T110440Z,cnn_s2_17,val,Log-Mel CNN,0.4739688038825989,0.5062138934930166
seg_004631,sample_01543,Evil Cannot Create - Caleb Lemond,1,0.5946102142333984,cnn_revised_20260919T110440Z,cnn_s2_17,val,Log-Mel CNN,0.4739688038825989,0.5062138934930166
seg_004647,sample_01549,"Roundtrip - Oh Yeah, the Future",1,0.6415584087371826,cnn_revised_20260919T110440Z,cnn_s2_17,val,Log-Mel CNN,0.4739688038825989,0.5062138934930166
seg_004648,sample_01549,"Roundtrip - Oh Yeah, the Future",1,0.8117418885231018,cnn_revised_20260919T110440Z,cnn_s2_17,val,Log-Mel CNN,0.4739688038825989,0.5062138934930166
seg_004649,sample_01549,"Roundtrip - Oh Yeah, the Future",1,0.8717343211174011,cnn_revised_20260919T110440Z,cnn_s2_17,val,Log-Mel CNN,0.4739688038825989,0.5062138934930166
seg_004692,sample_01564,Norweigian Wood II - Bird Names,1,0.6680784225463867,cnn_revised_20260919T110440Z,cnn_s2_17,val,Log-Mel CNN,0.4739688038825989,0.5062138934930166
seg_004693,sample_01564,Norweigian Wood II - Bird Names,1,0.6313788294792175,cnn_revised_20260919T110440Z,cnn_s2_17,val,Log-Mel CNN,0.4739688038825989,0.5062138934930166
seg_004694,sample_01564,Norweigian Wood II - Bird Names,1,0.7640487551689148,cnn_revised_20260919T110440Z,cnn_s2_17,val,Log-Mel CNN,0.4739688038825989,0.5062138934930166
seg_004695,sample_01565,New Life (take 1) - Bird Names,1,0.9053952097892761,cnn_revised_20260919T110440Z,cnn_s2_17,val,Log-Mel CNN,0.4739688038825989,0.5062138934930166
seg_004696,sample_01565,New Life (take 1) - Bird Names,1,0.9134965538978577,cnn_revised_20260919T110440Z,cnn_s2_17,val,Log-Mel CNN,0.4739688038825989,0.5062138934930166
seg_004697,sample_01565,New Life (take 1) - Bird Names,1,0.8579317927360535,cnn_revised_20260919T110440Z,cnn_s2_17,val,Log-Mel CNN,0.4739688038825989,0.5062138934930166
seg_004698,sample_01566,New Life (take 1) - Bird Names,1,0.8970210552215576,cnn_revised_20260919T110440Z,cnn_s2_17,val,Log-Mel CNN,0.4739688038825989,0.5062138934930166
seg_004699,sample_01566,New Life (take 1) - Bird Names,1,0.9427862167358398,cnn_revised_20260919T110440Z,cnn_s2_17,val,Log-Mel CNN,0.4739688038825989,0.5062138934930166
seg_004700,sample_01566,New Life (take 1) - Bird Names,1,0.9180356860160828,cnn_revised_20260919T110440Z,cnn_s2_17,val,Log-Mel CNN,0.4739688038825989,0.5062138934930166
seg_004779,sample_01593,Gila Monster Flop/Music History Lesson:The Sonics - The Crypts!,1,0.8618522882461548,cnn_revised_20260919T110440Z,cnn_s2_17,val,Log-Mel CNN,0.4739688038825989,0.5062138934930166
seg_004780,sample_01593,Gila Monster Flop/Music History Lesson:The Sonics - The Crypts!,1,0.7477132081985474,cnn_revised_20260919T110440Z,cnn_s2_17,val,Log-Mel CNN,0.4739688038825989,0.5062138934930166
seg_004781,sample_01593,Gila Monster Flop/Music History Lesson:The Sonics - The Crypts!,1,0.8424876928329468,cnn_revised_20260919T110440Z,cnn_s2_17,val,Log-Mel CNN,0.4739688038825989,0.5062138934930166
seg_004821,sample_01607,March of the GPA Mechanics - [t]ghost,1,0.7033544778823853,cnn_revised_20260919T110440Z,cnn_s2_17,val,Log-Mel CNN,0.4739688038825989,0.5062138934930166
seg_004822,sample_01607,March of the GPA Mechanics - [t]ghost,1,0.7699745893478394,cnn_revised_20260919T110440Z,cnn_s2_17,val,Log-Mel CNN,0.4739688038825989,0.5062138934930166
seg_004823,sample_01607,March of the GPA Mechanics - [t]ghost,1,0.5541270971298218,cnn_revised_20260919T110440Z,cnn_s2_17,val,Log-Mel CNN,0.4739688038825989,0.5062138934930166
seg_004824,sample_01608,Windows of the Skull - Sarin,1,0.8755959272384644,cnn_revised_20260919T110440Z,cnn_s2_17,val,Log-Mel CNN,0.4739688038825989,0.5062138934930166
seg_004825,sample_01608,Windows of the Skull - Sarin,1,0.860037088394165,cnn_revised_20260919T110440Z,cnn_s2_17,val,Log-Mel CNN,0.4739688038825989,0.5062138934930166
seg_004826,sample_01608,Windows of the Skull - Sarin,1,0.919836699962616,cnn_revised_20260919T110440Z,cnn_s2_17,val,Log-Mel CNN,0.4739688038825989,0.5062138934930166
seg_004830,sample_01610,Empty Pockets - Pete Prodoehl,1,0.8519203066825867,cnn_revised_20260919T110440Z,cnn_s2_17,val,Log-Mel CNN,0.4739688038825989,0.5062138934930166
seg_004831,sample_01610,Empty Pockets - Pete Prodoehl,1,0.8455923795700073,cnn_revised_20260919T110440Z,cnn_s2_17,val,Log-Mel CNN,0.4739688038825989,0.5062138934930166
seg_004832,sample_01610,Empty Pockets - Pete Prodoehl,1,0.7944574356079102,cnn_revised_20260919T110440Z,cnn_s2_17,val,Log-Mel CNN,0.4739688038825989,0.5062138934930166
seg_004836,sample_01612,Scramby Eggs - Andy G. Cohen,1,0.673943817615509,cnn_revised_20260919T110440Z,cnn_s2_17,val,Log-Mel CNN,0.4739688038825989,0.5062138934930166
seg_004837,sample_01612,Scramby Eggs - Andy G. Cohen,1,0.6599555015563965,cnn_revised_20260919T110440Z,cnn_s2_17,val,Log-Mel CNN,0.4739688038825989,0.5062138934930166
seg_004838,sample_01612,Scramby Eggs - Andy G. Cohen,1,0.8240973949432373,cnn_revised_20260919T110440Z,cnn_s2_17,val,Log-Mel CNN,0.4739688038825989,0.5062138934930166
seg_004839,sample_01613,Voxel - Andy G. Cohen,1,0.7977653741836548,cnn_revised_20260919T110440Z,cnn_s2_17,val,Log-Mel CNN,0.4739688038825989,0.5062138934930166
seg_004840,sample_01613,Voxel - Andy G. Cohen,1,0.5030835270881653,cnn_revised_20260919T110440Z,cnn_s2_17,val,Log-Mel CNN,0.4739688038825989,0.5062138934930166
seg_004841,sample_01613,Voxel - Andy G. Cohen,1,0.7868524789810181,cnn_revised_20260919T110440Z,cnn_s2_17,val,Log-Mel CNN,0.4739688038825989,0.5062138934930166
seg_004845,sample_01615,The girl just faded - Los Llamarada,1,0.5702608823776245,cnn_revised_20260919T110440Z,cnn_s2_17,val,Log-Mel CNN,0.4739688038825989,0.5062138934930166
seg_004846,sample_01615,The girl just faded - Los Llamarada,1,0.6420213580131531,cnn_revised_20260919T110440Z,cnn_s2_17,val,Log-Mel CNN,0.4739688038825989,0.5062138934930166
seg_004847,sample_01615,The girl just faded - Los Llamarada,1,0.7925249338150024,cnn_revised_20260919T110440Z,cnn_s2_17,val,Log-Mel CNN,0.4739688038825989,0.5062138934930166
seg_004860,sample_01620,2 (Wasn't There) - Isle of Pine,1,0.8744684457778931,cnn_revised_20260919T110440Z,cnn_s2_17,val,Log-Mel CNN,0.4739688038825989,0.5062138934930166
seg_004861,sample_01620,2 (Wasn't There) - Isle of Pine,1,0.9178789854049683,cnn_revised_20260919T110440Z,cnn_s2_17,val,Log-Mel CNN,0.4739688038825989,0.5062138934930166
seg_004862,sample_01620,2 (Wasn't There) - Isle of Pine,1,0.9182895421981812,cnn_revised_20260919T110440Z,cnn_s2_17,val,Log-Mel CNN,0.4739688038825989,0.5062138934930166
seg_004866,sample_01622,I Fell - Mod Fun,1,0.2473224550485611,cnn_revised_20260919T110440Z,cnn_s2_17,val,Log-Mel CNN,0.4739688038825989,0.5062138934930166
seg_004867,sample_01622,I Fell - Mod Fun,1,0.8685731291770935,cnn_revised_20260919T110440Z,cnn_s2_17,val,Log-Mel CNN,0.4739688038825989,0.5062138934930166
seg_004868,sample_01622,I Fell - Mod Fun,1,0.6666656136512756,cnn_revised_20260919T110440Z,cnn_s2_17,val,Log-Mel CNN,0.4739688038825989,0.5062138934930166
seg_004872,sample_01624,Новый Нью-Йорк 2 - Чокнутый Пропеллер,1,0.9911819696426392,cnn_revised_20260919T110440Z,cnn_s2_17,val,Log-Mel CNN,0.4739688038825989,0.5062138934930166
seg_004873,sample_01624,Новый Нью-Йорк 2 - Чокнутый Пропеллер,1,0.7234228253364563,cnn_revised_20260919T110440Z,cnn_s2_17,val,Log-Mel CNN,0.4739688038825989,0.5062138934930166
seg_004874,sample_01624,Новый Нью-Йорк 2 - Чокнутый Пропеллер,1,0.3904015123844147,cnn_revised_20260919T110440Z,cnn_s2_17,val,Log-Mel CNN,0.4739688038825989,0.5062138934930166
seg_004908,sample_01636,CopperNickle - UncleBibby,1,0.49060410261154175,cnn_revised_20260919T110440Z,cnn_s2_17,val,Log-Mel CNN,0.4739688038825989,0.5062138934930166
seg_004909,sample_01636,CopperNickle - UncleBibby,1,0.826377272605896,cnn_revised_20260919T110440Z,cnn_s2_17,val,Log-Mel CNN,0.4739688038825989,0.5062138934930166
seg_004910,sample_01636,CopperNickle - UncleBibby,1,0.41614988446235657,cnn_revised_20260919T110440Z,cnn_s2_17,val,Log-Mel CNN,0.4739688038825989,0.5062138934930166
seg_004914,sample_01638,Daylight Savings - My brother Daniel,1,0.9404399991035461,cnn_revised_20260919T110440Z,cnn_s2_17,val,Log-Mel CNN,0.4739688038825989,0.5062138934930166
seg_004915,sample_01638,Daylight Savings - My brother Daniel,1,0.8372277617454529,cnn_revised_20260919T110440Z,cnn_s2_17,val,Log-Mel CNN,0.4739688038825989,0.5062138934930166
seg_004916,sample_01638,Daylight Savings - My brother Daniel,1,0.8962676525115967,cnn_revised_20260919T110440Z,cnn_s2_17,val,Log-Mel CNN,0.4739688038825989,0.5062138934930166
seg_004947,sample_01649,mystery team 2090 - Jesse Futerman,1,0.7360310554504395,cnn_revised_20260919T110440Z,cnn_s2_17,val,Log-Mel CNN,0.4739688038825989,0.5062138934930166
seg_004948,sample_01649,mystery team 2090 - Jesse Futerman,1,0.8735437989234924,cnn_revised_20260919T110440Z,cnn_s2_17,val,Log-Mel CNN,0.4739688038825989,0.5062138934930166
seg_004949,sample_01649,mystery team 2090 - Jesse Futerman,1,0.9094140529632568,cnn_revised_20260919T110440Z,cnn_s2_17,val,Log-Mel CNN,0.4739688038825989,0.5062138934930166
seg_004950,sample_01650,Night Drive - Decktonic,1,0.8754234910011292,cnn_revised_20260919T110440Z,cnn_s2_17,val,Log-Mel CNN,0.4739688038825989,0.5062138934930166
seg_004951,sample_01650,Night Drive - Decktonic,1,0.8824855089187622,cnn_revised_20260919T110440Z,cnn_s2_17,val,Log-Mel CNN,0.4739688038825989,0.5062138934930166
seg_004952,sample_01650,Night Drive - Decktonic,1,0.9703678488731384,cnn_revised_20260919T110440Z,cnn_s2_17,val,Log-Mel CNN,0.4739688038825989,0.5062138934930166
seg_004959,sample_01653,Nuo Maisemat - Paavoharju,1,0.9566798210144043,cnn_revised_20260919T110440Z,cnn_s2_17,val,Log-Mel CNN,0.4739688038825989,0.5062138934930166
seg_004960,sample_01653,Nuo Maisemat - Paavoharju,1,0.9238443970680237,cnn_revised_20260919T110440Z,cnn_s2_17,val,Log-Mel CNN,0.4739688038825989,0.5062138934930166
seg_004961,sample_01653,Nuo Maisemat - Paavoharju,1,0.9914119243621826,cnn_revised_20260919T110440Z,cnn_s2_17,val,Log-Mel CNN,0.4739688038825989,0.5062138934930166
seg_005001,sample_01667,SD (Ill Mix) - H-LR,1,0.9670102596282959,cnn_revised_20260919T110440Z,cnn_s2_17,val,Log-Mel CNN,0.4739688038825989,0.5062138934930166
seg_005002,sample_01667,SD (Ill Mix) - H-LR,1,0.9189895987510681,cnn_revised_20260919T110440Z,cnn_s2_17,val,Log-Mel CNN,0.4739688038825989,0.5062138934930166
seg_005003,sample_01667,SD (Ill Mix) - H-LR,1,0.987480103969574,cnn_revised_20260919T110440Z,cnn_s2_17,val,Log-Mel CNN,0.4739688038825989,0.5062138934930166
seg_005055,sample_01685,Evil Cannot Create - Caleb Lemond,1,0.7877975106239319,cnn_revised_20260919T110440Z,cnn_s2_17,val,Log-Mel CNN,0.4739688038825989,0.5062138934930166
seg_005056,sample_01685,Evil Cannot Create - Caleb Lemond,1,0.9632707834243774,cnn_revised_20260919T110440Z,cnn_s2_17,val,Log-Mel CNN,0.4739688038825989,0.5062138934930166
seg_005057,sample_01685,Evil Cannot Create - Caleb Lemond,1,0.9324503540992737,cnn_revised_20260919T110440Z,cnn_s2_17,val,Log-Mel CNN,0.4739688038825989,0.5062138934930166
seg_005111,sample_01704,New Life (take 1) - Bird Names,1,0.9488195180892944,cnn_revised_20260919T110440Z,cnn_s2_17,val,Log-Mel CNN,0.4739688038825989,0.5062138934930166
seg_005112,sample_01704,New Life (take 1) - Bird Names,1,0.80935138463974,cnn_revised_20260919T110440Z,cnn_s2_17,val,Log-Mel CNN,0.4739688038825989,0.5062138934930166
seg_005113,sample_01704,New Life (take 1) - Bird Names,1,0.4659271836280823,cnn_revised_20260919T110440Z,cnn_s2_17,val,Log-Mel CNN,0.4739688038825989,0.5062138934930166
seg_005114,sample_01705,Norweigian Wood II - Bird Names,1,0.6928003430366516,cnn_revised_20260919T110440Z,cnn_s2_17,val,Log-Mel CNN,0.4739688038825989,0.5062138934930166
seg_005115,sample_01705,Norweigian Wood II - Bird Names,1,0.7626982927322388,cnn_revised_20260919T110440Z,cnn_s2_17,val,Log-Mel CNN,0.4739688038825989,0.5062138934930166
seg_005116,sample_01705,Norweigian Wood II - Bird Names,1,0.8375821709632874,cnn_revised_20260919T110440Z,cnn_s2_17,val,Log-Mel CNN,0.4739688038825989,0.5062138934930166
seg_005126,sample_01709,Roller Star - Monroeville Music Center,1,0.9367783069610596,cnn_revised_20260919T110440Z,cnn_s2_17,val,Log-Mel CNN,0.4739688038825989,0.5062138934930166
seg_005127,sample_01709,Roller Star - Monroeville Music Center,1,0.914559543132782,cnn_revised_20260919T110440Z,cnn_s2_17,val,Log-Mel CNN,0.4739688038825989,0.5062138934930166
seg_005128,sample_01709,Roller Star - Monroeville Music Center,1,0.944269597530365,cnn_revised_20260919T110440Z,cnn_s2_17,val,Log-Mel CNN,0.4739688038825989,0.5062138934930166
seg_005129,sample_01710,"Roundtrip - Oh Yeah, the Future",1,0.8234468102455139,cnn_revised_20260919T110440Z,cnn_s2_17,val,Log-Mel CNN,0.4739688038825989,0.5062138934930166
seg_005130,sample_01710,"Roundtrip - Oh Yeah, the Future",1,0.8915020227432251,cnn_revised_20260919T110440Z,cnn_s2_17,val,Log-Mel CNN,0.4739688038825989,0.5062138934930166
seg_005131,sample_01710,"Roundtrip - Oh Yeah, the Future",1,0.9376510381698608,cnn_revised_20260919T110440Z,cnn_s2_17,val,Log-Mel CNN,0.4739688038825989,0.5062138934930166
seg_005138,sample_01713,Soleares&beats - Malaventura,1,0.5272654891014099,cnn_revised_20260919T110440Z,cnn_s2_17,val,Log-Mel CNN,0.4739688038825989,0.5062138934930166
seg_005139,sample_01713,Soleares&beats - Malaventura,1,0.3754633665084839,cnn_revised_20260919T110440Z,cnn_s2_17,val,Log-Mel CNN,0.4739688038825989,0.5062138934930166
seg_005140,sample_01713,Soleares&beats - Malaventura,1,0.699735164642334,cnn_revised_20260919T110440Z,cnn_s2_17,val,Log-Mel CNN,0.4739688038825989,0.5062138934930166
seg_005147,sample_01716,Stockholm Syndrome / People Should Be More Aware - Bird Names,1,0.918427586555481,cnn_revised_20260919T110440Z,cnn_s2_17,val,Log-Mel CNN,0.4739688038825989,0.5062138934930166
seg_005148,sample_01716,Stockholm Syndrome / People Should Be More Aware - Bird Names,1,0.9315075278282166,cnn_revised_20260919T110440Z,cnn_s2_17,val,Log-Mel CNN,0.4739688038825989,0.5062138934930166
seg_005149,sample_01716,Stockholm Syndrome / People Should Be More Aware - Bird Names,1,0.9333677291870117,cnn_revised_20260919T110440Z,cnn_s2_17,val,Log-Mel CNN,0.4739688038825989,0.5062138934930166
seg_005168,sample_01723,Time Is Love - Silence is full of birds,1,0.6408476829528809,cnn_revised_20260919T110440Z,cnn_s2_17,val,Log-Mel CNN,0.4739688038825989,0.5062138934930166
seg_005169,sample_01723,Time Is Love - Silence is full of birds,1,0.868965208530426,cnn_revised_20260919T110440Z,cnn_s2_17,val,Log-Mel CNN,0.4739688038825989,0.5062138934930166
seg_005170,sample_01723,Time Is Love - Silence is full of birds,1,0.9415028691291809,cnn_revised_20260919T110440Z,cnn_s2_17,val,Log-Mel CNN,0.4739688038825989,0.5062138934930166
seg_005188,sample_01730,2 (Wasn't There) - Isle of Pine,1,0.6297990083694458,cnn_revised_20260919T110440Z,cnn_s2_17,val,Log-Mel CNN,0.4739688038825989,0.5062138934930166
seg_005189,sample_01730,2 (Wasn't There) - Isle of Pine,1,0.8552632331848145,cnn_revised_20260919T110440Z,cnn_s2_17,val,Log-Mel CNN,0.4739688038825989,0.5062138934930166
seg_005190,sample_01730,2 (Wasn't There) - Isle of Pine,1,0.8896148204803467,cnn_revised_20260919T110440Z,cnn_s2_17,val,Log-Mel CNN,0.4739688038825989,0.5062138934930166
seg_005203,sample_01735,Empty Pockets - Pete Prodoehl,1,0.8927856683731079,cnn_revised_20260919T110440Z,cnn_s2_17,val,Log-Mel CNN,0.4739688038825989,0.5062138934930166
seg_005204,sample_01735,Empty Pockets - Pete Prodoehl,1,0.9797050356864929,cnn_revised_20260919T110440Z,cnn_s2_17,val,Log-Mel CNN,0.4739688038825989,0.5062138934930166
seg_005205,sample_01735,Empty Pockets - Pete Prodoehl,1,0.9896177649497986,cnn_revised_20260919T110440Z,cnn_s2_17,val,Log-Mel CNN,0.4739688038825989,0.5062138934930166
seg_005212,sample_01738,Gila Monster Flop/Music History Lesson:The Sonics - The Crypts!,1,0.9100682735443115,cnn_revised_20260919T110440Z,cnn_s2_17,val,Log-Mel CNN,0.4739688038825989,0.5062138934930166
seg_005213,sample_01738,Gila Monster Flop/Music History Lesson:The Sonics - The Crypts!,1,0.8940766453742981,cnn_revised_20260919T110440Z,cnn_s2_17,val,Log-Mel CNN,0.4739688038825989,0.5062138934930166
seg_005214,sample_01738,Gila Monster Flop/Music History Lesson:The Sonics - The Crypts!,1,0.9301698207855225,cnn_revised_20260919T110440Z,cnn_s2_17,val,Log-Mel CNN,0.4739688038825989,0.5062138934930166
seg_005221,sample_01741,I Fell - Mod Fun,1,0.9613143801689148,cnn_revised_20260919T110440Z,cnn_s2_17,val,Log-Mel CNN,0.4739688038825989,0.5062138934930166
seg_005222,sample_01741,I Fell - Mod Fun,1,0.9819080233573914,cnn_revised_20260919T110440Z,cnn_s2_17,val,Log-Mel CNN,0.4739688038825989,0.5062138934930166
seg_005223,sample_01741,I Fell - Mod Fun,1,0.9949290752410889,cnn_revised_20260919T110440Z,cnn_s2_17,val,Log-Mel CNN,0.4739688038825989,0.5062138934930166
seg_005245,sample_01749,March of the GPA Mechanics - [t]ghost,1,0.8759140968322754,cnn_revised_20260919T110440Z,cnn_s2_17,val,Log-Mel CNN,0.4739688038825989,0.5062138934930166
seg_005246,sample_01749,March of the GPA Mechanics - [t]ghost,1,0.956828236579895,cnn_revised_20260919T110440Z,cnn_s2_17,val,Log-Mel CNN,0.4739688038825989,0.5062138934930166
seg_005247,sample_01749,March of the GPA Mechanics - [t]ghost,1,0.9808545112609863,cnn_revised_20260919T110440Z,cnn_s2_17,val,Log-Mel CNN,0.4739688038825989,0.5062138934930166
seg_005274,sample_01759,Scramby Eggs - Andy G. Cohen,1,0.9799274206161499,cnn_revised_20260919T110440Z,cnn_s2_17,val,Log-Mel CNN,0.4739688038825989,0.5062138934930166
seg_005275,sample_01759,Scramby Eggs - Andy G. Cohen,1,0.9618974924087524,cnn_revised_20260919T110440Z,cnn_s2_17,val,Log-Mel CNN,0.4739688038825989,0.5062138934930166
seg_005276,sample_01759,Scramby Eggs - Andy G. Cohen,1,0.9876493811607361,cnn_revised_20260919T110440Z,cnn_s2_17,val,Log-Mel CNN,0.4739688038825989,0.5062138934930166
seg_005301,sample_01768,The girl just faded - Los Llamarada,1,0.9882895946502686,cnn_revised_20260919T110440Z,cnn_s2_17,val,Log-Mel CNN,0.4739688038825989,0.5062138934930166
seg_005302,sample_01768,The girl just faded - Los Llamarada,1,0.9884805679321289,cnn_revised_20260919T110440Z,cnn_s2_17,val,Log-Mel CNN,0.4739688038825989,0.5062138934930166
seg_005303,sample_01768,The girl just faded - Los Llamarada,1,0.9860011339187622,cnn_revised_20260919T110440Z,cnn_s2_17,val,Log-Mel CNN,0.4739688038825989,0.5062138934930166
seg_005310,sample_01771,Voxel - Andy G. Cohen,1,0.9787271618843079,cnn_revised_20260919T110440Z,cnn_s2_17,val,Log-Mel CNN,0.4739688038825989,0.5062138934930166
seg_005311,sample_01771,Voxel - Andy G. Cohen,1,0.925551176071167,cnn_revised_20260919T110440Z,cnn_s2_17,val,Log-Mel CNN,0.4739688038825989,0.5062138934930166
seg_005312,sample_01771,Voxel - Andy G. Cohen,1,0.982860267162323,cnn_revised_20260919T110440Z,cnn_s2_17,val,Log-Mel CNN,0.4739688038825989,0.5062138934930166
seg_005322,sample_01775,Windows of the Skull - Sarin,1,0.9832766056060791,cnn_revised_20260919T110440Z,cnn_s2_17,val,Log-Mel CNN,0.4739688038825989,0.5062138934930166
seg_005323,sample_01775,Windows of the Skull - Sarin,1,0.9782257676124573,cnn_revised_20260919T110440Z,cnn_s2_17,val,Log-Mel CNN,0.4739688038825989,0.5062138934930166
seg_005324,sample_01775,Windows of the Skull - Sarin,1,0.9474664926528931,cnn_revised_20260919T110440Z,cnn_s2_17,val,Log-Mel CNN,0.4739688038825989,0.5062138934930166
seg_005331,sample_01778,Новый Нью-Йорк 2 - Чокнутый Пропеллер,1,0.8345187306404114,cnn_revised_20260919T110440Z,cnn_s2_17,val,Log-Mel CNN,0.4739688038825989,0.5062138934930166
seg_005332,sample_01778,Новый Нью-Йорк 2 - Чокнутый Пропеллер,1,0.9049307107925415,cnn_revised_20260919T110440Z,cnn_s2_17,val,Log-Mel CNN,0.4739688038825989,0.5062138934930166
seg_005333,sample_01778,Новый Нью-Йорк 2 - Чокнутый Пропеллер,1,0.9400591850280762,cnn_revised_20260919T110440Z,cnn_s2_17,val,Log-Mel CNN,0.4739688038825989,0.5062138934930166
seg_005372,sample_01798,CopperNickle - UncleBibby,1,0.982631266117096,cnn_revised_20260919T110440Z,cnn_s2_17,val,Log-Mel CNN,0.4739688038825989,0.5062138934930166
seg_005373,sample_01798,CopperNickle - UncleBibby,1,0.9671244025230408,cnn_revised_20260919T110440Z,cnn_s2_17,val,Log-Mel CNN,0.4739688038825989,0.5062138934930166
seg_005378,sample_01801,Daylight Savings - My brother Daniel,1,0.9928011894226074,cnn_revised_20260919T110440Z,cnn_s2_17,val,Log-Mel CNN,0.4739688038825989,0.5062138934930166
seg_005379,sample_01801,Daylight Savings - My brother Daniel,1,0.9948365688323975,cnn_revised_20260919T110440Z,cnn_s2_17,val,Log-Mel CNN,0.4739688038825989,0.5062138934930166
seg_005396,sample_01810,Fifth Ramble - From the album Keith [RSVP007] - My brother Daniel,1,0.9952946305274963,cnn_revised_20260919T110440Z,cnn_s2_17,val,Log-Mel CNN,0.4739688038825989,0.5062138934930166
seg_005397,sample_01810,Fifth Ramble - From the album Keith [RSVP007] - My brother Daniel,1,0.9985514283180237,cnn_revised_20260919T110440Z,cnn_s2_17,val,Log-Mel CNN,0.4739688038825989,0.5062138934930166
seg_005412,sample_01818,If You're Ther - Nicola Ratti,1,0.9862422943115234,cnn_revised_20260919T110440Z,cnn_s2_17,val,Log-Mel CNN,0.4739688038825989,0.5062138934930166
seg_005413,sample_01818,If You're Ther - Nicola Ratti,1,0.9974583983421326,cnn_revised_20260919T110440Z,cnn_s2_17,val,Log-Mel CNN,0.4739688038825989,0.5062138934930166
seg_005428,sample_01826,Kumorizoranohajimarutokoro - Hosomi,1,0.9934985637664795,cnn_revised_20260919T110440Z,cnn_s2_17,val,Log-Mel CNN,0.4739688038825989,0.5062138934930166
seg_005429,sample_01826,Kumorizoranohajimarutokoro - Hosomi,1,0.993760883808136,cnn_revised_20260919T110440Z,cnn_s2_17,val,Log-Mel CNN,0.4739688038825989,0.5062138934930166
seg_005446,sample_01835,Loved Ones - Rowan Box,1,0.9922295212745667,cnn_revised_20260919T110440Z,cnn_s2_17,val,Log-Mel CNN,0.4739688038825989,0.5062138934930166
seg_005447,sample_01835,Loved Ones - Rowan Box,1,0.9943591952323914,cnn_revised_20260919T110440Z,cnn_s2_17,val,Log-Mel CNN,0.4739688038825989,0.5062138934930166
seg_005448,sample_01836,Morning Bell - Nihilore,1,0.9832293391227722,cnn_revised_20260919T110440Z,cnn_s2_17,val,Log-Mel CNN,0.4739688038825989,0.5062138934930166
seg_005449,sample_01836,Morning Bell - Nihilore,1,0.9928745031356812,cnn_revised_20260919T110440Z,cnn_s2_17,val,Log-Mel CNN,0.4739688038825989,0.5062138934930166
seg_005450,sample_01837,mystery team 2090 - Jesse Futerman,1,0.989267110824585,cnn_revised_20260919T110440Z,cnn_s2_17,val,Log-Mel CNN,0.4739688038825989,0.5062138934930166
seg_005451,sample_01837,mystery team 2090 - Jesse Futerman,1,0.9919679760932922,cnn_revised_20260919T110440Z,cnn_s2_17,val,Log-Mel CNN,0.4739688038825989,0.5062138934930166
seg_005452,sample_01838,Night Drive - Decktonic,1,0.9928815364837646,cnn_revised_20260919T110440Z,cnn_s2_17,val,Log-Mel CNN,0.4739688038825989,0.5062138934930166
seg_005453,sample_01838,Night Drive - Decktonic,1,0.9967629909515381,cnn_revised_20260919T110440Z,cnn_s2_17,val,Log-Mel CNN,0.4739688038825989,0.5062138934930166
seg_005460,sample_01842,Nuo Maisemat - Paavoharju,1,0.998038113117218,cnn_revised_20260919T110440Z,cnn_s2_17,val,Log-Mel CNN,0.4739688038825989,0.5062138934930166
seg_005461,sample_01842,Nuo Maisemat - Paavoharju,1,0.9977127313613892,cnn_revised_20260919T110440Z,cnn_s2_17,val,Log-Mel CNN,0.4739688038825989,0.5062138934930166
seg_005494,sample_01859,SD (Ill Mix) - H-LR,1,0.9511615037918091,cnn_revised_20260919T110440Z,cnn_s2_17,val,Log-Mel CNN,0.4739688038825989,0.5062138934930166
seg_005495,sample_01859,SD (Ill Mix) - H-LR,1,0.5839619636535645,cnn_revised_20260919T110440Z,cnn_s2_17,val,Log-Mel CNN,0.4739688038825989,0.5062138934930166
seg_005503,sample_01864,some dextromethorphan - Jeva,1,0.9946335554122925,cnn_revised_20260919T110440Z,cnn_s2_17,val,Log-Mel CNN,0.4739688038825989,0.5062138934930166
seg_005504,sample_01864,some dextromethorphan - Jeva,1,0.995530903339386,cnn_revised_20260919T110440Z,cnn_s2_17,val,Log-Mel CNN,0.4739688038825989,0.5062138934930166
seg_005509,sample_01867,Sturgeon's Law - Nihilore,1,0.9651889801025391,cnn_revised_20260919T110440Z,cnn_s2_17,val,Log-Mel CNN,0.4739688038825989,0.5062138934930166
seg_005510,sample_01867,Sturgeon's Law - Nihilore,1,0.9397786259651184,cnn_revised_20260919T110440Z,cnn_s2_17,val,Log-Mel CNN,0.4739688038825989,0.5062138934930166
seg_005533,sample_01879,The Stairway - WarpToken,1,0.8933877348899841,cnn_revised_20260919T110440Z,cnn_s2_17,val,Log-Mel CNN,0.4739688038825989,0.5062138934930166
seg_005534,sample_01879,The Stairway - WarpToken,1,0.5238019227981567,cnn_revised_20260919T110440Z,cnn_s2_17,val,Log-Mel CNN,0.4739688038825989,0.5062138934930166
seg_005535,sample_01880,Three Bird - My brother Daniel,1,0.9895241856575012,cnn_revised_20260919T110440Z,cnn_s2_17,val,Log-Mel CNN,0.4739688038825989,0.5062138934930166
seg_005536,sample_01880,Three Bird - My brother Daniel,1,0.9964359998703003,cnn_revised_20260919T110440Z,cnn_s2_17,val,Log-Mel CNN,0.4739688038825989,0.5062138934930166
seg_005537,sample_01881,Timen Passing By - Jason Shaw,1,0.9845810532569885,cnn_revised_20260919T110440Z,cnn_s2_17,val,Log-Mel CNN,0.4739688038825989,0.5062138934930166
seg_005538,sample_01881,Timen Passing By - Jason Shaw,1,0.9910440444946289,cnn_revised_20260919T110440Z,cnn_s2_17,val,Log-Mel CNN,0.4739688038825989,0.5062138934930166
seg_005549,sample_01887,Understand That This Is A Dream - From the album Modulating Coil [RSVP008] - Forrest James,1,0.9939461350440979,cnn_revised_20260919T110440Z,cnn_s2_17,val,Log-Mel CNN,0.4739688038825989,0.5062138934930166
seg_005550,sample_01887,Understand That This Is A Dream - From the album Modulating Coil [RSVP008] - Forrest James,1,0.9970257878303528,cnn_revised_20260919T110440Z,cnn_s2_17,val,Log-Mel CNN,0.4739688038825989,0.5062138934930166
seg_005555,sample_01890,Westside Chillers - Little Glass Men,1,0.9270832538604736,cnn_revised_20260919T110440Z,cnn_s2_17,val,Log-Mel CNN,0.4739688038825989,0.5062138934930166
seg_005556,sample_01890,Westside Chillers - Little Glass Men,1,0.9644365906715393,cnn_revised_20260919T110440Z,cnn_s2_17,val,Log-Mel CNN,0.4739688038825989,0.5062138934930166
seg_005565,sample_01895,Agora - Malaventura,1,0.9966834187507629,cnn_revised_20260919T110440Z,cnn_s2_17,val,Log-Mel CNN,0.4739688038825989,0.5062138934930166
seg_005566,sample_01895,Agora - Malaventura,1,0.9989323019981384,cnn_revised_20260919T110440Z,cnn_s2_17,val,Log-Mel CNN,0.4739688038825989,0.5062138934930166
seg_005583,sample_01904,Evil Cannot Create - Caleb Lemond,1,0.998233437538147,cnn_revised_20260919T110440Z,cnn_s2_17,val,Log-Mel CNN,0.4739688038825989,0.5062138934930166
seg_005584,sample_01904,Evil Cannot Create - Caleb Lemond,1,0.9966151118278503,cnn_revised_20260919T110440Z,cnn_s2_17,val,Log-Mel CNN,0.4739688038825989,0.5062138934930166
seg_005621,sample_01923,My Body Is A Weapon (Compromise Edit) - Silence is full of birds,1,0.9956015348434448,cnn_revised_20260919T110440Z,cnn_s2_17,val,Log-Mel CNN,0.4739688038825989,0.5062138934930166
seg_005622,sample_01923,My Body Is A Weapon (Compromise Edit) - Silence is full of birds,1,0.9954752326011658,cnn_revised_20260919T110440Z,cnn_s2_17,val,Log-Mel CNN,0.4739688038825989,0.5062138934930166
seg_005627,sample_01926,New Life (take 1) - Bird Names,1,0.9945616126060486,cnn_revised_20260919T110440Z,cnn_s2_17,val,Log-Mel CNN,0.4739688038825989,0.5062138934930166
seg_005628,sample_01926,New Life (take 1) - Bird Names,1,0.9972243309020996,cnn_revised_20260919T110440Z,cnn_s2_17,val,Log-Mel CNN,0.4739688038825989,0.5062138934930166
seg_005629,sample_01927,Norweigian Wood II - Bird Names,1,0.9960998296737671,cnn_revised_20260919T110440Z,cnn_s2_17,val,Log-Mel CNN,0.4739688038825989,0.5062138934930166
seg_005630,sample_01927,Norweigian Wood II - Bird Names,1,0.9981085062026978,cnn_revised_20260919T110440Z,cnn_s2_17,val,Log-Mel CNN,0.4739688038825989,0.5062138934930166
seg_005645,sample_01935,Roller Star - Monroeville Music Center,1,0.984728991985321,cnn_revised_20260919T110440Z,cnn_s2_17,val,Log-Mel CNN,0.4739688038825989,0.5062138934930166
seg_005646,sample_01935,Roller Star - Monroeville Music Center,1,0.980761706829071,cnn_revised_20260919T110440Z,cnn_s2_17,val,Log-Mel CNN,0.4739688038825989,0.5062138934930166
seg_005647,sample_01936,"Roundtrip - Oh Yeah, the Future",1,0.9918432831764221,cnn_revised_20260919T110440Z,cnn_s2_17,val,Log-Mel CNN,0.4739688038825989,0.5062138934930166
seg_005648,sample_01936,"Roundtrip - Oh Yeah, the Future",1,0.9978287816047668,cnn_revised_20260919T110440Z,cnn_s2_17,val,Log-Mel CNN,0.4739688038825989,0.5062138934930166
seg_005657,sample_01941,Soleares&beats - Malaventura,1,0.9978647828102112,cnn_revised_20260919T110440Z,cnn_s2_17,val,Log-Mel CNN,0.4739688038825989,0.5062138934930166
seg_005658,sample_01941,Soleares&beats - Malaventura,1,0.9986586570739746,cnn_revised_20260919T110440Z,cnn_s2_17,val,Log-Mel CNN,0.4739688038825989,0.5062138934930166
seg_005665,sample_01945,Stockholm Syndrome / People Should Be More Aware - Bird Names,1,0.9831726551055908,cnn_revised_20260919T110440Z,cnn_s2_17,val,Log-Mel CNN,0.4739688038825989,0.5062138934930166
seg_005666,sample_01945,Stockholm Syndrome / People Should Be More Aware - Bird Names,1,0.9808805584907532,cnn_revised_20260919T110440Z,cnn_s2_17,val,Log-Mel CNN,0.4739688038825989,0.5062138934930166
seg_005685,sample_01955,Time Is Love - Silence is full of birds,1,0.9988522529602051,cnn_revised_20260919T110440Z,cnn_s2_17,val,Log-Mel CNN,0.4739688038825989,0.5062138934930166
seg_005686,sample_01955,Time Is Love - Silence is full of birds,1,0.9987439513206482,cnn_revised_20260919T110440Z,cnn_s2_17,val,Log-Mel CNN,0.4739688038825989,0.5062138934930166
seg_005703,sample_01964,2 (Wasn't There) - Isle of Pine,1,0.9961404204368591,cnn_revised_20260919T110440Z,cnn_s2_17,val,Log-Mel CNN,0.4739688038825989,0.5062138934930166
seg_005704,sample_01964,2 (Wasn't There) - Isle of Pine,1,0.9980875849723816,cnn_revised_20260919T110440Z,cnn_s2_17,val,Log-Mel CNN,0.4739688038825989,0.5062138934930166
seg_005723,sample_01974,Beyond Luxury - Mors Ontologica,1,0.9959455132484436,cnn_revised_20260919T110440Z,cnn_s2_17,val,Log-Mel CNN,0.4739688038825989,0.5062138934930166
seg_005724,sample_01974,Beyond Luxury - Mors Ontologica,1,0.9980906844139099,cnn_revised_20260919T110440Z,cnn_s2_17,val,Log-Mel CNN,0.4739688038825989,0.5062138934930166
seg_005747,sample_01986,Empty Pockets - Pete Prodoehl,1,0.9974282383918762,cnn_revised_20260919T110440Z,cnn_s2_17,val,Log-Mel CNN,0.4739688038825989,0.5062138934930166
seg_005748,sample_01986,Empty Pockets - Pete Prodoehl,1,0.9982593655586243,cnn_revised_20260919T110440Z,cnn_s2_17,val,Log-Mel CNN,0.4739688038825989,0.5062138934930166
seg_005753,sample_01989,Fear - Los Fancy Free,1,0.9967890977859497,cnn_revised_20260919T110440Z,cnn_s2_17,val,Log-Mel CNN,0.4739688038825989,0.5062138934930166
seg_005754,sample_01989,Fear - Los Fancy Free,1,0.9978631138801575,cnn_revised_20260919T110440Z,cnn_s2_17,val,Log-Mel CNN,0.4739688038825989,0.5062138934930166
seg_005763,sample_01994,Gila Monster Flop/Music History Lesson:The Sonics - The Crypts!,1,0.9990179538726807,cnn_revised_20260919T110440Z,cnn_s2_17,val,Log-Mel CNN,0.4739688038825989,0.5062138934930166
seg_005788,sample_02007,I Fell - Mod Fun,1,0.9908162355422974,cnn_revised_20260919T110440Z,cnn_s2_17,val,Log-Mel CNN,0.4739688038825989,0.5062138934930166
seg_005789,sample_02007,I Fell - Mod Fun,1,0.9961916208267212,cnn_revised_20260919T110440Z,cnn_s2_17,val,Log-Mel CNN,0.4739688038825989,0.5062138934930166
seg_005808,sample_02017,Lights Up - Pipe Choir,1,0.9977244734764099,cnn_revised_20260919T110440Z,cnn_s2_17,val,Log-Mel CNN,0.4739688038825989,0.5062138934930166
seg_005809,sample_02017,Lights Up - Pipe Choir,1,0.9968442916870117,cnn_revised_20260919T110440Z,cnn_s2_17,val,Log-Mel CNN,0.4739688038825989,0.5062138934930166
seg_005816,sample_02021,March of the GPA Mechanics - [t]ghost,1,0.9901196956634521,cnn_revised_20260919T110440Z,cnn_s2_17,val,Log-Mel CNN,0.4739688038825989,0.5062138934930166
seg_005817,sample_02021,March of the GPA Mechanics - [t]ghost,1,0.9990873336791992,cnn_revised_20260919T110440Z,cnn_s2_17,val,Log-Mel CNN,0.4739688038825989,0.5062138934930166
seg_005842,sample_02034,Redlight - Room For A Ghost,1,0.9949166774749756,cnn_revised_20260919T110440Z,cnn_s2_17,val,Log-Mel CNN,0.4739688038825989,0.5062138934930166
seg_005843,sample_02034,Redlight - Room For A Ghost,1,0.9926308393478394,cnn_revised_20260919T110440Z,cnn_s2_17,val,Log-Mel CNN,0.4739688038825989,0.5062138934930166
seg_005852,sample_02039,Scramby Eggs - Andy G. Cohen,1,0.990916907787323,cnn_revised_20260919T110440Z,cnn_s2_17,val,Log-Mel CNN,0.4739688038825989,0.5062138934930166
seg_005853,sample_02039,Scramby Eggs - Andy G. Cohen,1,0.9703933596611023,cnn_revised_20260919T110440Z,cnn_s2_17,val,Log-Mel CNN,0.4739688038825989,0.5062138934930166
seg_005860,sample_02043,Shipwrecked Crew - Pete Prodoehl,1,0.9866784811019897,cnn_revised_20260919T110440Z,cnn_s2_17,val,Log-Mel CNN,0.4739688038825989,0.5062138934930166
seg_005861,sample_02043,Shipwrecked Crew - Pete Prodoehl,1,0.9982960820198059,cnn_revised_20260919T110440Z,cnn_s2_17,val,Log-Mel CNN,0.4739688038825989,0.5062138934930166
seg_005880,sample_02053,The girl just faded - Los Llamarada,1,0.9979872703552246,cnn_revised_20260919T110440Z,cnn_s2_17,val,Log-Mel CNN,0.4739688038825989,0.5062138934930166
seg_005881,sample_02053,The girl just faded - Los Llamarada,1,0.9982808828353882,cnn_revised_20260919T110440Z,cnn_s2_17,val,Log-Mel CNN,0.4739688038825989,0.5062138934930166
seg_005892,sample_02059,Voxel - Andy G. Cohen,1,0.9877053499221802,cnn_revised_20260919T110440Z,cnn_s2_17,val,Log-Mel CNN,0.4739688038825989,0.5062138934930166
seg_005893,sample_02059,Voxel - Andy G. Cohen,1,0.9897261261940002,cnn_revised_20260919T110440Z,cnn_s2_17,val,Log-Mel CNN,0.4739688038825989,0.5062138934930166
seg_005908,sample_02067,Windows of the Skull - Sarin,1,0.9970985651016235,cnn_revised_20260919T110440Z,cnn_s2_17,val,Log-Mel CNN,0.4739688038825989,0.5062138934930166
seg_005909,sample_02067,Windows of the Skull - Sarin,1,0.9986165761947632,cnn_revised_20260919T110440Z,cnn_s2_17,val,Log-Mel CNN,0.4739688038825989,0.5062138934930166
seg_005964,sample_02087,CopperNickle - UncleBibby,1,0.43998268246650696,cnn_revised_20260919T110440Z,cnn_s2_17,val,Log-Mel CNN,0.4739688038825989,0.5062138934930166
seg_005965,sample_02087,CopperNickle - UncleBibby,1,0.5434059500694275,cnn_revised_20260919T110440Z,cnn_s2_17,val,Log-Mel CNN,0.4739688038825989,0.5062138934930166
seg_005966,sample_02087,CopperNickle - UncleBibby,1,0.7589049935340881,cnn_revised_20260919T110440Z,cnn_s2_17,val,Log-Mel CNN,0.4739688038825989,0.5062138934930166
seg_005967,sample_02088,CopperNickle - UncleBibby,1,0.5459641218185425,cnn_revised_20260919T110440Z,cnn_s2_17,val,Log-Mel CNN,0.4739688038825989,0.5062138934930166
seg_005968,sample_02088,CopperNickle - UncleBibby,1,0.76646888256073,cnn_revised_20260919T110440Z,cnn_s2_17,val,Log-Mel CNN,0.4739688038825989,0.5062138934930166
seg_005969,sample_02088,CopperNickle - UncleBibby,1,0.7355883121490479,cnn_revised_20260919T110440Z,cnn_s2_17,val,Log-Mel CNN,0.4739688038825989,0.5062138934930166
seg_005976,sample_02091,Daylight Savings - My brother Daniel,1,0.10657761245965958,cnn_revised_20260919T110440Z,cnn_s2_17,val,Log-Mel CNN,0.4739688038825989,0.5062138934930166
seg_005977,sample_02091,Daylight Savings - My brother Daniel,1,0.501749575138092,cnn_revised_20260919T110440Z,cnn_s2_17,val,Log-Mel CNN,0.4739688038825989,0.5062138934930166
seg_005978,sample_02091,Daylight Savings - My brother Daniel,1,0.8492564558982849,cnn_revised_20260919T110440Z,cnn_s2_17,val,Log-Mel CNN,0.4739688038825989,0.5062138934930166
seg_005979,sample_02092,Daylight Savings - My brother Daniel,1,0.9353610873222351,cnn_revised_20260919T110440Z,cnn_s2_17,val,Log-Mel CNN,0.4739688038825989,0.5062138934930166
seg_005980,sample_02092,Daylight Savings - My brother Daniel,1,0.6081487536430359,cnn_revised_20260919T110440Z,cnn_s2_17,val,Log-Mel CNN,0.4739688038825989,0.5062138934930166
seg_005981,sample_02092,Daylight Savings - My brother Daniel,1,0.9229791760444641,cnn_revised_20260919T110440Z,cnn_s2_17,val,Log-Mel CNN,0.4739688038825989,0.5062138934930166
seg_006042,sample_02113,mystery team 2090 - Jesse Futerman,1,0.8042298555374146,cnn_revised_20260919T110440Z,cnn_s2_17,val,Log-Mel CNN,0.4739688038825989,0.5062138934930166
seg_006043,sample_02113,mystery team 2090 - Jesse Futerman,1,0.9315608739852905,cnn_revised_20260919T110440Z,cnn_s2_17,val,Log-Mel CNN,0.4739688038825989,0.5062138934930166
seg_006044,sample_02113,mystery team 2090 - Jesse Futerman,1,0.9797321557998657,cnn_revised_20260919T110440Z,cnn_s2_17,val,Log-Mel CNN,0.4739688038825989,0.5062138934930166
seg_006045,sample_02114,mystery team 2090 - Jesse Futerman,1,0.9451366662979126,cnn_revised_20260919T110440Z,cnn_s2_17,val,Log-Mel CNN,0.4739688038825989,0.5062138934930166
seg_006046,sample_02114,mystery team 2090 - Jesse Futerman,1,0.8394838571548462,cnn_revised_20260919T110440Z,cnn_s2_17,val,Log-Mel CNN,0.4739688038825989,0.5062138934930166
seg_006047,sample_02114,mystery team 2090 - Jesse Futerman,1,0.9636552333831787,cnn_revised_20260919T110440Z,cnn_s2_17,val,Log-Mel CNN,0.4739688038825989,0.5062138934930166
seg_006048,sample_02115,Night Drive - Decktonic,1,0.9584469795227051,cnn_revised_20260919T110440Z,cnn_s2_17,val,Log-Mel CNN,0.4739688038825989,0.5062138934930166
seg_006049,sample_02115,Night Drive - Decktonic,1,0.888390064239502,cnn_revised_20260919T110440Z,cnn_s2_17,val,Log-Mel CNN,0.4739688038825989,0.5062138934930166
seg_006050,sample_02115,Night Drive - Decktonic,1,0.970940887928009,cnn_revised_20260919T110440Z,cnn_s2_17,val,Log-Mel CNN,0.4739688038825989,0.5062138934930166
seg_006051,sample_02116,Night Drive - Decktonic,1,0.8737172484397888,cnn_revised_20260919T110440Z,cnn_s2_17,val,Log-Mel CNN,0.4739688038825989,0.5062138934930166
seg_006052,sample_02116,Night Drive - Decktonic,1,0.42274653911590576,cnn_revised_20260919T110440Z,cnn_s2_17,val,Log-Mel CNN,0.4739688038825989,0.5062138934930166
seg_006053,sample_02116,Night Drive - Decktonic,1,0.4010685682296753,cnn_revised_20260919T110440Z,cnn_s2_17,val,Log-Mel CNN,0.4739688038825989,0.5062138934930166
seg_006066,sample_02121,Nuo Maisemat - Paavoharju,1,0.9837988615036011,cnn_revised_20260919T110440Z,cnn_s2_17,val,Log-Mel CNN,0.4739688038825989,0.5062138934930166
seg_006067,sample_02121,Nuo Maisemat - Paavoharju,1,0.6305109262466431,cnn_revised_20260919T110440Z,cnn_s2_17,val,Log-Mel CNN,0.4739688038825989,0.5062138934930166
seg_006068,sample_02121,Nuo Maisemat - Paavoharju,1,0.9283405542373657,cnn_revised_20260919T110440Z,cnn_s2_17,val,Log-Mel CNN,0.4739688038825989,0.5062138934930166
seg_006069,sample_02122,Nuo Maisemat - Paavoharju,1,0.9630919694900513,cnn_revised_20260919T110440Z,cnn_s2_17,val,Log-Mel CNN,0.4739688038825989,0.5062138934930166
seg_006070,sample_02122,Nuo Maisemat - Paavoharju,1,0.8726844787597656,cnn_revised_20260919T110440Z,cnn_s2_17,val,Log-Mel CNN,0.4739688038825989,0.5062138934930166
seg_006071,sample_02122,Nuo Maisemat - Paavoharju,1,0.9855664968490601,cnn_revised_20260919T110440Z,cnn_s2_17,val,Log-Mel CNN,0.4739688038825989,0.5062138934930166
seg_006150,sample_02149,SD (Ill Mix) - H-LR,1,0.7122541666030884,cnn_revised_20260919T110440Z,cnn_s2_17,val,Log-Mel CNN,0.4739688038825989,0.5062138934930166
seg_006151,sample_02149,SD (Ill Mix) - H-LR,1,0.8355038166046143,cnn_revised_20260919T110440Z,cnn_s2_17,val,Log-Mel CNN,0.4739688038825989,0.5062138934930166
seg_006152,sample_02149,SD (Ill Mix) - H-LR,1,0.7988333106040955,cnn_revised_20260919T110440Z,cnn_s2_17,val,Log-Mel CNN,0.4739688038825989,0.5062138934930166
seg_006153,sample_02150,SD (Ill Mix) - H-LR,1,0.21710039675235748,cnn_revised_20260919T110440Z,cnn_s2_17,val,Log-Mel CNN,0.4739688038825989,0.5062138934930166
seg_006154,sample_02150,SD (Ill Mix) - H-LR,1,0.3813782334327698,cnn_revised_20260919T110440Z,cnn_s2_17,val,Log-Mel CNN,0.4739688038825989,0.5062138934930166
seg_006155,sample_02150,SD (Ill Mix) - H-LR,1,0.6952193379402161,cnn_revised_20260919T110440Z,cnn_s2_17,val,Log-Mel CNN,0.4739688038825989,0.5062138934930166
seg_006258,sample_02185,Evil Cannot Create - Caleb Lemond,1,0.548501193523407,cnn_revised_20260919T110440Z,cnn_s2_17,val,Log-Mel CNN,0.4739688038825989,0.5062138934930166
seg_006259,sample_02185,Evil Cannot Create - Caleb Lemond,1,0.6439661383628845,cnn_revised_20260919T110440Z,cnn_s2_17,val,Log-Mel CNN,0.4739688038825989,0.5062138934930166
seg_006260,sample_02185,Evil Cannot Create - Caleb Lemond,1,0.915679931640625,cnn_revised_20260919T110440Z,cnn_s2_17,val,Log-Mel CNN,0.4739688038825989,0.5062138934930166
seg_006261,sample_02186,Evil Cannot Create - Caleb Lemond,1,0.9907593727111816,cnn_revised_20260919T110440Z,cnn_s2_17,val,Log-Mel CNN,0.4739688038825989,0.5062138934930166
seg_006262,sample_02186,Evil Cannot Create - Caleb Lemond,1,0.9122134447097778,cnn_revised_20260919T110440Z,cnn_s2_17,val,Log-Mel CNN,0.4739688038825989,0.5062138934930166
seg_006263,sample_02186,Evil Cannot Create - Caleb Lemond,1,0.9871009588241577,cnn_revised_20260919T110440Z,cnn_s2_17,val,Log-Mel CNN,0.4739688038825989,0.5062138934930166
seg_006366,sample_02221,New Life (take 1) - Bird Names,1,0.9677512049674988,cnn_revised_20260919T110440Z,cnn_s2_17,val,Log-Mel CNN,0.4739688038825989,0.5062138934930166
seg_006367,sample_02221,New Life (take 1) - Bird Names,1,0.4152772128582001,cnn_revised_20260919T110440Z,cnn_s2_17,val,Log-Mel CNN,0.4739688038825989,0.5062138934930166
seg_006368,sample_02221,New Life (take 1) - Bird Names,1,0.6568849086761475,cnn_revised_20260919T110440Z,cnn_s2_17,val,Log-Mel CNN,0.4739688038825989,0.5062138934930166
seg_006369,sample_02222,New Life (take 1) - Bird Names,1,0.827802836894989,cnn_revised_20260919T110440Z,cnn_s2_17,val,Log-Mel CNN,0.4739688038825989,0.5062138934930166
seg_006370,sample_02222,New Life (take 1) - Bird Names,1,0.836003839969635,cnn_revised_20260919T110440Z,cnn_s2_17,val,Log-Mel CNN,0.4739688038825989,0.5062138934930166
seg_006371,sample_02222,New Life (take 1) - Bird Names,1,0.9743891954421997,cnn_revised_20260919T110440Z,cnn_s2_17,val,Log-Mel CNN,0.4739688038825989,0.5062138934930166
seg_006372,sample_02223,Norweigian Wood II - Bird Names,1,0.4861467480659485,cnn_revised_20260919T110440Z,cnn_s2_17,val,Log-Mel CNN,0.4739688038825989,0.5062138934930166
seg_006373,sample_02223,Norweigian Wood II - Bird Names,1,0.7316640615463257,cnn_revised_20260919T110440Z,cnn_s2_17,val,Log-Mel CNN,0.4739688038825989,0.5062138934930166
seg_006374,sample_02223,Norweigian Wood II - Bird Names,1,0.8766551613807678,cnn_revised_20260919T110440Z,cnn_s2_17,val,Log-Mel CNN,0.4739688038825989,0.5062138934930166
seg_006375,sample_02224,Norweigian Wood II - Bird Names,1,0.6618095636367798,cnn_revised_20260919T110440Z,cnn_s2_17,val,Log-Mel CNN,0.4739688038825989,0.5062138934930166
seg_006376,sample_02224,Norweigian Wood II - Bird Names,1,0.8380197882652283,cnn_revised_20260919T110440Z,cnn_s2_17,val,Log-Mel CNN,0.4739688038825989,0.5062138934930166
seg_006377,sample_02224,Norweigian Wood II - Bird Names,1,0.9737817645072937,cnn_revised_20260919T110440Z,cnn_s2_17,val,Log-Mel CNN,0.4739688038825989,0.5062138934930166
seg_006396,sample_02231,Roller Star - Monroeville Music Center,1,0.4241493046283722,cnn_revised_20260919T110440Z,cnn_s2_17,val,Log-Mel CNN,0.4739688038825989,0.5062138934930166
seg_006397,sample_02231,Roller Star - Monroeville Music Center,1,0.5405154824256897,cnn_revised_20260919T110440Z,cnn_s2_17,val,Log-Mel CNN,0.4739688038825989,0.5062138934930166
seg_006398,sample_02231,Roller Star - Monroeville Music Center,1,0.5539768934249878,cnn_revised_20260919T110440Z,cnn_s2_17,val,Log-Mel CNN,0.4739688038825989,0.5062138934930166
seg_006399,sample_02232,Roller Star - Monroeville Music Center,1,0.6719350814819336,cnn_revised_20260919T110440Z,cnn_s2_17,val,Log-Mel CNN,0.4739688038825989,0.5062138934930166
seg_006400,sample_02232,Roller Star - Monroeville Music Center,1,0.8373833894729614,cnn_revised_20260919T110440Z,cnn_s2_17,val,Log-Mel CNN,0.4739688038825989,0.5062138934930166
seg_006401,sample_02232,Roller Star - Monroeville Music Center,1,0.889674186706543,cnn_revised_20260919T110440Z,cnn_s2_17,val,Log-Mel CNN,0.4739688038825989,0.5062138934930166
seg_006402,sample_02233,"Roundtrip - Oh Yeah, the Future",1,0.8103821873664856,cnn_revised_20260919T110440Z,cnn_s2_17,val,Log-Mel CNN,0.4739688038825989,0.5062138934930166
seg_006403,sample_02233,"Roundtrip - Oh Yeah, the Future",1,0.697501003742218,cnn_revised_20260919T110440Z,cnn_s2_17,val,Log-Mel CNN,0.4739688038825989,0.5062138934930166
seg_006404,sample_02233,"Roundtrip - Oh Yeah, the Future",1,0.661790132522583,cnn_revised_20260919T110440Z,cnn_s2_17,val,Log-Mel CNN,0.4739688038825989,0.5062138934930166
seg_006405,sample_02234,"Roundtrip - Oh Yeah, the Future",1,0.7120863795280457,cnn_revised_20260919T110440Z,cnn_s2_17,val,Log-Mel CNN,0.4739688038825989,0.5062138934930166
seg_006406,sample_02234,"Roundtrip - Oh Yeah, the Future",1,0.500407874584198,cnn_revised_20260919T110440Z,cnn_s2_17,val,Log-Mel CNN,0.4739688038825989,0.5062138934930166
seg_006407,sample_02234,"Roundtrip - Oh Yeah, the Future",1,0.7558580636978149,cnn_revised_20260919T110440Z,cnn_s2_17,val,Log-Mel CNN,0.4739688038825989,0.5062138934930166
seg_006420,sample_02239,Soleares&beats - Malaventura,1,0.9293647408485413,cnn_revised_20260919T110440Z,cnn_s2_17,val,Log-Mel CNN,0.4739688038825989,0.5062138934930166
seg_006421,sample_02239,Soleares&beats - Malaventura,1,0.7218868732452393,cnn_revised_20260919T110440Z,cnn_s2_17,val,Log-Mel CNN,0.4739688038825989,0.5062138934930166
seg_006422,sample_02239,Soleares&beats - Malaventura,1,0.6423549056053162,cnn_revised_20260919T110440Z,cnn_s2_17,val,Log-Mel CNN,0.4739688038825989,0.5062138934930166
seg_006423,sample_02240,Soleares&beats - Malaventura,1,0.6718534827232361,cnn_revised_20260919T110440Z,cnn_s2_17,val,Log-Mel CNN,0.4739688038825989,0.5062138934930166
seg_006424,sample_02240,Soleares&beats - Malaventura,1,0.5808179378509521,cnn_revised_20260919T110440Z,cnn_s2_17,val,Log-Mel CNN,0.4739688038825989,0.5062138934930166
seg_006425,sample_02240,Soleares&beats - Malaventura,1,0.6719779372215271,cnn_revised_20260919T110440Z,cnn_s2_17,val,Log-Mel CNN,0.4739688038825989,0.5062138934930166
seg_006438,sample_02245,Stockholm Syndrome / People Should Be More Aware - Bird Names,1,0.9106942415237427,cnn_revised_20260919T110440Z,cnn_s2_17,val,Log-Mel CNN,0.4739688038825989,0.5062138934930166
seg_006439,sample_02245,Stockholm Syndrome / People Should Be More Aware - Bird Names,1,0.6015346646308899,cnn_revised_20260919T110440Z,cnn_s2_17,val,Log-Mel CNN,0.4739688038825989,0.5062138934930166
seg_006440,sample_02245,Stockholm Syndrome / People Should Be More Aware - Bird Names,1,0.8339776992797852,cnn_revised_20260919T110440Z,cnn_s2_17,val,Log-Mel CNN,0.4739688038825989,0.5062138934930166
seg_006441,sample_02246,Stockholm Syndrome / People Should Be More Aware - Bird Names,1,0.7725579738616943,cnn_revised_20260919T110440Z,cnn_s2_17,val,Log-Mel CNN,0.4739688038825989,0.5062138934930166
seg_006442,sample_02246,Stockholm Syndrome / People Should Be More Aware - Bird Names,1,0.8814623951911926,cnn_revised_20260919T110440Z,cnn_s2_17,val,Log-Mel CNN,0.4739688038825989,0.5062138934930166
seg_006443,sample_02246,Stockholm Syndrome / People Should Be More Aware - Bird Names,1,0.7818148732185364,cnn_revised_20260919T110440Z,cnn_s2_17,val,Log-Mel CNN,0.4739688038825989,0.5062138934930166
seg_006480,sample_02259,Time Is Love - Silence is full of birds,1,0.8037102222442627,cnn_revised_20260919T110440Z,cnn_s2_17,val,Log-Mel CNN,0.4739688038825989,0.5062138934930166
seg_006481,sample_02259,Time Is Love - Silence is full of birds,1,0.8432053327560425,cnn_revised_20260919T110440Z,cnn_s2_17,val,Log-Mel CNN,0.4739688038825989,0.5062138934930166
seg_006482,sample_02259,Time Is Love - Silence is full of birds,1,0.8539786338806152,cnn_revised_20260919T110440Z,cnn_s2_17,val,Log-Mel CNN,0.4739688038825989,0.5062138934930166
seg_006483,sample_02260,Time Is Love - Silence is full of birds,1,0.6613420844078064,cnn_revised_20260919T110440Z,cnn_s2_17,val,Log-Mel CNN,0.4739688038825989,0.5062138934930166
seg_006484,sample_02260,Time Is Love - Silence is full of birds,1,0.49963244795799255,cnn_revised_20260919T110440Z,cnn_s2_17,val,Log-Mel CNN,0.4739688038825989,0.5062138934930166
seg_006485,sample_02260,Time Is Love - Silence is full of birds,1,0.8509371876716614,cnn_revised_20260919T110440Z,cnn_s2_17,val,Log-Mel CNN,0.4739688038825989,0.5062138934930166
seg_006522,sample_02273,2 (Wasn't There) - Isle of Pine,1,0.5259784460067749,cnn_revised_20260919T110440Z,cnn_s2_17,val,Log-Mel CNN,0.4739688038825989,0.5062138934930166
seg_006523,sample_02273,2 (Wasn't There) - Isle of Pine,1,0.8828620910644531,cnn_revised_20260919T110440Z,cnn_s2_17,val,Log-Mel CNN,0.4739688038825989,0.5062138934930166
seg_006524,sample_02273,2 (Wasn't There) - Isle of Pine,1,0.9837300181388855,cnn_revised_20260919T110440Z,cnn_s2_17,val,Log-Mel CNN,0.4739688038825989,0.5062138934930166
seg_006525,sample_02274,2 (Wasn't There) - Isle of Pine,1,0.8490490317344666,cnn_revised_20260919T110440Z,cnn_s2_17,val,Log-Mel CNN,0.4739688038825989,0.5062138934930166
seg_006526,sample_02274,2 (Wasn't There) - Isle of Pine,1,0.8306688070297241,cnn_revised_20260919T110440Z,cnn_s2_17,val,Log-Mel CNN,0.4739688038825989,0.5062138934930166
seg_006527,sample_02274,2 (Wasn't There) - Isle of Pine,1,0.9755998849868774,cnn_revised_20260919T110440Z,cnn_s2_17,val,Log-Mel CNN,0.4739688038825989,0.5062138934930166
seg_006552,sample_02283,Empty Pockets - Pete Prodoehl,1,0.8320643901824951,cnn_revised_20260919T110440Z,cnn_s2_17,val,Log-Mel CNN,0.4739688038825989,0.5062138934930166
seg_006553,sample_02283,Empty Pockets - Pete Prodoehl,1,0.8196958899497986,cnn_revised_20260919T110440Z,cnn_s2_17,val,Log-Mel CNN,0.4739688038825989,0.5062138934930166
seg_006554,sample_02283,Empty Pockets - Pete Prodoehl,1,0.9548919200897217,cnn_revised_20260919T110440Z,cnn_s2_17,val,Log-Mel CNN,0.4739688038825989,0.5062138934930166
seg_006555,sample_02284,Empty Pockets - Pete Prodoehl,1,0.6864614486694336,cnn_revised_20260919T110440Z,cnn_s2_17,val,Log-Mel CNN,0.4739688038825989,0.5062138934930166
seg_006556,sample_02284,Empty Pockets - Pete Prodoehl,1,0.43764135241508484,cnn_revised_20260919T110440Z,cnn_s2_17,val,Log-Mel CNN,0.4739688038825989,0.5062138934930166
seg_006557,sample_02284,Empty Pockets - Pete Prodoehl,1,0.8543345928192139,cnn_revised_20260919T110440Z,cnn_s2_17,val,Log-Mel CNN,0.4739688038825989,0.5062138934930166
seg_006570,sample_02289,Gila Monster Flop/Music History Lesson:The Sonics - The Crypts!,1,0.7363072037696838,cnn_revised_20260919T110440Z,cnn_s2_17,val,Log-Mel CNN,0.4739688038825989,0.5062138934930166
seg_006571,sample_02289,Gila Monster Flop/Music History Lesson:The Sonics - The Crypts!,1,0.6157171726226807,cnn_revised_20260919T110440Z,cnn_s2_17,val,Log-Mel CNN,0.4739688038825989,0.5062138934930166
seg_006572,sample_02289,Gila Monster Flop/Music History Lesson:The Sonics - The Crypts!,1,0.7460150718688965,cnn_revised_20260919T110440Z,cnn_s2_17,val,Log-Mel CNN,0.4739688038825989,0.5062138934930166
seg_006573,sample_02290,Gila Monster Flop/Music History Lesson:The Sonics - The Crypts!,1,0.5089535713195801,cnn_revised_20260919T110440Z,cnn_s2_17,val,Log-Mel CNN,0.4739688038825989,0.5062138934930166
seg_006574,sample_02290,Gila Monster Flop/Music History Lesson:The Sonics - The Crypts!,1,0.21639351546764374,cnn_revised_20260919T110440Z,cnn_s2_17,val,Log-Mel CNN,0.4739688038825989,0.5062138934930166
seg_006575,sample_02290,Gila Monster Flop/Music History Lesson:The Sonics - The Crypts!,1,0.7349992394447327,cnn_revised_20260919T110440Z,cnn_s2_17,val,Log-Mel CNN,0.4739688038825989,0.5062138934930166
seg_006588,sample_02295,I Fell - Mod Fun,1,0.4423246383666992,cnn_revised_20260919T110440Z,cnn_s2_17,val,Log-Mel CNN,0.4739688038825989,0.5062138934930166
seg_006589,sample_02295,I Fell - Mod Fun,1,0.5755996704101562,cnn_revised_20260919T110440Z,cnn_s2_17,val,Log-Mel CNN,0.4739688038825989,0.5062138934930166
seg_006590,sample_02295,I Fell - Mod Fun,1,0.7795188426971436,cnn_revised_20260919T110440Z,cnn_s2_17,val,Log-Mel CNN,0.4739688038825989,0.5062138934930166
seg_006591,sample_02296,I Fell - Mod Fun,1,0.5117117166519165,cnn_revised_20260919T110440Z,cnn_s2_17,val,Log-Mel CNN,0.4739688038825989,0.5062138934930166
seg_006592,sample_02296,I Fell - Mod Fun,1,0.6854870319366455,cnn_revised_20260919T110440Z,cnn_s2_17,val,Log-Mel CNN,0.4739688038825989,0.5062138934930166
seg_006593,sample_02296,I Fell - Mod Fun,1,0.7202543616294861,cnn_revised_20260919T110440Z,cnn_s2_17,val,Log-Mel CNN,0.4739688038825989,0.5062138934930166
seg_006636,sample_02311,March of the GPA Mechanics - [t]ghost,1,0.8423606157302856,cnn_revised_20260919T110440Z,cnn_s2_17,val,Log-Mel CNN,0.4739688038825989,0.5062138934930166
seg_006637,sample_02311,March of the GPA Mechanics - [t]ghost,1,0.5773736238479614,cnn_revised_20260919T110440Z,cnn_s2_17,val,Log-Mel CNN,0.4739688038825989,0.5062138934930166
seg_006638,sample_02311,March of the GPA Mechanics - [t]ghost,1,0.6863985657691956,cnn_revised_20260919T110440Z,cnn_s2_17,val,Log-Mel CNN,0.4739688038825989,0.5062138934930166
seg_006639,sample_02312,March of the GPA Mechanics - [t]ghost,1,0.9345557689666748,cnn_revised_20260919T110440Z,cnn_s2_17,val,Log-Mel CNN,0.4739688038825989,0.5062138934930166
seg_006640,sample_02312,March of the GPA Mechanics - [t]ghost,1,0.5786628723144531,cnn_revised_20260919T110440Z,cnn_s2_17,val,Log-Mel CNN,0.4739688038825989,0.5062138934930166
seg_006641,sample_02312,March of the GPA Mechanics - [t]ghost,1,0.8772596120834351,cnn_revised_20260919T110440Z,cnn_s2_17,val,Log-Mel CNN,0.4739688038825989,0.5062138934930166
seg_006696,sample_02331,Scramby Eggs - Andy G. Cohen,1,0.6702996492385864,cnn_revised_20260919T110440Z,cnn_s2_17,val,Log-Mel CNN,0.4739688038825989,0.5062138934930166
seg_006697,sample_02331,Scramby Eggs - Andy G. Cohen,1,0.8786762356758118,cnn_revised_20260919T110440Z,cnn_s2_17,val,Log-Mel CNN,0.4739688038825989,0.5062138934930166
seg_006698,sample_02331,Scramby Eggs - Andy G. Cohen,1,0.9198458790779114,cnn_revised_20260919T110440Z,cnn_s2_17,val,Log-Mel CNN,0.4739688038825989,0.5062138934930166
seg_006699,sample_02332,Scramby Eggs - Andy G. Cohen,1,0.8358659744262695,cnn_revised_20260919T110440Z,cnn_s2_17,val,Log-Mel CNN,0.4739688038825989,0.5062138934930166
seg_006700,sample_02332,Scramby Eggs - Andy G. Cohen,1,0.5590581893920898,cnn_revised_20260919T110440Z,cnn_s2_17,val,Log-Mel CNN,0.4739688038825989,0.5062138934930166
seg_006701,sample_02332,Scramby Eggs - Andy G. Cohen,1,0.8780968189239502,cnn_revised_20260919T110440Z,cnn_s2_17,val,Log-Mel CNN,0.4739688038825989,0.5062138934930166
seg_006750,sample_02349,The girl just faded - Los Llamarada,1,0.9599554538726807,cnn_revised_20260919T110440Z,cnn_s2_17,val,Log-Mel CNN,0.4739688038825989,0.5062138934930166
seg_006751,sample_02349,The girl just faded - Los Llamarada,1,0.6608523726463318,cnn_revised_20260919T110440Z,cnn_s2_17,val,Log-Mel CNN,0.4739688038825989,0.5062138934930166
seg_006752,sample_02349,The girl just faded - Los Llamarada,1,0.7107669711112976,cnn_revised_20260919T110440Z,cnn_s2_17,val,Log-Mel CNN,0.4739688038825989,0.5062138934930166
seg_006753,sample_02350,The girl just faded - Los Llamarada,1,0.703716516494751,cnn_revised_20260919T110440Z,cnn_s2_17,val,Log-Mel CNN,0.4739688038825989,0.5062138934930166
seg_006754,sample_02350,The girl just faded - Los Llamarada,1,0.6850834488868713,cnn_revised_20260919T110440Z,cnn_s2_17,val,Log-Mel CNN,0.4739688038825989,0.5062138934930166
seg_006755,sample_02350,The girl just faded - Los Llamarada,1,0.8189122080802917,cnn_revised_20260919T110440Z,cnn_s2_17,val,Log-Mel CNN,0.4739688038825989,0.5062138934930166
seg_006768,sample_02355,Voxel - Andy G. Cohen,1,0.6220917701721191,cnn_revised_20260919T110440Z,cnn_s2_17,val,Log-Mel CNN,0.4739688038825989,0.5062138934930166
seg_006769,sample_02355,Voxel - Andy G. Cohen,1,0.7485442757606506,cnn_revised_20260919T110440Z,cnn_s2_17,val,Log-Mel CNN,0.4739688038825989,0.5062138934930166
seg_006770,sample_02355,Voxel - Andy G. Cohen,1,0.9489762187004089,cnn_revised_20260919T110440Z,cnn_s2_17,val,Log-Mel CNN,0.4739688038825989,0.5062138934930166
seg_006771,sample_02356,Voxel - Andy G. Cohen,1,0.9197582006454468,cnn_revised_20260919T110440Z,cnn_s2_17,val,Log-Mel CNN,0.4739688038825989,0.5062138934930166
seg_006772,sample_02356,Voxel - Andy G. Cohen,1,0.7932308316230774,cnn_revised_20260919T110440Z,cnn_s2_17,val,Log-Mel CNN,0.4739688038825989,0.5062138934930166
seg_006773,sample_02356,Voxel - Andy G. Cohen,1,0.8920992016792297,cnn_revised_20260919T110440Z,cnn_s2_17,val,Log-Mel CNN,0.4739688038825989,0.5062138934930166
seg_006792,sample_02363,Windows of the Skull - Sarin,1,0.9745927453041077,cnn_revised_20260919T110440Z,cnn_s2_17,val,Log-Mel CNN,0.4739688038825989,0.5062138934930166
seg_006793,sample_02363,Windows of the Skull - Sarin,1,0.5073845982551575,cnn_revised_20260919T110440Z,cnn_s2_17,val,Log-Mel CNN,0.4739688038825989,0.5062138934930166
seg_006794,sample_02363,Windows of the Skull - Sarin,1,0.7618979811668396,cnn_revised_20260919T110440Z,cnn_s2_17,val,Log-Mel CNN,0.4739688038825989,0.5062138934930166
seg_006795,sample_02364,Windows of the Skull - Sarin,1,0.9687734246253967,cnn_revised_20260919T110440Z,cnn_s2_17,val,Log-Mel CNN,0.4739688038825989,0.5062138934930166
seg_006796,sample_02364,Windows of the Skull - Sarin,1,0.673078179359436,cnn_revised_20260919T110440Z,cnn_s2_17,val,Log-Mel CNN,0.4739688038825989,0.5062138934930166
seg_006797,sample_02364,Windows of the Skull - Sarin,1,0.9631412625312805,cnn_revised_20260919T110440Z,cnn_s2_17,val,Log-Mel CNN,0.4739688038825989,0.5062138934930166
seg_006810,sample_02369,Новый Нью-Йорк 2 - Чокнутый Пропеллер,1,0.28458771109580994,cnn_revised_20260919T110440Z,cnn_s2_17,val,Log-Mel CNN,0.4739688038825989,0.5062138934930166
seg_006811,sample_02369,Новый Нью-Йорк 2 - Чокнутый Пропеллер,1,0.6419264674186707,cnn_revised_20260919T110440Z,cnn_s2_17,val,Log-Mel CNN,0.4739688038825989,0.5062138934930166
seg_006812,sample_02369,Новый Нью-Йорк 2 - Чокнутый Пропеллер,1,0.7088749408721924,cnn_revised_20260919T110440Z,cnn_s2_17,val,Log-Mel CNN,0.4739688038825989,0.5062138934930166
seg_006813,sample_02370,Новый Нью-Йорк 2 - Чокнутый Пропеллер,1,0.6536933183670044,cnn_revised_20260919T110440Z,cnn_s2_17,val,Log-Mel CNN,0.4739688038825989,0.5062138934930166
seg_006814,sample_02370,Новый Нью-Йорк 2 - Чокнутый Пропеллер,1,0.6739335656166077,cnn_revised_20260919T110440Z,cnn_s2_17,val,Log-Mel CNN,0.4739688038825989,0.5062138934930166
seg_006815,sample_02370,Новый Нью-Йорк 2 - Чокнутый Пропеллер,1,0.7902644276618958,cnn_revised_20260919T110440Z,cnn_s2_17,val,Log-Mel CNN,0.4739688038825989,0.5062138934930166
seg_006864,sample_02387,CopperNickle - UncleBibby,1,0.9098598957061768,cnn_revised_20260919T110440Z,cnn_s2_17,val,Log-Mel CNN,0.4739688038825989,0.5062138934930166
seg_006865,sample_02387,CopperNickle - UncleBibby,1,0.925656259059906,cnn_revised_20260919T110440Z,cnn_s2_17,val,Log-Mel CNN,0.4739688038825989,0.5062138934930166
seg_006866,sample_02387,CopperNickle - UncleBibby,1,0.9374330043792725,cnn_revised_20260919T110440Z,cnn_s2_17,val,Log-Mel CNN,0.4739688038825989,0.5062138934930166
seg_006867,sample_02388,CopperNickle - UncleBibby,1,0.4791103005409241,cnn_revised_20260919T110440Z,cnn_s2_17,val,Log-Mel CNN,0.4739688038825989,0.5062138934930166
seg_006868,sample_02388,CopperNickle - UncleBibby,1,0.44775357842445374,cnn_revised_20260919T110440Z,cnn_s2_17,val,Log-Mel CNN,0.4739688038825989,0.5062138934930166
seg_006869,sample_02388,CopperNickle - UncleBibby,1,0.7982026934623718,cnn_revised_20260919T110440Z,cnn_s2_17,val,Log-Mel CNN,0.4739688038825989,0.5062138934930166
seg_006876,sample_02391,Daylight Savings - My brother Daniel,1,0.6034001111984253,cnn_revised_20260919T110440Z,cnn_s2_17,val,Log-Mel CNN,0.4739688038825989,0.5062138934930166
seg_006877,sample_02391,Daylight Savings - My brother Daniel,1,0.7161950469017029,cnn_revised_20260919T110440Z,cnn_s2_17,val,Log-Mel CNN,0.4739688038825989,0.5062138934930166
seg_006878,sample_02391,Daylight Savings - My brother Daniel,1,0.9565801620483398,cnn_revised_20260919T110440Z,cnn_s2_17,val,Log-Mel CNN,0.4739688038825989,0.5062138934930166
seg_006879,sample_02392,Daylight Savings - My brother Daniel,1,0.7736579179763794,cnn_revised_20260919T110440Z,cnn_s2_17,val,Log-Mel CNN,0.4739688038825989,0.5062138934930166
seg_006880,sample_02392,Daylight Savings - My brother Daniel,1,0.8791265487670898,cnn_revised_20260919T110440Z,cnn_s2_17,val,Log-Mel CNN,0.4739688038825989,0.5062138934930166
seg_006881,sample_02392,Daylight Savings - My brother Daniel,1,0.8401483297348022,cnn_revised_20260919T110440Z,cnn_s2_17,val,Log-Mel CNN,0.4739688038825989,0.5062138934930166
seg_006942,sample_02413,mystery team 2090 - Jesse Futerman,1,0.7967131733894348,cnn_revised_20260919T110440Z,cnn_s2_17,val,Log-Mel CNN,0.4739688038825989,0.5062138934930166
seg_006943,sample_02413,mystery team 2090 - Jesse Futerman,1,0.7095592617988586,cnn_revised_20260919T110440Z,cnn_s2_17,val,Log-Mel CNN,0.4739688038825989,0.5062138934930166
seg_006944,sample_02413,mystery team 2090 - Jesse Futerman,1,0.7079573273658752,cnn_revised_20260919T110440Z,cnn_s2_17,val,Log-Mel CNN,0.4739688038825989,0.5062138934930166
seg_006945,sample_02414,mystery team 2090 - Jesse Futerman,1,0.8036611080169678,cnn_revised_20260919T110440Z,cnn_s2_17,val,Log-Mel CNN,0.4739688038825989,0.5062138934930166
seg_006946,sample_02414,mystery team 2090 - Jesse Futerman,1,0.759670078754425,cnn_revised_20260919T110440Z,cnn_s2_17,val,Log-Mel CNN,0.4739688038825989,0.5062138934930166
seg_006947,sample_02414,mystery team 2090 - Jesse Futerman,1,0.9886611700057983,cnn_revised_20260919T110440Z,cnn_s2_17,val,Log-Mel CNN,0.4739688038825989,0.5062138934930166
seg_006948,sample_02415,Night Drive - Decktonic,1,0.8410794734954834,cnn_revised_20260919T110440Z,cnn_s2_17,val,Log-Mel CNN,0.4739688038825989,0.5062138934930166
seg_006949,sample_02415,Night Drive - Decktonic,1,0.4286887049674988,cnn_revised_20260919T110440Z,cnn_s2_17,val,Log-Mel CNN,0.4739688038825989,0.5062138934930166
seg_006950,sample_02415,Night Drive - Decktonic,1,0.9226043820381165,cnn_revised_20260919T110440Z,cnn_s2_17,val,Log-Mel CNN,0.4739688038825989,0.5062138934930166
seg_006951,sample_02416,Night Drive - Decktonic,1,0.9485026001930237,cnn_revised_20260919T110440Z,cnn_s2_17,val,Log-Mel CNN,0.4739688038825989,0.5062138934930166
seg_006952,sample_02416,Night Drive - Decktonic,1,0.7125529050827026,cnn_revised_20260919T110440Z,cnn_s2_17,val,Log-Mel CNN,0.4739688038825989,0.5062138934930166
seg_006953,sample_02416,Night Drive - Decktonic,1,0.965889036655426,cnn_revised_20260919T110440Z,cnn_s2_17,val,Log-Mel CNN,0.4739688038825989,0.5062138934930166
seg_006966,sample_02421,Nuo Maisemat - Paavoharju,1,0.8371468186378479,cnn_revised_20260919T110440Z,cnn_s2_17,val,Log-Mel CNN,0.4739688038825989,0.5062138934930166
seg_006967,sample_02421,Nuo Maisemat - Paavoharju,1,0.4390857219696045,cnn_revised_20260919T110440Z,cnn_s2_17,val,Log-Mel CNN,0.4739688038825989,0.5062138934930166
seg_006968,sample_02421,Nuo Maisemat - Paavoharju,1,0.786210834980011,cnn_revised_20260919T110440Z,cnn_s2_17,val,Log-Mel CNN,0.4739688038825989,0.5062138934930166
seg_006969,sample_02422,Nuo Maisemat - Paavoharju,1,0.9520488381385803,cnn_revised_20260919T110440Z,cnn_s2_17,val,Log-Mel CNN,0.4739688038825989,0.5062138934930166
seg_006970,sample_02422,Nuo Maisemat - Paavoharju,1,0.8418006896972656,cnn_revised_20260919T110440Z,cnn_s2_17,val,Log-Mel CNN,0.4739688038825989,0.5062138934930166
seg_006971,sample_02422,Nuo Maisemat - Paavoharju,1,0.8282604813575745,cnn_revised_20260919T110440Z,cnn_s2_17,val,Log-Mel CNN,0.4739688038825989,0.5062138934930166
seg_007050,sample_02449,SD (Ill Mix) - H-LR,1,0.677625834941864,cnn_revised_20260919T110440Z,cnn_s2_17,val,Log-Mel CNN,0.4739688038825989,0.5062138934930166
seg_007051,sample_02449,SD (Ill Mix) - H-LR,1,0.8748892545700073,cnn_revised_20260919T110440Z,cnn_s2_17,val,Log-Mel CNN,0.4739688038825989,0.5062138934930166
seg_007052,sample_02449,SD (Ill Mix) - H-LR,1,0.9362658858299255,cnn_revised_20260919T110440Z,cnn_s2_17,val,Log-Mel CNN,0.4739688038825989,0.5062138934930166
seg_007053,sample_02450,SD (Ill Mix) - H-LR,1,0.8000684976577759,cnn_revised_20260919T110440Z,cnn_s2_17,val,Log-Mel CNN,0.4739688038825989,0.5062138934930166
seg_007054,sample_02450,SD (Ill Mix) - H-LR,1,0.9459663033485413,cnn_revised_20260919T110440Z,cnn_s2_17,val,Log-Mel CNN,0.4739688038825989,0.5062138934930166
seg_007055,sample_02450,SD (Ill Mix) - H-LR,1,0.9082608222961426,cnn_revised_20260919T110440Z,cnn_s2_17,val,Log-Mel CNN,0.4739688038825989,0.5062138934930166
seg_007158,sample_02485,Evil Cannot Create - Caleb Lemond,1,0.07525275647640228,cnn_revised_20260919T110440Z,cnn_s2_17,val,Log-Mel CNN,0.4739688038825989,0.5062138934930166
seg_007159,sample_02485,Evil Cannot Create - Caleb Lemond,1,0.6476893424987793,cnn_revised_20260919T110440Z,cnn_s2_17,val,Log-Mel CNN,0.4739688038825989,0.5062138934930166
seg_007160,sample_02485,Evil Cannot Create - Caleb Lemond,1,0.5811685919761658,cnn_revised_20260919T110440Z,cnn_s2_17,val,Log-Mel CNN,0.4739688038825989,0.5062138934930166
seg_007161,sample_02486,Evil Cannot Create - Caleb Lemond,1,0.3203749358654022,cnn_revised_20260919T110440Z,cnn_s2_17,val,Log-Mel CNN,0.4739688038825989,0.5062138934930166
seg_007162,sample_02486,Evil Cannot Create - Caleb Lemond,1,0.6662548184394836,cnn_revised_20260919T110440Z,cnn_s2_17,val,Log-Mel CNN,0.4739688038825989,0.5062138934930166
seg_007163,sample_02486,Evil Cannot Create - Caleb Lemond,1,0.27900758385658264,cnn_revised_20260919T110440Z,cnn_s2_17,val,Log-Mel CNN,0.4739688038825989,0.5062138934930166
seg_007266,sample_02521,New Life (take 1) - Bird Names,1,0.6957119107246399,cnn_revised_20260919T110440Z,cnn_s2_17,val,Log-Mel CNN,0.4739688038825989,0.5062138934930166
seg_007267,sample_02521,New Life (take 1) - Bird Names,1,0.7412143349647522,cnn_revised_20260919T110440Z,cnn_s2_17,val,Log-Mel CNN,0.4739688038825989,0.5062138934930166
seg_007268,sample_02521,New Life (take 1) - Bird Names,1,0.9524356126785278,cnn_revised_20260919T110440Z,cnn_s2_17,val,Log-Mel CNN,0.4739688038825989,0.5062138934930166
seg_007269,sample_02522,New Life (take 1) - Bird Names,1,0.3928951621055603,cnn_revised_20260919T110440Z,cnn_s2_17,val,Log-Mel CNN,0.4739688038825989,0.5062138934930166
seg_007270,sample_02522,New Life (take 1) - Bird Names,1,0.2514767646789551,cnn_revised_20260919T110440Z,cnn_s2_17,val,Log-Mel CNN,0.4739688038825989,0.5062138934930166
seg_007271,sample_02522,New Life (take 1) - Bird Names,1,0.26953330636024475,cnn_revised_20260919T110440Z,cnn_s2_17,val,Log-Mel CNN,0.4739688038825989,0.5062138934930166
seg_007272,sample_02523,Norweigian Wood II - Bird Names,1,0.30229493975639343,cnn_revised_20260919T110440Z,cnn_s2_17,val,Log-Mel CNN,0.4739688038825989,0.5062138934930166
seg_007273,sample_02523,Norweigian Wood II - Bird Names,1,0.7584745287895203,cnn_revised_20260919T110440Z,cnn_s2_17,val,Log-Mel CNN,0.4739688038825989,0.5062138934930166
seg_007274,sample_02523,Norweigian Wood II - Bird Names,1,0.9690663814544678,cnn_revised_20260919T110440Z,cnn_s2_17,val,Log-Mel CNN,0.4739688038825989,0.5062138934930166
seg_007275,sample_02524,Norweigian Wood II - Bird Names,1,0.6520183682441711,cnn_revised_20260919T110440Z,cnn_s2_17,val,Log-Mel CNN,0.4739688038825989,0.5062138934930166
seg_007276,sample_02524,Norweigian Wood II - Bird Names,1,0.28546473383903503,cnn_revised_20260919T110440Z,cnn_s2_17,val,Log-Mel CNN,0.4739688038825989,0.5062138934930166
seg_007277,sample_02524,Norweigian Wood II - Bird Names,1,0.543339192867279,cnn_revised_20260919T110440Z,cnn_s2_17,val,Log-Mel CNN,0.4739688038825989,0.5062138934930166
seg_007296,sample_02531,Roller Star - Monroeville Music Center,1,0.7910504937171936,cnn_revised_20260919T110440Z,cnn_s2_17,val,Log-Mel CNN,0.4739688038825989,0.5062138934930166
seg_007297,sample_02531,Roller Star - Monroeville Music Center,1,0.6394468545913696,cnn_revised_20260919T110440Z,cnn_s2_17,val,Log-Mel CNN,0.4739688038825989,0.5062138934930166
seg_007298,sample_02531,Roller Star - Monroeville Music Center,1,0.760274350643158,cnn_revised_20260919T110440Z,cnn_s2_17,val,Log-Mel CNN,0.4739688038825989,0.5062138934930166
seg_007299,sample_02532,Roller Star - Monroeville Music Center,1,0.19880032539367676,cnn_revised_20260919T110440Z,cnn_s2_17,val,Log-Mel CNN,0.4739688038825989,0.5062138934930166
seg_007300,sample_02532,Roller Star - Monroeville Music Center,1,0.884188711643219,cnn_revised_20260919T110440Z,cnn_s2_17,val,Log-Mel CNN,0.4739688038825989,0.5062138934930166
seg_007301,sample_02532,Roller Star - Monroeville Music Center,1,0.9394802451133728,cnn_revised_20260919T110440Z,cnn_s2_17,val,Log-Mel CNN,0.4739688038825989,0.5062138934930166
seg_007302,sample_02533,"Roundtrip - Oh Yeah, the Future",1,0.5860716104507446,cnn_revised_20260919T110440Z,cnn_s2_17,val,Log-Mel CNN,0.4739688038825989,0.5062138934930166
seg_007303,sample_02533,"Roundtrip - Oh Yeah, the Future",1,0.7163975238800049,cnn_revised_20260919T110440Z,cnn_s2_17,val,Log-Mel CNN,0.4739688038825989,0.5062138934930166
seg_007304,sample_02533,"Roundtrip - Oh Yeah, the Future",1,0.8342728614807129,cnn_revised_20260919T110440Z,cnn_s2_17,val,Log-Mel CNN,0.4739688038825989,0.5062138934930166
seg_007305,sample_02534,"Roundtrip - Oh Yeah, the Future",1,0.3601335883140564,cnn_revised_20260919T110440Z,cnn_s2_17,val,Log-Mel CNN,0.4739688038825989,0.5062138934930166
seg_007306,sample_02534,"Roundtrip - Oh Yeah, the Future",1,0.8106509447097778,cnn_revised_20260919T110440Z,cnn_s2_17,val,Log-Mel CNN,0.4739688038825989,0.5062138934930166
seg_007307,sample_02534,"Roundtrip - Oh Yeah, the Future",1,0.727516770362854,cnn_revised_20260919T110440Z,cnn_s2_17,val,Log-Mel CNN,0.4739688038825989,0.5062138934930166
seg_007320,sample_02539,Soleares&beats - Malaventura,1,0.9275692701339722,cnn_revised_20260919T110440Z,cnn_s2_17,val,Log-Mel CNN,0.4739688038825989,0.5062138934930166
seg_007321,sample_02539,Soleares&beats - Malaventura,1,0.9459236264228821,cnn_revised_20260919T110440Z,cnn_s2_17,val,Log-Mel CNN,0.4739688038825989,0.5062138934930166
seg_007322,sample_02539,Soleares&beats - Malaventura,1,0.741652250289917,cnn_revised_20260919T110440Z,cnn_s2_17,val,Log-Mel CNN,0.4739688038825989,0.5062138934930166
seg_007323,sample_02540,Soleares&beats - Malaventura,1,0.5393596887588501,cnn_revised_20260919T110440Z,cnn_s2_17,val,Log-Mel CNN,0.4739688038825989,0.5062138934930166
seg_007324,sample_02540,Soleares&beats - Malaventura,1,0.7293041348457336,cnn_revised_20260919T110440Z,cnn_s2_17,val,Log-Mel CNN,0.4739688038825989,0.5062138934930166
seg_007325,sample_02540,Soleares&beats - Malaventura,1,0.9412482976913452,cnn_revised_20260919T110440Z,cnn_s2_17,val,Log-Mel CNN,0.4739688038825989,0.5062138934930166
seg_007338,sample_02545,Stockholm Syndrome / People Should Be More Aware - Bird Names,1,0.6159310936927795,cnn_revised_20260919T110440Z,cnn_s2_17,val,Log-Mel CNN,0.4739688038825989,0.5062138934930166
seg_007339,sample_02545,Stockholm Syndrome / People Should Be More Aware - Bird Names,1,0.551360547542572,cnn_revised_20260919T110440Z,cnn_s2_17,val,Log-Mel CNN,0.4739688038825989,0.5062138934930166
seg_007340,sample_02545,Stockholm Syndrome / People Should Be More Aware - Bird Names,1,0.533820390701294,cnn_revised_20260919T110440Z,cnn_s2_17,val,Log-Mel CNN,0.4739688038825989,0.5062138934930166
seg_007341,sample_02546,Stockholm Syndrome / People Should Be More Aware - Bird Names,1,0.1181853786110878,cnn_revised_20260919T110440Z,cnn_s2_17,val,Log-Mel CNN,0.4739688038825989,0.5062138934930166
seg_007342,sample_02546,Stockholm Syndrome / People Should Be More Aware - Bird Names,1,0.6293506026268005,cnn_revised_20260919T110440Z,cnn_s2_17,val,Log-Mel CNN,0.4739688038825989,0.5062138934930166
seg_007343,sample_02546,Stockholm Syndrome / People Should Be More Aware - Bird Names,1,0.5120325088500977,cnn_revised_20260919T110440Z,cnn_s2_17,val,Log-Mel CNN,0.4739688038825989,0.5062138934930166
seg_007380,sample_02559,Time Is Love - Silence is full of birds,1,0.5463118553161621,cnn_revised_20260919T110440Z,cnn_s2_17,val,Log-Mel CNN,0.4739688038825989,0.5062138934930166
seg_007381,sample_02559,Time Is Love - Silence is full of birds,1,0.7214313745498657,cnn_revised_20260919T110440Z,cnn_s2_17,val,Log-Mel CNN,0.4739688038825989,0.5062138934930166
seg_007382,sample_02559,Time Is Love - Silence is full of birds,1,0.9280202388763428,cnn_revised_20260919T110440Z,cnn_s2_17,val,Log-Mel CNN,0.4739688038825989,0.5062138934930166
seg_007383,sample_02560,Time Is Love - Silence is full of birds,1,0.7455537915229797,cnn_revised_20260919T110440Z,cnn_s2_17,val,Log-Mel CNN,0.4739688038825989,0.5062138934930166
seg_007384,sample_02560,Time Is Love - Silence is full of birds,1,0.892477810382843,cnn_revised_20260919T110440Z,cnn_s2_17,val,Log-Mel CNN,0.4739688038825989,0.5062138934930166
seg_007385,sample_02560,Time Is Love - Silence is full of birds,1,0.7162390947341919,cnn_revised_20260919T110440Z,cnn_s2_17,val,Log-Mel CNN,0.4739688038825989,0.5062138934930166
seg_007422,sample_02573,2 (Wasn't There) - Isle of Pine,1,0.31296995282173157,cnn_revised_20260919T110440Z,cnn_s2_17,val,Log-Mel CNN,0.4739688038825989,0.5062138934930166
seg_007423,sample_02573,2 (Wasn't There) - Isle of Pine,1,0.9749587178230286,cnn_revised_20260919T110440Z,cnn_s2_17,val,Log-Mel CNN,0.4739688038825989,0.5062138934930166
seg_007424,sample_02573,2 (Wasn't There) - Isle of Pine,1,0.9567553400993347,cnn_revised_20260919T110440Z,cnn_s2_17,val,Log-Mel CNN,0.4739688038825989,0.5062138934930166
seg_007425,sample_02574,2 (Wasn't There) - Isle of Pine,1,0.2546153664588928,cnn_revised_20260919T110440Z,cnn_s2_17,val,Log-Mel CNN,0.4739688038825989,0.5062138934930166
seg_007426,sample_02574,2 (Wasn't There) - Isle of Pine,1,0.5550662279129028,cnn_revised_20260919T110440Z,cnn_s2_17,val,Log-Mel CNN,0.4739688038825989,0.5062138934930166
seg_007427,sample_02574,2 (Wasn't There) - Isle of Pine,1,0.9565570950508118,cnn_revised_20260919T110440Z,cnn_s2_17,val,Log-Mel CNN,0.4739688038825989,0.5062138934930166
seg_007452,sample_02583,Empty Pockets - Pete Prodoehl,1,0.8213005661964417,cnn_revised_20260919T110440Z,cnn_s2_17,val,Log-Mel CNN,0.4739688038825989,0.5062138934930166
seg_007453,sample_02583,Empty Pockets - Pete Prodoehl,1,0.7235221266746521,cnn_revised_20260919T110440Z,cnn_s2_17,val,Log-Mel CNN,0.4739688038825989,0.5062138934930166
seg_007454,sample_02583,Empty Pockets - Pete Prodoehl,1,0.9587414264678955,cnn_revised_20260919T110440Z,cnn_s2_17,val,Log-Mel CNN,0.4739688038825989,0.5062138934930166
seg_007455,sample_02584,Empty Pockets - Pete Prodoehl,1,0.43617960810661316,cnn_revised_20260919T110440Z,cnn_s2_17,val,Log-Mel CNN,0.4739688038825989,0.5062138934930166
seg_007456,sample_02584,Empty Pockets - Pete Prodoehl,1,0.5160687565803528,cnn_revised_20260919T110440Z,cnn_s2_17,val,Log-Mel CNN,0.4739688038825989,0.5062138934930166
seg_007457,sample_02584,Empty Pockets - Pete Prodoehl,1,0.4669899642467499,cnn_revised_20260919T110440Z,cnn_s2_17,val,Log-Mel CNN,0.4739688038825989,0.5062138934930166
seg_007470,sample_02589,Gila Monster Flop/Music History Lesson:The Sonics - The Crypts!,1,0.8594107031822205,cnn_revised_20260919T110440Z,cnn_s2_17,val,Log-Mel CNN,0.4739688038825989,0.5062138934930166
seg_007471,sample_02589,Gila Monster Flop/Music History Lesson:The Sonics - The Crypts!,1,0.6013761758804321,cnn_revised_20260919T110440Z,cnn_s2_17,val,Log-Mel CNN,0.4739688038825989,0.5062138934930166
seg_007472,sample_02589,Gila Monster Flop/Music History Lesson:The Sonics - The Crypts!,1,0.9767112731933594,cnn_revised_20260919T110440Z,cnn_s2_17,val,Log-Mel CNN,0.4739688038825989,0.5062138934930166
seg_007473,sample_02590,Gila Monster Flop/Music History Lesson:The Sonics - The Crypts!,1,0.5708833932876587,cnn_revised_20260919T110440Z,cnn_s2_17,val,Log-Mel CNN,0.4739688038825989,0.5062138934930166
seg_007474,sample_02590,Gila Monster Flop/Music History Lesson:The Sonics - The Crypts!,1,0.17085327208042145,cnn_revised_20260919T110440Z,cnn_s2_17,val,Log-Mel CNN,0.4739688038825989,0.5062138934930166
seg_007475,sample_02590,Gila Monster Flop/Music History Lesson:The Sonics - The Crypts!,1,0.8066072463989258,cnn_revised_20260919T110440Z,cnn_s2_17,val,Log-Mel CNN,0.4739688038825989,0.5062138934930166
seg_007488,sample_02595,I Fell - Mod Fun,1,0.6515878438949585,cnn_revised_20260919T110440Z,cnn_s2_17,val,Log-Mel CNN,0.4739688038825989,0.5062138934930166
seg_007489,sample_02595,I Fell - Mod Fun,1,0.8839560151100159,cnn_revised_20260919T110440Z,cnn_s2_17,val,Log-Mel CNN,0.4739688038825989,0.5062138934930166
seg_007490,sample_02595,I Fell - Mod Fun,1,0.964255690574646,cnn_revised_20260919T110440Z,cnn_s2_17,val,Log-Mel CNN,0.4739688038825989,0.5062138934930166
seg_007491,sample_02596,I Fell - Mod Fun,1,0.40846431255340576,cnn_revised_20260919T110440Z,cnn_s2_17,val,Log-Mel CNN,0.4739688038825989,0.5062138934930166
seg_007492,sample_02596,I Fell - Mod Fun,1,0.46809661388397217,cnn_revised_20260919T110440Z,cnn_s2_17,val,Log-Mel CNN,0.4739688038825989,0.5062138934930166
seg_007493,sample_02596,I Fell - Mod Fun,1,0.9245140552520752,cnn_revised_20260919T110440Z,cnn_s2_17,val,Log-Mel CNN,0.4739688038825989,0.5062138934930166
seg_007536,sample_02611,March of the GPA Mechanics - [t]ghost,1,0.5256943702697754,cnn_revised_20260919T110440Z,cnn_s2_17,val,Log-Mel CNN,0.4739688038825989,0.5062138934930166
seg_007537,sample_02611,March of the GPA Mechanics - [t]ghost,1,0.6442887783050537,cnn_revised_20260919T110440Z,cnn_s2_17,val,Log-Mel CNN,0.4739688038825989,0.5062138934930166
seg_007538,sample_02611,March of the GPA Mechanics - [t]ghost,1,0.9846122860908508,cnn_revised_20260919T110440Z,cnn_s2_17,val,Log-Mel CNN,0.4739688038825989,0.5062138934930166
seg_007539,sample_02612,March of the GPA Mechanics - [t]ghost,1,0.6261955499649048,cnn_revised_20260919T110440Z,cnn_s2_17,val,Log-Mel CNN,0.4739688038825989,0.5062138934930166
seg_007540,sample_02612,March of the GPA Mechanics - [t]ghost,1,0.8727834224700928,cnn_revised_20260919T110440Z,cnn_s2_17,val,Log-Mel CNN,0.4739688038825989,0.5062138934930166
seg_007541,sample_02612,March of the GPA Mechanics - [t]ghost,1,0.9299366474151611,cnn_revised_20260919T110440Z,cnn_s2_17,val,Log-Mel CNN,0.4739688038825989,0.5062138934930166
seg_007596,sample_02631,Scramby Eggs - Andy G. Cohen,1,0.7498388886451721,cnn_revised_20260919T110440Z,cnn_s2_17,val,Log-Mel CNN,0.4739688038825989,0.5062138934930166
seg_007597,sample_02631,Scramby Eggs - Andy G. Cohen,1,0.6709357500076294,cnn_revised_20260919T110440Z,cnn_s2_17,val,Log-Mel CNN,0.4739688038825989,0.5062138934930166
seg_007598,sample_02631,Scramby Eggs - Andy G. Cohen,1,0.5825427174568176,cnn_revised_20260919T110440Z,cnn_s2_17,val,Log-Mel CNN,0.4739688038825989,0.5062138934930166
seg_007599,sample_02632,Scramby Eggs - Andy G. Cohen,1,0.7363941073417664,cnn_revised_20260919T110440Z,cnn_s2_17,val,Log-Mel CNN,0.4739688038825989,0.5062138934930166
seg_007600,sample_02632,Scramby Eggs - Andy G. Cohen,1,0.3591650724411011,cnn_revised_20260919T110440Z,cnn_s2_17,val,Log-Mel CNN,0.4739688038825989,0.5062138934930166
seg_007601,sample_02632,Scramby Eggs - Andy G. Cohen,1,0.8573464751243591,cnn_revised_20260919T110440Z,cnn_s2_17,val,Log-Mel CNN,0.4739688038825989,0.5062138934930166
seg_007650,sample_02649,The girl just faded - Los Llamarada,1,0.9367265105247498,cnn_revised_20260919T110440Z,cnn_s2_17,val,Log-Mel CNN,0.4739688038825989,0.5062138934930166
seg_007651,sample_02649,The girl just faded - Los Llamarada,1,0.9396674633026123,cnn_revised_20260919T110440Z,cnn_s2_17,val,Log-Mel CNN,0.4739688038825989,0.5062138934930166
seg_007652,sample_02649,The girl just faded - Los Llamarada,1,0.8472428321838379,cnn_revised_20260919T110440Z,cnn_s2_17,val,Log-Mel CNN,0.4739688038825989,0.5062138934930166
seg_007653,sample_02650,The girl just faded - Los Llamarada,1,0.2645821273326874,cnn_revised_20260919T110440Z,cnn_s2_17,val,Log-Mel CNN,0.4739688038825989,0.5062138934930166
seg_007654,sample_02650,The girl just faded - Los Llamarada,1,0.07952574640512466,cnn_revised_20260919T110440Z,cnn_s2_17,val,Log-Mel CNN,0.4739688038825989,0.5062138934930166
seg_007655,sample_02650,The girl just faded - Los Llamarada,1,0.786180853843689,cnn_revised_20260919T110440Z,cnn_s2_17,val,Log-Mel CNN,0.4739688038825989,0.5062138934930166
seg_007668,sample_02655,Voxel - Andy G. Cohen,1,0.5915595889091492,cnn_revised_20260919T110440Z,cnn_s2_17,val,Log-Mel CNN,0.4739688038825989,0.5062138934930166
seg_007669,sample_02655,Voxel - Andy G. Cohen,1,0.45601874589920044,cnn_revised_20260919T110440Z,cnn_s2_17,val,Log-Mel CNN,0.4739688038825989,0.5062138934930166
seg_007670,sample_02655,Voxel - Andy G. Cohen,1,0.6473126411437988,cnn_revised_20260919T110440Z,cnn_s2_17,val,Log-Mel CNN,0.4739688038825989,0.5062138934930166
seg_007671,sample_02656,Voxel - Andy G. Cohen,1,0.7126843333244324,cnn_revised_20260919T110440Z,cnn_s2_17,val,Log-Mel CNN,0.4739688038825989,0.5062138934930166
seg_007672,sample_02656,Voxel - Andy G. Cohen,1,0.5404422283172607,cnn_revised_20260919T110440Z,cnn_s2_17,val,Log-Mel CNN,0.4739688038825989,0.5062138934930166
seg_007673,sample_02656,Voxel - Andy G. Cohen,1,0.6461626291275024,cnn_revised_20260919T110440Z,cnn_s2_17,val,Log-Mel CNN,0.4739688038825989,0.5062138934930166
seg_007692,sample_02663,Windows of the Skull - Sarin,1,0.5773328542709351,cnn_revised_20260919T110440Z,cnn_s2_17,val,Log-Mel CNN,0.4739688038825989,0.5062138934930166
seg_007693,sample_02663,Windows of the Skull - Sarin,1,0.6458106637001038,cnn_revised_20260919T110440Z,cnn_s2_17,val,Log-Mel CNN,0.4739688038825989,0.5062138934930166
seg_007694,sample_02663,Windows of the Skull - Sarin,1,0.9730069041252136,cnn_revised_20260919T110440Z,cnn_s2_17,val,Log-Mel CNN,0.4739688038825989,0.5062138934930166
seg_007695,sample_02664,Windows of the Skull - Sarin,1,0.7129103541374207,cnn_revised_20260919T110440Z,cnn_s2_17,val,Log-Mel CNN,0.4739688038825989,0.5062138934930166
seg_007696,sample_02664,Windows of the Skull - Sarin,1,0.6104959845542908,cnn_revised_20260919T110440Z,cnn_s2_17,val,Log-Mel CNN,0.4739688038825989,0.5062138934930166
seg_007697,sample_02664,Windows of the Skull - Sarin,1,0.9683547019958496,cnn_revised_20260919T110440Z,cnn_s2_17,val,Log-Mel CNN,0.4739688038825989,0.5062138934930166
seg_007710,sample_02669,Новый Нью-Йорк 2 - Чокнутый Пропеллер,1,0.40162718296051025,cnn_revised_20260919T110440Z,cnn_s2_17,val,Log-Mel CNN,0.4739688038825989,0.5062138934930166
seg_007711,sample_02669,Новый Нью-Йорк 2 - Чокнутый Пропеллер,1,0.517647922039032,cnn_revised_20260919T110440Z,cnn_s2_17,val,Log-Mel CNN,0.4739688038825989,0.5062138934930166
seg_007712,sample_02669,Новый Нью-Йорк 2 - Чокнутый Пропеллер,1,0.37817099690437317,cnn_revised_20260919T110440Z,cnn_s2_17,val,Log-Mel CNN,0.4739688038825989,0.5062138934930166
seg_007713,sample_02670,Новый Нью-Йорк 2 - Чокнутый Пропеллер,1,0.9180653095245361,cnn_revised_20260919T110440Z,cnn_s2_17,val,Log-Mel CNN,0.4739688038825989,0.5062138934930166
seg_007714,sample_02670,Новый Нью-Йорк 2 - Чокнутый Пропеллер,1,0.8419119119644165,cnn_revised_20260919T110440Z,cnn_s2_17,val,Log-Mel CNN,0.4739688038825989,0.5062138934930166
seg_007715,sample_02670,Новый Нью-Йорк 2 - Чокнутый Пропеллер,1,0.7996124625205994,cnn_revised_20260919T110440Z,cnn_s2_17,val,Log-Mel CNN,0.4739688038825989,0.5062138934930166
seg_007737,sample_02678,CopperNickle - UncleBibby,1,0.818446934223175,cnn_revised_20260919T110440Z,cnn_s2_17,val,Log-Mel CNN,0.4739688038825989,0.5062138934930166
seg_007738,sample_02678,CopperNickle - UncleBibby,1,0.8332228660583496,cnn_revised_20260919T110440Z,cnn_s2_17,val,Log-Mel CNN,0.4739688038825989,0.5062138934930166
seg_007739,sample_02678,CopperNickle - UncleBibby,1,0.9819689393043518,cnn_revised_20260919T110440Z,cnn_s2_17,val,Log-Mel CNN,0.4739688038825989,0.5062138934930166
seg_007743,sample_02680,Daylight Savings - My brother Daniel,1,0.8282936215400696,cnn_revised_20260919T110440Z,cnn_s2_17,val,Log-Mel CNN,0.4739688038825989,0.5062138934930166
seg_007744,sample_02680,Daylight Savings - My brother Daniel,1,0.9616677165031433,cnn_revised_20260919T110440Z,cnn_s2_17,val,Log-Mel CNN,0.4739688038825989,0.5062138934930166
seg_007745,sample_02680,Daylight Savings - My brother Daniel,1,0.9821400046348572,cnn_revised_20260919T110440Z,cnn_s2_17,val,Log-Mel CNN,0.4739688038825989,0.5062138934930166
seg_007770,sample_02689,mystery team 2090 - Jesse Futerman,1,0.7842406630516052,cnn_revised_20260919T110440Z,cnn_s2_17,val,Log-Mel CNN,0.4739688038825989,0.5062138934930166
seg_007771,sample_02689,mystery team 2090 - Jesse Futerman,1,0.6380444169044495,cnn_revised_20260919T110440Z,cnn_s2_17,val,Log-Mel CNN,0.4739688038825989,0.5062138934930166
seg_007772,sample_02689,mystery team 2090 - Jesse Futerman,1,0.9206949472427368,cnn_revised_20260919T110440Z,cnn_s2_17,val,Log-Mel CNN,0.4739688038825989,0.5062138934930166
seg_007773,sample_02690,Night Drive - Decktonic,1,0.653445303440094,cnn_revised_20260919T110440Z,cnn_s2_17,val,Log-Mel CNN,0.4739688038825989,0.5062138934930166
seg_007774,sample_02690,Night Drive - Decktonic,1,0.8362462520599365,cnn_revised_20260919T110440Z,cnn_s2_17,val,Log-Mel CNN,0.4739688038825989,0.5062138934930166
seg_007775,sample_02690,Night Drive - Decktonic,1,0.9029560685157776,cnn_revised_20260919T110440Z,cnn_s2_17,val,Log-Mel CNN,0.4739688038825989,0.5062138934930166
seg_007854,sample_02717,Agora - Malaventura,1,0.9617047309875488,cnn_revised_20260919T110440Z,cnn_s2_17,val,Log-Mel CNN,0.4739688038825989,0.5062138934930166
seg_007855,sample_02717,Agora - Malaventura,1,0.673170804977417,cnn_revised_20260919T110440Z,cnn_s2_17,val,Log-Mel CNN,0.4739688038825989,0.5062138934930166
seg_007856,sample_02717,Agora - Malaventura,1,0.9880437254905701,cnn_revised_20260919T110440Z,cnn_s2_17,val,Log-Mel CNN,0.4739688038825989,0.5062138934930166
seg_007878,sample_02725,Evil Cannot Create - Caleb Lemond,1,0.9860126376152039,cnn_revised_20260919T110440Z,cnn_s2_17,val,Log-Mel CNN,0.4739688038825989,0.5062138934930166
seg_007879,sample_02725,Evil Cannot Create - Caleb Lemond,1,0.4904276430606842,cnn_revised_20260919T110440Z,cnn_s2_17,val,Log-Mel CNN,0.4739688038825989,0.5062138934930166
seg_007880,sample_02725,Evil Cannot Create - Caleb Lemond,1,0.9865967631340027,cnn_revised_20260919T110440Z,cnn_s2_17,val,Log-Mel CNN,0.4739688038825989,0.5062138934930166
seg_007932,sample_02743,My Body Is A Weapon (Compromise Edit) - Silence is full of birds,1,0.9251496195793152,cnn_revised_20260919T110440Z,cnn_s2_17,val,Log-Mel CNN,0.4739688038825989,0.5062138934930166
seg_007933,sample_02743,My Body Is A Weapon (Compromise Edit) - Silence is full of birds,1,0.9117974042892456,cnn_revised_20260919T110440Z,cnn_s2_17,val,Log-Mel CNN,0.4739688038825989,0.5062138934930166
seg_007934,sample_02743,My Body Is A Weapon (Compromise Edit) - Silence is full of birds,1,0.8290589451789856,cnn_revised_20260919T110440Z,cnn_s2_17,val,Log-Mel CNN,0.4739688038825989,0.5062138934930166
seg_007938,sample_02745,New Life (take 1) - Bird Names,1,0.9936192631721497,cnn_revised_20260919T110440Z,cnn_s2_17,val,Log-Mel CNN,0.4739688038825989,0.5062138934930166
seg_007939,sample_02745,New Life (take 1) - Bird Names,1,0.9863748550415039,cnn_revised_20260919T110440Z,cnn_s2_17,val,Log-Mel CNN,0.4739688038825989,0.5062138934930166
seg_007940,sample_02745,New Life (take 1) - Bird Names,1,0.9726853966712952,cnn_revised_20260919T110440Z,cnn_s2_17,val,Log-Mel CNN,0.4739688038825989,0.5062138934930166
seg_007941,sample_02746,Norweigian Wood II - Bird Names,1,0.969234824180603,cnn_revised_20260919T110440Z,cnn_s2_17,val,Log-Mel CNN,0.4739688038825989,0.5062138934930166
seg_007942,sample_02746,Norweigian Wood II - Bird Names,1,0.8604214787483215,cnn_revised_20260919T110440Z,cnn_s2_17,val,Log-Mel CNN,0.4739688038825989,0.5062138934930166
seg_007943,sample_02746,Norweigian Wood II - Bird Names,1,0.9606189727783203,cnn_revised_20260919T110440Z,cnn_s2_17,val,Log-Mel CNN,0.4739688038825989,0.5062138934930166
seg_007965,sample_02754,Roller Star - Monroeville Music Center,1,0.965748131275177,cnn_revised_20260919T110440Z,cnn_s2_17,val,Log-Mel CNN,0.4739688038825989,0.5062138934930166
seg_007966,sample_02754,Roller Star - Monroeville Music Center,1,0.9207560420036316,cnn_revised_20260919T110440Z,cnn_s2_17,val,Log-Mel CNN,0.4739688038825989,0.5062138934930166
seg_007967,sample_02754,Roller Star - Monroeville Music Center,1,0.9811314344406128,cnn_revised_20260919T110440Z,cnn_s2_17,val,Log-Mel CNN,0.4739688038825989,0.5062138934930166
seg_007977,sample_02758,Soleares&beats - Malaventura,1,0.8172004818916321,cnn_revised_20260919T110440Z,cnn_s2_17,val,Log-Mel CNN,0.4739688038825989,0.5062138934930166
seg_007978,sample_02758,Soleares&beats - Malaventura,1,0.9335137605667114,cnn_revised_20260919T110440Z,cnn_s2_17,val,Log-Mel CNN,0.4739688038825989,0.5062138934930166
seg_007979,sample_02758,Soleares&beats - Malaventura,1,0.9804623126983643,cnn_revised_20260919T110440Z,cnn_s2_17,val,Log-Mel CNN,0.4739688038825989,0.5062138934930166
seg_007989,sample_02762,Stockholm Syndrome / People Should Be More Aware - Bird Names,1,0.9859656095504761,cnn_revised_20260919T110440Z,cnn_s2_17,val,Log-Mel CNN,0.4739688038825989,0.5062138934930166
seg_007990,sample_02762,Stockholm Syndrome / People Should Be More Aware - Bird Names,1,0.864942729473114,cnn_revised_20260919T110440Z,cnn_s2_17,val,Log-Mel CNN,0.4739688038825989,0.5062138934930166
seg_007991,sample_02762,Stockholm Syndrome / People Should Be More Aware - Bird Names,1,0.9822610020637512,cnn_revised_20260919T110440Z,cnn_s2_17,val,Log-Mel CNN,0.4739688038825989,0.5062138934930166
seg_008019,sample_02772,Time Is Love - Silence is full of birds,1,0.7951382398605347,cnn_revised_20260919T110440Z,cnn_s2_17,val,Log-Mel CNN,0.4739688038825989,0.5062138934930166
seg_008020,sample_02772,Time Is Love - Silence is full of birds,1,0.7378993034362793,cnn_revised_20260919T110440Z,cnn_s2_17,val,Log-Mel CNN,0.4739688038825989,0.5062138934930166
seg_008021,sample_02772,Time Is Love - Silence is full of birds,1,0.9844484329223633,cnn_revised_20260919T110440Z,cnn_s2_17,val,Log-Mel CNN,0.4739688038825989,0.5062138934930166
seg_008043,sample_02780,2 (Wasn't There) - Isle of Pine,1,0.9174166321754456,cnn_revised_20260919T110440Z,cnn_s2_17,val,Log-Mel CNN,0.4739688038825989,0.5062138934930166
seg_008044,sample_02780,2 (Wasn't There) - Isle of Pine,1,0.858477771282196,cnn_revised_20260919T110440Z,cnn_s2_17,val,Log-Mel CNN,0.4739688038825989,0.5062138934930166
seg_008045,sample_02780,2 (Wasn't There) - Isle of Pine,1,0.9787397384643555,cnn_revised_20260919T110440Z,cnn_s2_17,val,Log-Mel CNN,0.4739688038825989,0.5062138934930166
seg_008073,sample_02790,Beyond Luxury - Mors Ontologica,1,0.8777529001235962,cnn_revised_20260919T110440Z,cnn_s2_17,val,Log-Mel CNN,0.4739688038825989,0.5062138934930166
seg_008074,sample_02790,Beyond Luxury - Mors Ontologica,1,0.6197155117988586,cnn_revised_20260919T110440Z,cnn_s2_17,val,Log-Mel CNN,0.4739688038825989,0.5062138934930166
seg_008075,sample_02790,Beyond Luxury - Mors Ontologica,1,0.9847330451011658,cnn_revised_20260919T110440Z,cnn_s2_17,val,Log-Mel CNN,0.4739688038825989,0.5062138934930166
seg_008106,sample_02801,Empty Pockets - Pete Prodoehl,1,0.9664140343666077,cnn_revised_20260919T110440Z,cnn_s2_17,val,Log-Mel CNN,0.4739688038825989,0.5062138934930166
seg_008107,sample_02801,Empty Pockets - Pete Prodoehl,1,0.9856774806976318,cnn_revised_20260919T110440Z,cnn_s2_17,val,Log-Mel CNN,0.4739688038825989,0.5062138934930166
seg_008108,sample_02801,Empty Pockets - Pete Prodoehl,1,0.9962647557258606,cnn_revised_20260919T110440Z,cnn_s2_17,val,Log-Mel CNN,0.4739688038825989,0.5062138934930166
seg_008121,sample_02806,Gila Monster Flop/Music History Lesson:The Sonics - The Crypts!,1,0.9815386533737183,cnn_revised_20260919T110440Z,cnn_s2_17,val,Log-Mel CNN,0.4739688038825989,0.5062138934930166
seg_008122,sample_02806,Gila Monster Flop/Music History Lesson:The Sonics - The Crypts!,1,0.5781500339508057,cnn_revised_20260919T110440Z,cnn_s2_17,val,Log-Mel CNN,0.4739688038825989,0.5062138934930166
seg_008123,sample_02806,Gila Monster Flop/Music History Lesson:The Sonics - The Crypts!,1,0.9838723540306091,cnn_revised_20260919T110440Z,cnn_s2_17,val,Log-Mel CNN,0.4739688038825989,0.5062138934930166
seg_008166,sample_02821,Lights Up - Pipe Choir,1,0.9669382572174072,cnn_revised_20260919T110440Z,cnn_s2_17,val,Log-Mel CNN,0.4739688038825989,0.5062138934930166
seg_008167,sample_02821,Lights Up - Pipe Choir,1,0.9301304221153259,cnn_revised_20260919T110440Z,cnn_s2_17,val,Log-Mel CNN,0.4739688038825989,0.5062138934930166
seg_008168,sample_02821,Lights Up - Pipe Choir,1,0.9839045405387878,cnn_revised_20260919T110440Z,cnn_s2_17,val,Log-Mel CNN,0.4739688038825989,0.5062138934930166
seg_008178,sample_02825,March of the GPA Mechanics - [t]ghost,1,0.9569315910339355,cnn_revised_20260919T110440Z,cnn_s2_17,val,Log-Mel CNN,0.4739688038825989,0.5062138934930166
seg_008179,sample_02825,March of the GPA Mechanics - [t]ghost,1,0.9106411933898926,cnn_revised_20260919T110440Z,cnn_s2_17,val,Log-Mel CNN,0.4739688038825989,0.5062138934930166
seg_008180,sample_02825,March of the GPA Mechanics - [t]ghost,1,0.9940620064735413,cnn_revised_20260919T110440Z,cnn_s2_17,val,Log-Mel CNN,0.4739688038825989,0.5062138934930166
seg_008205,sample_02834,Redlight - Room For A Ghost,1,0.646142303943634,cnn_revised_20260919T110440Z,cnn_s2_17,val,Log-Mel CNN,0.4739688038825989,0.5062138934930166
seg_008206,sample_02834,Redlight - Room For A Ghost,1,0.9076022505760193,cnn_revised_20260919T110440Z,cnn_s2_17,val,Log-Mel CNN,0.4739688038825989,0.5062138934930166
seg_008207,sample_02834,Redlight - Room For A Ghost,1,0.9574359059333801,cnn_revised_20260919T110440Z,cnn_s2_17,val,Log-Mel CNN,0.4739688038825989,0.5062138934930166
seg_008217,sample_02838,Scramby Eggs - Andy G. Cohen,1,0.7791270017623901,cnn_revised_20260919T110440Z,cnn_s2_17,val,Log-Mel CNN,0.4739688038825989,0.5062138934930166
seg_008218,sample_02838,Scramby Eggs - Andy G. Cohen,1,0.9437576532363892,cnn_revised_20260919T110440Z,cnn_s2_17,val,Log-Mel CNN,0.4739688038825989,0.5062138934930166
seg_008219,sample_02838,Scramby Eggs - Andy G. Cohen,1,0.9773385524749756,cnn_revised_20260919T110440Z,cnn_s2_17,val,Log-Mel CNN,0.4739688038825989,0.5062138934930166
seg_008226,sample_02841,Shipwrecked Crew - Pete Prodoehl,1,0.3602043092250824,cnn_revised_20260919T110440Z,cnn_s2_17,val,Log-Mel CNN,0.4739688038825989,0.5062138934930166
seg_008227,sample_02841,Shipwrecked Crew - Pete Prodoehl,1,0.6424229145050049,cnn_revised_20260919T110440Z,cnn_s2_17,val,Log-Mel CNN,0.4739688038825989,0.5062138934930166
seg_008228,sample_02841,Shipwrecked Crew - Pete Prodoehl,1,0.9581852555274963,cnn_revised_20260919T110440Z,cnn_s2_17,val,Log-Mel CNN,0.4739688038825989,0.5062138934930166
seg_008244,sample_02847,В Наших Сердцах - Чокнутый Пропеллер,1,0.8328611850738525,cnn_revised_20260919T110440Z,cnn_s2_17,val,Log-Mel CNN,0.4739688038825989,0.5062138934930166
seg_008245,sample_02847,В Наших Сердцах - Чокнутый Пропеллер,1,0.7240080833435059,cnn_revised_20260919T110440Z,cnn_s2_17,val,Log-Mel CNN,0.4739688038825989,0.5062138934930166
seg_008246,sample_02847,В Наших Сердцах - Чокнутый Пропеллер,1,0.9781267642974854,cnn_revised_20260919T110440Z,cnn_s2_17,val,Log-Mel CNN,0.4739688038825989,0.5062138934930166
seg_008253,sample_02850,The girl just faded - Los Llamarada,1,0.9766198396682739,cnn_revised_20260919T110440Z,cnn_s2_17,val,Log-Mel CNN,0.4739688038825989,0.5062138934930166
seg_008254,sample_02850,The girl just faded - Los Llamarada,1,0.9201503992080688,cnn_revised_20260919T110440Z,cnn_s2_17,val,Log-Mel CNN,0.4739688038825989,0.5062138934930166
seg_008255,sample_02850,The girl just faded - Los Llamarada,1,0.9979313611984253,cnn_revised_20260919T110440Z,cnn_s2_17,val,Log-Mel CNN,0.4739688038825989,0.5062138934930166
seg_008265,sample_02854,Voxel - Andy G. Cohen,1,0.6859468817710876,cnn_revised_20260919T110440Z,cnn_s2_17,val,Log-Mel CNN,0.4739688038825989,0.5062138934930166
seg_008266,sample_02854,Voxel - Andy G. Cohen,1,0.7240609526634216,cnn_revised_20260919T110440Z,cnn_s2_17,val,Log-Mel CNN,0.4739688038825989,0.5062138934930166
seg_008267,sample_02854,Voxel - Andy G. Cohen,1,0.951063871383667,cnn_revised_20260919T110440Z,cnn_s2_17,val,Log-Mel CNN,0.4739688038825989,0.5062138934930166
seg_008289,sample_02862,В Наших Сердцах - Чокнутый Пропеллер,1,0.7589741349220276,cnn_revised_20260919T110440Z,cnn_s2_17,val,Log-Mel CNN,0.4739688038825989,0.5062138934930166
seg_008290,sample_02862,В Наших Сердцах - Чокнутый Пропеллер,1,0.6204137802124023,cnn_revised_20260919T110440Z,cnn_s2_17,val,Log-Mel CNN,0.4739688038825989,0.5062138934930166
seg_008291,sample_02862,В Наших Сердцах - Чокнутый Пропеллер,1,0.9616791605949402,cnn_revised_20260919T110440Z,cnn_s2_17,val,Log-Mel CNN,0.4739688038825989,0.5062138934930166
seg_008295,sample_02864,В Наших Сердцах - Чокнутый Пропеллер,1,0.6875907778739929,cnn_revised_20260919T110440Z,cnn_s2_17,val,Log-Mel CNN,0.4739688038825989,0.5062138934930166
seg_008296,sample_02864,В Наших Сердцах - Чокнутый Пропеллер,1,0.4542999267578125,cnn_revised_20260919T110440Z,cnn_s2_17,val,Log-Mel CNN,0.4739688038825989,0.5062138934930166
seg_008297,sample_02864,В Наших Сердцах - Чокнутый Пропеллер,1,0.9335047602653503,cnn_revised_20260919T110440Z,cnn_s2_17,val,Log-Mel CNN,0.4739688038825989,0.5062138934930166
seg_008304,sample_02867,2 (Wasn't There) - Isle of Pine,1,0.2534208595752716,cnn_revised_20260919T110440Z,cnn_s2_17,val,Log-Mel CNN,0.4739688038825989,0.5062138934930166
seg_008305,sample_02867,2 (Wasn't There) - Isle of Pine,1,0.15390603244304657,cnn_revised_20260919T110440Z,cnn_s2_17,val,Log-Mel CNN,0.4739688038825989,0.5062138934930166
seg_008306,sample_02867,2 (Wasn't There) - Isle of Pine,1,0.6462925672531128,cnn_revised_20260919T110440Z,cnn_s2_17,val,Log-Mel CNN,0.4739688038825989,0.5062138934930166
seg_008307,sample_02868,2 (Wasn't There) - Isle of Pine,1,0.4739688038825989,cnn_revised_20260919T110440Z,cnn_s2_17,val,Log-Mel CNN,0.4739688038825989,0.5062138934930166
seg_008308,sample_02868,2 (Wasn't There) - Isle of Pine,1,0.20375049114227295,cnn_revised_20260919T110440Z,cnn_s2_17,val,Log-Mel CNN,0.4739688038825989,0.5062138934930166
seg_008309,sample_02868,2 (Wasn't There) - Isle of Pine,1,0.8542377352714539,cnn_revised_20260919T110440Z,cnn_s2_17,val,Log-Mel CNN,0.4739688038825989,0.5062138934930166
seg_008400,sample_02899,CopperNickle - UncleBibby,1,0.973102331161499,cnn_revised_20260919T110440Z,cnn_s2_17,val,Log-Mel CNN,0.4739688038825989,0.5062138934930166
seg_008401,sample_02899,CopperNickle - UncleBibby,1,0.1194891408085823,cnn_revised_20260919T110440Z,cnn_s2_17,val,Log-Mel CNN,0.4739688038825989,0.5062138934930166
seg_008402,sample_02899,CopperNickle - UncleBibby,1,0.7775514125823975,cnn_revised_20260919T110440Z,cnn_s2_17,val,Log-Mel CNN,0.4739688038825989,0.5062138934930166
seg_008403,sample_02900,CopperNickle - UncleBibby,1,0.02711654081940651,cnn_revised_20260919T110440Z,cnn_s2_17,val,Log-Mel CNN,0.4739688038825989,0.5062138934930166
seg_008404,sample_02900,CopperNickle - UncleBibby,1,0.5008239150047302,cnn_revised_20260919T110440Z,cnn_s2_17,val,Log-Mel CNN,0.4739688038825989,0.5062138934930166
seg_008405,sample_02900,CopperNickle - UncleBibby,1,0.8593807220458984,cnn_revised_20260919T110440Z,cnn_s2_17,val,Log-Mel CNN,0.4739688038825989,0.5062138934930166
seg_008418,sample_02905,Daylight Savings - My brother Daniel,1,0.8755324482917786,cnn_revised_20260919T110440Z,cnn_s2_17,val,Log-Mel CNN,0.4739688038825989,0.5062138934930166
seg_008419,sample_02905,Daylight Savings - My brother Daniel,1,0.6025082468986511,cnn_revised_20260919T110440Z,cnn_s2_17,val,Log-Mel CNN,0.4739688038825989,0.5062138934930166
seg_008420,sample_02905,Daylight Savings - My brother Daniel,1,0.8623921871185303,cnn_revised_20260919T110440Z,cnn_s2_17,val,Log-Mel CNN,0.4739688038825989,0.5062138934930166
seg_008421,sample_02906,Daylight Savings - My brother Daniel,1,0.15954527258872986,cnn_revised_20260919T110440Z,cnn_s2_17,val,Log-Mel CNN,0.4739688038825989,0.5062138934930166
seg_008422,sample_02906,Daylight Savings - My brother Daniel,1,0.6027083992958069,cnn_revised_20260919T110440Z,cnn_s2_17,val,Log-Mel CNN,0.4739688038825989,0.5062138934930166
seg_008423,sample_02906,Daylight Savings - My brother Daniel,1,0.9654791355133057,cnn_revised_20260919T110440Z,cnn_s2_17,val,Log-Mel CNN,0.4739688038825989,0.5062138934930166
seg_008448,sample_02915,Empty Pockets - Pete Prodoehl,1,0.9887280464172363,cnn_revised_20260919T110440Z,cnn_s2_17,val,Log-Mel CNN,0.4739688038825989,0.5062138934930166
seg_008449,sample_02915,Empty Pockets - Pete Prodoehl,1,0.9168908596038818,cnn_revised_20260919T110440Z,cnn_s2_17,val,Log-Mel CNN,0.4739688038825989,0.5062138934930166
seg_008450,sample_02915,Empty Pockets - Pete Prodoehl,1,0.6022414565086365,cnn_revised_20260919T110440Z,cnn_s2_17,val,Log-Mel CNN,0.4739688038825989,0.5062138934930166
seg_008451,sample_02916,Empty Pockets - Pete Prodoehl,1,0.8109215497970581,cnn_revised_20260919T110440Z,cnn_s2_17,val,Log-Mel CNN,0.4739688038825989,0.5062138934930166
seg_008452,sample_02916,Empty Pockets - Pete Prodoehl,1,0.5888075828552246,cnn_revised_20260919T110440Z,cnn_s2_17,val,Log-Mel CNN,0.4739688038825989,0.5062138934930166
seg_008453,sample_02916,Empty Pockets - Pete Prodoehl,1,0.9643811583518982,cnn_revised_20260919T110440Z,cnn_s2_17,val,Log-Mel CNN,0.4739688038825989,0.5062138934930166
seg_008460,sample_02919,Evil Cannot Create - Caleb Lemond,1,0.9444532990455627,cnn_revised_20260919T110440Z,cnn_s2_17,val,Log-Mel CNN,0.4739688038825989,0.5062138934930166
seg_008461,sample_02919,Evil Cannot Create - Caleb Lemond,1,0.7685776352882385,cnn_revised_20260919T110440Z,cnn_s2_17,val,Log-Mel CNN,0.4739688038825989,0.5062138934930166
seg_008462,sample_02919,Evil Cannot Create - Caleb Lemond,1,0.9459357857704163,cnn_revised_20260919T110440Z,cnn_s2_17,val,Log-Mel CNN,0.4739688038825989,0.5062138934930166
seg_008463,sample_02920,Evil Cannot Create - Caleb Lemond,1,0.9455540180206299,cnn_revised_20260919T110440Z,cnn_s2_17,val,Log-Mel CNN,0.4739688038825989,0.5062138934930166
seg_008464,sample_02920,Evil Cannot Create - Caleb Lemond,1,0.7388478517532349,cnn_revised_20260919T110440Z,cnn_s2_17,val,Log-Mel CNN,0.4739688038825989,0.5062138934930166
seg_008465,sample_02920,Evil Cannot Create - Caleb Lemond,1,0.7030573487281799,cnn_revised_20260919T110440Z,cnn_s2_17,val,Log-Mel CNN,0.4739688038825989,0.5062138934930166
seg_008502,sample_02933,Gila Monster Flop/Music History Lesson:The Sonics - The Crypts!,1,0.23267212510108948,cnn_revised_20260919T110440Z,cnn_s2_17,val,Log-Mel CNN,0.4739688038825989,0.5062138934930166
seg_008503,sample_02933,Gila Monster Flop/Music History Lesson:The Sonics - The Crypts!,1,0.7354252934455872,cnn_revised_20260919T110440Z,cnn_s2_17,val,Log-Mel CNN,0.4739688038825989,0.5062138934930166
seg_008504,sample_02933,Gila Monster Flop/Music History Lesson:The Sonics - The Crypts!,1,0.7034467458724976,cnn_revised_20260919T110440Z,cnn_s2_17,val,Log-Mel CNN,0.4739688038825989,0.5062138934930166
seg_008505,sample_02934,Gila Monster Flop/Music History Lesson:The Sonics - The Crypts!,1,0.04975830018520355,cnn_revised_20260919T110440Z,cnn_s2_17,val,Log-Mel CNN,0.4739688038825989,0.5062138934930166
seg_008506,sample_02934,Gila Monster Flop/Music History Lesson:The Sonics - The Crypts!,1,0.17597755789756775,cnn_revised_20260919T110440Z,cnn_s2_17,val,Log-Mel CNN,0.4739688038825989,0.5062138934930166
seg_008507,sample_02934,Gila Monster Flop/Music History Lesson:The Sonics - The Crypts!,1,0.4193888008594513,cnn_revised_20260919T110440Z,cnn_s2_17,val,Log-Mel CNN,0.4739688038825989,0.5062138934930166
seg_008538,sample_02945,I Fell - Mod Fun,1,0.25634580850601196,cnn_revised_20260919T110440Z,cnn_s2_17,val,Log-Mel CNN,0.4739688038825989,0.5062138934930166
seg_008539,sample_02945,I Fell - Mod Fun,1,0.39084121584892273,cnn_revised_20260919T110440Z,cnn_s2_17,val,Log-Mel CNN,0.4739688038825989,0.5062138934930166
seg_008540,sample_02945,I Fell - Mod Fun,1,0.7487369775772095,cnn_revised_20260919T110440Z,cnn_s2_17,val,Log-Mel CNN,0.4739688038825989,0.5062138934930166
seg_008541,sample_02946,I Fell - Mod Fun,1,0.2784973680973053,cnn_revised_20260919T110440Z,cnn_s2_17,val,Log-Mel CNN,0.4739688038825989,0.5062138934930166
seg_008542,sample_02946,I Fell - Mod Fun,1,0.728395402431488,cnn_revised_20260919T110440Z,cnn_s2_17,val,Log-Mel CNN,0.4739688038825989,0.5062138934930166
seg_008543,sample_02946,I Fell - Mod Fun,1,0.8194417357444763,cnn_revised_20260919T110440Z,cnn_s2_17,val,Log-Mel CNN,0.4739688038825989,0.5062138934930166
seg_008652,sample_02983,March of the GPA Mechanics - [t]ghost,1,0.05381680652499199,cnn_revised_20260919T110440Z,cnn_s2_17,val,Log-Mel CNN,0.4739688038825989,0.5062138934930166
seg_008653,sample_02983,March of the GPA Mechanics - [t]ghost,1,0.7593834400177002,cnn_revised_20260919T110440Z,cnn_s2_17,val,Log-Mel CNN,0.4739688038825989,0.5062138934930166
seg_008654,sample_02983,March of the GPA Mechanics - [t]ghost,1,0.9386227130889893,cnn_revised_20260919T110440Z,cnn_s2_17,val,Log-Mel CNN,0.4739688038825989,0.5062138934930166
seg_008655,sample_02984,March of the GPA Mechanics - [t]ghost,1,0.18604470789432526,cnn_revised_20260919T110440Z,cnn_s2_17,val,Log-Mel CNN,0.4739688038825989,0.5062138934930166
seg_008656,sample_02984,March of the GPA Mechanics - [t]ghost,1,0.3637502193450928,cnn_revised_20260919T110440Z,cnn_s2_17,val,Log-Mel CNN,0.4739688038825989,0.5062138934930166
seg_008657,sample_02984,March of the GPA Mechanics - [t]ghost,1,0.9099828004837036,cnn_revised_20260919T110440Z,cnn_s2_17,val,Log-Mel CNN,0.4739688038825989,0.5062138934930166
seg_008700,sample_02999,New Life (take 1) - Bird Names,1,0.3001619875431061,cnn_revised_20260919T110440Z,cnn_s2_17,val,Log-Mel CNN,0.4739688038825989,0.5062138934930166
seg_008701,sample_02999,New Life (take 1) - Bird Names,1,0.36168214678764343,cnn_revised_20260919T110440Z,cnn_s2_17,val,Log-Mel CNN,0.4739688038825989,0.5062138934930166
seg_008702,sample_02999,New Life (take 1) - Bird Names,1,0.8373351097106934,cnn_revised_20260919T110440Z,cnn_s2_17,val,Log-Mel CNN,0.4739688038825989,0.5062138934930166
seg_008703,sample_03000,New Life (take 1) - Bird Names,1,0.6645584106445312,cnn_revised_20260919T110440Z,cnn_s2_17,val,Log-Mel CNN,0.4739688038825989,0.5062138934930166
seg_008704,sample_03000,New Life (take 1) - Bird Names,1,0.3606252074241638,cnn_revised_20260919T110440Z,cnn_s2_17,val,Log-Mel CNN,0.4739688038825989,0.5062138934930166
seg_008705,sample_03000,New Life (take 1) - Bird Names,1,0.9438607692718506,cnn_revised_20260919T110440Z,cnn_s2_17,val,Log-Mel CNN,0.4739688038825989,0.5062138934930166
seg_008706,sample_03001,Night Drive - Decktonic,1,0.8004335761070251,cnn_revised_20260919T110440Z,cnn_s2_17,val,Log-Mel CNN,0.4739688038825989,0.5062138934930166
seg_008707,sample_03001,Night Drive - Decktonic,1,0.9488565325737,cnn_revised_20260919T110440Z,cnn_s2_17,val,Log-Mel CNN,0.4739688038825989,0.5062138934930166
seg_008708,sample_03001,Night Drive - Decktonic,1,0.5970819592475891,cnn_revised_20260919T110440Z,cnn_s2_17,val,Log-Mel CNN,0.4739688038825989,0.5062138934930166
seg_008709,sample_03002,Night Drive - Decktonic,1,0.7736269235610962,cnn_revised_20260919T110440Z,cnn_s2_17,val,Log-Mel CNN,0.4739688038825989,0.5062138934930166
seg_008710,sample_03002,Night Drive - Decktonic,1,0.8610988259315491,cnn_revised_20260919T110440Z,cnn_s2_17,val,Log-Mel CNN,0.4739688038825989,0.5062138934930166
seg_008711,sample_03002,Night Drive - Decktonic,1,0.9382931590080261,cnn_revised_20260919T110440Z,cnn_s2_17,val,Log-Mel CNN,0.4739688038825989,0.5062138934930166
seg_008724,sample_03007,Norweigian Wood II - Bird Names,1,0.680789053440094,cnn_revised_20260919T110440Z,cnn_s2_17,val,Log-Mel CNN,0.4739688038825989,0.5062138934930166
seg_008725,sample_03007,Norweigian Wood II - Bird Names,1,0.6351255774497986,cnn_revised_20260919T110440Z,cnn_s2_17,val,Log-Mel CNN,0.4739688038825989,0.5062138934930166
seg_008726,sample_03007,Norweigian Wood II - Bird Names,1,0.8437656164169312,cnn_revised_20260919T110440Z,cnn_s2_17,val,Log-Mel CNN,0.4739688038825989,0.5062138934930166
seg_008727,sample_03008,Norweigian Wood II - Bird Names,1,0.8053813576698303,cnn_revised_20260919T110440Z,cnn_s2_17,val,Log-Mel CNN,0.4739688038825989,0.5062138934930166
seg_008728,sample_03008,Norweigian Wood II - Bird Names,1,0.7147082686424255,cnn_revised_20260919T110440Z,cnn_s2_17,val,Log-Mel CNN,0.4739688038825989,0.5062138934930166
seg_008729,sample_03008,Norweigian Wood II - Bird Names,1,0.9270408153533936,cnn_revised_20260919T110440Z,cnn_s2_17,val,Log-Mel CNN,0.4739688038825989,0.5062138934930166
seg_008736,sample_03011,Nuo Maisemat - Paavoharju,1,0.29678404331207275,cnn_revised_20260919T110440Z,cnn_s2_17,val,Log-Mel CNN,0.4739688038825989,0.5062138934930166
seg_008737,sample_03011,Nuo Maisemat - Paavoharju,1,0.8442372679710388,cnn_revised_20260919T110440Z,cnn_s2_17,val,Log-Mel CNN,0.4739688038825989,0.5062138934930166
seg_008738,sample_03011,Nuo Maisemat - Paavoharju,1,0.7551153302192688,cnn_revised_20260919T110440Z,cnn_s2_17,val,Log-Mel CNN,0.4739688038825989,0.5062138934930166
seg_008739,sample_03012,Nuo Maisemat - Paavoharju,1,0.9353678226470947,cnn_revised_20260919T110440Z,cnn_s2_17,val,Log-Mel CNN,0.4739688038825989,0.5062138934930166
seg_008740,sample_03012,Nuo Maisemat - Paavoharju,1,0.851493239402771,cnn_revised_20260919T110440Z,cnn_s2_17,val,Log-Mel CNN,0.4739688038825989,0.5062138934930166
seg_008741,sample_03012,Nuo Maisemat - Paavoharju,1,0.4333784282207489,cnn_revised_20260919T110440Z,cnn_s2_17,val,Log-Mel CNN,0.4739688038825989,0.5062138934930166
seg_008844,sample_03047,Roller Star - Monroeville Music Center,1,0.5419650673866272,cnn_revised_20260919T110440Z,cnn_s2_17,val,Log-Mel CNN,0.4739688038825989,0.5062138934930166
seg_008845,sample_03047,Roller Star - Monroeville Music Center,1,0.24126684665679932,cnn_revised_20260919T110440Z,cnn_s2_17,val,Log-Mel CNN,0.4739688038825989,0.5062138934930166
seg_008846,sample_03047,Roller Star - Monroeville Music Center,1,0.8806930184364319,cnn_revised_20260919T110440Z,cnn_s2_17,val,Log-Mel CNN,0.4739688038825989,0.5062138934930166
seg_008847,sample_03048,Roller Star - Monroeville Music Center,1,0.3351265788078308,cnn_revised_20260919T110440Z,cnn_s2_17,val,Log-Mel CNN,0.4739688038825989,0.5062138934930166
seg_008848,sample_03048,Roller Star - Monroeville Music Center,1,0.32514312863349915,cnn_revised_20260919T110440Z,cnn_s2_17,val,Log-Mel CNN,0.4739688038825989,0.5062138934930166
seg_008849,sample_03048,Roller Star - Monroeville Music Center,1,0.8665350079536438,cnn_revised_20260919T110440Z,cnn_s2_17,val,Log-Mel CNN,0.4739688038825989,0.5062138934930166
seg_008850,sample_03049,"Roundtrip - Oh Yeah, the Future",1,0.9673166871070862,cnn_revised_20260919T110440Z,cnn_s2_17,val,Log-Mel CNN,0.4739688038825989,0.5062138934930166
seg_008851,sample_03049,"Roundtrip - Oh Yeah, the Future",1,0.685753345489502,cnn_revised_20260919T110440Z,cnn_s2_17,val,Log-Mel CNN,0.4739688038825989,0.5062138934930166
seg_008852,sample_03049,"Roundtrip - Oh Yeah, the Future",1,0.9303281307220459,cnn_revised_20260919T110440Z,cnn_s2_17,val,Log-Mel CNN,0.4739688038825989,0.5062138934930166
seg_008853,sample_03050,"Roundtrip - Oh Yeah, the Future",1,0.7352810502052307,cnn_revised_20260919T110440Z,cnn_s2_17,val,Log-Mel CNN,0.4739688038825989,0.5062138934930166
seg_008854,sample_03050,"Roundtrip - Oh Yeah, the Future",1,0.38641658425331116,cnn_revised_20260919T110440Z,cnn_s2_17,val,Log-Mel CNN,0.4739688038825989,0.5062138934930166
seg_008855,sample_03050,"Roundtrip - Oh Yeah, the Future",1,0.9829856753349304,cnn_revised_20260919T110440Z,cnn_s2_17,val,Log-Mel CNN,0.4739688038825989,0.5062138934930166
seg_008862,sample_03053,SD (Ill Mix) - H-LR,1,0.2040071040391922,cnn_revised_20260919T110440Z,cnn_s2_17,val,Log-Mel CNN,0.4739688038825989,0.5062138934930166
seg_008863,sample_03053,SD (Ill Mix) - H-LR,1,0.2877628803253174,cnn_revised_20260919T110440Z,cnn_s2_17,val,Log-Mel CNN,0.4739688038825989,0.5062138934930166
seg_008864,sample_03053,SD (Ill Mix) - H-LR,1,0.9862684607505798,cnn_revised_20260919T110440Z,cnn_s2_17,val,Log-Mel CNN,0.4739688038825989,0.5062138934930166
seg_008865,sample_03054,SD (Ill Mix) - H-LR,1,0.6962229013442993,cnn_revised_20260919T110440Z,cnn_s2_17,val,Log-Mel CNN,0.4739688038825989,0.5062138934930166
seg_008866,sample_03054,SD (Ill Mix) - H-LR,1,0.2587745785713196,cnn_revised_20260919T110440Z,cnn_s2_17,val,Log-Mel CNN,0.4739688038825989,0.5062138934930166
seg_008867,sample_03054,SD (Ill Mix) - H-LR,1,0.8869948983192444,cnn_revised_20260919T110440Z,cnn_s2_17,val,Log-Mel CNN,0.4739688038825989,0.5062138934930166
seg_008868,sample_03055,Scramby Eggs - Andy G. Cohen,1,0.5525462031364441,cnn_revised_20260919T110440Z,cnn_s2_17,val,Log-Mel CNN,0.4739688038825989,0.5062138934930166
seg_008869,sample_03055,Scramby Eggs - Andy G. Cohen,1,0.20458146929740906,cnn_revised_20260919T110440Z,cnn_s2_17,val,Log-Mel CNN,0.4739688038825989,0.5062138934930166
seg_008870,sample_03055,Scramby Eggs - Andy G. Cohen,1,0.4934810400009155,cnn_revised_20260919T110440Z,cnn_s2_17,val,Log-Mel CNN,0.4739688038825989,0.5062138934930166
seg_008871,sample_03056,Scramby Eggs - Andy G. Cohen,1,0.475890576839447,cnn_revised_20260919T110440Z,cnn_s2_17,val,Log-Mel CNN,0.4739688038825989,0.5062138934930166
seg_008872,sample_03056,Scramby Eggs - Andy G. Cohen,1,0.5631704330444336,cnn_revised_20260919T110440Z,cnn_s2_17,val,Log-Mel CNN,0.4739688038825989,0.5062138934930166
seg_008873,sample_03056,Scramby Eggs - Andy G. Cohen,1,0.5290822982788086,cnn_revised_20260919T110440Z,cnn_s2_17,val,Log-Mel CNN,0.4739688038825989,0.5062138934930166
seg_008910,sample_03069,Soleares&beats - Malaventura,1,0.4554802477359772,cnn_revised_20260919T110440Z,cnn_s2_17,val,Log-Mel CNN,0.4739688038825989,0.5062138934930166
seg_008911,sample_03069,Soleares&beats - Malaventura,1,0.5909354090690613,cnn_revised_20260919T110440Z,cnn_s2_17,val,Log-Mel CNN,0.4739688038825989,0.5062138934930166
seg_008912,sample_03069,Soleares&beats - Malaventura,1,0.45378583669662476,cnn_revised_20260919T110440Z,cnn_s2_17,val,Log-Mel CNN,0.4739688038825989,0.5062138934930166
seg_008913,sample_03070,Soleares&beats - Malaventura,1,0.7024608850479126,cnn_revised_20260919T110440Z,cnn_s2_17,val,Log-Mel CNN,0.4739688038825989,0.5062138934930166
seg_008914,sample_03070,Soleares&beats - Malaventura,1,0.8610506653785706,cnn_revised_20260919T110440Z,cnn_s2_17,val,Log-Mel CNN,0.4739688038825989,0.5062138934930166
seg_008915,sample_03070,Soleares&beats - Malaventura,1,0.8609117865562439,cnn_revised_20260919T110440Z,cnn_s2_17,val,Log-Mel CNN,0.4739688038825989,0.5062138934930166
seg_008934,sample_03077,Stockholm Syndrome / People Should Be More Aware - Bird Names,1,0.9080526828765869,cnn_revised_20260919T110440Z,cnn_s2_17,val,Log-Mel CNN,0.4739688038825989,0.5062138934930166
seg_008935,sample_03077,Stockholm Syndrome / People Should Be More Aware - Bird Names,1,0.9993452429771423,cnn_revised_20260919T110440Z,cnn_s2_17,val,Log-Mel CNN,0.4739688038825989,0.5062138934930166
seg_008936,sample_03077,Stockholm Syndrome / People Should Be More Aware - Bird Names,1,0.9624569416046143,cnn_revised_20260919T110440Z,cnn_s2_17,val,Log-Mel CNN,0.4739688038825989,0.5062138934930166
seg_008937,sample_03078,Stockholm Syndrome / People Should Be More Aware - Bird Names,1,0.00848366692662239,cnn_revised_20260919T110440Z,cnn_s2_17,val,Log-Mel CNN,0.4739688038825989,0.5062138934930166
seg_008938,sample_03078,Stockholm Syndrome / People Should Be More Aware - Bird Names,1,0.4741731286048889,cnn_revised_20260919T110440Z,cnn_s2_17,val,Log-Mel CNN,0.4739688038825989,0.5062138934930166
seg_008939,sample_03078,Stockholm Syndrome / People Should Be More Aware - Bird Names,1,0.1901312619447708,cnn_revised_20260919T110440Z,cnn_s2_17,val,Log-Mel CNN,0.4739688038825989,0.5062138934930166
seg_009030,sample_03109,The girl just faded - Los Llamarada,1,0.9150568246841431,cnn_revised_20260919T110440Z,cnn_s2_17,val,Log-Mel CNN,0.4739688038825989,0.5062138934930166
seg_009031,sample_03109,The girl just faded - Los Llamarada,1,0.13862785696983337,cnn_revised_20260919T110440Z,cnn_s2_17,val,Log-Mel CNN,0.4739688038825989,0.5062138934930166
seg_009032,sample_03109,The girl just faded - Los Llamarada,1,0.9474352598190308,cnn_revised_20260919T110440Z,cnn_s2_17,val,Log-Mel CNN,0.4739688038825989,0.5062138934930166
seg_009033,sample_03110,The girl just faded - Los Llamarada,1,0.8129932284355164,cnn_revised_20260919T110440Z,cnn_s2_17,val,Log-Mel CNN,0.4739688038825989,0.5062138934930166
seg_009034,sample_03110,The girl just faded - Los Llamarada,1,0.2212863266468048,cnn_revised_20260919T110440Z,cnn_s2_17,val,Log-Mel CNN,0.4739688038825989,0.5062138934930166
seg_009035,sample_03110,The girl just faded - Los Llamarada,1,0.9006935954093933,cnn_revised_20260919T110440Z,cnn_s2_17,val,Log-Mel CNN,0.4739688038825989,0.5062138934930166
seg_009042,sample_03113,Time Is Love - Silence is full of birds,1,0.6374773383140564,cnn_revised_20260919T110440Z,cnn_s2_17,val,Log-Mel CNN,0.4739688038825989,0.5062138934930166
seg_009043,sample_03113,Time Is Love - Silence is full of birds,1,0.5066750049591064,cnn_revised_20260919T110440Z,cnn_s2_17,val,Log-Mel CNN,0.4739688038825989,0.5062138934930166
seg_009044,sample_03113,Time Is Love - Silence is full of birds,1,0.9596592783927917,cnn_revised_20260919T110440Z,cnn_s2_17,val,Log-Mel CNN,0.4739688038825989,0.5062138934930166
seg_009045,sample_03114,Time Is Love - Silence is full of birds,1,0.8096519708633423,cnn_revised_20260919T110440Z,cnn_s2_17,val,Log-Mel CNN,0.4739688038825989,0.5062138934930166
seg_009046,sample_03114,Time Is Love - Silence is full of birds,1,0.6344019770622253,cnn_revised_20260919T110440Z,cnn_s2_17,val,Log-Mel CNN,0.4739688038825989,0.5062138934930166
seg_009047,sample_03114,Time Is Love - Silence is full of birds,1,0.6457247734069824,cnn_revised_20260919T110440Z,cnn_s2_17,val,Log-Mel CNN,0.4739688038825989,0.5062138934930166
seg_009078,sample_03125,Voxel - Andy G. Cohen,1,0.4962310791015625,cnn_revised_20260919T110440Z,cnn_s2_17,val,Log-Mel CNN,0.4739688038825989,0.5062138934930166
seg_009079,sample_03125,Voxel - Andy G. Cohen,1,0.2620944678783417,cnn_revised_20260919T110440Z,cnn_s2_17,val,Log-Mel CNN,0.4739688038825989,0.5062138934930166
seg_009080,sample_03125,Voxel - Andy G. Cohen,1,0.681719958782196,cnn_revised_20260919T110440Z,cnn_s2_17,val,Log-Mel CNN,0.4739688038825989,0.5062138934930166
seg_009081,sample_03126,Voxel - Andy G. Cohen,1,0.5852196216583252,cnn_revised_20260919T110440Z,cnn_s2_17,val,Log-Mel CNN,0.4739688038825989,0.5062138934930166
seg_009082,sample_03126,Voxel - Andy G. Cohen,1,0.5511137843132019,cnn_revised_20260919T110440Z,cnn_s2_17,val,Log-Mel CNN,0.4739688038825989,0.5062138934930166
seg_009083,sample_03126,Voxel - Andy G. Cohen,1,0.683810293674469,cnn_revised_20260919T110440Z,cnn_s2_17,val,Log-Mel CNN,0.4739688038825989,0.5062138934930166
seg_009114,sample_03137,Windows of the Skull - Sarin,1,0.8617419600486755,cnn_revised_20260919T110440Z,cnn_s2_17,val,Log-Mel CNN,0.4739688038825989,0.5062138934930166
seg_009115,sample_03137,Windows of the Skull - Sarin,1,0.2184159755706787,cnn_revised_20260919T110440Z,cnn_s2_17,val,Log-Mel CNN,0.4739688038825989,0.5062138934930166
seg_009116,sample_03137,Windows of the Skull - Sarin,1,0.9502453207969666,cnn_revised_20260919T110440Z,cnn_s2_17,val,Log-Mel CNN,0.4739688038825989,0.5062138934930166
seg_009117,sample_03138,Windows of the Skull - Sarin,1,0.8406773209571838,cnn_revised_20260919T110440Z,cnn_s2_17,val,Log-Mel CNN,0.4739688038825989,0.5062138934930166
seg_009118,sample_03138,Windows of the Skull - Sarin,1,0.20108242332935333,cnn_revised_20260919T110440Z,cnn_s2_17,val,Log-Mel CNN,0.4739688038825989,0.5062138934930166
seg_009119,sample_03138,Windows of the Skull - Sarin,1,0.8144550323486328,cnn_revised_20260919T110440Z,cnn_s2_17,val,Log-Mel CNN,0.4739688038825989,0.5062138934930166
seg_009168,sample_03155,mystery team 2090 - Jesse Futerman,1,0.9163778424263,cnn_revised_20260919T110440Z,cnn_s2_17,val,Log-Mel CNN,0.4739688038825989,0.5062138934930166
seg_009169,sample_03155,mystery team 2090 - Jesse Futerman,1,0.9140381813049316,cnn_revised_20260919T110440Z,cnn_s2_17,val,Log-Mel CNN,0.4739688038825989,0.5062138934930166
seg_009170,sample_03155,mystery team 2090 - Jesse Futerman,1,0.9051961898803711,cnn_revised_20260919T110440Z,cnn_s2_17,val,Log-Mel CNN,0.4739688038825989,0.5062138934930166
seg_009171,sample_03156,mystery team 2090 - Jesse Futerman,1,0.313018798828125,cnn_revised_20260919T110440Z,cnn_s2_17,val,Log-Mel CNN,0.4739688038825989,0.5062138934930166
seg_009172,sample_03156,mystery team 2090 - Jesse Futerman,1,0.9648386240005493,cnn_revised_20260919T110440Z,cnn_s2_17,val,Log-Mel CNN,0.4739688038825989,0.5062138934930166
seg_009173,sample_03156,mystery team 2090 - Jesse Futerman,1,0.7020112872123718,cnn_revised_20260919T110440Z,cnn_s2_17,val,Log-Mel CNN,0.4739688038825989,0.5062138934930166
seg_009192,sample_03163,Новый Нью-Йорк 2 - Чокнутый Пропеллер,1,0.09432312101125717,cnn_revised_20260919T110440Z,cnn_s2_17,val,Log-Mel CNN,0.4739688038825989,0.5062138934930166
seg_009193,sample_03163,Новый Нью-Йорк 2 - Чокнутый Пропеллер,1,0.43328967690467834,cnn_revised_20260919T110440Z,cnn_s2_17,val,Log-Mel CNN,0.4739688038825989,0.5062138934930166
seg_009194,sample_03163,Новый Нью-Йорк 2 - Чокнутый Пропеллер,1,0.6241059899330139,cnn_revised_20260919T110440Z,cnn_s2_17,val,Log-Mel CNN,0.4739688038825989,0.5062138934930166
seg_009195,sample_03164,Новый Нью-Йорк 2 - Чокнутый Пропеллер,1,0.44906124472618103,cnn_revised_20260919T110440Z,cnn_s2_17,val,Log-Mel CNN,0.4739688038825989,0.5062138934930166
seg_009196,sample_03164,Новый Нью-Йорк 2 - Чокнутый Пропеллер,1,0.5856617093086243,cnn_revised_20260919T110440Z,cnn_s2_17,val,Log-Mel CNN,0.4739688038825989,0.5062138934930166
seg_009197,sample_03164,Новый Нью-Йорк 2 - Чокнутый Пропеллер,1,0.8844080567359924,cnn_revised_20260919T110440Z,cnn_s2_17,val,Log-Mel CNN,0.4739688038825989,0.5062138934930166
seg_009207,sample_03168,2 (Wasn't There) - Isle of Pine,1,0.7345185279846191,cnn_revised_20260919T110440Z,cnn_s2_17,val,Log-Mel CNN,0.4739688038825989,0.5062138934930166
seg_009208,sample_03168,2 (Wasn't There) - Isle of Pine,1,0.3726963698863983,cnn_revised_20260919T110440Z,cnn_s2_17,val,Log-Mel CNN,0.4739688038825989,0.5062138934930166
seg_009209,sample_03168,2 (Wasn't There) - Isle of Pine,1,0.9003846049308777,cnn_revised_20260919T110440Z,cnn_s2_17,val,Log-Mel CNN,0.4739688038825989,0.5062138934930166
seg_009228,sample_03175,Agora - Malaventura,1,0.26664188504219055,cnn_revised_20260919T110440Z,cnn_s2_17,val,Log-Mel CNN,0.4739688038825989,0.5062138934930166
seg_009229,sample_03175,Agora - Malaventura,1,0.8748977780342102,cnn_revised_20260919T110440Z,cnn_s2_17,val,Log-Mel CNN,0.4739688038825989,0.5062138934930166
seg_009230,sample_03175,Agora - Malaventura,1,0.8515153527259827,cnn_revised_20260919T110440Z,cnn_s2_17,val,Log-Mel CNN,0.4739688038825989,0.5062138934930166
seg_009279,sample_03192,Beyond Luxury - Mors Ontologica,1,0.2809876501560211,cnn_revised_20260919T110440Z,cnn_s2_17,val,Log-Mel CNN,0.4739688038825989,0.5062138934930166
seg_009280,sample_03192,Beyond Luxury - Mors Ontologica,1,0.16271473467350006,cnn_revised_20260919T110440Z,cnn_s2_17,val,Log-Mel CNN,0.4739688038825989,0.5062138934930166
seg_009281,sample_03192,Beyond Luxury - Mors Ontologica,1,0.9011330604553223,cnn_revised_20260919T110440Z,cnn_s2_17,val,Log-Mel CNN,0.4739688038825989,0.5062138934930166
seg_009324,sample_03207,CopperNickle - UncleBibby,1,0.36746641993522644,cnn_revised_20260919T110440Z,cnn_s2_17,val,Log-Mel CNN,0.4739688038825989,0.5062138934930166
seg_009325,sample_03207,CopperNickle - UncleBibby,1,0.9613705277442932,cnn_revised_20260919T110440Z,cnn_s2_17,val,Log-Mel CNN,0.4739688038825989,0.5062138934930166
seg_009326,sample_03207,CopperNickle - UncleBibby,1,0.9449982643127441,cnn_revised_20260919T110440Z,cnn_s2_17,val,Log-Mel CNN,0.4739688038825989,0.5062138934930166
seg_009339,sample_03212,Daylight Savings - My brother Daniel,1,0.8815498352050781,cnn_revised_20260919T110440Z,cnn_s2_17,val,Log-Mel CNN,0.4739688038825989,0.5062138934930166
seg_009340,sample_03212,Daylight Savings - My brother Daniel,1,0.6065825819969177,cnn_revised_20260919T110440Z,cnn_s2_17,val,Log-Mel CNN,0.4739688038825989,0.5062138934930166
seg_009341,sample_03212,Daylight Savings - My brother Daniel,1,0.6832939386367798,cnn_revised_20260919T110440Z,cnn_s2_17,val,Log-Mel CNN,0.4739688038825989,0.5062138934930166
seg_009375,sample_03224,Empty Pockets - Pete Prodoehl,1,0.9071832895278931,cnn_revised_20260919T110440Z,cnn_s2_17,val,Log-Mel CNN,0.4739688038825989,0.5062138934930166
seg_009376,sample_03224,Empty Pockets - Pete Prodoehl,1,0.8603641390800476,cnn_revised_20260919T110440Z,cnn_s2_17,val,Log-Mel CNN,0.4739688038825989,0.5062138934930166
seg_009377,sample_03224,Empty Pockets - Pete Prodoehl,1,0.8355132341384888,cnn_revised_20260919T110440Z,cnn_s2_17,val,Log-Mel CNN,0.4739688038825989,0.5062138934930166
seg_009393,sample_03230,Evil Cannot Create - Caleb Lemond,1,0.9098424315452576,cnn_revised_20260919T110440Z,cnn_s2_17,val,Log-Mel CNN,0.4739688038825989,0.5062138934930166
seg_009394,sample_03230,Evil Cannot Create - Caleb Lemond,1,0.817219614982605,cnn_revised_20260919T110440Z,cnn_s2_17,val,Log-Mel CNN,0.4739688038825989,0.5062138934930166
seg_009395,sample_03230,Evil Cannot Create - Caleb Lemond,1,0.9222725033760071,cnn_revised_20260919T110440Z,cnn_s2_17,val,Log-Mel CNN,0.4739688038825989,0.5062138934930166
seg_009399,sample_03232,Fear - Los Fancy Free,1,0.9204314351081848,cnn_revised_20260919T110440Z,cnn_s2_17,val,Log-Mel CNN,0.4739688038825989,0.5062138934930166
seg_009400,sample_03232,Fear - Los Fancy Free,1,0.9579516053199768,cnn_revised_20260919T110440Z,cnn_s2_17,val,Log-Mel CNN,0.4739688038825989,0.5062138934930166
seg_009401,sample_03232,Fear - Los Fancy Free,1,0.6897720098495483,cnn_revised_20260919T110440Z,cnn_s2_17,val,Log-Mel CNN,0.4739688038825989,0.5062138934930166
seg_009402,sample_03233,Fifth Ramble - From the album Keith [RSVP007] - My brother Daniel,1,0.8396791219711304,cnn_revised_20260919T110440Z,cnn_s2_17,val,Log-Mel CNN,0.4739688038825989,0.5062138934930166
seg_009403,sample_03233,Fifth Ramble - From the album Keith [RSVP007] - My brother Daniel,1,0.8836637139320374,cnn_revised_20260919T110440Z,cnn_s2_17,val,Log-Mel CNN,0.4739688038825989,0.5062138934930166
seg_009404,sample_03233,Fifth Ramble - From the album Keith [RSVP007] - My brother Daniel,1,0.7969279885292053,cnn_revised_20260919T110440Z,cnn_s2_17,val,Log-Mel CNN,0.4739688038825989,0.5062138934930166
seg_009438,sample_03245,Gila Monster Flop/Music History Lesson:The Sonics - The Crypts!,1,0.31873318552970886,cnn_revised_20260919T110440Z,cnn_s2_17,val,Log-Mel CNN,0.4739688038825989,0.5062138934930166
seg_009439,sample_03245,Gila Monster Flop/Music History Lesson:The Sonics - The Crypts!,1,0.5493530035018921,cnn_revised_20260919T110440Z,cnn_s2_17,val,Log-Mel CNN,0.4739688038825989,0.5062138934930166
seg_009440,sample_03245,Gila Monster Flop/Music History Lesson:The Sonics - The Crypts!,1,0.7708084583282471,cnn_revised_20260919T110440Z,cnn_s2_17,val,Log-Mel CNN,0.4739688038825989,0.5062138934930166
seg_009471,sample_03256,If You're Ther - Nicola Ratti,1,0.7473021149635315,cnn_revised_20260919T110440Z,cnn_s2_17,val,Log-Mel CNN,0.4739688038825989,0.5062138934930166
seg_009472,sample_03256,If You're Ther - Nicola Ratti,1,0.9419308304786682,cnn_revised_20260919T110440Z,cnn_s2_17,val,Log-Mel CNN,0.4739688038825989,0.5062138934930166
seg_009473,sample_03256,If You're Ther - Nicola Ratti,1,0.8599320650100708,cnn_revised_20260919T110440Z,cnn_s2_17,val,Log-Mel CNN,0.4739688038825989,0.5062138934930166
seg_009501,sample_03266,I Fell - Mod Fun,1,0.8070105314254761,cnn_revised_20260919T110440Z,cnn_s2_17,val,Log-Mel CNN,0.4739688038825989,0.5062138934930166
seg_009502,sample_03266,I Fell - Mod Fun,1,0.9339160919189453,cnn_revised_20260919T110440Z,cnn_s2_17,val,Log-Mel CNN,0.4739688038825989,0.5062138934930166
seg_009503,sample_03266,I Fell - Mod Fun,1,0.8477463126182556,cnn_revised_20260919T110440Z,cnn_s2_17,val,Log-Mel CNN,0.4739688038825989,0.5062138934930166
seg_009549,sample_03282,Kumorizoranohajimarutokoro - Hosomi,1,0.8693661689758301,cnn_revised_20260919T110440Z,cnn_s2_17,val,Log-Mel CNN,0.4739688038825989,0.5062138934930166
seg_009550,sample_03282,Kumorizoranohajimarutokoro - Hosomi,1,0.990696907043457,cnn_revised_20260919T110440Z,cnn_s2_17,val,Log-Mel CNN,0.4739688038825989,0.5062138934930166
seg_009551,sample_03282,Kumorizoranohajimarutokoro - Hosomi,1,0.9665651321411133,cnn_revised_20260919T110440Z,cnn_s2_17,val,Log-Mel CNN,0.4739688038825989,0.5062138934930166
seg_009585,sample_03294,Lights Up - Pipe Choir,1,0.556201159954071,cnn_revised_20260919T110440Z,cnn_s2_17,val,Log-Mel CNN,0.4739688038825989,0.5062138934930166
seg_009586,sample_03294,Lights Up - Pipe Choir,1,0.9059040546417236,cnn_revised_20260919T110440Z,cnn_s2_17,val,Log-Mel CNN,0.4739688038825989,0.5062138934930166
seg_009587,sample_03294,Lights Up - Pipe Choir,1,0.6270285248756409,cnn_revised_20260919T110440Z,cnn_s2_17,val,Log-Mel CNN,0.4739688038825989,0.5062138934930166
seg_009603,sample_03300,Loved Ones - Rowan Box,1,0.7697234749794006,cnn_revised_20260919T110440Z,cnn_s2_17,val,Log-Mel CNN,0.4739688038825989,0.5062138934930166
seg_009604,sample_03300,Loved Ones - Rowan Box,1,0.8809030652046204,cnn_revised_20260919T110440Z,cnn_s2_17,val,Log-Mel CNN,0.4739688038825989,0.5062138934930166
seg_009605,sample_03300,Loved Ones - Rowan Box,1,0.6967170238494873,cnn_revised_20260919T110440Z,cnn_s2_17,val,Log-Mel CNN,0.4739688038825989,0.5062138934930166
seg_009615,sample_03304,March of the GPA Mechanics - [t]ghost,1,0.8767735362052917,cnn_revised_20260919T110440Z,cnn_s2_17,val,Log-Mel CNN,0.4739688038825989,0.5062138934930166
seg_009616,sample_03304,March of the GPA Mechanics - [t]ghost,1,0.8555428385734558,cnn_revised_20260919T110440Z,cnn_s2_17,val,Log-Mel CNN,0.4739688038825989,0.5062138934930166
seg_009617,sample_03304,March of the GPA Mechanics - [t]ghost,1,0.9201721549034119,cnn_revised_20260919T110440Z,cnn_s2_17,val,Log-Mel CNN,0.4739688038825989,0.5062138934930166
seg_009636,sample_03311,Morning Bell - Nihilore,1,0.8553093671798706,cnn_revised_20260919T110440Z,cnn_s2_17,val,Log-Mel CNN,0.4739688038825989,0.5062138934930166
seg_009637,sample_03311,Morning Bell - Nihilore,1,0.9237273335456848,cnn_revised_20260919T110440Z,cnn_s2_17,val,Log-Mel CNN,0.4739688038825989,0.5062138934930166
seg_009638,sample_03311,Morning Bell - Nihilore,1,0.8596990704536438,cnn_revised_20260919T110440Z,cnn_s2_17,val,Log-Mel CNN,0.4739688038825989,0.5062138934930166
seg_009651,sample_03316,mystery team 2090 - Jesse Futerman,1,0.710725724697113,cnn_revised_20260919T110440Z,cnn_s2_17,val,Log-Mel CNN,0.4739688038825989,0.5062138934930166
seg_009652,sample_03316,mystery team 2090 - Jesse Futerman,1,0.9722564220428467,cnn_revised_20260919T110440Z,cnn_s2_17,val,Log-Mel CNN,0.4739688038825989,0.5062138934930166
seg_009653,sample_03316,mystery team 2090 - Jesse Futerman,1,0.7761426568031311,cnn_revised_20260919T110440Z,cnn_s2_17,val,Log-Mel CNN,0.4739688038825989,0.5062138934930166
seg_009654,sample_03317,My Body Is A Weapon (Compromise Edit) - Silence is full of birds,1,0.9416710138320923,cnn_revised_20260919T110440Z,cnn_s2_17,val,Log-Mel CNN,0.4739688038825989,0.5062138934930166
seg_009655,sample_03317,My Body Is A Weapon (Compromise Edit) - Silence is full of birds,1,0.8157950043678284,cnn_revised_20260919T110440Z,cnn_s2_17,val,Log-Mel CNN,0.4739688038825989,0.5062138934930166
seg_009656,sample_03317,My Body Is A Weapon (Compromise Edit) - Silence is full of birds,1,0.5047954320907593,cnn_revised_20260919T110440Z,cnn_s2_17,val,Log-Mel CNN,0.4739688038825989,0.5062138934930166
seg_009666,sample_03321,New Life (take 1) - Bird Names,1,0.9204983115196228,cnn_revised_20260919T110440Z,cnn_s2_17,val,Log-Mel CNN,0.4739688038825989,0.5062138934930166
seg_009667,sample_03321,New Life (take 1) - Bird Names,1,0.9688178300857544,cnn_revised_20260919T110440Z,cnn_s2_17,val,Log-Mel CNN,0.4739688038825989,0.5062138934930166
seg_009668,sample_03321,New Life (take 1) - Bird Names,1,0.8070439100265503,cnn_revised_20260919T110440Z,cnn_s2_17,val,Log-Mel CNN,0.4739688038825989,0.5062138934930166
seg_009672,sample_03323,Night Drive - Decktonic,1,0.5215702056884766,cnn_revised_20260919T110440Z,cnn_s2_17,val,Log-Mel CNN,0.4739688038825989,0.5062138934930166
seg_009673,sample_03323,Night Drive - Decktonic,1,0.9272251725196838,cnn_revised_20260919T110440Z,cnn_s2_17,val,Log-Mel CNN,0.4739688038825989,0.5062138934930166
seg_009674,sample_03323,Night Drive - Decktonic,1,0.9006738662719727,cnn_revised_20260919T110440Z,cnn_s2_17,val,Log-Mel CNN,0.4739688038825989,0.5062138934930166
seg_009681,sample_03326,Norweigian Wood II - Bird Names,1,0.6811050772666931,cnn_revised_20260919T110440Z,cnn_s2_17,val,Log-Mel CNN,0.4739688038825989,0.5062138934930166
seg_009682,sample_03326,Norweigian Wood II - Bird Names,1,0.4158640205860138,cnn_revised_20260919T110440Z,cnn_s2_17,val,Log-Mel CNN,0.4739688038825989,0.5062138934930166
seg_009683,sample_03326,Norweigian Wood II - Bird Names,1,0.8965441584587097,cnn_revised_20260919T110440Z,cnn_s2_17,val,Log-Mel CNN,0.4739688038825989,0.5062138934930166
seg_009693,sample_03330,Nuo Maisemat - Paavoharju,1,0.7056129574775696,cnn_revised_20260919T110440Z,cnn_s2_17,val,Log-Mel CNN,0.4739688038825989,0.5062138934930166
seg_009694,sample_03330,Nuo Maisemat - Paavoharju,1,0.9863518476486206,cnn_revised_20260919T110440Z,cnn_s2_17,val,Log-Mel CNN,0.4739688038825989,0.5062138934930166
seg_009695,sample_03330,Nuo Maisemat - Paavoharju,1,0.9331139922142029,cnn_revised_20260919T110440Z,cnn_s2_17,val,Log-Mel CNN,0.4739688038825989,0.5062138934930166
seg_009756,sample_03351,Redlight - Room For A Ghost,1,0.9601704478263855,cnn_revised_20260919T110440Z,cnn_s2_17,val,Log-Mel CNN,0.4739688038825989,0.5062138934930166
seg_009757,sample_03351,Redlight - Room For A Ghost,1,0.9800463914871216,cnn_revised_20260919T110440Z,cnn_s2_17,val,Log-Mel CNN,0.4739688038825989,0.5062138934930166
seg_009758,sample_03351,Redlight - Room For A Ghost,1,0.9220654964447021,cnn_revised_20260919T110440Z,cnn_s2_17,val,Log-Mel CNN,0.4739688038825989,0.5062138934930166
seg_009774,sample_03357,Roller Star - Monroeville Music Center,1,0.9281873106956482,cnn_revised_20260919T110440Z,cnn_s2_17,val,Log-Mel CNN,0.4739688038825989,0.5062138934930166
seg_009775,sample_03357,Roller Star - Monroeville Music Center,1,0.9358281493186951,cnn_revised_20260919T110440Z,cnn_s2_17,val,Log-Mel CNN,0.4739688038825989,0.5062138934930166
seg_009776,sample_03357,Roller Star - Monroeville Music Center,1,0.8584352731704712,cnn_revised_20260919T110440Z,cnn_s2_17,val,Log-Mel CNN,0.4739688038825989,0.5062138934930166
seg_009780,sample_03359,"Roundtrip - Oh Yeah, the Future",1,0.7640268802642822,cnn_revised_20260919T110440Z,cnn_s2_17,val,Log-Mel CNN,0.4739688038825989,0.5062138934930166
seg_009781,sample_03359,"Roundtrip - Oh Yeah, the Future",1,0.8514560461044312,cnn_revised_20260919T110440Z,cnn_s2_17,val,Log-Mel CNN,0.4739688038825989,0.5062138934930166
seg_009782,sample_03359,"Roundtrip - Oh Yeah, the Future",1,0.8647856712341309,cnn_revised_20260919T110440Z,cnn_s2_17,val,Log-Mel CNN,0.4739688038825989,0.5062138934930166
seg_009792,sample_03363,Scramby Eggs - Andy G. Cohen,1,0.9581486582756042,cnn_revised_20260919T110440Z,cnn_s2_17,val,Log-Mel CNN,0.4739688038825989,0.5062138934930166
seg_009793,sample_03363,Scramby Eggs - Andy G. Cohen,1,0.5580234527587891,cnn_revised_20260919T110440Z,cnn_s2_17,val,Log-Mel CNN,0.4739688038825989,0.5062138934930166
seg_009794,sample_03363,Scramby Eggs - Andy G. Cohen,1,0.5436690449714661,cnn_revised_20260919T110440Z,cnn_s2_17,val,Log-Mel CNN,0.4739688038825989,0.5062138934930166
seg_009795,sample_03364,SD (Ill Mix) - H-LR,1,0.6967743039131165,cnn_revised_20260919T110440Z,cnn_s2_17,val,Log-Mel CNN,0.4739688038825989,0.5062138934930166
seg_009796,sample_03364,SD (Ill Mix) - H-LR,1,0.7677406668663025,cnn_revised_20260919T110440Z,cnn_s2_17,val,Log-Mel CNN,0.4739688038825989,0.5062138934930166
seg_009797,sample_03364,SD (Ill Mix) - H-LR,1,0.8369853496551514,cnn_revised_20260919T110440Z,cnn_s2_17,val,Log-Mel CNN,0.4739688038825989,0.5062138934930166
seg_009819,sample_03372,Shipwrecked Crew - Pete Prodoehl,1,0.92208331823349,cnn_revised_20260919T110440Z,cnn_s2_17,val,Log-Mel CNN,0.4739688038825989,0.5062138934930166
seg_009820,sample_03372,Shipwrecked Crew - Pete Prodoehl,1,0.8769276142120361,cnn_revised_20260919T110440Z,cnn_s2_17,val,Log-Mel CNN,0.4739688038825989,0.5062138934930166
seg_009821,sample_03372,Shipwrecked Crew - Pete Prodoehl,1,0.4295876622200012,cnn_revised_20260919T110440Z,cnn_s2_17,val,Log-Mel CNN,0.4739688038825989,0.5062138934930166
seg_009837,sample_03378,Soleares&beats - Malaventura,1,0.9145057797431946,cnn_revised_20260919T110440Z,cnn_s2_17,val,Log-Mel CNN,0.4739688038825989,0.5062138934930166
seg_009838,sample_03378,Soleares&beats - Malaventura,1,0.6655873656272888,cnn_revised_20260919T110440Z,cnn_s2_17,val,Log-Mel CNN,0.4739688038825989,0.5062138934930166
seg_009839,sample_03378,Soleares&beats - Malaventura,1,0.4430371820926666,cnn_revised_20260919T110440Z,cnn_s2_17,val,Log-Mel CNN,0.4739688038825989,0.5062138934930166
seg_009843,sample_03380,some dextromethorphan - Jeva,1,0.8007839918136597,cnn_revised_20260919T110440Z,cnn_s2_17,val,Log-Mel CNN,0.4739688038825989,0.5062138934930166
seg_009844,sample_03380,some dextromethorphan - Jeva,1,0.9278355836868286,cnn_revised_20260919T110440Z,cnn_s2_17,val,Log-Mel CNN,0.4739688038825989,0.5062138934930166
seg_009845,sample_03380,some dextromethorphan - Jeva,1,0.9291626811027527,cnn_revised_20260919T110440Z,cnn_s2_17,val,Log-Mel CNN,0.4739688038825989,0.5062138934930166
seg_009858,sample_03385,Stockholm Syndrome / People Should Be More Aware - Bird Names,1,0.9540132284164429,cnn_revised_20260919T110440Z,cnn_s2_17,val,Log-Mel CNN,0.4739688038825989,0.5062138934930166
seg_009859,sample_03385,Stockholm Syndrome / People Should Be More Aware - Bird Names,1,0.9687869548797607,cnn_revised_20260919T110440Z,cnn_s2_17,val,Log-Mel CNN,0.4739688038825989,0.5062138934930166
seg_009860,sample_03385,Stockholm Syndrome / People Should Be More Aware - Bird Names,1,0.925694465637207,cnn_revised_20260919T110440Z,cnn_s2_17,val,Log-Mel CNN,0.4739688038825989,0.5062138934930166
seg_009870,sample_03389,Sturgeon's Law - Nihilore,1,0.8759074807167053,cnn_revised_20260919T110440Z,cnn_s2_17,val,Log-Mel CNN,0.4739688038825989,0.5062138934930166
seg_009871,sample_03389,Sturgeon's Law - Nihilore,1,0.9348753094673157,cnn_revised_20260919T110440Z,cnn_s2_17,val,Log-Mel CNN,0.4739688038825989,0.5062138934930166
seg_009872,sample_03389,Sturgeon's Law - Nihilore,1,0.9099313616752625,cnn_revised_20260919T110440Z,cnn_s2_17,val,Log-Mel CNN,0.4739688038825989,0.5062138934930166
seg_009927,sample_03408,The girl just faded - Los Llamarada,1,0.8818953633308411,cnn_revised_20260919T110440Z,cnn_s2_17,val,Log-Mel CNN,0.4739688038825989,0.5062138934930166
seg_009928,sample_03408,The girl just faded - Los Llamarada,1,0.8738915920257568,cnn_revised_20260919T110440Z,cnn_s2_17,val,Log-Mel CNN,0.4739688038825989,0.5062138934930166
seg_009929,sample_03408,The girl just faded - Los Llamarada,1,0.677230715751648,cnn_revised_20260919T110440Z,cnn_s2_17,val,Log-Mel CNN,0.4739688038825989,0.5062138934930166
seg_009954,sample_03417,The Stairway - WarpToken,1,0.8659675717353821,cnn_revised_20260919T110440Z,cnn_s2_17,val,Log-Mel CNN,0.4739688038825989,0.5062138934930166
seg_009955,sample_03417,The Stairway - WarpToken,1,0.9548894166946411,cnn_revised_20260919T110440Z,cnn_s2_17,val,Log-Mel CNN,0.4739688038825989,0.5062138934930166
seg_009956,sample_03417,The Stairway - WarpToken,1,0.691412627696991,cnn_revised_20260919T110440Z,cnn_s2_17,val,Log-Mel CNN,0.4739688038825989,0.5062138934930166
seg_009957,sample_03418,Three Bird - My brother Daniel,1,0.22403979301452637,cnn_revised_20260919T110440Z,cnn_s2_17,val,Log-Mel CNN,0.4739688038825989,0.5062138934930166
seg_009958,sample_03418,Three Bird - My brother Daniel,1,0.42280787229537964,cnn_revised_20260919T110440Z,cnn_s2_17,val,Log-Mel CNN,0.4739688038825989,0.5062138934930166
seg_009959,sample_03418,Three Bird - My brother Daniel,1,0.6691170334815979,cnn_revised_20260919T110440Z,cnn_s2_17,val,Log-Mel CNN,0.4739688038825989,0.5062138934930166
seg_009960,sample_03419,Timen Passing By - Jason Shaw,1,0.8682627081871033,cnn_revised_20260919T110440Z,cnn_s2_17,val,Log-Mel CNN,0.4739688038825989,0.5062138934930166
seg_009961,sample_03419,Timen Passing By - Jason Shaw,1,0.6709516644477844,cnn_revised_20260919T110440Z,cnn_s2_17,val,Log-Mel CNN,0.4739688038825989,0.5062138934930166
seg_009962,sample_03419,Timen Passing By - Jason Shaw,1,0.8341463804244995,cnn_revised_20260919T110440Z,cnn_s2_17,val,Log-Mel CNN,0.4739688038825989,0.5062138934930166
seg_009963,sample_03420,Time Is Love - Silence is full of birds,1,0.933633029460907,cnn_revised_20260919T110440Z,cnn_s2_17,val,Log-Mel CNN,0.4739688038825989,0.5062138934930166
seg_009964,sample_03420,Time Is Love - Silence is full of birds,1,0.9133239388465881,cnn_revised_20260919T110440Z,cnn_s2_17,val,Log-Mel CNN,0.4739688038825989,0.5062138934930166
seg_009965,sample_03420,Time Is Love - Silence is full of birds,1,0.9503036737442017,cnn_revised_20260919T110440Z,cnn_s2_17,val,Log-Mel CNN,0.4739688038825989,0.5062138934930166
seg_009990,sample_03429,Understand That This Is A Dream - From the album Modulating Coil [RSVP008] - Forrest James,1,0.9317345023155212,cnn_revised_20260919T110440Z,cnn_s2_17,val,Log-Mel CNN,0.4739688038825989,0.5062138934930166
seg_009991,sample_03429,Understand That This Is A Dream - From the album Modulating Coil [RSVP008] - Forrest James,1,0.8599585294723511,cnn_revised_20260919T110440Z,cnn_s2_17,val,Log-Mel CNN,0.4739688038825989,0.5062138934930166
seg_009992,sample_03429,Understand That This Is A Dream - From the album Modulating Coil [RSVP008] - Forrest James,1,0.7275168299674988,cnn_revised_20260919T110440Z,cnn_s2_17,val,Log-Mel CNN,0.4739688038825989,0.5062138934930166
seg_010005,sample_03434,Voxel - Andy G. Cohen,1,0.677754819393158,cnn_revised_20260919T110440Z,cnn_s2_17,val,Log-Mel CNN,0.4739688038825989,0.5062138934930166
seg_010006,sample_03434,Voxel - Andy G. Cohen,1,0.943993866443634,cnn_revised_20260919T110440Z,cnn_s2_17,val,Log-Mel CNN,0.4739688038825989,0.5062138934930166
seg_010007,sample_03434,Voxel - Andy G. Cohen,1,0.7904724478721619,cnn_revised_20260919T110440Z,cnn_s2_17,val,Log-Mel CNN,0.4739688038825989,0.5062138934930166
seg_010011,sample_03436,Westside Chillers - Little Glass Men,1,0.956723153591156,cnn_revised_20260919T110440Z,cnn_s2_17,val,Log-Mel CNN,0.4739688038825989,0.5062138934930166
seg_010012,sample_03436,Westside Chillers - Little Glass Men,1,0.44645485281944275,cnn_revised_20260919T110440Z,cnn_s2_17,val,Log-Mel CNN,0.4739688038825989,0.5062138934930166
seg_010013,sample_03436,Westside Chillers - Little Glass Men,1,0.6280472278594971,cnn_revised_20260919T110440Z,cnn_s2_17,val,Log-Mel CNN,0.4739688038825989,0.5062138934930166
seg_010065,sample_03454,Новый Нью-Йорк 2 - Чокнутый Пропеллер,1,0.9297050833702087,cnn_revised_20260919T110440Z,cnn_s2_17,val,Log-Mel CNN,0.4739688038825989,0.5062138934930166
seg_010066,sample_03454,Новый Нью-Йорк 2 - Чокнутый Пропеллер,1,0.2608988285064697,cnn_revised_20260919T110440Z,cnn_s2_17,val,Log-Mel CNN,0.4739688038825989,0.5062138934930166
seg_010067,sample_03454,Новый Нью-Йорк 2 - Чокнутый Пропеллер,1,0.2563210725784302,cnn_revised_20260919T110440Z,cnn_s2_17,val,Log-Mel CNN,0.4739688038825989,0.5062138934930166
seg_010071,sample_03456,Windows of the Skull - Sarin,1,0.9231518507003784,cnn_revised_20260919T110440Z,cnn_s2_17,val,Log-Mel CNN,0.4739688038825989,0.5062138934930166
seg_010072,sample_03456,Windows of the Skull - Sarin,1,0.9400301575660706,cnn_revised_20260919T110440Z,cnn_s2_17,val,Log-Mel CNN,0.4739688038825989,0.5062138934930166
seg_010073,sample_03456,Windows of the Skull - Sarin,1,0.9882644414901733,cnn_revised_20260919T110440Z,cnn_s2_17,val,Log-Mel CNN,0.4739688038825989,0.5062138934930166
