segment_id,track_id,original_audio_id,label,score,run_id,trial_id,split,model,segment_threshold,track_threshold
seg_000006,sample_00002,2 (Wasn't There) - Isle of Pine,0,0.010035024955868721,cnn_revised_20260919T110440Z,cnn_s1_06,val,Log-Mel CNN,0.3011821508407593,0.357628991206487
seg_000007,sample_00002,2 (Wasn't There) - Isle of Pine,0,0.021671699360013008,cnn_revised_20260919T110440Z,cnn_s1_06,val,Log-Mel CNN,0.3011821508407593,0.357628991206487
seg_000008,sample_00002,2 (Wasn't There) - Isle of Pine,0,0.014074201695621014,cnn_revised_20260919T110440Z,cnn_s1_06,val,Log-Mel CNN,0.3011821508407593,0.357628991206487
seg_000039,sample_00013,Agora - Malaventura,0,0.15060779452323914,cnn_revised_20260919T110440Z,cnn_s1_06,val,Log-Mel CNN,0.3011821508407593,0.357628991206487
seg_000040,sample_00013,Agora - Malaventura,0,0.25642701983451843,cnn_revised_20260919T110440Z,cnn_s1_06,val,Log-Mel CNN,0.3011821508407593,0.357628991206487
seg_000041,sample_00013,Agora - Malaventura,0,0.3784765601158142,cnn_revised_20260919T110440Z,cnn_s1_06,val,Log-Mel CNN,0.3011821508407593,0.357628991206487
seg_000081,sample_00027,Beyond Luxury - Mors Ontologica,0,0.001825690851546824,cnn_revised_20260919T110440Z,cnn_s1_06,val,Log-Mel CNN,0.3011821508407593,0.357628991206487
seg_000082,sample_00027,Beyond Luxury - Mors Ontologica,0,0.018363280221819878,cnn_revised_20260919T110440Z,cnn_s1_06,val,Log-Mel CNN,0.3011821508407593,0.357628991206487
seg_000083,sample_00027,Beyond Luxury - Mors Ontologica,0,0.058168925344944,cnn_revised_20260919T110440Z,cnn_s1_06,val,Log-Mel CNN,0.3011821508407593,0.357628991206487
seg_000129,sample_00043,CopperNickle - UncleBibby,0,0.0018478278070688248,cnn_revised_20260919T110440Z,cnn_s1_06,val,Log-Mel CNN,0.3011821508407593,0.357628991206487
seg_000130,sample_00043,CopperNickle - UncleBibby,0,0.012048006057739258,cnn_revised_20260919T110440Z,cnn_s1_06,val,Log-Mel CNN,0.3011821508407593,0.357628991206487
seg_000131,sample_00043,CopperNickle - UncleBibby,0,0.004026662092655897,cnn_revised_20260919T110440Z,cnn_s1_06,val,Log-Mel CNN,0.3011821508407593,0.357628991206487
seg_000141,sample_00047,Daylight Savings - My brother Daniel,0,0.042803388088941574,cnn_revised_20260919T110440Z,cnn_s1_06,val,Log-Mel CNN,0.3011821508407593,0.357628991206487
seg_000142,sample_00047,Daylight Savings - My brother Daniel,0,0.0626906156539917,cnn_revised_20260919T110440Z,cnn_s1_06,val,Log-Mel CNN,0.3011821508407593,0.357628991206487
seg_000143,sample_00047,Daylight Savings - My brother Daniel,0,0.0406377911567688,cnn_revised_20260919T110440Z,cnn_s1_06,val,Log-Mel CNN,0.3011821508407593,0.357628991206487
seg_000177,sample_00059,Empty Pockets - Pete Prodoehl,0,0.003370322985574603,cnn_revised_20260919T110440Z,cnn_s1_06,val,Log-Mel CNN,0.3011821508407593,0.357628991206487
seg_000178,sample_00059,Empty Pockets - Pete Prodoehl,0,0.06650780886411667,cnn_revised_20260919T110440Z,cnn_s1_06,val,Log-Mel CNN,0.3011821508407593,0.357628991206487
seg_000179,sample_00059,Empty Pockets - Pete Prodoehl,0,0.14189225435256958,cnn_revised_20260919T110440Z,cnn_s1_06,val,Log-Mel CNN,0.3011821508407593,0.357628991206487
seg_000195,sample_00065,Evil Cannot Create - Caleb Lemond,0,0.028329983353614807,cnn_revised_20260919T110440Z,cnn_s1_06,val,Log-Mel CNN,0.3011821508407593,0.357628991206487
seg_000196,sample_00065,Evil Cannot Create - Caleb Lemond,0,0.48450034856796265,cnn_revised_20260919T110440Z,cnn_s1_06,val,Log-Mel CNN,0.3011821508407593,0.357628991206487
seg_000197,sample_00065,Evil Cannot Create - Caleb Lemond,0,0.31260043382644653,cnn_revised_20260919T110440Z,cnn_s1_06,val,Log-Mel CNN,0.3011821508407593,0.357628991206487
seg_000201,sample_00067,Fear - Los Fancy Free,0,0.002516916487365961,cnn_revised_20260919T110440Z,cnn_s1_06,val,Log-Mel CNN,0.3011821508407593,0.357628991206487
seg_000202,sample_00067,Fear - Los Fancy Free,0,0.011708701960742474,cnn_revised_20260919T110440Z,cnn_s1_06,val,Log-Mel CNN,0.3011821508407593,0.357628991206487
seg_000203,sample_00067,Fear - Los Fancy Free,0,0.012380162253975868,cnn_revised_20260919T110440Z,cnn_s1_06,val,Log-Mel CNN,0.3011821508407593,0.357628991206487
seg_000204,sample_00068,Fifth Ramble - From the album Keith [RSVP007] - My brother Daniel,0,0.9072000980377197,cnn_revised_20260919T110440Z,cnn_s1_06,val,Log-Mel CNN,0.3011821508407593,0.357628991206487
seg_000205,sample_00068,Fifth Ramble - From the album Keith [RSVP007] - My brother Daniel,0,0.8885385394096375,cnn_revised_20260919T110440Z,cnn_s1_06,val,Log-Mel CNN,0.3011821508407593,0.357628991206487
seg_000206,sample_00068,Fifth Ramble - From the album Keith [RSVP007] - My brother Daniel,0,0.8980303406715393,cnn_revised_20260919T110440Z,cnn_s1_06,val,Log-Mel CNN,0.3011821508407593,0.357628991206487
seg_000240,sample_00080,Gila Monster Flop/Music History Lesson:The Sonics - The Crypts!,0,0.03396439179778099,cnn_revised_20260919T110440Z,cnn_s1_06,val,Log-Mel CNN,0.3011821508407593,0.357628991206487
seg_000241,sample_00080,Gila Monster Flop/Music History Lesson:The Sonics - The Crypts!,0,0.009304024279117584,cnn_revised_20260919T110440Z,cnn_s1_06,val,Log-Mel CNN,0.3011821508407593,0.357628991206487
seg_000242,sample_00080,Gila Monster Flop/Music History Lesson:The Sonics - The Crypts!,0,0.003803130006417632,cnn_revised_20260919T110440Z,cnn_s1_06,val,Log-Mel CNN,0.3011821508407593,0.357628991206487
seg_000285,sample_00095,I Fell - Mod Fun,0,0.0010271177161484957,cnn_revised_20260919T110440Z,cnn_s1_06,val,Log-Mel CNN,0.3011821508407593,0.357628991206487
seg_000286,sample_00095,I Fell - Mod Fun,0,0.0053117768839001656,cnn_revised_20260919T110440Z,cnn_s1_06,val,Log-Mel CNN,0.3011821508407593,0.357628991206487
seg_000287,sample_00095,I Fell - Mod Fun,0,0.0034214856568723917,cnn_revised_20260919T110440Z,cnn_s1_06,val,Log-Mel CNN,0.3011821508407593,0.357628991206487
seg_000297,sample_00099,If You're Ther - Nicola Ratti,0,0.1641649603843689,cnn_revised_20260919T110440Z,cnn_s1_06,val,Log-Mel CNN,0.3011821508407593,0.357628991206487
seg_000298,sample_00099,If You're Ther - Nicola Ratti,0,0.02598816528916359,cnn_revised_20260919T110440Z,cnn_s1_06,val,Log-Mel CNN,0.3011821508407593,0.357628991206487
seg_000299,sample_00099,If You're Ther - Nicola Ratti,0,0.009498103521764278,cnn_revised_20260919T110440Z,cnn_s1_06,val,Log-Mel CNN,0.3011821508407593,0.357628991206487
seg_000342,sample_00114,Kumorizoranohajimarutokoro - Hosomi,0,0.0015167174860835075,cnn_revised_20260919T110440Z,cnn_s1_06,val,Log-Mel CNN,0.3011821508407593,0.357628991206487
seg_000343,sample_00114,Kumorizoranohajimarutokoro - Hosomi,0,0.005270817782729864,cnn_revised_20260919T110440Z,cnn_s1_06,val,Log-Mel CNN,0.3011821508407593,0.357628991206487
seg_000344,sample_00114,Kumorizoranohajimarutokoro - Hosomi,0,0.045868828892707825,cnn_revised_20260919T110440Z,cnn_s1_06,val,Log-Mel CNN,0.3011821508407593,0.357628991206487
seg_000384,sample_00128,Lights Up - Pipe Choir,0,0.05624230206012726,cnn_revised_20260919T110440Z,cnn_s1_06,val,Log-Mel CNN,0.3011821508407593,0.357628991206487
seg_000385,sample_00128,Lights Up - Pipe Choir,0,0.3011821508407593,cnn_revised_20260919T110440Z,cnn_s1_06,val,Log-Mel CNN,0.3011821508407593,0.357628991206487
seg_000386,sample_00128,Lights Up - Pipe Choir,0,0.12175349146127701,cnn_revised_20260919T110440Z,cnn_s1_06,val,Log-Mel CNN,0.3011821508407593,0.357628991206487
seg_000399,sample_00133,Loved Ones - Rowan Box,0,0.0018895611865445971,cnn_revised_20260919T110440Z,cnn_s1_06,val,Log-Mel CNN,0.3011821508407593,0.357628991206487
seg_000400,sample_00133,Loved Ones - Rowan Box,0,0.009546726010739803,cnn_revised_20260919T110440Z,cnn_s1_06,val,Log-Mel CNN,0.3011821508407593,0.357628991206487
seg_000401,sample_00133,Loved Ones - Rowan Box,0,0.0011825800174847245,cnn_revised_20260919T110440Z,cnn_s1_06,val,Log-Mel CNN,0.3011821508407593,0.357628991206487
seg_000408,sample_00136,March of the GPA Mechanics - [t]ghost,0,0.09795889258384705,cnn_revised_20260919T110440Z,cnn_s1_06,val,Log-Mel CNN,0.3011821508407593,0.357628991206487
seg_000409,sample_00136,March of the GPA Mechanics - [t]ghost,0,0.2180238962173462,cnn_revised_20260919T110440Z,cnn_s1_06,val,Log-Mel CNN,0.3011821508407593,0.357628991206487
seg_000410,sample_00136,March of the GPA Mechanics - [t]ghost,0,0.027293844148516655,cnn_revised_20260919T110440Z,cnn_s1_06,val,Log-Mel CNN,0.3011821508407593,0.357628991206487
seg_000426,sample_00142,Morning Bell - Nihilore,0,0.010973365046083927,cnn_revised_20260919T110440Z,cnn_s1_06,val,Log-Mel CNN,0.3011821508407593,0.357628991206487
seg_000427,sample_00142,Morning Bell - Nihilore,0,0.03478259593248367,cnn_revised_20260919T110440Z,cnn_s1_06,val,Log-Mel CNN,0.3011821508407593,0.357628991206487
seg_000428,sample_00142,Morning Bell - Nihilore,0,0.013030009344220161,cnn_revised_20260919T110440Z,cnn_s1_06,val,Log-Mel CNN,0.3011821508407593,0.357628991206487
seg_000441,sample_00147,My Body Is A Weapon (Compromise Edit) - Silence is full of birds,0,0.047678906470537186,cnn_revised_20260919T110440Z,cnn_s1_06,val,Log-Mel CNN,0.3011821508407593,0.357628991206487
seg_000442,sample_00147,My Body Is A Weapon (Compromise Edit) - Silence is full of birds,0,0.048082392662763596,cnn_revised_20260919T110440Z,cnn_s1_06,val,Log-Mel CNN,0.3011821508407593,0.357628991206487
seg_000443,sample_00147,My Body Is A Weapon (Compromise Edit) - Silence is full of birds,0,0.04450279846787453,cnn_revised_20260919T110440Z,cnn_s1_06,val,Log-Mel CNN,0.3011821508407593,0.357628991206487
seg_000453,sample_00151,New Life (take 1) - Bird Names,0,0.0027537252753973007,cnn_revised_20260919T110440Z,cnn_s1_06,val,Log-Mel CNN,0.3011821508407593,0.357628991206487
seg_000454,sample_00151,New Life (take 1) - Bird Names,0,0.006654371973127127,cnn_revised_20260919T110440Z,cnn_s1_06,val,Log-Mel CNN,0.3011821508407593,0.357628991206487
seg_000455,sample_00151,New Life (take 1) - Bird Names,0,0.00816670898348093,cnn_revised_20260919T110440Z,cnn_s1_06,val,Log-Mel CNN,0.3011821508407593,0.357628991206487
seg_000459,sample_00153,Night Drive - Decktonic,0,0.00012196180614409968,cnn_revised_20260919T110440Z,cnn_s1_06,val,Log-Mel CNN,0.3011821508407593,0.357628991206487
seg_000460,sample_00153,Night Drive - Decktonic,0,0.00046564609510824084,cnn_revised_20260919T110440Z,cnn_s1_06,val,Log-Mel CNN,0.3011821508407593,0.357628991206487
seg_000461,sample_00153,Night Drive - Decktonic,0,0.00027412071358412504,cnn_revised_20260919T110440Z,cnn_s1_06,val,Log-Mel CNN,0.3011821508407593,0.357628991206487
seg_000468,sample_00156,Norweigian Wood II - Bird Names,0,0.002131987828761339,cnn_revised_20260919T110440Z,cnn_s1_06,val,Log-Mel CNN,0.3011821508407593,0.357628991206487
seg_000469,sample_00156,Norweigian Wood II - Bird Names,0,0.007941990159451962,cnn_revised_20260919T110440Z,cnn_s1_06,val,Log-Mel CNN,0.3011821508407593,0.357628991206487
seg_000470,sample_00156,Norweigian Wood II - Bird Names,0,0.017444748431444168,cnn_revised_20260919T110440Z,cnn_s1_06,val,Log-Mel CNN,0.3011821508407593,0.357628991206487
seg_000480,sample_00160,Nuo Maisemat - Paavoharju,0,0.060907382518053055,cnn_revised_20260919T110440Z,cnn_s1_06,val,Log-Mel CNN,0.3011821508407593,0.357628991206487
seg_000481,sample_00160,Nuo Maisemat - Paavoharju,0,0.10379461199045181,cnn_revised_20260919T110440Z,cnn_s1_06,val,Log-Mel CNN,0.3011821508407593,0.357628991206487
seg_000482,sample_00160,Nuo Maisemat - Paavoharju,0,0.08308257907629013,cnn_revised_20260919T110440Z,cnn_s1_06,val,Log-Mel CNN,0.3011821508407593,0.357628991206487
seg_000537,sample_00179,Redlight - Room For A Ghost,0,0.023156791925430298,cnn_revised_20260919T110440Z,cnn_s1_06,val,Log-Mel CNN,0.3011821508407593,0.357628991206487
seg_000538,sample_00179,Redlight - Room For A Ghost,0,0.27197107672691345,cnn_revised_20260919T110440Z,cnn_s1_06,val,Log-Mel CNN,0.3011821508407593,0.357628991206487
seg_000539,sample_00179,Redlight - Room For A Ghost,0,0.36374515295028687,cnn_revised_20260919T110440Z,cnn_s1_06,val,Log-Mel CNN,0.3011821508407593,0.357628991206487
seg_000555,sample_00185,Roller Star - Monroeville Music Center,0,0.014371308498084545,cnn_revised_20260919T110440Z,cnn_s1_06,val,Log-Mel CNN,0.3011821508407593,0.357628991206487
seg_000556,sample_00185,Roller Star - Monroeville Music Center,0,0.02216588892042637,cnn_revised_20260919T110440Z,cnn_s1_06,val,Log-Mel CNN,0.3011821508407593,0.357628991206487
seg_000557,sample_00185,Roller Star - Monroeville Music Center,0,0.03674028441309929,cnn_revised_20260919T110440Z,cnn_s1_06,val,Log-Mel CNN,0.3011821508407593,0.357628991206487
seg_000561,sample_00187,"Roundtrip - Oh Yeah, the Future",0,0.01824660785496235,cnn_revised_20260919T110440Z,cnn_s1_06,val,Log-Mel CNN,0.3011821508407593,0.357628991206487
seg_000562,sample_00187,"Roundtrip - Oh Yeah, the Future",0,0.005796615034341812,cnn_revised_20260919T110440Z,cnn_s1_06,val,Log-Mel CNN,0.3011821508407593,0.357628991206487
seg_000563,sample_00187,"Roundtrip - Oh Yeah, the Future",0,0.019585227593779564,cnn_revised_20260919T110440Z,cnn_s1_06,val,Log-Mel CNN,0.3011821508407593,0.357628991206487
seg_000570,sample_00190,SD (Ill Mix) - H-LR,0,0.003741279011592269,cnn_revised_20260919T110440Z,cnn_s1_06,val,Log-Mel CNN,0.3011821508407593,0.357628991206487
seg_000571,sample_00190,SD (Ill Mix) - H-LR,0,0.06732399016618729,cnn_revised_20260919T110440Z,cnn_s1_06,val,Log-Mel CNN,0.3011821508407593,0.357628991206487
seg_000572,sample_00190,SD (Ill Mix) - H-LR,0,0.007534871809184551,cnn_revised_20260919T110440Z,cnn_s1_06,val,Log-Mel CNN,0.3011821508407593,0.357628991206487
seg_000576,sample_00192,Scramby Eggs - Andy G. Cohen,0,0.009409335441887379,cnn_revised_20260919T110440Z,cnn_s1_06,val,Log-Mel CNN,0.3011821508407593,0.357628991206487
seg_000577,sample_00192,Scramby Eggs - Andy G. Cohen,0,0.008297509513795376,cnn_revised_20260919T110440Z,cnn_s1_06,val,Log-Mel CNN,0.3011821508407593,0.357628991206487
seg_000578,sample_00192,Scramby Eggs - Andy G. Cohen,0,0.010552470572292805,cnn_revised_20260919T110440Z,cnn_s1_06,val,Log-Mel CNN,0.3011821508407593,0.357628991206487
seg_000600,sample_00200,Shipwrecked Crew - Pete Prodoehl,0,0.22417449951171875,cnn_revised_20260919T110440Z,cnn_s1_06,val,Log-Mel CNN,0.3011821508407593,0.357628991206487
seg_000601,sample_00200,Shipwrecked Crew - Pete Prodoehl,0,0.43643486499786377,cnn_revised_20260919T110440Z,cnn_s1_06,val,Log-Mel CNN,0.3011821508407593,0.357628991206487
seg_000602,sample_00200,Shipwrecked Crew - Pete Prodoehl,0,0.5118069648742676,cnn_revised_20260919T110440Z,cnn_s1_06,val,Log-Mel CNN,0.3011821508407593,0.357628991206487
seg_000615,sample_00205,Soleares&beats - Malaventura,0,0.20063652098178864,cnn_revised_20260919T110440Z,cnn_s1_06,val,Log-Mel CNN,0.3011821508407593,0.357628991206487
seg_000616,sample_00205,Soleares&beats - Malaventura,0,0.23873627185821533,cnn_revised_20260919T110440Z,cnn_s1_06,val,Log-Mel CNN,0.3011821508407593,0.357628991206487
seg_000617,sample_00205,Soleares&beats - Malaventura,0,0.3161265254020691,cnn_revised_20260919T110440Z,cnn_s1_06,val,Log-Mel CNN,0.3011821508407593,0.357628991206487
seg_000633,sample_00211,Stockholm Syndrome / People Should Be More Aware - Bird Names,0,0.010172129608690739,cnn_revised_20260919T110440Z,cnn_s1_06,val,Log-Mel CNN,0.3011821508407593,0.357628991206487
seg_000634,sample_00211,Stockholm Syndrome / People Should Be More Aware - Bird Names,0,0.13360345363616943,cnn_revised_20260919T110440Z,cnn_s1_06,val,Log-Mel CNN,0.3011821508407593,0.357628991206487
seg_000635,sample_00211,Stockholm Syndrome / People Should Be More Aware - Bird Names,0,0.0403209924697876,cnn_revised_20260919T110440Z,cnn_s1_06,val,Log-Mel CNN,0.3011821508407593,0.357628991206487
seg_000645,sample_00215,Sturgeon's Law - Nihilore,0,0.006561195943504572,cnn_revised_20260919T110440Z,cnn_s1_06,val,Log-Mel CNN,0.3011821508407593,0.357628991206487
seg_000646,sample_00215,Sturgeon's Law - Nihilore,0,0.12355541437864304,cnn_revised_20260919T110440Z,cnn_s1_06,val,Log-Mel CNN,0.3011821508407593,0.357628991206487
seg_000647,sample_00215,Sturgeon's Law - Nihilore,0,0.25430336594581604,cnn_revised_20260919T110440Z,cnn_s1_06,val,Log-Mel CNN,0.3011821508407593,0.357628991206487
seg_000726,sample_00242,The Stairway - WarpToken,0,0.017892610281705856,cnn_revised_20260919T110440Z,cnn_s1_06,val,Log-Mel CNN,0.3011821508407593,0.357628991206487
seg_000727,sample_00242,The Stairway - WarpToken,0,0.2979698181152344,cnn_revised_20260919T110440Z,cnn_s1_06,val,Log-Mel CNN,0.3011821508407593,0.357628991206487
seg_000728,sample_00242,The Stairway - WarpToken,0,0.021492110565304756,cnn_revised_20260919T110440Z,cnn_s1_06,val,Log-Mel CNN,0.3011821508407593,0.357628991206487
seg_000729,sample_00243,The girl just faded - Los Llamarada,0,0.027724547311663628,cnn_revised_20260919T110440Z,cnn_s1_06,val,Log-Mel CNN,0.3011821508407593,0.357628991206487
seg_000730,sample_00243,The girl just faded - Los Llamarada,0,0.11124467104673386,cnn_revised_20260919T110440Z,cnn_s1_06,val,Log-Mel CNN,0.3011821508407593,0.357628991206487
seg_000731,sample_00243,The girl just faded - Los Llamarada,0,0.10056456178426743,cnn_revised_20260919T110440Z,cnn_s1_06,val,Log-Mel CNN,0.3011821508407593,0.357628991206487
seg_000735,sample_00245,Three Bird - My brother Daniel,0,0.00044268660712987185,cnn_revised_20260919T110440Z,cnn_s1_06,val,Log-Mel CNN,0.3011821508407593,0.357628991206487
seg_000736,sample_00245,Three Bird - My brother Daniel,0,0.00013273110380396247,cnn_revised_20260919T110440Z,cnn_s1_06,val,Log-Mel CNN,0.3011821508407593,0.357628991206487
seg_000737,sample_00245,Three Bird - My brother Daniel,0,0.004553791601210833,cnn_revised_20260919T110440Z,cnn_s1_06,val,Log-Mel CNN,0.3011821508407593,0.357628991206487
seg_000738,sample_00246,Time Is Love - Silence is full of birds,0,0.012324189767241478,cnn_revised_20260919T110440Z,cnn_s1_06,val,Log-Mel CNN,0.3011821508407593,0.357628991206487
seg_000739,sample_00246,Time Is Love - Silence is full of birds,0,0.08674655109643936,cnn_revised_20260919T110440Z,cnn_s1_06,val,Log-Mel CNN,0.3011821508407593,0.357628991206487
seg_000740,sample_00246,Time Is Love - Silence is full of birds,0,0.06891371309757233,cnn_revised_20260919T110440Z,cnn_s1_06,val,Log-Mel CNN,0.3011821508407593,0.357628991206487
seg_000744,sample_00248,Timen Passing By - Jason Shaw,0,0.200032576918602,cnn_revised_20260919T110440Z,cnn_s1_06,val,Log-Mel CNN,0.3011821508407593,0.357628991206487
seg_000745,sample_00248,Timen Passing By - Jason Shaw,0,0.12493429332971573,cnn_revised_20260919T110440Z,cnn_s1_06,val,Log-Mel CNN,0.3011821508407593,0.357628991206487
seg_000746,sample_00248,Timen Passing By - Jason Shaw,0,0.21510587632656097,cnn_revised_20260919T110440Z,cnn_s1_06,val,Log-Mel CNN,0.3011821508407593,0.357628991206487
seg_000765,sample_00255,Understand That This Is A Dream - From the album Modulating Coil [RSVP008] - Forrest James,0,0.020684894174337387,cnn_revised_20260919T110440Z,cnn_s1_06,val,Log-Mel CNN,0.3011821508407593,0.357628991206487
seg_000766,sample_00255,Understand That This Is A Dream - From the album Modulating Coil [RSVP008] - Forrest James,0,0.008641469292342663,cnn_revised_20260919T110440Z,cnn_s1_06,val,Log-Mel CNN,0.3011821508407593,0.357628991206487
seg_000767,sample_00255,Understand That This Is A Dream - From the album Modulating Coil [RSVP008] - Forrest James,0,0.032133109867572784,cnn_revised_20260919T110440Z,cnn_s1_06,val,Log-Mel CNN,0.3011821508407593,0.357628991206487
seg_000783,sample_00261,Voxel - Andy G. Cohen,0,0.009187784045934677,cnn_revised_20260919T110440Z,cnn_s1_06,val,Log-Mel CNN,0.3011821508407593,0.357628991206487
seg_000784,sample_00261,Voxel - Andy G. Cohen,0,0.025326291099190712,cnn_revised_20260919T110440Z,cnn_s1_06,val,Log-Mel CNN,0.3011821508407593,0.357628991206487
seg_000785,sample_00261,Voxel - Andy G. Cohen,0,0.032864391803741455,cnn_revised_20260919T110440Z,cnn_s1_06,val,Log-Mel CNN,0.3011821508407593,0.357628991206487
seg_000801,sample_00267,Westside Chillers - Little Glass Men,0,0.038510385900735855,cnn_revised_20260919T110440Z,cnn_s1_06,val,Log-Mel CNN,0.3011821508407593,0.357628991206487
seg_000802,sample_00267,Westside Chillers - Little Glass Men,0,0.03431304171681404,cnn_revised_20260919T110440Z,cnn_s1_06,val,Log-Mel CNN,0.3011821508407593,0.357628991206487
seg_000803,sample_00267,Westside Chillers - Little Glass Men,0,0.013045527040958405,cnn_revised_20260919T110440Z,cnn_s1_06,val,Log-Mel CNN,0.3011821508407593,0.357628991206487
seg_000819,sample_00273,Windows of the Skull - Sarin,0,0.024841513484716415,cnn_revised_20260919T110440Z,cnn_s1_06,val,Log-Mel CNN,0.3011821508407593,0.357628991206487
seg_000820,sample_00273,Windows of the Skull - Sarin,0,0.11992008984088898,cnn_revised_20260919T110440Z,cnn_s1_06,val,Log-Mel CNN,0.3011821508407593,0.357628991206487
seg_000821,sample_00273,Windows of the Skull - Sarin,0,0.09343232214450836,cnn_revised_20260919T110440Z,cnn_s1_06,val,Log-Mel CNN,0.3011821508407593,0.357628991206487
seg_000858,sample_00286,mystery team 2090 - Jesse Futerman,0,0.019808970391750336,cnn_revised_20260919T110440Z,cnn_s1_06,val,Log-Mel CNN,0.3011821508407593,0.357628991206487
seg_000859,sample_00286,mystery team 2090 - Jesse Futerman,0,0.019189119338989258,cnn_revised_20260919T110440Z,cnn_s1_06,val,Log-Mel CNN,0.3011821508407593,0.357628991206487
seg_000860,sample_00286,mystery team 2090 - Jesse Futerman,0,0.03283175453543663,cnn_revised_20260919T110440Z,cnn_s1_06,val,Log-Mel CNN,0.3011821508407593,0.357628991206487
seg_000870,sample_00290,some dextromethorphan - Jeva,0,0.012926974333822727,cnn_revised_20260919T110440Z,cnn_s1_06,val,Log-Mel CNN,0.3011821508407593,0.357628991206487
seg_000871,sample_00290,some dextromethorphan - Jeva,0,0.006621787790209055,cnn_revised_20260919T110440Z,cnn_s1_06,val,Log-Mel CNN,0.3011821508407593,0.357628991206487
seg_000872,sample_00290,some dextromethorphan - Jeva,0,0.02137191779911518,cnn_revised_20260919T110440Z,cnn_s1_06,val,Log-Mel CNN,0.3011821508407593,0.357628991206487
seg_000876,sample_00292,В Наших Сердцах - Чокнутый Пропеллер,0,0.3937295973300934,cnn_revised_20260919T110440Z,cnn_s1_06,val,Log-Mel CNN,0.3011821508407593,0.357628991206487
seg_000877,sample_00292,В Наших Сердцах - Чокнутый Пропеллер,0,0.37923938035964966,cnn_revised_20260919T110440Z,cnn_s1_06,val,Log-Mel CNN,0.3011821508407593,0.357628991206487
seg_000878,sample_00292,В Наших Сердцах - Чокнутый Пропеллер,0,0.3507877588272095,cnn_revised_20260919T110440Z,cnn_s1_06,val,Log-Mel CNN,0.3011821508407593,0.357628991206487
seg_000885,sample_00295,Новый Нью-Йорк 2 - Чокнутый Пропеллер,0,0.18297380208969116,cnn_revised_20260919T110440Z,cnn_s1_06,val,Log-Mel CNN,0.3011821508407593,0.357628991206487
seg_000886,sample_00295,Новый Нью-Йорк 2 - Чокнутый Пропеллер,0,0.2715585231781006,cnn_revised_20260919T110440Z,cnn_s1_06,val,Log-Mel CNN,0.3011821508407593,0.357628991206487
seg_000887,sample_00295,Новый Нью-Йорк 2 - Чокнутый Пропеллер,0,0.3857487142086029,cnn_revised_20260919T110440Z,cnn_s1_06,val,Log-Mel CNN,0.3011821508407593,0.357628991206487
seg_000897,sample_00299,2 (Wasn't There) - Isle of Pine,1,0.9677390456199646,cnn_revised_20260919T110440Z,cnn_s1_06,val,Log-Mel CNN,0.3011821508407593,0.357628991206487
seg_000898,sample_00299,2 (Wasn't There) - Isle of Pine,1,0.9724195003509521,cnn_revised_20260919T110440Z,cnn_s1_06,val,Log-Mel CNN,0.3011821508407593,0.357628991206487
seg_000899,sample_00299,2 (Wasn't There) - Isle of Pine,1,0.970869779586792,cnn_revised_20260919T110440Z,cnn_s1_06,val,Log-Mel CNN,0.3011821508407593,0.357628991206487
seg_000918,sample_00306,Agora - Malaventura,1,0.9813236594200134,cnn_revised_20260919T110440Z,cnn_s1_06,val,Log-Mel CNN,0.3011821508407593,0.357628991206487
seg_000919,sample_00306,Agora - Malaventura,1,0.9900314807891846,cnn_revised_20260919T110440Z,cnn_s1_06,val,Log-Mel CNN,0.3011821508407593,0.357628991206487
seg_000920,sample_00306,Agora - Malaventura,1,0.9916975498199463,cnn_revised_20260919T110440Z,cnn_s1_06,val,Log-Mel CNN,0.3011821508407593,0.357628991206487
seg_000969,sample_00323,Beyond Luxury - Mors Ontologica,1,0.5985293388366699,cnn_revised_20260919T110440Z,cnn_s1_06,val,Log-Mel CNN,0.3011821508407593,0.357628991206487
seg_000970,sample_00323,Beyond Luxury - Mors Ontologica,1,0.5123012065887451,cnn_revised_20260919T110440Z,cnn_s1_06,val,Log-Mel CNN,0.3011821508407593,0.357628991206487
seg_000971,sample_00323,Beyond Luxury - Mors Ontologica,1,0.947606086730957,cnn_revised_20260919T110440Z,cnn_s1_06,val,Log-Mel CNN,0.3011821508407593,0.357628991206487
seg_001014,sample_00338,CopperNickle - UncleBibby,1,0.20984263718128204,cnn_revised_20260919T110440Z,cnn_s1_06,val,Log-Mel CNN,0.3011821508407593,0.357628991206487
seg_001015,sample_00338,CopperNickle - UncleBibby,1,0.25454476475715637,cnn_revised_20260919T110440Z,cnn_s1_06,val,Log-Mel CNN,0.3011821508407593,0.357628991206487
seg_001016,sample_00338,CopperNickle - UncleBibby,1,0.2764492332935333,cnn_revised_20260919T110440Z,cnn_s1_06,val,Log-Mel CNN,0.3011821508407593,0.357628991206487
seg_001029,sample_00343,Daylight Savings - My brother Daniel,1,0.8707615733146667,cnn_revised_20260919T110440Z,cnn_s1_06,val,Log-Mel CNN,0.3011821508407593,0.357628991206487
seg_001030,sample_00343,Daylight Savings - My brother Daniel,1,0.7929268479347229,cnn_revised_20260919T110440Z,cnn_s1_06,val,Log-Mel CNN,0.3011821508407593,0.357628991206487
seg_001031,sample_00343,Daylight Savings - My brother Daniel,1,0.9961185455322266,cnn_revised_20260919T110440Z,cnn_s1_06,val,Log-Mel CNN,0.3011821508407593,0.357628991206487
seg_001065,sample_00355,Empty Pockets - Pete Prodoehl,1,0.9868453741073608,cnn_revised_20260919T110440Z,cnn_s1_06,val,Log-Mel CNN,0.3011821508407593,0.357628991206487
seg_001066,sample_00355,Empty Pockets - Pete Prodoehl,1,0.993131697177887,cnn_revised_20260919T110440Z,cnn_s1_06,val,Log-Mel CNN,0.3011821508407593,0.357628991206487
seg_001067,sample_00355,Empty Pockets - Pete Prodoehl,1,0.9968300461769104,cnn_revised_20260919T110440Z,cnn_s1_06,val,Log-Mel CNN,0.3011821508407593,0.357628991206487
seg_001083,sample_00361,Evil Cannot Create - Caleb Lemond,1,0.9744755625724792,cnn_revised_20260919T110440Z,cnn_s1_06,val,Log-Mel CNN,0.3011821508407593,0.357628991206487
seg_001084,sample_00361,Evil Cannot Create - Caleb Lemond,1,0.9964380264282227,cnn_revised_20260919T110440Z,cnn_s1_06,val,Log-Mel CNN,0.3011821508407593,0.357628991206487
seg_001085,sample_00361,Evil Cannot Create - Caleb Lemond,1,0.9977760910987854,cnn_revised_20260919T110440Z,cnn_s1_06,val,Log-Mel CNN,0.3011821508407593,0.357628991206487
seg_001089,sample_00363,Fear - Los Fancy Free,1,0.5489422082901001,cnn_revised_20260919T110440Z,cnn_s1_06,val,Log-Mel CNN,0.3011821508407593,0.357628991206487
seg_001090,sample_00363,Fear - Los Fancy Free,1,0.7766426205635071,cnn_revised_20260919T110440Z,cnn_s1_06,val,Log-Mel CNN,0.3011821508407593,0.357628991206487
seg_001091,sample_00363,Fear - Los Fancy Free,1,0.9682294130325317,cnn_revised_20260919T110440Z,cnn_s1_06,val,Log-Mel CNN,0.3011821508407593,0.357628991206487
seg_001092,sample_00364,Fifth Ramble - From the album Keith [RSVP007] - My brother Daniel,1,0.7717744708061218,cnn_revised_20260919T110440Z,cnn_s1_06,val,Log-Mel CNN,0.3011821508407593,0.357628991206487
seg_001093,sample_00364,Fifth Ramble - From the album Keith [RSVP007] - My brother Daniel,1,0.7803217768669128,cnn_revised_20260919T110440Z,cnn_s1_06,val,Log-Mel CNN,0.3011821508407593,0.357628991206487
seg_001094,sample_00364,Fifth Ramble - From the album Keith [RSVP007] - My brother Daniel,1,0.993780791759491,cnn_revised_20260919T110440Z,cnn_s1_06,val,Log-Mel CNN,0.3011821508407593,0.357628991206487
seg_001128,sample_00376,Gila Monster Flop/Music History Lesson:The Sonics - The Crypts!,1,0.8626028299331665,cnn_revised_20260919T110440Z,cnn_s1_06,val,Log-Mel CNN,0.3011821508407593,0.357628991206487
seg_001129,sample_00376,Gila Monster Flop/Music History Lesson:The Sonics - The Crypts!,1,0.5308371186256409,cnn_revised_20260919T110440Z,cnn_s1_06,val,Log-Mel CNN,0.3011821508407593,0.357628991206487
seg_001130,sample_00376,Gila Monster Flop/Music History Lesson:The Sonics - The Crypts!,1,0.3168797492980957,cnn_revised_20260919T110440Z,cnn_s1_06,val,Log-Mel CNN,0.3011821508407593,0.357628991206487
seg_001161,sample_00387,If You're Ther - Nicola Ratti,1,0.68210369348526,cnn_revised_20260919T110440Z,cnn_s1_06,val,Log-Mel CNN,0.3011821508407593,0.357628991206487
seg_001162,sample_00387,If You're Ther - Nicola Ratti,1,0.8922291994094849,cnn_revised_20260919T110440Z,cnn_s1_06,val,Log-Mel CNN,0.3011821508407593,0.357628991206487
seg_001163,sample_00387,If You're Ther - Nicola Ratti,1,0.9610832929611206,cnn_revised_20260919T110440Z,cnn_s1_06,val,Log-Mel CNN,0.3011821508407593,0.357628991206487
seg_001191,sample_00397,I Fell - Mod Fun,1,0.9975780844688416,cnn_revised_20260919T110440Z,cnn_s1_06,val,Log-Mel CNN,0.3011821508407593,0.357628991206487
seg_001192,sample_00397,I Fell - Mod Fun,1,0.9966732263565063,cnn_revised_20260919T110440Z,cnn_s1_06,val,Log-Mel CNN,0.3011821508407593,0.357628991206487
seg_001193,sample_00397,I Fell - Mod Fun,1,0.9914090037345886,cnn_revised_20260919T110440Z,cnn_s1_06,val,Log-Mel CNN,0.3011821508407593,0.357628991206487
seg_001239,sample_00413,Kumorizoranohajimarutokoro - Hosomi,1,0.9841058850288391,cnn_revised_20260919T110440Z,cnn_s1_06,val,Log-Mel CNN,0.3011821508407593,0.357628991206487
seg_001240,sample_00413,Kumorizoranohajimarutokoro - Hosomi,1,0.8898475766181946,cnn_revised_20260919T110440Z,cnn_s1_06,val,Log-Mel CNN,0.3011821508407593,0.357628991206487
seg_001241,sample_00413,Kumorizoranohajimarutokoro - Hosomi,1,0.971956193447113,cnn_revised_20260919T110440Z,cnn_s1_06,val,Log-Mel CNN,0.3011821508407593,0.357628991206487
seg_001275,sample_00425,Lights Up - Pipe Choir,1,0.7931593060493469,cnn_revised_20260919T110440Z,cnn_s1_06,val,Log-Mel CNN,0.3011821508407593,0.357628991206487
seg_001276,sample_00425,Lights Up - Pipe Choir,1,0.019503813236951828,cnn_revised_20260919T110440Z,cnn_s1_06,val,Log-Mel CNN,0.3011821508407593,0.357628991206487
seg_001277,sample_00425,Lights Up - Pipe Choir,1,0.8133208751678467,cnn_revised_20260919T110440Z,cnn_s1_06,val,Log-Mel CNN,0.3011821508407593,0.357628991206487
seg_001293,sample_00431,Loved Ones - Rowan Box,1,0.9937720894813538,cnn_revised_20260919T110440Z,cnn_s1_06,val,Log-Mel CNN,0.3011821508407593,0.357628991206487
seg_001294,sample_00431,Loved Ones - Rowan Box,1,0.9975395202636719,cnn_revised_20260919T110440Z,cnn_s1_06,val,Log-Mel CNN,0.3011821508407593,0.357628991206487
seg_001295,sample_00431,Loved Ones - Rowan Box,1,0.9992251396179199,cnn_revised_20260919T110440Z,cnn_s1_06,val,Log-Mel CNN,0.3011821508407593,0.357628991206487
seg_001305,sample_00435,March of the GPA Mechanics - [t]ghost,1,0.9749768376350403,cnn_revised_20260919T110440Z,cnn_s1_06,val,Log-Mel CNN,0.3011821508407593,0.357628991206487
seg_001306,sample_00435,March of the GPA Mechanics - [t]ghost,1,0.3841176927089691,cnn_revised_20260919T110440Z,cnn_s1_06,val,Log-Mel CNN,0.3011821508407593,0.357628991206487
seg_001307,sample_00435,March of the GPA Mechanics - [t]ghost,1,0.9281430840492249,cnn_revised_20260919T110440Z,cnn_s1_06,val,Log-Mel CNN,0.3011821508407593,0.357628991206487
seg_001326,sample_00442,Morning Bell - Nihilore,1,0.9611218571662903,cnn_revised_20260919T110440Z,cnn_s1_06,val,Log-Mel CNN,0.3011821508407593,0.357628991206487
seg_001327,sample_00442,Morning Bell - Nihilore,1,0.6555348634719849,cnn_revised_20260919T110440Z,cnn_s1_06,val,Log-Mel CNN,0.3011821508407593,0.357628991206487
seg_001328,sample_00442,Morning Bell - Nihilore,1,0.9654419422149658,cnn_revised_20260919T110440Z,cnn_s1_06,val,Log-Mel CNN,0.3011821508407593,0.357628991206487
seg_001341,sample_00447,mystery team 2090 - Jesse Futerman,1,0.49104946851730347,cnn_revised_20260919T110440Z,cnn_s1_06,val,Log-Mel CNN,0.3011821508407593,0.357628991206487
seg_001342,sample_00447,mystery team 2090 - Jesse Futerman,1,0.8419237732887268,cnn_revised_20260919T110440Z,cnn_s1_06,val,Log-Mel CNN,0.3011821508407593,0.357628991206487
seg_001343,sample_00447,mystery team 2090 - Jesse Futerman,1,0.9466391801834106,cnn_revised_20260919T110440Z,cnn_s1_06,val,Log-Mel CNN,0.3011821508407593,0.357628991206487
seg_001344,sample_00448,My Body Is A Weapon (Compromise Edit) - Silence is full of birds,1,0.9817258715629578,cnn_revised_20260919T110440Z,cnn_s1_06,val,Log-Mel CNN,0.3011821508407593,0.357628991206487
seg_001345,sample_00448,My Body Is A Weapon (Compromise Edit) - Silence is full of birds,1,0.8306615352630615,cnn_revised_20260919T110440Z,cnn_s1_06,val,Log-Mel CNN,0.3011821508407593,0.357628991206487
seg_001346,sample_00448,My Body Is A Weapon (Compromise Edit) - Silence is full of birds,1,0.9822569489479065,cnn_revised_20260919T110440Z,cnn_s1_06,val,Log-Mel CNN,0.3011821508407593,0.357628991206487
seg_001356,sample_00452,New Life (take 1) - Bird Names,1,0.9813377857208252,cnn_revised_20260919T110440Z,cnn_s1_06,val,Log-Mel CNN,0.3011821508407593,0.357628991206487
seg_001357,sample_00452,New Life (take 1) - Bird Names,1,0.9963110089302063,cnn_revised_20260919T110440Z,cnn_s1_06,val,Log-Mel CNN,0.3011821508407593,0.357628991206487
seg_001358,sample_00452,New Life (take 1) - Bird Names,1,0.9183255434036255,cnn_revised_20260919T110440Z,cnn_s1_06,val,Log-Mel CNN,0.3011821508407593,0.357628991206487
seg_001362,sample_00454,Night Drive - Decktonic,1,0.997452437877655,cnn_revised_20260919T110440Z,cnn_s1_06,val,Log-Mel CNN,0.3011821508407593,0.357628991206487
seg_001363,sample_00454,Night Drive - Decktonic,1,0.9964026212692261,cnn_revised_20260919T110440Z,cnn_s1_06,val,Log-Mel CNN,0.3011821508407593,0.357628991206487
seg_001364,sample_00454,Night Drive - Decktonic,1,0.9933766722679138,cnn_revised_20260919T110440Z,cnn_s1_06,val,Log-Mel CNN,0.3011821508407593,0.357628991206487
seg_001371,sample_00457,Norweigian Wood II - Bird Names,1,0.8946335315704346,cnn_revised_20260919T110440Z,cnn_s1_06,val,Log-Mel CNN,0.3011821508407593,0.357628991206487
seg_001372,sample_00457,Norweigian Wood II - Bird Names,1,0.7779682874679565,cnn_revised_20260919T110440Z,cnn_s1_06,val,Log-Mel CNN,0.3011821508407593,0.357628991206487
seg_001373,sample_00457,Norweigian Wood II - Bird Names,1,0.9938848614692688,cnn_revised_20260919T110440Z,cnn_s1_06,val,Log-Mel CNN,0.3011821508407593,0.357628991206487
seg_001383,sample_00461,Nuo Maisemat - Paavoharju,1,0.9986730813980103,cnn_revised_20260919T110440Z,cnn_s1_06,val,Log-Mel CNN,0.3011821508407593,0.357628991206487
seg_001384,sample_00461,Nuo Maisemat - Paavoharju,1,0.9730536341667175,cnn_revised_20260919T110440Z,cnn_s1_06,val,Log-Mel CNN,0.3011821508407593,0.357628991206487
seg_001385,sample_00461,Nuo Maisemat - Paavoharju,1,0.9635322093963623,cnn_revised_20260919T110440Z,cnn_s1_06,val,Log-Mel CNN,0.3011821508407593,0.357628991206487
seg_001446,sample_00482,Redlight - Room For A Ghost,1,0.4029185175895691,cnn_revised_20260919T110440Z,cnn_s1_06,val,Log-Mel CNN,0.3011821508407593,0.357628991206487
seg_001447,sample_00482,Redlight - Room For A Ghost,1,0.13205552101135254,cnn_revised_20260919T110440Z,cnn_s1_06,val,Log-Mel CNN,0.3011821508407593,0.357628991206487
seg_001448,sample_00482,Redlight - Room For A Ghost,1,0.17204096913337708,cnn_revised_20260919T110440Z,cnn_s1_06,val,Log-Mel CNN,0.3011821508407593,0.357628991206487
seg_001464,sample_00488,Roller Star - Monroeville Music Center,1,0.840650737285614,cnn_revised_20260919T110440Z,cnn_s1_06,val,Log-Mel CNN,0.3011821508407593,0.357628991206487
seg_001465,sample_00488,Roller Star - Monroeville Music Center,1,0.9960018992424011,cnn_revised_20260919T110440Z,cnn_s1_06,val,Log-Mel CNN,0.3011821508407593,0.357628991206487
seg_001466,sample_00488,Roller Star - Monroeville Music Center,1,0.9994176626205444,cnn_revised_20260919T110440Z,cnn_s1_06,val,Log-Mel CNN,0.3011821508407593,0.357628991206487
seg_001470,sample_00490,"Roundtrip - Oh Yeah, the Future",1,0.9892828464508057,cnn_revised_20260919T110440Z,cnn_s1_06,val,Log-Mel CNN,0.3011821508407593,0.357628991206487
seg_001471,sample_00490,"Roundtrip - Oh Yeah, the Future",1,0.9563966989517212,cnn_revised_20260919T110440Z,cnn_s1_06,val,Log-Mel CNN,0.3011821508407593,0.357628991206487
seg_001472,sample_00490,"Roundtrip - Oh Yeah, the Future",1,0.9883713126182556,cnn_revised_20260919T110440Z,cnn_s1_06,val,Log-Mel CNN,0.3011821508407593,0.357628991206487
seg_001482,sample_00494,Scramby Eggs - Andy G. Cohen,1,0.8663257360458374,cnn_revised_20260919T110440Z,cnn_s1_06,val,Log-Mel CNN,0.3011821508407593,0.357628991206487
seg_001483,sample_00494,Scramby Eggs - Andy G. Cohen,1,0.98008131980896,cnn_revised_20260919T110440Z,cnn_s1_06,val,Log-Mel CNN,0.3011821508407593,0.357628991206487
seg_001484,sample_00494,Scramby Eggs - Andy G. Cohen,1,0.9864077568054199,cnn_revised_20260919T110440Z,cnn_s1_06,val,Log-Mel CNN,0.3011821508407593,0.357628991206487
seg_001485,sample_00495,SD (Ill Mix) - H-LR,1,0.8825680613517761,cnn_revised_20260919T110440Z,cnn_s1_06,val,Log-Mel CNN,0.3011821508407593,0.357628991206487
seg_001486,sample_00495,SD (Ill Mix) - H-LR,1,0.9596739411354065,cnn_revised_20260919T110440Z,cnn_s1_06,val,Log-Mel CNN,0.3011821508407593,0.357628991206487
seg_001487,sample_00495,SD (Ill Mix) - H-LR,1,0.9936887621879578,cnn_revised_20260919T110440Z,cnn_s1_06,val,Log-Mel CNN,0.3011821508407593,0.357628991206487
seg_001509,sample_00503,Shipwrecked Crew - Pete Prodoehl,1,0.7431877255439758,cnn_revised_20260919T110440Z,cnn_s1_06,val,Log-Mel CNN,0.3011821508407593,0.357628991206487
seg_001510,sample_00503,Shipwrecked Crew - Pete Prodoehl,1,0.6561132073402405,cnn_revised_20260919T110440Z,cnn_s1_06,val,Log-Mel CNN,0.3011821508407593,0.357628991206487
seg_001511,sample_00503,Shipwrecked Crew - Pete Prodoehl,1,0.9477155804634094,cnn_revised_20260919T110440Z,cnn_s1_06,val,Log-Mel CNN,0.3011821508407593,0.357628991206487
seg_001527,sample_00509,Soleares&beats - Malaventura,1,0.42221081256866455,cnn_revised_20260919T110440Z,cnn_s1_06,val,Log-Mel CNN,0.3011821508407593,0.357628991206487
seg_001528,sample_00509,Soleares&beats - Malaventura,1,0.9952893257141113,cnn_revised_20260919T110440Z,cnn_s1_06,val,Log-Mel CNN,0.3011821508407593,0.357628991206487
seg_001529,sample_00509,Soleares&beats - Malaventura,1,0.9801929593086243,cnn_revised_20260919T110440Z,cnn_s1_06,val,Log-Mel CNN,0.3011821508407593,0.357628991206487
seg_001533,sample_00511,some dextromethorphan - Jeva,1,0.9996535778045654,cnn_revised_20260919T110440Z,cnn_s1_06,val,Log-Mel CNN,0.3011821508407593,0.357628991206487
seg_001534,sample_00511,some dextromethorphan - Jeva,1,0.9997352957725525,cnn_revised_20260919T110440Z,cnn_s1_06,val,Log-Mel CNN,0.3011821508407593,0.357628991206487
seg_001535,sample_00511,some dextromethorphan - Jeva,1,0.9480594396591187,cnn_revised_20260919T110440Z,cnn_s1_06,val,Log-Mel CNN,0.3011821508407593,0.357628991206487
seg_001548,sample_00516,Stockholm Syndrome / People Should Be More Aware - Bird Names,1,0.46040794253349304,cnn_revised_20260919T110440Z,cnn_s1_06,val,Log-Mel CNN,0.3011821508407593,0.357628991206487
seg_001549,sample_00516,Stockholm Syndrome / People Should Be More Aware - Bird Names,1,0.8166435956954956,cnn_revised_20260919T110440Z,cnn_s1_06,val,Log-Mel CNN,0.3011821508407593,0.357628991206487
seg_001550,sample_00516,Stockholm Syndrome / People Should Be More Aware - Bird Names,1,0.99530029296875,cnn_revised_20260919T110440Z,cnn_s1_06,val,Log-Mel CNN,0.3011821508407593,0.357628991206487
seg_001560,sample_00520,Sturgeon's Law - Nihilore,1,0.9110114574432373,cnn_revised_20260919T110440Z,cnn_s1_06,val,Log-Mel CNN,0.3011821508407593,0.357628991206487
seg_001561,sample_00520,Sturgeon's Law - Nihilore,1,0.9325964450836182,cnn_revised_20260919T110440Z,cnn_s1_06,val,Log-Mel CNN,0.3011821508407593,0.357628991206487
seg_001562,sample_00520,Sturgeon's Law - Nihilore,1,0.9964007139205933,cnn_revised_20260919T110440Z,cnn_s1_06,val,Log-Mel CNN,0.3011821508407593,0.357628991206487
seg_001617,sample_00539,The girl just faded - Los Llamarada,1,0.9444808959960938,cnn_revised_20260919T110440Z,cnn_s1_06,val,Log-Mel CNN,0.3011821508407593,0.357628991206487
seg_001618,sample_00539,The girl just faded - Los Llamarada,1,0.5253729820251465,cnn_revised_20260919T110440Z,cnn_s1_06,val,Log-Mel CNN,0.3011821508407593,0.357628991206487
seg_001619,sample_00539,The girl just faded - Los Llamarada,1,0.9798880815505981,cnn_revised_20260919T110440Z,cnn_s1_06,val,Log-Mel CNN,0.3011821508407593,0.357628991206487
seg_001644,sample_00548,The Stairway - WarpToken,1,0.9926925897598267,cnn_revised_20260919T110440Z,cnn_s1_06,val,Log-Mel CNN,0.3011821508407593,0.357628991206487
seg_001645,sample_00548,The Stairway - WarpToken,1,0.9832437634468079,cnn_revised_20260919T110440Z,cnn_s1_06,val,Log-Mel CNN,0.3011821508407593,0.357628991206487
seg_001646,sample_00548,The Stairway - WarpToken,1,0.9979376792907715,cnn_revised_20260919T110440Z,cnn_s1_06,val,Log-Mel CNN,0.3011821508407593,0.357628991206487
seg_001647,sample_00549,Three Bird - My brother Daniel,1,0.32370826601982117,cnn_revised_20260919T110440Z,cnn_s1_06,val,Log-Mel CNN,0.3011821508407593,0.357628991206487
seg_001648,sample_00549,Three Bird - My brother Daniel,1,0.12136629223823547,cnn_revised_20260919T110440Z,cnn_s1_06,val,Log-Mel CNN,0.3011821508407593,0.357628991206487
seg_001649,sample_00549,Three Bird - My brother Daniel,1,0.7153536081314087,cnn_revised_20260919T110440Z,cnn_s1_06,val,Log-Mel CNN,0.3011821508407593,0.357628991206487
seg_001650,sample_00550,Timen Passing By - Jason Shaw,1,0.9864141345024109,cnn_revised_20260919T110440Z,cnn_s1_06,val,Log-Mel CNN,0.3011821508407593,0.357628991206487
seg_001651,sample_00550,Timen Passing By - Jason Shaw,1,0.9519012570381165,cnn_revised_20260919T110440Z,cnn_s1_06,val,Log-Mel CNN,0.3011821508407593,0.357628991206487
seg_001652,sample_00550,Timen Passing By - Jason Shaw,1,0.9977395534515381,cnn_revised_20260919T110440Z,cnn_s1_06,val,Log-Mel CNN,0.3011821508407593,0.357628991206487
seg_001653,sample_00551,Time Is Love - Silence is full of birds,1,0.4144297242164612,cnn_revised_20260919T110440Z,cnn_s1_06,val,Log-Mel CNN,0.3011821508407593,0.357628991206487
seg_001654,sample_00551,Time Is Love - Silence is full of birds,1,0.9029853940010071,cnn_revised_20260919T110440Z,cnn_s1_06,val,Log-Mel CNN,0.3011821508407593,0.357628991206487
seg_001655,sample_00551,Time Is Love - Silence is full of birds,1,0.9796780347824097,cnn_revised_20260919T110440Z,cnn_s1_06,val,Log-Mel CNN,0.3011821508407593,0.357628991206487
seg_001680,sample_00560,Understand That This Is A Dream - From the album Modulating Coil [RSVP008] - Forrest James,1,0.9501354098320007,cnn_revised_20260919T110440Z,cnn_s1_06,val,Log-Mel CNN,0.3011821508407593,0.357628991206487
seg_001681,sample_00560,Understand That This Is A Dream - From the album Modulating Coil [RSVP008] - Forrest James,1,0.9857869148254395,cnn_revised_20260919T110440Z,cnn_s1_06,val,Log-Mel CNN,0.3011821508407593,0.357628991206487
seg_001682,sample_00560,Understand That This Is A Dream - From the album Modulating Coil [RSVP008] - Forrest James,1,0.9947740435600281,cnn_revised_20260919T110440Z,cnn_s1_06,val,Log-Mel CNN,0.3011821508407593,0.357628991206487
seg_001695,sample_00565,Voxel - Andy G. Cohen,1,0.1861882358789444,cnn_revised_20260919T110440Z,cnn_s1_06,val,Log-Mel CNN,0.3011821508407593,0.357628991206487
seg_001696,sample_00565,Voxel - Andy G. Cohen,1,0.9021933078765869,cnn_revised_20260919T110440Z,cnn_s1_06,val,Log-Mel CNN,0.3011821508407593,0.357628991206487
seg_001697,sample_00565,Voxel - Andy G. Cohen,1,0.3391936719417572,cnn_revised_20260919T110440Z,cnn_s1_06,val,Log-Mel CNN,0.3011821508407593,0.357628991206487
seg_001701,sample_00567,Westside Chillers - Little Glass Men,1,0.9644968509674072,cnn_revised_20260919T110440Z,cnn_s1_06,val,Log-Mel CNN,0.3011821508407593,0.357628991206487
seg_001702,sample_00567,Westside Chillers - Little Glass Men,1,0.12846657633781433,cnn_revised_20260919T110440Z,cnn_s1_06,val,Log-Mel CNN,0.3011821508407593,0.357628991206487
seg_001703,sample_00567,Westside Chillers - Little Glass Men,1,0.1961829662322998,cnn_revised_20260919T110440Z,cnn_s1_06,val,Log-Mel CNN,0.3011821508407593,0.357628991206487
seg_001758,sample_00586,В Наших Сердцах - Чокнутый Пропеллер,1,0.09644765406847,cnn_revised_20260919T110440Z,cnn_s1_06,val,Log-Mel CNN,0.3011821508407593,0.357628991206487
seg_001759,sample_00586,В Наших Сердцах - Чокнутый Пропеллер,1,0.4554232358932495,cnn_revised_20260919T110440Z,cnn_s1_06,val,Log-Mel CNN,0.3011821508407593,0.357628991206487
seg_001760,sample_00586,В Наших Сердцах - Чокнутый Пропеллер,1,0.3380995988845825,cnn_revised_20260919T110440Z,cnn_s1_06,val,Log-Mel CNN,0.3011821508407593,0.357628991206487
seg_001767,sample_00589,Новый Нью-Йорк 2 - Чокнутый Пропеллер,1,0.7752183675765991,cnn_revised_20260919T110440Z,cnn_s1_06,val,Log-Mel CNN,0.3011821508407593,0.357628991206487
seg_001768,sample_00589,Новый Нью-Йорк 2 - Чокнутый Пропеллер,1,0.7386136651039124,cnn_revised_20260919T110440Z,cnn_s1_06,val,Log-Mel CNN,0.3011821508407593,0.357628991206487
seg_001769,sample_00589,Новый Нью-Йорк 2 - Чокнутый Пропеллер,1,0.9969080090522766,cnn_revised_20260919T110440Z,cnn_s1_06,val,Log-Mel CNN,0.3011821508407593,0.357628991206487
seg_001785,sample_00595,Daylight Savings - My brother Daniel,1,0.9997711777687073,cnn_revised_20260919T110440Z,cnn_s1_06,val,Log-Mel CNN,0.3011821508407593,0.357628991206487
seg_001786,sample_00595,Daylight Savings - My brother Daniel,1,0.9999693632125854,cnn_revised_20260919T110440Z,cnn_s1_06,val,Log-Mel CNN,0.3011821508407593,0.357628991206487
seg_001787,sample_00595,Daylight Savings - My brother Daniel,1,0.9976443648338318,cnn_revised_20260919T110440Z,cnn_s1_06,val,Log-Mel CNN,0.3011821508407593,0.357628991206487
seg_001788,sample_00596,Three Bird - My brother Daniel,1,0.9865508079528809,cnn_revised_20260919T110440Z,cnn_s1_06,val,Log-Mel CNN,0.3011821508407593,0.357628991206487
seg_001789,sample_00596,Three Bird - My brother Daniel,1,0.9920869469642639,cnn_revised_20260919T110440Z,cnn_s1_06,val,Log-Mel CNN,0.3011821508407593,0.357628991206487
seg_001790,sample_00596,Three Bird - My brother Daniel,1,0.994946300983429,cnn_revised_20260919T110440Z,cnn_s1_06,val,Log-Mel CNN,0.3011821508407593,0.357628991206487
seg_001827,sample_00609,Timen Passing By - Jason Shaw,1,0.9931174516677856,cnn_revised_20260919T110440Z,cnn_s1_06,val,Log-Mel CNN,0.3011821508407593,0.357628991206487
seg_001828,sample_00609,Timen Passing By - Jason Shaw,1,0.9997687935829163,cnn_revised_20260919T110440Z,cnn_s1_06,val,Log-Mel CNN,0.3011821508407593,0.357628991206487
seg_001829,sample_00609,Timen Passing By - Jason Shaw,1,0.9995213747024536,cnn_revised_20260919T110440Z,cnn_s1_06,val,Log-Mel CNN,0.3011821508407593,0.357628991206487
seg_001830,sample_00610,Night Drive - Decktonic,1,0.9931356906890869,cnn_revised_20260919T110440Z,cnn_s1_06,val,Log-Mel CNN,0.3011821508407593,0.357628991206487
seg_001831,sample_00610,Night Drive - Decktonic,1,0.9961597919464111,cnn_revised_20260919T110440Z,cnn_s1_06,val,Log-Mel CNN,0.3011821508407593,0.357628991206487
seg_001832,sample_00610,Night Drive - Decktonic,1,0.9906150102615356,cnn_revised_20260919T110440Z,cnn_s1_06,val,Log-Mel CNN,0.3011821508407593,0.357628991206487
seg_001845,sample_00615,Sturgeon's Law - Nihilore,1,0.6765950322151184,cnn_revised_20260919T110440Z,cnn_s1_06,val,Log-Mel CNN,0.3011821508407593,0.357628991206487
seg_001846,sample_00615,Sturgeon's Law - Nihilore,1,0.6963544487953186,cnn_revised_20260919T110440Z,cnn_s1_06,val,Log-Mel CNN,0.3011821508407593,0.357628991206487
seg_001847,sample_00615,Sturgeon's Law - Nihilore,1,0.8515693545341492,cnn_revised_20260919T110440Z,cnn_s1_06,val,Log-Mel CNN,0.3011821508407593,0.357628991206487
seg_001851,sample_00617,mystery team 2090 - Jesse Futerman,1,0.974277913570404,cnn_revised_20260919T110440Z,cnn_s1_06,val,Log-Mel CNN,0.3011821508407593,0.357628991206487
seg_001852,sample_00617,mystery team 2090 - Jesse Futerman,1,0.9505357146263123,cnn_revised_20260919T110440Z,cnn_s1_06,val,Log-Mel CNN,0.3011821508407593,0.357628991206487
seg_001853,sample_00617,mystery team 2090 - Jesse Futerman,1,0.9913690686225891,cnn_revised_20260919T110440Z,cnn_s1_06,val,Log-Mel CNN,0.3011821508407593,0.357628991206487
seg_001875,sample_00625,Loved Ones - Rowan Box,1,0.9762183427810669,cnn_revised_20260919T110440Z,cnn_s1_06,val,Log-Mel CNN,0.3011821508407593,0.357628991206487
seg_001876,sample_00625,Loved Ones - Rowan Box,1,0.9295883178710938,cnn_revised_20260919T110440Z,cnn_s1_06,val,Log-Mel CNN,0.3011821508407593,0.357628991206487
seg_001877,sample_00625,Loved Ones - Rowan Box,1,0.954210102558136,cnn_revised_20260919T110440Z,cnn_s1_06,val,Log-Mel CNN,0.3011821508407593,0.357628991206487
seg_001917,sample_00639,CopperNickle - UncleBibby,1,0.9975167512893677,cnn_revised_20260919T110440Z,cnn_s1_06,val,Log-Mel CNN,0.3011821508407593,0.357628991206487
seg_001918,sample_00639,CopperNickle - UncleBibby,1,0.9965106844902039,cnn_revised_20260919T110440Z,cnn_s1_06,val,Log-Mel CNN,0.3011821508407593,0.357628991206487
seg_001919,sample_00639,CopperNickle - UncleBibby,1,0.9987751841545105,cnn_revised_20260919T110440Z,cnn_s1_06,val,Log-Mel CNN,0.3011821508407593,0.357628991206487
seg_001953,sample_00651,Nuo Maisemat - Paavoharju,1,0.9786202907562256,cnn_revised_20260919T110440Z,cnn_s1_06,val,Log-Mel CNN,0.3011821508407593,0.357628991206487
seg_001954,sample_00651,Nuo Maisemat - Paavoharju,1,0.9923937320709229,cnn_revised_20260919T110440Z,cnn_s1_06,val,Log-Mel CNN,0.3011821508407593,0.357628991206487
seg_001955,sample_00651,Nuo Maisemat - Paavoharju,1,0.9814002513885498,cnn_revised_20260919T110440Z,cnn_s1_06,val,Log-Mel CNN,0.3011821508407593,0.357628991206487
seg_001986,sample_00662,SD (Ill Mix) - H-LR,1,0.9977787137031555,cnn_revised_20260919T110440Z,cnn_s1_06,val,Log-Mel CNN,0.3011821508407593,0.357628991206487
seg_001987,sample_00662,SD (Ill Mix) - H-LR,1,0.9983323216438293,cnn_revised_20260919T110440Z,cnn_s1_06,val,Log-Mel CNN,0.3011821508407593,0.357628991206487
seg_001988,sample_00662,SD (Ill Mix) - H-LR,1,0.9977961778640747,cnn_revised_20260919T110440Z,cnn_s1_06,val,Log-Mel CNN,0.3011821508407593,0.357628991206487
seg_001998,sample_00666,Kumorizoranohajimarutokoro - Hosomi,1,0.9569869637489319,cnn_revised_20260919T110440Z,cnn_s1_06,val,Log-Mel CNN,0.3011821508407593,0.357628991206487
seg_001999,sample_00666,Kumorizoranohajimarutokoro - Hosomi,1,0.9968442916870117,cnn_revised_20260919T110440Z,cnn_s1_06,val,Log-Mel CNN,0.3011821508407593,0.357628991206487
seg_002000,sample_00666,Kumorizoranohajimarutokoro - Hosomi,1,0.9959248304367065,cnn_revised_20260919T110440Z,cnn_s1_06,val,Log-Mel CNN,0.3011821508407593,0.357628991206487
seg_002019,sample_00673,some dextromethorphan - Jeva,1,0.9941021800041199,cnn_revised_20260919T110440Z,cnn_s1_06,val,Log-Mel CNN,0.3011821508407593,0.357628991206487
seg_002020,sample_00673,some dextromethorphan - Jeva,1,0.9851542115211487,cnn_revised_20260919T110440Z,cnn_s1_06,val,Log-Mel CNN,0.3011821508407593,0.357628991206487
seg_002021,sample_00673,some dextromethorphan - Jeva,1,0.9650245308876038,cnn_revised_20260919T110440Z,cnn_s1_06,val,Log-Mel CNN,0.3011821508407593,0.357628991206487
seg_002028,sample_00676,Fifth Ramble - From the album Keith [RSVP007] - My brother Daniel,1,0.978021502494812,cnn_revised_20260919T110440Z,cnn_s1_06,val,Log-Mel CNN,0.3011821508407593,0.357628991206487
seg_002029,sample_00676,Fifth Ramble - From the album Keith [RSVP007] - My brother Daniel,1,0.9911012649536133,cnn_revised_20260919T110440Z,cnn_s1_06,val,Log-Mel CNN,0.3011821508407593,0.357628991206487
seg_002030,sample_00676,Fifth Ramble - From the album Keith [RSVP007] - My brother Daniel,1,0.9862766265869141,cnn_revised_20260919T110440Z,cnn_s1_06,val,Log-Mel CNN,0.3011821508407593,0.357628991206487
seg_002043,sample_00681,Westside Chillers - Little Glass Men,1,0.9723449945449829,cnn_revised_20260919T110440Z,cnn_s1_06,val,Log-Mel CNN,0.3011821508407593,0.357628991206487
seg_002044,sample_00681,Westside Chillers - Little Glass Men,1,0.9791392683982849,cnn_revised_20260919T110440Z,cnn_s1_06,val,Log-Mel CNN,0.3011821508407593,0.357628991206487
seg_002045,sample_00681,Westside Chillers - Little Glass Men,1,0.9391646981239319,cnn_revised_20260919T110440Z,cnn_s1_06,val,Log-Mel CNN,0.3011821508407593,0.357628991206487
seg_002076,sample_00692,If You're Ther - Nicola Ratti,1,0.9988318085670471,cnn_revised_20260919T110440Z,cnn_s1_06,val,Log-Mel CNN,0.3011821508407593,0.357628991206487
seg_002077,sample_00692,If You're Ther - Nicola Ratti,1,0.9079510569572449,cnn_revised_20260919T110440Z,cnn_s1_06,val,Log-Mel CNN,0.3011821508407593,0.357628991206487
seg_002078,sample_00692,If You're Ther - Nicola Ratti,1,0.7558637857437134,cnn_revised_20260919T110440Z,cnn_s1_06,val,Log-Mel CNN,0.3011821508407593,0.357628991206487
seg_002079,sample_00693,Understand That This Is A Dream - From the album Modulating Coil [RSVP008] - Forrest James,1,0.9909865260124207,cnn_revised_20260919T110440Z,cnn_s1_06,val,Log-Mel CNN,0.3011821508407593,0.357628991206487
seg_002080,sample_00693,Understand That This Is A Dream - From the album Modulating Coil [RSVP008] - Forrest James,1,0.891014814376831,cnn_revised_20260919T110440Z,cnn_s1_06,val,Log-Mel CNN,0.3011821508407593,0.357628991206487
seg_002081,sample_00693,Understand That This Is A Dream - From the album Modulating Coil [RSVP008] - Forrest James,1,0.94797283411026,cnn_revised_20260919T110440Z,cnn_s1_06,val,Log-Mel CNN,0.3011821508407593,0.357628991206487
seg_002100,sample_00700,The Stairway - WarpToken,1,0.9990602135658264,cnn_revised_20260919T110440Z,cnn_s1_06,val,Log-Mel CNN,0.3011821508407593,0.357628991206487
seg_002101,sample_00700,The Stairway - WarpToken,1,0.9951540231704712,cnn_revised_20260919T110440Z,cnn_s1_06,val,Log-Mel CNN,0.3011821508407593,0.357628991206487
seg_002102,sample_00700,The Stairway - WarpToken,1,0.9997337460517883,cnn_revised_20260919T110440Z,cnn_s1_06,val,Log-Mel CNN,0.3011821508407593,0.357628991206487
seg_002112,sample_00704,Soleares&beats - Malaventura,1,0.9661728143692017,cnn_revised_20260919T110440Z,cnn_s1_06,val,Log-Mel CNN,0.3011821508407593,0.357628991206487
seg_002113,sample_00704,Soleares&beats - Malaventura,1,0.9742610454559326,cnn_revised_20260919T110440Z,cnn_s1_06,val,Log-Mel CNN,0.3011821508407593,0.357628991206487
seg_002114,sample_00704,Soleares&beats - Malaventura,1,0.956966757774353,cnn_revised_20260919T110440Z,cnn_s1_06,val,Log-Mel CNN,0.3011821508407593,0.357628991206487
seg_002184,sample_00728,Evil Cannot Create - Caleb Lemond,1,0.9967560172080994,cnn_revised_20260919T110440Z,cnn_s1_06,val,Log-Mel CNN,0.3011821508407593,0.357628991206487
seg_002185,sample_00728,Evil Cannot Create - Caleb Lemond,1,0.884897768497467,cnn_revised_20260919T110440Z,cnn_s1_06,val,Log-Mel CNN,0.3011821508407593,0.357628991206487
seg_002186,sample_00728,Evil Cannot Create - Caleb Lemond,1,0.9847602248191833,cnn_revised_20260919T110440Z,cnn_s1_06,val,Log-Mel CNN,0.3011821508407593,0.357628991206487
seg_002196,sample_00732,Norweigian Wood II - Bird Names,1,0.9625687003135681,cnn_revised_20260919T110440Z,cnn_s1_06,val,Log-Mel CNN,0.3011821508407593,0.357628991206487
seg_002197,sample_00732,Norweigian Wood II - Bird Names,1,0.9720507264137268,cnn_revised_20260919T110440Z,cnn_s1_06,val,Log-Mel CNN,0.3011821508407593,0.357628991206487
seg_002198,sample_00732,Norweigian Wood II - Bird Names,1,0.9904454946517944,cnn_revised_20260919T110440Z,cnn_s1_06,val,Log-Mel CNN,0.3011821508407593,0.357628991206487
seg_002214,sample_00738,Roller Star - Monroeville Music Center,1,0.9977861642837524,cnn_revised_20260919T110440Z,cnn_s1_06,val,Log-Mel CNN,0.3011821508407593,0.357628991206487
seg_002215,sample_00738,Roller Star - Monroeville Music Center,1,0.9989171028137207,cnn_revised_20260919T110440Z,cnn_s1_06,val,Log-Mel CNN,0.3011821508407593,0.357628991206487
seg_002216,sample_00738,Roller Star - Monroeville Music Center,1,0.9985742568969727,cnn_revised_20260919T110440Z,cnn_s1_06,val,Log-Mel CNN,0.3011821508407593,0.357628991206487
seg_002229,sample_00743,Time Is Love - Silence is full of birds,1,0.9826781153678894,cnn_revised_20260919T110440Z,cnn_s1_06,val,Log-Mel CNN,0.3011821508407593,0.357628991206487
seg_002230,sample_00743,Time Is Love - Silence is full of birds,1,0.988421618938446,cnn_revised_20260919T110440Z,cnn_s1_06,val,Log-Mel CNN,0.3011821508407593,0.357628991206487
seg_002231,sample_00743,Time Is Love - Silence is full of birds,1,0.8624828457832336,cnn_revised_20260919T110440Z,cnn_s1_06,val,Log-Mel CNN,0.3011821508407593,0.357628991206487
seg_002232,sample_00744,Stockholm Syndrome / People Should Be More Aware - Bird Names,1,0.8755293488502502,cnn_revised_20260919T110440Z,cnn_s1_06,val,Log-Mel CNN,0.3011821508407593,0.357628991206487
seg_002233,sample_00744,Stockholm Syndrome / People Should Be More Aware - Bird Names,1,0.9213111400604248,cnn_revised_20260919T110440Z,cnn_s1_06,val,Log-Mel CNN,0.3011821508407593,0.357628991206487
seg_002234,sample_00744,Stockholm Syndrome / People Should Be More Aware - Bird Names,1,0.9398928880691528,cnn_revised_20260919T110440Z,cnn_s1_06,val,Log-Mel CNN,0.3011821508407593,0.357628991206487
seg_002244,sample_00748,"Roundtrip - Oh Yeah, the Future",1,0.9954835176467896,cnn_revised_20260919T110440Z,cnn_s1_06,val,Log-Mel CNN,0.3011821508407593,0.357628991206487
seg_002245,sample_00748,"Roundtrip - Oh Yeah, the Future",1,0.9998520612716675,cnn_revised_20260919T110440Z,cnn_s1_06,val,Log-Mel CNN,0.3011821508407593,0.357628991206487
seg_002246,sample_00748,"Roundtrip - Oh Yeah, the Future",1,0.9980159997940063,cnn_revised_20260919T110440Z,cnn_s1_06,val,Log-Mel CNN,0.3011821508407593,0.357628991206487
seg_002247,sample_00749,New Life (take 1) - Bird Names,1,0.9305371046066284,cnn_revised_20260919T110440Z,cnn_s1_06,val,Log-Mel CNN,0.3011821508407593,0.357628991206487
seg_002248,sample_00749,New Life (take 1) - Bird Names,1,0.9829624891281128,cnn_revised_20260919T110440Z,cnn_s1_06,val,Log-Mel CNN,0.3011821508407593,0.357628991206487
seg_002249,sample_00749,New Life (take 1) - Bird Names,1,0.9311885237693787,cnn_revised_20260919T110440Z,cnn_s1_06,val,Log-Mel CNN,0.3011821508407593,0.357628991206487
seg_002253,sample_00751,My Body Is A Weapon (Compromise Edit) - Silence is full of birds,1,0.9194086194038391,cnn_revised_20260919T110440Z,cnn_s1_06,val,Log-Mel CNN,0.3011821508407593,0.357628991206487
seg_002254,sample_00751,My Body Is A Weapon (Compromise Edit) - Silence is full of birds,1,0.9427873492240906,cnn_revised_20260919T110440Z,cnn_s1_06,val,Log-Mel CNN,0.3011821508407593,0.357628991206487
seg_002255,sample_00751,My Body Is A Weapon (Compromise Edit) - Silence is full of birds,1,0.9894620776176453,cnn_revised_20260919T110440Z,cnn_s1_06,val,Log-Mel CNN,0.3011821508407593,0.357628991206487
seg_002280,sample_00760,Agora - Malaventura,1,0.9774684906005859,cnn_revised_20260919T110440Z,cnn_s1_06,val,Log-Mel CNN,0.3011821508407593,0.357628991206487
seg_002281,sample_00760,Agora - Malaventura,1,0.9949384927749634,cnn_revised_20260919T110440Z,cnn_s1_06,val,Log-Mel CNN,0.3011821508407593,0.357628991206487
seg_002282,sample_00760,Agora - Malaventura,1,0.9973031282424927,cnn_revised_20260919T110440Z,cnn_s1_06,val,Log-Mel CNN,0.3011821508407593,0.357628991206487
seg_002304,sample_00768,Empty Pockets - Pete Prodoehl,1,0.9734306931495667,cnn_revised_20260919T110440Z,cnn_s1_06,val,Log-Mel CNN,0.3011821508407593,0.357628991206487
seg_002305,sample_00768,Empty Pockets - Pete Prodoehl,1,0.9219032526016235,cnn_revised_20260919T110440Z,cnn_s1_06,val,Log-Mel CNN,0.3011821508407593,0.357628991206487
seg_002306,sample_00768,Empty Pockets - Pete Prodoehl,1,0.9967447519302368,cnn_revised_20260919T110440Z,cnn_s1_06,val,Log-Mel CNN,0.3011821508407593,0.357628991206487
seg_002310,sample_00770,Windows of the Skull - Sarin,1,0.7897753715515137,cnn_revised_20260919T110440Z,cnn_s1_06,val,Log-Mel CNN,0.3011821508407593,0.357628991206487
seg_002311,sample_00770,Windows of the Skull - Sarin,1,0.8261357545852661,cnn_revised_20260919T110440Z,cnn_s1_06,val,Log-Mel CNN,0.3011821508407593,0.357628991206487
seg_002312,sample_00770,Windows of the Skull - Sarin,1,0.894327700138092,cnn_revised_20260919T110440Z,cnn_s1_06,val,Log-Mel CNN,0.3011821508407593,0.357628991206487
seg_002319,sample_00773,Gila Monster Flop/Music History Lesson:The Sonics - The Crypts!,1,0.9944021105766296,cnn_revised_20260919T110440Z,cnn_s1_06,val,Log-Mel CNN,0.3011821508407593,0.357628991206487
seg_002320,sample_00773,Gila Monster Flop/Music History Lesson:The Sonics - The Crypts!,1,0.9962651133537292,cnn_revised_20260919T110440Z,cnn_s1_06,val,Log-Mel CNN,0.3011821508407593,0.357628991206487
seg_002321,sample_00773,Gila Monster Flop/Music History Lesson:The Sonics - The Crypts!,1,0.9973395466804504,cnn_revised_20260919T110440Z,cnn_s1_06,val,Log-Mel CNN,0.3011821508407593,0.357628991206487
seg_002343,sample_00781,Voxel - Andy G. Cohen,1,0.9617151021957397,cnn_revised_20260919T110440Z,cnn_s1_06,val,Log-Mel CNN,0.3011821508407593,0.357628991206487
seg_002344,sample_00781,Voxel - Andy G. Cohen,1,0.8480666279792786,cnn_revised_20260919T110440Z,cnn_s1_06,val,Log-Mel CNN,0.3011821508407593,0.357628991206487
seg_002345,sample_00781,Voxel - Andy G. Cohen,1,0.9665528535842896,cnn_revised_20260919T110440Z,cnn_s1_06,val,Log-Mel CNN,0.3011821508407593,0.357628991206487
seg_002364,sample_00788,Scramby Eggs - Andy G. Cohen,1,0.9878294467926025,cnn_revised_20260919T110440Z,cnn_s1_06,val,Log-Mel CNN,0.3011821508407593,0.357628991206487
seg_002365,sample_00788,Scramby Eggs - Andy G. Cohen,1,0.9811222553253174,cnn_revised_20260919T110440Z,cnn_s1_06,val,Log-Mel CNN,0.3011821508407593,0.357628991206487
seg_002366,sample_00788,Scramby Eggs - Andy G. Cohen,1,0.9942317605018616,cnn_revised_20260919T110440Z,cnn_s1_06,val,Log-Mel CNN,0.3011821508407593,0.357628991206487
seg_002406,sample_00802,I Fell - Mod Fun,1,0.9703191518783569,cnn_revised_20260919T110440Z,cnn_s1_06,val,Log-Mel CNN,0.3011821508407593,0.357628991206487
seg_002407,sample_00802,I Fell - Mod Fun,1,0.9675750732421875,cnn_revised_20260919T110440Z,cnn_s1_06,val,Log-Mel CNN,0.3011821508407593,0.357628991206487
seg_002408,sample_00802,I Fell - Mod Fun,1,0.9981003403663635,cnn_revised_20260919T110440Z,cnn_s1_06,val,Log-Mel CNN,0.3011821508407593,0.357628991206487
seg_002409,sample_00803,Новый Нью-Йорк 2 - Чокнутый Пропеллер,1,0.9916231036186218,cnn_revised_20260919T110440Z,cnn_s1_06,val,Log-Mel CNN,0.3011821508407593,0.357628991206487
seg_002410,sample_00803,Новый Нью-Йорк 2 - Чокнутый Пропеллер,1,0.9882345199584961,cnn_revised_20260919T110440Z,cnn_s1_06,val,Log-Mel CNN,0.3011821508407593,0.357628991206487
seg_002411,sample_00803,Новый Нью-Йорк 2 - Чокнутый Пропеллер,1,0.9836496114730835,cnn_revised_20260919T110440Z,cnn_s1_06,val,Log-Mel CNN,0.3011821508407593,0.357628991206487
seg_002421,sample_00807,March of the GPA Mechanics - [t]ghost,1,0.9568497538566589,cnn_revised_20260919T110440Z,cnn_s1_06,val,Log-Mel CNN,0.3011821508407593,0.357628991206487
seg_002422,sample_00807,March of the GPA Mechanics - [t]ghost,1,0.967094898223877,cnn_revised_20260919T110440Z,cnn_s1_06,val,Log-Mel CNN,0.3011821508407593,0.357628991206487
seg_002423,sample_00807,March of the GPA Mechanics - [t]ghost,1,0.9219207167625427,cnn_revised_20260919T110440Z,cnn_s1_06,val,Log-Mel CNN,0.3011821508407593,0.357628991206487
seg_002436,sample_00812,2 (Wasn't There) - Isle of Pine,1,0.9912253022193909,cnn_revised_20260919T110440Z,cnn_s1_06,val,Log-Mel CNN,0.3011821508407593,0.357628991206487
seg_002437,sample_00812,2 (Wasn't There) - Isle of Pine,1,0.9934452772140503,cnn_revised_20260919T110440Z,cnn_s1_06,val,Log-Mel CNN,0.3011821508407593,0.357628991206487
seg_002438,sample_00812,2 (Wasn't There) - Isle of Pine,1,0.9960929751396179,cnn_revised_20260919T110440Z,cnn_s1_06,val,Log-Mel CNN,0.3011821508407593,0.357628991206487
seg_002439,sample_00813,The girl just faded - Los Llamarada,1,0.5300276279449463,cnn_revised_20260919T110440Z,cnn_s1_06,val,Log-Mel CNN,0.3011821508407593,0.357628991206487
seg_002440,sample_00813,The girl just faded - Los Llamarada,1,0.6868473291397095,cnn_revised_20260919T110440Z,cnn_s1_06,val,Log-Mel CNN,0.3011821508407593,0.357628991206487
seg_002441,sample_00813,The girl just faded - Los Llamarada,1,0.5740074515342712,cnn_revised_20260919T110440Z,cnn_s1_06,val,Log-Mel CNN,0.3011821508407593,0.357628991206487
seg_002457,sample_00819,В Наших Сердцах - Чокнутый Пропеллер,1,0.9847123622894287,cnn_revised_20260919T110440Z,cnn_s1_06,val,Log-Mel CNN,0.3011821508407593,0.357628991206487
seg_002458,sample_00819,В Наших Сердцах - Чокнутый Пропеллер,1,0.9881084561347961,cnn_revised_20260919T110440Z,cnn_s1_06,val,Log-Mel CNN,0.3011821508407593,0.357628991206487
seg_002459,sample_00819,В Наших Сердцах - Чокнутый Пропеллер,1,0.9808370471000671,cnn_revised_20260919T110440Z,cnn_s1_06,val,Log-Mel CNN,0.3011821508407593,0.357628991206487
seg_002460,sample_00820,Lights Up - Pipe Choir,1,0.9939008951187134,cnn_revised_20260919T110440Z,cnn_s1_06,val,Log-Mel CNN,0.3011821508407593,0.357628991206487
seg_002461,sample_00820,Lights Up - Pipe Choir,1,0.9950356483459473,cnn_revised_20260919T110440Z,cnn_s1_06,val,Log-Mel CNN,0.3011821508407593,0.357628991206487
seg_002462,sample_00820,Lights Up - Pipe Choir,1,0.9948320388793945,cnn_revised_20260919T110440Z,cnn_s1_06,val,Log-Mel CNN,0.3011821508407593,0.357628991206487
seg_002466,sample_00822,Beyond Luxury - Mors Ontologica,1,0.9912905693054199,cnn_revised_20260919T110440Z,cnn_s1_06,val,Log-Mel CNN,0.3011821508407593,0.357628991206487
seg_002467,sample_00822,Beyond Luxury - Mors Ontologica,1,0.9945825934410095,cnn_revised_20260919T110440Z,cnn_s1_06,val,Log-Mel CNN,0.3011821508407593,0.357628991206487
seg_002468,sample_00822,Beyond Luxury - Mors Ontologica,1,0.9881531596183777,cnn_revised_20260919T110440Z,cnn_s1_06,val,Log-Mel CNN,0.3011821508407593,0.357628991206487
seg_002529,sample_00843,Fear - Los Fancy Free,1,0.9863991737365723,cnn_revised_20260919T110440Z,cnn_s1_06,val,Log-Mel CNN,0.3011821508407593,0.357628991206487
seg_002530,sample_00843,Fear - Los Fancy Free,1,0.9861780405044556,cnn_revised_20260919T110440Z,cnn_s1_06,val,Log-Mel CNN,0.3011821508407593,0.357628991206487
seg_002531,sample_00843,Fear - Los Fancy Free,1,0.9880266189575195,cnn_revised_20260919T110440Z,cnn_s1_06,val,Log-Mel CNN,0.3011821508407593,0.357628991206487
seg_002622,sample_00874,Redlight - Room For A Ghost,1,0.8954721689224243,cnn_revised_20260919T110440Z,cnn_s1_06,val,Log-Mel CNN,0.3011821508407593,0.357628991206487
seg_002623,sample_00874,Redlight - Room For A Ghost,1,0.8756581544876099,cnn_revised_20260919T110440Z,cnn_s1_06,val,Log-Mel CNN,0.3011821508407593,0.357628991206487
seg_002624,sample_00874,Redlight - Room For A Ghost,1,0.9774026274681091,cnn_revised_20260919T110440Z,cnn_s1_06,val,Log-Mel CNN,0.3011821508407593,0.357628991206487
seg_002625,sample_00875,Shipwrecked Crew - Pete Prodoehl,1,0.9641316533088684,cnn_revised_20260919T110440Z,cnn_s1_06,val,Log-Mel CNN,0.3011821508407593,0.357628991206487
seg_002626,sample_00875,Shipwrecked Crew - Pete Prodoehl,1,0.9857636094093323,cnn_revised_20260919T110440Z,cnn_s1_06,val,Log-Mel CNN,0.3011821508407593,0.357628991206487
seg_002627,sample_00875,Shipwrecked Crew - Pete Prodoehl,1,0.9977402687072754,cnn_revised_20260919T110440Z,cnn_s1_06,val,Log-Mel CNN,0.3011821508407593,0.357628991206487
seg_002640,sample_00880,Morning Bell - Nihilore,1,0.9988251328468323,cnn_revised_20260919T110440Z,cnn_s1_06,val,Log-Mel CNN,0.3011821508407593,0.357628991206487
seg_002641,sample_00880,Morning Bell - Nihilore,1,0.9972660541534424,cnn_revised_20260919T110440Z,cnn_s1_06,val,Log-Mel CNN,0.3011821508407593,0.357628991206487
seg_002642,sample_00880,Morning Bell - Nihilore,1,0.9970882534980774,cnn_revised_20260919T110440Z,cnn_s1_06,val,Log-Mel CNN,0.3011821508407593,0.357628991206487
seg_002694,sample_00898,CopperNickle - UncleBibby,1,0.2337508201599121,cnn_revised_20260919T110440Z,cnn_s1_06,val,Log-Mel CNN,0.3011821508407593,0.357628991206487
seg_002695,sample_00898,CopperNickle - UncleBibby,1,0.8522806167602539,cnn_revised_20260919T110440Z,cnn_s1_06,val,Log-Mel CNN,0.3011821508407593,0.357628991206487
seg_002696,sample_00898,CopperNickle - UncleBibby,1,0.7354798316955566,cnn_revised_20260919T110440Z,cnn_s1_06,val,Log-Mel CNN,0.3011821508407593,0.357628991206487
seg_002697,sample_00899,CopperNickle - UncleBibby,1,0.9983555674552917,cnn_revised_20260919T110440Z,cnn_s1_06,val,Log-Mel CNN,0.3011821508407593,0.357628991206487
seg_002698,sample_00899,CopperNickle - UncleBibby,1,0.9961940050125122,cnn_revised_20260919T110440Z,cnn_s1_06,val,Log-Mel CNN,0.3011821508407593,0.357628991206487
seg_002699,sample_00899,CopperNickle - UncleBibby,1,0.9952608942985535,cnn_revised_20260919T110440Z,cnn_s1_06,val,Log-Mel CNN,0.3011821508407593,0.357628991206487
seg_002766,sample_00922,mystery team 2090 - Jesse Futerman,1,0.3110635578632355,cnn_revised_20260919T110440Z,cnn_s1_06,val,Log-Mel CNN,0.3011821508407593,0.357628991206487
seg_002767,sample_00922,mystery team 2090 - Jesse Futerman,1,0.46169954538345337,cnn_revised_20260919T110440Z,cnn_s1_06,val,Log-Mel CNN,0.3011821508407593,0.357628991206487
seg_002768,sample_00922,mystery team 2090 - Jesse Futerman,1,0.99950110912323,cnn_revised_20260919T110440Z,cnn_s1_06,val,Log-Mel CNN,0.3011821508407593,0.357628991206487
seg_002769,sample_00923,mystery team 2090 - Jesse Futerman,1,0.20612362027168274,cnn_revised_20260919T110440Z,cnn_s1_06,val,Log-Mel CNN,0.3011821508407593,0.357628991206487
seg_002770,sample_00923,mystery team 2090 - Jesse Futerman,1,0.7975485324859619,cnn_revised_20260919T110440Z,cnn_s1_06,val,Log-Mel CNN,0.3011821508407593,0.357628991206487
seg_002771,sample_00923,mystery team 2090 - Jesse Futerman,1,0.9892075061798096,cnn_revised_20260919T110440Z,cnn_s1_06,val,Log-Mel CNN,0.3011821508407593,0.357628991206487
seg_002772,sample_00924,Night Drive - Decktonic,1,0.857297956943512,cnn_revised_20260919T110440Z,cnn_s1_06,val,Log-Mel CNN,0.3011821508407593,0.357628991206487
seg_002773,sample_00924,Night Drive - Decktonic,1,0.8511849641799927,cnn_revised_20260919T110440Z,cnn_s1_06,val,Log-Mel CNN,0.3011821508407593,0.357628991206487
seg_002774,sample_00924,Night Drive - Decktonic,1,0.9959449172019958,cnn_revised_20260919T110440Z,cnn_s1_06,val,Log-Mel CNN,0.3011821508407593,0.357628991206487
seg_002775,sample_00925,Night Drive - Decktonic,1,0.9841850996017456,cnn_revised_20260919T110440Z,cnn_s1_06,val,Log-Mel CNN,0.3011821508407593,0.357628991206487
seg_002776,sample_00925,Night Drive - Decktonic,1,0.9803569912910461,cnn_revised_20260919T110440Z,cnn_s1_06,val,Log-Mel CNN,0.3011821508407593,0.357628991206487
seg_002777,sample_00925,Night Drive - Decktonic,1,0.9990168809890747,cnn_revised_20260919T110440Z,cnn_s1_06,val,Log-Mel CNN,0.3011821508407593,0.357628991206487
seg_002790,sample_00930,Nuo Maisemat - Paavoharju,1,0.999067485332489,cnn_revised_20260919T110440Z,cnn_s1_06,val,Log-Mel CNN,0.3011821508407593,0.357628991206487
seg_002791,sample_00930,Nuo Maisemat - Paavoharju,1,0.9747991561889648,cnn_revised_20260919T110440Z,cnn_s1_06,val,Log-Mel CNN,0.3011821508407593,0.357628991206487
seg_002792,sample_00930,Nuo Maisemat - Paavoharju,1,0.9985975623130798,cnn_revised_20260919T110440Z,cnn_s1_06,val,Log-Mel CNN,0.3011821508407593,0.357628991206487
seg_002793,sample_00931,Nuo Maisemat - Paavoharju,1,0.9896816611289978,cnn_revised_20260919T110440Z,cnn_s1_06,val,Log-Mel CNN,0.3011821508407593,0.357628991206487
seg_002794,sample_00931,Nuo Maisemat - Paavoharju,1,0.9960112571716309,cnn_revised_20260919T110440Z,cnn_s1_06,val,Log-Mel CNN,0.3011821508407593,0.357628991206487
seg_002795,sample_00931,Nuo Maisemat - Paavoharju,1,0.9987360835075378,cnn_revised_20260919T110440Z,cnn_s1_06,val,Log-Mel CNN,0.3011821508407593,0.357628991206487
seg_002874,sample_00958,SD (Ill Mix) - H-LR,1,0.6068295836448669,cnn_revised_20260919T110440Z,cnn_s1_06,val,Log-Mel CNN,0.3011821508407593,0.357628991206487
seg_002875,sample_00958,SD (Ill Mix) - H-LR,1,0.9924740195274353,cnn_revised_20260919T110440Z,cnn_s1_06,val,Log-Mel CNN,0.3011821508407593,0.357628991206487
seg_002876,sample_00958,SD (Ill Mix) - H-LR,1,0.999114453792572,cnn_revised_20260919T110440Z,cnn_s1_06,val,Log-Mel CNN,0.3011821508407593,0.357628991206487
seg_002877,sample_00959,SD (Ill Mix) - H-LR,1,0.732243001461029,cnn_revised_20260919T110440Z,cnn_s1_06,val,Log-Mel CNN,0.3011821508407593,0.357628991206487
seg_002878,sample_00959,SD (Ill Mix) - H-LR,1,0.8748422861099243,cnn_revised_20260919T110440Z,cnn_s1_06,val,Log-Mel CNN,0.3011821508407593,0.357628991206487
seg_002879,sample_00959,SD (Ill Mix) - H-LR,1,0.9475607872009277,cnn_revised_20260919T110440Z,cnn_s1_06,val,Log-Mel CNN,0.3011821508407593,0.357628991206487
seg_002982,sample_00994,Evil Cannot Create - Caleb Lemond,1,0.9927691221237183,cnn_revised_20260919T110440Z,cnn_s1_06,val,Log-Mel CNN,0.3011821508407593,0.357628991206487
seg_002983,sample_00994,Evil Cannot Create - Caleb Lemond,1,0.9444140791893005,cnn_revised_20260919T110440Z,cnn_s1_06,val,Log-Mel CNN,0.3011821508407593,0.357628991206487
seg_002984,sample_00994,Evil Cannot Create - Caleb Lemond,1,0.9977906942367554,cnn_revised_20260919T110440Z,cnn_s1_06,val,Log-Mel CNN,0.3011821508407593,0.357628991206487
seg_002985,sample_00995,Evil Cannot Create - Caleb Lemond,1,0.9910223484039307,cnn_revised_20260919T110440Z,cnn_s1_06,val,Log-Mel CNN,0.3011821508407593,0.357628991206487
seg_002986,sample_00995,Evil Cannot Create - Caleb Lemond,1,0.9644493460655212,cnn_revised_20260919T110440Z,cnn_s1_06,val,Log-Mel CNN,0.3011821508407593,0.357628991206487
seg_002987,sample_00995,Evil Cannot Create - Caleb Lemond,1,0.9843152165412903,cnn_revised_20260919T110440Z,cnn_s1_06,val,Log-Mel CNN,0.3011821508407593,0.357628991206487
seg_003090,sample_01030,New Life (take 1) - Bird Names,1,0.4606371521949768,cnn_revised_20260919T110440Z,cnn_s1_06,val,Log-Mel CNN,0.3011821508407593,0.357628991206487
seg_003091,sample_01030,New Life (take 1) - Bird Names,1,0.46835723519325256,cnn_revised_20260919T110440Z,cnn_s1_06,val,Log-Mel CNN,0.3011821508407593,0.357628991206487
seg_003092,sample_01030,New Life (take 1) - Bird Names,1,0.9237391352653503,cnn_revised_20260919T110440Z,cnn_s1_06,val,Log-Mel CNN,0.3011821508407593,0.357628991206487
seg_003093,sample_01031,New Life (take 1) - Bird Names,1,0.9403958320617676,cnn_revised_20260919T110440Z,cnn_s1_06,val,Log-Mel CNN,0.3011821508407593,0.357628991206487
seg_003094,sample_01031,New Life (take 1) - Bird Names,1,0.37278589606285095,cnn_revised_20260919T110440Z,cnn_s1_06,val,Log-Mel CNN,0.3011821508407593,0.357628991206487
seg_003095,sample_01031,New Life (take 1) - Bird Names,1,0.9856498837471008,cnn_revised_20260919T110440Z,cnn_s1_06,val,Log-Mel CNN,0.3011821508407593,0.357628991206487
seg_003096,sample_01032,Norweigian Wood II - Bird Names,1,0.9883842468261719,cnn_revised_20260919T110440Z,cnn_s1_06,val,Log-Mel CNN,0.3011821508407593,0.357628991206487
seg_003097,sample_01032,Norweigian Wood II - Bird Names,1,0.5816411375999451,cnn_revised_20260919T110440Z,cnn_s1_06,val,Log-Mel CNN,0.3011821508407593,0.357628991206487
seg_003098,sample_01032,Norweigian Wood II - Bird Names,1,0.9943155646324158,cnn_revised_20260919T110440Z,cnn_s1_06,val,Log-Mel CNN,0.3011821508407593,0.357628991206487
seg_003099,sample_01033,Norweigian Wood II - Bird Names,1,0.9310697317123413,cnn_revised_20260919T110440Z,cnn_s1_06,val,Log-Mel CNN,0.3011821508407593,0.357628991206487
seg_003100,sample_01033,Norweigian Wood II - Bird Names,1,0.9375398755073547,cnn_revised_20260919T110440Z,cnn_s1_06,val,Log-Mel CNN,0.3011821508407593,0.357628991206487
seg_003101,sample_01033,Norweigian Wood II - Bird Names,1,0.9870059490203857,cnn_revised_20260919T110440Z,cnn_s1_06,val,Log-Mel CNN,0.3011821508407593,0.357628991206487
seg_003120,sample_01040,Roller Star - Monroeville Music Center,1,0.8727474808692932,cnn_revised_20260919T110440Z,cnn_s1_06,val,Log-Mel CNN,0.3011821508407593,0.357628991206487
seg_003121,sample_01040,Roller Star - Monroeville Music Center,1,0.8655323386192322,cnn_revised_20260919T110440Z,cnn_s1_06,val,Log-Mel CNN,0.3011821508407593,0.357628991206487
seg_003122,sample_01040,Roller Star - Monroeville Music Center,1,0.9891948699951172,cnn_revised_20260919T110440Z,cnn_s1_06,val,Log-Mel CNN,0.3011821508407593,0.357628991206487
seg_003123,sample_01041,Roller Star - Monroeville Music Center,1,0.8733360171318054,cnn_revised_20260919T110440Z,cnn_s1_06,val,Log-Mel CNN,0.3011821508407593,0.357628991206487
seg_003124,sample_01041,Roller Star - Monroeville Music Center,1,0.8433497548103333,cnn_revised_20260919T110440Z,cnn_s1_06,val,Log-Mel CNN,0.3011821508407593,0.357628991206487
seg_003125,sample_01041,Roller Star - Monroeville Music Center,1,0.5735358595848083,cnn_revised_20260919T110440Z,cnn_s1_06,val,Log-Mel CNN,0.3011821508407593,0.357628991206487
seg_003126,sample_01042,"Roundtrip - Oh Yeah, the Future",1,0.884696364402771,cnn_revised_20260919T110440Z,cnn_s1_06,val,Log-Mel CNN,0.3011821508407593,0.357628991206487
seg_003127,sample_01042,"Roundtrip - Oh Yeah, the Future",1,0.38051310181617737,cnn_revised_20260919T110440Z,cnn_s1_06,val,Log-Mel CNN,0.3011821508407593,0.357628991206487
seg_003128,sample_01042,"Roundtrip - Oh Yeah, the Future",1,0.9462652206420898,cnn_revised_20260919T110440Z,cnn_s1_06,val,Log-Mel CNN,0.3011821508407593,0.357628991206487
seg_003129,sample_01043,"Roundtrip - Oh Yeah, the Future",1,0.7238450646400452,cnn_revised_20260919T110440Z,cnn_s1_06,val,Log-Mel CNN,0.3011821508407593,0.357628991206487
seg_003130,sample_01043,"Roundtrip - Oh Yeah, the Future",1,0.9115030169487,cnn_revised_20260919T110440Z,cnn_s1_06,val,Log-Mel CNN,0.3011821508407593,0.357628991206487
seg_003131,sample_01043,"Roundtrip - Oh Yeah, the Future",1,0.9663037061691284,cnn_revised_20260919T110440Z,cnn_s1_06,val,Log-Mel CNN,0.3011821508407593,0.357628991206487
seg_003144,sample_01048,Soleares&beats - Malaventura,1,0.8214078545570374,cnn_revised_20260919T110440Z,cnn_s1_06,val,Log-Mel CNN,0.3011821508407593,0.357628991206487
seg_003145,sample_01048,Soleares&beats - Malaventura,1,0.27034854888916016,cnn_revised_20260919T110440Z,cnn_s1_06,val,Log-Mel CNN,0.3011821508407593,0.357628991206487
seg_003146,sample_01048,Soleares&beats - Malaventura,1,0.9041602611541748,cnn_revised_20260919T110440Z,cnn_s1_06,val,Log-Mel CNN,0.3011821508407593,0.357628991206487
seg_003147,sample_01049,Soleares&beats - Malaventura,1,0.5364079475402832,cnn_revised_20260919T110440Z,cnn_s1_06,val,Log-Mel CNN,0.3011821508407593,0.357628991206487
seg_003148,sample_01049,Soleares&beats - Malaventura,1,0.8743504285812378,cnn_revised_20260919T110440Z,cnn_s1_06,val,Log-Mel CNN,0.3011821508407593,0.357628991206487
seg_003149,sample_01049,Soleares&beats - Malaventura,1,0.9465063810348511,cnn_revised_20260919T110440Z,cnn_s1_06,val,Log-Mel CNN,0.3011821508407593,0.357628991206487
seg_003162,sample_01054,Stockholm Syndrome / People Should Be More Aware - Bird Names,1,0.12865841388702393,cnn_revised_20260919T110440Z,cnn_s1_06,val,Log-Mel CNN,0.3011821508407593,0.357628991206487
seg_003163,sample_01054,Stockholm Syndrome / People Should Be More Aware - Bird Names,1,0.7326821088790894,cnn_revised_20260919T110440Z,cnn_s1_06,val,Log-Mel CNN,0.3011821508407593,0.357628991206487
seg_003164,sample_01054,Stockholm Syndrome / People Should Be More Aware - Bird Names,1,0.9091724753379822,cnn_revised_20260919T110440Z,cnn_s1_06,val,Log-Mel CNN,0.3011821508407593,0.357628991206487
seg_003165,sample_01055,Stockholm Syndrome / People Should Be More Aware - Bird Names,1,0.7454525232315063,cnn_revised_20260919T110440Z,cnn_s1_06,val,Log-Mel CNN,0.3011821508407593,0.357628991206487
seg_003166,sample_01055,Stockholm Syndrome / People Should Be More Aware - Bird Names,1,0.6065689325332642,cnn_revised_20260919T110440Z,cnn_s1_06,val,Log-Mel CNN,0.3011821508407593,0.357628991206487
seg_003167,sample_01055,Stockholm Syndrome / People Should Be More Aware - Bird Names,1,0.9109591841697693,cnn_revised_20260919T110440Z,cnn_s1_06,val,Log-Mel CNN,0.3011821508407593,0.357628991206487
seg_003204,sample_01068,Time Is Love - Silence is full of birds,1,0.6542133092880249,cnn_revised_20260919T110440Z,cnn_s1_06,val,Log-Mel CNN,0.3011821508407593,0.357628991206487
seg_003205,sample_01068,Time Is Love - Silence is full of birds,1,0.5044878125190735,cnn_revised_20260919T110440Z,cnn_s1_06,val,Log-Mel CNN,0.3011821508407593,0.357628991206487
seg_003206,sample_01068,Time Is Love - Silence is full of birds,1,0.950826108455658,cnn_revised_20260919T110440Z,cnn_s1_06,val,Log-Mel CNN,0.3011821508407593,0.357628991206487
seg_003207,sample_01069,Time Is Love - Silence is full of birds,1,0.9041325449943542,cnn_revised_20260919T110440Z,cnn_s1_06,val,Log-Mel CNN,0.3011821508407593,0.357628991206487
seg_003208,sample_01069,Time Is Love - Silence is full of birds,1,0.9373810291290283,cnn_revised_20260919T110440Z,cnn_s1_06,val,Log-Mel CNN,0.3011821508407593,0.357628991206487
seg_003209,sample_01069,Time Is Love - Silence is full of birds,1,0.9932935237884521,cnn_revised_20260919T110440Z,cnn_s1_06,val,Log-Mel CNN,0.3011821508407593,0.357628991206487
seg_003246,sample_01082,2 (Wasn't There) - Isle of Pine,1,0.9612232446670532,cnn_revised_20260919T110440Z,cnn_s1_06,val,Log-Mel CNN,0.3011821508407593,0.357628991206487
seg_003247,sample_01082,2 (Wasn't There) - Isle of Pine,1,0.6617189645767212,cnn_revised_20260919T110440Z,cnn_s1_06,val,Log-Mel CNN,0.3011821508407593,0.357628991206487
seg_003248,sample_01082,2 (Wasn't There) - Isle of Pine,1,0.9972212314605713,cnn_revised_20260919T110440Z,cnn_s1_06,val,Log-Mel CNN,0.3011821508407593,0.357628991206487
seg_003249,sample_01083,2 (Wasn't There) - Isle of Pine,1,0.7098789215087891,cnn_revised_20260919T110440Z,cnn_s1_06,val,Log-Mel CNN,0.3011821508407593,0.357628991206487
seg_003250,sample_01083,2 (Wasn't There) - Isle of Pine,1,0.8234447836875916,cnn_revised_20260919T110440Z,cnn_s1_06,val,Log-Mel CNN,0.3011821508407593,0.357628991206487
seg_003251,sample_01083,2 (Wasn't There) - Isle of Pine,1,0.9138404130935669,cnn_revised_20260919T110440Z,cnn_s1_06,val,Log-Mel CNN,0.3011821508407593,0.357628991206487
seg_003276,sample_01092,Empty Pockets - Pete Prodoehl,1,0.9833630323410034,cnn_revised_20260919T110440Z,cnn_s1_06,val,Log-Mel CNN,0.3011821508407593,0.357628991206487
seg_003277,sample_01092,Empty Pockets - Pete Prodoehl,1,0.8812204599380493,cnn_revised_20260919T110440Z,cnn_s1_06,val,Log-Mel CNN,0.3011821508407593,0.357628991206487
seg_003278,sample_01092,Empty Pockets - Pete Prodoehl,1,0.9341516494750977,cnn_revised_20260919T110440Z,cnn_s1_06,val,Log-Mel CNN,0.3011821508407593,0.357628991206487
seg_003279,sample_01093,Empty Pockets - Pete Prodoehl,1,0.9771822094917297,cnn_revised_20260919T110440Z,cnn_s1_06,val,Log-Mel CNN,0.3011821508407593,0.357628991206487
seg_003280,sample_01093,Empty Pockets - Pete Prodoehl,1,0.4366542398929596,cnn_revised_20260919T110440Z,cnn_s1_06,val,Log-Mel CNN,0.3011821508407593,0.357628991206487
seg_003281,sample_01093,Empty Pockets - Pete Prodoehl,1,0.8679923415184021,cnn_revised_20260919T110440Z,cnn_s1_06,val,Log-Mel CNN,0.3011821508407593,0.357628991206487
seg_003294,sample_01098,Gila Monster Flop/Music History Lesson:The Sonics - The Crypts!,1,0.34788841009140015,cnn_revised_20260919T110440Z,cnn_s1_06,val,Log-Mel CNN,0.3011821508407593,0.357628991206487
seg_003295,sample_01098,Gila Monster Flop/Music History Lesson:The Sonics - The Crypts!,1,0.3693086504936218,cnn_revised_20260919T110440Z,cnn_s1_06,val,Log-Mel CNN,0.3011821508407593,0.357628991206487
seg_003296,sample_01098,Gila Monster Flop/Music History Lesson:The Sonics - The Crypts!,1,0.6704037189483643,cnn_revised_20260919T110440Z,cnn_s1_06,val,Log-Mel CNN,0.3011821508407593,0.357628991206487
seg_003297,sample_01099,Gila Monster Flop/Music History Lesson:The Sonics - The Crypts!,1,0.3179302513599396,cnn_revised_20260919T110440Z,cnn_s1_06,val,Log-Mel CNN,0.3011821508407593,0.357628991206487
seg_003298,sample_01099,Gila Monster Flop/Music History Lesson:The Sonics - The Crypts!,1,0.9682229161262512,cnn_revised_20260919T110440Z,cnn_s1_06,val,Log-Mel CNN,0.3011821508407593,0.357628991206487
seg_003299,sample_01099,Gila Monster Flop/Music History Lesson:The Sonics - The Crypts!,1,0.9525797963142395,cnn_revised_20260919T110440Z,cnn_s1_06,val,Log-Mel CNN,0.3011821508407593,0.357628991206487
seg_003312,sample_01104,I Fell - Mod Fun,1,0.42946556210517883,cnn_revised_20260919T110440Z,cnn_s1_06,val,Log-Mel CNN,0.3011821508407593,0.357628991206487
seg_003313,sample_01104,I Fell - Mod Fun,1,0.9363347291946411,cnn_revised_20260919T110440Z,cnn_s1_06,val,Log-Mel CNN,0.3011821508407593,0.357628991206487
seg_003314,sample_01104,I Fell - Mod Fun,1,0.9426303505897522,cnn_revised_20260919T110440Z,cnn_s1_06,val,Log-Mel CNN,0.3011821508407593,0.357628991206487
seg_003315,sample_01105,I Fell - Mod Fun,1,0.7822723984718323,cnn_revised_20260919T110440Z,cnn_s1_06,val,Log-Mel CNN,0.3011821508407593,0.357628991206487
seg_003316,sample_01105,I Fell - Mod Fun,1,0.5726494789123535,cnn_revised_20260919T110440Z,cnn_s1_06,val,Log-Mel CNN,0.3011821508407593,0.357628991206487
seg_003317,sample_01105,I Fell - Mod Fun,1,0.7258007526397705,cnn_revised_20260919T110440Z,cnn_s1_06,val,Log-Mel CNN,0.3011821508407593,0.357628991206487
seg_003360,sample_01120,March of the GPA Mechanics - [t]ghost,1,0.0611739307641983,cnn_revised_20260919T110440Z,cnn_s1_06,val,Log-Mel CNN,0.3011821508407593,0.357628991206487
seg_003361,sample_01120,March of the GPA Mechanics - [t]ghost,1,0.376144140958786,cnn_revised_20260919T110440Z,cnn_s1_06,val,Log-Mel CNN,0.3011821508407593,0.357628991206487
seg_003362,sample_01120,March of the GPA Mechanics - [t]ghost,1,0.9585128426551819,cnn_revised_20260919T110440Z,cnn_s1_06,val,Log-Mel CNN,0.3011821508407593,0.357628991206487
seg_003363,sample_01121,March of the GPA Mechanics - [t]ghost,1,0.6005621552467346,cnn_revised_20260919T110440Z,cnn_s1_06,val,Log-Mel CNN,0.3011821508407593,0.357628991206487
seg_003364,sample_01121,March of the GPA Mechanics - [t]ghost,1,0.7660664319992065,cnn_revised_20260919T110440Z,cnn_s1_06,val,Log-Mel CNN,0.3011821508407593,0.357628991206487
seg_003365,sample_01121,March of the GPA Mechanics - [t]ghost,1,0.943527102470398,cnn_revised_20260919T110440Z,cnn_s1_06,val,Log-Mel CNN,0.3011821508407593,0.357628991206487
seg_003420,sample_01140,Scramby Eggs - Andy G. Cohen,1,0.5227556228637695,cnn_revised_20260919T110440Z,cnn_s1_06,val,Log-Mel CNN,0.3011821508407593,0.357628991206487
seg_003421,sample_01140,Scramby Eggs - Andy G. Cohen,1,0.6910679936408997,cnn_revised_20260919T110440Z,cnn_s1_06,val,Log-Mel CNN,0.3011821508407593,0.357628991206487
seg_003422,sample_01140,Scramby Eggs - Andy G. Cohen,1,0.9039342999458313,cnn_revised_20260919T110440Z,cnn_s1_06,val,Log-Mel CNN,0.3011821508407593,0.357628991206487
seg_003423,sample_01141,Scramby Eggs - Andy G. Cohen,1,0.5249446630477905,cnn_revised_20260919T110440Z,cnn_s1_06,val,Log-Mel CNN,0.3011821508407593,0.357628991206487
seg_003424,sample_01141,Scramby Eggs - Andy G. Cohen,1,0.3215337097644806,cnn_revised_20260919T110440Z,cnn_s1_06,val,Log-Mel CNN,0.3011821508407593,0.357628991206487
seg_003425,sample_01141,Scramby Eggs - Andy G. Cohen,1,0.886917233467102,cnn_revised_20260919T110440Z,cnn_s1_06,val,Log-Mel CNN,0.3011821508407593,0.357628991206487
seg_003474,sample_01158,The girl just faded - Los Llamarada,1,0.8670578598976135,cnn_revised_20260919T110440Z,cnn_s1_06,val,Log-Mel CNN,0.3011821508407593,0.357628991206487
seg_003475,sample_01158,The girl just faded - Los Llamarada,1,0.9169621467590332,cnn_revised_20260919T110440Z,cnn_s1_06,val,Log-Mel CNN,0.3011821508407593,0.357628991206487
seg_003476,sample_01158,The girl just faded - Los Llamarada,1,0.9844480752944946,cnn_revised_20260919T110440Z,cnn_s1_06,val,Log-Mel CNN,0.3011821508407593,0.357628991206487
seg_003477,sample_01159,The girl just faded - Los Llamarada,1,0.5976563692092896,cnn_revised_20260919T110440Z,cnn_s1_06,val,Log-Mel CNN,0.3011821508407593,0.357628991206487
seg_003478,sample_01159,The girl just faded - Los Llamarada,1,0.9567775130271912,cnn_revised_20260919T110440Z,cnn_s1_06,val,Log-Mel CNN,0.3011821508407593,0.357628991206487
seg_003479,sample_01159,The girl just faded - Los Llamarada,1,0.9650043249130249,cnn_revised_20260919T110440Z,cnn_s1_06,val,Log-Mel CNN,0.3011821508407593,0.357628991206487
seg_003492,sample_01164,Voxel - Andy G. Cohen,1,0.7177714705467224,cnn_revised_20260919T110440Z,cnn_s1_06,val,Log-Mel CNN,0.3011821508407593,0.357628991206487
seg_003493,sample_01164,Voxel - Andy G. Cohen,1,0.46644657850265503,cnn_revised_20260919T110440Z,cnn_s1_06,val,Log-Mel CNN,0.3011821508407593,0.357628991206487
seg_003494,sample_01164,Voxel - Andy G. Cohen,1,0.14229799807071686,cnn_revised_20260919T110440Z,cnn_s1_06,val,Log-Mel CNN,0.3011821508407593,0.357628991206487
seg_003495,sample_01165,Voxel - Andy G. Cohen,1,0.8660219311714172,cnn_revised_20260919T110440Z,cnn_s1_06,val,Log-Mel CNN,0.3011821508407593,0.357628991206487
seg_003496,sample_01165,Voxel - Andy G. Cohen,1,0.9188149571418762,cnn_revised_20260919T110440Z,cnn_s1_06,val,Log-Mel CNN,0.3011821508407593,0.357628991206487
seg_003497,sample_01165,Voxel - Andy G. Cohen,1,0.9930021166801453,cnn_revised_20260919T110440Z,cnn_s1_06,val,Log-Mel CNN,0.3011821508407593,0.357628991206487
seg_003516,sample_01172,Windows of the Skull - Sarin,1,0.9554998874664307,cnn_revised_20260919T110440Z,cnn_s1_06,val,Log-Mel CNN,0.3011821508407593,0.357628991206487
seg_003517,sample_01172,Windows of the Skull - Sarin,1,0.4841436445713043,cnn_revised_20260919T110440Z,cnn_s1_06,val,Log-Mel CNN,0.3011821508407593,0.357628991206487
seg_003518,sample_01172,Windows of the Skull - Sarin,1,0.9686448574066162,cnn_revised_20260919T110440Z,cnn_s1_06,val,Log-Mel CNN,0.3011821508407593,0.357628991206487
seg_003519,sample_01173,Windows of the Skull - Sarin,1,0.9830307960510254,cnn_revised_20260919T110440Z,cnn_s1_06,val,Log-Mel CNN,0.3011821508407593,0.357628991206487
seg_003520,sample_01173,Windows of the Skull - Sarin,1,0.45723533630371094,cnn_revised_20260919T110440Z,cnn_s1_06,val,Log-Mel CNN,0.3011821508407593,0.357628991206487
seg_003521,sample_01173,Windows of the Skull - Sarin,1,0.9685313701629639,cnn_revised_20260919T110440Z,cnn_s1_06,val,Log-Mel CNN,0.3011821508407593,0.357628991206487
seg_003534,sample_01178,Новый Нью-Йорк 2 - Чокнутый Пропеллер,1,0.32937943935394287,cnn_revised_20260919T110440Z,cnn_s1_06,val,Log-Mel CNN,0.3011821508407593,0.357628991206487
seg_003535,sample_01178,Новый Нью-Йорк 2 - Чокнутый Пропеллер,1,0.7064839601516724,cnn_revised_20260919T110440Z,cnn_s1_06,val,Log-Mel CNN,0.3011821508407593,0.357628991206487
seg_003536,sample_01178,Новый Нью-Йорк 2 - Чокнутый Пропеллер,1,0.7262757420539856,cnn_revised_20260919T110440Z,cnn_s1_06,val,Log-Mel CNN,0.3011821508407593,0.357628991206487
seg_003537,sample_01179,Новый Нью-Йорк 2 - Чокнутый Пропеллер,1,0.12035360932350159,cnn_revised_20260919T110440Z,cnn_s1_06,val,Log-Mel CNN,0.3011821508407593,0.357628991206487
seg_003538,sample_01179,Новый Нью-Йорк 2 - Чокнутый Пропеллер,1,0.34989407658576965,cnn_revised_20260919T110440Z,cnn_s1_06,val,Log-Mel CNN,0.3011821508407593,0.357628991206487
seg_003539,sample_01179,Новый Нью-Йорк 2 - Чокнутый Пропеллер,1,0.8084742426872253,cnn_revised_20260919T110440Z,cnn_s1_06,val,Log-Mel CNN,0.3011821508407593,0.357628991206487
seg_003597,sample_01199,CopperNickle - UncleBibby,1,0.613869309425354,cnn_revised_20260919T110440Z,cnn_s1_06,val,Log-Mel CNN,0.3011821508407593,0.357628991206487
seg_003598,sample_01199,CopperNickle - UncleBibby,1,0.7558687925338745,cnn_revised_20260919T110440Z,cnn_s1_06,val,Log-Mel CNN,0.3011821508407593,0.357628991206487
seg_003599,sample_01199,CopperNickle - UncleBibby,1,0.9281011819839478,cnn_revised_20260919T110440Z,cnn_s1_06,val,Log-Mel CNN,0.3011821508407593,0.357628991206487
seg_003606,sample_01202,Daylight Savings - My brother Daniel,1,0.10298646986484528,cnn_revised_20260919T110440Z,cnn_s1_06,val,Log-Mel CNN,0.3011821508407593,0.357628991206487
seg_003607,sample_01202,Daylight Savings - My brother Daniel,1,0.4411790370941162,cnn_revised_20260919T110440Z,cnn_s1_06,val,Log-Mel CNN,0.3011821508407593,0.357628991206487
seg_003608,sample_01202,Daylight Savings - My brother Daniel,1,0.5427791476249695,cnn_revised_20260919T110440Z,cnn_s1_06,val,Log-Mel CNN,0.3011821508407593,0.357628991206487
seg_003633,sample_01211,Fifth Ramble - From the album Keith [RSVP007] - My brother Daniel,1,0.8155093193054199,cnn_revised_20260919T110440Z,cnn_s1_06,val,Log-Mel CNN,0.3011821508407593,0.357628991206487
seg_003634,sample_01211,Fifth Ramble - From the album Keith [RSVP007] - My brother Daniel,1,0.24197295308113098,cnn_revised_20260919T110440Z,cnn_s1_06,val,Log-Mel CNN,0.3011821508407593,0.357628991206487
seg_003635,sample_01211,Fifth Ramble - From the album Keith [RSVP007] - My brother Daniel,1,0.40102556347846985,cnn_revised_20260919T110440Z,cnn_s1_06,val,Log-Mel CNN,0.3011821508407593,0.357628991206487
seg_003657,sample_01219,If You're Ther - Nicola Ratti,1,0.8559741377830505,cnn_revised_20260919T110440Z,cnn_s1_06,val,Log-Mel CNN,0.3011821508407593,0.357628991206487
seg_003658,sample_01219,If You're Ther - Nicola Ratti,1,0.4017259478569031,cnn_revised_20260919T110440Z,cnn_s1_06,val,Log-Mel CNN,0.3011821508407593,0.357628991206487
seg_003659,sample_01219,If You're Ther - Nicola Ratti,1,0.9659948945045471,cnn_revised_20260919T110440Z,cnn_s1_06,val,Log-Mel CNN,0.3011821508407593,0.357628991206487
seg_003681,sample_01227,Kumorizoranohajimarutokoro - Hosomi,1,0.9900128841400146,cnn_revised_20260919T110440Z,cnn_s1_06,val,Log-Mel CNN,0.3011821508407593,0.357628991206487
seg_003682,sample_01227,Kumorizoranohajimarutokoro - Hosomi,1,0.9515018463134766,cnn_revised_20260919T110440Z,cnn_s1_06,val,Log-Mel CNN,0.3011821508407593,0.357628991206487
seg_003683,sample_01227,Kumorizoranohajimarutokoro - Hosomi,1,0.9985060691833496,cnn_revised_20260919T110440Z,cnn_s1_06,val,Log-Mel CNN,0.3011821508407593,0.357628991206487
seg_003708,sample_01236,Loved Ones - Rowan Box,1,0.9859958291053772,cnn_revised_20260919T110440Z,cnn_s1_06,val,Log-Mel CNN,0.3011821508407593,0.357628991206487
seg_003709,sample_01236,Loved Ones - Rowan Box,1,0.9999916553497314,cnn_revised_20260919T110440Z,cnn_s1_06,val,Log-Mel CNN,0.3011821508407593,0.357628991206487
seg_003710,sample_01236,Loved Ones - Rowan Box,1,0.5937662720680237,cnn_revised_20260919T110440Z,cnn_s1_06,val,Log-Mel CNN,0.3011821508407593,0.357628991206487
seg_003711,sample_01237,Morning Bell - Nihilore,1,0.9499883651733398,cnn_revised_20260919T110440Z,cnn_s1_06,val,Log-Mel CNN,0.3011821508407593,0.357628991206487
seg_003712,sample_01237,Morning Bell - Nihilore,1,0.9693350195884705,cnn_revised_20260919T110440Z,cnn_s1_06,val,Log-Mel CNN,0.3011821508407593,0.357628991206487
seg_003713,sample_01237,Morning Bell - Nihilore,1,0.9942541718482971,cnn_revised_20260919T110440Z,cnn_s1_06,val,Log-Mel CNN,0.3011821508407593,0.357628991206487
seg_003714,sample_01238,mystery team 2090 - Jesse Futerman,1,0.09627300500869751,cnn_revised_20260919T110440Z,cnn_s1_06,val,Log-Mel CNN,0.3011821508407593,0.357628991206487
seg_003715,sample_01238,mystery team 2090 - Jesse Futerman,1,0.0026361860800534487,cnn_revised_20260919T110440Z,cnn_s1_06,val,Log-Mel CNN,0.3011821508407593,0.357628991206487
seg_003716,sample_01238,mystery team 2090 - Jesse Futerman,1,0.35935088992118835,cnn_revised_20260919T110440Z,cnn_s1_06,val,Log-Mel CNN,0.3011821508407593,0.357628991206487
seg_003717,sample_01239,Night Drive - Decktonic,1,0.9055114388465881,cnn_revised_20260919T110440Z,cnn_s1_06,val,Log-Mel CNN,0.3011821508407593,0.357628991206487
seg_003718,sample_01239,Night Drive - Decktonic,1,0.9993724226951599,cnn_revised_20260919T110440Z,cnn_s1_06,val,Log-Mel CNN,0.3011821508407593,0.357628991206487
seg_003719,sample_01239,Night Drive - Decktonic,1,0.9945755004882812,cnn_revised_20260919T110440Z,cnn_s1_06,val,Log-Mel CNN,0.3011821508407593,0.357628991206487
seg_003729,sample_01243,Nuo Maisemat - Paavoharju,1,0.9274060130119324,cnn_revised_20260919T110440Z,cnn_s1_06,val,Log-Mel CNN,0.3011821508407593,0.357628991206487
seg_003730,sample_01243,Nuo Maisemat - Paavoharju,1,0.9996923208236694,cnn_revised_20260919T110440Z,cnn_s1_06,val,Log-Mel CNN,0.3011821508407593,0.357628991206487
seg_003731,sample_01243,Nuo Maisemat - Paavoharju,1,0.9681734442710876,cnn_revised_20260919T110440Z,cnn_s1_06,val,Log-Mel CNN,0.3011821508407593,0.357628991206487
seg_003780,sample_01260,SD (Ill Mix) - H-LR,1,0.9367336630821228,cnn_revised_20260919T110440Z,cnn_s1_06,val,Log-Mel CNN,0.3011821508407593,0.357628991206487
seg_003781,sample_01260,SD (Ill Mix) - H-LR,1,0.9377032518386841,cnn_revised_20260919T110440Z,cnn_s1_06,val,Log-Mel CNN,0.3011821508407593,0.357628991206487
seg_003782,sample_01260,SD (Ill Mix) - H-LR,1,0.993251383304596,cnn_revised_20260919T110440Z,cnn_s1_06,val,Log-Mel CNN,0.3011821508407593,0.357628991206487
seg_003795,sample_01265,some dextromethorphan - Jeva,1,0.9193436503410339,cnn_revised_20260919T110440Z,cnn_s1_06,val,Log-Mel CNN,0.3011821508407593,0.357628991206487
seg_003796,sample_01265,some dextromethorphan - Jeva,1,0.9840924739837646,cnn_revised_20260919T110440Z,cnn_s1_06,val,Log-Mel CNN,0.3011821508407593,0.357628991206487
seg_003797,sample_01265,some dextromethorphan - Jeva,1,0.9973589777946472,cnn_revised_20260919T110440Z,cnn_s1_06,val,Log-Mel CNN,0.3011821508407593,0.357628991206487
seg_003804,sample_01268,Sturgeon's Law - Nihilore,1,0.9726256132125854,cnn_revised_20260919T110440Z,cnn_s1_06,val,Log-Mel CNN,0.3011821508407593,0.357628991206487
seg_003805,sample_01268,Sturgeon's Law - Nihilore,1,0.9855213761329651,cnn_revised_20260919T110440Z,cnn_s1_06,val,Log-Mel CNN,0.3011821508407593,0.357628991206487
seg_003806,sample_01268,Sturgeon's Law - Nihilore,1,0.9910264611244202,cnn_revised_20260919T110440Z,cnn_s1_06,val,Log-Mel CNN,0.3011821508407593,0.357628991206487
seg_003840,sample_01280,The Stairway - WarpToken,1,0.8876225352287292,cnn_revised_20260919T110440Z,cnn_s1_06,val,Log-Mel CNN,0.3011821508407593,0.357628991206487
seg_003841,sample_01280,The Stairway - WarpToken,1,0.9982666969299316,cnn_revised_20260919T110440Z,cnn_s1_06,val,Log-Mel CNN,0.3011821508407593,0.357628991206487
seg_003842,sample_01280,The Stairway - WarpToken,1,0.9379315972328186,cnn_revised_20260919T110440Z,cnn_s1_06,val,Log-Mel CNN,0.3011821508407593,0.357628991206487
seg_003843,sample_01281,Three Bird - My brother Daniel,1,0.9838722348213196,cnn_revised_20260919T110440Z,cnn_s1_06,val,Log-Mel CNN,0.3011821508407593,0.357628991206487
seg_003844,sample_01281,Three Bird - My brother Daniel,1,0.9897798299789429,cnn_revised_20260919T110440Z,cnn_s1_06,val,Log-Mel CNN,0.3011821508407593,0.357628991206487
seg_003845,sample_01281,Three Bird - My brother Daniel,1,0.9945690631866455,cnn_revised_20260919T110440Z,cnn_s1_06,val,Log-Mel CNN,0.3011821508407593,0.357628991206487
seg_003846,sample_01282,Timen Passing By - Jason Shaw,1,0.6856008172035217,cnn_revised_20260919T110440Z,cnn_s1_06,val,Log-Mel CNN,0.3011821508407593,0.357628991206487
seg_003847,sample_01282,Timen Passing By - Jason Shaw,1,0.9915279150009155,cnn_revised_20260919T110440Z,cnn_s1_06,val,Log-Mel CNN,0.3011821508407593,0.357628991206487
seg_003848,sample_01282,Timen Passing By - Jason Shaw,1,0.9894635677337646,cnn_revised_20260919T110440Z,cnn_s1_06,val,Log-Mel CNN,0.3011821508407593,0.357628991206487
seg_003864,sample_01288,Understand That This Is A Dream - From the album Modulating Coil [RSVP008] - Forrest James,1,0.8264132738113403,cnn_revised_20260919T110440Z,cnn_s1_06,val,Log-Mel CNN,0.3011821508407593,0.357628991206487
seg_003865,sample_01288,Understand That This Is A Dream - From the album Modulating Coil [RSVP008] - Forrest James,1,0.9306361079216003,cnn_revised_20260919T110440Z,cnn_s1_06,val,Log-Mel CNN,0.3011821508407593,0.357628991206487
seg_003866,sample_01288,Understand That This Is A Dream - From the album Modulating Coil [RSVP008] - Forrest James,1,0.9983071088790894,cnn_revised_20260919T110440Z,cnn_s1_06,val,Log-Mel CNN,0.3011821508407593,0.357628991206487
seg_003873,sample_01291,Westside Chillers - Little Glass Men,1,0.7627164125442505,cnn_revised_20260919T110440Z,cnn_s1_06,val,Log-Mel CNN,0.3011821508407593,0.357628991206487
seg_003874,sample_01291,Westside Chillers - Little Glass Men,1,0.8326015472412109,cnn_revised_20260919T110440Z,cnn_s1_06,val,Log-Mel CNN,0.3011821508407593,0.357628991206487
seg_003875,sample_01291,Westside Chillers - Little Glass Men,1,0.9124981164932251,cnn_revised_20260919T110440Z,cnn_s1_06,val,Log-Mel CNN,0.3011821508407593,0.357628991206487
seg_003885,sample_01295,Agora - Malaventura,1,0.9698868989944458,cnn_revised_20260919T110440Z,cnn_s1_06,val,Log-Mel CNN,0.3011821508407593,0.357628991206487
seg_003886,sample_01295,Agora - Malaventura,1,0.8677927255630493,cnn_revised_20260919T110440Z,cnn_s1_06,val,Log-Mel CNN,0.3011821508407593,0.357628991206487
seg_003887,sample_01295,Agora - Malaventura,1,0.990486204624176,cnn_revised_20260919T110440Z,cnn_s1_06,val,Log-Mel CNN,0.3011821508407593,0.357628991206487
seg_003912,sample_01304,Evil Cannot Create - Caleb Lemond,1,0.7171773314476013,cnn_revised_20260919T110440Z,cnn_s1_06,val,Log-Mel CNN,0.3011821508407593,0.357628991206487
seg_003913,sample_01304,Evil Cannot Create - Caleb Lemond,1,0.9589315056800842,cnn_revised_20260919T110440Z,cnn_s1_06,val,Log-Mel CNN,0.3011821508407593,0.357628991206487
seg_003914,sample_01304,Evil Cannot Create - Caleb Lemond,1,0.9985053539276123,cnn_revised_20260919T110440Z,cnn_s1_06,val,Log-Mel CNN,0.3011821508407593,0.357628991206487
seg_003972,sample_01324,My Body Is A Weapon (Compromise Edit) - Silence is full of birds,1,0.9775826334953308,cnn_revised_20260919T110440Z,cnn_s1_06,val,Log-Mel CNN,0.3011821508407593,0.357628991206487
seg_003973,sample_01324,My Body Is A Weapon (Compromise Edit) - Silence is full of birds,1,0.9989319443702698,cnn_revised_20260919T110440Z,cnn_s1_06,val,Log-Mel CNN,0.3011821508407593,0.357628991206487
seg_003974,sample_01324,My Body Is A Weapon (Compromise Edit) - Silence is full of birds,1,0.9975505471229553,cnn_revised_20260919T110440Z,cnn_s1_06,val,Log-Mel CNN,0.3011821508407593,0.357628991206487
seg_003975,sample_01325,My Body Is A Weapon (Compromise Edit) - Silence is full of birds,1,0.9847257733345032,cnn_revised_20260919T110440Z,cnn_s1_06,val,Log-Mel CNN,0.3011821508407593,0.357628991206487
seg_003976,sample_01325,My Body Is A Weapon (Compromise Edit) - Silence is full of birds,1,0.9928891658782959,cnn_revised_20260919T110440Z,cnn_s1_06,val,Log-Mel CNN,0.3011821508407593,0.357628991206487
seg_003977,sample_01325,My Body Is A Weapon (Compromise Edit) - Silence is full of birds,1,0.9985054731369019,cnn_revised_20260919T110440Z,cnn_s1_06,val,Log-Mel CNN,0.3011821508407593,0.357628991206487
seg_003987,sample_01329,New Life (take 1) - Bird Names,1,0.9961162805557251,cnn_revised_20260919T110440Z,cnn_s1_06,val,Log-Mel CNN,0.3011821508407593,0.357628991206487
seg_003988,sample_01329,New Life (take 1) - Bird Names,1,0.9904357194900513,cnn_revised_20260919T110440Z,cnn_s1_06,val,Log-Mel CNN,0.3011821508407593,0.357628991206487
seg_003989,sample_01329,New Life (take 1) - Bird Names,1,0.9610487222671509,cnn_revised_20260919T110440Z,cnn_s1_06,val,Log-Mel CNN,0.3011821508407593,0.357628991206487
seg_003990,sample_01330,New Life (take 1) - Bird Names,1,0.8137215971946716,cnn_revised_20260919T110440Z,cnn_s1_06,val,Log-Mel CNN,0.3011821508407593,0.357628991206487
seg_003991,sample_01330,New Life (take 1) - Bird Names,1,0.9380931258201599,cnn_revised_20260919T110440Z,cnn_s1_06,val,Log-Mel CNN,0.3011821508407593,0.357628991206487
seg_003992,sample_01330,New Life (take 1) - Bird Names,1,0.9879376292228699,cnn_revised_20260919T110440Z,cnn_s1_06,val,Log-Mel CNN,0.3011821508407593,0.357628991206487
seg_003993,sample_01331,Norweigian Wood II - Bird Names,1,0.13287736475467682,cnn_revised_20260919T110440Z,cnn_s1_06,val,Log-Mel CNN,0.3011821508407593,0.357628991206487
seg_003994,sample_01331,Norweigian Wood II - Bird Names,1,0.006742982659488916,cnn_revised_20260919T110440Z,cnn_s1_06,val,Log-Mel CNN,0.3011821508407593,0.357628991206487
seg_003995,sample_01331,Norweigian Wood II - Bird Names,1,0.5302258133888245,cnn_revised_20260919T110440Z,cnn_s1_06,val,Log-Mel CNN,0.3011821508407593,0.357628991206487
seg_004020,sample_01340,Roller Star - Monroeville Music Center,1,0.9930014610290527,cnn_revised_20260919T110440Z,cnn_s1_06,val,Log-Mel CNN,0.3011821508407593,0.357628991206487
seg_004021,sample_01340,Roller Star - Monroeville Music Center,1,0.9909419417381287,cnn_revised_20260919T110440Z,cnn_s1_06,val,Log-Mel CNN,0.3011821508407593,0.357628991206487
seg_004022,sample_01340,Roller Star - Monroeville Music Center,1,0.9993991851806641,cnn_revised_20260919T110440Z,cnn_s1_06,val,Log-Mel CNN,0.3011821508407593,0.357628991206487
seg_004023,sample_01341,"Roundtrip - Oh Yeah, the Future",1,0.9212497472763062,cnn_revised_20260919T110440Z,cnn_s1_06,val,Log-Mel CNN,0.3011821508407593,0.357628991206487
seg_004024,sample_01341,"Roundtrip - Oh Yeah, the Future",1,0.9024950861930847,cnn_revised_20260919T110440Z,cnn_s1_06,val,Log-Mel CNN,0.3011821508407593,0.357628991206487
seg_004025,sample_01341,"Roundtrip - Oh Yeah, the Future",1,0.964030385017395,cnn_revised_20260919T110440Z,cnn_s1_06,val,Log-Mel CNN,0.3011821508407593,0.357628991206487
seg_004041,sample_01347,Soleares&beats - Malaventura,1,0.7058624625205994,cnn_revised_20260919T110440Z,cnn_s1_06,val,Log-Mel CNN,0.3011821508407593,0.357628991206487
seg_004042,sample_01347,Soleares&beats - Malaventura,1,0.9594419002532959,cnn_revised_20260919T110440Z,cnn_s1_06,val,Log-Mel CNN,0.3011821508407593,0.357628991206487
seg_004043,sample_01347,Soleares&beats - Malaventura,1,0.9461468458175659,cnn_revised_20260919T110440Z,cnn_s1_06,val,Log-Mel CNN,0.3011821508407593,0.357628991206487
seg_004053,sample_01351,Stockholm Syndrome / People Should Be More Aware - Bird Names,1,0.8376460671424866,cnn_revised_20260919T110440Z,cnn_s1_06,val,Log-Mel CNN,0.3011821508407593,0.357628991206487
seg_004054,sample_01351,Stockholm Syndrome / People Should Be More Aware - Bird Names,1,0.590023398399353,cnn_revised_20260919T110440Z,cnn_s1_06,val,Log-Mel CNN,0.3011821508407593,0.357628991206487
seg_004055,sample_01351,Stockholm Syndrome / People Should Be More Aware - Bird Names,1,0.9990221261978149,cnn_revised_20260919T110440Z,cnn_s1_06,val,Log-Mel CNN,0.3011821508407593,0.357628991206487
seg_004056,sample_01352,Stockholm Syndrome / People Should Be More Aware - Bird Names,1,0.7839656472206116,cnn_revised_20260919T110440Z,cnn_s1_06,val,Log-Mel CNN,0.3011821508407593,0.357628991206487
seg_004057,sample_01352,Stockholm Syndrome / People Should Be More Aware - Bird Names,1,0.9693089723587036,cnn_revised_20260919T110440Z,cnn_s1_06,val,Log-Mel CNN,0.3011821508407593,0.357628991206487
seg_004058,sample_01352,Stockholm Syndrome / People Should Be More Aware - Bird Names,1,0.49199366569519043,cnn_revised_20260919T110440Z,cnn_s1_06,val,Log-Mel CNN,0.3011821508407593,0.357628991206487
seg_004086,sample_01362,Time Is Love - Silence is full of birds,1,0.9821420907974243,cnn_revised_20260919T110440Z,cnn_s1_06,val,Log-Mel CNN,0.3011821508407593,0.357628991206487
seg_004087,sample_01362,Time Is Love - Silence is full of birds,1,0.9713649749755859,cnn_revised_20260919T110440Z,cnn_s1_06,val,Log-Mel CNN,0.3011821508407593,0.357628991206487
seg_004088,sample_01362,Time Is Love - Silence is full of birds,1,0.9938056468963623,cnn_revised_20260919T110440Z,cnn_s1_06,val,Log-Mel CNN,0.3011821508407593,0.357628991206487
seg_004116,sample_01372,2 (Wasn't There) - Isle of Pine,1,0.9364994764328003,cnn_revised_20260919T110440Z,cnn_s1_06,val,Log-Mel CNN,0.3011821508407593,0.357628991206487
seg_004117,sample_01372,2 (Wasn't There) - Isle of Pine,1,0.15789635479450226,cnn_revised_20260919T110440Z,cnn_s1_06,val,Log-Mel CNN,0.3011821508407593,0.357628991206487
seg_004118,sample_01372,2 (Wasn't There) - Isle of Pine,1,0.7916985154151917,cnn_revised_20260919T110440Z,cnn_s1_06,val,Log-Mel CNN,0.3011821508407593,0.357628991206487
seg_004146,sample_01382,Beyond Luxury - Mors Ontologica,1,0.9972158670425415,cnn_revised_20260919T110440Z,cnn_s1_06,val,Log-Mel CNN,0.3011821508407593,0.357628991206487
seg_004147,sample_01382,Beyond Luxury - Mors Ontologica,1,0.9741390943527222,cnn_revised_20260919T110440Z,cnn_s1_06,val,Log-Mel CNN,0.3011821508407593,0.357628991206487
seg_004148,sample_01382,Beyond Luxury - Mors Ontologica,1,0.9955356121063232,cnn_revised_20260919T110440Z,cnn_s1_06,val,Log-Mel CNN,0.3011821508407593,0.357628991206487
seg_004182,sample_01394,Empty Pockets - Pete Prodoehl,1,0.04129241779446602,cnn_revised_20260919T110440Z,cnn_s1_06,val,Log-Mel CNN,0.3011821508407593,0.357628991206487
seg_004183,sample_01394,Empty Pockets - Pete Prodoehl,1,0.07271622866392136,cnn_revised_20260919T110440Z,cnn_s1_06,val,Log-Mel CNN,0.3011821508407593,0.357628991206487
seg_004184,sample_01394,Empty Pockets - Pete Prodoehl,1,0.9986380934715271,cnn_revised_20260919T110440Z,cnn_s1_06,val,Log-Mel CNN,0.3011821508407593,0.357628991206487
seg_004191,sample_01397,Fear - Los Fancy Free,1,0.7810714244842529,cnn_revised_20260919T110440Z,cnn_s1_06,val,Log-Mel CNN,0.3011821508407593,0.357628991206487
seg_004192,sample_01397,Fear - Los Fancy Free,1,0.4384291470050812,cnn_revised_20260919T110440Z,cnn_s1_06,val,Log-Mel CNN,0.3011821508407593,0.357628991206487
seg_004193,sample_01397,Fear - Los Fancy Free,1,0.9773026704788208,cnn_revised_20260919T110440Z,cnn_s1_06,val,Log-Mel CNN,0.3011821508407593,0.357628991206487
seg_004206,sample_01402,Gila Monster Flop/Music History Lesson:The Sonics - The Crypts!,1,0.8756392002105713,cnn_revised_20260919T110440Z,cnn_s1_06,val,Log-Mel CNN,0.3011821508407593,0.357628991206487
seg_004207,sample_01402,Gila Monster Flop/Music History Lesson:The Sonics - The Crypts!,1,0.9137548804283142,cnn_revised_20260919T110440Z,cnn_s1_06,val,Log-Mel CNN,0.3011821508407593,0.357628991206487
seg_004208,sample_01402,Gila Monster Flop/Music History Lesson:The Sonics - The Crypts!,1,0.9681394696235657,cnn_revised_20260919T110440Z,cnn_s1_06,val,Log-Mel CNN,0.3011821508407593,0.357628991206487
seg_004245,sample_01415,I Fell - Mod Fun,1,0.8276110887527466,cnn_revised_20260919T110440Z,cnn_s1_06,val,Log-Mel CNN,0.3011821508407593,0.357628991206487
seg_004246,sample_01415,I Fell - Mod Fun,1,0.8825823664665222,cnn_revised_20260919T110440Z,cnn_s1_06,val,Log-Mel CNN,0.3011821508407593,0.357628991206487
seg_004247,sample_01415,I Fell - Mod Fun,1,0.9965313076972961,cnn_revised_20260919T110440Z,cnn_s1_06,val,Log-Mel CNN,0.3011821508407593,0.357628991206487
seg_004275,sample_01425,Lights Up - Pipe Choir,1,0.9417343735694885,cnn_revised_20260919T110440Z,cnn_s1_06,val,Log-Mel CNN,0.3011821508407593,0.357628991206487
seg_004276,sample_01425,Lights Up - Pipe Choir,1,0.9674915075302124,cnn_revised_20260919T110440Z,cnn_s1_06,val,Log-Mel CNN,0.3011821508407593,0.357628991206487
seg_004277,sample_01425,Lights Up - Pipe Choir,1,0.9595939517021179,cnn_revised_20260919T110440Z,cnn_s1_06,val,Log-Mel CNN,0.3011821508407593,0.357628991206487
seg_004287,sample_01429,March of the GPA Mechanics - [t]ghost,1,0.9856325387954712,cnn_revised_20260919T110440Z,cnn_s1_06,val,Log-Mel CNN,0.3011821508407593,0.357628991206487
seg_004288,sample_01429,March of the GPA Mechanics - [t]ghost,1,0.9376289248466492,cnn_revised_20260919T110440Z,cnn_s1_06,val,Log-Mel CNN,0.3011821508407593,0.357628991206487
seg_004289,sample_01429,March of the GPA Mechanics - [t]ghost,1,0.9882357120513916,cnn_revised_20260919T110440Z,cnn_s1_06,val,Log-Mel CNN,0.3011821508407593,0.357628991206487
seg_004326,sample_01442,Redlight - Room For A Ghost,1,0.8475438952445984,cnn_revised_20260919T110440Z,cnn_s1_06,val,Log-Mel CNN,0.3011821508407593,0.357628991206487
seg_004327,sample_01442,Redlight - Room For A Ghost,1,0.9633365869522095,cnn_revised_20260919T110440Z,cnn_s1_06,val,Log-Mel CNN,0.3011821508407593,0.357628991206487
seg_004328,sample_01442,Redlight - Room For A Ghost,1,0.9966806769371033,cnn_revised_20260919T110440Z,cnn_s1_06,val,Log-Mel CNN,0.3011821508407593,0.357628991206487
seg_004341,sample_01447,Scramby Eggs - Andy G. Cohen,1,0.8885789513587952,cnn_revised_20260919T110440Z,cnn_s1_06,val,Log-Mel CNN,0.3011821508407593,0.357628991206487
seg_004342,sample_01447,Scramby Eggs - Andy G. Cohen,1,0.6371334791183472,cnn_revised_20260919T110440Z,cnn_s1_06,val,Log-Mel CNN,0.3011821508407593,0.357628991206487
seg_004343,sample_01447,Scramby Eggs - Andy G. Cohen,1,0.9889969825744629,cnn_revised_20260919T110440Z,cnn_s1_06,val,Log-Mel CNN,0.3011821508407593,0.357628991206487
seg_004353,sample_01451,Shipwrecked Crew - Pete Prodoehl,1,0.5502808690071106,cnn_revised_20260919T110440Z,cnn_s1_06,val,Log-Mel CNN,0.3011821508407593,0.357628991206487
seg_004354,sample_01451,Shipwrecked Crew - Pete Prodoehl,1,0.9061353802680969,cnn_revised_20260919T110440Z,cnn_s1_06,val,Log-Mel CNN,0.3011821508407593,0.357628991206487
seg_004355,sample_01451,Shipwrecked Crew - Pete Prodoehl,1,0.9863830804824829,cnn_revised_20260919T110440Z,cnn_s1_06,val,Log-Mel CNN,0.3011821508407593,0.357628991206487
seg_004383,sample_01461,The girl just faded - Los Llamarada,1,0.909207820892334,cnn_revised_20260919T110440Z,cnn_s1_06,val,Log-Mel CNN,0.3011821508407593,0.357628991206487
seg_004384,sample_01461,The girl just faded - Los Llamarada,1,0.9915517568588257,cnn_revised_20260919T110440Z,cnn_s1_06,val,Log-Mel CNN,0.3011821508407593,0.357628991206487
seg_004385,sample_01461,The girl just faded - Los Llamarada,1,0.9891687631607056,cnn_revised_20260919T110440Z,cnn_s1_06,val,Log-Mel CNN,0.3011821508407593,0.357628991206487
seg_004401,sample_01467,Voxel - Andy G. Cohen,1,0.8331128358840942,cnn_revised_20260919T110440Z,cnn_s1_06,val,Log-Mel CNN,0.3011821508407593,0.357628991206487
seg_004402,sample_01467,Voxel - Andy G. Cohen,1,0.6730565428733826,cnn_revised_20260919T110440Z,cnn_s1_06,val,Log-Mel CNN,0.3011821508407593,0.357628991206487
seg_004403,sample_01467,Voxel - Andy G. Cohen,1,0.9858570098876953,cnn_revised_20260919T110440Z,cnn_s1_06,val,Log-Mel CNN,0.3011821508407593,0.357628991206487
seg_004425,sample_01475,Windows of the Skull - Sarin,1,0.9688910245895386,cnn_revised_20260919T110440Z,cnn_s1_06,val,Log-Mel CNN,0.3011821508407593,0.357628991206487
seg_004426,sample_01475,Windows of the Skull - Sarin,1,0.9998478889465332,cnn_revised_20260919T110440Z,cnn_s1_06,val,Log-Mel CNN,0.3011821508407593,0.357628991206487
seg_004427,sample_01475,Windows of the Skull - Sarin,1,0.9750418663024902,cnn_revised_20260919T110440Z,cnn_s1_06,val,Log-Mel CNN,0.3011821508407593,0.357628991206487
seg_004464,sample_01488,Night Drive - Decktonic,1,0.0743723213672638,cnn_revised_20260919T110440Z,cnn_s1_06,val,Log-Mel CNN,0.3011821508407593,0.357628991206487
seg_004465,sample_01488,Night Drive - Decktonic,1,0.10109968483448029,cnn_revised_20260919T110440Z,cnn_s1_06,val,Log-Mel CNN,0.3011821508407593,0.357628991206487
seg_004466,sample_01488,Night Drive - Decktonic,1,0.6801593899726868,cnn_revised_20260919T110440Z,cnn_s1_06,val,Log-Mel CNN,0.3011821508407593,0.357628991206487
seg_004521,sample_01507,Nuo Maisemat - Paavoharju,1,0.9968664050102234,cnn_revised_20260919T110440Z,cnn_s1_06,val,Log-Mel CNN,0.3011821508407593,0.357628991206487
seg_004522,sample_01507,Nuo Maisemat - Paavoharju,1,0.9978864789009094,cnn_revised_20260919T110440Z,cnn_s1_06,val,Log-Mel CNN,0.3011821508407593,0.357628991206487
seg_004523,sample_01507,Nuo Maisemat - Paavoharju,1,0.9974679946899414,cnn_revised_20260919T110440Z,cnn_s1_06,val,Log-Mel CNN,0.3011821508407593,0.357628991206487
seg_004536,sample_01512,CopperNickle - UncleBibby,1,0.14357560873031616,cnn_revised_20260919T110440Z,cnn_s1_06,val,Log-Mel CNN,0.3011821508407593,0.357628991206487
seg_004537,sample_01512,CopperNickle - UncleBibby,1,0.12835225462913513,cnn_revised_20260919T110440Z,cnn_s1_06,val,Log-Mel CNN,0.3011821508407593,0.357628991206487
seg_004538,sample_01512,CopperNickle - UncleBibby,1,0.032192595303058624,cnn_revised_20260919T110440Z,cnn_s1_06,val,Log-Mel CNN,0.3011821508407593,0.357628991206487
seg_004539,sample_01513,Daylight Savings - My brother Daniel,1,0.32633814215660095,cnn_revised_20260919T110440Z,cnn_s1_06,val,Log-Mel CNN,0.3011821508407593,0.357628991206487
seg_004540,sample_01513,Daylight Savings - My brother Daniel,1,0.12684017419815063,cnn_revised_20260919T110440Z,cnn_s1_06,val,Log-Mel CNN,0.3011821508407593,0.357628991206487
seg_004541,sample_01513,Daylight Savings - My brother Daniel,1,0.09641678631305695,cnn_revised_20260919T110440Z,cnn_s1_06,val,Log-Mel CNN,0.3011821508407593,0.357628991206487
seg_004542,sample_01514,mystery team 2090 - Jesse Futerman,1,0.8406165242195129,cnn_revised_20260919T110440Z,cnn_s1_06,val,Log-Mel CNN,0.3011821508407593,0.357628991206487
seg_004543,sample_01514,mystery team 2090 - Jesse Futerman,1,0.683510422706604,cnn_revised_20260919T110440Z,cnn_s1_06,val,Log-Mel CNN,0.3011821508407593,0.357628991206487
seg_004544,sample_01514,mystery team 2090 - Jesse Futerman,1,0.9020320177078247,cnn_revised_20260919T110440Z,cnn_s1_06,val,Log-Mel CNN,0.3011821508407593,0.357628991206487
seg_004575,sample_01525,SD (Ill Mix) - H-LR,1,0.780311107635498,cnn_revised_20260919T110440Z,cnn_s1_06,val,Log-Mel CNN,0.3011821508407593,0.357628991206487
seg_004576,sample_01525,SD (Ill Mix) - H-LR,1,0.9491007328033447,cnn_revised_20260919T110440Z,cnn_s1_06,val,Log-Mel CNN,0.3011821508407593,0.357628991206487
seg_004577,sample_01525,SD (Ill Mix) - H-LR,1,0.9061267375946045,cnn_revised_20260919T110440Z,cnn_s1_06,val,Log-Mel CNN,0.3011821508407593,0.357628991206487
seg_004590,sample_01530,Stockholm Syndrome / People Should Be More Aware - Bird Names,1,0.4712795913219452,cnn_revised_20260919T110440Z,cnn_s1_06,val,Log-Mel CNN,0.3011821508407593,0.357628991206487
seg_004591,sample_01530,Stockholm Syndrome / People Should Be More Aware - Bird Names,1,0.8427157402038574,cnn_revised_20260919T110440Z,cnn_s1_06,val,Log-Mel CNN,0.3011821508407593,0.357628991206487
seg_004592,sample_01530,Stockholm Syndrome / People Should Be More Aware - Bird Names,1,0.13608230650424957,cnn_revised_20260919T110440Z,cnn_s1_06,val,Log-Mel CNN,0.3011821508407593,0.357628991206487
seg_004596,sample_01532,Time Is Love - Silence is full of birds,1,0.9992517828941345,cnn_revised_20260919T110440Z,cnn_s1_06,val,Log-Mel CNN,0.3011821508407593,0.357628991206487
seg_004597,sample_01532,Time Is Love - Silence is full of birds,1,0.9910756349563599,cnn_revised_20260919T110440Z,cnn_s1_06,val,Log-Mel CNN,0.3011821508407593,0.357628991206487
seg_004598,sample_01532,Time Is Love - Silence is full of birds,1,0.9992308616638184,cnn_revised_20260919T110440Z,cnn_s1_06,val,Log-Mel CNN,0.3011821508407593,0.357628991206487
seg_004602,sample_01534,Roller Star - Monroeville Music Center,1,0.07552065700292587,cnn_revised_20260919T110440Z,cnn_s1_06,val,Log-Mel CNN,0.3011821508407593,0.357628991206487
seg_004603,sample_01534,Roller Star - Monroeville Music Center,1,0.9024145007133484,cnn_revised_20260919T110440Z,cnn_s1_06,val,Log-Mel CNN,0.3011821508407593,0.357628991206487
seg_004604,sample_01534,Roller Star - Monroeville Music Center,1,0.3891695737838745,cnn_revised_20260919T110440Z,cnn_s1_06,val,Log-Mel CNN,0.3011821508407593,0.357628991206487
seg_004611,sample_01537,Soleares&beats - Malaventura,1,0.10759590566158295,cnn_revised_20260919T110440Z,cnn_s1_06,val,Log-Mel CNN,0.3011821508407593,0.357628991206487
seg_004612,sample_01537,Soleares&beats - Malaventura,1,0.2013453096151352,cnn_revised_20260919T110440Z,cnn_s1_06,val,Log-Mel CNN,0.3011821508407593,0.357628991206487
seg_004613,sample_01537,Soleares&beats - Malaventura,1,0.1667202115058899,cnn_revised_20260919T110440Z,cnn_s1_06,val,Log-Mel CNN,0.3011821508407593,0.357628991206487
seg_004629,sample_01543,Evil Cannot Create - Caleb Lemond,1,0.34004223346710205,cnn_revised_20260919T110440Z,cnn_s1_06,val,Log-Mel CNN,0.3011821508407593,0.357628991206487
seg_004630,sample_01543,Evil Cannot Create - Caleb Lemond,1,0.9414653778076172,cnn_revised_20260919T110440Z,cnn_s1_06,val,Log-Mel CNN,0.3011821508407593,0.357628991206487
seg_004631,sample_01543,Evil Cannot Create - Caleb Lemond,1,0.5869266390800476,cnn_revised_20260919T110440Z,cnn_s1_06,val,Log-Mel CNN,0.3011821508407593,0.357628991206487
seg_004647,sample_01549,"Roundtrip - Oh Yeah, the Future",1,0.28797540068626404,cnn_revised_20260919T110440Z,cnn_s1_06,val,Log-Mel CNN,0.3011821508407593,0.357628991206487
seg_004648,sample_01549,"Roundtrip - Oh Yeah, the Future",1,0.6170971393585205,cnn_revised_20260919T110440Z,cnn_s1_06,val,Log-Mel CNN,0.3011821508407593,0.357628991206487
seg_004649,sample_01549,"Roundtrip - Oh Yeah, the Future",1,0.7149316668510437,cnn_revised_20260919T110440Z,cnn_s1_06,val,Log-Mel CNN,0.3011821508407593,0.357628991206487
seg_004692,sample_01564,Norweigian Wood II - Bird Names,1,0.7735534906387329,cnn_revised_20260919T110440Z,cnn_s1_06,val,Log-Mel CNN,0.3011821508407593,0.357628991206487
seg_004693,sample_01564,Norweigian Wood II - Bird Names,1,0.6332064270973206,cnn_revised_20260919T110440Z,cnn_s1_06,val,Log-Mel CNN,0.3011821508407593,0.357628991206487
seg_004694,sample_01564,Norweigian Wood II - Bird Names,1,0.8864738345146179,cnn_revised_20260919T110440Z,cnn_s1_06,val,Log-Mel CNN,0.3011821508407593,0.357628991206487
seg_004695,sample_01565,New Life (take 1) - Bird Names,1,0.7952799201011658,cnn_revised_20260919T110440Z,cnn_s1_06,val,Log-Mel CNN,0.3011821508407593,0.357628991206487
seg_004696,sample_01565,New Life (take 1) - Bird Names,1,0.6078351140022278,cnn_revised_20260919T110440Z,cnn_s1_06,val,Log-Mel CNN,0.3011821508407593,0.357628991206487
seg_004697,sample_01565,New Life (take 1) - Bird Names,1,0.42274385690689087,cnn_revised_20260919T110440Z,cnn_s1_06,val,Log-Mel CNN,0.3011821508407593,0.357628991206487
seg_004698,sample_01566,New Life (take 1) - Bird Names,1,0.7710501551628113,cnn_revised_20260919T110440Z,cnn_s1_06,val,Log-Mel CNN,0.3011821508407593,0.357628991206487
seg_004699,sample_01566,New Life (take 1) - Bird Names,1,0.933007538318634,cnn_revised_20260919T110440Z,cnn_s1_06,val,Log-Mel CNN,0.3011821508407593,0.357628991206487
seg_004700,sample_01566,New Life (take 1) - Bird Names,1,0.8713521361351013,cnn_revised_20260919T110440Z,cnn_s1_06,val,Log-Mel CNN,0.3011821508407593,0.357628991206487
seg_004779,sample_01593,Gila Monster Flop/Music History Lesson:The Sonics - The Crypts!,1,0.5724702477455139,cnn_revised_20260919T110440Z,cnn_s1_06,val,Log-Mel CNN,0.3011821508407593,0.357628991206487
seg_004780,sample_01593,Gila Monster Flop/Music History Lesson:The Sonics - The Crypts!,1,0.5104192495346069,cnn_revised_20260919T110440Z,cnn_s1_06,val,Log-Mel CNN,0.3011821508407593,0.357628991206487
seg_004781,sample_01593,Gila Monster Flop/Music History Lesson:The Sonics - The Crypts!,1,0.6298143267631531,cnn_revised_20260919T110440Z,cnn_s1_06,val,Log-Mel CNN,0.3011821508407593,0.357628991206487
seg_004821,sample_01607,March of the GPA Mechanics - [t]ghost,1,0.38905781507492065,cnn_revised_20260919T110440Z,cnn_s1_06,val,Log-Mel CNN,0.3011821508407593,0.357628991206487
seg_004822,sample_01607,March of the GPA Mechanics - [t]ghost,1,0.8237212896347046,cnn_revised_20260919T110440Z,cnn_s1_06,val,Log-Mel CNN,0.3011821508407593,0.357628991206487
seg_004823,sample_01607,March of the GPA Mechanics - [t]ghost,1,0.048805609345436096,cnn_revised_20260919T110440Z,cnn_s1_06,val,Log-Mel CNN,0.3011821508407593,0.357628991206487
seg_004824,sample_01608,Windows of the Skull - Sarin,1,0.8466649055480957,cnn_revised_20260919T110440Z,cnn_s1_06,val,Log-Mel CNN,0.3011821508407593,0.357628991206487
seg_004825,sample_01608,Windows of the Skull - Sarin,1,0.6301422715187073,cnn_revised_20260919T110440Z,cnn_s1_06,val,Log-Mel CNN,0.3011821508407593,0.357628991206487
seg_004826,sample_01608,Windows of the Skull - Sarin,1,0.6638538837432861,cnn_revised_20260919T110440Z,cnn_s1_06,val,Log-Mel CNN,0.3011821508407593,0.357628991206487
seg_004830,sample_01610,Empty Pockets - Pete Prodoehl,1,0.9047517776489258,cnn_revised_20260919T110440Z,cnn_s1_06,val,Log-Mel CNN,0.3011821508407593,0.357628991206487
seg_004831,sample_01610,Empty Pockets - Pete Prodoehl,1,0.9515061974525452,cnn_revised_20260919T110440Z,cnn_s1_06,val,Log-Mel CNN,0.3011821508407593,0.357628991206487
seg_004832,sample_01610,Empty Pockets - Pete Prodoehl,1,0.9297244548797607,cnn_revised_20260919T110440Z,cnn_s1_06,val,Log-Mel CNN,0.3011821508407593,0.357628991206487
seg_004836,sample_01612,Scramby Eggs - Andy G. Cohen,1,0.11432307213544846,cnn_revised_20260919T110440Z,cnn_s1_06,val,Log-Mel CNN,0.3011821508407593,0.357628991206487
seg_004837,sample_01612,Scramby Eggs - Andy G. Cohen,1,0.20380057394504547,cnn_revised_20260919T110440Z,cnn_s1_06,val,Log-Mel CNN,0.3011821508407593,0.357628991206487
seg_004838,sample_01612,Scramby Eggs - Andy G. Cohen,1,0.238469198346138,cnn_revised_20260919T110440Z,cnn_s1_06,val,Log-Mel CNN,0.3011821508407593,0.357628991206487
seg_004839,sample_01613,Voxel - Andy G. Cohen,1,0.7530438899993896,cnn_revised_20260919T110440Z,cnn_s1_06,val,Log-Mel CNN,0.3011821508407593,0.357628991206487
seg_004840,sample_01613,Voxel - Andy G. Cohen,1,0.05604984983801842,cnn_revised_20260919T110440Z,cnn_s1_06,val,Log-Mel CNN,0.3011821508407593,0.357628991206487
seg_004841,sample_01613,Voxel - Andy G. Cohen,1,0.09496744722127914,cnn_revised_20260919T110440Z,cnn_s1_06,val,Log-Mel CNN,0.3011821508407593,0.357628991206487
seg_004845,sample_01615,The girl just faded - Los Llamarada,1,0.2156139612197876,cnn_revised_20260919T110440Z,cnn_s1_06,val,Log-Mel CNN,0.3011821508407593,0.357628991206487
seg_004846,sample_01615,The girl just faded - Los Llamarada,1,0.25193196535110474,cnn_revised_20260919T110440Z,cnn_s1_06,val,Log-Mel CNN,0.3011821508407593,0.357628991206487
seg_004847,sample_01615,The girl just faded - Los Llamarada,1,0.6240798830986023,cnn_revised_20260919T110440Z,cnn_s1_06,val,Log-Mel CNN,0.3011821508407593,0.357628991206487
seg_004860,sample_01620,2 (Wasn't There) - Isle of Pine,1,0.9418491721153259,cnn_revised_20260919T110440Z,cnn_s1_06,val,Log-Mel CNN,0.3011821508407593,0.357628991206487
seg_004861,sample_01620,2 (Wasn't There) - Isle of Pine,1,0.9392755627632141,cnn_revised_20260919T110440Z,cnn_s1_06,val,Log-Mel CNN,0.3011821508407593,0.357628991206487
seg_004862,sample_01620,2 (Wasn't There) - Isle of Pine,1,0.962202787399292,cnn_revised_20260919T110440Z,cnn_s1_06,val,Log-Mel CNN,0.3011821508407593,0.357628991206487
seg_004866,sample_01622,I Fell - Mod Fun,1,0.02229415997862816,cnn_revised_20260919T110440Z,cnn_s1_06,val,Log-Mel CNN,0.3011821508407593,0.357628991206487
seg_004867,sample_01622,I Fell - Mod Fun,1,0.9128237366676331,cnn_revised_20260919T110440Z,cnn_s1_06,val,Log-Mel CNN,0.3011821508407593,0.357628991206487
seg_004868,sample_01622,I Fell - Mod Fun,1,0.6885728240013123,cnn_revised_20260919T110440Z,cnn_s1_06,val,Log-Mel CNN,0.3011821508407593,0.357628991206487
seg_004872,sample_01624,Новый Нью-Йорк 2 - Чокнутый Пропеллер,1,0.9833894371986389,cnn_revised_20260919T110440Z,cnn_s1_06,val,Log-Mel CNN,0.3011821508407593,0.357628991206487
seg_004873,sample_01624,Новый Нью-Йорк 2 - Чокнутый Пропеллер,1,0.6667342782020569,cnn_revised_20260919T110440Z,cnn_s1_06,val,Log-Mel CNN,0.3011821508407593,0.357628991206487
seg_004874,sample_01624,Новый Нью-Йорк 2 - Чокнутый Пропеллер,1,0.22819890081882477,cnn_revised_20260919T110440Z,cnn_s1_06,val,Log-Mel CNN,0.3011821508407593,0.357628991206487
seg_004908,sample_01636,CopperNickle - UncleBibby,1,0.9078813791275024,cnn_revised_20260919T110440Z,cnn_s1_06,val,Log-Mel CNN,0.3011821508407593,0.357628991206487
seg_004909,sample_01636,CopperNickle - UncleBibby,1,0.9938467144966125,cnn_revised_20260919T110440Z,cnn_s1_06,val,Log-Mel CNN,0.3011821508407593,0.357628991206487
seg_004910,sample_01636,CopperNickle - UncleBibby,1,0.8409577012062073,cnn_revised_20260919T110440Z,cnn_s1_06,val,Log-Mel CNN,0.3011821508407593,0.357628991206487
seg_004914,sample_01638,Daylight Savings - My brother Daniel,1,0.743939995765686,cnn_revised_20260919T110440Z,cnn_s1_06,val,Log-Mel CNN,0.3011821508407593,0.357628991206487
seg_004915,sample_01638,Daylight Savings - My brother Daniel,1,0.7470503449440002,cnn_revised_20260919T110440Z,cnn_s1_06,val,Log-Mel CNN,0.3011821508407593,0.357628991206487
seg_004916,sample_01638,Daylight Savings - My brother Daniel,1,0.9757329225540161,cnn_revised_20260919T110440Z,cnn_s1_06,val,Log-Mel CNN,0.3011821508407593,0.357628991206487
seg_004947,sample_01649,mystery team 2090 - Jesse Futerman,1,0.06029399484395981,cnn_revised_20260919T110440Z,cnn_s1_06,val,Log-Mel CNN,0.3011821508407593,0.357628991206487
seg_004948,sample_01649,mystery team 2090 - Jesse Futerman,1,0.4983207583427429,cnn_revised_20260919T110440Z,cnn_s1_06,val,Log-Mel CNN,0.3011821508407593,0.357628991206487
seg_004949,sample_01649,mystery team 2090 - Jesse Futerman,1,0.380156934261322,cnn_revised_20260919T110440Z,cnn_s1_06,val,Log-Mel CNN,0.3011821508407593,0.357628991206487
seg_004950,sample_01650,Night Drive - Decktonic,1,0.982104480266571,cnn_revised_20260919T110440Z,cnn_s1_06,val,Log-Mel CNN,0.3011821508407593,0.357628991206487
seg_004951,sample_01650,Night Drive - Decktonic,1,0.9948622584342957,cnn_revised_20260919T110440Z,cnn_s1_06,val,Log-Mel CNN,0.3011821508407593,0.357628991206487
seg_004952,sample_01650,Night Drive - Decktonic,1,0.9986509680747986,cnn_revised_20260919T110440Z,cnn_s1_06,val,Log-Mel CNN,0.3011821508407593,0.357628991206487
seg_004959,sample_01653,Nuo Maisemat - Paavoharju,1,0.9997122883796692,cnn_revised_20260919T110440Z,cnn_s1_06,val,Log-Mel CNN,0.3011821508407593,0.357628991206487
seg_004960,sample_01653,Nuo Maisemat - Paavoharju,1,0.9860391616821289,cnn_revised_20260919T110440Z,cnn_s1_06,val,Log-Mel CNN,0.3011821508407593,0.357628991206487
seg_004961,sample_01653,Nuo Maisemat - Paavoharju,1,0.9989033937454224,cnn_revised_20260919T110440Z,cnn_s1_06,val,Log-Mel CNN,0.3011821508407593,0.357628991206487
seg_005001,sample_01667,SD (Ill Mix) - H-LR,1,0.03290246054530144,cnn_revised_20260919T110440Z,cnn_s1_06,val,Log-Mel CNN,0.3011821508407593,0.357628991206487
seg_005002,sample_01667,SD (Ill Mix) - H-LR,1,0.9334999322891235,cnn_revised_20260919T110440Z,cnn_s1_06,val,Log-Mel CNN,0.3011821508407593,0.357628991206487
seg_005003,sample_01667,SD (Ill Mix) - H-LR,1,0.9959057569503784,cnn_revised_20260919T110440Z,cnn_s1_06,val,Log-Mel CNN,0.3011821508407593,0.357628991206487
seg_005055,sample_01685,Evil Cannot Create - Caleb Lemond,1,0.9755392074584961,cnn_revised_20260919T110440Z,cnn_s1_06,val,Log-Mel CNN,0.3011821508407593,0.357628991206487
seg_005056,sample_01685,Evil Cannot Create - Caleb Lemond,1,0.9993460774421692,cnn_revised_20260919T110440Z,cnn_s1_06,val,Log-Mel CNN,0.3011821508407593,0.357628991206487
seg_005057,sample_01685,Evil Cannot Create - Caleb Lemond,1,0.9981868863105774,cnn_revised_20260919T110440Z,cnn_s1_06,val,Log-Mel CNN,0.3011821508407593,0.357628991206487
seg_005111,sample_01704,New Life (take 1) - Bird Names,1,0.7520192861557007,cnn_revised_20260919T110440Z,cnn_s1_06,val,Log-Mel CNN,0.3011821508407593,0.357628991206487
seg_005112,sample_01704,New Life (take 1) - Bird Names,1,0.771386981010437,cnn_revised_20260919T110440Z,cnn_s1_06,val,Log-Mel CNN,0.3011821508407593,0.357628991206487
seg_005113,sample_01704,New Life (take 1) - Bird Names,1,0.419731080532074,cnn_revised_20260919T110440Z,cnn_s1_06,val,Log-Mel CNN,0.3011821508407593,0.357628991206487
seg_005114,sample_01705,Norweigian Wood II - Bird Names,1,0.7679136991500854,cnn_revised_20260919T110440Z,cnn_s1_06,val,Log-Mel CNN,0.3011821508407593,0.357628991206487
seg_005115,sample_01705,Norweigian Wood II - Bird Names,1,0.6617218255996704,cnn_revised_20260919T110440Z,cnn_s1_06,val,Log-Mel CNN,0.3011821508407593,0.357628991206487
seg_005116,sample_01705,Norweigian Wood II - Bird Names,1,0.3528028130531311,cnn_revised_20260919T110440Z,cnn_s1_06,val,Log-Mel CNN,0.3011821508407593,0.357628991206487
seg_005126,sample_01709,Roller Star - Monroeville Music Center,1,0.8677234649658203,cnn_revised_20260919T110440Z,cnn_s1_06,val,Log-Mel CNN,0.3011821508407593,0.357628991206487
seg_005127,sample_01709,Roller Star - Monroeville Music Center,1,0.9398978352546692,cnn_revised_20260919T110440Z,cnn_s1_06,val,Log-Mel CNN,0.3011821508407593,0.357628991206487
seg_005128,sample_01709,Roller Star - Monroeville Music Center,1,0.9839203953742981,cnn_revised_20260919T110440Z,cnn_s1_06,val,Log-Mel CNN,0.3011821508407593,0.357628991206487
seg_005129,sample_01710,"Roundtrip - Oh Yeah, the Future",1,0.7508230209350586,cnn_revised_20260919T110440Z,cnn_s1_06,val,Log-Mel CNN,0.3011821508407593,0.357628991206487
seg_005130,sample_01710,"Roundtrip - Oh Yeah, the Future",1,0.9885112047195435,cnn_revised_20260919T110440Z,cnn_s1_06,val,Log-Mel CNN,0.3011821508407593,0.357628991206487
seg_005131,sample_01710,"Roundtrip - Oh Yeah, the Future",1,0.9956668615341187,cnn_revised_20260919T110440Z,cnn_s1_06,val,Log-Mel CNN,0.3011821508407593,0.357628991206487
seg_005138,sample_01713,Soleares&beats - Malaventura,1,0.5699840784072876,cnn_revised_20260919T110440Z,cnn_s1_06,val,Log-Mel CNN,0.3011821508407593,0.357628991206487
seg_005139,sample_01713,Soleares&beats - Malaventura,1,0.02197776734828949,cnn_revised_20260919T110440Z,cnn_s1_06,val,Log-Mel CNN,0.3011821508407593,0.357628991206487
seg_005140,sample_01713,Soleares&beats - Malaventura,1,0.054796651005744934,cnn_revised_20260919T110440Z,cnn_s1_06,val,Log-Mel CNN,0.3011821508407593,0.357628991206487
seg_005147,sample_01716,Stockholm Syndrome / People Should Be More Aware - Bird Names,1,0.5720839500427246,cnn_revised_20260919T110440Z,cnn_s1_06,val,Log-Mel CNN,0.3011821508407593,0.357628991206487
seg_005148,sample_01716,Stockholm Syndrome / People Should Be More Aware - Bird Names,1,0.9193697571754456,cnn_revised_20260919T110440Z,cnn_s1_06,val,Log-Mel CNN,0.3011821508407593,0.357628991206487
seg_005149,sample_01716,Stockholm Syndrome / People Should Be More Aware - Bird Names,1,0.9147281646728516,cnn_revised_20260919T110440Z,cnn_s1_06,val,Log-Mel CNN,0.3011821508407593,0.357628991206487
seg_005168,sample_01723,Time Is Love - Silence is full of birds,1,0.4259338080883026,cnn_revised_20260919T110440Z,cnn_s1_06,val,Log-Mel CNN,0.3011821508407593,0.357628991206487
seg_005169,sample_01723,Time Is Love - Silence is full of birds,1,0.8192873001098633,cnn_revised_20260919T110440Z,cnn_s1_06,val,Log-Mel CNN,0.3011821508407593,0.357628991206487
seg_005170,sample_01723,Time Is Love - Silence is full of birds,1,0.9353389739990234,cnn_revised_20260919T110440Z,cnn_s1_06,val,Log-Mel CNN,0.3011821508407593,0.357628991206487
seg_005188,sample_01730,2 (Wasn't There) - Isle of Pine,1,0.9722210168838501,cnn_revised_20260919T110440Z,cnn_s1_06,val,Log-Mel CNN,0.3011821508407593,0.357628991206487
seg_005189,sample_01730,2 (Wasn't There) - Isle of Pine,1,0.3682278096675873,cnn_revised_20260919T110440Z,cnn_s1_06,val,Log-Mel CNN,0.3011821508407593,0.357628991206487
seg_005190,sample_01730,2 (Wasn't There) - Isle of Pine,1,0.9900007247924805,cnn_revised_20260919T110440Z,cnn_s1_06,val,Log-Mel CNN,0.3011821508407593,0.357628991206487
seg_005203,sample_01735,Empty Pockets - Pete Prodoehl,1,0.9592607021331787,cnn_revised_20260919T110440Z,cnn_s1_06,val,Log-Mel CNN,0.3011821508407593,0.357628991206487
seg_005204,sample_01735,Empty Pockets - Pete Prodoehl,1,0.9723995327949524,cnn_revised_20260919T110440Z,cnn_s1_06,val,Log-Mel CNN,0.3011821508407593,0.357628991206487
seg_005205,sample_01735,Empty Pockets - Pete Prodoehl,1,0.9991912245750427,cnn_revised_20260919T110440Z,cnn_s1_06,val,Log-Mel CNN,0.3011821508407593,0.357628991206487
seg_005212,sample_01738,Gila Monster Flop/Music History Lesson:The Sonics - The Crypts!,1,0.6531549692153931,cnn_revised_20260919T110440Z,cnn_s1_06,val,Log-Mel CNN,0.3011821508407593,0.357628991206487
seg_005213,sample_01738,Gila Monster Flop/Music History Lesson:The Sonics - The Crypts!,1,0.9672563672065735,cnn_revised_20260919T110440Z,cnn_s1_06,val,Log-Mel CNN,0.3011821508407593,0.357628991206487
seg_005214,sample_01738,Gila Monster Flop/Music History Lesson:The Sonics - The Crypts!,1,0.9878416657447815,cnn_revised_20260919T110440Z,cnn_s1_06,val,Log-Mel CNN,0.3011821508407593,0.357628991206487
seg_005221,sample_01741,I Fell - Mod Fun,1,0.9969402551651001,cnn_revised_20260919T110440Z,cnn_s1_06,val,Log-Mel CNN,0.3011821508407593,0.357628991206487
seg_005222,sample_01741,I Fell - Mod Fun,1,0.9873326420783997,cnn_revised_20260919T110440Z,cnn_s1_06,val,Log-Mel CNN,0.3011821508407593,0.357628991206487
seg_005223,sample_01741,I Fell - Mod Fun,1,0.9996156692504883,cnn_revised_20260919T110440Z,cnn_s1_06,val,Log-Mel CNN,0.3011821508407593,0.357628991206487
seg_005245,sample_01749,March of the GPA Mechanics - [t]ghost,1,0.7205213904380798,cnn_revised_20260919T110440Z,cnn_s1_06,val,Log-Mel CNN,0.3011821508407593,0.357628991206487
seg_005246,sample_01749,March of the GPA Mechanics - [t]ghost,1,0.9939863681793213,cnn_revised_20260919T110440Z,cnn_s1_06,val,Log-Mel CNN,0.3011821508407593,0.357628991206487
seg_005247,sample_01749,March of the GPA Mechanics - [t]ghost,1,0.9626527428627014,cnn_revised_20260919T110440Z,cnn_s1_06,val,Log-Mel CNN,0.3011821508407593,0.357628991206487
seg_005274,sample_01759,Scramby Eggs - Andy G. Cohen,1,0.9992462396621704,cnn_revised_20260919T110440Z,cnn_s1_06,val,Log-Mel CNN,0.3011821508407593,0.357628991206487
seg_005275,sample_01759,Scramby Eggs - Andy G. Cohen,1,0.9935523271560669,cnn_revised_20260919T110440Z,cnn_s1_06,val,Log-Mel CNN,0.3011821508407593,0.357628991206487
seg_005276,sample_01759,Scramby Eggs - Andy G. Cohen,1,0.999101996421814,cnn_revised_20260919T110440Z,cnn_s1_06,val,Log-Mel CNN,0.3011821508407593,0.357628991206487
seg_005301,sample_01768,The girl just faded - Los Llamarada,1,0.9979891777038574,cnn_revised_20260919T110440Z,cnn_s1_06,val,Log-Mel CNN,0.3011821508407593,0.357628991206487
seg_005302,sample_01768,The girl just faded - Los Llamarada,1,0.9972822666168213,cnn_revised_20260919T110440Z,cnn_s1_06,val,Log-Mel CNN,0.3011821508407593,0.357628991206487
seg_005303,sample_01768,The girl just faded - Los Llamarada,1,0.9979050159454346,cnn_revised_20260919T110440Z,cnn_s1_06,val,Log-Mel CNN,0.3011821508407593,0.357628991206487
seg_005310,sample_01771,Voxel - Andy G. Cohen,1,0.9991223216056824,cnn_revised_20260919T110440Z,cnn_s1_06,val,Log-Mel CNN,0.3011821508407593,0.357628991206487
seg_005311,sample_01771,Voxel - Andy G. Cohen,1,0.9833008050918579,cnn_revised_20260919T110440Z,cnn_s1_06,val,Log-Mel CNN,0.3011821508407593,0.357628991206487
seg_005312,sample_01771,Voxel - Andy G. Cohen,1,0.9934698343276978,cnn_revised_20260919T110440Z,cnn_s1_06,val,Log-Mel CNN,0.3011821508407593,0.357628991206487
seg_005322,sample_01775,Windows of the Skull - Sarin,1,0.9976513981819153,cnn_revised_20260919T110440Z,cnn_s1_06,val,Log-Mel CNN,0.3011821508407593,0.357628991206487
seg_005323,sample_01775,Windows of the Skull - Sarin,1,0.9827374815940857,cnn_revised_20260919T110440Z,cnn_s1_06,val,Log-Mel CNN,0.3011821508407593,0.357628991206487
seg_005324,sample_01775,Windows of the Skull - Sarin,1,0.9373157024383545,cnn_revised_20260919T110440Z,cnn_s1_06,val,Log-Mel CNN,0.3011821508407593,0.357628991206487
seg_005331,sample_01778,Новый Нью-Йорк 2 - Чокнутый Пропеллер,1,0.6236591935157776,cnn_revised_20260919T110440Z,cnn_s1_06,val,Log-Mel CNN,0.3011821508407593,0.357628991206487
seg_005332,sample_01778,Новый Нью-Йорк 2 - Чокнутый Пропеллер,1,0.9579597115516663,cnn_revised_20260919T110440Z,cnn_s1_06,val,Log-Mel CNN,0.3011821508407593,0.357628991206487
seg_005333,sample_01778,Новый Нью-Йорк 2 - Чокнутый Пропеллер,1,0.983555257320404,cnn_revised_20260919T110440Z,cnn_s1_06,val,Log-Mel CNN,0.3011821508407593,0.357628991206487
seg_005372,sample_01798,CopperNickle - UncleBibby,1,0.9836808443069458,cnn_revised_20260919T110440Z,cnn_s1_06,val,Log-Mel CNN,0.3011821508407593,0.357628991206487
seg_005373,sample_01798,CopperNickle - UncleBibby,1,0.9806439876556396,cnn_revised_20260919T110440Z,cnn_s1_06,val,Log-Mel CNN,0.3011821508407593,0.357628991206487
seg_005378,sample_01801,Daylight Savings - My brother Daniel,1,0.9994832277297974,cnn_revised_20260919T110440Z,cnn_s1_06,val,Log-Mel CNN,0.3011821508407593,0.357628991206487
seg_005379,sample_01801,Daylight Savings - My brother Daniel,1,0.9993489384651184,cnn_revised_20260919T110440Z,cnn_s1_06,val,Log-Mel CNN,0.3011821508407593,0.357628991206487
seg_005396,sample_01810,Fifth Ramble - From the album Keith [RSVP007] - My brother Daniel,1,0.9964589476585388,cnn_revised_20260919T110440Z,cnn_s1_06,val,Log-Mel CNN,0.3011821508407593,0.357628991206487
seg_005397,sample_01810,Fifth Ramble - From the album Keith [RSVP007] - My brother Daniel,1,0.9979751706123352,cnn_revised_20260919T110440Z,cnn_s1_06,val,Log-Mel CNN,0.3011821508407593,0.357628991206487
seg_005412,sample_01818,If You're Ther - Nicola Ratti,1,0.9959017634391785,cnn_revised_20260919T110440Z,cnn_s1_06,val,Log-Mel CNN,0.3011821508407593,0.357628991206487
seg_005413,sample_01818,If You're Ther - Nicola Ratti,1,0.9993379712104797,cnn_revised_20260919T110440Z,cnn_s1_06,val,Log-Mel CNN,0.3011821508407593,0.357628991206487
seg_005428,sample_01826,Kumorizoranohajimarutokoro - Hosomi,1,0.9978162050247192,cnn_revised_20260919T110440Z,cnn_s1_06,val,Log-Mel CNN,0.3011821508407593,0.357628991206487
seg_005429,sample_01826,Kumorizoranohajimarutokoro - Hosomi,1,0.996756374835968,cnn_revised_20260919T110440Z,cnn_s1_06,val,Log-Mel CNN,0.3011821508407593,0.357628991206487
seg_005446,sample_01835,Loved Ones - Rowan Box,1,0.9919300079345703,cnn_revised_20260919T110440Z,cnn_s1_06,val,Log-Mel CNN,0.3011821508407593,0.357628991206487
seg_005447,sample_01835,Loved Ones - Rowan Box,1,0.992182195186615,cnn_revised_20260919T110440Z,cnn_s1_06,val,Log-Mel CNN,0.3011821508407593,0.357628991206487
seg_005448,sample_01836,Morning Bell - Nihilore,1,0.9910784363746643,cnn_revised_20260919T110440Z,cnn_s1_06,val,Log-Mel CNN,0.3011821508407593,0.357628991206487
seg_005449,sample_01836,Morning Bell - Nihilore,1,0.9935610294342041,cnn_revised_20260919T110440Z,cnn_s1_06,val,Log-Mel CNN,0.3011821508407593,0.357628991206487
seg_005450,sample_01837,mystery team 2090 - Jesse Futerman,1,0.986989438533783,cnn_revised_20260919T110440Z,cnn_s1_06,val,Log-Mel CNN,0.3011821508407593,0.357628991206487
seg_005451,sample_01837,mystery team 2090 - Jesse Futerman,1,0.990721583366394,cnn_revised_20260919T110440Z,cnn_s1_06,val,Log-Mel CNN,0.3011821508407593,0.357628991206487
seg_005452,sample_01838,Night Drive - Decktonic,1,0.99440598487854,cnn_revised_20260919T110440Z,cnn_s1_06,val,Log-Mel CNN,0.3011821508407593,0.357628991206487
seg_005453,sample_01838,Night Drive - Decktonic,1,0.9968594312667847,cnn_revised_20260919T110440Z,cnn_s1_06,val,Log-Mel CNN,0.3011821508407593,0.357628991206487
seg_005460,sample_01842,Nuo Maisemat - Paavoharju,1,0.998771607875824,cnn_revised_20260919T110440Z,cnn_s1_06,val,Log-Mel CNN,0.3011821508407593,0.357628991206487
seg_005461,sample_01842,Nuo Maisemat - Paavoharju,1,0.9966796636581421,cnn_revised_20260919T110440Z,cnn_s1_06,val,Log-Mel CNN,0.3011821508407593,0.357628991206487
seg_005494,sample_01859,SD (Ill Mix) - H-LR,1,0.833540141582489,cnn_revised_20260919T110440Z,cnn_s1_06,val,Log-Mel CNN,0.3011821508407593,0.357628991206487
seg_005495,sample_01859,SD (Ill Mix) - H-LR,1,0.26197147369384766,cnn_revised_20260919T110440Z,cnn_s1_06,val,Log-Mel CNN,0.3011821508407593,0.357628991206487
seg_005503,sample_01864,some dextromethorphan - Jeva,1,0.9985219836235046,cnn_revised_20260919T110440Z,cnn_s1_06,val,Log-Mel CNN,0.3011821508407593,0.357628991206487
seg_005504,sample_01864,some dextromethorphan - Jeva,1,0.9987843632698059,cnn_revised_20260919T110440Z,cnn_s1_06,val,Log-Mel CNN,0.3011821508407593,0.357628991206487
seg_005509,sample_01867,Sturgeon's Law - Nihilore,1,0.9759817719459534,cnn_revised_20260919T110440Z,cnn_s1_06,val,Log-Mel CNN,0.3011821508407593,0.357628991206487
seg_005510,sample_01867,Sturgeon's Law - Nihilore,1,0.9738849997520447,cnn_revised_20260919T110440Z,cnn_s1_06,val,Log-Mel CNN,0.3011821508407593,0.357628991206487
seg_005533,sample_01879,The Stairway - WarpToken,1,0.9307456612586975,cnn_revised_20260919T110440Z,cnn_s1_06,val,Log-Mel CNN,0.3011821508407593,0.357628991206487
seg_005534,sample_01879,The Stairway - WarpToken,1,0.6518204808235168,cnn_revised_20260919T110440Z,cnn_s1_06,val,Log-Mel CNN,0.3011821508407593,0.357628991206487
seg_005535,sample_01880,Three Bird - My brother Daniel,1,0.9953593611717224,cnn_revised_20260919T110440Z,cnn_s1_06,val,Log-Mel CNN,0.3011821508407593,0.357628991206487
seg_005536,sample_01880,Three Bird - My brother Daniel,1,0.9981914162635803,cnn_revised_20260919T110440Z,cnn_s1_06,val,Log-Mel CNN,0.3011821508407593,0.357628991206487
seg_005537,sample_01881,Timen Passing By - Jason Shaw,1,0.9905114769935608,cnn_revised_20260919T110440Z,cnn_s1_06,val,Log-Mel CNN,0.3011821508407593,0.357628991206487
seg_005538,sample_01881,Timen Passing By - Jason Shaw,1,0.9883158206939697,cnn_revised_20260919T110440Z,cnn_s1_06,val,Log-Mel CNN,0.3011821508407593,0.357628991206487
seg_005549,sample_01887,Understand That This Is A Dream - From the album Modulating Coil [RSVP008] - Forrest James,1,0.9974182844161987,cnn_revised_20260919T110440Z,cnn_s1_06,val,Log-Mel CNN,0.3011821508407593,0.357628991206487
seg_005550,sample_01887,Understand That This Is A Dream - From the album Modulating Coil [RSVP008] - Forrest James,1,0.9993752837181091,cnn_revised_20260919T110440Z,cnn_s1_06,val,Log-Mel CNN,0.3011821508407593,0.357628991206487
seg_005555,sample_01890,Westside Chillers - Little Glass Men,1,0.8983793258666992,cnn_revised_20260919T110440Z,cnn_s1_06,val,Log-Mel CNN,0.3011821508407593,0.357628991206487
seg_005556,sample_01890,Westside Chillers - Little Glass Men,1,0.8961696028709412,cnn_revised_20260919T110440Z,cnn_s1_06,val,Log-Mel CNN,0.3011821508407593,0.357628991206487
seg_005565,sample_01895,Agora - Malaventura,1,0.9965639710426331,cnn_revised_20260919T110440Z,cnn_s1_06,val,Log-Mel CNN,0.3011821508407593,0.357628991206487
seg_005566,sample_01895,Agora - Malaventura,1,0.997177243232727,cnn_revised_20260919T110440Z,cnn_s1_06,val,Log-Mel CNN,0.3011821508407593,0.357628991206487
seg_005583,sample_01904,Evil Cannot Create - Caleb Lemond,1,0.9982264637947083,cnn_revised_20260919T110440Z,cnn_s1_06,val,Log-Mel CNN,0.3011821508407593,0.357628991206487
seg_005584,sample_01904,Evil Cannot Create - Caleb Lemond,1,0.9981275200843811,cnn_revised_20260919T110440Z,cnn_s1_06,val,Log-Mel CNN,0.3011821508407593,0.357628991206487
seg_005621,sample_01923,My Body Is A Weapon (Compromise Edit) - Silence is full of birds,1,0.9993754029273987,cnn_revised_20260919T110440Z,cnn_s1_06,val,Log-Mel CNN,0.3011821508407593,0.357628991206487
seg_005622,sample_01923,My Body Is A Weapon (Compromise Edit) - Silence is full of birds,1,0.9977218508720398,cnn_revised_20260919T110440Z,cnn_s1_06,val,Log-Mel CNN,0.3011821508407593,0.357628991206487
seg_005627,sample_01926,New Life (take 1) - Bird Names,1,0.9977160692214966,cnn_revised_20260919T110440Z,cnn_s1_06,val,Log-Mel CNN,0.3011821508407593,0.357628991206487
seg_005628,sample_01926,New Life (take 1) - Bird Names,1,0.9974843263626099,cnn_revised_20260919T110440Z,cnn_s1_06,val,Log-Mel CNN,0.3011821508407593,0.357628991206487
seg_005629,sample_01927,Norweigian Wood II - Bird Names,1,0.9853777885437012,cnn_revised_20260919T110440Z,cnn_s1_06,val,Log-Mel CNN,0.3011821508407593,0.357628991206487
seg_005630,sample_01927,Norweigian Wood II - Bird Names,1,0.9944136738777161,cnn_revised_20260919T110440Z,cnn_s1_06,val,Log-Mel CNN,0.3011821508407593,0.357628991206487
seg_005645,sample_01935,Roller Star - Monroeville Music Center,1,0.9926759600639343,cnn_revised_20260919T110440Z,cnn_s1_06,val,Log-Mel CNN,0.3011821508407593,0.357628991206487
seg_005646,sample_01935,Roller Star - Monroeville Music Center,1,0.9863572120666504,cnn_revised_20260919T110440Z,cnn_s1_06,val,Log-Mel CNN,0.3011821508407593,0.357628991206487
seg_005647,sample_01936,"Roundtrip - Oh Yeah, the Future",1,0.9969609379768372,cnn_revised_20260919T110440Z,cnn_s1_06,val,Log-Mel CNN,0.3011821508407593,0.357628991206487
seg_005648,sample_01936,"Roundtrip - Oh Yeah, the Future",1,0.9996883869171143,cnn_revised_20260919T110440Z,cnn_s1_06,val,Log-Mel CNN,0.3011821508407593,0.357628991206487
seg_005657,sample_01941,Soleares&beats - Malaventura,1,0.9988952279090881,cnn_revised_20260919T110440Z,cnn_s1_06,val,Log-Mel CNN,0.3011821508407593,0.357628991206487
seg_005658,sample_01941,Soleares&beats - Malaventura,1,0.9987843632698059,cnn_revised_20260919T110440Z,cnn_s1_06,val,Log-Mel CNN,0.3011821508407593,0.357628991206487
seg_005665,sample_01945,Stockholm Syndrome / People Should Be More Aware - Bird Names,1,0.9898712038993835,cnn_revised_20260919T110440Z,cnn_s1_06,val,Log-Mel CNN,0.3011821508407593,0.357628991206487
seg_005666,sample_01945,Stockholm Syndrome / People Should Be More Aware - Bird Names,1,0.9837491512298584,cnn_revised_20260919T110440Z,cnn_s1_06,val,Log-Mel CNN,0.3011821508407593,0.357628991206487
seg_005685,sample_01955,Time Is Love - Silence is full of birds,1,0.9979997277259827,cnn_revised_20260919T110440Z,cnn_s1_06,val,Log-Mel CNN,0.3011821508407593,0.357628991206487
seg_005686,sample_01955,Time Is Love - Silence is full of birds,1,0.9999058246612549,cnn_revised_20260919T110440Z,cnn_s1_06,val,Log-Mel CNN,0.3011821508407593,0.357628991206487
seg_005703,sample_01964,2 (Wasn't There) - Isle of Pine,1,0.9919909834861755,cnn_revised_20260919T110440Z,cnn_s1_06,val,Log-Mel CNN,0.3011821508407593,0.357628991206487
seg_005704,sample_01964,2 (Wasn't There) - Isle of Pine,1,0.99578458070755,cnn_revised_20260919T110440Z,cnn_s1_06,val,Log-Mel CNN,0.3011821508407593,0.357628991206487
seg_005723,sample_01974,Beyond Luxury - Mors Ontologica,1,0.9979853630065918,cnn_revised_20260919T110440Z,cnn_s1_06,val,Log-Mel CNN,0.3011821508407593,0.357628991206487
seg_005724,sample_01974,Beyond Luxury - Mors Ontologica,1,0.9975566864013672,cnn_revised_20260919T110440Z,cnn_s1_06,val,Log-Mel CNN,0.3011821508407593,0.357628991206487
seg_005747,sample_01986,Empty Pockets - Pete Prodoehl,1,0.9942674040794373,cnn_revised_20260919T110440Z,cnn_s1_06,val,Log-Mel CNN,0.3011821508407593,0.357628991206487
seg_005748,sample_01986,Empty Pockets - Pete Prodoehl,1,0.9966533780097961,cnn_revised_20260919T110440Z,cnn_s1_06,val,Log-Mel CNN,0.3011821508407593,0.357628991206487
seg_005753,sample_01989,Fear - Los Fancy Free,1,0.9970593452453613,cnn_revised_20260919T110440Z,cnn_s1_06,val,Log-Mel CNN,0.3011821508407593,0.357628991206487
seg_005754,sample_01989,Fear - Los Fancy Free,1,0.9978085160255432,cnn_revised_20260919T110440Z,cnn_s1_06,val,Log-Mel CNN,0.3011821508407593,0.357628991206487
seg_005763,sample_01994,Gila Monster Flop/Music History Lesson:The Sonics - The Crypts!,1,0.9991101622581482,cnn_revised_20260919T110440Z,cnn_s1_06,val,Log-Mel CNN,0.3011821508407593,0.357628991206487
seg_005788,sample_02007,I Fell - Mod Fun,1,0.9936646223068237,cnn_revised_20260919T110440Z,cnn_s1_06,val,Log-Mel CNN,0.3011821508407593,0.357628991206487
seg_005789,sample_02007,I Fell - Mod Fun,1,0.996351957321167,cnn_revised_20260919T110440Z,cnn_s1_06,val,Log-Mel CNN,0.3011821508407593,0.357628991206487
seg_005808,sample_02017,Lights Up - Pipe Choir,1,0.9983355402946472,cnn_revised_20260919T110440Z,cnn_s1_06,val,Log-Mel CNN,0.3011821508407593,0.357628991206487
seg_005809,sample_02017,Lights Up - Pipe Choir,1,0.9952470660209656,cnn_revised_20260919T110440Z,cnn_s1_06,val,Log-Mel CNN,0.3011821508407593,0.357628991206487
seg_005816,sample_02021,March of the GPA Mechanics - [t]ghost,1,0.9966920614242554,cnn_revised_20260919T110440Z,cnn_s1_06,val,Log-Mel CNN,0.3011821508407593,0.357628991206487
seg_005817,sample_02021,March of the GPA Mechanics - [t]ghost,1,0.9989534616470337,cnn_revised_20260919T110440Z,cnn_s1_06,val,Log-Mel CNN,0.3011821508407593,0.357628991206487
seg_005842,sample_02034,Redlight - Room For A Ghost,1,0.99111407995224,cnn_revised_20260919T110440Z,cnn_s1_06,val,Log-Mel CNN,0.3011821508407593,0.357628991206487
seg_005843,sample_02034,Redlight - Room For A Ghost,1,0.9815800786018372,cnn_revised_20260919T110440Z,cnn_s1_06,val,Log-Mel CNN,0.3011821508407593,0.357628991206487
seg_005852,sample_02039,Scramby Eggs - Andy G. Cohen,1,0.9981953501701355,cnn_revised_20260919T110440Z,cnn_s1_06,val,Log-Mel CNN,0.3011821508407593,0.357628991206487
seg_005853,sample_02039,Scramby Eggs - Andy G. Cohen,1,0.9853330254554749,cnn_revised_20260919T110440Z,cnn_s1_06,val,Log-Mel CNN,0.3011821508407593,0.357628991206487
seg_005860,sample_02043,Shipwrecked Crew - Pete Prodoehl,1,0.9542667865753174,cnn_revised_20260919T110440Z,cnn_s1_06,val,Log-Mel CNN,0.3011821508407593,0.357628991206487
seg_005861,sample_02043,Shipwrecked Crew - Pete Prodoehl,1,0.9907522201538086,cnn_revised_20260919T110440Z,cnn_s1_06,val,Log-Mel CNN,0.3011821508407593,0.357628991206487
seg_005880,sample_02053,The girl just faded - Los Llamarada,1,0.9989614486694336,cnn_revised_20260919T110440Z,cnn_s1_06,val,Log-Mel CNN,0.3011821508407593,0.357628991206487
seg_005881,sample_02053,The girl just faded - Los Llamarada,1,0.9979427456855774,cnn_revised_20260919T110440Z,cnn_s1_06,val,Log-Mel CNN,0.3011821508407593,0.357628991206487
seg_005892,sample_02059,Voxel - Andy G. Cohen,1,0.9897241592407227,cnn_revised_20260919T110440Z,cnn_s1_06,val,Log-Mel CNN,0.3011821508407593,0.357628991206487
seg_005893,sample_02059,Voxel - Andy G. Cohen,1,0.9916163086891174,cnn_revised_20260919T110440Z,cnn_s1_06,val,Log-Mel CNN,0.3011821508407593,0.357628991206487
seg_005908,sample_02067,Windows of the Skull - Sarin,1,0.9983226656913757,cnn_revised_20260919T110440Z,cnn_s1_06,val,Log-Mel CNN,0.3011821508407593,0.357628991206487
seg_005909,sample_02067,Windows of the Skull - Sarin,1,0.9992726445198059,cnn_revised_20260919T110440Z,cnn_s1_06,val,Log-Mel CNN,0.3011821508407593,0.357628991206487
seg_005964,sample_02087,CopperNickle - UncleBibby,1,0.14486278593540192,cnn_revised_20260919T110440Z,cnn_s1_06,val,Log-Mel CNN,0.3011821508407593,0.357628991206487
seg_005965,sample_02087,CopperNickle - UncleBibby,1,0.6079738140106201,cnn_revised_20260919T110440Z,cnn_s1_06,val,Log-Mel CNN,0.3011821508407593,0.357628991206487
seg_005966,sample_02087,CopperNickle - UncleBibby,1,0.4029594361782074,cnn_revised_20260919T110440Z,cnn_s1_06,val,Log-Mel CNN,0.3011821508407593,0.357628991206487
seg_005967,sample_02088,CopperNickle - UncleBibby,1,0.21674977242946625,cnn_revised_20260919T110440Z,cnn_s1_06,val,Log-Mel CNN,0.3011821508407593,0.357628991206487
seg_005968,sample_02088,CopperNickle - UncleBibby,1,0.8476821184158325,cnn_revised_20260919T110440Z,cnn_s1_06,val,Log-Mel CNN,0.3011821508407593,0.357628991206487
seg_005969,sample_02088,CopperNickle - UncleBibby,1,0.6486301422119141,cnn_revised_20260919T110440Z,cnn_s1_06,val,Log-Mel CNN,0.3011821508407593,0.357628991206487
seg_005976,sample_02091,Daylight Savings - My brother Daniel,1,0.011538146995007992,cnn_revised_20260919T110440Z,cnn_s1_06,val,Log-Mel CNN,0.3011821508407593,0.357628991206487
seg_005977,sample_02091,Daylight Savings - My brother Daniel,1,0.19443131983280182,cnn_revised_20260919T110440Z,cnn_s1_06,val,Log-Mel CNN,0.3011821508407593,0.357628991206487
seg_005978,sample_02091,Daylight Savings - My brother Daniel,1,0.7827589511871338,cnn_revised_20260919T110440Z,cnn_s1_06,val,Log-Mel CNN,0.3011821508407593,0.357628991206487
seg_005979,sample_02092,Daylight Savings - My brother Daniel,1,0.9952966570854187,cnn_revised_20260919T110440Z,cnn_s1_06,val,Log-Mel CNN,0.3011821508407593,0.357628991206487
seg_005980,sample_02092,Daylight Savings - My brother Daniel,1,0.7761727571487427,cnn_revised_20260919T110440Z,cnn_s1_06,val,Log-Mel CNN,0.3011821508407593,0.357628991206487
seg_005981,sample_02092,Daylight Savings - My brother Daniel,1,0.9763773083686829,cnn_revised_20260919T110440Z,cnn_s1_06,val,Log-Mel CNN,0.3011821508407593,0.357628991206487
seg_006042,sample_02113,mystery team 2090 - Jesse Futerman,1,0.17177832126617432,cnn_revised_20260919T110440Z,cnn_s1_06,val,Log-Mel CNN,0.3011821508407593,0.357628991206487
seg_006043,sample_02113,mystery team 2090 - Jesse Futerman,1,0.8312984108924866,cnn_revised_20260919T110440Z,cnn_s1_06,val,Log-Mel CNN,0.3011821508407593,0.357628991206487
seg_006044,sample_02113,mystery team 2090 - Jesse Futerman,1,0.9965636134147644,cnn_revised_20260919T110440Z,cnn_s1_06,val,Log-Mel CNN,0.3011821508407593,0.357628991206487
seg_006045,sample_02114,mystery team 2090 - Jesse Futerman,1,0.515674352645874,cnn_revised_20260919T110440Z,cnn_s1_06,val,Log-Mel CNN,0.3011821508407593,0.357628991206487
seg_006046,sample_02114,mystery team 2090 - Jesse Futerman,1,0.9292238354682922,cnn_revised_20260919T110440Z,cnn_s1_06,val,Log-Mel CNN,0.3011821508407593,0.357628991206487
seg_006047,sample_02114,mystery team 2090 - Jesse Futerman,1,0.9340169429779053,cnn_revised_20260919T110440Z,cnn_s1_06,val,Log-Mel CNN,0.3011821508407593,0.357628991206487
seg_006048,sample_02115,Night Drive - Decktonic,1,0.9747529625892639,cnn_revised_20260919T110440Z,cnn_s1_06,val,Log-Mel CNN,0.3011821508407593,0.357628991206487
seg_006049,sample_02115,Night Drive - Decktonic,1,0.9839560389518738,cnn_revised_20260919T110440Z,cnn_s1_06,val,Log-Mel CNN,0.3011821508407593,0.357628991206487
seg_006050,sample_02115,Night Drive - Decktonic,1,0.9582381844520569,cnn_revised_20260919T110440Z,cnn_s1_06,val,Log-Mel CNN,0.3011821508407593,0.357628991206487
seg_006051,sample_02116,Night Drive - Decktonic,1,0.9605329632759094,cnn_revised_20260919T110440Z,cnn_s1_06,val,Log-Mel CNN,0.3011821508407593,0.357628991206487
seg_006052,sample_02116,Night Drive - Decktonic,1,0.5149102210998535,cnn_revised_20260919T110440Z,cnn_s1_06,val,Log-Mel CNN,0.3011821508407593,0.357628991206487
seg_006053,sample_02116,Night Drive - Decktonic,1,0.21661587059497833,cnn_revised_20260919T110440Z,cnn_s1_06,val,Log-Mel CNN,0.3011821508407593,0.357628991206487
seg_006066,sample_02121,Nuo Maisemat - Paavoharju,1,0.9853716492652893,cnn_revised_20260919T110440Z,cnn_s1_06,val,Log-Mel CNN,0.3011821508407593,0.357628991206487
seg_006067,sample_02121,Nuo Maisemat - Paavoharju,1,0.5854639410972595,cnn_revised_20260919T110440Z,cnn_s1_06,val,Log-Mel CNN,0.3011821508407593,0.357628991206487
seg_006068,sample_02121,Nuo Maisemat - Paavoharju,1,0.9874544143676758,cnn_revised_20260919T110440Z,cnn_s1_06,val,Log-Mel CNN,0.3011821508407593,0.357628991206487
seg_006069,sample_02122,Nuo Maisemat - Paavoharju,1,0.9779249429702759,cnn_revised_20260919T110440Z,cnn_s1_06,val,Log-Mel CNN,0.3011821508407593,0.357628991206487
seg_006070,sample_02122,Nuo Maisemat - Paavoharju,1,0.9666337370872498,cnn_revised_20260919T110440Z,cnn_s1_06,val,Log-Mel CNN,0.3011821508407593,0.357628991206487
seg_006071,sample_02122,Nuo Maisemat - Paavoharju,1,0.9933077096939087,cnn_revised_20260919T110440Z,cnn_s1_06,val,Log-Mel CNN,0.3011821508407593,0.357628991206487
seg_006150,sample_02149,SD (Ill Mix) - H-LR,1,0.5938608646392822,cnn_revised_20260919T110440Z,cnn_s1_06,val,Log-Mel CNN,0.3011821508407593,0.357628991206487
seg_006151,sample_02149,SD (Ill Mix) - H-LR,1,0.8552598357200623,cnn_revised_20260919T110440Z,cnn_s1_06,val,Log-Mel CNN,0.3011821508407593,0.357628991206487
seg_006152,sample_02149,SD (Ill Mix) - H-LR,1,0.7694590091705322,cnn_revised_20260919T110440Z,cnn_s1_06,val,Log-Mel CNN,0.3011821508407593,0.357628991206487
seg_006153,sample_02150,SD (Ill Mix) - H-LR,1,0.024827448651194572,cnn_revised_20260919T110440Z,cnn_s1_06,val,Log-Mel CNN,0.3011821508407593,0.357628991206487
seg_006154,sample_02150,SD (Ill Mix) - H-LR,1,0.12503419816493988,cnn_revised_20260919T110440Z,cnn_s1_06,val,Log-Mel CNN,0.3011821508407593,0.357628991206487
seg_006155,sample_02150,SD (Ill Mix) - H-LR,1,0.5086365342140198,cnn_revised_20260919T110440Z,cnn_s1_06,val,Log-Mel CNN,0.3011821508407593,0.357628991206487
seg_006258,sample_02185,Evil Cannot Create - Caleb Lemond,1,0.8485469818115234,cnn_revised_20260919T110440Z,cnn_s1_06,val,Log-Mel CNN,0.3011821508407593,0.357628991206487
seg_006259,sample_02185,Evil Cannot Create - Caleb Lemond,1,0.818926990032196,cnn_revised_20260919T110440Z,cnn_s1_06,val,Log-Mel CNN,0.3011821508407593,0.357628991206487
seg_006260,sample_02185,Evil Cannot Create - Caleb Lemond,1,0.9830375909805298,cnn_revised_20260919T110440Z,cnn_s1_06,val,Log-Mel CNN,0.3011821508407593,0.357628991206487
seg_006261,sample_02186,Evil Cannot Create - Caleb Lemond,1,0.9910026788711548,cnn_revised_20260919T110440Z,cnn_s1_06,val,Log-Mel CNN,0.3011821508407593,0.357628991206487
seg_006262,sample_02186,Evil Cannot Create - Caleb Lemond,1,0.9068198800086975,cnn_revised_20260919T110440Z,cnn_s1_06,val,Log-Mel CNN,0.3011821508407593,0.357628991206487
seg_006263,sample_02186,Evil Cannot Create - Caleb Lemond,1,0.9971269965171814,cnn_revised_20260919T110440Z,cnn_s1_06,val,Log-Mel CNN,0.3011821508407593,0.357628991206487
seg_006366,sample_02221,New Life (take 1) - Bird Names,1,0.971476137638092,cnn_revised_20260919T110440Z,cnn_s1_06,val,Log-Mel CNN,0.3011821508407593,0.357628991206487
seg_006367,sample_02221,New Life (take 1) - Bird Names,1,0.40240299701690674,cnn_revised_20260919T110440Z,cnn_s1_06,val,Log-Mel CNN,0.3011821508407593,0.357628991206487
seg_006368,sample_02221,New Life (take 1) - Bird Names,1,0.7104371190071106,cnn_revised_20260919T110440Z,cnn_s1_06,val,Log-Mel CNN,0.3011821508407593,0.357628991206487
seg_006369,sample_02222,New Life (take 1) - Bird Names,1,0.9621648192405701,cnn_revised_20260919T110440Z,cnn_s1_06,val,Log-Mel CNN,0.3011821508407593,0.357628991206487
seg_006370,sample_02222,New Life (take 1) - Bird Names,1,0.9811719655990601,cnn_revised_20260919T110440Z,cnn_s1_06,val,Log-Mel CNN,0.3011821508407593,0.357628991206487
seg_006371,sample_02222,New Life (take 1) - Bird Names,1,0.9981005787849426,cnn_revised_20260919T110440Z,cnn_s1_06,val,Log-Mel CNN,0.3011821508407593,0.357628991206487
seg_006372,sample_02223,Norweigian Wood II - Bird Names,1,0.615157425403595,cnn_revised_20260919T110440Z,cnn_s1_06,val,Log-Mel CNN,0.3011821508407593,0.357628991206487
seg_006373,sample_02223,Norweigian Wood II - Bird Names,1,0.7480513453483582,cnn_revised_20260919T110440Z,cnn_s1_06,val,Log-Mel CNN,0.3011821508407593,0.357628991206487
seg_006374,sample_02223,Norweigian Wood II - Bird Names,1,0.9648153185844421,cnn_revised_20260919T110440Z,cnn_s1_06,val,Log-Mel CNN,0.3011821508407593,0.357628991206487
seg_006375,sample_02224,Norweigian Wood II - Bird Names,1,0.44561874866485596,cnn_revised_20260919T110440Z,cnn_s1_06,val,Log-Mel CNN,0.3011821508407593,0.357628991206487
seg_006376,sample_02224,Norweigian Wood II - Bird Names,1,0.9700255990028381,cnn_revised_20260919T110440Z,cnn_s1_06,val,Log-Mel CNN,0.3011821508407593,0.357628991206487
seg_006377,sample_02224,Norweigian Wood II - Bird Names,1,0.9981198906898499,cnn_revised_20260919T110440Z,cnn_s1_06,val,Log-Mel CNN,0.3011821508407593,0.357628991206487
seg_006396,sample_02231,Roller Star - Monroeville Music Center,1,0.682955801486969,cnn_revised_20260919T110440Z,cnn_s1_06,val,Log-Mel CNN,0.3011821508407593,0.357628991206487
seg_006397,sample_02231,Roller Star - Monroeville Music Center,1,0.5459145903587341,cnn_revised_20260919T110440Z,cnn_s1_06,val,Log-Mel CNN,0.3011821508407593,0.357628991206487
seg_006398,sample_02231,Roller Star - Monroeville Music Center,1,0.8212008476257324,cnn_revised_20260919T110440Z,cnn_s1_06,val,Log-Mel CNN,0.3011821508407593,0.357628991206487
seg_006399,sample_02232,Roller Star - Monroeville Music Center,1,0.40918031334877014,cnn_revised_20260919T110440Z,cnn_s1_06,val,Log-Mel CNN,0.3011821508407593,0.357628991206487
seg_006400,sample_02232,Roller Star - Monroeville Music Center,1,0.9242949485778809,cnn_revised_20260919T110440Z,cnn_s1_06,val,Log-Mel CNN,0.3011821508407593,0.357628991206487
seg_006401,sample_02232,Roller Star - Monroeville Music Center,1,0.9935316443443298,cnn_revised_20260919T110440Z,cnn_s1_06,val,Log-Mel CNN,0.3011821508407593,0.357628991206487
seg_006402,sample_02233,"Roundtrip - Oh Yeah, the Future",1,0.8903443217277527,cnn_revised_20260919T110440Z,cnn_s1_06,val,Log-Mel CNN,0.3011821508407593,0.357628991206487
seg_006403,sample_02233,"Roundtrip - Oh Yeah, the Future",1,0.6647350788116455,cnn_revised_20260919T110440Z,cnn_s1_06,val,Log-Mel CNN,0.3011821508407593,0.357628991206487
seg_006404,sample_02233,"Roundtrip - Oh Yeah, the Future",1,0.6553123593330383,cnn_revised_20260919T110440Z,cnn_s1_06,val,Log-Mel CNN,0.3011821508407593,0.357628991206487
seg_006405,sample_02234,"Roundtrip - Oh Yeah, the Future",1,0.777106761932373,cnn_revised_20260919T110440Z,cnn_s1_06,val,Log-Mel CNN,0.3011821508407593,0.357628991206487
seg_006406,sample_02234,"Roundtrip - Oh Yeah, the Future",1,0.497289776802063,cnn_revised_20260919T110440Z,cnn_s1_06,val,Log-Mel CNN,0.3011821508407593,0.357628991206487
seg_006407,sample_02234,"Roundtrip - Oh Yeah, the Future",1,0.8312826752662659,cnn_revised_20260919T110440Z,cnn_s1_06,val,Log-Mel CNN,0.3011821508407593,0.357628991206487
seg_006420,sample_02239,Soleares&beats - Malaventura,1,0.9490230083465576,cnn_revised_20260919T110440Z,cnn_s1_06,val,Log-Mel CNN,0.3011821508407593,0.357628991206487
seg_006421,sample_02239,Soleares&beats - Malaventura,1,0.6644923090934753,cnn_revised_20260919T110440Z,cnn_s1_06,val,Log-Mel CNN,0.3011821508407593,0.357628991206487
seg_006422,sample_02239,Soleares&beats - Malaventura,1,0.7001298666000366,cnn_revised_20260919T110440Z,cnn_s1_06,val,Log-Mel CNN,0.3011821508407593,0.357628991206487
seg_006423,sample_02240,Soleares&beats - Malaventura,1,0.5245802402496338,cnn_revised_20260919T110440Z,cnn_s1_06,val,Log-Mel CNN,0.3011821508407593,0.357628991206487
seg_006424,sample_02240,Soleares&beats - Malaventura,1,0.44199493527412415,cnn_revised_20260919T110440Z,cnn_s1_06,val,Log-Mel CNN,0.3011821508407593,0.357628991206487
seg_006425,sample_02240,Soleares&beats - Malaventura,1,0.5361503958702087,cnn_revised_20260919T110440Z,cnn_s1_06,val,Log-Mel CNN,0.3011821508407593,0.357628991206487
seg_006438,sample_02245,Stockholm Syndrome / People Should Be More Aware - Bird Names,1,0.9588040113449097,cnn_revised_20260919T110440Z,cnn_s1_06,val,Log-Mel CNN,0.3011821508407593,0.357628991206487
seg_006439,sample_02245,Stockholm Syndrome / People Should Be More Aware - Bird Names,1,0.7796382904052734,cnn_revised_20260919T110440Z,cnn_s1_06,val,Log-Mel CNN,0.3011821508407593,0.357628991206487
seg_006440,sample_02245,Stockholm Syndrome / People Should Be More Aware - Bird Names,1,0.8364397287368774,cnn_revised_20260919T110440Z,cnn_s1_06,val,Log-Mel CNN,0.3011821508407593,0.357628991206487
seg_006441,sample_02246,Stockholm Syndrome / People Should Be More Aware - Bird Names,1,0.8378770351409912,cnn_revised_20260919T110440Z,cnn_s1_06,val,Log-Mel CNN,0.3011821508407593,0.357628991206487
seg_006442,sample_02246,Stockholm Syndrome / People Should Be More Aware - Bird Names,1,0.9699375629425049,cnn_revised_20260919T110440Z,cnn_s1_06,val,Log-Mel CNN,0.3011821508407593,0.357628991206487
seg_006443,sample_02246,Stockholm Syndrome / People Should Be More Aware - Bird Names,1,0.7872658967971802,cnn_revised_20260919T110440Z,cnn_s1_06,val,Log-Mel CNN,0.3011821508407593,0.357628991206487
seg_006480,sample_02259,Time Is Love - Silence is full of birds,1,0.9778050184249878,cnn_revised_20260919T110440Z,cnn_s1_06,val,Log-Mel CNN,0.3011821508407593,0.357628991206487
seg_006481,sample_02259,Time Is Love - Silence is full of birds,1,0.9349820017814636,cnn_revised_20260919T110440Z,cnn_s1_06,val,Log-Mel CNN,0.3011821508407593,0.357628991206487
seg_006482,sample_02259,Time Is Love - Silence is full of birds,1,0.9812139272689819,cnn_revised_20260919T110440Z,cnn_s1_06,val,Log-Mel CNN,0.3011821508407593,0.357628991206487
seg_006483,sample_02260,Time Is Love - Silence is full of birds,1,0.14653213322162628,cnn_revised_20260919T110440Z,cnn_s1_06,val,Log-Mel CNN,0.3011821508407593,0.357628991206487
seg_006484,sample_02260,Time Is Love - Silence is full of birds,1,0.425537645816803,cnn_revised_20260919T110440Z,cnn_s1_06,val,Log-Mel CNN,0.3011821508407593,0.357628991206487
seg_006485,sample_02260,Time Is Love - Silence is full of birds,1,0.9250428080558777,cnn_revised_20260919T110440Z,cnn_s1_06,val,Log-Mel CNN,0.3011821508407593,0.357628991206487
seg_006522,sample_02273,2 (Wasn't There) - Isle of Pine,1,0.7884361147880554,cnn_revised_20260919T110440Z,cnn_s1_06,val,Log-Mel CNN,0.3011821508407593,0.357628991206487
seg_006523,sample_02273,2 (Wasn't There) - Isle of Pine,1,0.9315276741981506,cnn_revised_20260919T110440Z,cnn_s1_06,val,Log-Mel CNN,0.3011821508407593,0.357628991206487
seg_006524,sample_02273,2 (Wasn't There) - Isle of Pine,1,0.9989874958992004,cnn_revised_20260919T110440Z,cnn_s1_06,val,Log-Mel CNN,0.3011821508407593,0.357628991206487
seg_006525,sample_02274,2 (Wasn't There) - Isle of Pine,1,0.8394659757614136,cnn_revised_20260919T110440Z,cnn_s1_06,val,Log-Mel CNN,0.3011821508407593,0.357628991206487
seg_006526,sample_02274,2 (Wasn't There) - Isle of Pine,1,0.7958414554595947,cnn_revised_20260919T110440Z,cnn_s1_06,val,Log-Mel CNN,0.3011821508407593,0.357628991206487
seg_006527,sample_02274,2 (Wasn't There) - Isle of Pine,1,0.9965313076972961,cnn_revised_20260919T110440Z,cnn_s1_06,val,Log-Mel CNN,0.3011821508407593,0.357628991206487
seg_006552,sample_02283,Empty Pockets - Pete Prodoehl,1,0.5702996253967285,cnn_revised_20260919T110440Z,cnn_s1_06,val,Log-Mel CNN,0.3011821508407593,0.357628991206487
seg_006553,sample_02283,Empty Pockets - Pete Prodoehl,1,0.6083688735961914,cnn_revised_20260919T110440Z,cnn_s1_06,val,Log-Mel CNN,0.3011821508407593,0.357628991206487
seg_006554,sample_02283,Empty Pockets - Pete Prodoehl,1,0.979875922203064,cnn_revised_20260919T110440Z,cnn_s1_06,val,Log-Mel CNN,0.3011821508407593,0.357628991206487
seg_006555,sample_02284,Empty Pockets - Pete Prodoehl,1,0.7400504350662231,cnn_revised_20260919T110440Z,cnn_s1_06,val,Log-Mel CNN,0.3011821508407593,0.357628991206487
seg_006556,sample_02284,Empty Pockets - Pete Prodoehl,1,0.25883936882019043,cnn_revised_20260919T110440Z,cnn_s1_06,val,Log-Mel CNN,0.3011821508407593,0.357628991206487
seg_006557,sample_02284,Empty Pockets - Pete Prodoehl,1,0.7925888299942017,cnn_revised_20260919T110440Z,cnn_s1_06,val,Log-Mel CNN,0.3011821508407593,0.357628991206487
seg_006570,sample_02289,Gila Monster Flop/Music History Lesson:The Sonics - The Crypts!,1,0.8324605822563171,cnn_revised_20260919T110440Z,cnn_s1_06,val,Log-Mel CNN,0.3011821508407593,0.357628991206487
seg_006571,sample_02289,Gila Monster Flop/Music History Lesson:The Sonics - The Crypts!,1,0.5666316151618958,cnn_revised_20260919T110440Z,cnn_s1_06,val,Log-Mel CNN,0.3011821508407593,0.357628991206487
seg_006572,sample_02289,Gila Monster Flop/Music History Lesson:The Sonics - The Crypts!,1,0.8007359504699707,cnn_revised_20260919T110440Z,cnn_s1_06,val,Log-Mel CNN,0.3011821508407593,0.357628991206487
seg_006573,sample_02290,Gila Monster Flop/Music History Lesson:The Sonics - The Crypts!,1,0.5662067532539368,cnn_revised_20260919T110440Z,cnn_s1_06,val,Log-Mel CNN,0.3011821508407593,0.357628991206487
seg_006574,sample_02290,Gila Monster Flop/Music History Lesson:The Sonics - The Crypts!,1,0.08479281514883041,cnn_revised_20260919T110440Z,cnn_s1_06,val,Log-Mel CNN,0.3011821508407593,0.357628991206487
seg_006575,sample_02290,Gila Monster Flop/Music History Lesson:The Sonics - The Crypts!,1,0.8371023535728455,cnn_revised_20260919T110440Z,cnn_s1_06,val,Log-Mel CNN,0.3011821508407593,0.357628991206487
seg_006588,sample_02295,I Fell - Mod Fun,1,0.649292528629303,cnn_revised_20260919T110440Z,cnn_s1_06,val,Log-Mel CNN,0.3011821508407593,0.357628991206487
seg_006589,sample_02295,I Fell - Mod Fun,1,0.5547506213188171,cnn_revised_20260919T110440Z,cnn_s1_06,val,Log-Mel CNN,0.3011821508407593,0.357628991206487
seg_006590,sample_02295,I Fell - Mod Fun,1,0.9245374798774719,cnn_revised_20260919T110440Z,cnn_s1_06,val,Log-Mel CNN,0.3011821508407593,0.357628991206487
seg_006591,sample_02296,I Fell - Mod Fun,1,0.660563051700592,cnn_revised_20260919T110440Z,cnn_s1_06,val,Log-Mel CNN,0.3011821508407593,0.357628991206487
seg_006592,sample_02296,I Fell - Mod Fun,1,0.6476559042930603,cnn_revised_20260919T110440Z,cnn_s1_06,val,Log-Mel CNN,0.3011821508407593,0.357628991206487
seg_006593,sample_02296,I Fell - Mod Fun,1,0.8083041310310364,cnn_revised_20260919T110440Z,cnn_s1_06,val,Log-Mel CNN,0.3011821508407593,0.357628991206487
seg_006636,sample_02311,March of the GPA Mechanics - [t]ghost,1,0.3801472783088684,cnn_revised_20260919T110440Z,cnn_s1_06,val,Log-Mel CNN,0.3011821508407593,0.357628991206487
seg_006637,sample_02311,March of the GPA Mechanics - [t]ghost,1,0.654437243938446,cnn_revised_20260919T110440Z,cnn_s1_06,val,Log-Mel CNN,0.3011821508407593,0.357628991206487
seg_006638,sample_02311,March of the GPA Mechanics - [t]ghost,1,0.48441746830940247,cnn_revised_20260919T110440Z,cnn_s1_06,val,Log-Mel CNN,0.3011821508407593,0.357628991206487
seg_006639,sample_02312,March of the GPA Mechanics - [t]ghost,1,0.9475634694099426,cnn_revised_20260919T110440Z,cnn_s1_06,val,Log-Mel CNN,0.3011821508407593,0.357628991206487
seg_006640,sample_02312,March of the GPA Mechanics - [t]ghost,1,0.5529695153236389,cnn_revised_20260919T110440Z,cnn_s1_06,val,Log-Mel CNN,0.3011821508407593,0.357628991206487
seg_006641,sample_02312,March of the GPA Mechanics - [t]ghost,1,0.9135592579841614,cnn_revised_20260919T110440Z,cnn_s1_06,val,Log-Mel CNN,0.3011821508407593,0.357628991206487
seg_006696,sample_02331,Scramby Eggs - Andy G. Cohen,1,0.7828996181488037,cnn_revised_20260919T110440Z,cnn_s1_06,val,Log-Mel CNN,0.3011821508407593,0.357628991206487
seg_006697,sample_02331,Scramby Eggs - Andy G. Cohen,1,0.8710539937019348,cnn_revised_20260919T110440Z,cnn_s1_06,val,Log-Mel CNN,0.3011821508407593,0.357628991206487
seg_006698,sample_02331,Scramby Eggs - Andy G. Cohen,1,0.9353445768356323,cnn_revised_20260919T110440Z,cnn_s1_06,val,Log-Mel CNN,0.3011821508407593,0.357628991206487
seg_006699,sample_02332,Scramby Eggs - Andy G. Cohen,1,0.6825863718986511,cnn_revised_20260919T110440Z,cnn_s1_06,val,Log-Mel CNN,0.3011821508407593,0.357628991206487
seg_006700,sample_02332,Scramby Eggs - Andy G. Cohen,1,0.3141297996044159,cnn_revised_20260919T110440Z,cnn_s1_06,val,Log-Mel CNN,0.3011821508407593,0.357628991206487
seg_006701,sample_02332,Scramby Eggs - Andy G. Cohen,1,0.8934855461120605,cnn_revised_20260919T110440Z,cnn_s1_06,val,Log-Mel CNN,0.3011821508407593,0.357628991206487
seg_006750,sample_02349,The girl just faded - Los Llamarada,1,0.7608333230018616,cnn_revised_20260919T110440Z,cnn_s1_06,val,Log-Mel CNN,0.3011821508407593,0.357628991206487
seg_006751,sample_02349,The girl just faded - Los Llamarada,1,0.5192612409591675,cnn_revised_20260919T110440Z,cnn_s1_06,val,Log-Mel CNN,0.3011821508407593,0.357628991206487
seg_006752,sample_02349,The girl just faded - Los Llamarada,1,0.44609132409095764,cnn_revised_20260919T110440Z,cnn_s1_06,val,Log-Mel CNN,0.3011821508407593,0.357628991206487
seg_006753,sample_02350,The girl just faded - Los Llamarada,1,0.7150850296020508,cnn_revised_20260919T110440Z,cnn_s1_06,val,Log-Mel CNN,0.3011821508407593,0.357628991206487
seg_006754,sample_02350,The girl just faded - Los Llamarada,1,0.6839840412139893,cnn_revised_20260919T110440Z,cnn_s1_06,val,Log-Mel CNN,0.3011821508407593,0.357628991206487
seg_006755,sample_02350,The girl just faded - Los Llamarada,1,0.7041800022125244,cnn_revised_20260919T110440Z,cnn_s1_06,val,Log-Mel CNN,0.3011821508407593,0.357628991206487
seg_006768,sample_02355,Voxel - Andy G. Cohen,1,0.5356942415237427,cnn_revised_20260919T110440Z,cnn_s1_06,val,Log-Mel CNN,0.3011821508407593,0.357628991206487
seg_006769,sample_02355,Voxel - Andy G. Cohen,1,0.6469084620475769,cnn_revised_20260919T110440Z,cnn_s1_06,val,Log-Mel CNN,0.3011821508407593,0.357628991206487
seg_006770,sample_02355,Voxel - Andy G. Cohen,1,0.9955677390098572,cnn_revised_20260919T110440Z,cnn_s1_06,val,Log-Mel CNN,0.3011821508407593,0.357628991206487
seg_006771,sample_02356,Voxel - Andy G. Cohen,1,0.9596503376960754,cnn_revised_20260919T110440Z,cnn_s1_06,val,Log-Mel CNN,0.3011821508407593,0.357628991206487
seg_006772,sample_02356,Voxel - Andy G. Cohen,1,0.8797532320022583,cnn_revised_20260919T110440Z,cnn_s1_06,val,Log-Mel CNN,0.3011821508407593,0.357628991206487
seg_006773,sample_02356,Voxel - Andy G. Cohen,1,0.9322169423103333,cnn_revised_20260919T110440Z,cnn_s1_06,val,Log-Mel CNN,0.3011821508407593,0.357628991206487
seg_006792,sample_02363,Windows of the Skull - Sarin,1,0.9957085847854614,cnn_revised_20260919T110440Z,cnn_s1_06,val,Log-Mel CNN,0.3011821508407593,0.357628991206487
seg_006793,sample_02363,Windows of the Skull - Sarin,1,0.4200937747955322,cnn_revised_20260919T110440Z,cnn_s1_06,val,Log-Mel CNN,0.3011821508407593,0.357628991206487
seg_006794,sample_02363,Windows of the Skull - Sarin,1,0.07452700287103653,cnn_revised_20260919T110440Z,cnn_s1_06,val,Log-Mel CNN,0.3011821508407593,0.357628991206487
seg_006795,sample_02364,Windows of the Skull - Sarin,1,0.980262279510498,cnn_revised_20260919T110440Z,cnn_s1_06,val,Log-Mel CNN,0.3011821508407593,0.357628991206487
seg_006796,sample_02364,Windows of the Skull - Sarin,1,0.4648782014846802,cnn_revised_20260919T110440Z,cnn_s1_06,val,Log-Mel CNN,0.3011821508407593,0.357628991206487
seg_006797,sample_02364,Windows of the Skull - Sarin,1,0.9889274835586548,cnn_revised_20260919T110440Z,cnn_s1_06,val,Log-Mel CNN,0.3011821508407593,0.357628991206487
seg_006810,sample_02369,Новый Нью-Йорк 2 - Чокнутый Пропеллер,1,0.14101938903331757,cnn_revised_20260919T110440Z,cnn_s1_06,val,Log-Mel CNN,0.3011821508407593,0.357628991206487
seg_006811,sample_02369,Новый Нью-Йорк 2 - Чокнутый Пропеллер,1,0.6356938481330872,cnn_revised_20260919T110440Z,cnn_s1_06,val,Log-Mel CNN,0.3011821508407593,0.357628991206487
seg_006812,sample_02369,Новый Нью-Йорк 2 - Чокнутый Пропеллер,1,0.7343589663505554,cnn_revised_20260919T110440Z,cnn_s1_06,val,Log-Mel CNN,0.3011821508407593,0.357628991206487
seg_006813,sample_02370,Новый Нью-Йорк 2 - Чокнутый Пропеллер,1,0.5289421677589417,cnn_revised_20260919T110440Z,cnn_s1_06,val,Log-Mel CNN,0.3011821508407593,0.357628991206487
seg_006814,sample_02370,Новый Нью-Йорк 2 - Чокнутый Пропеллер,1,0.8279594779014587,cnn_revised_20260919T110440Z,cnn_s1_06,val,Log-Mel CNN,0.3011821508407593,0.357628991206487
seg_006815,sample_02370,Новый Нью-Йорк 2 - Чокнутый Пропеллер,1,0.7914875745773315,cnn_revised_20260919T110440Z,cnn_s1_06,val,Log-Mel CNN,0.3011821508407593,0.357628991206487
seg_006864,sample_02387,CopperNickle - UncleBibby,1,0.9875832200050354,cnn_revised_20260919T110440Z,cnn_s1_06,val,Log-Mel CNN,0.3011821508407593,0.357628991206487
seg_006865,sample_02387,CopperNickle - UncleBibby,1,0.9756646752357483,cnn_revised_20260919T110440Z,cnn_s1_06,val,Log-Mel CNN,0.3011821508407593,0.357628991206487
seg_006866,sample_02387,CopperNickle - UncleBibby,1,0.9870753884315491,cnn_revised_20260919T110440Z,cnn_s1_06,val,Log-Mel CNN,0.3011821508407593,0.357628991206487
seg_006867,sample_02388,CopperNickle - UncleBibby,1,0.8903612494468689,cnn_revised_20260919T110440Z,cnn_s1_06,val,Log-Mel CNN,0.3011821508407593,0.357628991206487
seg_006868,sample_02388,CopperNickle - UncleBibby,1,0.5019861459732056,cnn_revised_20260919T110440Z,cnn_s1_06,val,Log-Mel CNN,0.3011821508407593,0.357628991206487
seg_006869,sample_02388,CopperNickle - UncleBibby,1,0.8955634832382202,cnn_revised_20260919T110440Z,cnn_s1_06,val,Log-Mel CNN,0.3011821508407593,0.357628991206487
seg_006876,sample_02391,Daylight Savings - My brother Daniel,1,0.9289501905441284,cnn_revised_20260919T110440Z,cnn_s1_06,val,Log-Mel CNN,0.3011821508407593,0.357628991206487
seg_006877,sample_02391,Daylight Savings - My brother Daniel,1,0.4985445439815521,cnn_revised_20260919T110440Z,cnn_s1_06,val,Log-Mel CNN,0.3011821508407593,0.357628991206487
seg_006878,sample_02391,Daylight Savings - My brother Daniel,1,0.9966651797294617,cnn_revised_20260919T110440Z,cnn_s1_06,val,Log-Mel CNN,0.3011821508407593,0.357628991206487
seg_006879,sample_02392,Daylight Savings - My brother Daniel,1,0.6092077493667603,cnn_revised_20260919T110440Z,cnn_s1_06,val,Log-Mel CNN,0.3011821508407593,0.357628991206487
seg_006880,sample_02392,Daylight Savings - My brother Daniel,1,0.7636656165122986,cnn_revised_20260919T110440Z,cnn_s1_06,val,Log-Mel CNN,0.3011821508407593,0.357628991206487
seg_006881,sample_02392,Daylight Savings - My brother Daniel,1,0.9375498294830322,cnn_revised_20260919T110440Z,cnn_s1_06,val,Log-Mel CNN,0.3011821508407593,0.357628991206487
seg_006942,sample_02413,mystery team 2090 - Jesse Futerman,1,0.32387328147888184,cnn_revised_20260919T110440Z,cnn_s1_06,val,Log-Mel CNN,0.3011821508407593,0.357628991206487
seg_006943,sample_02413,mystery team 2090 - Jesse Futerman,1,0.24285157024860382,cnn_revised_20260919T110440Z,cnn_s1_06,val,Log-Mel CNN,0.3011821508407593,0.357628991206487
seg_006944,sample_02413,mystery team 2090 - Jesse Futerman,1,0.8930113315582275,cnn_revised_20260919T110440Z,cnn_s1_06,val,Log-Mel CNN,0.3011821508407593,0.357628991206487
seg_006945,sample_02414,mystery team 2090 - Jesse Futerman,1,0.4254949688911438,cnn_revised_20260919T110440Z,cnn_s1_06,val,Log-Mel CNN,0.3011821508407593,0.357628991206487
seg_006946,sample_02414,mystery team 2090 - Jesse Futerman,1,0.31063932180404663,cnn_revised_20260919T110440Z,cnn_s1_06,val,Log-Mel CNN,0.3011821508407593,0.357628991206487
seg_006947,sample_02414,mystery team 2090 - Jesse Futerman,1,0.9870497584342957,cnn_revised_20260919T110440Z,cnn_s1_06,val,Log-Mel CNN,0.3011821508407593,0.357628991206487
seg_006948,sample_02415,Night Drive - Decktonic,1,0.26436424255371094,cnn_revised_20260919T110440Z,cnn_s1_06,val,Log-Mel CNN,0.3011821508407593,0.357628991206487
seg_006949,sample_02415,Night Drive - Decktonic,1,0.22747942805290222,cnn_revised_20260919T110440Z,cnn_s1_06,val,Log-Mel CNN,0.3011821508407593,0.357628991206487
seg_006950,sample_02415,Night Drive - Decktonic,1,0.9505050182342529,cnn_revised_20260919T110440Z,cnn_s1_06,val,Log-Mel CNN,0.3011821508407593,0.357628991206487
seg_006951,sample_02416,Night Drive - Decktonic,1,0.9363976716995239,cnn_revised_20260919T110440Z,cnn_s1_06,val,Log-Mel CNN,0.3011821508407593,0.357628991206487
seg_006952,sample_02416,Night Drive - Decktonic,1,0.7945306897163391,cnn_revised_20260919T110440Z,cnn_s1_06,val,Log-Mel CNN,0.3011821508407593,0.357628991206487
seg_006953,sample_02416,Night Drive - Decktonic,1,0.992664635181427,cnn_revised_20260919T110440Z,cnn_s1_06,val,Log-Mel CNN,0.3011821508407593,0.357628991206487
seg_006966,sample_02421,Nuo Maisemat - Paavoharju,1,0.8456524014472961,cnn_revised_20260919T110440Z,cnn_s1_06,val,Log-Mel CNN,0.3011821508407593,0.357628991206487
seg_006967,sample_02421,Nuo Maisemat - Paavoharju,1,0.2443482130765915,cnn_revised_20260919T110440Z,cnn_s1_06,val,Log-Mel CNN,0.3011821508407593,0.357628991206487
seg_006968,sample_02421,Nuo Maisemat - Paavoharju,1,0.8094273209571838,cnn_revised_20260919T110440Z,cnn_s1_06,val,Log-Mel CNN,0.3011821508407593,0.357628991206487
seg_006969,sample_02422,Nuo Maisemat - Paavoharju,1,0.9985055923461914,cnn_revised_20260919T110440Z,cnn_s1_06,val,Log-Mel CNN,0.3011821508407593,0.357628991206487
seg_006970,sample_02422,Nuo Maisemat - Paavoharju,1,0.9901819825172424,cnn_revised_20260919T110440Z,cnn_s1_06,val,Log-Mel CNN,0.3011821508407593,0.357628991206487
seg_006971,sample_02422,Nuo Maisemat - Paavoharju,1,0.9807091951370239,cnn_revised_20260919T110440Z,cnn_s1_06,val,Log-Mel CNN,0.3011821508407593,0.357628991206487
seg_007050,sample_02449,SD (Ill Mix) - H-LR,1,0.42113032937049866,cnn_revised_20260919T110440Z,cnn_s1_06,val,Log-Mel CNN,0.3011821508407593,0.357628991206487
seg_007051,sample_02449,SD (Ill Mix) - H-LR,1,0.5208885669708252,cnn_revised_20260919T110440Z,cnn_s1_06,val,Log-Mel CNN,0.3011821508407593,0.357628991206487
seg_007052,sample_02449,SD (Ill Mix) - H-LR,1,0.9623713493347168,cnn_revised_20260919T110440Z,cnn_s1_06,val,Log-Mel CNN,0.3011821508407593,0.357628991206487
seg_007053,sample_02450,SD (Ill Mix) - H-LR,1,0.6034376621246338,cnn_revised_20260919T110440Z,cnn_s1_06,val,Log-Mel CNN,0.3011821508407593,0.357628991206487
seg_007054,sample_02450,SD (Ill Mix) - H-LR,1,0.9185778498649597,cnn_revised_20260919T110440Z,cnn_s1_06,val,Log-Mel CNN,0.3011821508407593,0.357628991206487
seg_007055,sample_02450,SD (Ill Mix) - H-LR,1,0.9694724082946777,cnn_revised_20260919T110440Z,cnn_s1_06,val,Log-Mel CNN,0.3011821508407593,0.357628991206487
seg_007158,sample_02485,Evil Cannot Create - Caleb Lemond,1,0.035181283950805664,cnn_revised_20260919T110440Z,cnn_s1_06,val,Log-Mel CNN,0.3011821508407593,0.357628991206487
seg_007159,sample_02485,Evil Cannot Create - Caleb Lemond,1,0.8287551403045654,cnn_revised_20260919T110440Z,cnn_s1_06,val,Log-Mel CNN,0.3011821508407593,0.357628991206487
seg_007160,sample_02485,Evil Cannot Create - Caleb Lemond,1,0.5971426367759705,cnn_revised_20260919T110440Z,cnn_s1_06,val,Log-Mel CNN,0.3011821508407593,0.357628991206487
seg_007161,sample_02486,Evil Cannot Create - Caleb Lemond,1,0.27255216240882874,cnn_revised_20260919T110440Z,cnn_s1_06,val,Log-Mel CNN,0.3011821508407593,0.357628991206487
seg_007162,sample_02486,Evil Cannot Create - Caleb Lemond,1,0.5469902753829956,cnn_revised_20260919T110440Z,cnn_s1_06,val,Log-Mel CNN,0.3011821508407593,0.357628991206487
seg_007163,sample_02486,Evil Cannot Create - Caleb Lemond,1,0.2753607928752899,cnn_revised_20260919T110440Z,cnn_s1_06,val,Log-Mel CNN,0.3011821508407593,0.357628991206487
seg_007266,sample_02521,New Life (take 1) - Bird Names,1,0.22706235945224762,cnn_revised_20260919T110440Z,cnn_s1_06,val,Log-Mel CNN,0.3011821508407593,0.357628991206487
seg_007267,sample_02521,New Life (take 1) - Bird Names,1,0.5391594767570496,cnn_revised_20260919T110440Z,cnn_s1_06,val,Log-Mel CNN,0.3011821508407593,0.357628991206487
seg_007268,sample_02521,New Life (take 1) - Bird Names,1,0.9719874262809753,cnn_revised_20260919T110440Z,cnn_s1_06,val,Log-Mel CNN,0.3011821508407593,0.357628991206487
seg_007269,sample_02522,New Life (take 1) - Bird Names,1,0.11853845417499542,cnn_revised_20260919T110440Z,cnn_s1_06,val,Log-Mel CNN,0.3011821508407593,0.357628991206487
seg_007270,sample_02522,New Life (take 1) - Bird Names,1,0.13338880240917206,cnn_revised_20260919T110440Z,cnn_s1_06,val,Log-Mel CNN,0.3011821508407593,0.357628991206487
seg_007271,sample_02522,New Life (take 1) - Bird Names,1,0.10194358229637146,cnn_revised_20260919T110440Z,cnn_s1_06,val,Log-Mel CNN,0.3011821508407593,0.357628991206487
seg_007272,sample_02523,Norweigian Wood II - Bird Names,1,0.09453456103801727,cnn_revised_20260919T110440Z,cnn_s1_06,val,Log-Mel CNN,0.3011821508407593,0.357628991206487
seg_007273,sample_02523,Norweigian Wood II - Bird Names,1,0.6238434314727783,cnn_revised_20260919T110440Z,cnn_s1_06,val,Log-Mel CNN,0.3011821508407593,0.357628991206487
seg_007274,sample_02523,Norweigian Wood II - Bird Names,1,0.9895892143249512,cnn_revised_20260919T110440Z,cnn_s1_06,val,Log-Mel CNN,0.3011821508407593,0.357628991206487
seg_007275,sample_02524,Norweigian Wood II - Bird Names,1,0.540046751499176,cnn_revised_20260919T110440Z,cnn_s1_06,val,Log-Mel CNN,0.3011821508407593,0.357628991206487
seg_007276,sample_02524,Norweigian Wood II - Bird Names,1,0.1303146779537201,cnn_revised_20260919T110440Z,cnn_s1_06,val,Log-Mel CNN,0.3011821508407593,0.357628991206487
seg_007277,sample_02524,Norweigian Wood II - Bird Names,1,0.3159772455692291,cnn_revised_20260919T110440Z,cnn_s1_06,val,Log-Mel CNN,0.3011821508407593,0.357628991206487
seg_007296,sample_02531,Roller Star - Monroeville Music Center,1,0.6868255734443665,cnn_revised_20260919T110440Z,cnn_s1_06,val,Log-Mel CNN,0.3011821508407593,0.357628991206487
seg_007297,sample_02531,Roller Star - Monroeville Music Center,1,0.6752583384513855,cnn_revised_20260919T110440Z,cnn_s1_06,val,Log-Mel CNN,0.3011821508407593,0.357628991206487
seg_007298,sample_02531,Roller Star - Monroeville Music Center,1,0.8730186223983765,cnn_revised_20260919T110440Z,cnn_s1_06,val,Log-Mel CNN,0.3011821508407593,0.357628991206487
seg_007299,sample_02532,Roller Star - Monroeville Music Center,1,0.325510710477829,cnn_revised_20260919T110440Z,cnn_s1_06,val,Log-Mel CNN,0.3011821508407593,0.357628991206487
seg_007300,sample_02532,Roller Star - Monroeville Music Center,1,0.9076292514801025,cnn_revised_20260919T110440Z,cnn_s1_06,val,Log-Mel CNN,0.3011821508407593,0.357628991206487
seg_007301,sample_02532,Roller Star - Monroeville Music Center,1,0.9709029197692871,cnn_revised_20260919T110440Z,cnn_s1_06,val,Log-Mel CNN,0.3011821508407593,0.357628991206487
seg_007302,sample_02533,"Roundtrip - Oh Yeah, the Future",1,0.8595496416091919,cnn_revised_20260919T110440Z,cnn_s1_06,val,Log-Mel CNN,0.3011821508407593,0.357628991206487
seg_007303,sample_02533,"Roundtrip - Oh Yeah, the Future",1,0.946516215801239,cnn_revised_20260919T110440Z,cnn_s1_06,val,Log-Mel CNN,0.3011821508407593,0.357628991206487
seg_007304,sample_02533,"Roundtrip - Oh Yeah, the Future",1,0.9745580554008484,cnn_revised_20260919T110440Z,cnn_s1_06,val,Log-Mel CNN,0.3011821508407593,0.357628991206487
seg_007305,sample_02534,"Roundtrip - Oh Yeah, the Future",1,0.5088909864425659,cnn_revised_20260919T110440Z,cnn_s1_06,val,Log-Mel CNN,0.3011821508407593,0.357628991206487
seg_007306,sample_02534,"Roundtrip - Oh Yeah, the Future",1,0.9266363382339478,cnn_revised_20260919T110440Z,cnn_s1_06,val,Log-Mel CNN,0.3011821508407593,0.357628991206487
seg_007307,sample_02534,"Roundtrip - Oh Yeah, the Future",1,0.7994464039802551,cnn_revised_20260919T110440Z,cnn_s1_06,val,Log-Mel CNN,0.3011821508407593,0.357628991206487
seg_007320,sample_02539,Soleares&beats - Malaventura,1,0.5388476848602295,cnn_revised_20260919T110440Z,cnn_s1_06,val,Log-Mel CNN,0.3011821508407593,0.357628991206487
seg_007321,sample_02539,Soleares&beats - Malaventura,1,0.8352448344230652,cnn_revised_20260919T110440Z,cnn_s1_06,val,Log-Mel CNN,0.3011821508407593,0.357628991206487
seg_007322,sample_02539,Soleares&beats - Malaventura,1,0.575699508190155,cnn_revised_20260919T110440Z,cnn_s1_06,val,Log-Mel CNN,0.3011821508407593,0.357628991206487
seg_007323,sample_02540,Soleares&beats - Malaventura,1,0.3130313456058502,cnn_revised_20260919T110440Z,cnn_s1_06,val,Log-Mel CNN,0.3011821508407593,0.357628991206487
seg_007324,sample_02540,Soleares&beats - Malaventura,1,0.6413584351539612,cnn_revised_20260919T110440Z,cnn_s1_06,val,Log-Mel CNN,0.3011821508407593,0.357628991206487
seg_007325,sample_02540,Soleares&beats - Malaventura,1,0.7935320138931274,cnn_revised_20260919T110440Z,cnn_s1_06,val,Log-Mel CNN,0.3011821508407593,0.357628991206487
seg_007338,sample_02545,Stockholm Syndrome / People Should Be More Aware - Bird Names,1,0.552971363067627,cnn_revised_20260919T110440Z,cnn_s1_06,val,Log-Mel CNN,0.3011821508407593,0.357628991206487
seg_007339,sample_02545,Stockholm Syndrome / People Should Be More Aware - Bird Names,1,0.6752265095710754,cnn_revised_20260919T110440Z,cnn_s1_06,val,Log-Mel CNN,0.3011821508407593,0.357628991206487
seg_007340,sample_02545,Stockholm Syndrome / People Should Be More Aware - Bird Names,1,0.5863236784934998,cnn_revised_20260919T110440Z,cnn_s1_06,val,Log-Mel CNN,0.3011821508407593,0.357628991206487
seg_007341,sample_02546,Stockholm Syndrome / People Should Be More Aware - Bird Names,1,0.012022498063743114,cnn_revised_20260919T110440Z,cnn_s1_06,val,Log-Mel CNN,0.3011821508407593,0.357628991206487
seg_007342,sample_02546,Stockholm Syndrome / People Should Be More Aware - Bird Names,1,0.45898470282554626,cnn_revised_20260919T110440Z,cnn_s1_06,val,Log-Mel CNN,0.3011821508407593,0.357628991206487
seg_007343,sample_02546,Stockholm Syndrome / People Should Be More Aware - Bird Names,1,0.2321263998746872,cnn_revised_20260919T110440Z,cnn_s1_06,val,Log-Mel CNN,0.3011821508407593,0.357628991206487
seg_007380,sample_02559,Time Is Love - Silence is full of birds,1,0.7305774688720703,cnn_revised_20260919T110440Z,cnn_s1_06,val,Log-Mel CNN,0.3011821508407593,0.357628991206487
seg_007381,sample_02559,Time Is Love - Silence is full of birds,1,0.7495781183242798,cnn_revised_20260919T110440Z,cnn_s1_06,val,Log-Mel CNN,0.3011821508407593,0.357628991206487
seg_007382,sample_02559,Time Is Love - Silence is full of birds,1,0.9675762057304382,cnn_revised_20260919T110440Z,cnn_s1_06,val,Log-Mel CNN,0.3011821508407593,0.357628991206487
seg_007383,sample_02560,Time Is Love - Silence is full of birds,1,0.4987950921058655,cnn_revised_20260919T110440Z,cnn_s1_06,val,Log-Mel CNN,0.3011821508407593,0.357628991206487
seg_007384,sample_02560,Time Is Love - Silence is full of birds,1,0.1993521898984909,cnn_revised_20260919T110440Z,cnn_s1_06,val,Log-Mel CNN,0.3011821508407593,0.357628991206487
seg_007385,sample_02560,Time Is Love - Silence is full of birds,1,0.5602573156356812,cnn_revised_20260919T110440Z,cnn_s1_06,val,Log-Mel CNN,0.3011821508407593,0.357628991206487
seg_007422,sample_02573,2 (Wasn't There) - Isle of Pine,1,0.40142396092414856,cnn_revised_20260919T110440Z,cnn_s1_06,val,Log-Mel CNN,0.3011821508407593,0.357628991206487
seg_007423,sample_02573,2 (Wasn't There) - Isle of Pine,1,0.997951328754425,cnn_revised_20260919T110440Z,cnn_s1_06,val,Log-Mel CNN,0.3011821508407593,0.357628991206487
seg_007424,sample_02573,2 (Wasn't There) - Isle of Pine,1,0.989855170249939,cnn_revised_20260919T110440Z,cnn_s1_06,val,Log-Mel CNN,0.3011821508407593,0.357628991206487
seg_007425,sample_02574,2 (Wasn't There) - Isle of Pine,1,0.057673342525959015,cnn_revised_20260919T110440Z,cnn_s1_06,val,Log-Mel CNN,0.3011821508407593,0.357628991206487
seg_007426,sample_02574,2 (Wasn't There) - Isle of Pine,1,0.48467132449150085,cnn_revised_20260919T110440Z,cnn_s1_06,val,Log-Mel CNN,0.3011821508407593,0.357628991206487
seg_007427,sample_02574,2 (Wasn't There) - Isle of Pine,1,0.9871102571487427,cnn_revised_20260919T110440Z,cnn_s1_06,val,Log-Mel CNN,0.3011821508407593,0.357628991206487
seg_007452,sample_02583,Empty Pockets - Pete Prodoehl,1,0.8969212174415588,cnn_revised_20260919T110440Z,cnn_s1_06,val,Log-Mel CNN,0.3011821508407593,0.357628991206487
seg_007453,sample_02583,Empty Pockets - Pete Prodoehl,1,0.5601750612258911,cnn_revised_20260919T110440Z,cnn_s1_06,val,Log-Mel CNN,0.3011821508407593,0.357628991206487
seg_007454,sample_02583,Empty Pockets - Pete Prodoehl,1,0.994350254535675,cnn_revised_20260919T110440Z,cnn_s1_06,val,Log-Mel CNN,0.3011821508407593,0.357628991206487
seg_007455,sample_02584,Empty Pockets - Pete Prodoehl,1,0.04113376885652542,cnn_revised_20260919T110440Z,cnn_s1_06,val,Log-Mel CNN,0.3011821508407593,0.357628991206487
seg_007456,sample_02584,Empty Pockets - Pete Prodoehl,1,0.21593816578388214,cnn_revised_20260919T110440Z,cnn_s1_06,val,Log-Mel CNN,0.3011821508407593,0.357628991206487
seg_007457,sample_02584,Empty Pockets - Pete Prodoehl,1,0.38815927505493164,cnn_revised_20260919T110440Z,cnn_s1_06,val,Log-Mel CNN,0.3011821508407593,0.357628991206487
seg_007470,sample_02589,Gila Monster Flop/Music History Lesson:The Sonics - The Crypts!,1,0.6671146750450134,cnn_revised_20260919T110440Z,cnn_s1_06,val,Log-Mel CNN,0.3011821508407593,0.357628991206487
seg_007471,sample_02589,Gila Monster Flop/Music History Lesson:The Sonics - The Crypts!,1,0.5042999982833862,cnn_revised_20260919T110440Z,cnn_s1_06,val,Log-Mel CNN,0.3011821508407593,0.357628991206487
seg_007472,sample_02589,Gila Monster Flop/Music History Lesson:The Sonics - The Crypts!,1,0.9953504800796509,cnn_revised_20260919T110440Z,cnn_s1_06,val,Log-Mel CNN,0.3011821508407593,0.357628991206487
seg_007473,sample_02590,Gila Monster Flop/Music History Lesson:The Sonics - The Crypts!,1,0.3137308657169342,cnn_revised_20260919T110440Z,cnn_s1_06,val,Log-Mel CNN,0.3011821508407593,0.357628991206487
seg_007474,sample_02590,Gila Monster Flop/Music History Lesson:The Sonics - The Crypts!,1,0.06206284835934639,cnn_revised_20260919T110440Z,cnn_s1_06,val,Log-Mel CNN,0.3011821508407593,0.357628991206487
seg_007475,sample_02590,Gila Monster Flop/Music History Lesson:The Sonics - The Crypts!,1,0.6896441578865051,cnn_revised_20260919T110440Z,cnn_s1_06,val,Log-Mel CNN,0.3011821508407593,0.357628991206487
seg_007488,sample_02595,I Fell - Mod Fun,1,0.6252322793006897,cnn_revised_20260919T110440Z,cnn_s1_06,val,Log-Mel CNN,0.3011821508407593,0.357628991206487
seg_007489,sample_02595,I Fell - Mod Fun,1,0.9382187128067017,cnn_revised_20260919T110440Z,cnn_s1_06,val,Log-Mel CNN,0.3011821508407593,0.357628991206487
seg_007490,sample_02595,I Fell - Mod Fun,1,0.9929937720298767,cnn_revised_20260919T110440Z,cnn_s1_06,val,Log-Mel CNN,0.3011821508407593,0.357628991206487
seg_007491,sample_02596,I Fell - Mod Fun,1,0.2820020914077759,cnn_revised_20260919T110440Z,cnn_s1_06,val,Log-Mel CNN,0.3011821508407593,0.357628991206487
seg_007492,sample_02596,I Fell - Mod Fun,1,0.3473571836948395,cnn_revised_20260919T110440Z,cnn_s1_06,val,Log-Mel CNN,0.3011821508407593,0.357628991206487
seg_007493,sample_02596,I Fell - Mod Fun,1,0.9686702489852905,cnn_revised_20260919T110440Z,cnn_s1_06,val,Log-Mel CNN,0.3011821508407593,0.357628991206487
seg_007536,sample_02611,March of the GPA Mechanics - [t]ghost,1,0.3244161307811737,cnn_revised_20260919T110440Z,cnn_s1_06,val,Log-Mel CNN,0.3011821508407593,0.357628991206487
seg_007537,sample_02611,March of the GPA Mechanics - [t]ghost,1,0.11516191810369492,cnn_revised_20260919T110440Z,cnn_s1_06,val,Log-Mel CNN,0.3011821508407593,0.357628991206487
seg_007538,sample_02611,March of the GPA Mechanics - [t]ghost,1,0.9995457530021667,cnn_revised_20260919T110440Z,cnn_s1_06,val,Log-Mel CNN,0.3011821508407593,0.357628991206487
seg_007539,sample_02612,March of the GPA Mechanics - [t]ghost,1,0.3243827223777771,cnn_revised_20260919T110440Z,cnn_s1_06,val,Log-Mel CNN,0.3011821508407593,0.357628991206487
seg_007540,sample_02612,March of the GPA Mechanics - [t]ghost,1,0.8291621804237366,cnn_revised_20260919T110440Z,cnn_s1_06,val,Log-Mel CNN,0.3011821508407593,0.357628991206487
seg_007541,sample_02612,March of the GPA Mechanics - [t]ghost,1,0.9427314400672913,cnn_revised_20260919T110440Z,cnn_s1_06,val,Log-Mel CNN,0.3011821508407593,0.357628991206487
seg_007596,sample_02631,Scramby Eggs - Andy G. Cohen,1,0.6241742968559265,cnn_revised_20260919T110440Z,cnn_s1_06,val,Log-Mel CNN,0.3011821508407593,0.357628991206487
seg_007597,sample_02631,Scramby Eggs - Andy G. Cohen,1,0.42428454756736755,cnn_revised_20260919T110440Z,cnn_s1_06,val,Log-Mel CNN,0.3011821508407593,0.357628991206487
seg_007598,sample_02631,Scramby Eggs - Andy G. Cohen,1,0.5314235687255859,cnn_revised_20260919T110440Z,cnn_s1_06,val,Log-Mel CNN,0.3011821508407593,0.357628991206487
seg_007599,sample_02632,Scramby Eggs - Andy G. Cohen,1,0.5243673920631409,cnn_revised_20260919T110440Z,cnn_s1_06,val,Log-Mel CNN,0.3011821508407593,0.357628991206487
seg_007600,sample_02632,Scramby Eggs - Andy G. Cohen,1,0.5780873894691467,cnn_revised_20260919T110440Z,cnn_s1_06,val,Log-Mel CNN,0.3011821508407593,0.357628991206487
seg_007601,sample_02632,Scramby Eggs - Andy G. Cohen,1,0.9488345384597778,cnn_revised_20260919T110440Z,cnn_s1_06,val,Log-Mel CNN,0.3011821508407593,0.357628991206487
seg_007650,sample_02649,The girl just faded - Los Llamarada,1,0.8667050004005432,cnn_revised_20260919T110440Z,cnn_s1_06,val,Log-Mel CNN,0.3011821508407593,0.357628991206487
seg_007651,sample_02649,The girl just faded - Los Llamarada,1,0.9038774371147156,cnn_revised_20260919T110440Z,cnn_s1_06,val,Log-Mel CNN,0.3011821508407593,0.357628991206487
seg_007652,sample_02649,The girl just faded - Los Llamarada,1,0.8074321746826172,cnn_revised_20260919T110440Z,cnn_s1_06,val,Log-Mel CNN,0.3011821508407593,0.357628991206487
seg_007653,sample_02650,The girl just faded - Los Llamarada,1,0.43094128370285034,cnn_revised_20260919T110440Z,cnn_s1_06,val,Log-Mel CNN,0.3011821508407593,0.357628991206487
seg_007654,sample_02650,The girl just faded - Los Llamarada,1,0.044179465621709824,cnn_revised_20260919T110440Z,cnn_s1_06,val,Log-Mel CNN,0.3011821508407593,0.357628991206487
seg_007655,sample_02650,The girl just faded - Los Llamarada,1,0.946776270866394,cnn_revised_20260919T110440Z,cnn_s1_06,val,Log-Mel CNN,0.3011821508407593,0.357628991206487
seg_007668,sample_02655,Voxel - Andy G. Cohen,1,0.7965700030326843,cnn_revised_20260919T110440Z,cnn_s1_06,val,Log-Mel CNN,0.3011821508407593,0.357628991206487
seg_007669,sample_02655,Voxel - Andy G. Cohen,1,0.3696700632572174,cnn_revised_20260919T110440Z,cnn_s1_06,val,Log-Mel CNN,0.3011821508407593,0.357628991206487
seg_007670,sample_02655,Voxel - Andy G. Cohen,1,0.7292380928993225,cnn_revised_20260919T110440Z,cnn_s1_06,val,Log-Mel CNN,0.3011821508407593,0.357628991206487
seg_007671,sample_02656,Voxel - Andy G. Cohen,1,0.9273127317428589,cnn_revised_20260919T110440Z,cnn_s1_06,val,Log-Mel CNN,0.3011821508407593,0.357628991206487
seg_007672,sample_02656,Voxel - Andy G. Cohen,1,0.9117007851600647,cnn_revised_20260919T110440Z,cnn_s1_06,val,Log-Mel CNN,0.3011821508407593,0.357628991206487
seg_007673,sample_02656,Voxel - Andy G. Cohen,1,0.7725033760070801,cnn_revised_20260919T110440Z,cnn_s1_06,val,Log-Mel CNN,0.3011821508407593,0.357628991206487
seg_007692,sample_02663,Windows of the Skull - Sarin,1,0.19204194843769073,cnn_revised_20260919T110440Z,cnn_s1_06,val,Log-Mel CNN,0.3011821508407593,0.357628991206487
seg_007693,sample_02663,Windows of the Skull - Sarin,1,0.2864067554473877,cnn_revised_20260919T110440Z,cnn_s1_06,val,Log-Mel CNN,0.3011821508407593,0.357628991206487
seg_007694,sample_02663,Windows of the Skull - Sarin,1,0.9921951293945312,cnn_revised_20260919T110440Z,cnn_s1_06,val,Log-Mel CNN,0.3011821508407593,0.357628991206487
seg_007695,sample_02664,Windows of the Skull - Sarin,1,0.6672031879425049,cnn_revised_20260919T110440Z,cnn_s1_06,val,Log-Mel CNN,0.3011821508407593,0.357628991206487
seg_007696,sample_02664,Windows of the Skull - Sarin,1,0.4252021014690399,cnn_revised_20260919T110440Z,cnn_s1_06,val,Log-Mel CNN,0.3011821508407593,0.357628991206487
seg_007697,sample_02664,Windows of the Skull - Sarin,1,0.9921972155570984,cnn_revised_20260919T110440Z,cnn_s1_06,val,Log-Mel CNN,0.3011821508407593,0.357628991206487
seg_007710,sample_02669,Новый Нью-Йорк 2 - Чокнутый Пропеллер,1,0.3753434717655182,cnn_revised_20260919T110440Z,cnn_s1_06,val,Log-Mel CNN,0.3011821508407593,0.357628991206487
seg_007711,sample_02669,Новый Нью-Йорк 2 - Чокнутый Пропеллер,1,0.2822887599468231,cnn_revised_20260919T110440Z,cnn_s1_06,val,Log-Mel CNN,0.3011821508407593,0.357628991206487
seg_007712,sample_02669,Новый Нью-Йорк 2 - Чокнутый Пропеллер,1,0.45430296659469604,cnn_revised_20260919T110440Z,cnn_s1_06,val,Log-Mel CNN,0.3011821508407593,0.357628991206487
seg_007713,sample_02670,Новый Нью-Йорк 2 - Чокнутый Пропеллер,1,0.7755259275436401,cnn_revised_20260919T110440Z,cnn_s1_06,val,Log-Mel CNN,0.3011821508407593,0.357628991206487
seg_007714,sample_02670,Новый Нью-Йорк 2 - Чокнутый Пропеллер,1,0.8559234738349915,cnn_revised_20260919T110440Z,cnn_s1_06,val,Log-Mel CNN,0.3011821508407593,0.357628991206487
seg_007715,sample_02670,Новый Нью-Йорк 2 - Чокнутый Пропеллер,1,0.938347578048706,cnn_revised_20260919T110440Z,cnn_s1_06,val,Log-Mel CNN,0.3011821508407593,0.357628991206487
seg_007737,sample_02678,CopperNickle - UncleBibby,1,0.5919899940490723,cnn_revised_20260919T110440Z,cnn_s1_06,val,Log-Mel CNN,0.3011821508407593,0.357628991206487
seg_007738,sample_02678,CopperNickle - UncleBibby,1,0.3495713770389557,cnn_revised_20260919T110440Z,cnn_s1_06,val,Log-Mel CNN,0.3011821508407593,0.357628991206487
seg_007739,sample_02678,CopperNickle - UncleBibby,1,0.9958482980728149,cnn_revised_20260919T110440Z,cnn_s1_06,val,Log-Mel CNN,0.3011821508407593,0.357628991206487
seg_007743,sample_02680,Daylight Savings - My brother Daniel,1,0.9384294748306274,cnn_revised_20260919T110440Z,cnn_s1_06,val,Log-Mel CNN,0.3011821508407593,0.357628991206487
seg_007744,sample_02680,Daylight Savings - My brother Daniel,1,0.874911904335022,cnn_revised_20260919T110440Z,cnn_s1_06,val,Log-Mel CNN,0.3011821508407593,0.357628991206487
seg_007745,sample_02680,Daylight Savings - My brother Daniel,1,0.9849156141281128,cnn_revised_20260919T110440Z,cnn_s1_06,val,Log-Mel CNN,0.3011821508407593,0.357628991206487
seg_007770,sample_02689,mystery team 2090 - Jesse Futerman,1,0.8391632437705994,cnn_revised_20260919T110440Z,cnn_s1_06,val,Log-Mel CNN,0.3011821508407593,0.357628991206487
seg_007771,sample_02689,mystery team 2090 - Jesse Futerman,1,0.08502647280693054,cnn_revised_20260919T110440Z,cnn_s1_06,val,Log-Mel CNN,0.3011821508407593,0.357628991206487
seg_007772,sample_02689,mystery team 2090 - Jesse Futerman,1,0.9804397225379944,cnn_revised_20260919T110440Z,cnn_s1_06,val,Log-Mel CNN,0.3011821508407593,0.357628991206487
seg_007773,sample_02690,Night Drive - Decktonic,1,0.06941068172454834,cnn_revised_20260919T110440Z,cnn_s1_06,val,Log-Mel CNN,0.3011821508407593,0.357628991206487
seg_007774,sample_02690,Night Drive - Decktonic,1,0.7242960333824158,cnn_revised_20260919T110440Z,cnn_s1_06,val,Log-Mel CNN,0.3011821508407593,0.357628991206487
seg_007775,sample_02690,Night Drive - Decktonic,1,0.8554642200469971,cnn_revised_20260919T110440Z,cnn_s1_06,val,Log-Mel CNN,0.3011821508407593,0.357628991206487
seg_007854,sample_02717,Agora - Malaventura,1,0.9352713823318481,cnn_revised_20260919T110440Z,cnn_s1_06,val,Log-Mel CNN,0.3011821508407593,0.357628991206487
seg_007855,sample_02717,Agora - Malaventura,1,0.11232054978609085,cnn_revised_20260919T110440Z,cnn_s1_06,val,Log-Mel CNN,0.3011821508407593,0.357628991206487
seg_007856,sample_02717,Agora - Malaventura,1,0.9869462847709656,cnn_revised_20260919T110440Z,cnn_s1_06,val,Log-Mel CNN,0.3011821508407593,0.357628991206487
seg_007878,sample_02725,Evil Cannot Create - Caleb Lemond,1,0.9975472092628479,cnn_revised_20260919T110440Z,cnn_s1_06,val,Log-Mel CNN,0.3011821508407593,0.357628991206487
seg_007879,sample_02725,Evil Cannot Create - Caleb Lemond,1,0.1607763171195984,cnn_revised_20260919T110440Z,cnn_s1_06,val,Log-Mel CNN,0.3011821508407593,0.357628991206487
seg_007880,sample_02725,Evil Cannot Create - Caleb Lemond,1,0.9965597987174988,cnn_revised_20260919T110440Z,cnn_s1_06,val,Log-Mel CNN,0.3011821508407593,0.357628991206487
seg_007932,sample_02743,My Body Is A Weapon (Compromise Edit) - Silence is full of birds,1,0.5573055744171143,cnn_revised_20260919T110440Z,cnn_s1_06,val,Log-Mel CNN,0.3011821508407593,0.357628991206487
seg_007933,sample_02743,My Body Is A Weapon (Compromise Edit) - Silence is full of birds,1,0.5795289278030396,cnn_revised_20260919T110440Z,cnn_s1_06,val,Log-Mel CNN,0.3011821508407593,0.357628991206487
seg_007934,sample_02743,My Body Is A Weapon (Compromise Edit) - Silence is full of birds,1,0.8208324313163757,cnn_revised_20260919T110440Z,cnn_s1_06,val,Log-Mel CNN,0.3011821508407593,0.357628991206487
seg_007938,sample_02745,New Life (take 1) - Bird Names,1,0.9464524984359741,cnn_revised_20260919T110440Z,cnn_s1_06,val,Log-Mel CNN,0.3011821508407593,0.357628991206487
seg_007939,sample_02745,New Life (take 1) - Bird Names,1,0.9414570331573486,cnn_revised_20260919T110440Z,cnn_s1_06,val,Log-Mel CNN,0.3011821508407593,0.357628991206487
seg_007940,sample_02745,New Life (take 1) - Bird Names,1,0.9909993410110474,cnn_revised_20260919T110440Z,cnn_s1_06,val,Log-Mel CNN,0.3011821508407593,0.357628991206487
seg_007941,sample_02746,Norweigian Wood II - Bird Names,1,0.9618013501167297,cnn_revised_20260919T110440Z,cnn_s1_06,val,Log-Mel CNN,0.3011821508407593,0.357628991206487
seg_007942,sample_02746,Norweigian Wood II - Bird Names,1,0.6442453861236572,cnn_revised_20260919T110440Z,cnn_s1_06,val,Log-Mel CNN,0.3011821508407593,0.357628991206487
seg_007943,sample_02746,Norweigian Wood II - Bird Names,1,0.9892954230308533,cnn_revised_20260919T110440Z,cnn_s1_06,val,Log-Mel CNN,0.3011821508407593,0.357628991206487
seg_007965,sample_02754,Roller Star - Monroeville Music Center,1,0.9850550889968872,cnn_revised_20260919T110440Z,cnn_s1_06,val,Log-Mel CNN,0.3011821508407593,0.357628991206487
seg_007966,sample_02754,Roller Star - Monroeville Music Center,1,0.9727804660797119,cnn_revised_20260919T110440Z,cnn_s1_06,val,Log-Mel CNN,0.3011821508407593,0.357628991206487
seg_007967,sample_02754,Roller Star - Monroeville Music Center,1,0.9982159733772278,cnn_revised_20260919T110440Z,cnn_s1_06,val,Log-Mel CNN,0.3011821508407593,0.357628991206487
seg_007977,sample_02758,Soleares&beats - Malaventura,1,0.8261899948120117,cnn_revised_20260919T110440Z,cnn_s1_06,val,Log-Mel CNN,0.3011821508407593,0.357628991206487
seg_007978,sample_02758,Soleares&beats - Malaventura,1,0.8202548027038574,cnn_revised_20260919T110440Z,cnn_s1_06,val,Log-Mel CNN,0.3011821508407593,0.357628991206487
seg_007979,sample_02758,Soleares&beats - Malaventura,1,0.9929936528205872,cnn_revised_20260919T110440Z,cnn_s1_06,val,Log-Mel CNN,0.3011821508407593,0.357628991206487
seg_007989,sample_02762,Stockholm Syndrome / People Should Be More Aware - Bird Names,1,0.9881375432014465,cnn_revised_20260919T110440Z,cnn_s1_06,val,Log-Mel CNN,0.3011821508407593,0.357628991206487
seg_007990,sample_02762,Stockholm Syndrome / People Should Be More Aware - Bird Names,1,0.6602817177772522,cnn_revised_20260919T110440Z,cnn_s1_06,val,Log-Mel CNN,0.3011821508407593,0.357628991206487
seg_007991,sample_02762,Stockholm Syndrome / People Should Be More Aware - Bird Names,1,0.9978972673416138,cnn_revised_20260919T110440Z,cnn_s1_06,val,Log-Mel CNN,0.3011821508407593,0.357628991206487
seg_008019,sample_02772,Time Is Love - Silence is full of birds,1,0.8937191367149353,cnn_revised_20260919T110440Z,cnn_s1_06,val,Log-Mel CNN,0.3011821508407593,0.357628991206487
seg_008020,sample_02772,Time Is Love - Silence is full of birds,1,0.26494520902633667,cnn_revised_20260919T110440Z,cnn_s1_06,val,Log-Mel CNN,0.3011821508407593,0.357628991206487
seg_008021,sample_02772,Time Is Love - Silence is full of birds,1,0.9963099360466003,cnn_revised_20260919T110440Z,cnn_s1_06,val,Log-Mel CNN,0.3011821508407593,0.357628991206487
seg_008043,sample_02780,2 (Wasn't There) - Isle of Pine,1,0.932091474533081,cnn_revised_20260919T110440Z,cnn_s1_06,val,Log-Mel CNN,0.3011821508407593,0.357628991206487
seg_008044,sample_02780,2 (Wasn't There) - Isle of Pine,1,0.8351444005966187,cnn_revised_20260919T110440Z,cnn_s1_06,val,Log-Mel CNN,0.3011821508407593,0.357628991206487
seg_008045,sample_02780,2 (Wasn't There) - Isle of Pine,1,0.9879106283187866,cnn_revised_20260919T110440Z,cnn_s1_06,val,Log-Mel CNN,0.3011821508407593,0.357628991206487
seg_008073,sample_02790,Beyond Luxury - Mors Ontologica,1,0.6541309952735901,cnn_revised_20260919T110440Z,cnn_s1_06,val,Log-Mel CNN,0.3011821508407593,0.357628991206487
seg_008074,sample_02790,Beyond Luxury - Mors Ontologica,1,0.07837031036615372,cnn_revised_20260919T110440Z,cnn_s1_06,val,Log-Mel CNN,0.3011821508407593,0.357628991206487
seg_008075,sample_02790,Beyond Luxury - Mors Ontologica,1,0.9927045106887817,cnn_revised_20260919T110440Z,cnn_s1_06,val,Log-Mel CNN,0.3011821508407593,0.357628991206487
seg_008106,sample_02801,Empty Pockets - Pete Prodoehl,1,0.9899128079414368,cnn_revised_20260919T110440Z,cnn_s1_06,val,Log-Mel CNN,0.3011821508407593,0.357628991206487
seg_008107,sample_02801,Empty Pockets - Pete Prodoehl,1,0.9883578419685364,cnn_revised_20260919T110440Z,cnn_s1_06,val,Log-Mel CNN,0.3011821508407593,0.357628991206487
seg_008108,sample_02801,Empty Pockets - Pete Prodoehl,1,0.9998582601547241,cnn_revised_20260919T110440Z,cnn_s1_06,val,Log-Mel CNN,0.3011821508407593,0.357628991206487
seg_008121,sample_02806,Gila Monster Flop/Music History Lesson:The Sonics - The Crypts!,1,0.9976728558540344,cnn_revised_20260919T110440Z,cnn_s1_06,val,Log-Mel CNN,0.3011821508407593,0.357628991206487
seg_008122,sample_02806,Gila Monster Flop/Music History Lesson:The Sonics - The Crypts!,1,0.5816903710365295,cnn_revised_20260919T110440Z,cnn_s1_06,val,Log-Mel CNN,0.3011821508407593,0.357628991206487
seg_008123,sample_02806,Gila Monster Flop/Music History Lesson:The Sonics - The Crypts!,1,0.9961440563201904,cnn_revised_20260919T110440Z,cnn_s1_06,val,Log-Mel CNN,0.3011821508407593,0.357628991206487
seg_008166,sample_02821,Lights Up - Pipe Choir,1,0.9989781379699707,cnn_revised_20260919T110440Z,cnn_s1_06,val,Log-Mel CNN,0.3011821508407593,0.357628991206487
seg_008167,sample_02821,Lights Up - Pipe Choir,1,0.9199719429016113,cnn_revised_20260919T110440Z,cnn_s1_06,val,Log-Mel CNN,0.3011821508407593,0.357628991206487
seg_008168,sample_02821,Lights Up - Pipe Choir,1,0.9989871382713318,cnn_revised_20260919T110440Z,cnn_s1_06,val,Log-Mel CNN,0.3011821508407593,0.357628991206487
seg_008178,sample_02825,March of the GPA Mechanics - [t]ghost,1,0.8965395092964172,cnn_revised_20260919T110440Z,cnn_s1_06,val,Log-Mel CNN,0.3011821508407593,0.357628991206487
seg_008179,sample_02825,March of the GPA Mechanics - [t]ghost,1,0.6288722157478333,cnn_revised_20260919T110440Z,cnn_s1_06,val,Log-Mel CNN,0.3011821508407593,0.357628991206487
seg_008180,sample_02825,March of the GPA Mechanics - [t]ghost,1,0.9998410940170288,cnn_revised_20260919T110440Z,cnn_s1_06,val,Log-Mel CNN,0.3011821508407593,0.357628991206487
seg_008205,sample_02834,Redlight - Room For A Ghost,1,0.8557818531990051,cnn_revised_20260919T110440Z,cnn_s1_06,val,Log-Mel CNN,0.3011821508407593,0.357628991206487
seg_008206,sample_02834,Redlight - Room For A Ghost,1,0.9216492176055908,cnn_revised_20260919T110440Z,cnn_s1_06,val,Log-Mel CNN,0.3011821508407593,0.357628991206487
seg_008207,sample_02834,Redlight - Room For A Ghost,1,0.9942481517791748,cnn_revised_20260919T110440Z,cnn_s1_06,val,Log-Mel CNN,0.3011821508407593,0.357628991206487
seg_008217,sample_02838,Scramby Eggs - Andy G. Cohen,1,0.7573437094688416,cnn_revised_20260919T110440Z,cnn_s1_06,val,Log-Mel CNN,0.3011821508407593,0.357628991206487
seg_008218,sample_02838,Scramby Eggs - Andy G. Cohen,1,0.9996060729026794,cnn_revised_20260919T110440Z,cnn_s1_06,val,Log-Mel CNN,0.3011821508407593,0.357628991206487
seg_008219,sample_02838,Scramby Eggs - Andy G. Cohen,1,0.9998503923416138,cnn_revised_20260919T110440Z,cnn_s1_06,val,Log-Mel CNN,0.3011821508407593,0.357628991206487
seg_008226,sample_02841,Shipwrecked Crew - Pete Prodoehl,1,0.33641278743743896,cnn_revised_20260919T110440Z,cnn_s1_06,val,Log-Mel CNN,0.3011821508407593,0.357628991206487
seg_008227,sample_02841,Shipwrecked Crew - Pete Prodoehl,1,0.7759589552879333,cnn_revised_20260919T110440Z,cnn_s1_06,val,Log-Mel CNN,0.3011821508407593,0.357628991206487
seg_008228,sample_02841,Shipwrecked Crew - Pete Prodoehl,1,0.9629422426223755,cnn_revised_20260919T110440Z,cnn_s1_06,val,Log-Mel CNN,0.3011821508407593,0.357628991206487
seg_008244,sample_02847,В Наших Сердцах - Чокнутый Пропеллер,1,0.5998971462249756,cnn_revised_20260919T110440Z,cnn_s1_06,val,Log-Mel CNN,0.3011821508407593,0.357628991206487
seg_008245,sample_02847,В Наших Сердцах - Чокнутый Пропеллер,1,0.6719596982002258,cnn_revised_20260919T110440Z,cnn_s1_06,val,Log-Mel CNN,0.3011821508407593,0.357628991206487
seg_008246,sample_02847,В Наших Сердцах - Чокнутый Пропеллер,1,0.9964403510093689,cnn_revised_20260919T110440Z,cnn_s1_06,val,Log-Mel CNN,0.3011821508407593,0.357628991206487
seg_008253,sample_02850,The girl just faded - Los Llamarada,1,0.9938976168632507,cnn_revised_20260919T110440Z,cnn_s1_06,val,Log-Mel CNN,0.3011821508407593,0.357628991206487
seg_008254,sample_02850,The girl just faded - Los Llamarada,1,0.9738803505897522,cnn_revised_20260919T110440Z,cnn_s1_06,val,Log-Mel CNN,0.3011821508407593,0.357628991206487
seg_008255,sample_02850,The girl just faded - Los Llamarada,1,0.999352753162384,cnn_revised_20260919T110440Z,cnn_s1_06,val,Log-Mel CNN,0.3011821508407593,0.357628991206487
seg_008265,sample_02854,Voxel - Andy G. Cohen,1,0.5662215352058411,cnn_revised_20260919T110440Z,cnn_s1_06,val,Log-Mel CNN,0.3011821508407593,0.357628991206487
seg_008266,sample_02854,Voxel - Andy G. Cohen,1,0.7341753840446472,cnn_revised_20260919T110440Z,cnn_s1_06,val,Log-Mel CNN,0.3011821508407593,0.357628991206487
seg_008267,sample_02854,Voxel - Andy G. Cohen,1,0.9900935292243958,cnn_revised_20260919T110440Z,cnn_s1_06,val,Log-Mel CNN,0.3011821508407593,0.357628991206487
seg_008289,sample_02862,В Наших Сердцах - Чокнутый Пропеллер,1,0.5718722939491272,cnn_revised_20260919T110440Z,cnn_s1_06,val,Log-Mel CNN,0.3011821508407593,0.357628991206487
seg_008290,sample_02862,В Наших Сердцах - Чокнутый Пропеллер,1,0.8789064288139343,cnn_revised_20260919T110440Z,cnn_s1_06,val,Log-Mel CNN,0.3011821508407593,0.357628991206487
seg_008291,sample_02862,В Наших Сердцах - Чокнутый Пропеллер,1,0.9921908974647522,cnn_revised_20260919T110440Z,cnn_s1_06,val,Log-Mel CNN,0.3011821508407593,0.357628991206487
seg_008295,sample_02864,В Наших Сердцах - Чокнутый Пропеллер,1,0.41590386629104614,cnn_revised_20260919T110440Z,cnn_s1_06,val,Log-Mel CNN,0.3011821508407593,0.357628991206487
seg_008296,sample_02864,В Наших Сердцах - Чокнутый Пропеллер,1,0.5210428237915039,cnn_revised_20260919T110440Z,cnn_s1_06,val,Log-Mel CNN,0.3011821508407593,0.357628991206487
seg_008297,sample_02864,В Наших Сердцах - Чокнутый Пропеллер,1,0.886304497718811,cnn_revised_20260919T110440Z,cnn_s1_06,val,Log-Mel CNN,0.3011821508407593,0.357628991206487
seg_008304,sample_02867,2 (Wasn't There) - Isle of Pine,1,0.18671388924121857,cnn_revised_20260919T110440Z,cnn_s1_06,val,Log-Mel CNN,0.3011821508407593,0.357628991206487
seg_008305,sample_02867,2 (Wasn't There) - Isle of Pine,1,0.08921799808740616,cnn_revised_20260919T110440Z,cnn_s1_06,val,Log-Mel CNN,0.3011821508407593,0.357628991206487
seg_008306,sample_02867,2 (Wasn't There) - Isle of Pine,1,0.4238734543323517,cnn_revised_20260919T110440Z,cnn_s1_06,val,Log-Mel CNN,0.3011821508407593,0.357628991206487
seg_008307,sample_02868,2 (Wasn't There) - Isle of Pine,1,0.9100827574729919,cnn_revised_20260919T110440Z,cnn_s1_06,val,Log-Mel CNN,0.3011821508407593,0.357628991206487
seg_008308,sample_02868,2 (Wasn't There) - Isle of Pine,1,0.05514466390013695,cnn_revised_20260919T110440Z,cnn_s1_06,val,Log-Mel CNN,0.3011821508407593,0.357628991206487
seg_008309,sample_02868,2 (Wasn't There) - Isle of Pine,1,0.9891787767410278,cnn_revised_20260919T110440Z,cnn_s1_06,val,Log-Mel CNN,0.3011821508407593,0.357628991206487
seg_008400,sample_02899,CopperNickle - UncleBibby,1,0.9981332421302795,cnn_revised_20260919T110440Z,cnn_s1_06,val,Log-Mel CNN,0.3011821508407593,0.357628991206487
seg_008401,sample_02899,CopperNickle - UncleBibby,1,0.06876432150602341,cnn_revised_20260919T110440Z,cnn_s1_06,val,Log-Mel CNN,0.3011821508407593,0.357628991206487
seg_008402,sample_02899,CopperNickle - UncleBibby,1,0.8563326597213745,cnn_revised_20260919T110440Z,cnn_s1_06,val,Log-Mel CNN,0.3011821508407593,0.357628991206487
seg_008403,sample_02900,CopperNickle - UncleBibby,1,0.1711931675672531,cnn_revised_20260919T110440Z,cnn_s1_06,val,Log-Mel CNN,0.3011821508407593,0.357628991206487
seg_008404,sample_02900,CopperNickle - UncleBibby,1,0.23535855114459991,cnn_revised_20260919T110440Z,cnn_s1_06,val,Log-Mel CNN,0.3011821508407593,0.357628991206487
seg_008405,sample_02900,CopperNickle - UncleBibby,1,0.8998063206672668,cnn_revised_20260919T110440Z,cnn_s1_06,val,Log-Mel CNN,0.3011821508407593,0.357628991206487
seg_008418,sample_02905,Daylight Savings - My brother Daniel,1,0.7814918160438538,cnn_revised_20260919T110440Z,cnn_s1_06,val,Log-Mel CNN,0.3011821508407593,0.357628991206487
seg_008419,sample_02905,Daylight Savings - My brother Daniel,1,0.3235138952732086,cnn_revised_20260919T110440Z,cnn_s1_06,val,Log-Mel CNN,0.3011821508407593,0.357628991206487
seg_008420,sample_02905,Daylight Savings - My brother Daniel,1,0.8359054327011108,cnn_revised_20260919T110440Z,cnn_s1_06,val,Log-Mel CNN,0.3011821508407593,0.357628991206487
seg_008421,sample_02906,Daylight Savings - My brother Daniel,1,0.021451855078339577,cnn_revised_20260919T110440Z,cnn_s1_06,val,Log-Mel CNN,0.3011821508407593,0.357628991206487
seg_008422,sample_02906,Daylight Savings - My brother Daniel,1,0.2432604730129242,cnn_revised_20260919T110440Z,cnn_s1_06,val,Log-Mel CNN,0.3011821508407593,0.357628991206487
seg_008423,sample_02906,Daylight Savings - My brother Daniel,1,0.8206510543823242,cnn_revised_20260919T110440Z,cnn_s1_06,val,Log-Mel CNN,0.3011821508407593,0.357628991206487
seg_008448,sample_02915,Empty Pockets - Pete Prodoehl,1,0.9969145059585571,cnn_revised_20260919T110440Z,cnn_s1_06,val,Log-Mel CNN,0.3011821508407593,0.357628991206487
seg_008449,sample_02915,Empty Pockets - Pete Prodoehl,1,0.9839199185371399,cnn_revised_20260919T110440Z,cnn_s1_06,val,Log-Mel CNN,0.3011821508407593,0.357628991206487
seg_008450,sample_02915,Empty Pockets - Pete Prodoehl,1,0.2944091856479645,cnn_revised_20260919T110440Z,cnn_s1_06,val,Log-Mel CNN,0.3011821508407593,0.357628991206487
seg_008451,sample_02916,Empty Pockets - Pete Prodoehl,1,0.9370742440223694,cnn_revised_20260919T110440Z,cnn_s1_06,val,Log-Mel CNN,0.3011821508407593,0.357628991206487
seg_008452,sample_02916,Empty Pockets - Pete Prodoehl,1,0.3574107587337494,cnn_revised_20260919T110440Z,cnn_s1_06,val,Log-Mel CNN,0.3011821508407593,0.357628991206487
seg_008453,sample_02916,Empty Pockets - Pete Prodoehl,1,0.9752663373947144,cnn_revised_20260919T110440Z,cnn_s1_06,val,Log-Mel CNN,0.3011821508407593,0.357628991206487
seg_008460,sample_02919,Evil Cannot Create - Caleb Lemond,1,0.9933831095695496,cnn_revised_20260919T110440Z,cnn_s1_06,val,Log-Mel CNN,0.3011821508407593,0.357628991206487
seg_008461,sample_02919,Evil Cannot Create - Caleb Lemond,1,0.8229097127914429,cnn_revised_20260919T110440Z,cnn_s1_06,val,Log-Mel CNN,0.3011821508407593,0.357628991206487
seg_008462,sample_02919,Evil Cannot Create - Caleb Lemond,1,0.9486969709396362,cnn_revised_20260919T110440Z,cnn_s1_06,val,Log-Mel CNN,0.3011821508407593,0.357628991206487
seg_008463,sample_02920,Evil Cannot Create - Caleb Lemond,1,0.985767662525177,cnn_revised_20260919T110440Z,cnn_s1_06,val,Log-Mel CNN,0.3011821508407593,0.357628991206487
seg_008464,sample_02920,Evil Cannot Create - Caleb Lemond,1,0.8338468670845032,cnn_revised_20260919T110440Z,cnn_s1_06,val,Log-Mel CNN,0.3011821508407593,0.357628991206487
seg_008465,sample_02920,Evil Cannot Create - Caleb Lemond,1,0.6183971166610718,cnn_revised_20260919T110440Z,cnn_s1_06,val,Log-Mel CNN,0.3011821508407593,0.357628991206487
seg_008502,sample_02933,Gila Monster Flop/Music History Lesson:The Sonics - The Crypts!,1,0.22389423847198486,cnn_revised_20260919T110440Z,cnn_s1_06,val,Log-Mel CNN,0.3011821508407593,0.357628991206487
seg_008503,sample_02933,Gila Monster Flop/Music History Lesson:The Sonics - The Crypts!,1,0.4213797152042389,cnn_revised_20260919T110440Z,cnn_s1_06,val,Log-Mel CNN,0.3011821508407593,0.357628991206487
seg_008504,sample_02933,Gila Monster Flop/Music History Lesson:The Sonics - The Crypts!,1,0.4276130199432373,cnn_revised_20260919T110440Z,cnn_s1_06,val,Log-Mel CNN,0.3011821508407593,0.357628991206487
seg_008505,sample_02934,Gila Monster Flop/Music History Lesson:The Sonics - The Crypts!,1,0.03929544612765312,cnn_revised_20260919T110440Z,cnn_s1_06,val,Log-Mel CNN,0.3011821508407593,0.357628991206487
seg_008506,sample_02934,Gila Monster Flop/Music History Lesson:The Sonics - The Crypts!,1,0.09334267675876617,cnn_revised_20260919T110440Z,cnn_s1_06,val,Log-Mel CNN,0.3011821508407593,0.357628991206487
seg_008507,sample_02934,Gila Monster Flop/Music History Lesson:The Sonics - The Crypts!,1,0.18674972653388977,cnn_revised_20260919T110440Z,cnn_s1_06,val,Log-Mel CNN,0.3011821508407593,0.357628991206487
seg_008538,sample_02945,I Fell - Mod Fun,1,0.1510353535413742,cnn_revised_20260919T110440Z,cnn_s1_06,val,Log-Mel CNN,0.3011821508407593,0.357628991206487
seg_008539,sample_02945,I Fell - Mod Fun,1,0.44038692116737366,cnn_revised_20260919T110440Z,cnn_s1_06,val,Log-Mel CNN,0.3011821508407593,0.357628991206487
seg_008540,sample_02945,I Fell - Mod Fun,1,0.7676705121994019,cnn_revised_20260919T110440Z,cnn_s1_06,val,Log-Mel CNN,0.3011821508407593,0.357628991206487
seg_008541,sample_02946,I Fell - Mod Fun,1,0.08109630644321442,cnn_revised_20260919T110440Z,cnn_s1_06,val,Log-Mel CNN,0.3011821508407593,0.357628991206487
seg_008542,sample_02946,I Fell - Mod Fun,1,0.5929301977157593,cnn_revised_20260919T110440Z,cnn_s1_06,val,Log-Mel CNN,0.3011821508407593,0.357628991206487
seg_008543,sample_02946,I Fell - Mod Fun,1,0.8624328374862671,cnn_revised_20260919T110440Z,cnn_s1_06,val,Log-Mel CNN,0.3011821508407593,0.357628991206487
seg_008652,sample_02983,March of the GPA Mechanics - [t]ghost,1,0.02941400185227394,cnn_revised_20260919T110440Z,cnn_s1_06,val,Log-Mel CNN,0.3011821508407593,0.357628991206487
seg_008653,sample_02983,March of the GPA Mechanics - [t]ghost,1,0.5769261121749878,cnn_revised_20260919T110440Z,cnn_s1_06,val,Log-Mel CNN,0.3011821508407593,0.357628991206487
seg_008654,sample_02983,March of the GPA Mechanics - [t]ghost,1,0.9557117819786072,cnn_revised_20260919T110440Z,cnn_s1_06,val,Log-Mel CNN,0.3011821508407593,0.357628991206487
seg_008655,sample_02984,March of the GPA Mechanics - [t]ghost,1,0.016570301726460457,cnn_revised_20260919T110440Z,cnn_s1_06,val,Log-Mel CNN,0.3011821508407593,0.357628991206487
seg_008656,sample_02984,March of the GPA Mechanics - [t]ghost,1,0.1439589112997055,cnn_revised_20260919T110440Z,cnn_s1_06,val,Log-Mel CNN,0.3011821508407593,0.357628991206487
seg_008657,sample_02984,March of the GPA Mechanics - [t]ghost,1,0.9018294215202332,cnn_revised_20260919T110440Z,cnn_s1_06,val,Log-Mel CNN,0.3011821508407593,0.357628991206487
seg_008700,sample_02999,New Life (take 1) - Bird Names,1,0.6249123215675354,cnn_revised_20260919T110440Z,cnn_s1_06,val,Log-Mel CNN,0.3011821508407593,0.357628991206487
seg_008701,sample_02999,New Life (take 1) - Bird Names,1,0.3184797167778015,cnn_revised_20260919T110440Z,cnn_s1_06,val,Log-Mel CNN,0.3011821508407593,0.357628991206487
seg_008702,sample_02999,New Life (take 1) - Bird Names,1,0.9765552878379822,cnn_revised_20260919T110440Z,cnn_s1_06,val,Log-Mel CNN,0.3011821508407593,0.357628991206487
seg_008703,sample_03000,New Life (take 1) - Bird Names,1,0.42551785707473755,cnn_revised_20260919T110440Z,cnn_s1_06,val,Log-Mel CNN,0.3011821508407593,0.357628991206487
seg_008704,sample_03000,New Life (take 1) - Bird Names,1,0.4327961802482605,cnn_revised_20260919T110440Z,cnn_s1_06,val,Log-Mel CNN,0.3011821508407593,0.357628991206487
seg_008705,sample_03000,New Life (take 1) - Bird Names,1,0.9638417959213257,cnn_revised_20260919T110440Z,cnn_s1_06,val,Log-Mel CNN,0.3011821508407593,0.357628991206487
seg_008706,sample_03001,Night Drive - Decktonic,1,0.05728535354137421,cnn_revised_20260919T110440Z,cnn_s1_06,val,Log-Mel CNN,0.3011821508407593,0.357628991206487
seg_008707,sample_03001,Night Drive - Decktonic,1,0.5081796050071716,cnn_revised_20260919T110440Z,cnn_s1_06,val,Log-Mel CNN,0.3011821508407593,0.357628991206487
seg_008708,sample_03001,Night Drive - Decktonic,1,0.4784732162952423,cnn_revised_20260919T110440Z,cnn_s1_06,val,Log-Mel CNN,0.3011821508407593,0.357628991206487
seg_008709,sample_03002,Night Drive - Decktonic,1,0.06951427459716797,cnn_revised_20260919T110440Z,cnn_s1_06,val,Log-Mel CNN,0.3011821508407593,0.357628991206487
seg_008710,sample_03002,Night Drive - Decktonic,1,0.8255835771560669,cnn_revised_20260919T110440Z,cnn_s1_06,val,Log-Mel CNN,0.3011821508407593,0.357628991206487
seg_008711,sample_03002,Night Drive - Decktonic,1,0.9817091226577759,cnn_revised_20260919T110440Z,cnn_s1_06,val,Log-Mel CNN,0.3011821508407593,0.357628991206487
seg_008724,sample_03007,Norweigian Wood II - Bird Names,1,0.7691214680671692,cnn_revised_20260919T110440Z,cnn_s1_06,val,Log-Mel CNN,0.3011821508407593,0.357628991206487
seg_008725,sample_03007,Norweigian Wood II - Bird Names,1,0.7089297771453857,cnn_revised_20260919T110440Z,cnn_s1_06,val,Log-Mel CNN,0.3011821508407593,0.357628991206487
seg_008726,sample_03007,Norweigian Wood II - Bird Names,1,0.8850528597831726,cnn_revised_20260919T110440Z,cnn_s1_06,val,Log-Mel CNN,0.3011821508407593,0.357628991206487
seg_008727,sample_03008,Norweigian Wood II - Bird Names,1,0.7728932499885559,cnn_revised_20260919T110440Z,cnn_s1_06,val,Log-Mel CNN,0.3011821508407593,0.357628991206487
seg_008728,sample_03008,Norweigian Wood II - Bird Names,1,0.8056462407112122,cnn_revised_20260919T110440Z,cnn_s1_06,val,Log-Mel CNN,0.3011821508407593,0.357628991206487
seg_008729,sample_03008,Norweigian Wood II - Bird Names,1,0.9812513589859009,cnn_revised_20260919T110440Z,cnn_s1_06,val,Log-Mel CNN,0.3011821508407593,0.357628991206487
seg_008736,sample_03011,Nuo Maisemat - Paavoharju,1,0.11804212629795074,cnn_revised_20260919T110440Z,cnn_s1_06,val,Log-Mel CNN,0.3011821508407593,0.357628991206487
seg_008737,sample_03011,Nuo Maisemat - Paavoharju,1,0.22682060301303864,cnn_revised_20260919T110440Z,cnn_s1_06,val,Log-Mel CNN,0.3011821508407593,0.357628991206487
seg_008738,sample_03011,Nuo Maisemat - Paavoharju,1,0.5881668329238892,cnn_revised_20260919T110440Z,cnn_s1_06,val,Log-Mel CNN,0.3011821508407593,0.357628991206487
seg_008739,sample_03012,Nuo Maisemat - Paavoharju,1,0.9728235602378845,cnn_revised_20260919T110440Z,cnn_s1_06,val,Log-Mel CNN,0.3011821508407593,0.357628991206487
seg_008740,sample_03012,Nuo Maisemat - Paavoharju,1,0.6449651718139648,cnn_revised_20260919T110440Z,cnn_s1_06,val,Log-Mel CNN,0.3011821508407593,0.357628991206487
seg_008741,sample_03012,Nuo Maisemat - Paavoharju,1,0.13902045786380768,cnn_revised_20260919T110440Z,cnn_s1_06,val,Log-Mel CNN,0.3011821508407593,0.357628991206487
seg_008844,sample_03047,Roller Star - Monroeville Music Center,1,0.11779570579528809,cnn_revised_20260919T110440Z,cnn_s1_06,val,Log-Mel CNN,0.3011821508407593,0.357628991206487
seg_008845,sample_03047,Roller Star - Monroeville Music Center,1,0.0507749542593956,cnn_revised_20260919T110440Z,cnn_s1_06,val,Log-Mel CNN,0.3011821508407593,0.357628991206487
seg_008846,sample_03047,Roller Star - Monroeville Music Center,1,0.8855904936790466,cnn_revised_20260919T110440Z,cnn_s1_06,val,Log-Mel CNN,0.3011821508407593,0.357628991206487
seg_008847,sample_03048,Roller Star - Monroeville Music Center,1,0.03530152142047882,cnn_revised_20260919T110440Z,cnn_s1_06,val,Log-Mel CNN,0.3011821508407593,0.357628991206487
seg_008848,sample_03048,Roller Star - Monroeville Music Center,1,0.059873707592487335,cnn_revised_20260919T110440Z,cnn_s1_06,val,Log-Mel CNN,0.3011821508407593,0.357628991206487
seg_008849,sample_03048,Roller Star - Monroeville Music Center,1,0.9440110921859741,cnn_revised_20260919T110440Z,cnn_s1_06,val,Log-Mel CNN,0.3011821508407593,0.357628991206487
seg_008850,sample_03049,"Roundtrip - Oh Yeah, the Future",1,0.9264336824417114,cnn_revised_20260919T110440Z,cnn_s1_06,val,Log-Mel CNN,0.3011821508407593,0.357628991206487
seg_008851,sample_03049,"Roundtrip - Oh Yeah, the Future",1,0.48307767510414124,cnn_revised_20260919T110440Z,cnn_s1_06,val,Log-Mel CNN,0.3011821508407593,0.357628991206487
seg_008852,sample_03049,"Roundtrip - Oh Yeah, the Future",1,0.9854624271392822,cnn_revised_20260919T110440Z,cnn_s1_06,val,Log-Mel CNN,0.3011821508407593,0.357628991206487
seg_008853,sample_03050,"Roundtrip - Oh Yeah, the Future",1,0.622160792350769,cnn_revised_20260919T110440Z,cnn_s1_06,val,Log-Mel CNN,0.3011821508407593,0.357628991206487
seg_008854,sample_03050,"Roundtrip - Oh Yeah, the Future",1,0.12596073746681213,cnn_revised_20260919T110440Z,cnn_s1_06,val,Log-Mel CNN,0.3011821508407593,0.357628991206487
seg_008855,sample_03050,"Roundtrip - Oh Yeah, the Future",1,0.9966354966163635,cnn_revised_20260919T110440Z,cnn_s1_06,val,Log-Mel CNN,0.3011821508407593,0.357628991206487
seg_008862,sample_03053,SD (Ill Mix) - H-LR,1,0.07796820998191833,cnn_revised_20260919T110440Z,cnn_s1_06,val,Log-Mel CNN,0.3011821508407593,0.357628991206487
seg_008863,sample_03053,SD (Ill Mix) - H-LR,1,0.1269349604845047,cnn_revised_20260919T110440Z,cnn_s1_06,val,Log-Mel CNN,0.3011821508407593,0.357628991206487
seg_008864,sample_03053,SD (Ill Mix) - H-LR,1,0.971564769744873,cnn_revised_20260919T110440Z,cnn_s1_06,val,Log-Mel CNN,0.3011821508407593,0.357628991206487
seg_008865,sample_03054,SD (Ill Mix) - H-LR,1,0.31644535064697266,cnn_revised_20260919T110440Z,cnn_s1_06,val,Log-Mel CNN,0.3011821508407593,0.357628991206487
seg_008866,sample_03054,SD (Ill Mix) - H-LR,1,0.11047707498073578,cnn_revised_20260919T110440Z,cnn_s1_06,val,Log-Mel CNN,0.3011821508407593,0.357628991206487
seg_008867,sample_03054,SD (Ill Mix) - H-LR,1,0.8041762113571167,cnn_revised_20260919T110440Z,cnn_s1_06,val,Log-Mel CNN,0.3011821508407593,0.357628991206487
seg_008868,sample_03055,Scramby Eggs - Andy G. Cohen,1,0.07338918745517731,cnn_revised_20260919T110440Z,cnn_s1_06,val,Log-Mel CNN,0.3011821508407593,0.357628991206487
seg_008869,sample_03055,Scramby Eggs - Andy G. Cohen,1,0.041979990899562836,cnn_revised_20260919T110440Z,cnn_s1_06,val,Log-Mel CNN,0.3011821508407593,0.357628991206487
seg_008870,sample_03055,Scramby Eggs - Andy G. Cohen,1,0.19418641924858093,cnn_revised_20260919T110440Z,cnn_s1_06,val,Log-Mel CNN,0.3011821508407593,0.357628991206487
seg_008871,sample_03056,Scramby Eggs - Andy G. Cohen,1,0.04341837763786316,cnn_revised_20260919T110440Z,cnn_s1_06,val,Log-Mel CNN,0.3011821508407593,0.357628991206487
seg_008872,sample_03056,Scramby Eggs - Andy G. Cohen,1,0.06375939399003983,cnn_revised_20260919T110440Z,cnn_s1_06,val,Log-Mel CNN,0.3011821508407593,0.357628991206487
seg_008873,sample_03056,Scramby Eggs - Andy G. Cohen,1,0.24782006442546844,cnn_revised_20260919T110440Z,cnn_s1_06,val,Log-Mel CNN,0.3011821508407593,0.357628991206487
seg_008910,sample_03069,Soleares&beats - Malaventura,1,0.7597406506538391,cnn_revised_20260919T110440Z,cnn_s1_06,val,Log-Mel CNN,0.3011821508407593,0.357628991206487
seg_008911,sample_03069,Soleares&beats - Malaventura,1,0.3302914798259735,cnn_revised_20260919T110440Z,cnn_s1_06,val,Log-Mel CNN,0.3011821508407593,0.357628991206487
seg_008912,sample_03069,Soleares&beats - Malaventura,1,0.34683167934417725,cnn_revised_20260919T110440Z,cnn_s1_06,val,Log-Mel CNN,0.3011821508407593,0.357628991206487
seg_008913,sample_03070,Soleares&beats - Malaventura,1,0.7287678122520447,cnn_revised_20260919T110440Z,cnn_s1_06,val,Log-Mel CNN,0.3011821508407593,0.357628991206487
seg_008914,sample_03070,Soleares&beats - Malaventura,1,0.8307143449783325,cnn_revised_20260919T110440Z,cnn_s1_06,val,Log-Mel CNN,0.3011821508407593,0.357628991206487
seg_008915,sample_03070,Soleares&beats - Malaventura,1,0.9103684425354004,cnn_revised_20260919T110440Z,cnn_s1_06,val,Log-Mel CNN,0.3011821508407593,0.357628991206487
seg_008934,sample_03077,Stockholm Syndrome / People Should Be More Aware - Bird Names,1,0.4893495440483093,cnn_revised_20260919T110440Z,cnn_s1_06,val,Log-Mel CNN,0.3011821508407593,0.357628991206487
seg_008935,sample_03077,Stockholm Syndrome / People Should Be More Aware - Bird Names,1,0.9993367791175842,cnn_revised_20260919T110440Z,cnn_s1_06,val,Log-Mel CNN,0.3011821508407593,0.357628991206487
seg_008936,sample_03077,Stockholm Syndrome / People Should Be More Aware - Bird Names,1,0.8936440348625183,cnn_revised_20260919T110440Z,cnn_s1_06,val,Log-Mel CNN,0.3011821508407593,0.357628991206487
seg_008937,sample_03078,Stockholm Syndrome / People Should Be More Aware - Bird Names,1,0.002331339754164219,cnn_revised_20260919T110440Z,cnn_s1_06,val,Log-Mel CNN,0.3011821508407593,0.357628991206487
seg_008938,sample_03078,Stockholm Syndrome / People Should Be More Aware - Bird Names,1,0.22967244684696198,cnn_revised_20260919T110440Z,cnn_s1_06,val,Log-Mel CNN,0.3011821508407593,0.357628991206487
seg_008939,sample_03078,Stockholm Syndrome / People Should Be More Aware - Bird Names,1,0.1388179361820221,cnn_revised_20260919T110440Z,cnn_s1_06,val,Log-Mel CNN,0.3011821508407593,0.357628991206487
seg_009030,sample_03109,The girl just faded - Los Llamarada,1,0.9696374535560608,cnn_revised_20260919T110440Z,cnn_s1_06,val,Log-Mel CNN,0.3011821508407593,0.357628991206487
seg_009031,sample_03109,The girl just faded - Los Llamarada,1,0.010392874479293823,cnn_revised_20260919T110440Z,cnn_s1_06,val,Log-Mel CNN,0.3011821508407593,0.357628991206487
seg_009032,sample_03109,The girl just faded - Los Llamarada,1,0.8953077793121338,cnn_revised_20260919T110440Z,cnn_s1_06,val,Log-Mel CNN,0.3011821508407593,0.357628991206487
seg_009033,sample_03110,The girl just faded - Los Llamarada,1,0.2136027216911316,cnn_revised_20260919T110440Z,cnn_s1_06,val,Log-Mel CNN,0.3011821508407593,0.357628991206487
seg_009034,sample_03110,The girl just faded - Los Llamarada,1,0.08434534072875977,cnn_revised_20260919T110440Z,cnn_s1_06,val,Log-Mel CNN,0.3011821508407593,0.357628991206487
seg_009035,sample_03110,The girl just faded - Los Llamarada,1,0.6725010275840759,cnn_revised_20260919T110440Z,cnn_s1_06,val,Log-Mel CNN,0.3011821508407593,0.357628991206487
seg_009042,sample_03113,Time Is Love - Silence is full of birds,1,0.5057317614555359,cnn_revised_20260919T110440Z,cnn_s1_06,val,Log-Mel CNN,0.3011821508407593,0.357628991206487
seg_009043,sample_03113,Time Is Love - Silence is full of birds,1,0.18248072266578674,cnn_revised_20260919T110440Z,cnn_s1_06,val,Log-Mel CNN,0.3011821508407593,0.357628991206487
seg_009044,sample_03113,Time Is Love - Silence is full of birds,1,0.9846583604812622,cnn_revised_20260919T110440Z,cnn_s1_06,val,Log-Mel CNN,0.3011821508407593,0.357628991206487
seg_009045,sample_03114,Time Is Love - Silence is full of birds,1,0.9672926068305969,cnn_revised_20260919T110440Z,cnn_s1_06,val,Log-Mel CNN,0.3011821508407593,0.357628991206487
seg_009046,sample_03114,Time Is Love - Silence is full of birds,1,0.6874019503593445,cnn_revised_20260919T110440Z,cnn_s1_06,val,Log-Mel CNN,0.3011821508407593,0.357628991206487
seg_009047,sample_03114,Time Is Love - Silence is full of birds,1,0.6738636493682861,cnn_revised_20260919T110440Z,cnn_s1_06,val,Log-Mel CNN,0.3011821508407593,0.357628991206487
seg_009078,sample_03125,Voxel - Andy G. Cohen,1,0.06799445301294327,cnn_revised_20260919T110440Z,cnn_s1_06,val,Log-Mel CNN,0.3011821508407593,0.357628991206487
seg_009079,sample_03125,Voxel - Andy G. Cohen,1,0.010149531066417694,cnn_revised_20260919T110440Z,cnn_s1_06,val,Log-Mel CNN,0.3011821508407593,0.357628991206487
seg_009080,sample_03125,Voxel - Andy G. Cohen,1,0.2582903504371643,cnn_revised_20260919T110440Z,cnn_s1_06,val,Log-Mel CNN,0.3011821508407593,0.357628991206487
seg_009081,sample_03126,Voxel - Andy G. Cohen,1,0.49721667170524597,cnn_revised_20260919T110440Z,cnn_s1_06,val,Log-Mel CNN,0.3011821508407593,0.357628991206487
seg_009082,sample_03126,Voxel - Andy G. Cohen,1,0.4039832055568695,cnn_revised_20260919T110440Z,cnn_s1_06,val,Log-Mel CNN,0.3011821508407593,0.357628991206487
seg_009083,sample_03126,Voxel - Andy G. Cohen,1,0.6170952916145325,cnn_revised_20260919T110440Z,cnn_s1_06,val,Log-Mel CNN,0.3011821508407593,0.357628991206487
seg_009114,sample_03137,Windows of the Skull - Sarin,1,0.9755586981773376,cnn_revised_20260919T110440Z,cnn_s1_06,val,Log-Mel CNN,0.3011821508407593,0.357628991206487
seg_009115,sample_03137,Windows of the Skull - Sarin,1,0.08209618926048279,cnn_revised_20260919T110440Z,cnn_s1_06,val,Log-Mel CNN,0.3011821508407593,0.357628991206487
seg_009116,sample_03137,Windows of the Skull - Sarin,1,0.9771287441253662,cnn_revised_20260919T110440Z,cnn_s1_06,val,Log-Mel CNN,0.3011821508407593,0.357628991206487
seg_009117,sample_03138,Windows of the Skull - Sarin,1,0.8939688801765442,cnn_revised_20260919T110440Z,cnn_s1_06,val,Log-Mel CNN,0.3011821508407593,0.357628991206487
seg_009118,sample_03138,Windows of the Skull - Sarin,1,0.11816312372684479,cnn_revised_20260919T110440Z,cnn_s1_06,val,Log-Mel CNN,0.3011821508407593,0.357628991206487
seg_009119,sample_03138,Windows of the Skull - Sarin,1,0.6918654441833496,cnn_revised_20260919T110440Z,cnn_s1_06,val,Log-Mel CNN,0.3011821508407593,0.357628991206487
seg_009168,sample_03155,mystery team 2090 - Jesse Futerman,1,0.9741345643997192,cnn_revised_20260919T110440Z,cnn_s1_06,val,Log-Mel CNN,0.3011821508407593,0.357628991206487
seg_009169,sample_03155,mystery team 2090 - Jesse Futerman,1,0.7018782496452332,cnn_revised_20260919T110440Z,cnn_s1_06,val,Log-Mel CNN,0.3011821508407593,0.357628991206487
seg_009170,sample_03155,mystery team 2090 - Jesse Futerman,1,0.9391945600509644,cnn_revised_20260919T110440Z,cnn_s1_06,val,Log-Mel CNN,0.3011821508407593,0.357628991206487
seg_009171,sample_03156,mystery team 2090 - Jesse Futerman,1,0.10076965391635895,cnn_revised_20260919T110440Z,cnn_s1_06,val,Log-Mel CNN,0.3011821508407593,0.357628991206487
seg_009172,sample_03156,mystery team 2090 - Jesse Futerman,1,0.8264685869216919,cnn_revised_20260919T110440Z,cnn_s1_06,val,Log-Mel CNN,0.3011821508407593,0.357628991206487
seg_009173,sample_03156,mystery team 2090 - Jesse Futerman,1,0.5646535158157349,cnn_revised_20260919T110440Z,cnn_s1_06,val,Log-Mel CNN,0.3011821508407593,0.357628991206487
seg_009192,sample_03163,Новый Нью-Йорк 2 - Чокнутый Пропеллер,1,0.14296332001686096,cnn_revised_20260919T110440Z,cnn_s1_06,val,Log-Mel CNN,0.3011821508407593,0.357628991206487
seg_009193,sample_03163,Новый Нью-Йорк 2 - Чокнутый Пропеллер,1,0.21634963154792786,cnn_revised_20260919T110440Z,cnn_s1_06,val,Log-Mel CNN,0.3011821508407593,0.357628991206487
seg_009194,sample_03163,Новый Нью-Йорк 2 - Чокнутый Пропеллер,1,0.2880961298942566,cnn_revised_20260919T110440Z,cnn_s1_06,val,Log-Mel CNN,0.3011821508407593,0.357628991206487
seg_009195,sample_03164,Новый Нью-Йорк 2 - Чокнутый Пропеллер,1,0.22807177901268005,cnn_revised_20260919T110440Z,cnn_s1_06,val,Log-Mel CNN,0.3011821508407593,0.357628991206487
seg_009196,sample_03164,Новый Нью-Йорк 2 - Чокнутый Пропеллер,1,0.36933571100234985,cnn_revised_20260919T110440Z,cnn_s1_06,val,Log-Mel CNN,0.3011821508407593,0.357628991206487
seg_009197,sample_03164,Новый Нью-Йорк 2 - Чокнутый Пропеллер,1,0.8347903490066528,cnn_revised_20260919T110440Z,cnn_s1_06,val,Log-Mel CNN,0.3011821508407593,0.357628991206487
seg_009207,sample_03168,2 (Wasn't There) - Isle of Pine,1,0.7761591076850891,cnn_revised_20260919T110440Z,cnn_s1_06,val,Log-Mel CNN,0.3011821508407593,0.357628991206487
seg_009208,sample_03168,2 (Wasn't There) - Isle of Pine,1,0.18913650512695312,cnn_revised_20260919T110440Z,cnn_s1_06,val,Log-Mel CNN,0.3011821508407593,0.357628991206487
seg_009209,sample_03168,2 (Wasn't There) - Isle of Pine,1,0.8260557055473328,cnn_revised_20260919T110440Z,cnn_s1_06,val,Log-Mel CNN,0.3011821508407593,0.357628991206487
seg_009228,sample_03175,Agora - Malaventura,1,0.42958924174308777,cnn_revised_20260919T110440Z,cnn_s1_06,val,Log-Mel CNN,0.3011821508407593,0.357628991206487
seg_009229,sample_03175,Agora - Malaventura,1,0.9871559143066406,cnn_revised_20260919T110440Z,cnn_s1_06,val,Log-Mel CNN,0.3011821508407593,0.357628991206487
seg_009230,sample_03175,Agora - Malaventura,1,0.9845964312553406,cnn_revised_20260919T110440Z,cnn_s1_06,val,Log-Mel CNN,0.3011821508407593,0.357628991206487
seg_009279,sample_03192,Beyond Luxury - Mors Ontologica,1,0.39287400245666504,cnn_revised_20260919T110440Z,cnn_s1_06,val,Log-Mel CNN,0.3011821508407593,0.357628991206487
seg_009280,sample_03192,Beyond Luxury - Mors Ontologica,1,0.13286158442497253,cnn_revised_20260919T110440Z,cnn_s1_06,val,Log-Mel CNN,0.3011821508407593,0.357628991206487
seg_009281,sample_03192,Beyond Luxury - Mors Ontologica,1,0.9973479509353638,cnn_revised_20260919T110440Z,cnn_s1_06,val,Log-Mel CNN,0.3011821508407593,0.357628991206487
seg_009324,sample_03207,CopperNickle - UncleBibby,1,0.2140832245349884,cnn_revised_20260919T110440Z,cnn_s1_06,val,Log-Mel CNN,0.3011821508407593,0.357628991206487
seg_009325,sample_03207,CopperNickle - UncleBibby,1,0.9930639863014221,cnn_revised_20260919T110440Z,cnn_s1_06,val,Log-Mel CNN,0.3011821508407593,0.357628991206487
seg_009326,sample_03207,CopperNickle - UncleBibby,1,0.9875565767288208,cnn_revised_20260919T110440Z,cnn_s1_06,val,Log-Mel CNN,0.3011821508407593,0.357628991206487
seg_009339,sample_03212,Daylight Savings - My brother Daniel,1,0.9892528653144836,cnn_revised_20260919T110440Z,cnn_s1_06,val,Log-Mel CNN,0.3011821508407593,0.357628991206487
seg_009340,sample_03212,Daylight Savings - My brother Daniel,1,0.877895712852478,cnn_revised_20260919T110440Z,cnn_s1_06,val,Log-Mel CNN,0.3011821508407593,0.357628991206487
seg_009341,sample_03212,Daylight Savings - My brother Daniel,1,0.9341248273849487,cnn_revised_20260919T110440Z,cnn_s1_06,val,Log-Mel CNN,0.3011821508407593,0.357628991206487
seg_009375,sample_03224,Empty Pockets - Pete Prodoehl,1,0.9852659106254578,cnn_revised_20260919T110440Z,cnn_s1_06,val,Log-Mel CNN,0.3011821508407593,0.357628991206487
seg_009376,sample_03224,Empty Pockets - Pete Prodoehl,1,0.9688565731048584,cnn_revised_20260919T110440Z,cnn_s1_06,val,Log-Mel CNN,0.3011821508407593,0.357628991206487
seg_009377,sample_03224,Empty Pockets - Pete Prodoehl,1,0.9867637753486633,cnn_revised_20260919T110440Z,cnn_s1_06,val,Log-Mel CNN,0.3011821508407593,0.357628991206487
seg_009393,sample_03230,Evil Cannot Create - Caleb Lemond,1,0.9876827597618103,cnn_revised_20260919T110440Z,cnn_s1_06,val,Log-Mel CNN,0.3011821508407593,0.357628991206487
seg_009394,sample_03230,Evil Cannot Create - Caleb Lemond,1,0.9803493022918701,cnn_revised_20260919T110440Z,cnn_s1_06,val,Log-Mel CNN,0.3011821508407593,0.357628991206487
seg_009395,sample_03230,Evil Cannot Create - Caleb Lemond,1,0.9968763589859009,cnn_revised_20260919T110440Z,cnn_s1_06,val,Log-Mel CNN,0.3011821508407593,0.357628991206487
seg_009399,sample_03232,Fear - Los Fancy Free,1,0.9663111567497253,cnn_revised_20260919T110440Z,cnn_s1_06,val,Log-Mel CNN,0.3011821508407593,0.357628991206487
seg_009400,sample_03232,Fear - Los Fancy Free,1,0.9971030354499817,cnn_revised_20260919T110440Z,cnn_s1_06,val,Log-Mel CNN,0.3011821508407593,0.357628991206487
seg_009401,sample_03232,Fear - Los Fancy Free,1,0.8150075674057007,cnn_revised_20260919T110440Z,cnn_s1_06,val,Log-Mel CNN,0.3011821508407593,0.357628991206487
seg_009402,sample_03233,Fifth Ramble - From the album Keith [RSVP007] - My brother Daniel,1,0.788885235786438,cnn_revised_20260919T110440Z,cnn_s1_06,val,Log-Mel CNN,0.3011821508407593,0.357628991206487
seg_009403,sample_03233,Fifth Ramble - From the album Keith [RSVP007] - My brother Daniel,1,0.9443523287773132,cnn_revised_20260919T110440Z,cnn_s1_06,val,Log-Mel CNN,0.3011821508407593,0.357628991206487
seg_009404,sample_03233,Fifth Ramble - From the album Keith [RSVP007] - My brother Daniel,1,0.9038020372390747,cnn_revised_20260919T110440Z,cnn_s1_06,val,Log-Mel CNN,0.3011821508407593,0.357628991206487
seg_009438,sample_03245,Gila Monster Flop/Music History Lesson:The Sonics - The Crypts!,1,0.08836338669061661,cnn_revised_20260919T110440Z,cnn_s1_06,val,Log-Mel CNN,0.3011821508407593,0.357628991206487
seg_009439,sample_03245,Gila Monster Flop/Music History Lesson:The Sonics - The Crypts!,1,0.39253750443458557,cnn_revised_20260919T110440Z,cnn_s1_06,val,Log-Mel CNN,0.3011821508407593,0.357628991206487
seg_009440,sample_03245,Gila Monster Flop/Music History Lesson:The Sonics - The Crypts!,1,0.8973220586776733,cnn_revised_20260919T110440Z,cnn_s1_06,val,Log-Mel CNN,0.3011821508407593,0.357628991206487
seg_009471,sample_03256,If You're Ther - Nicola Ratti,1,0.7267098426818848,cnn_revised_20260919T110440Z,cnn_s1_06,val,Log-Mel CNN,0.3011821508407593,0.357628991206487
seg_009472,sample_03256,If You're Ther - Nicola Ratti,1,0.9944118857383728,cnn_revised_20260919T110440Z,cnn_s1_06,val,Log-Mel CNN,0.3011821508407593,0.357628991206487
seg_009473,sample_03256,If You're Ther - Nicola Ratti,1,0.9522116780281067,cnn_revised_20260919T110440Z,cnn_s1_06,val,Log-Mel CNN,0.3011821508407593,0.357628991206487
seg_009501,sample_03266,I Fell - Mod Fun,1,0.8878448009490967,cnn_revised_20260919T110440Z,cnn_s1_06,val,Log-Mel CNN,0.3011821508407593,0.357628991206487
seg_009502,sample_03266,I Fell - Mod Fun,1,0.9381986856460571,cnn_revised_20260919T110440Z,cnn_s1_06,val,Log-Mel CNN,0.3011821508407593,0.357628991206487
seg_009503,sample_03266,I Fell - Mod Fun,1,0.9170734882354736,cnn_revised_20260919T110440Z,cnn_s1_06,val,Log-Mel CNN,0.3011821508407593,0.357628991206487
seg_009549,sample_03282,Kumorizoranohajimarutokoro - Hosomi,1,0.9548642039299011,cnn_revised_20260919T110440Z,cnn_s1_06,val,Log-Mel CNN,0.3011821508407593,0.357628991206487
seg_009550,sample_03282,Kumorizoranohajimarutokoro - Hosomi,1,0.9997121691703796,cnn_revised_20260919T110440Z,cnn_s1_06,val,Log-Mel CNN,0.3011821508407593,0.357628991206487
seg_009551,sample_03282,Kumorizoranohajimarutokoro - Hosomi,1,0.9901849031448364,cnn_revised_20260919T110440Z,cnn_s1_06,val,Log-Mel CNN,0.3011821508407593,0.357628991206487
seg_009585,sample_03294,Lights Up - Pipe Choir,1,0.7035289406776428,cnn_revised_20260919T110440Z,cnn_s1_06,val,Log-Mel CNN,0.3011821508407593,0.357628991206487
seg_009586,sample_03294,Lights Up - Pipe Choir,1,0.9941456317901611,cnn_revised_20260919T110440Z,cnn_s1_06,val,Log-Mel CNN,0.3011821508407593,0.357628991206487
seg_009587,sample_03294,Lights Up - Pipe Choir,1,0.837518572807312,cnn_revised_20260919T110440Z,cnn_s1_06,val,Log-Mel CNN,0.3011821508407593,0.357628991206487
seg_009603,sample_03300,Loved Ones - Rowan Box,1,0.9665214419364929,cnn_revised_20260919T110440Z,cnn_s1_06,val,Log-Mel CNN,0.3011821508407593,0.357628991206487
seg_009604,sample_03300,Loved Ones - Rowan Box,1,0.9556627869606018,cnn_revised_20260919T110440Z,cnn_s1_06,val,Log-Mel CNN,0.3011821508407593,0.357628991206487
seg_009605,sample_03300,Loved Ones - Rowan Box,1,0.9057254195213318,cnn_revised_20260919T110440Z,cnn_s1_06,val,Log-Mel CNN,0.3011821508407593,0.357628991206487
seg_009615,sample_03304,March of the GPA Mechanics - [t]ghost,1,0.7946760058403015,cnn_revised_20260919T110440Z,cnn_s1_06,val,Log-Mel CNN,0.3011821508407593,0.357628991206487
seg_009616,sample_03304,March of the GPA Mechanics - [t]ghost,1,0.9497054815292358,cnn_revised_20260919T110440Z,cnn_s1_06,val,Log-Mel CNN,0.3011821508407593,0.357628991206487
seg_009617,sample_03304,March of the GPA Mechanics - [t]ghost,1,0.9820324778556824,cnn_revised_20260919T110440Z,cnn_s1_06,val,Log-Mel CNN,0.3011821508407593,0.357628991206487
seg_009636,sample_03311,Morning Bell - Nihilore,1,0.9883390665054321,cnn_revised_20260919T110440Z,cnn_s1_06,val,Log-Mel CNN,0.3011821508407593,0.357628991206487
seg_009637,sample_03311,Morning Bell - Nihilore,1,0.9936610460281372,cnn_revised_20260919T110440Z,cnn_s1_06,val,Log-Mel CNN,0.3011821508407593,0.357628991206487
seg_009638,sample_03311,Morning Bell - Nihilore,1,0.9540948271751404,cnn_revised_20260919T110440Z,cnn_s1_06,val,Log-Mel CNN,0.3011821508407593,0.357628991206487
seg_009651,sample_03316,mystery team 2090 - Jesse Futerman,1,0.4788806438446045,cnn_revised_20260919T110440Z,cnn_s1_06,val,Log-Mel CNN,0.3011821508407593,0.357628991206487
seg_009652,sample_03316,mystery team 2090 - Jesse Futerman,1,0.9545733332633972,cnn_revised_20260919T110440Z,cnn_s1_06,val,Log-Mel CNN,0.3011821508407593,0.357628991206487
seg_009653,sample_03316,mystery team 2090 - Jesse Futerman,1,0.8580554723739624,cnn_revised_20260919T110440Z,cnn_s1_06,val,Log-Mel CNN,0.3011821508407593,0.357628991206487
seg_009654,sample_03317,My Body Is A Weapon (Compromise Edit) - Silence is full of birds,1,0.9843170642852783,cnn_revised_20260919T110440Z,cnn_s1_06,val,Log-Mel CNN,0.3011821508407593,0.357628991206487
seg_009655,sample_03317,My Body Is A Weapon (Compromise Edit) - Silence is full of birds,1,0.8940726518630981,cnn_revised_20260919T110440Z,cnn_s1_06,val,Log-Mel CNN,0.3011821508407593,0.357628991206487
seg_009656,sample_03317,My Body Is A Weapon (Compromise Edit) - Silence is full of birds,1,0.5734928846359253,cnn_revised_20260919T110440Z,cnn_s1_06,val,Log-Mel CNN,0.3011821508407593,0.357628991206487
seg_009666,sample_03321,New Life (take 1) - Bird Names,1,0.9936011433601379,cnn_revised_20260919T110440Z,cnn_s1_06,val,Log-Mel CNN,0.3011821508407593,0.357628991206487
seg_009667,sample_03321,New Life (take 1) - Bird Names,1,0.9979743361473083,cnn_revised_20260919T110440Z,cnn_s1_06,val,Log-Mel CNN,0.3011821508407593,0.357628991206487
seg_009668,sample_03321,New Life (take 1) - Bird Names,1,0.8962677121162415,cnn_revised_20260919T110440Z,cnn_s1_06,val,Log-Mel CNN,0.3011821508407593,0.357628991206487
seg_009672,sample_03323,Night Drive - Decktonic,1,0.8738464713096619,cnn_revised_20260919T110440Z,cnn_s1_06,val,Log-Mel CNN,0.3011821508407593,0.357628991206487
seg_009673,sample_03323,Night Drive - Decktonic,1,0.9656311869621277,cnn_revised_20260919T110440Z,cnn_s1_06,val,Log-Mel CNN,0.3011821508407593,0.357628991206487
seg_009674,sample_03323,Night Drive - Decktonic,1,0.8453847169876099,cnn_revised_20260919T110440Z,cnn_s1_06,val,Log-Mel CNN,0.3011821508407593,0.357628991206487
seg_009681,sample_03326,Norweigian Wood II - Bird Names,1,0.8495622873306274,cnn_revised_20260919T110440Z,cnn_s1_06,val,Log-Mel CNN,0.3011821508407593,0.357628991206487
seg_009682,sample_03326,Norweigian Wood II - Bird Names,1,0.35257843136787415,cnn_revised_20260919T110440Z,cnn_s1_06,val,Log-Mel CNN,0.3011821508407593,0.357628991206487
seg_009683,sample_03326,Norweigian Wood II - Bird Names,1,0.9876574277877808,cnn_revised_20260919T110440Z,cnn_s1_06,val,Log-Mel CNN,0.3011821508407593,0.357628991206487
seg_009693,sample_03330,Nuo Maisemat - Paavoharju,1,0.8590912222862244,cnn_revised_20260919T110440Z,cnn_s1_06,val,Log-Mel CNN,0.3011821508407593,0.357628991206487
seg_009694,sample_03330,Nuo Maisemat - Paavoharju,1,0.9657799005508423,cnn_revised_20260919T110440Z,cnn_s1_06,val,Log-Mel CNN,0.3011821508407593,0.357628991206487
seg_009695,sample_03330,Nuo Maisemat - Paavoharju,1,0.9678138494491577,cnn_revised_20260919T110440Z,cnn_s1_06,val,Log-Mel CNN,0.3011821508407593,0.357628991206487
seg_009756,sample_03351,Redlight - Room For A Ghost,1,0.9817947149276733,cnn_revised_20260919T110440Z,cnn_s1_06,val,Log-Mel CNN,0.3011821508407593,0.357628991206487
seg_009757,sample_03351,Redlight - Room For A Ghost,1,0.9987130165100098,cnn_revised_20260919T110440Z,cnn_s1_06,val,Log-Mel CNN,0.3011821508407593,0.357628991206487
seg_009758,sample_03351,Redlight - Room For A Ghost,1,0.9713837504386902,cnn_revised_20260919T110440Z,cnn_s1_06,val,Log-Mel CNN,0.3011821508407593,0.357628991206487
seg_009774,sample_03357,Roller Star - Monroeville Music Center,1,0.9958024621009827,cnn_revised_20260919T110440Z,cnn_s1_06,val,Log-Mel CNN,0.3011821508407593,0.357628991206487
seg_009775,sample_03357,Roller Star - Monroeville Music Center,1,0.983055830001831,cnn_revised_20260919T110440Z,cnn_s1_06,val,Log-Mel CNN,0.3011821508407593,0.357628991206487
seg_009776,sample_03357,Roller Star - Monroeville Music Center,1,0.9438439011573792,cnn_revised_20260919T110440Z,cnn_s1_06,val,Log-Mel CNN,0.3011821508407593,0.357628991206487
seg_009780,sample_03359,"Roundtrip - Oh Yeah, the Future",1,0.9497453570365906,cnn_revised_20260919T110440Z,cnn_s1_06,val,Log-Mel CNN,0.3011821508407593,0.357628991206487
seg_009781,sample_03359,"Roundtrip - Oh Yeah, the Future",1,0.9750506281852722,cnn_revised_20260919T110440Z,cnn_s1_06,val,Log-Mel CNN,0.3011821508407593,0.357628991206487
seg_009782,sample_03359,"Roundtrip - Oh Yeah, the Future",1,0.9847603440284729,cnn_revised_20260919T110440Z,cnn_s1_06,val,Log-Mel CNN,0.3011821508407593,0.357628991206487
seg_009792,sample_03363,Scramby Eggs - Andy G. Cohen,1,0.9978885054588318,cnn_revised_20260919T110440Z,cnn_s1_06,val,Log-Mel CNN,0.3011821508407593,0.357628991206487
seg_009793,sample_03363,Scramby Eggs - Andy G. Cohen,1,0.7288938760757446,cnn_revised_20260919T110440Z,cnn_s1_06,val,Log-Mel CNN,0.3011821508407593,0.357628991206487
seg_009794,sample_03363,Scramby Eggs - Andy G. Cohen,1,0.9492642283439636,cnn_revised_20260919T110440Z,cnn_s1_06,val,Log-Mel CNN,0.3011821508407593,0.357628991206487
seg_009795,sample_03364,SD (Ill Mix) - H-LR,1,0.6848539710044861,cnn_revised_20260919T110440Z,cnn_s1_06,val,Log-Mel CNN,0.3011821508407593,0.357628991206487
seg_009796,sample_03364,SD (Ill Mix) - H-LR,1,0.6682112216949463,cnn_revised_20260919T110440Z,cnn_s1_06,val,Log-Mel CNN,0.3011821508407593,0.357628991206487
seg_009797,sample_03364,SD (Ill Mix) - H-LR,1,0.6810597777366638,cnn_revised_20260919T110440Z,cnn_s1_06,val,Log-Mel CNN,0.3011821508407593,0.357628991206487
seg_009819,sample_03372,Shipwrecked Crew - Pete Prodoehl,1,0.9445360898971558,cnn_revised_20260919T110440Z,cnn_s1_06,val,Log-Mel CNN,0.3011821508407593,0.357628991206487
seg_009820,sample_03372,Shipwrecked Crew - Pete Prodoehl,1,0.9602152109146118,cnn_revised_20260919T110440Z,cnn_s1_06,val,Log-Mel CNN,0.3011821508407593,0.357628991206487
seg_009821,sample_03372,Shipwrecked Crew - Pete Prodoehl,1,0.36506128311157227,cnn_revised_20260919T110440Z,cnn_s1_06,val,Log-Mel CNN,0.3011821508407593,0.357628991206487
seg_009837,sample_03378,Soleares&beats - Malaventura,1,0.9573109149932861,cnn_revised_20260919T110440Z,cnn_s1_06,val,Log-Mel CNN,0.3011821508407593,0.357628991206487
seg_009838,sample_03378,Soleares&beats - Malaventura,1,0.9002728462219238,cnn_revised_20260919T110440Z,cnn_s1_06,val,Log-Mel CNN,0.3011821508407593,0.357628991206487
seg_009839,sample_03378,Soleares&beats - Malaventura,1,0.5159757733345032,cnn_revised_20260919T110440Z,cnn_s1_06,val,Log-Mel CNN,0.3011821508407593,0.357628991206487
seg_009843,sample_03380,some dextromethorphan - Jeva,1,0.9349092841148376,cnn_revised_20260919T110440Z,cnn_s1_06,val,Log-Mel CNN,0.3011821508407593,0.357628991206487
seg_009844,sample_03380,some dextromethorphan - Jeva,1,0.9971407651901245,cnn_revised_20260919T110440Z,cnn_s1_06,val,Log-Mel CNN,0.3011821508407593,0.357628991206487
seg_009845,sample_03380,some dextromethorphan - Jeva,1,0.9861868619918823,cnn_revised_20260919T110440Z,cnn_s1_06,val,Log-Mel CNN,0.3011821508407593,0.357628991206487
seg_009858,sample_03385,Stockholm Syndrome / People Should Be More Aware - Bird Names,1,0.994746744632721,cnn_revised_20260919T110440Z,cnn_s1_06,val,Log-Mel CNN,0.3011821508407593,0.357628991206487
seg_009859,sample_03385,Stockholm Syndrome / People Should Be More Aware - Bird Names,1,0.9972355961799622,cnn_revised_20260919T110440Z,cnn_s1_06,val,Log-Mel CNN,0.3011821508407593,0.357628991206487
seg_009860,sample_03385,Stockholm Syndrome / People Should Be More Aware - Bird Names,1,0.9942544102668762,cnn_revised_20260919T110440Z,cnn_s1_06,val,Log-Mel CNN,0.3011821508407593,0.357628991206487
seg_009870,sample_03389,Sturgeon's Law - Nihilore,1,0.9279629588127136,cnn_revised_20260919T110440Z,cnn_s1_06,val,Log-Mel CNN,0.3011821508407593,0.357628991206487
seg_009871,sample_03389,Sturgeon's Law - Nihilore,1,0.9887423515319824,cnn_revised_20260919T110440Z,cnn_s1_06,val,Log-Mel CNN,0.3011821508407593,0.357628991206487
seg_009872,sample_03389,Sturgeon's Law - Nihilore,1,0.9863516092300415,cnn_revised_20260919T110440Z,cnn_s1_06,val,Log-Mel CNN,0.3011821508407593,0.357628991206487
seg_009927,sample_03408,The girl just faded - Los Llamarada,1,0.9870883822441101,cnn_revised_20260919T110440Z,cnn_s1_06,val,Log-Mel CNN,0.3011821508407593,0.357628991206487
seg_009928,sample_03408,The girl just faded - Los Llamarada,1,0.9858306050300598,cnn_revised_20260919T110440Z,cnn_s1_06,val,Log-Mel CNN,0.3011821508407593,0.357628991206487
seg_009929,sample_03408,The girl just faded - Los Llamarada,1,0.7696288824081421,cnn_revised_20260919T110440Z,cnn_s1_06,val,Log-Mel CNN,0.3011821508407593,0.357628991206487
seg_009954,sample_03417,The Stairway - WarpToken,1,0.9700223803520203,cnn_revised_20260919T110440Z,cnn_s1_06,val,Log-Mel CNN,0.3011821508407593,0.357628991206487
seg_009955,sample_03417,The Stairway - WarpToken,1,0.968822181224823,cnn_revised_20260919T110440Z,cnn_s1_06,val,Log-Mel CNN,0.3011821508407593,0.357628991206487
seg_009956,sample_03417,The Stairway - WarpToken,1,0.8384551405906677,cnn_revised_20260919T110440Z,cnn_s1_06,val,Log-Mel CNN,0.3011821508407593,0.357628991206487
seg_009957,sample_03418,Three Bird - My brother Daniel,1,0.2025921642780304,cnn_revised_20260919T110440Z,cnn_s1_06,val,Log-Mel CNN,0.3011821508407593,0.357628991206487
seg_009958,sample_03418,Three Bird - My brother Daniel,1,0.6360951662063599,cnn_revised_20260919T110440Z,cnn_s1_06,val,Log-Mel CNN,0.3011821508407593,0.357628991206487
seg_009959,sample_03418,Three Bird - My brother Daniel,1,0.9415898323059082,cnn_revised_20260919T110440Z,cnn_s1_06,val,Log-Mel CNN,0.3011821508407593,0.357628991206487
seg_009960,sample_03419,Timen Passing By - Jason Shaw,1,0.9649645090103149,cnn_revised_20260919T110440Z,cnn_s1_06,val,Log-Mel CNN,0.3011821508407593,0.357628991206487
seg_009961,sample_03419,Timen Passing By - Jason Shaw,1,0.6875530481338501,cnn_revised_20260919T110440Z,cnn_s1_06,val,Log-Mel CNN,0.3011821508407593,0.357628991206487
seg_009962,sample_03419,Timen Passing By - Jason Shaw,1,0.9387823343276978,cnn_revised_20260919T110440Z,cnn_s1_06,val,Log-Mel CNN,0.3011821508407593,0.357628991206487
seg_009963,sample_03420,Time Is Love - Silence is full of birds,1,0.9828848838806152,cnn_revised_20260919T110440Z,cnn_s1_06,val,Log-Mel CNN,0.3011821508407593,0.357628991206487
seg_009964,sample_03420,Time Is Love - Silence is full of birds,1,0.9933846592903137,cnn_revised_20260919T110440Z,cnn_s1_06,val,Log-Mel CNN,0.3011821508407593,0.357628991206487
seg_009965,sample_03420,Time Is Love - Silence is full of birds,1,0.985977292060852,cnn_revised_20260919T110440Z,cnn_s1_06,val,Log-Mel CNN,0.3011821508407593,0.357628991206487
seg_009990,sample_03429,Understand That This Is A Dream - From the album Modulating Coil [RSVP008] - Forrest James,1,0.9932481050491333,cnn_revised_20260919T110440Z,cnn_s1_06,val,Log-Mel CNN,0.3011821508407593,0.357628991206487
seg_009991,sample_03429,Understand That This Is A Dream - From the album Modulating Coil [RSVP008] - Forrest James,1,0.973352313041687,cnn_revised_20260919T110440Z,cnn_s1_06,val,Log-Mel CNN,0.3011821508407593,0.357628991206487
seg_009992,sample_03429,Understand That This Is A Dream - From the album Modulating Coil [RSVP008] - Forrest James,1,0.5968334674835205,cnn_revised_20260919T110440Z,cnn_s1_06,val,Log-Mel CNN,0.3011821508407593,0.357628991206487
seg_010005,sample_03434,Voxel - Andy G. Cohen,1,0.36844685673713684,cnn_revised_20260919T110440Z,cnn_s1_06,val,Log-Mel CNN,0.3011821508407593,0.357628991206487
seg_010006,sample_03434,Voxel - Andy G. Cohen,1,0.9937024116516113,cnn_revised_20260919T110440Z,cnn_s1_06,val,Log-Mel CNN,0.3011821508407593,0.357628991206487
seg_010007,sample_03434,Voxel - Andy G. Cohen,1,0.9517955183982849,cnn_revised_20260919T110440Z,cnn_s1_06,val,Log-Mel CNN,0.3011821508407593,0.357628991206487
seg_010011,sample_03436,Westside Chillers - Little Glass Men,1,0.9931302666664124,cnn_revised_20260919T110440Z,cnn_s1_06,val,Log-Mel CNN,0.3011821508407593,0.357628991206487
seg_010012,sample_03436,Westside Chillers - Little Glass Men,1,0.3441159129142761,cnn_revised_20260919T110440Z,cnn_s1_06,val,Log-Mel CNN,0.3011821508407593,0.357628991206487
seg_010013,sample_03436,Westside Chillers - Little Glass Men,1,0.9201741218566895,cnn_revised_20260919T110440Z,cnn_s1_06,val,Log-Mel CNN,0.3011821508407593,0.357628991206487
seg_010065,sample_03454,Новый Нью-Йорк 2 - Чокнутый Пропеллер,1,0.9957951307296753,cnn_revised_20260919T110440Z,cnn_s1_06,val,Log-Mel CNN,0.3011821508407593,0.357628991206487
seg_010066,sample_03454,Новый Нью-Йорк 2 - Чокнутый Пропеллер,1,0.24339447915554047,cnn_revised_20260919T110440Z,cnn_s1_06,val,Log-Mel CNN,0.3011821508407593,0.357628991206487
seg_010067,sample_03454,Новый Нью-Йорк 2 - Чокнутый Пропеллер,1,0.46174710988998413,cnn_revised_20260919T110440Z,cnn_s1_06,val,Log-Mel CNN,0.3011821508407593,0.357628991206487
seg_010071,sample_03456,Windows of the Skull - Sarin,1,0.9915164709091187,cnn_revised_20260919T110440Z,cnn_s1_06,val,Log-Mel CNN,0.3011821508407593,0.357628991206487
seg_010072,sample_03456,Windows of the Skull - Sarin,1,0.9757646918296814,cnn_revised_20260919T110440Z,cnn_s1_06,val,Log-Mel CNN,0.3011821508407593,0.357628991206487
seg_010073,sample_03456,Windows of the Skull - Sarin,1,0.9709361791610718,cnn_revised_20260919T110440Z,cnn_s1_06,val,Log-Mel CNN,0.3011821508407593,0.357628991206487
