segment_id,track_id,original_audio_id,label,score,run_id,trial_id,split,model,segment_threshold,track_threshold
seg_000006,sample_00002,2 (Wasn't There) - Isle of Pine,0,0.02507159486413002,cnn_revised_20260919T110440Z,cnn_s1_02,val,Log-Mel CNN,0.1961877942085266,0.27336953828732174
seg_000007,sample_00002,2 (Wasn't There) - Isle of Pine,0,0.052729129791259766,cnn_revised_20260919T110440Z,cnn_s1_02,val,Log-Mel CNN,0.1961877942085266,0.27336953828732174
seg_000008,sample_00002,2 (Wasn't There) - Isle of Pine,0,0.025483861565589905,cnn_revised_20260919T110440Z,cnn_s1_02,val,Log-Mel CNN,0.1961877942085266,0.27336953828732174
seg_000039,sample_00013,Agora - Malaventura,0,0.09282743185758591,cnn_revised_20260919T110440Z,cnn_s1_02,val,Log-Mel CNN,0.1961877942085266,0.27336953828732174
seg_000040,sample_00013,Agora - Malaventura,0,0.14836280047893524,cnn_revised_20260919T110440Z,cnn_s1_02,val,Log-Mel CNN,0.1961877942085266,0.27336953828732174
seg_000041,sample_00013,Agora - Malaventura,0,0.18152078986167908,cnn_revised_20260919T110440Z,cnn_s1_02,val,Log-Mel CNN,0.1961877942085266,0.27336953828732174
seg_000081,sample_00027,Beyond Luxury - Mors Ontologica,0,0.0018330493476241827,cnn_revised_20260919T110440Z,cnn_s1_02,val,Log-Mel CNN,0.1961877942085266,0.27336953828732174
seg_000082,sample_00027,Beyond Luxury - Mors Ontologica,0,0.009797814302146435,cnn_revised_20260919T110440Z,cnn_s1_02,val,Log-Mel CNN,0.1961877942085266,0.27336953828732174
seg_000083,sample_00027,Beyond Luxury - Mors Ontologica,0,0.022910384461283684,cnn_revised_20260919T110440Z,cnn_s1_02,val,Log-Mel CNN,0.1961877942085266,0.27336953828732174
seg_000129,sample_00043,CopperNickle - UncleBibby,0,0.011600898578763008,cnn_revised_20260919T110440Z,cnn_s1_02,val,Log-Mel CNN,0.1961877942085266,0.27336953828732174
seg_000130,sample_00043,CopperNickle - UncleBibby,0,0.053736962378025055,cnn_revised_20260919T110440Z,cnn_s1_02,val,Log-Mel CNN,0.1961877942085266,0.27336953828732174
seg_000131,sample_00043,CopperNickle - UncleBibby,0,0.018927959725260735,cnn_revised_20260919T110440Z,cnn_s1_02,val,Log-Mel CNN,0.1961877942085266,0.27336953828732174
seg_000141,sample_00047,Daylight Savings - My brother Daniel,0,0.13631027936935425,cnn_revised_20260919T110440Z,cnn_s1_02,val,Log-Mel CNN,0.1961877942085266,0.27336953828732174
seg_000142,sample_00047,Daylight Savings - My brother Daniel,0,0.19177834689617157,cnn_revised_20260919T110440Z,cnn_s1_02,val,Log-Mel CNN,0.1961877942085266,0.27336953828732174
seg_000143,sample_00047,Daylight Savings - My brother Daniel,0,0.17152376472949982,cnn_revised_20260919T110440Z,cnn_s1_02,val,Log-Mel CNN,0.1961877942085266,0.27336953828732174
seg_000177,sample_00059,Empty Pockets - Pete Prodoehl,0,0.016031276434659958,cnn_revised_20260919T110440Z,cnn_s1_02,val,Log-Mel CNN,0.1961877942085266,0.27336953828732174
seg_000178,sample_00059,Empty Pockets - Pete Prodoehl,0,0.1032853052020073,cnn_revised_20260919T110440Z,cnn_s1_02,val,Log-Mel CNN,0.1961877942085266,0.27336953828732174
seg_000179,sample_00059,Empty Pockets - Pete Prodoehl,0,0.14338648319244385,cnn_revised_20260919T110440Z,cnn_s1_02,val,Log-Mel CNN,0.1961877942085266,0.27336953828732174
seg_000195,sample_00065,Evil Cannot Create - Caleb Lemond,0,0.25539666414260864,cnn_revised_20260919T110440Z,cnn_s1_02,val,Log-Mel CNN,0.1961877942085266,0.27336953828732174
seg_000196,sample_00065,Evil Cannot Create - Caleb Lemond,0,0.7613664865493774,cnn_revised_20260919T110440Z,cnn_s1_02,val,Log-Mel CNN,0.1961877942085266,0.27336953828732174
seg_000197,sample_00065,Evil Cannot Create - Caleb Lemond,0,0.4679371416568756,cnn_revised_20260919T110440Z,cnn_s1_02,val,Log-Mel CNN,0.1961877942085266,0.27336953828732174
seg_000201,sample_00067,Fear - Los Fancy Free,0,0.002181199612095952,cnn_revised_20260919T110440Z,cnn_s1_02,val,Log-Mel CNN,0.1961877942085266,0.27336953828732174
seg_000202,sample_00067,Fear - Los Fancy Free,0,0.009312167763710022,cnn_revised_20260919T110440Z,cnn_s1_02,val,Log-Mel CNN,0.1961877942085266,0.27336953828732174
seg_000203,sample_00067,Fear - Los Fancy Free,0,0.018013201653957367,cnn_revised_20260919T110440Z,cnn_s1_02,val,Log-Mel CNN,0.1961877942085266,0.27336953828732174
seg_000204,sample_00068,Fifth Ramble - From the album Keith [RSVP007] - My brother Daniel,0,0.9569613337516785,cnn_revised_20260919T110440Z,cnn_s1_02,val,Log-Mel CNN,0.1961877942085266,0.27336953828732174
seg_000205,sample_00068,Fifth Ramble - From the album Keith [RSVP007] - My brother Daniel,0,0.9526471495628357,cnn_revised_20260919T110440Z,cnn_s1_02,val,Log-Mel CNN,0.1961877942085266,0.27336953828732174
seg_000206,sample_00068,Fifth Ramble - From the album Keith [RSVP007] - My brother Daniel,0,0.9213405847549438,cnn_revised_20260919T110440Z,cnn_s1_02,val,Log-Mel CNN,0.1961877942085266,0.27336953828732174
seg_000240,sample_00080,Gila Monster Flop/Music History Lesson:The Sonics - The Crypts!,0,0.020248450338840485,cnn_revised_20260919T110440Z,cnn_s1_02,val,Log-Mel CNN,0.1961877942085266,0.27336953828732174
seg_000241,sample_00080,Gila Monster Flop/Music History Lesson:The Sonics - The Crypts!,0,0.008366934955120087,cnn_revised_20260919T110440Z,cnn_s1_02,val,Log-Mel CNN,0.1961877942085266,0.27336953828732174
seg_000242,sample_00080,Gila Monster Flop/Music History Lesson:The Sonics - The Crypts!,0,0.008599454537034035,cnn_revised_20260919T110440Z,cnn_s1_02,val,Log-Mel CNN,0.1961877942085266,0.27336953828732174
seg_000285,sample_00095,I Fell - Mod Fun,0,0.003944968339055777,cnn_revised_20260919T110440Z,cnn_s1_02,val,Log-Mel CNN,0.1961877942085266,0.27336953828732174
seg_000286,sample_00095,I Fell - Mod Fun,0,0.006613240111619234,cnn_revised_20260919T110440Z,cnn_s1_02,val,Log-Mel CNN,0.1961877942085266,0.27336953828732174
seg_000287,sample_00095,I Fell - Mod Fun,0,0.007921694777905941,cnn_revised_20260919T110440Z,cnn_s1_02,val,Log-Mel CNN,0.1961877942085266,0.27336953828732174
seg_000297,sample_00099,If You're Ther - Nicola Ratti,0,0.14477461576461792,cnn_revised_20260919T110440Z,cnn_s1_02,val,Log-Mel CNN,0.1961877942085266,0.27336953828732174
seg_000298,sample_00099,If You're Ther - Nicola Ratti,0,0.02103819139301777,cnn_revised_20260919T110440Z,cnn_s1_02,val,Log-Mel CNN,0.1961877942085266,0.27336953828732174
seg_000299,sample_00099,If You're Ther - Nicola Ratti,0,0.00997746828943491,cnn_revised_20260919T110440Z,cnn_s1_02,val,Log-Mel CNN,0.1961877942085266,0.27336953828732174
seg_000342,sample_00114,Kumorizoranohajimarutokoro - Hosomi,0,0.03520863503217697,cnn_revised_20260919T110440Z,cnn_s1_02,val,Log-Mel CNN,0.1961877942085266,0.27336953828732174
seg_000343,sample_00114,Kumorizoranohajimarutokoro - Hosomi,0,0.06766436249017715,cnn_revised_20260919T110440Z,cnn_s1_02,val,Log-Mel CNN,0.1961877942085266,0.27336953828732174
seg_000344,sample_00114,Kumorizoranohajimarutokoro - Hosomi,0,0.0758306235074997,cnn_revised_20260919T110440Z,cnn_s1_02,val,Log-Mel CNN,0.1961877942085266,0.27336953828732174
seg_000384,sample_00128,Lights Up - Pipe Choir,0,0.03830845281481743,cnn_revised_20260919T110440Z,cnn_s1_02,val,Log-Mel CNN,0.1961877942085266,0.27336953828732174
seg_000385,sample_00128,Lights Up - Pipe Choir,0,0.18062984943389893,cnn_revised_20260919T110440Z,cnn_s1_02,val,Log-Mel CNN,0.1961877942085266,0.27336953828732174
seg_000386,sample_00128,Lights Up - Pipe Choir,0,0.08403012901544571,cnn_revised_20260919T110440Z,cnn_s1_02,val,Log-Mel CNN,0.1961877942085266,0.27336953828732174
seg_000399,sample_00133,Loved Ones - Rowan Box,0,0.007974347099661827,cnn_revised_20260919T110440Z,cnn_s1_02,val,Log-Mel CNN,0.1961877942085266,0.27336953828732174
seg_000400,sample_00133,Loved Ones - Rowan Box,0,0.013822709210216999,cnn_revised_20260919T110440Z,cnn_s1_02,val,Log-Mel CNN,0.1961877942085266,0.27336953828732174
seg_000401,sample_00133,Loved Ones - Rowan Box,0,0.010763563215732574,cnn_revised_20260919T110440Z,cnn_s1_02,val,Log-Mel CNN,0.1961877942085266,0.27336953828732174
seg_000408,sample_00136,March of the GPA Mechanics - [t]ghost,0,0.025955403223633766,cnn_revised_20260919T110440Z,cnn_s1_02,val,Log-Mel CNN,0.1961877942085266,0.27336953828732174
seg_000409,sample_00136,March of the GPA Mechanics - [t]ghost,0,0.08441775292158127,cnn_revised_20260919T110440Z,cnn_s1_02,val,Log-Mel CNN,0.1961877942085266,0.27336953828732174
seg_000410,sample_00136,March of the GPA Mechanics - [t]ghost,0,0.0289040207862854,cnn_revised_20260919T110440Z,cnn_s1_02,val,Log-Mel CNN,0.1961877942085266,0.27336953828732174
seg_000426,sample_00142,Morning Bell - Nihilore,0,0.1540500968694687,cnn_revised_20260919T110440Z,cnn_s1_02,val,Log-Mel CNN,0.1961877942085266,0.27336953828732174
seg_000427,sample_00142,Morning Bell - Nihilore,0,0.3574207127094269,cnn_revised_20260919T110440Z,cnn_s1_02,val,Log-Mel CNN,0.1961877942085266,0.27336953828732174
seg_000428,sample_00142,Morning Bell - Nihilore,0,0.10711515694856644,cnn_revised_20260919T110440Z,cnn_s1_02,val,Log-Mel CNN,0.1961877942085266,0.27336953828732174
seg_000441,sample_00147,My Body Is A Weapon (Compromise Edit) - Silence is full of birds,0,0.08034760504961014,cnn_revised_20260919T110440Z,cnn_s1_02,val,Log-Mel CNN,0.1961877942085266,0.27336953828732174
seg_000442,sample_00147,My Body Is A Weapon (Compromise Edit) - Silence is full of birds,0,0.06033403053879738,cnn_revised_20260919T110440Z,cnn_s1_02,val,Log-Mel CNN,0.1961877942085266,0.27336953828732174
seg_000443,sample_00147,My Body Is A Weapon (Compromise Edit) - Silence is full of birds,0,0.06290587782859802,cnn_revised_20260919T110440Z,cnn_s1_02,val,Log-Mel CNN,0.1961877942085266,0.27336953828732174
seg_000453,sample_00151,New Life (take 1) - Bird Names,0,0.002569478238001466,cnn_revised_20260919T110440Z,cnn_s1_02,val,Log-Mel CNN,0.1961877942085266,0.27336953828732174
seg_000454,sample_00151,New Life (take 1) - Bird Names,0,0.004334182478487492,cnn_revised_20260919T110440Z,cnn_s1_02,val,Log-Mel CNN,0.1961877942085266,0.27336953828732174
seg_000455,sample_00151,New Life (take 1) - Bird Names,0,0.006983833387494087,cnn_revised_20260919T110440Z,cnn_s1_02,val,Log-Mel CNN,0.1961877942085266,0.27336953828732174
seg_000459,sample_00153,Night Drive - Decktonic,0,0.0004632839991245419,cnn_revised_20260919T110440Z,cnn_s1_02,val,Log-Mel CNN,0.1961877942085266,0.27336953828732174
seg_000460,sample_00153,Night Drive - Decktonic,0,0.014043744653463364,cnn_revised_20260919T110440Z,cnn_s1_02,val,Log-Mel CNN,0.1961877942085266,0.27336953828732174
seg_000461,sample_00153,Night Drive - Decktonic,0,0.09461448341608047,cnn_revised_20260919T110440Z,cnn_s1_02,val,Log-Mel CNN,0.1961877942085266,0.27336953828732174
seg_000468,sample_00156,Norweigian Wood II - Bird Names,0,0.0017906584544107318,cnn_revised_20260919T110440Z,cnn_s1_02,val,Log-Mel CNN,0.1961877942085266,0.27336953828732174
seg_000469,sample_00156,Norweigian Wood II - Bird Names,0,0.008199702017009258,cnn_revised_20260919T110440Z,cnn_s1_02,val,Log-Mel CNN,0.1961877942085266,0.27336953828732174
seg_000470,sample_00156,Norweigian Wood II - Bird Names,0,0.015250589698553085,cnn_revised_20260919T110440Z,cnn_s1_02,val,Log-Mel CNN,0.1961877942085266,0.27336953828732174
seg_000480,sample_00160,Nuo Maisemat - Paavoharju,0,0.041141025722026825,cnn_revised_20260919T110440Z,cnn_s1_02,val,Log-Mel CNN,0.1961877942085266,0.27336953828732174
seg_000481,sample_00160,Nuo Maisemat - Paavoharju,0,0.044170595705509186,cnn_revised_20260919T110440Z,cnn_s1_02,val,Log-Mel CNN,0.1961877942085266,0.27336953828732174
seg_000482,sample_00160,Nuo Maisemat - Paavoharju,0,0.06046208366751671,cnn_revised_20260919T110440Z,cnn_s1_02,val,Log-Mel CNN,0.1961877942085266,0.27336953828732174
seg_000537,sample_00179,Redlight - Room For A Ghost,0,0.008140320889651775,cnn_revised_20260919T110440Z,cnn_s1_02,val,Log-Mel CNN,0.1961877942085266,0.27336953828732174
seg_000538,sample_00179,Redlight - Room For A Ghost,0,0.1747691035270691,cnn_revised_20260919T110440Z,cnn_s1_02,val,Log-Mel CNN,0.1961877942085266,0.27336953828732174
seg_000539,sample_00179,Redlight - Room For A Ghost,0,0.2683393955230713,cnn_revised_20260919T110440Z,cnn_s1_02,val,Log-Mel CNN,0.1961877942085266,0.27336953828732174
seg_000555,sample_00185,Roller Star - Monroeville Music Center,0,0.01360029261559248,cnn_revised_20260919T110440Z,cnn_s1_02,val,Log-Mel CNN,0.1961877942085266,0.27336953828732174
seg_000556,sample_00185,Roller Star - Monroeville Music Center,0,0.03314746543765068,cnn_revised_20260919T110440Z,cnn_s1_02,val,Log-Mel CNN,0.1961877942085266,0.27336953828732174
seg_000557,sample_00185,Roller Star - Monroeville Music Center,0,0.05401774123311043,cnn_revised_20260919T110440Z,cnn_s1_02,val,Log-Mel CNN,0.1961877942085266,0.27336953828732174
seg_000561,sample_00187,"Roundtrip - Oh Yeah, the Future",0,0.005608969833701849,cnn_revised_20260919T110440Z,cnn_s1_02,val,Log-Mel CNN,0.1961877942085266,0.27336953828732174
seg_000562,sample_00187,"Roundtrip - Oh Yeah, the Future",0,0.00946993287652731,cnn_revised_20260919T110440Z,cnn_s1_02,val,Log-Mel CNN,0.1961877942085266,0.27336953828732174
seg_000563,sample_00187,"Roundtrip - Oh Yeah, the Future",0,0.02136654034256935,cnn_revised_20260919T110440Z,cnn_s1_02,val,Log-Mel CNN,0.1961877942085266,0.27336953828732174
seg_000570,sample_00190,SD (Ill Mix) - H-LR,0,0.026776790618896484,cnn_revised_20260919T110440Z,cnn_s1_02,val,Log-Mel CNN,0.1961877942085266,0.27336953828732174
seg_000571,sample_00190,SD (Ill Mix) - H-LR,0,0.11798020452260971,cnn_revised_20260919T110440Z,cnn_s1_02,val,Log-Mel CNN,0.1961877942085266,0.27336953828732174
seg_000572,sample_00190,SD (Ill Mix) - H-LR,0,0.0048561058938503265,cnn_revised_20260919T110440Z,cnn_s1_02,val,Log-Mel CNN,0.1961877942085266,0.27336953828732174
seg_000576,sample_00192,Scramby Eggs - Andy G. Cohen,0,0.012983975932002068,cnn_revised_20260919T110440Z,cnn_s1_02,val,Log-Mel CNN,0.1961877942085266,0.27336953828732174
seg_000577,sample_00192,Scramby Eggs - Andy G. Cohen,0,0.016800975427031517,cnn_revised_20260919T110440Z,cnn_s1_02,val,Log-Mel CNN,0.1961877942085266,0.27336953828732174
seg_000578,sample_00192,Scramby Eggs - Andy G. Cohen,0,0.013602467253804207,cnn_revised_20260919T110440Z,cnn_s1_02,val,Log-Mel CNN,0.1961877942085266,0.27336953828732174
seg_000600,sample_00200,Shipwrecked Crew - Pete Prodoehl,0,0.26312917470932007,cnn_revised_20260919T110440Z,cnn_s1_02,val,Log-Mel CNN,0.1961877942085266,0.27336953828732174
seg_000601,sample_00200,Shipwrecked Crew - Pete Prodoehl,0,0.4899551272392273,cnn_revised_20260919T110440Z,cnn_s1_02,val,Log-Mel CNN,0.1961877942085266,0.27336953828732174
seg_000602,sample_00200,Shipwrecked Crew - Pete Prodoehl,0,0.5177839994430542,cnn_revised_20260919T110440Z,cnn_s1_02,val,Log-Mel CNN,0.1961877942085266,0.27336953828732174
seg_000615,sample_00205,Soleares&beats - Malaventura,0,0.1680564135313034,cnn_revised_20260919T110440Z,cnn_s1_02,val,Log-Mel CNN,0.1961877942085266,0.27336953828732174
seg_000616,sample_00205,Soleares&beats - Malaventura,0,0.16459545493125916,cnn_revised_20260919T110440Z,cnn_s1_02,val,Log-Mel CNN,0.1961877942085266,0.27336953828732174
seg_000617,sample_00205,Soleares&beats - Malaventura,0,0.2872157096862793,cnn_revised_20260919T110440Z,cnn_s1_02,val,Log-Mel CNN,0.1961877942085266,0.27336953828732174
seg_000633,sample_00211,Stockholm Syndrome / People Should Be More Aware - Bird Names,0,0.0037148369010537863,cnn_revised_20260919T110440Z,cnn_s1_02,val,Log-Mel CNN,0.1961877942085266,0.27336953828732174
seg_000634,sample_00211,Stockholm Syndrome / People Should Be More Aware - Bird Names,0,0.027351506054401398,cnn_revised_20260919T110440Z,cnn_s1_02,val,Log-Mel CNN,0.1961877942085266,0.27336953828732174
seg_000635,sample_00211,Stockholm Syndrome / People Should Be More Aware - Bird Names,0,0.0070591941475868225,cnn_revised_20260919T110440Z,cnn_s1_02,val,Log-Mel CNN,0.1961877942085266,0.27336953828732174
seg_000645,sample_00215,Sturgeon's Law - Nihilore,0,0.027488727122545242,cnn_revised_20260919T110440Z,cnn_s1_02,val,Log-Mel CNN,0.1961877942085266,0.27336953828732174
seg_000646,sample_00215,Sturgeon's Law - Nihilore,0,0.14778852462768555,cnn_revised_20260919T110440Z,cnn_s1_02,val,Log-Mel CNN,0.1961877942085266,0.27336953828732174
seg_000647,sample_00215,Sturgeon's Law - Nihilore,0,0.1444128155708313,cnn_revised_20260919T110440Z,cnn_s1_02,val,Log-Mel CNN,0.1961877942085266,0.27336953828732174
seg_000726,sample_00242,The Stairway - WarpToken,0,0.016597792506217957,cnn_revised_20260919T110440Z,cnn_s1_02,val,Log-Mel CNN,0.1961877942085266,0.27336953828732174
seg_000727,sample_00242,The Stairway - WarpToken,0,0.1961877942085266,cnn_revised_20260919T110440Z,cnn_s1_02,val,Log-Mel CNN,0.1961877942085266,0.27336953828732174
seg_000728,sample_00242,The Stairway - WarpToken,0,0.05052333325147629,cnn_revised_20260919T110440Z,cnn_s1_02,val,Log-Mel CNN,0.1961877942085266,0.27336953828732174
seg_000729,sample_00243,The girl just faded - Los Llamarada,0,0.0025953170843422413,cnn_revised_20260919T110440Z,cnn_s1_02,val,Log-Mel CNN,0.1961877942085266,0.27336953828732174
seg_000730,sample_00243,The girl just faded - Los Llamarada,0,0.013484485447406769,cnn_revised_20260919T110440Z,cnn_s1_02,val,Log-Mel CNN,0.1961877942085266,0.27336953828732174
seg_000731,sample_00243,The girl just faded - Los Llamarada,0,0.00967729277908802,cnn_revised_20260919T110440Z,cnn_s1_02,val,Log-Mel CNN,0.1961877942085266,0.27336953828732174
seg_000735,sample_00245,Three Bird - My brother Daniel,0,0.059010181576013565,cnn_revised_20260919T110440Z,cnn_s1_02,val,Log-Mel CNN,0.1961877942085266,0.27336953828732174
seg_000736,sample_00245,Three Bird - My brother Daniel,0,0.04900280758738518,cnn_revised_20260919T110440Z,cnn_s1_02,val,Log-Mel CNN,0.1961877942085266,0.27336953828732174
seg_000737,sample_00245,Three Bird - My brother Daniel,0,0.0886012390255928,cnn_revised_20260919T110440Z,cnn_s1_02,val,Log-Mel CNN,0.1961877942085266,0.27336953828732174
seg_000738,sample_00246,Time Is Love - Silence is full of birds,0,0.029091987758874893,cnn_revised_20260919T110440Z,cnn_s1_02,val,Log-Mel CNN,0.1961877942085266,0.27336953828732174
seg_000739,sample_00246,Time Is Love - Silence is full of birds,0,0.04344390705227852,cnn_revised_20260919T110440Z,cnn_s1_02,val,Log-Mel CNN,0.1961877942085266,0.27336953828732174
seg_000740,sample_00246,Time Is Love - Silence is full of birds,0,0.04432309418916702,cnn_revised_20260919T110440Z,cnn_s1_02,val,Log-Mel CNN,0.1961877942085266,0.27336953828732174
seg_000744,sample_00248,Timen Passing By - Jason Shaw,0,0.0534791424870491,cnn_revised_20260919T110440Z,cnn_s1_02,val,Log-Mel CNN,0.1961877942085266,0.27336953828732174
seg_000745,sample_00248,Timen Passing By - Jason Shaw,0,0.04691050201654434,cnn_revised_20260919T110440Z,cnn_s1_02,val,Log-Mel CNN,0.1961877942085266,0.27336953828732174
seg_000746,sample_00248,Timen Passing By - Jason Shaw,0,0.030195090919733047,cnn_revised_20260919T110440Z,cnn_s1_02,val,Log-Mel CNN,0.1961877942085266,0.27336953828732174
seg_000765,sample_00255,Understand That This Is A Dream - From the album Modulating Coil [RSVP008] - Forrest James,0,0.025695746764540672,cnn_revised_20260919T110440Z,cnn_s1_02,val,Log-Mel CNN,0.1961877942085266,0.27336953828732174
seg_000766,sample_00255,Understand That This Is A Dream - From the album Modulating Coil [RSVP008] - Forrest James,0,0.013764647766947746,cnn_revised_20260919T110440Z,cnn_s1_02,val,Log-Mel CNN,0.1961877942085266,0.27336953828732174
seg_000767,sample_00255,Understand That This Is A Dream - From the album Modulating Coil [RSVP008] - Forrest James,0,0.053725715726614,cnn_revised_20260919T110440Z,cnn_s1_02,val,Log-Mel CNN,0.1961877942085266,0.27336953828732174
seg_000783,sample_00261,Voxel - Andy G. Cohen,0,0.01166618149727583,cnn_revised_20260919T110440Z,cnn_s1_02,val,Log-Mel CNN,0.1961877942085266,0.27336953828732174
seg_000784,sample_00261,Voxel - Andy G. Cohen,0,0.042111657559871674,cnn_revised_20260919T110440Z,cnn_s1_02,val,Log-Mel CNN,0.1961877942085266,0.27336953828732174
seg_000785,sample_00261,Voxel - Andy G. Cohen,0,0.03860272839665413,cnn_revised_20260919T110440Z,cnn_s1_02,val,Log-Mel CNN,0.1961877942085266,0.27336953828732174
seg_000801,sample_00267,Westside Chillers - Little Glass Men,0,0.10801371932029724,cnn_revised_20260919T110440Z,cnn_s1_02,val,Log-Mel CNN,0.1961877942085266,0.27336953828732174
seg_000802,sample_00267,Westside Chillers - Little Glass Men,0,0.13495740294456482,cnn_revised_20260919T110440Z,cnn_s1_02,val,Log-Mel CNN,0.1961877942085266,0.27336953828732174
seg_000803,sample_00267,Westside Chillers - Little Glass Men,0,0.025837503373622894,cnn_revised_20260919T110440Z,cnn_s1_02,val,Log-Mel CNN,0.1961877942085266,0.27336953828732174
seg_000819,sample_00273,Windows of the Skull - Sarin,0,0.010995681397616863,cnn_revised_20260919T110440Z,cnn_s1_02,val,Log-Mel CNN,0.1961877942085266,0.27336953828732174
seg_000820,sample_00273,Windows of the Skull - Sarin,0,0.04101487249135971,cnn_revised_20260919T110440Z,cnn_s1_02,val,Log-Mel CNN,0.1961877942085266,0.27336953828732174
seg_000821,sample_00273,Windows of the Skull - Sarin,0,0.017469774931669235,cnn_revised_20260919T110440Z,cnn_s1_02,val,Log-Mel CNN,0.1961877942085266,0.27336953828732174
seg_000858,sample_00286,mystery team 2090 - Jesse Futerman,0,0.10048280656337738,cnn_revised_20260919T110440Z,cnn_s1_02,val,Log-Mel CNN,0.1961877942085266,0.27336953828732174
seg_000859,sample_00286,mystery team 2090 - Jesse Futerman,0,0.08188019692897797,cnn_revised_20260919T110440Z,cnn_s1_02,val,Log-Mel CNN,0.1961877942085266,0.27336953828732174
seg_000860,sample_00286,mystery team 2090 - Jesse Futerman,0,0.1280275583267212,cnn_revised_20260919T110440Z,cnn_s1_02,val,Log-Mel CNN,0.1961877942085266,0.27336953828732174
seg_000870,sample_00290,some dextromethorphan - Jeva,0,0.018934419378638268,cnn_revised_20260919T110440Z,cnn_s1_02,val,Log-Mel CNN,0.1961877942085266,0.27336953828732174
seg_000871,sample_00290,some dextromethorphan - Jeva,0,0.02500845678150654,cnn_revised_20260919T110440Z,cnn_s1_02,val,Log-Mel CNN,0.1961877942085266,0.27336953828732174
seg_000872,sample_00290,some dextromethorphan - Jeva,0,0.023322148248553276,cnn_revised_20260919T110440Z,cnn_s1_02,val,Log-Mel CNN,0.1961877942085266,0.27336953828732174
seg_000876,sample_00292,В Наших Сердцах - Чокнутый Пропеллер,0,0.22025427222251892,cnn_revised_20260919T110440Z,cnn_s1_02,val,Log-Mel CNN,0.1961877942085266,0.27336953828732174
seg_000877,sample_00292,В Наших Сердцах - Чокнутый Пропеллер,0,0.19656459987163544,cnn_revised_20260919T110440Z,cnn_s1_02,val,Log-Mel CNN,0.1961877942085266,0.27336953828732174
seg_000878,sample_00292,В Наших Сердцах - Чокнутый Пропеллер,0,0.3991873562335968,cnn_revised_20260919T110440Z,cnn_s1_02,val,Log-Mel CNN,0.1961877942085266,0.27336953828732174
seg_000885,sample_00295,Новый Нью-Йорк 2 - Чокнутый Пропеллер,0,0.1568160057067871,cnn_revised_20260919T110440Z,cnn_s1_02,val,Log-Mel CNN,0.1961877942085266,0.27336953828732174
seg_000886,sample_00295,Новый Нью-Йорк 2 - Чокнутый Пропеллер,0,0.15299592912197113,cnn_revised_20260919T110440Z,cnn_s1_02,val,Log-Mel CNN,0.1961877942085266,0.27336953828732174
seg_000887,sample_00295,Новый Нью-Йорк 2 - Чокнутый Пропеллер,0,0.1923709362745285,cnn_revised_20260919T110440Z,cnn_s1_02,val,Log-Mel CNN,0.1961877942085266,0.27336953828732174
seg_000897,sample_00299,2 (Wasn't There) - Isle of Pine,1,0.5765129923820496,cnn_revised_20260919T110440Z,cnn_s1_02,val,Log-Mel CNN,0.1961877942085266,0.27336953828732174
seg_000898,sample_00299,2 (Wasn't There) - Isle of Pine,1,0.4186996817588806,cnn_revised_20260919T110440Z,cnn_s1_02,val,Log-Mel CNN,0.1961877942085266,0.27336953828732174
seg_000899,sample_00299,2 (Wasn't There) - Isle of Pine,1,0.8069797158241272,cnn_revised_20260919T110440Z,cnn_s1_02,val,Log-Mel CNN,0.1961877942085266,0.27336953828732174
seg_000918,sample_00306,Agora - Malaventura,1,0.7341927886009216,cnn_revised_20260919T110440Z,cnn_s1_02,val,Log-Mel CNN,0.1961877942085266,0.27336953828732174
seg_000919,sample_00306,Agora - Malaventura,1,0.8020417094230652,cnn_revised_20260919T110440Z,cnn_s1_02,val,Log-Mel CNN,0.1961877942085266,0.27336953828732174
seg_000920,sample_00306,Agora - Malaventura,1,0.8520315885543823,cnn_revised_20260919T110440Z,cnn_s1_02,val,Log-Mel CNN,0.1961877942085266,0.27336953828732174
seg_000969,sample_00323,Beyond Luxury - Mors Ontologica,1,0.5149635672569275,cnn_revised_20260919T110440Z,cnn_s1_02,val,Log-Mel CNN,0.1961877942085266,0.27336953828732174
seg_000970,sample_00323,Beyond Luxury - Mors Ontologica,1,0.5140346884727478,cnn_revised_20260919T110440Z,cnn_s1_02,val,Log-Mel CNN,0.1961877942085266,0.27336953828732174
seg_000971,sample_00323,Beyond Luxury - Mors Ontologica,1,0.7972586750984192,cnn_revised_20260919T110440Z,cnn_s1_02,val,Log-Mel CNN,0.1961877942085266,0.27336953828732174
seg_001014,sample_00338,CopperNickle - UncleBibby,1,0.3658735454082489,cnn_revised_20260919T110440Z,cnn_s1_02,val,Log-Mel CNN,0.1961877942085266,0.27336953828732174
seg_001015,sample_00338,CopperNickle - UncleBibby,1,0.34619882702827454,cnn_revised_20260919T110440Z,cnn_s1_02,val,Log-Mel CNN,0.1961877942085266,0.27336953828732174
seg_001016,sample_00338,CopperNickle - UncleBibby,1,0.3376970887184143,cnn_revised_20260919T110440Z,cnn_s1_02,val,Log-Mel CNN,0.1961877942085266,0.27336953828732174
seg_001029,sample_00343,Daylight Savings - My brother Daniel,1,0.4185434579849243,cnn_revised_20260919T110440Z,cnn_s1_02,val,Log-Mel CNN,0.1961877942085266,0.27336953828732174
seg_001030,sample_00343,Daylight Savings - My brother Daniel,1,0.18363209068775177,cnn_revised_20260919T110440Z,cnn_s1_02,val,Log-Mel CNN,0.1961877942085266,0.27336953828732174
seg_001031,sample_00343,Daylight Savings - My brother Daniel,1,0.9013587832450867,cnn_revised_20260919T110440Z,cnn_s1_02,val,Log-Mel CNN,0.1961877942085266,0.27336953828732174
seg_001065,sample_00355,Empty Pockets - Pete Prodoehl,1,0.6828750371932983,cnn_revised_20260919T110440Z,cnn_s1_02,val,Log-Mel CNN,0.1961877942085266,0.27336953828732174
seg_001066,sample_00355,Empty Pockets - Pete Prodoehl,1,0.809349775314331,cnn_revised_20260919T110440Z,cnn_s1_02,val,Log-Mel CNN,0.1961877942085266,0.27336953828732174
seg_001067,sample_00355,Empty Pockets - Pete Prodoehl,1,0.7164587378501892,cnn_revised_20260919T110440Z,cnn_s1_02,val,Log-Mel CNN,0.1961877942085266,0.27336953828732174
seg_001083,sample_00361,Evil Cannot Create - Caleb Lemond,1,0.7600530385971069,cnn_revised_20260919T110440Z,cnn_s1_02,val,Log-Mel CNN,0.1961877942085266,0.27336953828732174
seg_001084,sample_00361,Evil Cannot Create - Caleb Lemond,1,0.7718900442123413,cnn_revised_20260919T110440Z,cnn_s1_02,val,Log-Mel CNN,0.1961877942085266,0.27336953828732174
seg_001085,sample_00361,Evil Cannot Create - Caleb Lemond,1,0.8921410441398621,cnn_revised_20260919T110440Z,cnn_s1_02,val,Log-Mel CNN,0.1961877942085266,0.27336953828732174
seg_001089,sample_00363,Fear - Los Fancy Free,1,0.12790022790431976,cnn_revised_20260919T110440Z,cnn_s1_02,val,Log-Mel CNN,0.1961877942085266,0.27336953828732174
seg_001090,sample_00363,Fear - Los Fancy Free,1,0.12086334079504013,cnn_revised_20260919T110440Z,cnn_s1_02,val,Log-Mel CNN,0.1961877942085266,0.27336953828732174
seg_001091,sample_00363,Fear - Los Fancy Free,1,0.5891454815864563,cnn_revised_20260919T110440Z,cnn_s1_02,val,Log-Mel CNN,0.1961877942085266,0.27336953828732174
seg_001092,sample_00364,Fifth Ramble - From the album Keith [RSVP007] - My brother Daniel,1,0.3230495750904083,cnn_revised_20260919T110440Z,cnn_s1_02,val,Log-Mel CNN,0.1961877942085266,0.27336953828732174
seg_001093,sample_00364,Fifth Ramble - From the album Keith [RSVP007] - My brother Daniel,1,0.1250043511390686,cnn_revised_20260919T110440Z,cnn_s1_02,val,Log-Mel CNN,0.1961877942085266,0.27336953828732174
seg_001094,sample_00364,Fifth Ramble - From the album Keith [RSVP007] - My brother Daniel,1,0.8544914126396179,cnn_revised_20260919T110440Z,cnn_s1_02,val,Log-Mel CNN,0.1961877942085266,0.27336953828732174
seg_001128,sample_00376,Gila Monster Flop/Music History Lesson:The Sonics - The Crypts!,1,0.21250909566879272,cnn_revised_20260919T110440Z,cnn_s1_02,val,Log-Mel CNN,0.1961877942085266,0.27336953828732174
seg_001129,sample_00376,Gila Monster Flop/Music History Lesson:The Sonics - The Crypts!,1,0.06968113780021667,cnn_revised_20260919T110440Z,cnn_s1_02,val,Log-Mel CNN,0.1961877942085266,0.27336953828732174
seg_001130,sample_00376,Gila Monster Flop/Music History Lesson:The Sonics - The Crypts!,1,0.0187678225338459,cnn_revised_20260919T110440Z,cnn_s1_02,val,Log-Mel CNN,0.1961877942085266,0.27336953828732174
seg_001161,sample_00387,If You're Ther - Nicola Ratti,1,0.6830316781997681,cnn_revised_20260919T110440Z,cnn_s1_02,val,Log-Mel CNN,0.1961877942085266,0.27336953828732174
seg_001162,sample_00387,If You're Ther - Nicola Ratti,1,0.7715715765953064,cnn_revised_20260919T110440Z,cnn_s1_02,val,Log-Mel CNN,0.1961877942085266,0.27336953828732174
seg_001163,sample_00387,If You're Ther - Nicola Ratti,1,0.8883877992630005,cnn_revised_20260919T110440Z,cnn_s1_02,val,Log-Mel CNN,0.1961877942085266,0.27336953828732174
seg_001191,sample_00397,I Fell - Mod Fun,1,0.8682287335395813,cnn_revised_20260919T110440Z,cnn_s1_02,val,Log-Mel CNN,0.1961877942085266,0.27336953828732174
seg_001192,sample_00397,I Fell - Mod Fun,1,0.8973926901817322,cnn_revised_20260919T110440Z,cnn_s1_02,val,Log-Mel CNN,0.1961877942085266,0.27336953828732174
seg_001193,sample_00397,I Fell - Mod Fun,1,0.8774788975715637,cnn_revised_20260919T110440Z,cnn_s1_02,val,Log-Mel CNN,0.1961877942085266,0.27336953828732174
seg_001239,sample_00413,Kumorizoranohajimarutokoro - Hosomi,1,0.8573096990585327,cnn_revised_20260919T110440Z,cnn_s1_02,val,Log-Mel CNN,0.1961877942085266,0.27336953828732174
seg_001240,sample_00413,Kumorizoranohajimarutokoro - Hosomi,1,0.5305701494216919,cnn_revised_20260919T110440Z,cnn_s1_02,val,Log-Mel CNN,0.1961877942085266,0.27336953828732174
seg_001241,sample_00413,Kumorizoranohajimarutokoro - Hosomi,1,0.6248074173927307,cnn_revised_20260919T110440Z,cnn_s1_02,val,Log-Mel CNN,0.1961877942085266,0.27336953828732174
seg_001275,sample_00425,Lights Up - Pipe Choir,1,0.5061433911323547,cnn_revised_20260919T110440Z,cnn_s1_02,val,Log-Mel CNN,0.1961877942085266,0.27336953828732174
seg_001276,sample_00425,Lights Up - Pipe Choir,1,0.0072762672789394855,cnn_revised_20260919T110440Z,cnn_s1_02,val,Log-Mel CNN,0.1961877942085266,0.27336953828732174
seg_001277,sample_00425,Lights Up - Pipe Choir,1,0.5250997543334961,cnn_revised_20260919T110440Z,cnn_s1_02,val,Log-Mel CNN,0.1961877942085266,0.27336953828732174
seg_001293,sample_00431,Loved Ones - Rowan Box,1,0.900846004486084,cnn_revised_20260919T110440Z,cnn_s1_02,val,Log-Mel CNN,0.1961877942085266,0.27336953828732174
seg_001294,sample_00431,Loved Ones - Rowan Box,1,0.9502323269844055,cnn_revised_20260919T110440Z,cnn_s1_02,val,Log-Mel CNN,0.1961877942085266,0.27336953828732174
seg_001295,sample_00431,Loved Ones - Rowan Box,1,0.9523706436157227,cnn_revised_20260919T110440Z,cnn_s1_02,val,Log-Mel CNN,0.1961877942085266,0.27336953828732174
seg_001305,sample_00435,March of the GPA Mechanics - [t]ghost,1,0.8623535633087158,cnn_revised_20260919T110440Z,cnn_s1_02,val,Log-Mel CNN,0.1961877942085266,0.27336953828732174
seg_001306,sample_00435,March of the GPA Mechanics - [t]ghost,1,0.08216951787471771,cnn_revised_20260919T110440Z,cnn_s1_02,val,Log-Mel CNN,0.1961877942085266,0.27336953828732174
seg_001307,sample_00435,March of the GPA Mechanics - [t]ghost,1,0.56571364402771,cnn_revised_20260919T110440Z,cnn_s1_02,val,Log-Mel CNN,0.1961877942085266,0.27336953828732174
seg_001326,sample_00442,Morning Bell - Nihilore,1,0.7244196534156799,cnn_revised_20260919T110440Z,cnn_s1_02,val,Log-Mel CNN,0.1961877942085266,0.27336953828732174
seg_001327,sample_00442,Morning Bell - Nihilore,1,0.11487356573343277,cnn_revised_20260919T110440Z,cnn_s1_02,val,Log-Mel CNN,0.1961877942085266,0.27336953828732174
seg_001328,sample_00442,Morning Bell - Nihilore,1,0.6586331725120544,cnn_revised_20260919T110440Z,cnn_s1_02,val,Log-Mel CNN,0.1961877942085266,0.27336953828732174
seg_001341,sample_00447,mystery team 2090 - Jesse Futerman,1,0.16529150307178497,cnn_revised_20260919T110440Z,cnn_s1_02,val,Log-Mel CNN,0.1961877942085266,0.27336953828732174
seg_001342,sample_00447,mystery team 2090 - Jesse Futerman,1,0.5452207922935486,cnn_revised_20260919T110440Z,cnn_s1_02,val,Log-Mel CNN,0.1961877942085266,0.27336953828732174
seg_001343,sample_00447,mystery team 2090 - Jesse Futerman,1,0.5588269829750061,cnn_revised_20260919T110440Z,cnn_s1_02,val,Log-Mel CNN,0.1961877942085266,0.27336953828732174
seg_001344,sample_00448,My Body Is A Weapon (Compromise Edit) - Silence is full of birds,1,0.3606157600879669,cnn_revised_20260919T110440Z,cnn_s1_02,val,Log-Mel CNN,0.1961877942085266,0.27336953828732174
seg_001345,sample_00448,My Body Is A Weapon (Compromise Edit) - Silence is full of birds,1,0.08953821659088135,cnn_revised_20260919T110440Z,cnn_s1_02,val,Log-Mel CNN,0.1961877942085266,0.27336953828732174
seg_001346,sample_00448,My Body Is A Weapon (Compromise Edit) - Silence is full of birds,1,0.7653307914733887,cnn_revised_20260919T110440Z,cnn_s1_02,val,Log-Mel CNN,0.1961877942085266,0.27336953828732174
seg_001356,sample_00452,New Life (take 1) - Bird Names,1,0.9200678467750549,cnn_revised_20260919T110440Z,cnn_s1_02,val,Log-Mel CNN,0.1961877942085266,0.27336953828732174
seg_001357,sample_00452,New Life (take 1) - Bird Names,1,0.815183162689209,cnn_revised_20260919T110440Z,cnn_s1_02,val,Log-Mel CNN,0.1961877942085266,0.27336953828732174
seg_001358,sample_00452,New Life (take 1) - Bird Names,1,0.5978310108184814,cnn_revised_20260919T110440Z,cnn_s1_02,val,Log-Mel CNN,0.1961877942085266,0.27336953828732174
seg_001362,sample_00454,Night Drive - Decktonic,1,0.9013803601264954,cnn_revised_20260919T110440Z,cnn_s1_02,val,Log-Mel CNN,0.1961877942085266,0.27336953828732174
seg_001363,sample_00454,Night Drive - Decktonic,1,0.9545869827270508,cnn_revised_20260919T110440Z,cnn_s1_02,val,Log-Mel CNN,0.1961877942085266,0.27336953828732174
seg_001364,sample_00454,Night Drive - Decktonic,1,0.8914759755134583,cnn_revised_20260919T110440Z,cnn_s1_02,val,Log-Mel CNN,0.1961877942085266,0.27336953828732174
seg_001371,sample_00457,Norweigian Wood II - Bird Names,1,0.23970025777816772,cnn_revised_20260919T110440Z,cnn_s1_02,val,Log-Mel CNN,0.1961877942085266,0.27336953828732174
seg_001372,sample_00457,Norweigian Wood II - Bird Names,1,0.11397776752710342,cnn_revised_20260919T110440Z,cnn_s1_02,val,Log-Mel CNN,0.1961877942085266,0.27336953828732174
seg_001373,sample_00457,Norweigian Wood II - Bird Names,1,0.8237819075584412,cnn_revised_20260919T110440Z,cnn_s1_02,val,Log-Mel CNN,0.1961877942085266,0.27336953828732174
seg_001383,sample_00461,Nuo Maisemat - Paavoharju,1,0.9283994436264038,cnn_revised_20260919T110440Z,cnn_s1_02,val,Log-Mel CNN,0.1961877942085266,0.27336953828732174
seg_001384,sample_00461,Nuo Maisemat - Paavoharju,1,0.8264495730400085,cnn_revised_20260919T110440Z,cnn_s1_02,val,Log-Mel CNN,0.1961877942085266,0.27336953828732174
seg_001385,sample_00461,Nuo Maisemat - Paavoharju,1,0.7719154953956604,cnn_revised_20260919T110440Z,cnn_s1_02,val,Log-Mel CNN,0.1961877942085266,0.27336953828732174
seg_001446,sample_00482,Redlight - Room For A Ghost,1,0.7051669359207153,cnn_revised_20260919T110440Z,cnn_s1_02,val,Log-Mel CNN,0.1961877942085266,0.27336953828732174
seg_001447,sample_00482,Redlight - Room For A Ghost,1,0.21872122585773468,cnn_revised_20260919T110440Z,cnn_s1_02,val,Log-Mel CNN,0.1961877942085266,0.27336953828732174
seg_001448,sample_00482,Redlight - Room For A Ghost,1,0.17142248153686523,cnn_revised_20260919T110440Z,cnn_s1_02,val,Log-Mel CNN,0.1961877942085266,0.27336953828732174
seg_001464,sample_00488,Roller Star - Monroeville Music Center,1,0.71767258644104,cnn_revised_20260919T110440Z,cnn_s1_02,val,Log-Mel CNN,0.1961877942085266,0.27336953828732174
seg_001465,sample_00488,Roller Star - Monroeville Music Center,1,0.9952412843704224,cnn_revised_20260919T110440Z,cnn_s1_02,val,Log-Mel CNN,0.1961877942085266,0.27336953828732174
seg_001466,sample_00488,Roller Star - Monroeville Music Center,1,0.9723389148712158,cnn_revised_20260919T110440Z,cnn_s1_02,val,Log-Mel CNN,0.1961877942085266,0.27336953828732174
seg_001470,sample_00490,"Roundtrip - Oh Yeah, the Future",1,0.9942525029182434,cnn_revised_20260919T110440Z,cnn_s1_02,val,Log-Mel CNN,0.1961877942085266,0.27336953828732174
seg_001471,sample_00490,"Roundtrip - Oh Yeah, the Future",1,0.9628066420555115,cnn_revised_20260919T110440Z,cnn_s1_02,val,Log-Mel CNN,0.1961877942085266,0.27336953828732174
seg_001472,sample_00490,"Roundtrip - Oh Yeah, the Future",1,0.9631791114807129,cnn_revised_20260919T110440Z,cnn_s1_02,val,Log-Mel CNN,0.1961877942085266,0.27336953828732174
seg_001482,sample_00494,Scramby Eggs - Andy G. Cohen,1,0.5055125951766968,cnn_revised_20260919T110440Z,cnn_s1_02,val,Log-Mel CNN,0.1961877942085266,0.27336953828732174
seg_001483,sample_00494,Scramby Eggs - Andy G. Cohen,1,0.6459949016571045,cnn_revised_20260919T110440Z,cnn_s1_02,val,Log-Mel CNN,0.1961877942085266,0.27336953828732174
seg_001484,sample_00494,Scramby Eggs - Andy G. Cohen,1,0.8798976540565491,cnn_revised_20260919T110440Z,cnn_s1_02,val,Log-Mel CNN,0.1961877942085266,0.27336953828732174
seg_001485,sample_00495,SD (Ill Mix) - H-LR,1,0.5827096104621887,cnn_revised_20260919T110440Z,cnn_s1_02,val,Log-Mel CNN,0.1961877942085266,0.27336953828732174
seg_001486,sample_00495,SD (Ill Mix) - H-LR,1,0.8643490076065063,cnn_revised_20260919T110440Z,cnn_s1_02,val,Log-Mel CNN,0.1961877942085266,0.27336953828732174
seg_001487,sample_00495,SD (Ill Mix) - H-LR,1,0.87760329246521,cnn_revised_20260919T110440Z,cnn_s1_02,val,Log-Mel CNN,0.1961877942085266,0.27336953828732174
seg_001509,sample_00503,Shipwrecked Crew - Pete Prodoehl,1,0.4117221236228943,cnn_revised_20260919T110440Z,cnn_s1_02,val,Log-Mel CNN,0.1961877942085266,0.27336953828732174
seg_001510,sample_00503,Shipwrecked Crew - Pete Prodoehl,1,0.3560732901096344,cnn_revised_20260919T110440Z,cnn_s1_02,val,Log-Mel CNN,0.1961877942085266,0.27336953828732174
seg_001511,sample_00503,Shipwrecked Crew - Pete Prodoehl,1,0.5053772926330566,cnn_revised_20260919T110440Z,cnn_s1_02,val,Log-Mel CNN,0.1961877942085266,0.27336953828732174
seg_001527,sample_00509,Soleares&beats - Malaventura,1,0.05954348295927048,cnn_revised_20260919T110440Z,cnn_s1_02,val,Log-Mel CNN,0.1961877942085266,0.27336953828732174
seg_001528,sample_00509,Soleares&beats - Malaventura,1,0.6623362898826599,cnn_revised_20260919T110440Z,cnn_s1_02,val,Log-Mel CNN,0.1961877942085266,0.27336953828732174
seg_001529,sample_00509,Soleares&beats - Malaventura,1,0.34766677021980286,cnn_revised_20260919T110440Z,cnn_s1_02,val,Log-Mel CNN,0.1961877942085266,0.27336953828732174
seg_001533,sample_00511,some dextromethorphan - Jeva,1,0.9734342694282532,cnn_revised_20260919T110440Z,cnn_s1_02,val,Log-Mel CNN,0.1961877942085266,0.27336953828732174
seg_001534,sample_00511,some dextromethorphan - Jeva,1,0.9906638860702515,cnn_revised_20260919T110440Z,cnn_s1_02,val,Log-Mel CNN,0.1961877942085266,0.27336953828732174
seg_001535,sample_00511,some dextromethorphan - Jeva,1,0.6511233448982239,cnn_revised_20260919T110440Z,cnn_s1_02,val,Log-Mel CNN,0.1961877942085266,0.27336953828732174
seg_001548,sample_00516,Stockholm Syndrome / People Should Be More Aware - Bird Names,1,0.23412153124809265,cnn_revised_20260919T110440Z,cnn_s1_02,val,Log-Mel CNN,0.1961877942085266,0.27336953828732174
seg_001549,sample_00516,Stockholm Syndrome / People Should Be More Aware - Bird Names,1,0.19184105098247528,cnn_revised_20260919T110440Z,cnn_s1_02,val,Log-Mel CNN,0.1961877942085266,0.27336953828732174
seg_001550,sample_00516,Stockholm Syndrome / People Should Be More Aware - Bird Names,1,0.9023655652999878,cnn_revised_20260919T110440Z,cnn_s1_02,val,Log-Mel CNN,0.1961877942085266,0.27336953828732174
seg_001560,sample_00520,Sturgeon's Law - Nihilore,1,0.40952160954475403,cnn_revised_20260919T110440Z,cnn_s1_02,val,Log-Mel CNN,0.1961877942085266,0.27336953828732174
seg_001561,sample_00520,Sturgeon's Law - Nihilore,1,0.9516299962997437,cnn_revised_20260919T110440Z,cnn_s1_02,val,Log-Mel CNN,0.1961877942085266,0.27336953828732174
seg_001562,sample_00520,Sturgeon's Law - Nihilore,1,0.8972728848457336,cnn_revised_20260919T110440Z,cnn_s1_02,val,Log-Mel CNN,0.1961877942085266,0.27336953828732174
seg_001617,sample_00539,The girl just faded - Los Llamarada,1,0.7090670466423035,cnn_revised_20260919T110440Z,cnn_s1_02,val,Log-Mel CNN,0.1961877942085266,0.27336953828732174
seg_001618,sample_00539,The girl just faded - Los Llamarada,1,0.5855132937431335,cnn_revised_20260919T110440Z,cnn_s1_02,val,Log-Mel CNN,0.1961877942085266,0.27336953828732174
seg_001619,sample_00539,The girl just faded - Los Llamarada,1,0.8857990503311157,cnn_revised_20260919T110440Z,cnn_s1_02,val,Log-Mel CNN,0.1961877942085266,0.27336953828732174
seg_001644,sample_00548,The Stairway - WarpToken,1,0.9528679251670837,cnn_revised_20260919T110440Z,cnn_s1_02,val,Log-Mel CNN,0.1961877942085266,0.27336953828732174
seg_001645,sample_00548,The Stairway - WarpToken,1,0.734351634979248,cnn_revised_20260919T110440Z,cnn_s1_02,val,Log-Mel CNN,0.1961877942085266,0.27336953828732174
seg_001646,sample_00548,The Stairway - WarpToken,1,0.9407617449760437,cnn_revised_20260919T110440Z,cnn_s1_02,val,Log-Mel CNN,0.1961877942085266,0.27336953828732174
seg_001647,sample_00549,Three Bird - My brother Daniel,1,0.2817319631576538,cnn_revised_20260919T110440Z,cnn_s1_02,val,Log-Mel CNN,0.1961877942085266,0.27336953828732174
seg_001648,sample_00549,Three Bird - My brother Daniel,1,0.16443859040737152,cnn_revised_20260919T110440Z,cnn_s1_02,val,Log-Mel CNN,0.1961877942085266,0.27336953828732174
seg_001649,sample_00549,Three Bird - My brother Daniel,1,0.4157640337944031,cnn_revised_20260919T110440Z,cnn_s1_02,val,Log-Mel CNN,0.1961877942085266,0.27336953828732174
seg_001650,sample_00550,Timen Passing By - Jason Shaw,1,0.9729150533676147,cnn_revised_20260919T110440Z,cnn_s1_02,val,Log-Mel CNN,0.1961877942085266,0.27336953828732174
seg_001651,sample_00550,Timen Passing By - Jason Shaw,1,0.8913456201553345,cnn_revised_20260919T110440Z,cnn_s1_02,val,Log-Mel CNN,0.1961877942085266,0.27336953828732174
seg_001652,sample_00550,Timen Passing By - Jason Shaw,1,0.846001923084259,cnn_revised_20260919T110440Z,cnn_s1_02,val,Log-Mel CNN,0.1961877942085266,0.27336953828732174
seg_001653,sample_00551,Time Is Love - Silence is full of birds,1,0.21539928019046783,cnn_revised_20260919T110440Z,cnn_s1_02,val,Log-Mel CNN,0.1961877942085266,0.27336953828732174
seg_001654,sample_00551,Time Is Love - Silence is full of birds,1,0.7422159314155579,cnn_revised_20260919T110440Z,cnn_s1_02,val,Log-Mel CNN,0.1961877942085266,0.27336953828732174
seg_001655,sample_00551,Time Is Love - Silence is full of birds,1,0.8454352617263794,cnn_revised_20260919T110440Z,cnn_s1_02,val,Log-Mel CNN,0.1961877942085266,0.27336953828732174
seg_001680,sample_00560,Understand That This Is A Dream - From the album Modulating Coil [RSVP008] - Forrest James,1,0.4135487377643585,cnn_revised_20260919T110440Z,cnn_s1_02,val,Log-Mel CNN,0.1961877942085266,0.27336953828732174
seg_001681,sample_00560,Understand That This Is A Dream - From the album Modulating Coil [RSVP008] - Forrest James,1,0.719312310218811,cnn_revised_20260919T110440Z,cnn_s1_02,val,Log-Mel CNN,0.1961877942085266,0.27336953828732174
seg_001682,sample_00560,Understand That This Is A Dream - From the album Modulating Coil [RSVP008] - Forrest James,1,0.8470836281776428,cnn_revised_20260919T110440Z,cnn_s1_02,val,Log-Mel CNN,0.1961877942085266,0.27336953828732174
seg_001695,sample_00565,Voxel - Andy G. Cohen,1,0.6986852288246155,cnn_revised_20260919T110440Z,cnn_s1_02,val,Log-Mel CNN,0.1961877942085266,0.27336953828732174
seg_001696,sample_00565,Voxel - Andy G. Cohen,1,0.7360761165618896,cnn_revised_20260919T110440Z,cnn_s1_02,val,Log-Mel CNN,0.1961877942085266,0.27336953828732174
seg_001697,sample_00565,Voxel - Andy G. Cohen,1,0.8505651950836182,cnn_revised_20260919T110440Z,cnn_s1_02,val,Log-Mel CNN,0.1961877942085266,0.27336953828732174
seg_001701,sample_00567,Westside Chillers - Little Glass Men,1,0.8828744888305664,cnn_revised_20260919T110440Z,cnn_s1_02,val,Log-Mel CNN,0.1961877942085266,0.27336953828732174
seg_001702,sample_00567,Westside Chillers - Little Glass Men,1,0.49918973445892334,cnn_revised_20260919T110440Z,cnn_s1_02,val,Log-Mel CNN,0.1961877942085266,0.27336953828732174
seg_001703,sample_00567,Westside Chillers - Little Glass Men,1,0.5388656854629517,cnn_revised_20260919T110440Z,cnn_s1_02,val,Log-Mel CNN,0.1961877942085266,0.27336953828732174
seg_001758,sample_00586,В Наших Сердцах - Чокнутый Пропеллер,1,0.03407051041722298,cnn_revised_20260919T110440Z,cnn_s1_02,val,Log-Mel CNN,0.1961877942085266,0.27336953828732174
seg_001759,sample_00586,В Наших Сердцах - Чокнутый Пропеллер,1,0.3174104690551758,cnn_revised_20260919T110440Z,cnn_s1_02,val,Log-Mel CNN,0.1961877942085266,0.27336953828732174
seg_001760,sample_00586,В Наших Сердцах - Чокнутый Пропеллер,1,0.30028581619262695,cnn_revised_20260919T110440Z,cnn_s1_02,val,Log-Mel CNN,0.1961877942085266,0.27336953828732174
seg_001767,sample_00589,Новый Нью-Йорк 2 - Чокнутый Пропеллер,1,0.32164430618286133,cnn_revised_20260919T110440Z,cnn_s1_02,val,Log-Mel CNN,0.1961877942085266,0.27336953828732174
seg_001768,sample_00589,Новый Нью-Йорк 2 - Чокнутый Пропеллер,1,0.4644080400466919,cnn_revised_20260919T110440Z,cnn_s1_02,val,Log-Mel CNN,0.1961877942085266,0.27336953828732174
seg_001769,sample_00589,Новый Нью-Йорк 2 - Чокнутый Пропеллер,1,0.906678318977356,cnn_revised_20260919T110440Z,cnn_s1_02,val,Log-Mel CNN,0.1961877942085266,0.27336953828732174
seg_001785,sample_00595,Daylight Savings - My brother Daniel,1,0.9803183674812317,cnn_revised_20260919T110440Z,cnn_s1_02,val,Log-Mel CNN,0.1961877942085266,0.27336953828732174
seg_001786,sample_00595,Daylight Savings - My brother Daniel,1,0.9986528158187866,cnn_revised_20260919T110440Z,cnn_s1_02,val,Log-Mel CNN,0.1961877942085266,0.27336953828732174
seg_001787,sample_00595,Daylight Savings - My brother Daniel,1,0.9647466540336609,cnn_revised_20260919T110440Z,cnn_s1_02,val,Log-Mel CNN,0.1961877942085266,0.27336953828732174
seg_001788,sample_00596,Three Bird - My brother Daniel,1,0.7563452124595642,cnn_revised_20260919T110440Z,cnn_s1_02,val,Log-Mel CNN,0.1961877942085266,0.27336953828732174
seg_001789,sample_00596,Three Bird - My brother Daniel,1,0.8321649432182312,cnn_revised_20260919T110440Z,cnn_s1_02,val,Log-Mel CNN,0.1961877942085266,0.27336953828732174
seg_001790,sample_00596,Three Bird - My brother Daniel,1,0.8900141716003418,cnn_revised_20260919T110440Z,cnn_s1_02,val,Log-Mel CNN,0.1961877942085266,0.27336953828732174
seg_001827,sample_00609,Timen Passing By - Jason Shaw,1,0.9453438520431519,cnn_revised_20260919T110440Z,cnn_s1_02,val,Log-Mel CNN,0.1961877942085266,0.27336953828732174
seg_001828,sample_00609,Timen Passing By - Jason Shaw,1,0.9922629594802856,cnn_revised_20260919T110440Z,cnn_s1_02,val,Log-Mel CNN,0.1961877942085266,0.27336953828732174
seg_001829,sample_00609,Timen Passing By - Jason Shaw,1,0.9923421740531921,cnn_revised_20260919T110440Z,cnn_s1_02,val,Log-Mel CNN,0.1961877942085266,0.27336953828732174
seg_001830,sample_00610,Night Drive - Decktonic,1,0.9352133870124817,cnn_revised_20260919T110440Z,cnn_s1_02,val,Log-Mel CNN,0.1961877942085266,0.27336953828732174
seg_001831,sample_00610,Night Drive - Decktonic,1,0.9463886022567749,cnn_revised_20260919T110440Z,cnn_s1_02,val,Log-Mel CNN,0.1961877942085266,0.27336953828732174
seg_001832,sample_00610,Night Drive - Decktonic,1,0.8717865347862244,cnn_revised_20260919T110440Z,cnn_s1_02,val,Log-Mel CNN,0.1961877942085266,0.27336953828732174
seg_001845,sample_00615,Sturgeon's Law - Nihilore,1,0.4869292080402374,cnn_revised_20260919T110440Z,cnn_s1_02,val,Log-Mel CNN,0.1961877942085266,0.27336953828732174
seg_001846,sample_00615,Sturgeon's Law - Nihilore,1,0.6402056217193604,cnn_revised_20260919T110440Z,cnn_s1_02,val,Log-Mel CNN,0.1961877942085266,0.27336953828732174
seg_001847,sample_00615,Sturgeon's Law - Nihilore,1,0.6626424193382263,cnn_revised_20260919T110440Z,cnn_s1_02,val,Log-Mel CNN,0.1961877942085266,0.27336953828732174
seg_001851,sample_00617,mystery team 2090 - Jesse Futerman,1,0.9406604766845703,cnn_revised_20260919T110440Z,cnn_s1_02,val,Log-Mel CNN,0.1961877942085266,0.27336953828732174
seg_001852,sample_00617,mystery team 2090 - Jesse Futerman,1,0.9320977926254272,cnn_revised_20260919T110440Z,cnn_s1_02,val,Log-Mel CNN,0.1961877942085266,0.27336953828732174
seg_001853,sample_00617,mystery team 2090 - Jesse Futerman,1,0.9462847709655762,cnn_revised_20260919T110440Z,cnn_s1_02,val,Log-Mel CNN,0.1961877942085266,0.27336953828732174
seg_001875,sample_00625,Loved Ones - Rowan Box,1,0.42736902832984924,cnn_revised_20260919T110440Z,cnn_s1_02,val,Log-Mel CNN,0.1961877942085266,0.27336953828732174
seg_001876,sample_00625,Loved Ones - Rowan Box,1,0.466806024312973,cnn_revised_20260919T110440Z,cnn_s1_02,val,Log-Mel CNN,0.1961877942085266,0.27336953828732174
seg_001877,sample_00625,Loved Ones - Rowan Box,1,0.4900994598865509,cnn_revised_20260919T110440Z,cnn_s1_02,val,Log-Mel CNN,0.1961877942085266,0.27336953828732174
seg_001917,sample_00639,CopperNickle - UncleBibby,1,0.908406674861908,cnn_revised_20260919T110440Z,cnn_s1_02,val,Log-Mel CNN,0.1961877942085266,0.27336953828732174
seg_001918,sample_00639,CopperNickle - UncleBibby,1,0.9367313385009766,cnn_revised_20260919T110440Z,cnn_s1_02,val,Log-Mel CNN,0.1961877942085266,0.27336953828732174
seg_001919,sample_00639,CopperNickle - UncleBibby,1,0.9773874878883362,cnn_revised_20260919T110440Z,cnn_s1_02,val,Log-Mel CNN,0.1961877942085266,0.27336953828732174
seg_001953,sample_00651,Nuo Maisemat - Paavoharju,1,0.8842655420303345,cnn_revised_20260919T110440Z,cnn_s1_02,val,Log-Mel CNN,0.1961877942085266,0.27336953828732174
seg_001954,sample_00651,Nuo Maisemat - Paavoharju,1,0.7001069188117981,cnn_revised_20260919T110440Z,cnn_s1_02,val,Log-Mel CNN,0.1961877942085266,0.27336953828732174
seg_001955,sample_00651,Nuo Maisemat - Paavoharju,1,0.745394229888916,cnn_revised_20260919T110440Z,cnn_s1_02,val,Log-Mel CNN,0.1961877942085266,0.27336953828732174
seg_001986,sample_00662,SD (Ill Mix) - H-LR,1,0.9059556126594543,cnn_revised_20260919T110440Z,cnn_s1_02,val,Log-Mel CNN,0.1961877942085266,0.27336953828732174
seg_001987,sample_00662,SD (Ill Mix) - H-LR,1,0.9176719188690186,cnn_revised_20260919T110440Z,cnn_s1_02,val,Log-Mel CNN,0.1961877942085266,0.27336953828732174
seg_001988,sample_00662,SD (Ill Mix) - H-LR,1,0.8989928364753723,cnn_revised_20260919T110440Z,cnn_s1_02,val,Log-Mel CNN,0.1961877942085266,0.27336953828732174
seg_001998,sample_00666,Kumorizoranohajimarutokoro - Hosomi,1,0.5871828198432922,cnn_revised_20260919T110440Z,cnn_s1_02,val,Log-Mel CNN,0.1961877942085266,0.27336953828732174
seg_001999,sample_00666,Kumorizoranohajimarutokoro - Hosomi,1,0.6836662292480469,cnn_revised_20260919T110440Z,cnn_s1_02,val,Log-Mel CNN,0.1961877942085266,0.27336953828732174
seg_002000,sample_00666,Kumorizoranohajimarutokoro - Hosomi,1,0.6001321077346802,cnn_revised_20260919T110440Z,cnn_s1_02,val,Log-Mel CNN,0.1961877942085266,0.27336953828732174
seg_002019,sample_00673,some dextromethorphan - Jeva,1,0.682409405708313,cnn_revised_20260919T110440Z,cnn_s1_02,val,Log-Mel CNN,0.1961877942085266,0.27336953828732174
seg_002020,sample_00673,some dextromethorphan - Jeva,1,0.6763490438461304,cnn_revised_20260919T110440Z,cnn_s1_02,val,Log-Mel CNN,0.1961877942085266,0.27336953828732174
seg_002021,sample_00673,some dextromethorphan - Jeva,1,0.6432201862335205,cnn_revised_20260919T110440Z,cnn_s1_02,val,Log-Mel CNN,0.1961877942085266,0.27336953828732174
seg_002028,sample_00676,Fifth Ramble - From the album Keith [RSVP007] - My brother Daniel,1,0.8368872404098511,cnn_revised_20260919T110440Z,cnn_s1_02,val,Log-Mel CNN,0.1961877942085266,0.27336953828732174
seg_002029,sample_00676,Fifth Ramble - From the album Keith [RSVP007] - My brother Daniel,1,0.9597685933113098,cnn_revised_20260919T110440Z,cnn_s1_02,val,Log-Mel CNN,0.1961877942085266,0.27336953828732174
seg_002030,sample_00676,Fifth Ramble - From the album Keith [RSVP007] - My brother Daniel,1,0.956536591053009,cnn_revised_20260919T110440Z,cnn_s1_02,val,Log-Mel CNN,0.1961877942085266,0.27336953828732174
seg_002043,sample_00681,Westside Chillers - Little Glass Men,1,0.953594446182251,cnn_revised_20260919T110440Z,cnn_s1_02,val,Log-Mel CNN,0.1961877942085266,0.27336953828732174
seg_002044,sample_00681,Westside Chillers - Little Glass Men,1,0.9553967714309692,cnn_revised_20260919T110440Z,cnn_s1_02,val,Log-Mel CNN,0.1961877942085266,0.27336953828732174
seg_002045,sample_00681,Westside Chillers - Little Glass Men,1,0.9083627462387085,cnn_revised_20260919T110440Z,cnn_s1_02,val,Log-Mel CNN,0.1961877942085266,0.27336953828732174
seg_002076,sample_00692,If You're Ther - Nicola Ratti,1,0.9489831924438477,cnn_revised_20260919T110440Z,cnn_s1_02,val,Log-Mel CNN,0.1961877942085266,0.27336953828732174
seg_002077,sample_00692,If You're Ther - Nicola Ratti,1,0.6231852173805237,cnn_revised_20260919T110440Z,cnn_s1_02,val,Log-Mel CNN,0.1961877942085266,0.27336953828732174
seg_002078,sample_00692,If You're Ther - Nicola Ratti,1,0.6171307563781738,cnn_revised_20260919T110440Z,cnn_s1_02,val,Log-Mel CNN,0.1961877942085266,0.27336953828732174
seg_002079,sample_00693,Understand That This Is A Dream - From the album Modulating Coil [RSVP008] - Forrest James,1,0.9032397270202637,cnn_revised_20260919T110440Z,cnn_s1_02,val,Log-Mel CNN,0.1961877942085266,0.27336953828732174
seg_002080,sample_00693,Understand That This Is A Dream - From the album Modulating Coil [RSVP008] - Forrest James,1,0.7267477512359619,cnn_revised_20260919T110440Z,cnn_s1_02,val,Log-Mel CNN,0.1961877942085266,0.27336953828732174
seg_002081,sample_00693,Understand That This Is A Dream - From the album Modulating Coil [RSVP008] - Forrest James,1,0.7742199301719666,cnn_revised_20260919T110440Z,cnn_s1_02,val,Log-Mel CNN,0.1961877942085266,0.27336953828732174
seg_002100,sample_00700,The Stairway - WarpToken,1,0.8954125642776489,cnn_revised_20260919T110440Z,cnn_s1_02,val,Log-Mel CNN,0.1961877942085266,0.27336953828732174
seg_002101,sample_00700,The Stairway - WarpToken,1,0.9506468772888184,cnn_revised_20260919T110440Z,cnn_s1_02,val,Log-Mel CNN,0.1961877942085266,0.27336953828732174
seg_002102,sample_00700,The Stairway - WarpToken,1,0.9841400384902954,cnn_revised_20260919T110440Z,cnn_s1_02,val,Log-Mel CNN,0.1961877942085266,0.27336953828732174
seg_002112,sample_00704,Soleares&beats - Malaventura,1,0.561850368976593,cnn_revised_20260919T110440Z,cnn_s1_02,val,Log-Mel CNN,0.1961877942085266,0.27336953828732174
seg_002113,sample_00704,Soleares&beats - Malaventura,1,0.6852123141288757,cnn_revised_20260919T110440Z,cnn_s1_02,val,Log-Mel CNN,0.1961877942085266,0.27336953828732174
seg_002114,sample_00704,Soleares&beats - Malaventura,1,0.6854366660118103,cnn_revised_20260919T110440Z,cnn_s1_02,val,Log-Mel CNN,0.1961877942085266,0.27336953828732174
seg_002184,sample_00728,Evil Cannot Create - Caleb Lemond,1,0.9275562167167664,cnn_revised_20260919T110440Z,cnn_s1_02,val,Log-Mel CNN,0.1961877942085266,0.27336953828732174
seg_002185,sample_00728,Evil Cannot Create - Caleb Lemond,1,0.5644770264625549,cnn_revised_20260919T110440Z,cnn_s1_02,val,Log-Mel CNN,0.1961877942085266,0.27336953828732174
seg_002186,sample_00728,Evil Cannot Create - Caleb Lemond,1,0.9196698069572449,cnn_revised_20260919T110440Z,cnn_s1_02,val,Log-Mel CNN,0.1961877942085266,0.27336953828732174
seg_002196,sample_00732,Norweigian Wood II - Bird Names,1,0.6814990043640137,cnn_revised_20260919T110440Z,cnn_s1_02,val,Log-Mel CNN,0.1961877942085266,0.27336953828732174
seg_002197,sample_00732,Norweigian Wood II - Bird Names,1,0.7447059154510498,cnn_revised_20260919T110440Z,cnn_s1_02,val,Log-Mel CNN,0.1961877942085266,0.27336953828732174
seg_002198,sample_00732,Norweigian Wood II - Bird Names,1,0.8798055648803711,cnn_revised_20260919T110440Z,cnn_s1_02,val,Log-Mel CNN,0.1961877942085266,0.27336953828732174
seg_002214,sample_00738,Roller Star - Monroeville Music Center,1,0.9459885954856873,cnn_revised_20260919T110440Z,cnn_s1_02,val,Log-Mel CNN,0.1961877942085266,0.27336953828732174
seg_002215,sample_00738,Roller Star - Monroeville Music Center,1,0.9623541235923767,cnn_revised_20260919T110440Z,cnn_s1_02,val,Log-Mel CNN,0.1961877942085266,0.27336953828732174
seg_002216,sample_00738,Roller Star - Monroeville Music Center,1,0.9534022808074951,cnn_revised_20260919T110440Z,cnn_s1_02,val,Log-Mel CNN,0.1961877942085266,0.27336953828732174
seg_002229,sample_00743,Time Is Love - Silence is full of birds,1,0.7801262736320496,cnn_revised_20260919T110440Z,cnn_s1_02,val,Log-Mel CNN,0.1961877942085266,0.27336953828732174
seg_002230,sample_00743,Time Is Love - Silence is full of birds,1,0.8447840809822083,cnn_revised_20260919T110440Z,cnn_s1_02,val,Log-Mel CNN,0.1961877942085266,0.27336953828732174
seg_002231,sample_00743,Time Is Love - Silence is full of birds,1,0.710756242275238,cnn_revised_20260919T110440Z,cnn_s1_02,val,Log-Mel CNN,0.1961877942085266,0.27336953828732174
seg_002232,sample_00744,Stockholm Syndrome / People Should Be More Aware - Bird Names,1,0.4432505965232849,cnn_revised_20260919T110440Z,cnn_s1_02,val,Log-Mel CNN,0.1961877942085266,0.27336953828732174
seg_002233,sample_00744,Stockholm Syndrome / People Should Be More Aware - Bird Names,1,0.5034407377243042,cnn_revised_20260919T110440Z,cnn_s1_02,val,Log-Mel CNN,0.1961877942085266,0.27336953828732174
seg_002234,sample_00744,Stockholm Syndrome / People Should Be More Aware - Bird Names,1,0.3712140619754791,cnn_revised_20260919T110440Z,cnn_s1_02,val,Log-Mel CNN,0.1961877942085266,0.27336953828732174
seg_002244,sample_00748,"Roundtrip - Oh Yeah, the Future",1,0.89308100938797,cnn_revised_20260919T110440Z,cnn_s1_02,val,Log-Mel CNN,0.1961877942085266,0.27336953828732174
seg_002245,sample_00748,"Roundtrip - Oh Yeah, the Future",1,0.9883344173431396,cnn_revised_20260919T110440Z,cnn_s1_02,val,Log-Mel CNN,0.1961877942085266,0.27336953828732174
seg_002246,sample_00748,"Roundtrip - Oh Yeah, the Future",1,0.9713643193244934,cnn_revised_20260919T110440Z,cnn_s1_02,val,Log-Mel CNN,0.1961877942085266,0.27336953828732174
seg_002247,sample_00749,New Life (take 1) - Bird Names,1,0.7290124297142029,cnn_revised_20260919T110440Z,cnn_s1_02,val,Log-Mel CNN,0.1961877942085266,0.27336953828732174
seg_002248,sample_00749,New Life (take 1) - Bird Names,1,0.907889723777771,cnn_revised_20260919T110440Z,cnn_s1_02,val,Log-Mel CNN,0.1961877942085266,0.27336953828732174
seg_002249,sample_00749,New Life (take 1) - Bird Names,1,0.799485445022583,cnn_revised_20260919T110440Z,cnn_s1_02,val,Log-Mel CNN,0.1961877942085266,0.27336953828732174
seg_002253,sample_00751,My Body Is A Weapon (Compromise Edit) - Silence is full of birds,1,0.9238882660865784,cnn_revised_20260919T110440Z,cnn_s1_02,val,Log-Mel CNN,0.1961877942085266,0.27336953828732174
seg_002254,sample_00751,My Body Is A Weapon (Compromise Edit) - Silence is full of birds,1,0.9166857004165649,cnn_revised_20260919T110440Z,cnn_s1_02,val,Log-Mel CNN,0.1961877942085266,0.27336953828732174
seg_002255,sample_00751,My Body Is A Weapon (Compromise Edit) - Silence is full of birds,1,0.9516725540161133,cnn_revised_20260919T110440Z,cnn_s1_02,val,Log-Mel CNN,0.1961877942085266,0.27336953828732174
seg_002280,sample_00760,Agora - Malaventura,1,0.8773177862167358,cnn_revised_20260919T110440Z,cnn_s1_02,val,Log-Mel CNN,0.1961877942085266,0.27336953828732174
seg_002281,sample_00760,Agora - Malaventura,1,0.916735053062439,cnn_revised_20260919T110440Z,cnn_s1_02,val,Log-Mel CNN,0.1961877942085266,0.27336953828732174
seg_002282,sample_00760,Agora - Malaventura,1,0.9500370025634766,cnn_revised_20260919T110440Z,cnn_s1_02,val,Log-Mel CNN,0.1961877942085266,0.27336953828732174
seg_002304,sample_00768,Empty Pockets - Pete Prodoehl,1,0.6549890041351318,cnn_revised_20260919T110440Z,cnn_s1_02,val,Log-Mel CNN,0.1961877942085266,0.27336953828732174
seg_002305,sample_00768,Empty Pockets - Pete Prodoehl,1,0.6938414573669434,cnn_revised_20260919T110440Z,cnn_s1_02,val,Log-Mel CNN,0.1961877942085266,0.27336953828732174
seg_002306,sample_00768,Empty Pockets - Pete Prodoehl,1,0.9266444444656372,cnn_revised_20260919T110440Z,cnn_s1_02,val,Log-Mel CNN,0.1961877942085266,0.27336953828732174
seg_002310,sample_00770,Windows of the Skull - Sarin,1,0.7097440958023071,cnn_revised_20260919T110440Z,cnn_s1_02,val,Log-Mel CNN,0.1961877942085266,0.27336953828732174
seg_002311,sample_00770,Windows of the Skull - Sarin,1,0.7837066054344177,cnn_revised_20260919T110440Z,cnn_s1_02,val,Log-Mel CNN,0.1961877942085266,0.27336953828732174
seg_002312,sample_00770,Windows of the Skull - Sarin,1,0.849617063999176,cnn_revised_20260919T110440Z,cnn_s1_02,val,Log-Mel CNN,0.1961877942085266,0.27336953828732174
seg_002319,sample_00773,Gila Monster Flop/Music History Lesson:The Sonics - The Crypts!,1,0.8950600028038025,cnn_revised_20260919T110440Z,cnn_s1_02,val,Log-Mel CNN,0.1961877942085266,0.27336953828732174
seg_002320,sample_00773,Gila Monster Flop/Music History Lesson:The Sonics - The Crypts!,1,0.9292891621589661,cnn_revised_20260919T110440Z,cnn_s1_02,val,Log-Mel CNN,0.1961877942085266,0.27336953828732174
seg_002321,sample_00773,Gila Monster Flop/Music History Lesson:The Sonics - The Crypts!,1,0.9623021483421326,cnn_revised_20260919T110440Z,cnn_s1_02,val,Log-Mel CNN,0.1961877942085266,0.27336953828732174
seg_002343,sample_00781,Voxel - Andy G. Cohen,1,0.8443909883499146,cnn_revised_20260919T110440Z,cnn_s1_02,val,Log-Mel CNN,0.1961877942085266,0.27336953828732174
seg_002344,sample_00781,Voxel - Andy G. Cohen,1,0.6169739365577698,cnn_revised_20260919T110440Z,cnn_s1_02,val,Log-Mel CNN,0.1961877942085266,0.27336953828732174
seg_002345,sample_00781,Voxel - Andy G. Cohen,1,0.8341901898384094,cnn_revised_20260919T110440Z,cnn_s1_02,val,Log-Mel CNN,0.1961877942085266,0.27336953828732174
seg_002364,sample_00788,Scramby Eggs - Andy G. Cohen,1,0.8306270241737366,cnn_revised_20260919T110440Z,cnn_s1_02,val,Log-Mel CNN,0.1961877942085266,0.27336953828732174
seg_002365,sample_00788,Scramby Eggs - Andy G. Cohen,1,0.7654518485069275,cnn_revised_20260919T110440Z,cnn_s1_02,val,Log-Mel CNN,0.1961877942085266,0.27336953828732174
seg_002366,sample_00788,Scramby Eggs - Andy G. Cohen,1,0.9272425770759583,cnn_revised_20260919T110440Z,cnn_s1_02,val,Log-Mel CNN,0.1961877942085266,0.27336953828732174
seg_002406,sample_00802,I Fell - Mod Fun,1,0.8423390984535217,cnn_revised_20260919T110440Z,cnn_s1_02,val,Log-Mel CNN,0.1961877942085266,0.27336953828732174
seg_002407,sample_00802,I Fell - Mod Fun,1,0.7820771336555481,cnn_revised_20260919T110440Z,cnn_s1_02,val,Log-Mel CNN,0.1961877942085266,0.27336953828732174
seg_002408,sample_00802,I Fell - Mod Fun,1,0.9467139840126038,cnn_revised_20260919T110440Z,cnn_s1_02,val,Log-Mel CNN,0.1961877942085266,0.27336953828732174
seg_002409,sample_00803,Новый Нью-Йорк 2 - Чокнутый Пропеллер,1,0.8260963559150696,cnn_revised_20260919T110440Z,cnn_s1_02,val,Log-Mel CNN,0.1961877942085266,0.27336953828732174
seg_002410,sample_00803,Новый Нью-Йорк 2 - Чокнутый Пропеллер,1,0.6759371161460876,cnn_revised_20260919T110440Z,cnn_s1_02,val,Log-Mel CNN,0.1961877942085266,0.27336953828732174
seg_002411,sample_00803,Новый Нью-Йорк 2 - Чокнутый Пропеллер,1,0.6873945593833923,cnn_revised_20260919T110440Z,cnn_s1_02,val,Log-Mel CNN,0.1961877942085266,0.27336953828732174
seg_002421,sample_00807,March of the GPA Mechanics - [t]ghost,1,0.6391748785972595,cnn_revised_20260919T110440Z,cnn_s1_02,val,Log-Mel CNN,0.1961877942085266,0.27336953828732174
seg_002422,sample_00807,March of the GPA Mechanics - [t]ghost,1,0.6712125539779663,cnn_revised_20260919T110440Z,cnn_s1_02,val,Log-Mel CNN,0.1961877942085266,0.27336953828732174
seg_002423,sample_00807,March of the GPA Mechanics - [t]ghost,1,0.5669187903404236,cnn_revised_20260919T110440Z,cnn_s1_02,val,Log-Mel CNN,0.1961877942085266,0.27336953828732174
seg_002436,sample_00812,2 (Wasn't There) - Isle of Pine,1,0.8073391318321228,cnn_revised_20260919T110440Z,cnn_s1_02,val,Log-Mel CNN,0.1961877942085266,0.27336953828732174
seg_002437,sample_00812,2 (Wasn't There) - Isle of Pine,1,0.9143761992454529,cnn_revised_20260919T110440Z,cnn_s1_02,val,Log-Mel CNN,0.1961877942085266,0.27336953828732174
seg_002438,sample_00812,2 (Wasn't There) - Isle of Pine,1,0.9200788140296936,cnn_revised_20260919T110440Z,cnn_s1_02,val,Log-Mel CNN,0.1961877942085266,0.27336953828732174
seg_002439,sample_00813,The girl just faded - Los Llamarada,1,0.2505662143230438,cnn_revised_20260919T110440Z,cnn_s1_02,val,Log-Mel CNN,0.1961877942085266,0.27336953828732174
seg_002440,sample_00813,The girl just faded - Los Llamarada,1,0.2485271394252777,cnn_revised_20260919T110440Z,cnn_s1_02,val,Log-Mel CNN,0.1961877942085266,0.27336953828732174
seg_002441,sample_00813,The girl just faded - Los Llamarada,1,0.2656587064266205,cnn_revised_20260919T110440Z,cnn_s1_02,val,Log-Mel CNN,0.1961877942085266,0.27336953828732174
seg_002457,sample_00819,В Наших Сердцах - Чокнутый Пропеллер,1,0.7603950500488281,cnn_revised_20260919T110440Z,cnn_s1_02,val,Log-Mel CNN,0.1961877942085266,0.27336953828732174
seg_002458,sample_00819,В Наших Сердцах - Чокнутый Пропеллер,1,0.8723284602165222,cnn_revised_20260919T110440Z,cnn_s1_02,val,Log-Mel CNN,0.1961877942085266,0.27336953828732174
seg_002459,sample_00819,В Наших Сердцах - Чокнутый Пропеллер,1,0.7739303708076477,cnn_revised_20260919T110440Z,cnn_s1_02,val,Log-Mel CNN,0.1961877942085266,0.27336953828732174
seg_002460,sample_00820,Lights Up - Pipe Choir,1,0.9583666324615479,cnn_revised_20260919T110440Z,cnn_s1_02,val,Log-Mel CNN,0.1961877942085266,0.27336953828732174
seg_002461,sample_00820,Lights Up - Pipe Choir,1,0.9308469295501709,cnn_revised_20260919T110440Z,cnn_s1_02,val,Log-Mel CNN,0.1961877942085266,0.27336953828732174
seg_002462,sample_00820,Lights Up - Pipe Choir,1,0.9615644216537476,cnn_revised_20260919T110440Z,cnn_s1_02,val,Log-Mel CNN,0.1961877942085266,0.27336953828732174
seg_002466,sample_00822,Beyond Luxury - Mors Ontologica,1,0.7034196257591248,cnn_revised_20260919T110440Z,cnn_s1_02,val,Log-Mel CNN,0.1961877942085266,0.27336953828732174
seg_002467,sample_00822,Beyond Luxury - Mors Ontologica,1,0.6835194826126099,cnn_revised_20260919T110440Z,cnn_s1_02,val,Log-Mel CNN,0.1961877942085266,0.27336953828732174
seg_002468,sample_00822,Beyond Luxury - Mors Ontologica,1,0.8114380836486816,cnn_revised_20260919T110440Z,cnn_s1_02,val,Log-Mel CNN,0.1961877942085266,0.27336953828732174
seg_002529,sample_00843,Fear - Los Fancy Free,1,0.8773199915885925,cnn_revised_20260919T110440Z,cnn_s1_02,val,Log-Mel CNN,0.1961877942085266,0.27336953828732174
seg_002530,sample_00843,Fear - Los Fancy Free,1,0.840316116809845,cnn_revised_20260919T110440Z,cnn_s1_02,val,Log-Mel CNN,0.1961877942085266,0.27336953828732174
seg_002531,sample_00843,Fear - Los Fancy Free,1,0.8613999485969543,cnn_revised_20260919T110440Z,cnn_s1_02,val,Log-Mel CNN,0.1961877942085266,0.27336953828732174
seg_002622,sample_00874,Redlight - Room For A Ghost,1,0.6396716237068176,cnn_revised_20260919T110440Z,cnn_s1_02,val,Log-Mel CNN,0.1961877942085266,0.27336953828732174
seg_002623,sample_00874,Redlight - Room For A Ghost,1,0.6357374787330627,cnn_revised_20260919T110440Z,cnn_s1_02,val,Log-Mel CNN,0.1961877942085266,0.27336953828732174
seg_002624,sample_00874,Redlight - Room For A Ghost,1,0.848655641078949,cnn_revised_20260919T110440Z,cnn_s1_02,val,Log-Mel CNN,0.1961877942085266,0.27336953828732174
seg_002625,sample_00875,Shipwrecked Crew - Pete Prodoehl,1,0.653762698173523,cnn_revised_20260919T110440Z,cnn_s1_02,val,Log-Mel CNN,0.1961877942085266,0.27336953828732174
seg_002626,sample_00875,Shipwrecked Crew - Pete Prodoehl,1,0.8163922429084778,cnn_revised_20260919T110440Z,cnn_s1_02,val,Log-Mel CNN,0.1961877942085266,0.27336953828732174
seg_002627,sample_00875,Shipwrecked Crew - Pete Prodoehl,1,0.9459295272827148,cnn_revised_20260919T110440Z,cnn_s1_02,val,Log-Mel CNN,0.1961877942085266,0.27336953828732174
seg_002640,sample_00880,Morning Bell - Nihilore,1,0.920547604560852,cnn_revised_20260919T110440Z,cnn_s1_02,val,Log-Mel CNN,0.1961877942085266,0.27336953828732174
seg_002641,sample_00880,Morning Bell - Nihilore,1,0.8822574615478516,cnn_revised_20260919T110440Z,cnn_s1_02,val,Log-Mel CNN,0.1961877942085266,0.27336953828732174
seg_002642,sample_00880,Morning Bell - Nihilore,1,0.9552419185638428,cnn_revised_20260919T110440Z,cnn_s1_02,val,Log-Mel CNN,0.1961877942085266,0.27336953828732174
seg_002694,sample_00898,CopperNickle - UncleBibby,1,0.5938639044761658,cnn_revised_20260919T110440Z,cnn_s1_02,val,Log-Mel CNN,0.1961877942085266,0.27336953828732174
seg_002695,sample_00898,CopperNickle - UncleBibby,1,0.9519590735435486,cnn_revised_20260919T110440Z,cnn_s1_02,val,Log-Mel CNN,0.1961877942085266,0.27336953828732174
seg_002696,sample_00898,CopperNickle - UncleBibby,1,0.8363469839096069,cnn_revised_20260919T110440Z,cnn_s1_02,val,Log-Mel CNN,0.1961877942085266,0.27336953828732174
seg_002697,sample_00899,CopperNickle - UncleBibby,1,0.994178056716919,cnn_revised_20260919T110440Z,cnn_s1_02,val,Log-Mel CNN,0.1961877942085266,0.27336953828732174
seg_002698,sample_00899,CopperNickle - UncleBibby,1,0.9904041290283203,cnn_revised_20260919T110440Z,cnn_s1_02,val,Log-Mel CNN,0.1961877942085266,0.27336953828732174
seg_002699,sample_00899,CopperNickle - UncleBibby,1,0.9511463046073914,cnn_revised_20260919T110440Z,cnn_s1_02,val,Log-Mel CNN,0.1961877942085266,0.27336953828732174
seg_002766,sample_00922,mystery team 2090 - Jesse Futerman,1,0.4609929621219635,cnn_revised_20260919T110440Z,cnn_s1_02,val,Log-Mel CNN,0.1961877942085266,0.27336953828732174
seg_002767,sample_00922,mystery team 2090 - Jesse Futerman,1,0.3484889268875122,cnn_revised_20260919T110440Z,cnn_s1_02,val,Log-Mel CNN,0.1961877942085266,0.27336953828732174
seg_002768,sample_00922,mystery team 2090 - Jesse Futerman,1,0.9372428059577942,cnn_revised_20260919T110440Z,cnn_s1_02,val,Log-Mel CNN,0.1961877942085266,0.27336953828732174
seg_002769,sample_00923,mystery team 2090 - Jesse Futerman,1,0.3841133415699005,cnn_revised_20260919T110440Z,cnn_s1_02,val,Log-Mel CNN,0.1961877942085266,0.27336953828732174
seg_002770,sample_00923,mystery team 2090 - Jesse Futerman,1,0.5745140910148621,cnn_revised_20260919T110440Z,cnn_s1_02,val,Log-Mel CNN,0.1961877942085266,0.27336953828732174
seg_002771,sample_00923,mystery team 2090 - Jesse Futerman,1,0.8875995874404907,cnn_revised_20260919T110440Z,cnn_s1_02,val,Log-Mel CNN,0.1961877942085266,0.27336953828732174
seg_002772,sample_00924,Night Drive - Decktonic,1,0.4788438677787781,cnn_revised_20260919T110440Z,cnn_s1_02,val,Log-Mel CNN,0.1961877942085266,0.27336953828732174
seg_002773,sample_00924,Night Drive - Decktonic,1,0.829862117767334,cnn_revised_20260919T110440Z,cnn_s1_02,val,Log-Mel CNN,0.1961877942085266,0.27336953828732174
seg_002774,sample_00924,Night Drive - Decktonic,1,0.9470405578613281,cnn_revised_20260919T110440Z,cnn_s1_02,val,Log-Mel CNN,0.1961877942085266,0.27336953828732174
seg_002775,sample_00925,Night Drive - Decktonic,1,0.7301791906356812,cnn_revised_20260919T110440Z,cnn_s1_02,val,Log-Mel CNN,0.1961877942085266,0.27336953828732174
seg_002776,sample_00925,Night Drive - Decktonic,1,0.6747356653213501,cnn_revised_20260919T110440Z,cnn_s1_02,val,Log-Mel CNN,0.1961877942085266,0.27336953828732174
seg_002777,sample_00925,Night Drive - Decktonic,1,0.9542308449745178,cnn_revised_20260919T110440Z,cnn_s1_02,val,Log-Mel CNN,0.1961877942085266,0.27336953828732174
seg_002790,sample_00930,Nuo Maisemat - Paavoharju,1,0.8296422958374023,cnn_revised_20260919T110440Z,cnn_s1_02,val,Log-Mel CNN,0.1961877942085266,0.27336953828732174
seg_002791,sample_00930,Nuo Maisemat - Paavoharju,1,0.8043539524078369,cnn_revised_20260919T110440Z,cnn_s1_02,val,Log-Mel CNN,0.1961877942085266,0.27336953828732174
seg_002792,sample_00930,Nuo Maisemat - Paavoharju,1,0.8949216604232788,cnn_revised_20260919T110440Z,cnn_s1_02,val,Log-Mel CNN,0.1961877942085266,0.27336953828732174
seg_002793,sample_00931,Nuo Maisemat - Paavoharju,1,0.8140177130699158,cnn_revised_20260919T110440Z,cnn_s1_02,val,Log-Mel CNN,0.1961877942085266,0.27336953828732174
seg_002794,sample_00931,Nuo Maisemat - Paavoharju,1,0.7228183150291443,cnn_revised_20260919T110440Z,cnn_s1_02,val,Log-Mel CNN,0.1961877942085266,0.27336953828732174
seg_002795,sample_00931,Nuo Maisemat - Paavoharju,1,0.9114366769790649,cnn_revised_20260919T110440Z,cnn_s1_02,val,Log-Mel CNN,0.1961877942085266,0.27336953828732174
seg_002874,sample_00958,SD (Ill Mix) - H-LR,1,0.6794729828834534,cnn_revised_20260919T110440Z,cnn_s1_02,val,Log-Mel CNN,0.1961877942085266,0.27336953828732174
seg_002875,sample_00958,SD (Ill Mix) - H-LR,1,0.7262811660766602,cnn_revised_20260919T110440Z,cnn_s1_02,val,Log-Mel CNN,0.1961877942085266,0.27336953828732174
seg_002876,sample_00958,SD (Ill Mix) - H-LR,1,0.9713025689125061,cnn_revised_20260919T110440Z,cnn_s1_02,val,Log-Mel CNN,0.1961877942085266,0.27336953828732174
seg_002877,sample_00959,SD (Ill Mix) - H-LR,1,0.5350478291511536,cnn_revised_20260919T110440Z,cnn_s1_02,val,Log-Mel CNN,0.1961877942085266,0.27336953828732174
seg_002878,sample_00959,SD (Ill Mix) - H-LR,1,0.49199798703193665,cnn_revised_20260919T110440Z,cnn_s1_02,val,Log-Mel CNN,0.1961877942085266,0.27336953828732174
seg_002879,sample_00959,SD (Ill Mix) - H-LR,1,0.6993343830108643,cnn_revised_20260919T110440Z,cnn_s1_02,val,Log-Mel CNN,0.1961877942085266,0.27336953828732174
seg_002982,sample_00994,Evil Cannot Create - Caleb Lemond,1,0.7004412412643433,cnn_revised_20260919T110440Z,cnn_s1_02,val,Log-Mel CNN,0.1961877942085266,0.27336953828732174
seg_002983,sample_00994,Evil Cannot Create - Caleb Lemond,1,0.4392128884792328,cnn_revised_20260919T110440Z,cnn_s1_02,val,Log-Mel CNN,0.1961877942085266,0.27336953828732174
seg_002984,sample_00994,Evil Cannot Create - Caleb Lemond,1,0.9258960485458374,cnn_revised_20260919T110440Z,cnn_s1_02,val,Log-Mel CNN,0.1961877942085266,0.27336953828732174
seg_002985,sample_00995,Evil Cannot Create - Caleb Lemond,1,0.9071655869483948,cnn_revised_20260919T110440Z,cnn_s1_02,val,Log-Mel CNN,0.1961877942085266,0.27336953828732174
seg_002986,sample_00995,Evil Cannot Create - Caleb Lemond,1,0.6868419051170349,cnn_revised_20260919T110440Z,cnn_s1_02,val,Log-Mel CNN,0.1961877942085266,0.27336953828732174
seg_002987,sample_00995,Evil Cannot Create - Caleb Lemond,1,0.752131462097168,cnn_revised_20260919T110440Z,cnn_s1_02,val,Log-Mel CNN,0.1961877942085266,0.27336953828732174
seg_003090,sample_01030,New Life (take 1) - Bird Names,1,0.14113593101501465,cnn_revised_20260919T110440Z,cnn_s1_02,val,Log-Mel CNN,0.1961877942085266,0.27336953828732174
seg_003091,sample_01030,New Life (take 1) - Bird Names,1,0.10851918905973434,cnn_revised_20260919T110440Z,cnn_s1_02,val,Log-Mel CNN,0.1961877942085266,0.27336953828732174
seg_003092,sample_01030,New Life (take 1) - Bird Names,1,0.3427821099758148,cnn_revised_20260919T110440Z,cnn_s1_02,val,Log-Mel CNN,0.1961877942085266,0.27336953828732174
seg_003093,sample_01031,New Life (take 1) - Bird Names,1,0.42410221695899963,cnn_revised_20260919T110440Z,cnn_s1_02,val,Log-Mel CNN,0.1961877942085266,0.27336953828732174
seg_003094,sample_01031,New Life (take 1) - Bird Names,1,0.2212224155664444,cnn_revised_20260919T110440Z,cnn_s1_02,val,Log-Mel CNN,0.1961877942085266,0.27336953828732174
seg_003095,sample_01031,New Life (take 1) - Bird Names,1,0.6442055106163025,cnn_revised_20260919T110440Z,cnn_s1_02,val,Log-Mel CNN,0.1961877942085266,0.27336953828732174
seg_003096,sample_01032,Norweigian Wood II - Bird Names,1,0.5700289607048035,cnn_revised_20260919T110440Z,cnn_s1_02,val,Log-Mel CNN,0.1961877942085266,0.27336953828732174
seg_003097,sample_01032,Norweigian Wood II - Bird Names,1,0.15964436531066895,cnn_revised_20260919T110440Z,cnn_s1_02,val,Log-Mel CNN,0.1961877942085266,0.27336953828732174
seg_003098,sample_01032,Norweigian Wood II - Bird Names,1,0.726371169090271,cnn_revised_20260919T110440Z,cnn_s1_02,val,Log-Mel CNN,0.1961877942085266,0.27336953828732174
seg_003099,sample_01033,Norweigian Wood II - Bird Names,1,0.39186903834342957,cnn_revised_20260919T110440Z,cnn_s1_02,val,Log-Mel CNN,0.1961877942085266,0.27336953828732174
seg_003100,sample_01033,Norweigian Wood II - Bird Names,1,0.49614444375038147,cnn_revised_20260919T110440Z,cnn_s1_02,val,Log-Mel CNN,0.1961877942085266,0.27336953828732174
seg_003101,sample_01033,Norweigian Wood II - Bird Names,1,0.6042737364768982,cnn_revised_20260919T110440Z,cnn_s1_02,val,Log-Mel CNN,0.1961877942085266,0.27336953828732174
seg_003120,sample_01040,Roller Star - Monroeville Music Center,1,0.7883204817771912,cnn_revised_20260919T110440Z,cnn_s1_02,val,Log-Mel CNN,0.1961877942085266,0.27336953828732174
seg_003121,sample_01040,Roller Star - Monroeville Music Center,1,0.6479322910308838,cnn_revised_20260919T110440Z,cnn_s1_02,val,Log-Mel CNN,0.1961877942085266,0.27336953828732174
seg_003122,sample_01040,Roller Star - Monroeville Music Center,1,0.9425938129425049,cnn_revised_20260919T110440Z,cnn_s1_02,val,Log-Mel CNN,0.1961877942085266,0.27336953828732174
seg_003123,sample_01041,Roller Star - Monroeville Music Center,1,0.8750122785568237,cnn_revised_20260919T110440Z,cnn_s1_02,val,Log-Mel CNN,0.1961877942085266,0.27336953828732174
seg_003124,sample_01041,Roller Star - Monroeville Music Center,1,0.6919013261795044,cnn_revised_20260919T110440Z,cnn_s1_02,val,Log-Mel CNN,0.1961877942085266,0.27336953828732174
seg_003125,sample_01041,Roller Star - Monroeville Music Center,1,0.8177662491798401,cnn_revised_20260919T110440Z,cnn_s1_02,val,Log-Mel CNN,0.1961877942085266,0.27336953828732174
seg_003126,sample_01042,"Roundtrip - Oh Yeah, the Future",1,0.5213070511817932,cnn_revised_20260919T110440Z,cnn_s1_02,val,Log-Mel CNN,0.1961877942085266,0.27336953828732174
seg_003127,sample_01042,"Roundtrip - Oh Yeah, the Future",1,0.4906359612941742,cnn_revised_20260919T110440Z,cnn_s1_02,val,Log-Mel CNN,0.1961877942085266,0.27336953828732174
seg_003128,sample_01042,"Roundtrip - Oh Yeah, the Future",1,0.8976166248321533,cnn_revised_20260919T110440Z,cnn_s1_02,val,Log-Mel CNN,0.1961877942085266,0.27336953828732174
seg_003129,sample_01043,"Roundtrip - Oh Yeah, the Future",1,0.38080593943595886,cnn_revised_20260919T110440Z,cnn_s1_02,val,Log-Mel CNN,0.1961877942085266,0.27336953828732174
seg_003130,sample_01043,"Roundtrip - Oh Yeah, the Future",1,0.7732182145118713,cnn_revised_20260919T110440Z,cnn_s1_02,val,Log-Mel CNN,0.1961877942085266,0.27336953828732174
seg_003131,sample_01043,"Roundtrip - Oh Yeah, the Future",1,0.853648841381073,cnn_revised_20260919T110440Z,cnn_s1_02,val,Log-Mel CNN,0.1961877942085266,0.27336953828732174
seg_003144,sample_01048,Soleares&beats - Malaventura,1,0.1257331520318985,cnn_revised_20260919T110440Z,cnn_s1_02,val,Log-Mel CNN,0.1961877942085266,0.27336953828732174
seg_003145,sample_01048,Soleares&beats - Malaventura,1,0.15521231293678284,cnn_revised_20260919T110440Z,cnn_s1_02,val,Log-Mel CNN,0.1961877942085266,0.27336953828732174
seg_003146,sample_01048,Soleares&beats - Malaventura,1,0.40251031517982483,cnn_revised_20260919T110440Z,cnn_s1_02,val,Log-Mel CNN,0.1961877942085266,0.27336953828732174
seg_003147,sample_01049,Soleares&beats - Malaventura,1,0.027050506323575974,cnn_revised_20260919T110440Z,cnn_s1_02,val,Log-Mel CNN,0.1961877942085266,0.27336953828732174
seg_003148,sample_01049,Soleares&beats - Malaventura,1,0.9379499554634094,cnn_revised_20260919T110440Z,cnn_s1_02,val,Log-Mel CNN,0.1961877942085266,0.27336953828732174
seg_003149,sample_01049,Soleares&beats - Malaventura,1,0.8046128749847412,cnn_revised_20260919T110440Z,cnn_s1_02,val,Log-Mel CNN,0.1961877942085266,0.27336953828732174
seg_003162,sample_01054,Stockholm Syndrome / People Should Be More Aware - Bird Names,1,0.08309252560138702,cnn_revised_20260919T110440Z,cnn_s1_02,val,Log-Mel CNN,0.1961877942085266,0.27336953828732174
seg_003163,sample_01054,Stockholm Syndrome / People Should Be More Aware - Bird Names,1,0.5820815563201904,cnn_revised_20260919T110440Z,cnn_s1_02,val,Log-Mel CNN,0.1961877942085266,0.27336953828732174
seg_003164,sample_01054,Stockholm Syndrome / People Should Be More Aware - Bird Names,1,0.27059677243232727,cnn_revised_20260919T110440Z,cnn_s1_02,val,Log-Mel CNN,0.1961877942085266,0.27336953828732174
seg_003165,sample_01055,Stockholm Syndrome / People Should Be More Aware - Bird Names,1,0.45462584495544434,cnn_revised_20260919T110440Z,cnn_s1_02,val,Log-Mel CNN,0.1961877942085266,0.27336953828732174
seg_003166,sample_01055,Stockholm Syndrome / People Should Be More Aware - Bird Names,1,0.2099664807319641,cnn_revised_20260919T110440Z,cnn_s1_02,val,Log-Mel CNN,0.1961877942085266,0.27336953828732174
seg_003167,sample_01055,Stockholm Syndrome / People Should Be More Aware - Bird Names,1,0.3676486313343048,cnn_revised_20260919T110440Z,cnn_s1_02,val,Log-Mel CNN,0.1961877942085266,0.27336953828732174
seg_003204,sample_01068,Time Is Love - Silence is full of birds,1,0.24136239290237427,cnn_revised_20260919T110440Z,cnn_s1_02,val,Log-Mel CNN,0.1961877942085266,0.27336953828732174
seg_003205,sample_01068,Time Is Love - Silence is full of birds,1,0.2798706293106079,cnn_revised_20260919T110440Z,cnn_s1_02,val,Log-Mel CNN,0.1961877942085266,0.27336953828732174
seg_003206,sample_01068,Time Is Love - Silence is full of birds,1,0.6832507252693176,cnn_revised_20260919T110440Z,cnn_s1_02,val,Log-Mel CNN,0.1961877942085266,0.27336953828732174
seg_003207,sample_01069,Time Is Love - Silence is full of birds,1,0.5688334703445435,cnn_revised_20260919T110440Z,cnn_s1_02,val,Log-Mel CNN,0.1961877942085266,0.27336953828732174
seg_003208,sample_01069,Time Is Love - Silence is full of birds,1,0.8144710063934326,cnn_revised_20260919T110440Z,cnn_s1_02,val,Log-Mel CNN,0.1961877942085266,0.27336953828732174
seg_003209,sample_01069,Time Is Love - Silence is full of birds,1,0.9229453802108765,cnn_revised_20260919T110440Z,cnn_s1_02,val,Log-Mel CNN,0.1961877942085266,0.27336953828732174
seg_003246,sample_01082,2 (Wasn't There) - Isle of Pine,1,0.5977861285209656,cnn_revised_20260919T110440Z,cnn_s1_02,val,Log-Mel CNN,0.1961877942085266,0.27336953828732174
seg_003247,sample_01082,2 (Wasn't There) - Isle of Pine,1,0.5676540732383728,cnn_revised_20260919T110440Z,cnn_s1_02,val,Log-Mel CNN,0.1961877942085266,0.27336953828732174
seg_003248,sample_01082,2 (Wasn't There) - Isle of Pine,1,0.9222171306610107,cnn_revised_20260919T110440Z,cnn_s1_02,val,Log-Mel CNN,0.1961877942085266,0.27336953828732174
seg_003249,sample_01083,2 (Wasn't There) - Isle of Pine,1,0.19611209630966187,cnn_revised_20260919T110440Z,cnn_s1_02,val,Log-Mel CNN,0.1961877942085266,0.27336953828732174
seg_003250,sample_01083,2 (Wasn't There) - Isle of Pine,1,0.4724156856536865,cnn_revised_20260919T110440Z,cnn_s1_02,val,Log-Mel CNN,0.1961877942085266,0.27336953828732174
seg_003251,sample_01083,2 (Wasn't There) - Isle of Pine,1,0.5430836081504822,cnn_revised_20260919T110440Z,cnn_s1_02,val,Log-Mel CNN,0.1961877942085266,0.27336953828732174
seg_003276,sample_01092,Empty Pockets - Pete Prodoehl,1,0.501684308052063,cnn_revised_20260919T110440Z,cnn_s1_02,val,Log-Mel CNN,0.1961877942085266,0.27336953828732174
seg_003277,sample_01092,Empty Pockets - Pete Prodoehl,1,0.8447167277336121,cnn_revised_20260919T110440Z,cnn_s1_02,val,Log-Mel CNN,0.1961877942085266,0.27336953828732174
seg_003278,sample_01092,Empty Pockets - Pete Prodoehl,1,0.4670490324497223,cnn_revised_20260919T110440Z,cnn_s1_02,val,Log-Mel CNN,0.1961877942085266,0.27336953828732174
seg_003279,sample_01093,Empty Pockets - Pete Prodoehl,1,0.7047898769378662,cnn_revised_20260919T110440Z,cnn_s1_02,val,Log-Mel CNN,0.1961877942085266,0.27336953828732174
seg_003280,sample_01093,Empty Pockets - Pete Prodoehl,1,0.41070908308029175,cnn_revised_20260919T110440Z,cnn_s1_02,val,Log-Mel CNN,0.1961877942085266,0.27336953828732174
seg_003281,sample_01093,Empty Pockets - Pete Prodoehl,1,0.38786572217941284,cnn_revised_20260919T110440Z,cnn_s1_02,val,Log-Mel CNN,0.1961877942085266,0.27336953828732174
seg_003294,sample_01098,Gila Monster Flop/Music History Lesson:The Sonics - The Crypts!,1,0.13662080466747284,cnn_revised_20260919T110440Z,cnn_s1_02,val,Log-Mel CNN,0.1961877942085266,0.27336953828732174
seg_003295,sample_01098,Gila Monster Flop/Music History Lesson:The Sonics - The Crypts!,1,0.3475572466850281,cnn_revised_20260919T110440Z,cnn_s1_02,val,Log-Mel CNN,0.1961877942085266,0.27336953828732174
seg_003296,sample_01098,Gila Monster Flop/Music History Lesson:The Sonics - The Crypts!,1,0.3954896628856659,cnn_revised_20260919T110440Z,cnn_s1_02,val,Log-Mel CNN,0.1961877942085266,0.27336953828732174
seg_003297,sample_01099,Gila Monster Flop/Music History Lesson:The Sonics - The Crypts!,1,0.049843352288007736,cnn_revised_20260919T110440Z,cnn_s1_02,val,Log-Mel CNN,0.1961877942085266,0.27336953828732174
seg_003298,sample_01099,Gila Monster Flop/Music History Lesson:The Sonics - The Crypts!,1,0.42869833111763,cnn_revised_20260919T110440Z,cnn_s1_02,val,Log-Mel CNN,0.1961877942085266,0.27336953828732174
seg_003299,sample_01099,Gila Monster Flop/Music History Lesson:The Sonics - The Crypts!,1,0.6491484045982361,cnn_revised_20260919T110440Z,cnn_s1_02,val,Log-Mel CNN,0.1961877942085266,0.27336953828732174
seg_003312,sample_01104,I Fell - Mod Fun,1,0.5396543741226196,cnn_revised_20260919T110440Z,cnn_s1_02,val,Log-Mel CNN,0.1961877942085266,0.27336953828732174
seg_003313,sample_01104,I Fell - Mod Fun,1,0.5506708025932312,cnn_revised_20260919T110440Z,cnn_s1_02,val,Log-Mel CNN,0.1961877942085266,0.27336953828732174
seg_003314,sample_01104,I Fell - Mod Fun,1,0.7938717007637024,cnn_revised_20260919T110440Z,cnn_s1_02,val,Log-Mel CNN,0.1961877942085266,0.27336953828732174
seg_003315,sample_01105,I Fell - Mod Fun,1,0.4623979330062866,cnn_revised_20260919T110440Z,cnn_s1_02,val,Log-Mel CNN,0.1961877942085266,0.27336953828732174
seg_003316,sample_01105,I Fell - Mod Fun,1,0.48901721835136414,cnn_revised_20260919T110440Z,cnn_s1_02,val,Log-Mel CNN,0.1961877942085266,0.27336953828732174
seg_003317,sample_01105,I Fell - Mod Fun,1,0.3908635973930359,cnn_revised_20260919T110440Z,cnn_s1_02,val,Log-Mel CNN,0.1961877942085266,0.27336953828732174
seg_003360,sample_01120,March of the GPA Mechanics - [t]ghost,1,0.22371475398540497,cnn_revised_20260919T110440Z,cnn_s1_02,val,Log-Mel CNN,0.1961877942085266,0.27336953828732174
seg_003361,sample_01120,March of the GPA Mechanics - [t]ghost,1,0.6073256731033325,cnn_revised_20260919T110440Z,cnn_s1_02,val,Log-Mel CNN,0.1961877942085266,0.27336953828732174
seg_003362,sample_01120,March of the GPA Mechanics - [t]ghost,1,0.6935805082321167,cnn_revised_20260919T110440Z,cnn_s1_02,val,Log-Mel CNN,0.1961877942085266,0.27336953828732174
seg_003363,sample_01121,March of the GPA Mechanics - [t]ghost,1,0.32578644156455994,cnn_revised_20260919T110440Z,cnn_s1_02,val,Log-Mel CNN,0.1961877942085266,0.27336953828732174
seg_003364,sample_01121,March of the GPA Mechanics - [t]ghost,1,0.7509467601776123,cnn_revised_20260919T110440Z,cnn_s1_02,val,Log-Mel CNN,0.1961877942085266,0.27336953828732174
seg_003365,sample_01121,March of the GPA Mechanics - [t]ghost,1,0.899310827255249,cnn_revised_20260919T110440Z,cnn_s1_02,val,Log-Mel CNN,0.1961877942085266,0.27336953828732174
seg_003420,sample_01140,Scramby Eggs - Andy G. Cohen,1,0.5244041085243225,cnn_revised_20260919T110440Z,cnn_s1_02,val,Log-Mel CNN,0.1961877942085266,0.27336953828732174
seg_003421,sample_01140,Scramby Eggs - Andy G. Cohen,1,0.5814082026481628,cnn_revised_20260919T110440Z,cnn_s1_02,val,Log-Mel CNN,0.1961877942085266,0.27336953828732174
seg_003422,sample_01140,Scramby Eggs - Andy G. Cohen,1,0.8100773096084595,cnn_revised_20260919T110440Z,cnn_s1_02,val,Log-Mel CNN,0.1961877942085266,0.27336953828732174
seg_003423,sample_01141,Scramby Eggs - Andy G. Cohen,1,0.4676096737384796,cnn_revised_20260919T110440Z,cnn_s1_02,val,Log-Mel CNN,0.1961877942085266,0.27336953828732174
seg_003424,sample_01141,Scramby Eggs - Andy G. Cohen,1,0.1796339601278305,cnn_revised_20260919T110440Z,cnn_s1_02,val,Log-Mel CNN,0.1961877942085266,0.27336953828732174
seg_003425,sample_01141,Scramby Eggs - Andy G. Cohen,1,0.7476754784584045,cnn_revised_20260919T110440Z,cnn_s1_02,val,Log-Mel CNN,0.1961877942085266,0.27336953828732174
seg_003474,sample_01158,The girl just faded - Los Llamarada,1,0.3513035476207733,cnn_revised_20260919T110440Z,cnn_s1_02,val,Log-Mel CNN,0.1961877942085266,0.27336953828732174
seg_003475,sample_01158,The girl just faded - Los Llamarada,1,0.8601794838905334,cnn_revised_20260919T110440Z,cnn_s1_02,val,Log-Mel CNN,0.1961877942085266,0.27336953828732174
seg_003476,sample_01158,The girl just faded - Los Llamarada,1,0.9723497629165649,cnn_revised_20260919T110440Z,cnn_s1_02,val,Log-Mel CNN,0.1961877942085266,0.27336953828732174
seg_003477,sample_01159,The girl just faded - Los Llamarada,1,0.2581210732460022,cnn_revised_20260919T110440Z,cnn_s1_02,val,Log-Mel CNN,0.1961877942085266,0.27336953828732174
seg_003478,sample_01159,The girl just faded - Los Llamarada,1,0.5819129347801208,cnn_revised_20260919T110440Z,cnn_s1_02,val,Log-Mel CNN,0.1961877942085266,0.27336953828732174
seg_003479,sample_01159,The girl just faded - Los Llamarada,1,0.7694604396820068,cnn_revised_20260919T110440Z,cnn_s1_02,val,Log-Mel CNN,0.1961877942085266,0.27336953828732174
seg_003492,sample_01164,Voxel - Andy G. Cohen,1,0.5196428894996643,cnn_revised_20260919T110440Z,cnn_s1_02,val,Log-Mel CNN,0.1961877942085266,0.27336953828732174
seg_003493,sample_01164,Voxel - Andy G. Cohen,1,0.3604080379009247,cnn_revised_20260919T110440Z,cnn_s1_02,val,Log-Mel CNN,0.1961877942085266,0.27336953828732174
seg_003494,sample_01164,Voxel - Andy G. Cohen,1,0.01883947104215622,cnn_revised_20260919T110440Z,cnn_s1_02,val,Log-Mel CNN,0.1961877942085266,0.27336953828732174
seg_003495,sample_01165,Voxel - Andy G. Cohen,1,0.7189977169036865,cnn_revised_20260919T110440Z,cnn_s1_02,val,Log-Mel CNN,0.1961877942085266,0.27336953828732174
seg_003496,sample_01165,Voxel - Andy G. Cohen,1,0.9324145913124084,cnn_revised_20260919T110440Z,cnn_s1_02,val,Log-Mel CNN,0.1961877942085266,0.27336953828732174
seg_003497,sample_01165,Voxel - Andy G. Cohen,1,0.9845536947250366,cnn_revised_20260919T110440Z,cnn_s1_02,val,Log-Mel CNN,0.1961877942085266,0.27336953828732174
seg_003516,sample_01172,Windows of the Skull - Sarin,1,0.7686527371406555,cnn_revised_20260919T110440Z,cnn_s1_02,val,Log-Mel CNN,0.1961877942085266,0.27336953828732174
seg_003517,sample_01172,Windows of the Skull - Sarin,1,0.1342843919992447,cnn_revised_20260919T110440Z,cnn_s1_02,val,Log-Mel CNN,0.1961877942085266,0.27336953828732174
seg_003518,sample_01172,Windows of the Skull - Sarin,1,0.9058709740638733,cnn_revised_20260919T110440Z,cnn_s1_02,val,Log-Mel CNN,0.1961877942085266,0.27336953828732174
seg_003519,sample_01173,Windows of the Skull - Sarin,1,0.8910558223724365,cnn_revised_20260919T110440Z,cnn_s1_02,val,Log-Mel CNN,0.1961877942085266,0.27336953828732174
seg_003520,sample_01173,Windows of the Skull - Sarin,1,0.18976373970508575,cnn_revised_20260919T110440Z,cnn_s1_02,val,Log-Mel CNN,0.1961877942085266,0.27336953828732174
seg_003521,sample_01173,Windows of the Skull - Sarin,1,0.8771225810050964,cnn_revised_20260919T110440Z,cnn_s1_02,val,Log-Mel CNN,0.1961877942085266,0.27336953828732174
seg_003534,sample_01178,Новый Нью-Йорк 2 - Чокнутый Пропеллер,1,0.29238161444664,cnn_revised_20260919T110440Z,cnn_s1_02,val,Log-Mel CNN,0.1961877942085266,0.27336953828732174
seg_003535,sample_01178,Новый Нью-Йорк 2 - Чокнутый Пропеллер,1,0.5869286060333252,cnn_revised_20260919T110440Z,cnn_s1_02,val,Log-Mel CNN,0.1961877942085266,0.27336953828732174
seg_003536,sample_01178,Новый Нью-Йорк 2 - Чокнутый Пропеллер,1,0.4644750952720642,cnn_revised_20260919T110440Z,cnn_s1_02,val,Log-Mel CNN,0.1961877942085266,0.27336953828732174
seg_003537,sample_01179,Новый Нью-Йорк 2 - Чокнутый Пропеллер,1,0.5287580490112305,cnn_revised_20260919T110440Z,cnn_s1_02,val,Log-Mel CNN,0.1961877942085266,0.27336953828732174
seg_003538,sample_01179,Новый Нью-Йорк 2 - Чокнутый Пропеллер,1,0.4396498203277588,cnn_revised_20260919T110440Z,cnn_s1_02,val,Log-Mel CNN,0.1961877942085266,0.27336953828732174
seg_003539,sample_01179,Новый Нью-Йорк 2 - Чокнутый Пропеллер,1,0.6133254766464233,cnn_revised_20260919T110440Z,cnn_s1_02,val,Log-Mel CNN,0.1961877942085266,0.27336953828732174
seg_003597,sample_01199,CopperNickle - UncleBibby,1,0.7769131660461426,cnn_revised_20260919T110440Z,cnn_s1_02,val,Log-Mel CNN,0.1961877942085266,0.27336953828732174
seg_003598,sample_01199,CopperNickle - UncleBibby,1,0.8085423707962036,cnn_revised_20260919T110440Z,cnn_s1_02,val,Log-Mel CNN,0.1961877942085266,0.27336953828732174
seg_003599,sample_01199,CopperNickle - UncleBibby,1,0.9878288507461548,cnn_revised_20260919T110440Z,cnn_s1_02,val,Log-Mel CNN,0.1961877942085266,0.27336953828732174
seg_003606,sample_01202,Daylight Savings - My brother Daniel,1,0.30068960785865784,cnn_revised_20260919T110440Z,cnn_s1_02,val,Log-Mel CNN,0.1961877942085266,0.27336953828732174
seg_003607,sample_01202,Daylight Savings - My brother Daniel,1,0.6928688883781433,cnn_revised_20260919T110440Z,cnn_s1_02,val,Log-Mel CNN,0.1961877942085266,0.27336953828732174
seg_003608,sample_01202,Daylight Savings - My brother Daniel,1,0.502045750617981,cnn_revised_20260919T110440Z,cnn_s1_02,val,Log-Mel CNN,0.1961877942085266,0.27336953828732174
seg_003633,sample_01211,Fifth Ramble - From the album Keith [RSVP007] - My brother Daniel,1,0.6947407126426697,cnn_revised_20260919T110440Z,cnn_s1_02,val,Log-Mel CNN,0.1961877942085266,0.27336953828732174
seg_003634,sample_01211,Fifth Ramble - From the album Keith [RSVP007] - My brother Daniel,1,0.44679322838783264,cnn_revised_20260919T110440Z,cnn_s1_02,val,Log-Mel CNN,0.1961877942085266,0.27336953828732174
seg_003635,sample_01211,Fifth Ramble - From the album Keith [RSVP007] - My brother Daniel,1,0.45274069905281067,cnn_revised_20260919T110440Z,cnn_s1_02,val,Log-Mel CNN,0.1961877942085266,0.27336953828732174
seg_003657,sample_01219,If You're Ther - Nicola Ratti,1,0.3434351980686188,cnn_revised_20260919T110440Z,cnn_s1_02,val,Log-Mel CNN,0.1961877942085266,0.27336953828732174
seg_003658,sample_01219,If You're Ther - Nicola Ratti,1,0.4353249967098236,cnn_revised_20260919T110440Z,cnn_s1_02,val,Log-Mel CNN,0.1961877942085266,0.27336953828732174
seg_003659,sample_01219,If You're Ther - Nicola Ratti,1,0.9877383708953857,cnn_revised_20260919T110440Z,cnn_s1_02,val,Log-Mel CNN,0.1961877942085266,0.27336953828732174
seg_003681,sample_01227,Kumorizoranohajimarutokoro - Hosomi,1,0.8106160759925842,cnn_revised_20260919T110440Z,cnn_s1_02,val,Log-Mel CNN,0.1961877942085266,0.27336953828732174
seg_003682,sample_01227,Kumorizoranohajimarutokoro - Hosomi,1,0.6074742078781128,cnn_revised_20260919T110440Z,cnn_s1_02,val,Log-Mel CNN,0.1961877942085266,0.27336953828732174
seg_003683,sample_01227,Kumorizoranohajimarutokoro - Hosomi,1,0.9482589960098267,cnn_revised_20260919T110440Z,cnn_s1_02,val,Log-Mel CNN,0.1961877942085266,0.27336953828732174
seg_003708,sample_01236,Loved Ones - Rowan Box,1,0.9435999393463135,cnn_revised_20260919T110440Z,cnn_s1_02,val,Log-Mel CNN,0.1961877942085266,0.27336953828732174
seg_003709,sample_01236,Loved Ones - Rowan Box,1,0.9941188097000122,cnn_revised_20260919T110440Z,cnn_s1_02,val,Log-Mel CNN,0.1961877942085266,0.27336953828732174
seg_003710,sample_01236,Loved Ones - Rowan Box,1,0.4829972982406616,cnn_revised_20260919T110440Z,cnn_s1_02,val,Log-Mel CNN,0.1961877942085266,0.27336953828732174
seg_003711,sample_01237,Morning Bell - Nihilore,1,0.385794460773468,cnn_revised_20260919T110440Z,cnn_s1_02,val,Log-Mel CNN,0.1961877942085266,0.27336953828732174
seg_003712,sample_01237,Morning Bell - Nihilore,1,0.7469540238380432,cnn_revised_20260919T110440Z,cnn_s1_02,val,Log-Mel CNN,0.1961877942085266,0.27336953828732174
seg_003713,sample_01237,Morning Bell - Nihilore,1,0.9842185378074646,cnn_revised_20260919T110440Z,cnn_s1_02,val,Log-Mel CNN,0.1961877942085266,0.27336953828732174
seg_003714,sample_01238,mystery team 2090 - Jesse Futerman,1,0.5297807455062866,cnn_revised_20260919T110440Z,cnn_s1_02,val,Log-Mel CNN,0.1961877942085266,0.27336953828732174
seg_003715,sample_01238,mystery team 2090 - Jesse Futerman,1,0.24477340281009674,cnn_revised_20260919T110440Z,cnn_s1_02,val,Log-Mel CNN,0.1961877942085266,0.27336953828732174
seg_003716,sample_01238,mystery team 2090 - Jesse Futerman,1,0.5405306816101074,cnn_revised_20260919T110440Z,cnn_s1_02,val,Log-Mel CNN,0.1961877942085266,0.27336953828732174
seg_003717,sample_01239,Night Drive - Decktonic,1,0.7601456046104431,cnn_revised_20260919T110440Z,cnn_s1_02,val,Log-Mel CNN,0.1961877942085266,0.27336953828732174
seg_003718,sample_01239,Night Drive - Decktonic,1,0.9639959335327148,cnn_revised_20260919T110440Z,cnn_s1_02,val,Log-Mel CNN,0.1961877942085266,0.27336953828732174
seg_003719,sample_01239,Night Drive - Decktonic,1,0.9393919110298157,cnn_revised_20260919T110440Z,cnn_s1_02,val,Log-Mel CNN,0.1961877942085266,0.27336953828732174
seg_003729,sample_01243,Nuo Maisemat - Paavoharju,1,0.8530680537223816,cnn_revised_20260919T110440Z,cnn_s1_02,val,Log-Mel CNN,0.1961877942085266,0.27336953828732174
seg_003730,sample_01243,Nuo Maisemat - Paavoharju,1,0.9703288078308105,cnn_revised_20260919T110440Z,cnn_s1_02,val,Log-Mel CNN,0.1961877942085266,0.27336953828732174
seg_003731,sample_01243,Nuo Maisemat - Paavoharju,1,0.8257244229316711,cnn_revised_20260919T110440Z,cnn_s1_02,val,Log-Mel CNN,0.1961877942085266,0.27336953828732174
seg_003780,sample_01260,SD (Ill Mix) - H-LR,1,0.7918667793273926,cnn_revised_20260919T110440Z,cnn_s1_02,val,Log-Mel CNN,0.1961877942085266,0.27336953828732174
seg_003781,sample_01260,SD (Ill Mix) - H-LR,1,0.8017260432243347,cnn_revised_20260919T110440Z,cnn_s1_02,val,Log-Mel CNN,0.1961877942085266,0.27336953828732174
seg_003782,sample_01260,SD (Ill Mix) - H-LR,1,0.896979808807373,cnn_revised_20260919T110440Z,cnn_s1_02,val,Log-Mel CNN,0.1961877942085266,0.27336953828732174
seg_003795,sample_01265,some dextromethorphan - Jeva,1,0.7869830131530762,cnn_revised_20260919T110440Z,cnn_s1_02,val,Log-Mel CNN,0.1961877942085266,0.27336953828732174
seg_003796,sample_01265,some dextromethorphan - Jeva,1,0.9105802178382874,cnn_revised_20260919T110440Z,cnn_s1_02,val,Log-Mel CNN,0.1961877942085266,0.27336953828732174
seg_003797,sample_01265,some dextromethorphan - Jeva,1,0.9862068295478821,cnn_revised_20260919T110440Z,cnn_s1_02,val,Log-Mel CNN,0.1961877942085266,0.27336953828732174
seg_003804,sample_01268,Sturgeon's Law - Nihilore,1,0.8379387259483337,cnn_revised_20260919T110440Z,cnn_s1_02,val,Log-Mel CNN,0.1961877942085266,0.27336953828732174
seg_003805,sample_01268,Sturgeon's Law - Nihilore,1,0.9547134637832642,cnn_revised_20260919T110440Z,cnn_s1_02,val,Log-Mel CNN,0.1961877942085266,0.27336953828732174
seg_003806,sample_01268,Sturgeon's Law - Nihilore,1,0.9911465048789978,cnn_revised_20260919T110440Z,cnn_s1_02,val,Log-Mel CNN,0.1961877942085266,0.27336953828732174
seg_003840,sample_01280,The Stairway - WarpToken,1,0.7707260251045227,cnn_revised_20260919T110440Z,cnn_s1_02,val,Log-Mel CNN,0.1961877942085266,0.27336953828732174
seg_003841,sample_01280,The Stairway - WarpToken,1,0.9291291236877441,cnn_revised_20260919T110440Z,cnn_s1_02,val,Log-Mel CNN,0.1961877942085266,0.27336953828732174
seg_003842,sample_01280,The Stairway - WarpToken,1,0.9883337020874023,cnn_revised_20260919T110440Z,cnn_s1_02,val,Log-Mel CNN,0.1961877942085266,0.27336953828732174
seg_003843,sample_01281,Three Bird - My brother Daniel,1,0.9610996842384338,cnn_revised_20260919T110440Z,cnn_s1_02,val,Log-Mel CNN,0.1961877942085266,0.27336953828732174
seg_003844,sample_01281,Three Bird - My brother Daniel,1,0.9740917086601257,cnn_revised_20260919T110440Z,cnn_s1_02,val,Log-Mel CNN,0.1961877942085266,0.27336953828732174
seg_003845,sample_01281,Three Bird - My brother Daniel,1,0.9883525967597961,cnn_revised_20260919T110440Z,cnn_s1_02,val,Log-Mel CNN,0.1961877942085266,0.27336953828732174
seg_003846,sample_01282,Timen Passing By - Jason Shaw,1,0.6284204125404358,cnn_revised_20260919T110440Z,cnn_s1_02,val,Log-Mel CNN,0.1961877942085266,0.27336953828732174
seg_003847,sample_01282,Timen Passing By - Jason Shaw,1,0.988237202167511,cnn_revised_20260919T110440Z,cnn_s1_02,val,Log-Mel CNN,0.1961877942085266,0.27336953828732174
seg_003848,sample_01282,Timen Passing By - Jason Shaw,1,0.9758453965187073,cnn_revised_20260919T110440Z,cnn_s1_02,val,Log-Mel CNN,0.1961877942085266,0.27336953828732174
seg_003864,sample_01288,Understand That This Is A Dream - From the album Modulating Coil [RSVP008] - Forrest James,1,0.869079053401947,cnn_revised_20260919T110440Z,cnn_s1_02,val,Log-Mel CNN,0.1961877942085266,0.27336953828732174
seg_003865,sample_01288,Understand That This Is A Dream - From the album Modulating Coil [RSVP008] - Forrest James,1,0.9918071627616882,cnn_revised_20260919T110440Z,cnn_s1_02,val,Log-Mel CNN,0.1961877942085266,0.27336953828732174
seg_003866,sample_01288,Understand That This Is A Dream - From the album Modulating Coil [RSVP008] - Forrest James,1,0.9766964912414551,cnn_revised_20260919T110440Z,cnn_s1_02,val,Log-Mel CNN,0.1961877942085266,0.27336953828732174
seg_003873,sample_01291,Westside Chillers - Little Glass Men,1,0.9268162250518799,cnn_revised_20260919T110440Z,cnn_s1_02,val,Log-Mel CNN,0.1961877942085266,0.27336953828732174
seg_003874,sample_01291,Westside Chillers - Little Glass Men,1,0.8137874603271484,cnn_revised_20260919T110440Z,cnn_s1_02,val,Log-Mel CNN,0.1961877942085266,0.27336953828732174
seg_003875,sample_01291,Westside Chillers - Little Glass Men,1,0.5324476361274719,cnn_revised_20260919T110440Z,cnn_s1_02,val,Log-Mel CNN,0.1961877942085266,0.27336953828732174
seg_003885,sample_01295,Agora - Malaventura,1,0.5766057968139648,cnn_revised_20260919T110440Z,cnn_s1_02,val,Log-Mel CNN,0.1961877942085266,0.27336953828732174
seg_003886,sample_01295,Agora - Malaventura,1,0.7048932313919067,cnn_revised_20260919T110440Z,cnn_s1_02,val,Log-Mel CNN,0.1961877942085266,0.27336953828732174
seg_003887,sample_01295,Agora - Malaventura,1,0.8959096670150757,cnn_revised_20260919T110440Z,cnn_s1_02,val,Log-Mel CNN,0.1961877942085266,0.27336953828732174
seg_003912,sample_01304,Evil Cannot Create - Caleb Lemond,1,0.5332016944885254,cnn_revised_20260919T110440Z,cnn_s1_02,val,Log-Mel CNN,0.1961877942085266,0.27336953828732174
seg_003913,sample_01304,Evil Cannot Create - Caleb Lemond,1,0.707673966884613,cnn_revised_20260919T110440Z,cnn_s1_02,val,Log-Mel CNN,0.1961877942085266,0.27336953828732174
seg_003914,sample_01304,Evil Cannot Create - Caleb Lemond,1,0.9602237939834595,cnn_revised_20260919T110440Z,cnn_s1_02,val,Log-Mel CNN,0.1961877942085266,0.27336953828732174
seg_003972,sample_01324,My Body Is A Weapon (Compromise Edit) - Silence is full of birds,1,0.6984202861785889,cnn_revised_20260919T110440Z,cnn_s1_02,val,Log-Mel CNN,0.1961877942085266,0.27336953828732174
seg_003973,sample_01324,My Body Is A Weapon (Compromise Edit) - Silence is full of birds,1,0.9510285258293152,cnn_revised_20260919T110440Z,cnn_s1_02,val,Log-Mel CNN,0.1961877942085266,0.27336953828732174
seg_003974,sample_01324,My Body Is A Weapon (Compromise Edit) - Silence is full of birds,1,0.9790118336677551,cnn_revised_20260919T110440Z,cnn_s1_02,val,Log-Mel CNN,0.1961877942085266,0.27336953828732174
seg_003975,sample_01325,My Body Is A Weapon (Compromise Edit) - Silence is full of birds,1,0.7964743375778198,cnn_revised_20260919T110440Z,cnn_s1_02,val,Log-Mel CNN,0.1961877942085266,0.27336953828732174
seg_003976,sample_01325,My Body Is A Weapon (Compromise Edit) - Silence is full of birds,1,0.9423546195030212,cnn_revised_20260919T110440Z,cnn_s1_02,val,Log-Mel CNN,0.1961877942085266,0.27336953828732174
seg_003977,sample_01325,My Body Is A Weapon (Compromise Edit) - Silence is full of birds,1,0.9604114294052124,cnn_revised_20260919T110440Z,cnn_s1_02,val,Log-Mel CNN,0.1961877942085266,0.27336953828732174
seg_003987,sample_01329,New Life (take 1) - Bird Names,1,0.9487892389297485,cnn_revised_20260919T110440Z,cnn_s1_02,val,Log-Mel CNN,0.1961877942085266,0.27336953828732174
seg_003988,sample_01329,New Life (take 1) - Bird Names,1,0.8520796298980713,cnn_revised_20260919T110440Z,cnn_s1_02,val,Log-Mel CNN,0.1961877942085266,0.27336953828732174
seg_003989,sample_01329,New Life (take 1) - Bird Names,1,0.7831009030342102,cnn_revised_20260919T110440Z,cnn_s1_02,val,Log-Mel CNN,0.1961877942085266,0.27336953828732174
seg_003990,sample_01330,New Life (take 1) - Bird Names,1,0.7911804914474487,cnn_revised_20260919T110440Z,cnn_s1_02,val,Log-Mel CNN,0.1961877942085266,0.27336953828732174
seg_003991,sample_01330,New Life (take 1) - Bird Names,1,0.6085147857666016,cnn_revised_20260919T110440Z,cnn_s1_02,val,Log-Mel CNN,0.1961877942085266,0.27336953828732174
seg_003992,sample_01330,New Life (take 1) - Bird Names,1,0.9934857487678528,cnn_revised_20260919T110440Z,cnn_s1_02,val,Log-Mel CNN,0.1961877942085266,0.27336953828732174
seg_003993,sample_01331,Norweigian Wood II - Bird Names,1,0.14845235645771027,cnn_revised_20260919T110440Z,cnn_s1_02,val,Log-Mel CNN,0.1961877942085266,0.27336953828732174
seg_003994,sample_01331,Norweigian Wood II - Bird Names,1,0.03318442776799202,cnn_revised_20260919T110440Z,cnn_s1_02,val,Log-Mel CNN,0.1961877942085266,0.27336953828732174
seg_003995,sample_01331,Norweigian Wood II - Bird Names,1,0.2231210321187973,cnn_revised_20260919T110440Z,cnn_s1_02,val,Log-Mel CNN,0.1961877942085266,0.27336953828732174
seg_004020,sample_01340,Roller Star - Monroeville Music Center,1,0.9878853559494019,cnn_revised_20260919T110440Z,cnn_s1_02,val,Log-Mel CNN,0.1961877942085266,0.27336953828732174
seg_004021,sample_01340,Roller Star - Monroeville Music Center,1,0.9943134784698486,cnn_revised_20260919T110440Z,cnn_s1_02,val,Log-Mel CNN,0.1961877942085266,0.27336953828732174
seg_004022,sample_01340,Roller Star - Monroeville Music Center,1,0.9921301007270813,cnn_revised_20260919T110440Z,cnn_s1_02,val,Log-Mel CNN,0.1961877942085266,0.27336953828732174
seg_004023,sample_01341,"Roundtrip - Oh Yeah, the Future",1,0.5745081305503845,cnn_revised_20260919T110440Z,cnn_s1_02,val,Log-Mel CNN,0.1961877942085266,0.27336953828732174
seg_004024,sample_01341,"Roundtrip - Oh Yeah, the Future",1,0.631198525428772,cnn_revised_20260919T110440Z,cnn_s1_02,val,Log-Mel CNN,0.1961877942085266,0.27336953828732174
seg_004025,sample_01341,"Roundtrip - Oh Yeah, the Future",1,0.9808323383331299,cnn_revised_20260919T110440Z,cnn_s1_02,val,Log-Mel CNN,0.1961877942085266,0.27336953828732174
seg_004041,sample_01347,Soleares&beats - Malaventura,1,0.8534600138664246,cnn_revised_20260919T110440Z,cnn_s1_02,val,Log-Mel CNN,0.1961877942085266,0.27336953828732174
seg_004042,sample_01347,Soleares&beats - Malaventura,1,0.906174898147583,cnn_revised_20260919T110440Z,cnn_s1_02,val,Log-Mel CNN,0.1961877942085266,0.27336953828732174
seg_004043,sample_01347,Soleares&beats - Malaventura,1,0.9896871447563171,cnn_revised_20260919T110440Z,cnn_s1_02,val,Log-Mel CNN,0.1961877942085266,0.27336953828732174
seg_004053,sample_01351,Stockholm Syndrome / People Should Be More Aware - Bird Names,1,0.7907655835151672,cnn_revised_20260919T110440Z,cnn_s1_02,val,Log-Mel CNN,0.1961877942085266,0.27336953828732174
seg_004054,sample_01351,Stockholm Syndrome / People Should Be More Aware - Bird Names,1,0.13025718927383423,cnn_revised_20260919T110440Z,cnn_s1_02,val,Log-Mel CNN,0.1961877942085266,0.27336953828732174
seg_004055,sample_01351,Stockholm Syndrome / People Should Be More Aware - Bird Names,1,0.9475409984588623,cnn_revised_20260919T110440Z,cnn_s1_02,val,Log-Mel CNN,0.1961877942085266,0.27336953828732174
seg_004056,sample_01352,Stockholm Syndrome / People Should Be More Aware - Bird Names,1,0.7304487824440002,cnn_revised_20260919T110440Z,cnn_s1_02,val,Log-Mel CNN,0.1961877942085266,0.27336953828732174
seg_004057,sample_01352,Stockholm Syndrome / People Should Be More Aware - Bird Names,1,0.8559679388999939,cnn_revised_20260919T110440Z,cnn_s1_02,val,Log-Mel CNN,0.1961877942085266,0.27336953828732174
seg_004058,sample_01352,Stockholm Syndrome / People Should Be More Aware - Bird Names,1,0.3576507270336151,cnn_revised_20260919T110440Z,cnn_s1_02,val,Log-Mel CNN,0.1961877942085266,0.27336953828732174
seg_004086,sample_01362,Time Is Love - Silence is full of birds,1,0.6592941284179688,cnn_revised_20260919T110440Z,cnn_s1_02,val,Log-Mel CNN,0.1961877942085266,0.27336953828732174
seg_004087,sample_01362,Time Is Love - Silence is full of birds,1,0.5522242188453674,cnn_revised_20260919T110440Z,cnn_s1_02,val,Log-Mel CNN,0.1961877942085266,0.27336953828732174
seg_004088,sample_01362,Time Is Love - Silence is full of birds,1,0.9870384931564331,cnn_revised_20260919T110440Z,cnn_s1_02,val,Log-Mel CNN,0.1961877942085266,0.27336953828732174
seg_004116,sample_01372,2 (Wasn't There) - Isle of Pine,1,0.9492568969726562,cnn_revised_20260919T110440Z,cnn_s1_02,val,Log-Mel CNN,0.1961877942085266,0.27336953828732174
seg_004117,sample_01372,2 (Wasn't There) - Isle of Pine,1,0.6237308979034424,cnn_revised_20260919T110440Z,cnn_s1_02,val,Log-Mel CNN,0.1961877942085266,0.27336953828732174
seg_004118,sample_01372,2 (Wasn't There) - Isle of Pine,1,0.9154104590415955,cnn_revised_20260919T110440Z,cnn_s1_02,val,Log-Mel CNN,0.1961877942085266,0.27336953828732174
seg_004146,sample_01382,Beyond Luxury - Mors Ontologica,1,0.9546443819999695,cnn_revised_20260919T110440Z,cnn_s1_02,val,Log-Mel CNN,0.1961877942085266,0.27336953828732174
seg_004147,sample_01382,Beyond Luxury - Mors Ontologica,1,0.9225708246231079,cnn_revised_20260919T110440Z,cnn_s1_02,val,Log-Mel CNN,0.1961877942085266,0.27336953828732174
seg_004148,sample_01382,Beyond Luxury - Mors Ontologica,1,0.9183114767074585,cnn_revised_20260919T110440Z,cnn_s1_02,val,Log-Mel CNN,0.1961877942085266,0.27336953828732174
seg_004182,sample_01394,Empty Pockets - Pete Prodoehl,1,0.08962937444448471,cnn_revised_20260919T110440Z,cnn_s1_02,val,Log-Mel CNN,0.1961877942085266,0.27336953828732174
seg_004183,sample_01394,Empty Pockets - Pete Prodoehl,1,0.23790273070335388,cnn_revised_20260919T110440Z,cnn_s1_02,val,Log-Mel CNN,0.1961877942085266,0.27336953828732174
seg_004184,sample_01394,Empty Pockets - Pete Prodoehl,1,0.9670972228050232,cnn_revised_20260919T110440Z,cnn_s1_02,val,Log-Mel CNN,0.1961877942085266,0.27336953828732174
seg_004191,sample_01397,Fear - Los Fancy Free,1,0.6302629113197327,cnn_revised_20260919T110440Z,cnn_s1_02,val,Log-Mel CNN,0.1961877942085266,0.27336953828732174
seg_004192,sample_01397,Fear - Los Fancy Free,1,0.34963563084602356,cnn_revised_20260919T110440Z,cnn_s1_02,val,Log-Mel CNN,0.1961877942085266,0.27336953828732174
seg_004193,sample_01397,Fear - Los Fancy Free,1,0.8207085132598877,cnn_revised_20260919T110440Z,cnn_s1_02,val,Log-Mel CNN,0.1961877942085266,0.27336953828732174
seg_004206,sample_01402,Gila Monster Flop/Music History Lesson:The Sonics - The Crypts!,1,0.6493094563484192,cnn_revised_20260919T110440Z,cnn_s1_02,val,Log-Mel CNN,0.1961877942085266,0.27336953828732174
seg_004207,sample_01402,Gila Monster Flop/Music History Lesson:The Sonics - The Crypts!,1,0.6849852800369263,cnn_revised_20260919T110440Z,cnn_s1_02,val,Log-Mel CNN,0.1961877942085266,0.27336953828732174
seg_004208,sample_01402,Gila Monster Flop/Music History Lesson:The Sonics - The Crypts!,1,0.9914461374282837,cnn_revised_20260919T110440Z,cnn_s1_02,val,Log-Mel CNN,0.1961877942085266,0.27336953828732174
seg_004245,sample_01415,I Fell - Mod Fun,1,0.5910623073577881,cnn_revised_20260919T110440Z,cnn_s1_02,val,Log-Mel CNN,0.1961877942085266,0.27336953828732174
seg_004246,sample_01415,I Fell - Mod Fun,1,0.3373473882675171,cnn_revised_20260919T110440Z,cnn_s1_02,val,Log-Mel CNN,0.1961877942085266,0.27336953828732174
seg_004247,sample_01415,I Fell - Mod Fun,1,0.9790658950805664,cnn_revised_20260919T110440Z,cnn_s1_02,val,Log-Mel CNN,0.1961877942085266,0.27336953828732174
seg_004275,sample_01425,Lights Up - Pipe Choir,1,0.895207405090332,cnn_revised_20260919T110440Z,cnn_s1_02,val,Log-Mel CNN,0.1961877942085266,0.27336953828732174
seg_004276,sample_01425,Lights Up - Pipe Choir,1,0.8094377517700195,cnn_revised_20260919T110440Z,cnn_s1_02,val,Log-Mel CNN,0.1961877942085266,0.27336953828732174
seg_004277,sample_01425,Lights Up - Pipe Choir,1,0.9919928312301636,cnn_revised_20260919T110440Z,cnn_s1_02,val,Log-Mel CNN,0.1961877942085266,0.27336953828732174
seg_004287,sample_01429,March of the GPA Mechanics - [t]ghost,1,0.9733936190605164,cnn_revised_20260919T110440Z,cnn_s1_02,val,Log-Mel CNN,0.1961877942085266,0.27336953828732174
seg_004288,sample_01429,March of the GPA Mechanics - [t]ghost,1,0.7941930294036865,cnn_revised_20260919T110440Z,cnn_s1_02,val,Log-Mel CNN,0.1961877942085266,0.27336953828732174
seg_004289,sample_01429,March of the GPA Mechanics - [t]ghost,1,0.704464852809906,cnn_revised_20260919T110440Z,cnn_s1_02,val,Log-Mel CNN,0.1961877942085266,0.27336953828732174
seg_004326,sample_01442,Redlight - Room For A Ghost,1,0.7311111688613892,cnn_revised_20260919T110440Z,cnn_s1_02,val,Log-Mel CNN,0.1961877942085266,0.27336953828732174
seg_004327,sample_01442,Redlight - Room For A Ghost,1,0.9218027591705322,cnn_revised_20260919T110440Z,cnn_s1_02,val,Log-Mel CNN,0.1961877942085266,0.27336953828732174
seg_004328,sample_01442,Redlight - Room For A Ghost,1,0.985557496547699,cnn_revised_20260919T110440Z,cnn_s1_02,val,Log-Mel CNN,0.1961877942085266,0.27336953828732174
seg_004341,sample_01447,Scramby Eggs - Andy G. Cohen,1,0.7250597476959229,cnn_revised_20260919T110440Z,cnn_s1_02,val,Log-Mel CNN,0.1961877942085266,0.27336953828732174
seg_004342,sample_01447,Scramby Eggs - Andy G. Cohen,1,0.7873392701148987,cnn_revised_20260919T110440Z,cnn_s1_02,val,Log-Mel CNN,0.1961877942085266,0.27336953828732174
seg_004343,sample_01447,Scramby Eggs - Andy G. Cohen,1,0.9898427128791809,cnn_revised_20260919T110440Z,cnn_s1_02,val,Log-Mel CNN,0.1961877942085266,0.27336953828732174
seg_004353,sample_01451,Shipwrecked Crew - Pete Prodoehl,1,0.2854854166507721,cnn_revised_20260919T110440Z,cnn_s1_02,val,Log-Mel CNN,0.1961877942085266,0.27336953828732174
seg_004354,sample_01451,Shipwrecked Crew - Pete Prodoehl,1,0.8899441957473755,cnn_revised_20260919T110440Z,cnn_s1_02,val,Log-Mel CNN,0.1961877942085266,0.27336953828732174
seg_004355,sample_01451,Shipwrecked Crew - Pete Prodoehl,1,0.9906085729598999,cnn_revised_20260919T110440Z,cnn_s1_02,val,Log-Mel CNN,0.1961877942085266,0.27336953828732174
seg_004383,sample_01461,The girl just faded - Los Llamarada,1,0.7494993805885315,cnn_revised_20260919T110440Z,cnn_s1_02,val,Log-Mel CNN,0.1961877942085266,0.27336953828732174
seg_004384,sample_01461,The girl just faded - Los Llamarada,1,0.9227553009986877,cnn_revised_20260919T110440Z,cnn_s1_02,val,Log-Mel CNN,0.1961877942085266,0.27336953828732174
seg_004385,sample_01461,The girl just faded - Los Llamarada,1,0.925609290599823,cnn_revised_20260919T110440Z,cnn_s1_02,val,Log-Mel CNN,0.1961877942085266,0.27336953828732174
seg_004401,sample_01467,Voxel - Andy G. Cohen,1,0.5806764960289001,cnn_revised_20260919T110440Z,cnn_s1_02,val,Log-Mel CNN,0.1961877942085266,0.27336953828732174
seg_004402,sample_01467,Voxel - Andy G. Cohen,1,0.4240293502807617,cnn_revised_20260919T110440Z,cnn_s1_02,val,Log-Mel CNN,0.1961877942085266,0.27336953828732174
seg_004403,sample_01467,Voxel - Andy G. Cohen,1,0.9915687441825867,cnn_revised_20260919T110440Z,cnn_s1_02,val,Log-Mel CNN,0.1961877942085266,0.27336953828732174
seg_004425,sample_01475,Windows of the Skull - Sarin,1,0.7684250473976135,cnn_revised_20260919T110440Z,cnn_s1_02,val,Log-Mel CNN,0.1961877942085266,0.27336953828732174
seg_004426,sample_01475,Windows of the Skull - Sarin,1,0.9819429516792297,cnn_revised_20260919T110440Z,cnn_s1_02,val,Log-Mel CNN,0.1961877942085266,0.27336953828732174
seg_004427,sample_01475,Windows of the Skull - Sarin,1,0.9241318106651306,cnn_revised_20260919T110440Z,cnn_s1_02,val,Log-Mel CNN,0.1961877942085266,0.27336953828732174
seg_004464,sample_01488,Night Drive - Decktonic,1,0.4660177230834961,cnn_revised_20260919T110440Z,cnn_s1_02,val,Log-Mel CNN,0.1961877942085266,0.27336953828732174
seg_004465,sample_01488,Night Drive - Decktonic,1,0.6558707356452942,cnn_revised_20260919T110440Z,cnn_s1_02,val,Log-Mel CNN,0.1961877942085266,0.27336953828732174
seg_004466,sample_01488,Night Drive - Decktonic,1,0.7460734248161316,cnn_revised_20260919T110440Z,cnn_s1_02,val,Log-Mel CNN,0.1961877942085266,0.27336953828732174
seg_004521,sample_01507,Nuo Maisemat - Paavoharju,1,0.6333927512168884,cnn_revised_20260919T110440Z,cnn_s1_02,val,Log-Mel CNN,0.1961877942085266,0.27336953828732174
seg_004522,sample_01507,Nuo Maisemat - Paavoharju,1,0.5795146822929382,cnn_revised_20260919T110440Z,cnn_s1_02,val,Log-Mel CNN,0.1961877942085266,0.27336953828732174
seg_004523,sample_01507,Nuo Maisemat - Paavoharju,1,0.5774714350700378,cnn_revised_20260919T110440Z,cnn_s1_02,val,Log-Mel CNN,0.1961877942085266,0.27336953828732174
seg_004536,sample_01512,CopperNickle - UncleBibby,1,0.2445368617773056,cnn_revised_20260919T110440Z,cnn_s1_02,val,Log-Mel CNN,0.1961877942085266,0.27336953828732174
seg_004537,sample_01512,CopperNickle - UncleBibby,1,0.4680841863155365,cnn_revised_20260919T110440Z,cnn_s1_02,val,Log-Mel CNN,0.1961877942085266,0.27336953828732174
seg_004538,sample_01512,CopperNickle - UncleBibby,1,0.15247496962547302,cnn_revised_20260919T110440Z,cnn_s1_02,val,Log-Mel CNN,0.1961877942085266,0.27336953828732174
seg_004539,sample_01513,Daylight Savings - My brother Daniel,1,0.28548938035964966,cnn_revised_20260919T110440Z,cnn_s1_02,val,Log-Mel CNN,0.1961877942085266,0.27336953828732174
seg_004540,sample_01513,Daylight Savings - My brother Daniel,1,0.4008805453777313,cnn_revised_20260919T110440Z,cnn_s1_02,val,Log-Mel CNN,0.1961877942085266,0.27336953828732174
seg_004541,sample_01513,Daylight Savings - My brother Daniel,1,0.21726734936237335,cnn_revised_20260919T110440Z,cnn_s1_02,val,Log-Mel CNN,0.1961877942085266,0.27336953828732174
seg_004542,sample_01514,mystery team 2090 - Jesse Futerman,1,0.7318278551101685,cnn_revised_20260919T110440Z,cnn_s1_02,val,Log-Mel CNN,0.1961877942085266,0.27336953828732174
seg_004543,sample_01514,mystery team 2090 - Jesse Futerman,1,0.5802097916603088,cnn_revised_20260919T110440Z,cnn_s1_02,val,Log-Mel CNN,0.1961877942085266,0.27336953828732174
seg_004544,sample_01514,mystery team 2090 - Jesse Futerman,1,0.6746090650558472,cnn_revised_20260919T110440Z,cnn_s1_02,val,Log-Mel CNN,0.1961877942085266,0.27336953828732174
seg_004575,sample_01525,SD (Ill Mix) - H-LR,1,0.8491499423980713,cnn_revised_20260919T110440Z,cnn_s1_02,val,Log-Mel CNN,0.1961877942085266,0.27336953828732174
seg_004576,sample_01525,SD (Ill Mix) - H-LR,1,0.9505475759506226,cnn_revised_20260919T110440Z,cnn_s1_02,val,Log-Mel CNN,0.1961877942085266,0.27336953828732174
seg_004577,sample_01525,SD (Ill Mix) - H-LR,1,0.9057713747024536,cnn_revised_20260919T110440Z,cnn_s1_02,val,Log-Mel CNN,0.1961877942085266,0.27336953828732174
seg_004590,sample_01530,Stockholm Syndrome / People Should Be More Aware - Bird Names,1,0.14813241362571716,cnn_revised_20260919T110440Z,cnn_s1_02,val,Log-Mel CNN,0.1961877942085266,0.27336953828732174
seg_004591,sample_01530,Stockholm Syndrome / People Should Be More Aware - Bird Names,1,0.8018835186958313,cnn_revised_20260919T110440Z,cnn_s1_02,val,Log-Mel CNN,0.1961877942085266,0.27336953828732174
seg_004592,sample_01530,Stockholm Syndrome / People Should Be More Aware - Bird Names,1,0.17054158449172974,cnn_revised_20260919T110440Z,cnn_s1_02,val,Log-Mel CNN,0.1961877942085266,0.27336953828732174
seg_004596,sample_01532,Time Is Love - Silence is full of birds,1,0.8208182454109192,cnn_revised_20260919T110440Z,cnn_s1_02,val,Log-Mel CNN,0.1961877942085266,0.27336953828732174
seg_004597,sample_01532,Time Is Love - Silence is full of birds,1,0.518235981464386,cnn_revised_20260919T110440Z,cnn_s1_02,val,Log-Mel CNN,0.1961877942085266,0.27336953828732174
seg_004598,sample_01532,Time Is Love - Silence is full of birds,1,0.925031840801239,cnn_revised_20260919T110440Z,cnn_s1_02,val,Log-Mel CNN,0.1961877942085266,0.27336953828732174
seg_004602,sample_01534,Roller Star - Monroeville Music Center,1,0.13336406648159027,cnn_revised_20260919T110440Z,cnn_s1_02,val,Log-Mel CNN,0.1961877942085266,0.27336953828732174
seg_004603,sample_01534,Roller Star - Monroeville Music Center,1,0.8846551775932312,cnn_revised_20260919T110440Z,cnn_s1_02,val,Log-Mel CNN,0.1961877942085266,0.27336953828732174
seg_004604,sample_01534,Roller Star - Monroeville Music Center,1,0.8398705720901489,cnn_revised_20260919T110440Z,cnn_s1_02,val,Log-Mel CNN,0.1961877942085266,0.27336953828732174
seg_004611,sample_01537,Soleares&beats - Malaventura,1,0.18923340737819672,cnn_revised_20260919T110440Z,cnn_s1_02,val,Log-Mel CNN,0.1961877942085266,0.27336953828732174
seg_004612,sample_01537,Soleares&beats - Malaventura,1,0.519182026386261,cnn_revised_20260919T110440Z,cnn_s1_02,val,Log-Mel CNN,0.1961877942085266,0.27336953828732174
seg_004613,sample_01537,Soleares&beats - Malaventura,1,0.47258028388023376,cnn_revised_20260919T110440Z,cnn_s1_02,val,Log-Mel CNN,0.1961877942085266,0.27336953828732174
seg_004629,sample_01543,Evil Cannot Create - Caleb Lemond,1,0.20221304893493652,cnn_revised_20260919T110440Z,cnn_s1_02,val,Log-Mel CNN,0.1961877942085266,0.27336953828732174
seg_004630,sample_01543,Evil Cannot Create - Caleb Lemond,1,0.5212081074714661,cnn_revised_20260919T110440Z,cnn_s1_02,val,Log-Mel CNN,0.1961877942085266,0.27336953828732174
seg_004631,sample_01543,Evil Cannot Create - Caleb Lemond,1,0.19028884172439575,cnn_revised_20260919T110440Z,cnn_s1_02,val,Log-Mel CNN,0.1961877942085266,0.27336953828732174
seg_004647,sample_01549,"Roundtrip - Oh Yeah, the Future",1,0.21757599711418152,cnn_revised_20260919T110440Z,cnn_s1_02,val,Log-Mel CNN,0.1961877942085266,0.27336953828732174
seg_004648,sample_01549,"Roundtrip - Oh Yeah, the Future",1,0.42417341470718384,cnn_revised_20260919T110440Z,cnn_s1_02,val,Log-Mel CNN,0.1961877942085266,0.27336953828732174
seg_004649,sample_01549,"Roundtrip - Oh Yeah, the Future",1,0.4759025275707245,cnn_revised_20260919T110440Z,cnn_s1_02,val,Log-Mel CNN,0.1961877942085266,0.27336953828732174
seg_004692,sample_01564,Norweigian Wood II - Bird Names,1,0.3245564103126526,cnn_revised_20260919T110440Z,cnn_s1_02,val,Log-Mel CNN,0.1961877942085266,0.27336953828732174
seg_004693,sample_01564,Norweigian Wood II - Bird Names,1,0.27443215250968933,cnn_revised_20260919T110440Z,cnn_s1_02,val,Log-Mel CNN,0.1961877942085266,0.27336953828732174
seg_004694,sample_01564,Norweigian Wood II - Bird Names,1,0.44568607211112976,cnn_revised_20260919T110440Z,cnn_s1_02,val,Log-Mel CNN,0.1961877942085266,0.27336953828732174
seg_004695,sample_01565,New Life (take 1) - Bird Names,1,0.6889147162437439,cnn_revised_20260919T110440Z,cnn_s1_02,val,Log-Mel CNN,0.1961877942085266,0.27336953828732174
seg_004696,sample_01565,New Life (take 1) - Bird Names,1,0.8379912972450256,cnn_revised_20260919T110440Z,cnn_s1_02,val,Log-Mel CNN,0.1961877942085266,0.27336953828732174
seg_004697,sample_01565,New Life (take 1) - Bird Names,1,0.4656502902507782,cnn_revised_20260919T110440Z,cnn_s1_02,val,Log-Mel CNN,0.1961877942085266,0.27336953828732174
seg_004698,sample_01566,New Life (take 1) - Bird Names,1,0.615050733089447,cnn_revised_20260919T110440Z,cnn_s1_02,val,Log-Mel CNN,0.1961877942085266,0.27336953828732174
seg_004699,sample_01566,New Life (take 1) - Bird Names,1,0.8914472460746765,cnn_revised_20260919T110440Z,cnn_s1_02,val,Log-Mel CNN,0.1961877942085266,0.27336953828732174
seg_004700,sample_01566,New Life (take 1) - Bird Names,1,0.6575826406478882,cnn_revised_20260919T110440Z,cnn_s1_02,val,Log-Mel CNN,0.1961877942085266,0.27336953828732174
seg_004779,sample_01593,Gila Monster Flop/Music History Lesson:The Sonics - The Crypts!,1,0.28999772667884827,cnn_revised_20260919T110440Z,cnn_s1_02,val,Log-Mel CNN,0.1961877942085266,0.27336953828732174
seg_004780,sample_01593,Gila Monster Flop/Music History Lesson:The Sonics - The Crypts!,1,0.6661432981491089,cnn_revised_20260919T110440Z,cnn_s1_02,val,Log-Mel CNN,0.1961877942085266,0.27336953828732174
seg_004781,sample_01593,Gila Monster Flop/Music History Lesson:The Sonics - The Crypts!,1,0.3670162260532379,cnn_revised_20260919T110440Z,cnn_s1_02,val,Log-Mel CNN,0.1961877942085266,0.27336953828732174
seg_004821,sample_01607,March of the GPA Mechanics - [t]ghost,1,0.28130367398262024,cnn_revised_20260919T110440Z,cnn_s1_02,val,Log-Mel CNN,0.1961877942085266,0.27336953828732174
seg_004822,sample_01607,March of the GPA Mechanics - [t]ghost,1,0.8498255014419556,cnn_revised_20260919T110440Z,cnn_s1_02,val,Log-Mel CNN,0.1961877942085266,0.27336953828732174
seg_004823,sample_01607,March of the GPA Mechanics - [t]ghost,1,0.16522596776485443,cnn_revised_20260919T110440Z,cnn_s1_02,val,Log-Mel CNN,0.1961877942085266,0.27336953828732174
seg_004824,sample_01608,Windows of the Skull - Sarin,1,0.7636797428131104,cnn_revised_20260919T110440Z,cnn_s1_02,val,Log-Mel CNN,0.1961877942085266,0.27336953828732174
seg_004825,sample_01608,Windows of the Skull - Sarin,1,0.9074709415435791,cnn_revised_20260919T110440Z,cnn_s1_02,val,Log-Mel CNN,0.1961877942085266,0.27336953828732174
seg_004826,sample_01608,Windows of the Skull - Sarin,1,0.9496644139289856,cnn_revised_20260919T110440Z,cnn_s1_02,val,Log-Mel CNN,0.1961877942085266,0.27336953828732174
seg_004830,sample_01610,Empty Pockets - Pete Prodoehl,1,0.09253112226724625,cnn_revised_20260919T110440Z,cnn_s1_02,val,Log-Mel CNN,0.1961877942085266,0.27336953828732174
seg_004831,sample_01610,Empty Pockets - Pete Prodoehl,1,0.5384363532066345,cnn_revised_20260919T110440Z,cnn_s1_02,val,Log-Mel CNN,0.1961877942085266,0.27336953828732174
seg_004832,sample_01610,Empty Pockets - Pete Prodoehl,1,0.49733150005340576,cnn_revised_20260919T110440Z,cnn_s1_02,val,Log-Mel CNN,0.1961877942085266,0.27336953828732174
seg_004836,sample_01612,Scramby Eggs - Andy G. Cohen,1,0.1942574381828308,cnn_revised_20260919T110440Z,cnn_s1_02,val,Log-Mel CNN,0.1961877942085266,0.27336953828732174
seg_004837,sample_01612,Scramby Eggs - Andy G. Cohen,1,0.21623605489730835,cnn_revised_20260919T110440Z,cnn_s1_02,val,Log-Mel CNN,0.1961877942085266,0.27336953828732174
seg_004838,sample_01612,Scramby Eggs - Andy G. Cohen,1,0.3306257128715515,cnn_revised_20260919T110440Z,cnn_s1_02,val,Log-Mel CNN,0.1961877942085266,0.27336953828732174
seg_004839,sample_01613,Voxel - Andy G. Cohen,1,0.5912056565284729,cnn_revised_20260919T110440Z,cnn_s1_02,val,Log-Mel CNN,0.1961877942085266,0.27336953828732174
seg_004840,sample_01613,Voxel - Andy G. Cohen,1,0.46240803599357605,cnn_revised_20260919T110440Z,cnn_s1_02,val,Log-Mel CNN,0.1961877942085266,0.27336953828732174
seg_004841,sample_01613,Voxel - Andy G. Cohen,1,0.6242685914039612,cnn_revised_20260919T110440Z,cnn_s1_02,val,Log-Mel CNN,0.1961877942085266,0.27336953828732174
seg_004845,sample_01615,The girl just faded - Los Llamarada,1,0.14306128025054932,cnn_revised_20260919T110440Z,cnn_s1_02,val,Log-Mel CNN,0.1961877942085266,0.27336953828732174
seg_004846,sample_01615,The girl just faded - Los Llamarada,1,0.1920548379421234,cnn_revised_20260919T110440Z,cnn_s1_02,val,Log-Mel CNN,0.1961877942085266,0.27336953828732174
seg_004847,sample_01615,The girl just faded - Los Llamarada,1,0.21925847232341766,cnn_revised_20260919T110440Z,cnn_s1_02,val,Log-Mel CNN,0.1961877942085266,0.27336953828732174
seg_004860,sample_01620,2 (Wasn't There) - Isle of Pine,1,0.3406694829463959,cnn_revised_20260919T110440Z,cnn_s1_02,val,Log-Mel CNN,0.1961877942085266,0.27336953828732174
seg_004861,sample_01620,2 (Wasn't There) - Isle of Pine,1,0.38721317052841187,cnn_revised_20260919T110440Z,cnn_s1_02,val,Log-Mel CNN,0.1961877942085266,0.27336953828732174
seg_004862,sample_01620,2 (Wasn't There) - Isle of Pine,1,0.42658334970474243,cnn_revised_20260919T110440Z,cnn_s1_02,val,Log-Mel CNN,0.1961877942085266,0.27336953828732174
seg_004866,sample_01622,I Fell - Mod Fun,1,0.11239336431026459,cnn_revised_20260919T110440Z,cnn_s1_02,val,Log-Mel CNN,0.1961877942085266,0.27336953828732174
seg_004867,sample_01622,I Fell - Mod Fun,1,0.3461930751800537,cnn_revised_20260919T110440Z,cnn_s1_02,val,Log-Mel CNN,0.1961877942085266,0.27336953828732174
seg_004868,sample_01622,I Fell - Mod Fun,1,0.30840471386909485,cnn_revised_20260919T110440Z,cnn_s1_02,val,Log-Mel CNN,0.1961877942085266,0.27336953828732174
seg_004872,sample_01624,Новый Нью-Йорк 2 - Чокнутый Пропеллер,1,0.97624671459198,cnn_revised_20260919T110440Z,cnn_s1_02,val,Log-Mel CNN,0.1961877942085266,0.27336953828732174
seg_004873,sample_01624,Новый Нью-Йорк 2 - Чокнутый Пропеллер,1,0.3512829840183258,cnn_revised_20260919T110440Z,cnn_s1_02,val,Log-Mel CNN,0.1961877942085266,0.27336953828732174
seg_004874,sample_01624,Новый Нью-Йорк 2 - Чокнутый Пропеллер,1,0.12183710932731628,cnn_revised_20260919T110440Z,cnn_s1_02,val,Log-Mel CNN,0.1961877942085266,0.27336953828732174
seg_004908,sample_01636,CopperNickle - UncleBibby,1,0.8183905482292175,cnn_revised_20260919T110440Z,cnn_s1_02,val,Log-Mel CNN,0.1961877942085266,0.27336953828732174
seg_004909,sample_01636,CopperNickle - UncleBibby,1,0.8292086720466614,cnn_revised_20260919T110440Z,cnn_s1_02,val,Log-Mel CNN,0.1961877942085266,0.27336953828732174
seg_004910,sample_01636,CopperNickle - UncleBibby,1,0.6438606977462769,cnn_revised_20260919T110440Z,cnn_s1_02,val,Log-Mel CNN,0.1961877942085266,0.27336953828732174
seg_004914,sample_01638,Daylight Savings - My brother Daniel,1,0.9710232615470886,cnn_revised_20260919T110440Z,cnn_s1_02,val,Log-Mel CNN,0.1961877942085266,0.27336953828732174
seg_004915,sample_01638,Daylight Savings - My brother Daniel,1,0.9314701557159424,cnn_revised_20260919T110440Z,cnn_s1_02,val,Log-Mel CNN,0.1961877942085266,0.27336953828732174
seg_004916,sample_01638,Daylight Savings - My brother Daniel,1,0.9718428254127502,cnn_revised_20260919T110440Z,cnn_s1_02,val,Log-Mel CNN,0.1961877942085266,0.27336953828732174
seg_004947,sample_01649,mystery team 2090 - Jesse Futerman,1,0.2487286627292633,cnn_revised_20260919T110440Z,cnn_s1_02,val,Log-Mel CNN,0.1961877942085266,0.27336953828732174
seg_004948,sample_01649,mystery team 2090 - Jesse Futerman,1,0.4101071357727051,cnn_revised_20260919T110440Z,cnn_s1_02,val,Log-Mel CNN,0.1961877942085266,0.27336953828732174
seg_004949,sample_01649,mystery team 2090 - Jesse Futerman,1,0.43074697256088257,cnn_revised_20260919T110440Z,cnn_s1_02,val,Log-Mel CNN,0.1961877942085266,0.27336953828732174
seg_004950,sample_01650,Night Drive - Decktonic,1,0.6470078229904175,cnn_revised_20260919T110440Z,cnn_s1_02,val,Log-Mel CNN,0.1961877942085266,0.27336953828732174
seg_004951,sample_01650,Night Drive - Decktonic,1,0.9930516481399536,cnn_revised_20260919T110440Z,cnn_s1_02,val,Log-Mel CNN,0.1961877942085266,0.27336953828732174
seg_004952,sample_01650,Night Drive - Decktonic,1,0.9923951625823975,cnn_revised_20260919T110440Z,cnn_s1_02,val,Log-Mel CNN,0.1961877942085266,0.27336953828732174
seg_004959,sample_01653,Nuo Maisemat - Paavoharju,1,0.8972997665405273,cnn_revised_20260919T110440Z,cnn_s1_02,val,Log-Mel CNN,0.1961877942085266,0.27336953828732174
seg_004960,sample_01653,Nuo Maisemat - Paavoharju,1,0.5734785795211792,cnn_revised_20260919T110440Z,cnn_s1_02,val,Log-Mel CNN,0.1961877942085266,0.27336953828732174
seg_004961,sample_01653,Nuo Maisemat - Paavoharju,1,0.8603431582450867,cnn_revised_20260919T110440Z,cnn_s1_02,val,Log-Mel CNN,0.1961877942085266,0.27336953828732174
seg_005001,sample_01667,SD (Ill Mix) - H-LR,1,0.9805718660354614,cnn_revised_20260919T110440Z,cnn_s1_02,val,Log-Mel CNN,0.1961877942085266,0.27336953828732174
seg_005002,sample_01667,SD (Ill Mix) - H-LR,1,0.8719055652618408,cnn_revised_20260919T110440Z,cnn_s1_02,val,Log-Mel CNN,0.1961877942085266,0.27336953828732174
seg_005003,sample_01667,SD (Ill Mix) - H-LR,1,0.9606969952583313,cnn_revised_20260919T110440Z,cnn_s1_02,val,Log-Mel CNN,0.1961877942085266,0.27336953828732174
seg_005055,sample_01685,Evil Cannot Create - Caleb Lemond,1,0.579383373260498,cnn_revised_20260919T110440Z,cnn_s1_02,val,Log-Mel CNN,0.1961877942085266,0.27336953828732174
seg_005056,sample_01685,Evil Cannot Create - Caleb Lemond,1,0.9880424737930298,cnn_revised_20260919T110440Z,cnn_s1_02,val,Log-Mel CNN,0.1961877942085266,0.27336953828732174
seg_005057,sample_01685,Evil Cannot Create - Caleb Lemond,1,0.9841878414154053,cnn_revised_20260919T110440Z,cnn_s1_02,val,Log-Mel CNN,0.1961877942085266,0.27336953828732174
seg_005111,sample_01704,New Life (take 1) - Bird Names,1,0.729901134967804,cnn_revised_20260919T110440Z,cnn_s1_02,val,Log-Mel CNN,0.1961877942085266,0.27336953828732174
seg_005112,sample_01704,New Life (take 1) - Bird Names,1,0.35597747564315796,cnn_revised_20260919T110440Z,cnn_s1_02,val,Log-Mel CNN,0.1961877942085266,0.27336953828732174
seg_005113,sample_01704,New Life (take 1) - Bird Names,1,0.24601125717163086,cnn_revised_20260919T110440Z,cnn_s1_02,val,Log-Mel CNN,0.1961877942085266,0.27336953828732174
seg_005114,sample_01705,Norweigian Wood II - Bird Names,1,0.2158903032541275,cnn_revised_20260919T110440Z,cnn_s1_02,val,Log-Mel CNN,0.1961877942085266,0.27336953828732174
seg_005115,sample_01705,Norweigian Wood II - Bird Names,1,0.17099334299564362,cnn_revised_20260919T110440Z,cnn_s1_02,val,Log-Mel CNN,0.1961877942085266,0.27336953828732174
seg_005116,sample_01705,Norweigian Wood II - Bird Names,1,0.057270631194114685,cnn_revised_20260919T110440Z,cnn_s1_02,val,Log-Mel CNN,0.1961877942085266,0.27336953828732174
seg_005126,sample_01709,Roller Star - Monroeville Music Center,1,0.7974206805229187,cnn_revised_20260919T110440Z,cnn_s1_02,val,Log-Mel CNN,0.1961877942085266,0.27336953828732174
seg_005127,sample_01709,Roller Star - Monroeville Music Center,1,0.9665226936340332,cnn_revised_20260919T110440Z,cnn_s1_02,val,Log-Mel CNN,0.1961877942085266,0.27336953828732174
seg_005128,sample_01709,Roller Star - Monroeville Music Center,1,0.9811408519744873,cnn_revised_20260919T110440Z,cnn_s1_02,val,Log-Mel CNN,0.1961877942085266,0.27336953828732174
seg_005129,sample_01710,"Roundtrip - Oh Yeah, the Future",1,0.7112240791320801,cnn_revised_20260919T110440Z,cnn_s1_02,val,Log-Mel CNN,0.1961877942085266,0.27336953828732174
seg_005130,sample_01710,"Roundtrip - Oh Yeah, the Future",1,0.8697305917739868,cnn_revised_20260919T110440Z,cnn_s1_02,val,Log-Mel CNN,0.1961877942085266,0.27336953828732174
seg_005131,sample_01710,"Roundtrip - Oh Yeah, the Future",1,0.9403678774833679,cnn_revised_20260919T110440Z,cnn_s1_02,val,Log-Mel CNN,0.1961877942085266,0.27336953828732174
seg_005138,sample_01713,Soleares&beats - Malaventura,1,0.1755390167236328,cnn_revised_20260919T110440Z,cnn_s1_02,val,Log-Mel CNN,0.1961877942085266,0.27336953828732174
seg_005139,sample_01713,Soleares&beats - Malaventura,1,0.07506886124610901,cnn_revised_20260919T110440Z,cnn_s1_02,val,Log-Mel CNN,0.1961877942085266,0.27336953828732174
seg_005140,sample_01713,Soleares&beats - Malaventura,1,0.1720762401819229,cnn_revised_20260919T110440Z,cnn_s1_02,val,Log-Mel CNN,0.1961877942085266,0.27336953828732174
seg_005147,sample_01716,Stockholm Syndrome / People Should Be More Aware - Bird Names,1,0.6116030812263489,cnn_revised_20260919T110440Z,cnn_s1_02,val,Log-Mel CNN,0.1961877942085266,0.27336953828732174
seg_005148,sample_01716,Stockholm Syndrome / People Should Be More Aware - Bird Names,1,0.628848135471344,cnn_revised_20260919T110440Z,cnn_s1_02,val,Log-Mel CNN,0.1961877942085266,0.27336953828732174
seg_005149,sample_01716,Stockholm Syndrome / People Should Be More Aware - Bird Names,1,0.7185079455375671,cnn_revised_20260919T110440Z,cnn_s1_02,val,Log-Mel CNN,0.1961877942085266,0.27336953828732174
seg_005168,sample_01723,Time Is Love - Silence is full of birds,1,0.20441077649593353,cnn_revised_20260919T110440Z,cnn_s1_02,val,Log-Mel CNN,0.1961877942085266,0.27336953828732174
seg_005169,sample_01723,Time Is Love - Silence is full of birds,1,0.41341301798820496,cnn_revised_20260919T110440Z,cnn_s1_02,val,Log-Mel CNN,0.1961877942085266,0.27336953828732174
seg_005170,sample_01723,Time Is Love - Silence is full of birds,1,0.5590474009513855,cnn_revised_20260919T110440Z,cnn_s1_02,val,Log-Mel CNN,0.1961877942085266,0.27336953828732174
seg_005188,sample_01730,2 (Wasn't There) - Isle of Pine,1,0.4843769073486328,cnn_revised_20260919T110440Z,cnn_s1_02,val,Log-Mel CNN,0.1961877942085266,0.27336953828732174
seg_005189,sample_01730,2 (Wasn't There) - Isle of Pine,1,0.09920874983072281,cnn_revised_20260919T110440Z,cnn_s1_02,val,Log-Mel CNN,0.1961877942085266,0.27336953828732174
seg_005190,sample_01730,2 (Wasn't There) - Isle of Pine,1,0.6309023499488831,cnn_revised_20260919T110440Z,cnn_s1_02,val,Log-Mel CNN,0.1961877942085266,0.27336953828732174
seg_005203,sample_01735,Empty Pockets - Pete Prodoehl,1,0.7373490333557129,cnn_revised_20260919T110440Z,cnn_s1_02,val,Log-Mel CNN,0.1961877942085266,0.27336953828732174
seg_005204,sample_01735,Empty Pockets - Pete Prodoehl,1,0.6099816560745239,cnn_revised_20260919T110440Z,cnn_s1_02,val,Log-Mel CNN,0.1961877942085266,0.27336953828732174
seg_005205,sample_01735,Empty Pockets - Pete Prodoehl,1,0.8827596306800842,cnn_revised_20260919T110440Z,cnn_s1_02,val,Log-Mel CNN,0.1961877942085266,0.27336953828732174
seg_005212,sample_01738,Gila Monster Flop/Music History Lesson:The Sonics - The Crypts!,1,0.7224418520927429,cnn_revised_20260919T110440Z,cnn_s1_02,val,Log-Mel CNN,0.1961877942085266,0.27336953828732174
seg_005213,sample_01738,Gila Monster Flop/Music History Lesson:The Sonics - The Crypts!,1,0.825299859046936,cnn_revised_20260919T110440Z,cnn_s1_02,val,Log-Mel CNN,0.1961877942085266,0.27336953828732174
seg_005214,sample_01738,Gila Monster Flop/Music History Lesson:The Sonics - The Crypts!,1,0.7864051461219788,cnn_revised_20260919T110440Z,cnn_s1_02,val,Log-Mel CNN,0.1961877942085266,0.27336953828732174
seg_005221,sample_01741,I Fell - Mod Fun,1,0.8904249668121338,cnn_revised_20260919T110440Z,cnn_s1_02,val,Log-Mel CNN,0.1961877942085266,0.27336953828732174
seg_005222,sample_01741,I Fell - Mod Fun,1,0.9079228639602661,cnn_revised_20260919T110440Z,cnn_s1_02,val,Log-Mel CNN,0.1961877942085266,0.27336953828732174
seg_005223,sample_01741,I Fell - Mod Fun,1,0.9809871912002563,cnn_revised_20260919T110440Z,cnn_s1_02,val,Log-Mel CNN,0.1961877942085266,0.27336953828732174
seg_005245,sample_01749,March of the GPA Mechanics - [t]ghost,1,0.5032432079315186,cnn_revised_20260919T110440Z,cnn_s1_02,val,Log-Mel CNN,0.1961877942085266,0.27336953828732174
seg_005246,sample_01749,March of the GPA Mechanics - [t]ghost,1,0.9586362838745117,cnn_revised_20260919T110440Z,cnn_s1_02,val,Log-Mel CNN,0.1961877942085266,0.27336953828732174
seg_005247,sample_01749,March of the GPA Mechanics - [t]ghost,1,0.9420636892318726,cnn_revised_20260919T110440Z,cnn_s1_02,val,Log-Mel CNN,0.1961877942085266,0.27336953828732174
seg_005274,sample_01759,Scramby Eggs - Andy G. Cohen,1,0.988013744354248,cnn_revised_20260919T110440Z,cnn_s1_02,val,Log-Mel CNN,0.1961877942085266,0.27336953828732174
seg_005275,sample_01759,Scramby Eggs - Andy G. Cohen,1,0.9423562288284302,cnn_revised_20260919T110440Z,cnn_s1_02,val,Log-Mel CNN,0.1961877942085266,0.27336953828732174
seg_005276,sample_01759,Scramby Eggs - Andy G. Cohen,1,0.9834234714508057,cnn_revised_20260919T110440Z,cnn_s1_02,val,Log-Mel CNN,0.1961877942085266,0.27336953828732174
seg_005301,sample_01768,The girl just faded - Los Llamarada,1,0.9383572340011597,cnn_revised_20260919T110440Z,cnn_s1_02,val,Log-Mel CNN,0.1961877942085266,0.27336953828732174
seg_005302,sample_01768,The girl just faded - Los Llamarada,1,0.9641834497451782,cnn_revised_20260919T110440Z,cnn_s1_02,val,Log-Mel CNN,0.1961877942085266,0.27336953828732174
seg_005303,sample_01768,The girl just faded - Los Llamarada,1,0.9150726199150085,cnn_revised_20260919T110440Z,cnn_s1_02,val,Log-Mel CNN,0.1961877942085266,0.27336953828732174
seg_005310,sample_01771,Voxel - Andy G. Cohen,1,0.9839277863502502,cnn_revised_20260919T110440Z,cnn_s1_02,val,Log-Mel CNN,0.1961877942085266,0.27336953828732174
seg_005311,sample_01771,Voxel - Andy G. Cohen,1,0.8703243136405945,cnn_revised_20260919T110440Z,cnn_s1_02,val,Log-Mel CNN,0.1961877942085266,0.27336953828732174
seg_005312,sample_01771,Voxel - Andy G. Cohen,1,0.9451067447662354,cnn_revised_20260919T110440Z,cnn_s1_02,val,Log-Mel CNN,0.1961877942085266,0.27336953828732174
seg_005322,sample_01775,Windows of the Skull - Sarin,1,0.9420744776725769,cnn_revised_20260919T110440Z,cnn_s1_02,val,Log-Mel CNN,0.1961877942085266,0.27336953828732174
seg_005323,sample_01775,Windows of the Skull - Sarin,1,0.9565833806991577,cnn_revised_20260919T110440Z,cnn_s1_02,val,Log-Mel CNN,0.1961877942085266,0.27336953828732174
seg_005324,sample_01775,Windows of the Skull - Sarin,1,0.5914632678031921,cnn_revised_20260919T110440Z,cnn_s1_02,val,Log-Mel CNN,0.1961877942085266,0.27336953828732174
seg_005331,sample_01778,Новый Нью-Йорк 2 - Чокнутый Пропеллер,1,0.7354497313499451,cnn_revised_20260919T110440Z,cnn_s1_02,val,Log-Mel CNN,0.1961877942085266,0.27336953828732174
seg_005332,sample_01778,Новый Нью-Йорк 2 - Чокнутый Пропеллер,1,0.5918688178062439,cnn_revised_20260919T110440Z,cnn_s1_02,val,Log-Mel CNN,0.1961877942085266,0.27336953828732174
seg_005333,sample_01778,Новый Нью-Йорк 2 - Чокнутый Пропеллер,1,0.6998429298400879,cnn_revised_20260919T110440Z,cnn_s1_02,val,Log-Mel CNN,0.1961877942085266,0.27336953828732174
seg_005372,sample_01798,CopperNickle - UncleBibby,1,0.8464981317520142,cnn_revised_20260919T110440Z,cnn_s1_02,val,Log-Mel CNN,0.1961877942085266,0.27336953828732174
seg_005373,sample_01798,CopperNickle - UncleBibby,1,0.7890070676803589,cnn_revised_20260919T110440Z,cnn_s1_02,val,Log-Mel CNN,0.1961877942085266,0.27336953828732174
seg_005378,sample_01801,Daylight Savings - My brother Daniel,1,0.9799812436103821,cnn_revised_20260919T110440Z,cnn_s1_02,val,Log-Mel CNN,0.1961877942085266,0.27336953828732174
seg_005379,sample_01801,Daylight Savings - My brother Daniel,1,0.9788786172866821,cnn_revised_20260919T110440Z,cnn_s1_02,val,Log-Mel CNN,0.1961877942085266,0.27336953828732174
seg_005396,sample_01810,Fifth Ramble - From the album Keith [RSVP007] - My brother Daniel,1,0.9531239867210388,cnn_revised_20260919T110440Z,cnn_s1_02,val,Log-Mel CNN,0.1961877942085266,0.27336953828732174
seg_005397,sample_01810,Fifth Ramble - From the album Keith [RSVP007] - My brother Daniel,1,0.9809489846229553,cnn_revised_20260919T110440Z,cnn_s1_02,val,Log-Mel CNN,0.1961877942085266,0.27336953828732174
seg_005412,sample_01818,If You're Ther - Nicola Ratti,1,0.9037437438964844,cnn_revised_20260919T110440Z,cnn_s1_02,val,Log-Mel CNN,0.1961877942085266,0.27336953828732174
seg_005413,sample_01818,If You're Ther - Nicola Ratti,1,0.9761607646942139,cnn_revised_20260919T110440Z,cnn_s1_02,val,Log-Mel CNN,0.1961877942085266,0.27336953828732174
seg_005428,sample_01826,Kumorizoranohajimarutokoro - Hosomi,1,0.971006453037262,cnn_revised_20260919T110440Z,cnn_s1_02,val,Log-Mel CNN,0.1961877942085266,0.27336953828732174
seg_005429,sample_01826,Kumorizoranohajimarutokoro - Hosomi,1,0.9558141231536865,cnn_revised_20260919T110440Z,cnn_s1_02,val,Log-Mel CNN,0.1961877942085266,0.27336953828732174
seg_005446,sample_01835,Loved Ones - Rowan Box,1,0.8873506784439087,cnn_revised_20260919T110440Z,cnn_s1_02,val,Log-Mel CNN,0.1961877942085266,0.27336953828732174
seg_005447,sample_01835,Loved Ones - Rowan Box,1,0.8995471000671387,cnn_revised_20260919T110440Z,cnn_s1_02,val,Log-Mel CNN,0.1961877942085266,0.27336953828732174
seg_005448,sample_01836,Morning Bell - Nihilore,1,0.9398146271705627,cnn_revised_20260919T110440Z,cnn_s1_02,val,Log-Mel CNN,0.1961877942085266,0.27336953828732174
seg_005449,sample_01836,Morning Bell - Nihilore,1,0.9546223282814026,cnn_revised_20260919T110440Z,cnn_s1_02,val,Log-Mel CNN,0.1961877942085266,0.27336953828732174
seg_005450,sample_01837,mystery team 2090 - Jesse Futerman,1,0.904245138168335,cnn_revised_20260919T110440Z,cnn_s1_02,val,Log-Mel CNN,0.1961877942085266,0.27336953828732174
seg_005451,sample_01837,mystery team 2090 - Jesse Futerman,1,0.9301583766937256,cnn_revised_20260919T110440Z,cnn_s1_02,val,Log-Mel CNN,0.1961877942085266,0.27336953828732174
seg_005452,sample_01838,Night Drive - Decktonic,1,0.9406211376190186,cnn_revised_20260919T110440Z,cnn_s1_02,val,Log-Mel CNN,0.1961877942085266,0.27336953828732174
seg_005453,sample_01838,Night Drive - Decktonic,1,0.9636938571929932,cnn_revised_20260919T110440Z,cnn_s1_02,val,Log-Mel CNN,0.1961877942085266,0.27336953828732174
seg_005460,sample_01842,Nuo Maisemat - Paavoharju,1,0.987690806388855,cnn_revised_20260919T110440Z,cnn_s1_02,val,Log-Mel CNN,0.1961877942085266,0.27336953828732174
seg_005461,sample_01842,Nuo Maisemat - Paavoharju,1,0.985692024230957,cnn_revised_20260919T110440Z,cnn_s1_02,val,Log-Mel CNN,0.1961877942085266,0.27336953828732174
seg_005494,sample_01859,SD (Ill Mix) - H-LR,1,0.772445023059845,cnn_revised_20260919T110440Z,cnn_s1_02,val,Log-Mel CNN,0.1961877942085266,0.27336953828732174
seg_005495,sample_01859,SD (Ill Mix) - H-LR,1,0.1889192909002304,cnn_revised_20260919T110440Z,cnn_s1_02,val,Log-Mel CNN,0.1961877942085266,0.27336953828732174
seg_005503,sample_01864,some dextromethorphan - Jeva,1,0.9623364806175232,cnn_revised_20260919T110440Z,cnn_s1_02,val,Log-Mel CNN,0.1961877942085266,0.27336953828732174
seg_005504,sample_01864,some dextromethorphan - Jeva,1,0.9528375267982483,cnn_revised_20260919T110440Z,cnn_s1_02,val,Log-Mel CNN,0.1961877942085266,0.27336953828732174
seg_005509,sample_01867,Sturgeon's Law - Nihilore,1,0.8769575953483582,cnn_revised_20260919T110440Z,cnn_s1_02,val,Log-Mel CNN,0.1961877942085266,0.27336953828732174
seg_005510,sample_01867,Sturgeon's Law - Nihilore,1,0.8537318706512451,cnn_revised_20260919T110440Z,cnn_s1_02,val,Log-Mel CNN,0.1961877942085266,0.27336953828732174
seg_005533,sample_01879,The Stairway - WarpToken,1,0.557199239730835,cnn_revised_20260919T110440Z,cnn_s1_02,val,Log-Mel CNN,0.1961877942085266,0.27336953828732174
seg_005534,sample_01879,The Stairway - WarpToken,1,0.19306626915931702,cnn_revised_20260919T110440Z,cnn_s1_02,val,Log-Mel CNN,0.1961877942085266,0.27336953828732174
seg_005535,sample_01880,Three Bird - My brother Daniel,1,0.9139018058776855,cnn_revised_20260919T110440Z,cnn_s1_02,val,Log-Mel CNN,0.1961877942085266,0.27336953828732174
seg_005536,sample_01880,Three Bird - My brother Daniel,1,0.9544256925582886,cnn_revised_20260919T110440Z,cnn_s1_02,val,Log-Mel CNN,0.1961877942085266,0.27336953828732174
seg_005537,sample_01881,Timen Passing By - Jason Shaw,1,0.8669770359992981,cnn_revised_20260919T110440Z,cnn_s1_02,val,Log-Mel CNN,0.1961877942085266,0.27336953828732174
seg_005538,sample_01881,Timen Passing By - Jason Shaw,1,0.9340713620185852,cnn_revised_20260919T110440Z,cnn_s1_02,val,Log-Mel CNN,0.1961877942085266,0.27336953828732174
seg_005549,sample_01887,Understand That This Is A Dream - From the album Modulating Coil [RSVP008] - Forrest James,1,0.9784765839576721,cnn_revised_20260919T110440Z,cnn_s1_02,val,Log-Mel CNN,0.1961877942085266,0.27336953828732174
seg_005550,sample_01887,Understand That This Is A Dream - From the album Modulating Coil [RSVP008] - Forrest James,1,0.9905913472175598,cnn_revised_20260919T110440Z,cnn_s1_02,val,Log-Mel CNN,0.1961877942085266,0.27336953828732174
seg_005555,sample_01890,Westside Chillers - Little Glass Men,1,0.7336267828941345,cnn_revised_20260919T110440Z,cnn_s1_02,val,Log-Mel CNN,0.1961877942085266,0.27336953828732174
seg_005556,sample_01890,Westside Chillers - Little Glass Men,1,0.7648694515228271,cnn_revised_20260919T110440Z,cnn_s1_02,val,Log-Mel CNN,0.1961877942085266,0.27336953828732174
seg_005565,sample_01895,Agora - Malaventura,1,0.9250723719596863,cnn_revised_20260919T110440Z,cnn_s1_02,val,Log-Mel CNN,0.1961877942085266,0.27336953828732174
seg_005566,sample_01895,Agora - Malaventura,1,0.9689138531684875,cnn_revised_20260919T110440Z,cnn_s1_02,val,Log-Mel CNN,0.1961877942085266,0.27336953828732174
seg_005583,sample_01904,Evil Cannot Create - Caleb Lemond,1,0.962734043598175,cnn_revised_20260919T110440Z,cnn_s1_02,val,Log-Mel CNN,0.1961877942085266,0.27336953828732174
seg_005584,sample_01904,Evil Cannot Create - Caleb Lemond,1,0.9334204792976379,cnn_revised_20260919T110440Z,cnn_s1_02,val,Log-Mel CNN,0.1961877942085266,0.27336953828732174
seg_005621,sample_01923,My Body Is A Weapon (Compromise Edit) - Silence is full of birds,1,0.9777688980102539,cnn_revised_20260919T110440Z,cnn_s1_02,val,Log-Mel CNN,0.1961877942085266,0.27336953828732174
seg_005622,sample_01923,My Body Is A Weapon (Compromise Edit) - Silence is full of birds,1,0.9505851864814758,cnn_revised_20260919T110440Z,cnn_s1_02,val,Log-Mel CNN,0.1961877942085266,0.27336953828732174
seg_005627,sample_01926,New Life (take 1) - Bird Names,1,0.953597366809845,cnn_revised_20260919T110440Z,cnn_s1_02,val,Log-Mel CNN,0.1961877942085266,0.27336953828732174
seg_005628,sample_01926,New Life (take 1) - Bird Names,1,0.9657086730003357,cnn_revised_20260919T110440Z,cnn_s1_02,val,Log-Mel CNN,0.1961877942085266,0.27336953828732174
seg_005629,sample_01927,Norweigian Wood II - Bird Names,1,0.8041831851005554,cnn_revised_20260919T110440Z,cnn_s1_02,val,Log-Mel CNN,0.1961877942085266,0.27336953828732174
seg_005630,sample_01927,Norweigian Wood II - Bird Names,1,0.8971953392028809,cnn_revised_20260919T110440Z,cnn_s1_02,val,Log-Mel CNN,0.1961877942085266,0.27336953828732174
seg_005645,sample_01935,Roller Star - Monroeville Music Center,1,0.8802516460418701,cnn_revised_20260919T110440Z,cnn_s1_02,val,Log-Mel CNN,0.1961877942085266,0.27336953828732174
seg_005646,sample_01935,Roller Star - Monroeville Music Center,1,0.8372807502746582,cnn_revised_20260919T110440Z,cnn_s1_02,val,Log-Mel CNN,0.1961877942085266,0.27336953828732174
seg_005647,sample_01936,"Roundtrip - Oh Yeah, the Future",1,0.9473464488983154,cnn_revised_20260919T110440Z,cnn_s1_02,val,Log-Mel CNN,0.1961877942085266,0.27336953828732174
seg_005648,sample_01936,"Roundtrip - Oh Yeah, the Future",1,0.9822653532028198,cnn_revised_20260919T110440Z,cnn_s1_02,val,Log-Mel CNN,0.1961877942085266,0.27336953828732174
seg_005657,sample_01941,Soleares&beats - Malaventura,1,0.9902563095092773,cnn_revised_20260919T110440Z,cnn_s1_02,val,Log-Mel CNN,0.1961877942085266,0.27336953828732174
seg_005658,sample_01941,Soleares&beats - Malaventura,1,0.9888067245483398,cnn_revised_20260919T110440Z,cnn_s1_02,val,Log-Mel CNN,0.1961877942085266,0.27336953828732174
seg_005665,sample_01945,Stockholm Syndrome / People Should Be More Aware - Bird Names,1,0.6545962691307068,cnn_revised_20260919T110440Z,cnn_s1_02,val,Log-Mel CNN,0.1961877942085266,0.27336953828732174
seg_005666,sample_01945,Stockholm Syndrome / People Should Be More Aware - Bird Names,1,0.6333313584327698,cnn_revised_20260919T110440Z,cnn_s1_02,val,Log-Mel CNN,0.1961877942085266,0.27336953828732174
seg_005685,sample_01955,Time Is Love - Silence is full of birds,1,0.8873916268348694,cnn_revised_20260919T110440Z,cnn_s1_02,val,Log-Mel CNN,0.1961877942085266,0.27336953828732174
seg_005686,sample_01955,Time Is Love - Silence is full of birds,1,0.9892153143882751,cnn_revised_20260919T110440Z,cnn_s1_02,val,Log-Mel CNN,0.1961877942085266,0.27336953828732174
seg_005703,sample_01964,2 (Wasn't There) - Isle of Pine,1,0.7267847657203674,cnn_revised_20260919T110440Z,cnn_s1_02,val,Log-Mel CNN,0.1961877942085266,0.27336953828732174
seg_005704,sample_01964,2 (Wasn't There) - Isle of Pine,1,0.923772394657135,cnn_revised_20260919T110440Z,cnn_s1_02,val,Log-Mel CNN,0.1961877942085266,0.27336953828732174
seg_005723,sample_01974,Beyond Luxury - Mors Ontologica,1,0.9731060266494751,cnn_revised_20260919T110440Z,cnn_s1_02,val,Log-Mel CNN,0.1961877942085266,0.27336953828732174
seg_005724,sample_01974,Beyond Luxury - Mors Ontologica,1,0.9723439812660217,cnn_revised_20260919T110440Z,cnn_s1_02,val,Log-Mel CNN,0.1961877942085266,0.27336953828732174
seg_005747,sample_01986,Empty Pockets - Pete Prodoehl,1,0.9267492294311523,cnn_revised_20260919T110440Z,cnn_s1_02,val,Log-Mel CNN,0.1961877942085266,0.27336953828732174
seg_005748,sample_01986,Empty Pockets - Pete Prodoehl,1,0.9751072525978088,cnn_revised_20260919T110440Z,cnn_s1_02,val,Log-Mel CNN,0.1961877942085266,0.27336953828732174
seg_005753,sample_01989,Fear - Los Fancy Free,1,0.9002348780632019,cnn_revised_20260919T110440Z,cnn_s1_02,val,Log-Mel CNN,0.1961877942085266,0.27336953828732174
seg_005754,sample_01989,Fear - Los Fancy Free,1,0.8763304948806763,cnn_revised_20260919T110440Z,cnn_s1_02,val,Log-Mel CNN,0.1961877942085266,0.27336953828732174
seg_005763,sample_01994,Gila Monster Flop/Music History Lesson:The Sonics - The Crypts!,1,0.9851153492927551,cnn_revised_20260919T110440Z,cnn_s1_02,val,Log-Mel CNN,0.1961877942085266,0.27336953828732174
seg_005788,sample_02007,I Fell - Mod Fun,1,0.8207675814628601,cnn_revised_20260919T110440Z,cnn_s1_02,val,Log-Mel CNN,0.1961877942085266,0.27336953828732174
seg_005789,sample_02007,I Fell - Mod Fun,1,0.7894216179847717,cnn_revised_20260919T110440Z,cnn_s1_02,val,Log-Mel CNN,0.1961877942085266,0.27336953828732174
seg_005808,sample_02017,Lights Up - Pipe Choir,1,0.9452610015869141,cnn_revised_20260919T110440Z,cnn_s1_02,val,Log-Mel CNN,0.1961877942085266,0.27336953828732174
seg_005809,sample_02017,Lights Up - Pipe Choir,1,0.905961275100708,cnn_revised_20260919T110440Z,cnn_s1_02,val,Log-Mel CNN,0.1961877942085266,0.27336953828732174
seg_005816,sample_02021,March of the GPA Mechanics - [t]ghost,1,0.9090398550033569,cnn_revised_20260919T110440Z,cnn_s1_02,val,Log-Mel CNN,0.1961877942085266,0.27336953828732174
seg_005817,sample_02021,March of the GPA Mechanics - [t]ghost,1,0.985124945640564,cnn_revised_20260919T110440Z,cnn_s1_02,val,Log-Mel CNN,0.1961877942085266,0.27336953828732174
seg_005842,sample_02034,Redlight - Room For A Ghost,1,0.8390917181968689,cnn_revised_20260919T110440Z,cnn_s1_02,val,Log-Mel CNN,0.1961877942085266,0.27336953828732174
seg_005843,sample_02034,Redlight - Room For A Ghost,1,0.8293201327323914,cnn_revised_20260919T110440Z,cnn_s1_02,val,Log-Mel CNN,0.1961877942085266,0.27336953828732174
seg_005852,sample_02039,Scramby Eggs - Andy G. Cohen,1,0.939814031124115,cnn_revised_20260919T110440Z,cnn_s1_02,val,Log-Mel CNN,0.1961877942085266,0.27336953828732174
seg_005853,sample_02039,Scramby Eggs - Andy G. Cohen,1,0.6331667900085449,cnn_revised_20260919T110440Z,cnn_s1_02,val,Log-Mel CNN,0.1961877942085266,0.27336953828732174
seg_005860,sample_02043,Shipwrecked Crew - Pete Prodoehl,1,0.8605899810791016,cnn_revised_20260919T110440Z,cnn_s1_02,val,Log-Mel CNN,0.1961877942085266,0.27336953828732174
seg_005861,sample_02043,Shipwrecked Crew - Pete Prodoehl,1,0.915178120136261,cnn_revised_20260919T110440Z,cnn_s1_02,val,Log-Mel CNN,0.1961877942085266,0.27336953828732174
seg_005880,sample_02053,The girl just faded - Los Llamarada,1,0.9014166593551636,cnn_revised_20260919T110440Z,cnn_s1_02,val,Log-Mel CNN,0.1961877942085266,0.27336953828732174
seg_005881,sample_02053,The girl just faded - Los Llamarada,1,0.8869801163673401,cnn_revised_20260919T110440Z,cnn_s1_02,val,Log-Mel CNN,0.1961877942085266,0.27336953828732174
seg_005892,sample_02059,Voxel - Andy G. Cohen,1,0.8206807374954224,cnn_revised_20260919T110440Z,cnn_s1_02,val,Log-Mel CNN,0.1961877942085266,0.27336953828732174
seg_005893,sample_02059,Voxel - Andy G. Cohen,1,0.9337642192840576,cnn_revised_20260919T110440Z,cnn_s1_02,val,Log-Mel CNN,0.1961877942085266,0.27336953828732174
seg_005908,sample_02067,Windows of the Skull - Sarin,1,0.9741971492767334,cnn_revised_20260919T110440Z,cnn_s1_02,val,Log-Mel CNN,0.1961877942085266,0.27336953828732174
seg_005909,sample_02067,Windows of the Skull - Sarin,1,0.9867948889732361,cnn_revised_20260919T110440Z,cnn_s1_02,val,Log-Mel CNN,0.1961877942085266,0.27336953828732174
seg_005964,sample_02087,CopperNickle - UncleBibby,1,0.6338377594947815,cnn_revised_20260919T110440Z,cnn_s1_02,val,Log-Mel CNN,0.1961877942085266,0.27336953828732174
seg_005965,sample_02087,CopperNickle - UncleBibby,1,0.8161344528198242,cnn_revised_20260919T110440Z,cnn_s1_02,val,Log-Mel CNN,0.1961877942085266,0.27336953828732174
seg_005966,sample_02087,CopperNickle - UncleBibby,1,0.8258814215660095,cnn_revised_20260919T110440Z,cnn_s1_02,val,Log-Mel CNN,0.1961877942085266,0.27336953828732174
seg_005967,sample_02088,CopperNickle - UncleBibby,1,0.7530584335327148,cnn_revised_20260919T110440Z,cnn_s1_02,val,Log-Mel CNN,0.1961877942085266,0.27336953828732174
seg_005968,sample_02088,CopperNickle - UncleBibby,1,0.9200576543807983,cnn_revised_20260919T110440Z,cnn_s1_02,val,Log-Mel CNN,0.1961877942085266,0.27336953828732174
seg_005969,sample_02088,CopperNickle - UncleBibby,1,0.9210503697395325,cnn_revised_20260919T110440Z,cnn_s1_02,val,Log-Mel CNN,0.1961877942085266,0.27336953828732174
seg_005976,sample_02091,Daylight Savings - My brother Daniel,1,0.23652438819408417,cnn_revised_20260919T110440Z,cnn_s1_02,val,Log-Mel CNN,0.1961877942085266,0.27336953828732174
seg_005977,sample_02091,Daylight Savings - My brother Daniel,1,0.666069507598877,cnn_revised_20260919T110440Z,cnn_s1_02,val,Log-Mel CNN,0.1961877942085266,0.27336953828732174
seg_005978,sample_02091,Daylight Savings - My brother Daniel,1,0.7545188665390015,cnn_revised_20260919T110440Z,cnn_s1_02,val,Log-Mel CNN,0.1961877942085266,0.27336953828732174
seg_005979,sample_02092,Daylight Savings - My brother Daniel,1,0.9346799850463867,cnn_revised_20260919T110440Z,cnn_s1_02,val,Log-Mel CNN,0.1961877942085266,0.27336953828732174
seg_005980,sample_02092,Daylight Savings - My brother Daniel,1,0.6706142425537109,cnn_revised_20260919T110440Z,cnn_s1_02,val,Log-Mel CNN,0.1961877942085266,0.27336953828732174
seg_005981,sample_02092,Daylight Savings - My brother Daniel,1,0.8910600543022156,cnn_revised_20260919T110440Z,cnn_s1_02,val,Log-Mel CNN,0.1961877942085266,0.27336953828732174
seg_006042,sample_02113,mystery team 2090 - Jesse Futerman,1,0.11116930097341537,cnn_revised_20260919T110440Z,cnn_s1_02,val,Log-Mel CNN,0.1961877942085266,0.27336953828732174
seg_006043,sample_02113,mystery team 2090 - Jesse Futerman,1,0.2023547887802124,cnn_revised_20260919T110440Z,cnn_s1_02,val,Log-Mel CNN,0.1961877942085266,0.27336953828732174
seg_006044,sample_02113,mystery team 2090 - Jesse Futerman,1,0.829160749912262,cnn_revised_20260919T110440Z,cnn_s1_02,val,Log-Mel CNN,0.1961877942085266,0.27336953828732174
seg_006045,sample_02114,mystery team 2090 - Jesse Futerman,1,0.19525456428527832,cnn_revised_20260919T110440Z,cnn_s1_02,val,Log-Mel CNN,0.1961877942085266,0.27336953828732174
seg_006046,sample_02114,mystery team 2090 - Jesse Futerman,1,0.43162280321121216,cnn_revised_20260919T110440Z,cnn_s1_02,val,Log-Mel CNN,0.1961877942085266,0.27336953828732174
seg_006047,sample_02114,mystery team 2090 - Jesse Futerman,1,0.572215735912323,cnn_revised_20260919T110440Z,cnn_s1_02,val,Log-Mel CNN,0.1961877942085266,0.27336953828732174
seg_006048,sample_02115,Night Drive - Decktonic,1,0.8097612261772156,cnn_revised_20260919T110440Z,cnn_s1_02,val,Log-Mel CNN,0.1961877942085266,0.27336953828732174
seg_006049,sample_02115,Night Drive - Decktonic,1,0.8363025784492493,cnn_revised_20260919T110440Z,cnn_s1_02,val,Log-Mel CNN,0.1961877942085266,0.27336953828732174
seg_006050,sample_02115,Night Drive - Decktonic,1,0.8013385534286499,cnn_revised_20260919T110440Z,cnn_s1_02,val,Log-Mel CNN,0.1961877942085266,0.27336953828732174
seg_006051,sample_02116,Night Drive - Decktonic,1,0.6871803998947144,cnn_revised_20260919T110440Z,cnn_s1_02,val,Log-Mel CNN,0.1961877942085266,0.27336953828732174
seg_006052,sample_02116,Night Drive - Decktonic,1,0.31690850853919983,cnn_revised_20260919T110440Z,cnn_s1_02,val,Log-Mel CNN,0.1961877942085266,0.27336953828732174
seg_006053,sample_02116,Night Drive - Decktonic,1,0.2035001963376999,cnn_revised_20260919T110440Z,cnn_s1_02,val,Log-Mel CNN,0.1961877942085266,0.27336953828732174
seg_006066,sample_02121,Nuo Maisemat - Paavoharju,1,0.9347280263900757,cnn_revised_20260919T110440Z,cnn_s1_02,val,Log-Mel CNN,0.1961877942085266,0.27336953828732174
seg_006067,sample_02121,Nuo Maisemat - Paavoharju,1,0.6912876963615417,cnn_revised_20260919T110440Z,cnn_s1_02,val,Log-Mel CNN,0.1961877942085266,0.27336953828732174
seg_006068,sample_02121,Nuo Maisemat - Paavoharju,1,0.8803590536117554,cnn_revised_20260919T110440Z,cnn_s1_02,val,Log-Mel CNN,0.1961877942085266,0.27336953828732174
seg_006069,sample_02122,Nuo Maisemat - Paavoharju,1,0.5070467591285706,cnn_revised_20260919T110440Z,cnn_s1_02,val,Log-Mel CNN,0.1961877942085266,0.27336953828732174
seg_006070,sample_02122,Nuo Maisemat - Paavoharju,1,0.9363024234771729,cnn_revised_20260919T110440Z,cnn_s1_02,val,Log-Mel CNN,0.1961877942085266,0.27336953828732174
seg_006071,sample_02122,Nuo Maisemat - Paavoharju,1,0.9127864837646484,cnn_revised_20260919T110440Z,cnn_s1_02,val,Log-Mel CNN,0.1961877942085266,0.27336953828732174
seg_006150,sample_02149,SD (Ill Mix) - H-LR,1,0.7600252032279968,cnn_revised_20260919T110440Z,cnn_s1_02,val,Log-Mel CNN,0.1961877942085266,0.27336953828732174
seg_006151,sample_02149,SD (Ill Mix) - H-LR,1,0.6381195187568665,cnn_revised_20260919T110440Z,cnn_s1_02,val,Log-Mel CNN,0.1961877942085266,0.27336953828732174
seg_006152,sample_02149,SD (Ill Mix) - H-LR,1,0.521689772605896,cnn_revised_20260919T110440Z,cnn_s1_02,val,Log-Mel CNN,0.1961877942085266,0.27336953828732174
seg_006153,sample_02150,SD (Ill Mix) - H-LR,1,0.0375155545771122,cnn_revised_20260919T110440Z,cnn_s1_02,val,Log-Mel CNN,0.1961877942085266,0.27336953828732174
seg_006154,sample_02150,SD (Ill Mix) - H-LR,1,0.1862478405237198,cnn_revised_20260919T110440Z,cnn_s1_02,val,Log-Mel CNN,0.1961877942085266,0.27336953828732174
seg_006155,sample_02150,SD (Ill Mix) - H-LR,1,0.49590981006622314,cnn_revised_20260919T110440Z,cnn_s1_02,val,Log-Mel CNN,0.1961877942085266,0.27336953828732174
seg_006258,sample_02185,Evil Cannot Create - Caleb Lemond,1,0.2398509681224823,cnn_revised_20260919T110440Z,cnn_s1_02,val,Log-Mel CNN,0.1961877942085266,0.27336953828732174
seg_006259,sample_02185,Evil Cannot Create - Caleb Lemond,1,0.2895831763744354,cnn_revised_20260919T110440Z,cnn_s1_02,val,Log-Mel CNN,0.1961877942085266,0.27336953828732174
seg_006260,sample_02185,Evil Cannot Create - Caleb Lemond,1,0.5750772953033447,cnn_revised_20260919T110440Z,cnn_s1_02,val,Log-Mel CNN,0.1961877942085266,0.27336953828732174
seg_006261,sample_02186,Evil Cannot Create - Caleb Lemond,1,0.8441017270088196,cnn_revised_20260919T110440Z,cnn_s1_02,val,Log-Mel CNN,0.1961877942085266,0.27336953828732174
seg_006262,sample_02186,Evil Cannot Create - Caleb Lemond,1,0.4498886168003082,cnn_revised_20260919T110440Z,cnn_s1_02,val,Log-Mel CNN,0.1961877942085266,0.27336953828732174
seg_006263,sample_02186,Evil Cannot Create - Caleb Lemond,1,0.815686821937561,cnn_revised_20260919T110440Z,cnn_s1_02,val,Log-Mel CNN,0.1961877942085266,0.27336953828732174
seg_006366,sample_02221,New Life (take 1) - Bird Names,1,0.6280132532119751,cnn_revised_20260919T110440Z,cnn_s1_02,val,Log-Mel CNN,0.1961877942085266,0.27336953828732174
seg_006367,sample_02221,New Life (take 1) - Bird Names,1,0.17936807870864868,cnn_revised_20260919T110440Z,cnn_s1_02,val,Log-Mel CNN,0.1961877942085266,0.27336953828732174
seg_006368,sample_02221,New Life (take 1) - Bird Names,1,0.2777339220046997,cnn_revised_20260919T110440Z,cnn_s1_02,val,Log-Mel CNN,0.1961877942085266,0.27336953828732174
seg_006369,sample_02222,New Life (take 1) - Bird Names,1,0.24900422990322113,cnn_revised_20260919T110440Z,cnn_s1_02,val,Log-Mel CNN,0.1961877942085266,0.27336953828732174
seg_006370,sample_02222,New Life (take 1) - Bird Names,1,0.9834660887718201,cnn_revised_20260919T110440Z,cnn_s1_02,val,Log-Mel CNN,0.1961877942085266,0.27336953828732174
seg_006371,sample_02222,New Life (take 1) - Bird Names,1,0.9950727820396423,cnn_revised_20260919T110440Z,cnn_s1_02,val,Log-Mel CNN,0.1961877942085266,0.27336953828732174
seg_006372,sample_02223,Norweigian Wood II - Bird Names,1,0.2736516296863556,cnn_revised_20260919T110440Z,cnn_s1_02,val,Log-Mel CNN,0.1961877942085266,0.27336953828732174
seg_006373,sample_02223,Norweigian Wood II - Bird Names,1,0.42925867438316345,cnn_revised_20260919T110440Z,cnn_s1_02,val,Log-Mel CNN,0.1961877942085266,0.27336953828732174
seg_006374,sample_02223,Norweigian Wood II - Bird Names,1,0.7915463447570801,cnn_revised_20260919T110440Z,cnn_s1_02,val,Log-Mel CNN,0.1961877942085266,0.27336953828732174
seg_006375,sample_02224,Norweigian Wood II - Bird Names,1,0.1514802873134613,cnn_revised_20260919T110440Z,cnn_s1_02,val,Log-Mel CNN,0.1961877942085266,0.27336953828732174
seg_006376,sample_02224,Norweigian Wood II - Bird Names,1,0.5805797576904297,cnn_revised_20260919T110440Z,cnn_s1_02,val,Log-Mel CNN,0.1961877942085266,0.27336953828732174
seg_006377,sample_02224,Norweigian Wood II - Bird Names,1,0.8568199276924133,cnn_revised_20260919T110440Z,cnn_s1_02,val,Log-Mel CNN,0.1961877942085266,0.27336953828732174
seg_006396,sample_02231,Roller Star - Monroeville Music Center,1,0.5869438052177429,cnn_revised_20260919T110440Z,cnn_s1_02,val,Log-Mel CNN,0.1961877942085266,0.27336953828732174
seg_006397,sample_02231,Roller Star - Monroeville Music Center,1,0.5719497799873352,cnn_revised_20260919T110440Z,cnn_s1_02,val,Log-Mel CNN,0.1961877942085266,0.27336953828732174
seg_006398,sample_02231,Roller Star - Monroeville Music Center,1,0.6280887126922607,cnn_revised_20260919T110440Z,cnn_s1_02,val,Log-Mel CNN,0.1961877942085266,0.27336953828732174
seg_006399,sample_02232,Roller Star - Monroeville Music Center,1,0.4831784665584564,cnn_revised_20260919T110440Z,cnn_s1_02,val,Log-Mel CNN,0.1961877942085266,0.27336953828732174
seg_006400,sample_02232,Roller Star - Monroeville Music Center,1,0.8466524481773376,cnn_revised_20260919T110440Z,cnn_s1_02,val,Log-Mel CNN,0.1961877942085266,0.27336953828732174
seg_006401,sample_02232,Roller Star - Monroeville Music Center,1,0.9702087044715881,cnn_revised_20260919T110440Z,cnn_s1_02,val,Log-Mel CNN,0.1961877942085266,0.27336953828732174
seg_006402,sample_02233,"Roundtrip - Oh Yeah, the Future",1,0.8761573433876038,cnn_revised_20260919T110440Z,cnn_s1_02,val,Log-Mel CNN,0.1961877942085266,0.27336953828732174
seg_006403,sample_02233,"Roundtrip - Oh Yeah, the Future",1,0.8072803020477295,cnn_revised_20260919T110440Z,cnn_s1_02,val,Log-Mel CNN,0.1961877942085266,0.27336953828732174
seg_006404,sample_02233,"Roundtrip - Oh Yeah, the Future",1,0.6408525705337524,cnn_revised_20260919T110440Z,cnn_s1_02,val,Log-Mel CNN,0.1961877942085266,0.27336953828732174
seg_006405,sample_02234,"Roundtrip - Oh Yeah, the Future",1,0.4165278673171997,cnn_revised_20260919T110440Z,cnn_s1_02,val,Log-Mel CNN,0.1961877942085266,0.27336953828732174
seg_006406,sample_02234,"Roundtrip - Oh Yeah, the Future",1,0.48682788014411926,cnn_revised_20260919T110440Z,cnn_s1_02,val,Log-Mel CNN,0.1961877942085266,0.27336953828732174
seg_006407,sample_02234,"Roundtrip - Oh Yeah, the Future",1,0.5390312075614929,cnn_revised_20260919T110440Z,cnn_s1_02,val,Log-Mel CNN,0.1961877942085266,0.27336953828732174
seg_006420,sample_02239,Soleares&beats - Malaventura,1,0.3725902736186981,cnn_revised_20260919T110440Z,cnn_s1_02,val,Log-Mel CNN,0.1961877942085266,0.27336953828732174
seg_006421,sample_02239,Soleares&beats - Malaventura,1,0.6816517114639282,cnn_revised_20260919T110440Z,cnn_s1_02,val,Log-Mel CNN,0.1961877942085266,0.27336953828732174
seg_006422,sample_02239,Soleares&beats - Malaventura,1,0.3692142963409424,cnn_revised_20260919T110440Z,cnn_s1_02,val,Log-Mel CNN,0.1961877942085266,0.27336953828732174
seg_006423,sample_02240,Soleares&beats - Malaventura,1,0.25174227356910706,cnn_revised_20260919T110440Z,cnn_s1_02,val,Log-Mel CNN,0.1961877942085266,0.27336953828732174
seg_006424,sample_02240,Soleares&beats - Malaventura,1,0.6758445501327515,cnn_revised_20260919T110440Z,cnn_s1_02,val,Log-Mel CNN,0.1961877942085266,0.27336953828732174
seg_006425,sample_02240,Soleares&beats - Malaventura,1,0.6297451257705688,cnn_revised_20260919T110440Z,cnn_s1_02,val,Log-Mel CNN,0.1961877942085266,0.27336953828732174
seg_006438,sample_02245,Stockholm Syndrome / People Should Be More Aware - Bird Names,1,0.8554204702377319,cnn_revised_20260919T110440Z,cnn_s1_02,val,Log-Mel CNN,0.1961877942085266,0.27336953828732174
seg_006439,sample_02245,Stockholm Syndrome / People Should Be More Aware - Bird Names,1,0.7513980269432068,cnn_revised_20260919T110440Z,cnn_s1_02,val,Log-Mel CNN,0.1961877942085266,0.27336953828732174
seg_006440,sample_02245,Stockholm Syndrome / People Should Be More Aware - Bird Names,1,0.8403494954109192,cnn_revised_20260919T110440Z,cnn_s1_02,val,Log-Mel CNN,0.1961877942085266,0.27336953828732174
seg_006441,sample_02246,Stockholm Syndrome / People Should Be More Aware - Bird Names,1,0.8051627278327942,cnn_revised_20260919T110440Z,cnn_s1_02,val,Log-Mel CNN,0.1961877942085266,0.27336953828732174
seg_006442,sample_02246,Stockholm Syndrome / People Should Be More Aware - Bird Names,1,0.8748310804367065,cnn_revised_20260919T110440Z,cnn_s1_02,val,Log-Mel CNN,0.1961877942085266,0.27336953828732174
seg_006443,sample_02246,Stockholm Syndrome / People Should Be More Aware - Bird Names,1,0.5628432035446167,cnn_revised_20260919T110440Z,cnn_s1_02,val,Log-Mel CNN,0.1961877942085266,0.27336953828732174
seg_006480,sample_02259,Time Is Love - Silence is full of birds,1,0.4095260202884674,cnn_revised_20260919T110440Z,cnn_s1_02,val,Log-Mel CNN,0.1961877942085266,0.27336953828732174
seg_006481,sample_02259,Time Is Love - Silence is full of birds,1,0.698539674282074,cnn_revised_20260919T110440Z,cnn_s1_02,val,Log-Mel CNN,0.1961877942085266,0.27336953828732174
seg_006482,sample_02259,Time Is Love - Silence is full of birds,1,0.7347131371498108,cnn_revised_20260919T110440Z,cnn_s1_02,val,Log-Mel CNN,0.1961877942085266,0.27336953828732174
seg_006483,sample_02260,Time Is Love - Silence is full of birds,1,0.028680821880698204,cnn_revised_20260919T110440Z,cnn_s1_02,val,Log-Mel CNN,0.1961877942085266,0.27336953828732174
seg_006484,sample_02260,Time Is Love - Silence is full of birds,1,0.33163928985595703,cnn_revised_20260919T110440Z,cnn_s1_02,val,Log-Mel CNN,0.1961877942085266,0.27336953828732174
seg_006485,sample_02260,Time Is Love - Silence is full of birds,1,0.5746512413024902,cnn_revised_20260919T110440Z,cnn_s1_02,val,Log-Mel CNN,0.1961877942085266,0.27336953828732174
seg_006522,sample_02273,2 (Wasn't There) - Isle of Pine,1,0.31853291392326355,cnn_revised_20260919T110440Z,cnn_s1_02,val,Log-Mel CNN,0.1961877942085266,0.27336953828732174
seg_006523,sample_02273,2 (Wasn't There) - Isle of Pine,1,0.8633164167404175,cnn_revised_20260919T110440Z,cnn_s1_02,val,Log-Mel CNN,0.1961877942085266,0.27336953828732174
seg_006524,sample_02273,2 (Wasn't There) - Isle of Pine,1,0.783643901348114,cnn_revised_20260919T110440Z,cnn_s1_02,val,Log-Mel CNN,0.1961877942085266,0.27336953828732174
seg_006525,sample_02274,2 (Wasn't There) - Isle of Pine,1,0.2633003294467926,cnn_revised_20260919T110440Z,cnn_s1_02,val,Log-Mel CNN,0.1961877942085266,0.27336953828732174
seg_006526,sample_02274,2 (Wasn't There) - Isle of Pine,1,0.8244521021842957,cnn_revised_20260919T110440Z,cnn_s1_02,val,Log-Mel CNN,0.1961877942085266,0.27336953828732174
seg_006527,sample_02274,2 (Wasn't There) - Isle of Pine,1,0.8586167097091675,cnn_revised_20260919T110440Z,cnn_s1_02,val,Log-Mel CNN,0.1961877942085266,0.27336953828732174
seg_006552,sample_02283,Empty Pockets - Pete Prodoehl,1,0.6036745309829712,cnn_revised_20260919T110440Z,cnn_s1_02,val,Log-Mel CNN,0.1961877942085266,0.27336953828732174
seg_006553,sample_02283,Empty Pockets - Pete Prodoehl,1,0.8194851279258728,cnn_revised_20260919T110440Z,cnn_s1_02,val,Log-Mel CNN,0.1961877942085266,0.27336953828732174
seg_006554,sample_02283,Empty Pockets - Pete Prodoehl,1,0.6209610104560852,cnn_revised_20260919T110440Z,cnn_s1_02,val,Log-Mel CNN,0.1961877942085266,0.27336953828732174
seg_006555,sample_02284,Empty Pockets - Pete Prodoehl,1,0.5211272239685059,cnn_revised_20260919T110440Z,cnn_s1_02,val,Log-Mel CNN,0.1961877942085266,0.27336953828732174
seg_006556,sample_02284,Empty Pockets - Pete Prodoehl,1,0.1684800237417221,cnn_revised_20260919T110440Z,cnn_s1_02,val,Log-Mel CNN,0.1961877942085266,0.27336953828732174
seg_006557,sample_02284,Empty Pockets - Pete Prodoehl,1,0.5720288753509521,cnn_revised_20260919T110440Z,cnn_s1_02,val,Log-Mel CNN,0.1961877942085266,0.27336953828732174
seg_006570,sample_02289,Gila Monster Flop/Music History Lesson:The Sonics - The Crypts!,1,0.278255432844162,cnn_revised_20260919T110440Z,cnn_s1_02,val,Log-Mel CNN,0.1961877942085266,0.27336953828732174
seg_006571,sample_02289,Gila Monster Flop/Music History Lesson:The Sonics - The Crypts!,1,0.32591065764427185,cnn_revised_20260919T110440Z,cnn_s1_02,val,Log-Mel CNN,0.1961877942085266,0.27336953828732174
seg_006572,sample_02289,Gila Monster Flop/Music History Lesson:The Sonics - The Crypts!,1,0.4239576756954193,cnn_revised_20260919T110440Z,cnn_s1_02,val,Log-Mel CNN,0.1961877942085266,0.27336953828732174
seg_006573,sample_02290,Gila Monster Flop/Music History Lesson:The Sonics - The Crypts!,1,0.41567420959472656,cnn_revised_20260919T110440Z,cnn_s1_02,val,Log-Mel CNN,0.1961877942085266,0.27336953828732174
seg_006574,sample_02290,Gila Monster Flop/Music History Lesson:The Sonics - The Crypts!,1,0.12336308509111404,cnn_revised_20260919T110440Z,cnn_s1_02,val,Log-Mel CNN,0.1961877942085266,0.27336953828732174
seg_006575,sample_02290,Gila Monster Flop/Music History Lesson:The Sonics - The Crypts!,1,0.4851193428039551,cnn_revised_20260919T110440Z,cnn_s1_02,val,Log-Mel CNN,0.1961877942085266,0.27336953828732174
seg_006588,sample_02295,I Fell - Mod Fun,1,0.6509472727775574,cnn_revised_20260919T110440Z,cnn_s1_02,val,Log-Mel CNN,0.1961877942085266,0.27336953828732174
seg_006589,sample_02295,I Fell - Mod Fun,1,0.5276443958282471,cnn_revised_20260919T110440Z,cnn_s1_02,val,Log-Mel CNN,0.1961877942085266,0.27336953828732174
seg_006590,sample_02295,I Fell - Mod Fun,1,0.6787074208259583,cnn_revised_20260919T110440Z,cnn_s1_02,val,Log-Mel CNN,0.1961877942085266,0.27336953828732174
seg_006591,sample_02296,I Fell - Mod Fun,1,0.478988379240036,cnn_revised_20260919T110440Z,cnn_s1_02,val,Log-Mel CNN,0.1961877942085266,0.27336953828732174
seg_006592,sample_02296,I Fell - Mod Fun,1,0.8018158078193665,cnn_revised_20260919T110440Z,cnn_s1_02,val,Log-Mel CNN,0.1961877942085266,0.27336953828732174
seg_006593,sample_02296,I Fell - Mod Fun,1,0.8973524570465088,cnn_revised_20260919T110440Z,cnn_s1_02,val,Log-Mel CNN,0.1961877942085266,0.27336953828732174
seg_006636,sample_02311,March of the GPA Mechanics - [t]ghost,1,0.3858616054058075,cnn_revised_20260919T110440Z,cnn_s1_02,val,Log-Mel CNN,0.1961877942085266,0.27336953828732174
seg_006637,sample_02311,March of the GPA Mechanics - [t]ghost,1,0.5824493169784546,cnn_revised_20260919T110440Z,cnn_s1_02,val,Log-Mel CNN,0.1961877942085266,0.27336953828732174
seg_006638,sample_02311,March of the GPA Mechanics - [t]ghost,1,0.6306443810462952,cnn_revised_20260919T110440Z,cnn_s1_02,val,Log-Mel CNN,0.1961877942085266,0.27336953828732174
seg_006639,sample_02312,March of the GPA Mechanics - [t]ghost,1,0.8652365207672119,cnn_revised_20260919T110440Z,cnn_s1_02,val,Log-Mel CNN,0.1961877942085266,0.27336953828732174
seg_006640,sample_02312,March of the GPA Mechanics - [t]ghost,1,0.3377361297607422,cnn_revised_20260919T110440Z,cnn_s1_02,val,Log-Mel CNN,0.1961877942085266,0.27336953828732174
seg_006641,sample_02312,March of the GPA Mechanics - [t]ghost,1,0.7257840037345886,cnn_revised_20260919T110440Z,cnn_s1_02,val,Log-Mel CNN,0.1961877942085266,0.27336953828732174
seg_006696,sample_02331,Scramby Eggs - Andy G. Cohen,1,0.5157551169395447,cnn_revised_20260919T110440Z,cnn_s1_02,val,Log-Mel CNN,0.1961877942085266,0.27336953828732174
seg_006697,sample_02331,Scramby Eggs - Andy G. Cohen,1,0.8337619304656982,cnn_revised_20260919T110440Z,cnn_s1_02,val,Log-Mel CNN,0.1961877942085266,0.27336953828732174
seg_006698,sample_02331,Scramby Eggs - Andy G. Cohen,1,0.8506107330322266,cnn_revised_20260919T110440Z,cnn_s1_02,val,Log-Mel CNN,0.1961877942085266,0.27336953828732174
seg_006699,sample_02332,Scramby Eggs - Andy G. Cohen,1,0.6736553907394409,cnn_revised_20260919T110440Z,cnn_s1_02,val,Log-Mel CNN,0.1961877942085266,0.27336953828732174
seg_006700,sample_02332,Scramby Eggs - Andy G. Cohen,1,0.2412748485803604,cnn_revised_20260919T110440Z,cnn_s1_02,val,Log-Mel CNN,0.1961877942085266,0.27336953828732174
seg_006701,sample_02332,Scramby Eggs - Andy G. Cohen,1,0.5784733295440674,cnn_revised_20260919T110440Z,cnn_s1_02,val,Log-Mel CNN,0.1961877942085266,0.27336953828732174
seg_006750,sample_02349,The girl just faded - Los Llamarada,1,0.5325916409492493,cnn_revised_20260919T110440Z,cnn_s1_02,val,Log-Mel CNN,0.1961877942085266,0.27336953828732174
seg_006751,sample_02349,The girl just faded - Los Llamarada,1,0.3287951350212097,cnn_revised_20260919T110440Z,cnn_s1_02,val,Log-Mel CNN,0.1961877942085266,0.27336953828732174
seg_006752,sample_02349,The girl just faded - Los Llamarada,1,0.23685184121131897,cnn_revised_20260919T110440Z,cnn_s1_02,val,Log-Mel CNN,0.1961877942085266,0.27336953828732174
seg_006753,sample_02350,The girl just faded - Los Llamarada,1,0.4321536421775818,cnn_revised_20260919T110440Z,cnn_s1_02,val,Log-Mel CNN,0.1961877942085266,0.27336953828732174
seg_006754,sample_02350,The girl just faded - Los Llamarada,1,0.8198300004005432,cnn_revised_20260919T110440Z,cnn_s1_02,val,Log-Mel CNN,0.1961877942085266,0.27336953828732174
seg_006755,sample_02350,The girl just faded - Los Llamarada,1,0.5417219400405884,cnn_revised_20260919T110440Z,cnn_s1_02,val,Log-Mel CNN,0.1961877942085266,0.27336953828732174
seg_006768,sample_02355,Voxel - Andy G. Cohen,1,0.5094123482704163,cnn_revised_20260919T110440Z,cnn_s1_02,val,Log-Mel CNN,0.1961877942085266,0.27336953828732174
seg_006769,sample_02355,Voxel - Andy G. Cohen,1,0.6794208884239197,cnn_revised_20260919T110440Z,cnn_s1_02,val,Log-Mel CNN,0.1961877942085266,0.27336953828732174
seg_006770,sample_02355,Voxel - Andy G. Cohen,1,0.9600761532783508,cnn_revised_20260919T110440Z,cnn_s1_02,val,Log-Mel CNN,0.1961877942085266,0.27336953828732174
seg_006771,sample_02356,Voxel - Andy G. Cohen,1,0.9526232481002808,cnn_revised_20260919T110440Z,cnn_s1_02,val,Log-Mel CNN,0.1961877942085266,0.27336953828732174
seg_006772,sample_02356,Voxel - Andy G. Cohen,1,0.5679179430007935,cnn_revised_20260919T110440Z,cnn_s1_02,val,Log-Mel CNN,0.1961877942085266,0.27336953828732174
seg_006773,sample_02356,Voxel - Andy G. Cohen,1,0.8849014043807983,cnn_revised_20260919T110440Z,cnn_s1_02,val,Log-Mel CNN,0.1961877942085266,0.27336953828732174
seg_006792,sample_02363,Windows of the Skull - Sarin,1,0.8268181085586548,cnn_revised_20260919T110440Z,cnn_s1_02,val,Log-Mel CNN,0.1961877942085266,0.27336953828732174
seg_006793,sample_02363,Windows of the Skull - Sarin,1,0.5750105977058411,cnn_revised_20260919T110440Z,cnn_s1_02,val,Log-Mel CNN,0.1961877942085266,0.27336953828732174
seg_006794,sample_02363,Windows of the Skull - Sarin,1,0.7267210483551025,cnn_revised_20260919T110440Z,cnn_s1_02,val,Log-Mel CNN,0.1961877942085266,0.27336953828732174
seg_006795,sample_02364,Windows of the Skull - Sarin,1,0.860401451587677,cnn_revised_20260919T110440Z,cnn_s1_02,val,Log-Mel CNN,0.1961877942085266,0.27336953828732174
seg_006796,sample_02364,Windows of the Skull - Sarin,1,0.40373900532722473,cnn_revised_20260919T110440Z,cnn_s1_02,val,Log-Mel CNN,0.1961877942085266,0.27336953828732174
seg_006797,sample_02364,Windows of the Skull - Sarin,1,0.8910308480262756,cnn_revised_20260919T110440Z,cnn_s1_02,val,Log-Mel CNN,0.1961877942085266,0.27336953828732174
seg_006810,sample_02369,Новый Нью-Йорк 2 - Чокнутый Пропеллер,1,0.07940367609262466,cnn_revised_20260919T110440Z,cnn_s1_02,val,Log-Mel CNN,0.1961877942085266,0.27336953828732174
seg_006811,sample_02369,Новый Нью-Йорк 2 - Чокнутый Пропеллер,1,0.4771316349506378,cnn_revised_20260919T110440Z,cnn_s1_02,val,Log-Mel CNN,0.1961877942085266,0.27336953828732174
seg_006812,sample_02369,Новый Нью-Йорк 2 - Чокнутый Пропеллер,1,0.635797917842865,cnn_revised_20260919T110440Z,cnn_s1_02,val,Log-Mel CNN,0.1961877942085266,0.27336953828732174
seg_006813,sample_02370,Новый Нью-Йорк 2 - Чокнутый Пропеллер,1,0.45396772027015686,cnn_revised_20260919T110440Z,cnn_s1_02,val,Log-Mel CNN,0.1961877942085266,0.27336953828732174
seg_006814,sample_02370,Новый Нью-Йорк 2 - Чокнутый Пропеллер,1,0.6038575768470764,cnn_revised_20260919T110440Z,cnn_s1_02,val,Log-Mel CNN,0.1961877942085266,0.27336953828732174
seg_006815,sample_02370,Новый Нью-Йорк 2 - Чокнутый Пропеллер,1,0.5797491073608398,cnn_revised_20260919T110440Z,cnn_s1_02,val,Log-Mel CNN,0.1961877942085266,0.27336953828732174
seg_006864,sample_02387,CopperNickle - UncleBibby,1,0.9753347039222717,cnn_revised_20260919T110440Z,cnn_s1_02,val,Log-Mel CNN,0.1961877942085266,0.27336953828732174
seg_006865,sample_02387,CopperNickle - UncleBibby,1,0.941288948059082,cnn_revised_20260919T110440Z,cnn_s1_02,val,Log-Mel CNN,0.1961877942085266,0.27336953828732174
seg_006866,sample_02387,CopperNickle - UncleBibby,1,0.889302670955658,cnn_revised_20260919T110440Z,cnn_s1_02,val,Log-Mel CNN,0.1961877942085266,0.27336953828732174
seg_006867,sample_02388,CopperNickle - UncleBibby,1,0.46540743112564087,cnn_revised_20260919T110440Z,cnn_s1_02,val,Log-Mel CNN,0.1961877942085266,0.27336953828732174
seg_006868,sample_02388,CopperNickle - UncleBibby,1,0.5758863091468811,cnn_revised_20260919T110440Z,cnn_s1_02,val,Log-Mel CNN,0.1961877942085266,0.27336953828732174
seg_006869,sample_02388,CopperNickle - UncleBibby,1,0.7131913304328918,cnn_revised_20260919T110440Z,cnn_s1_02,val,Log-Mel CNN,0.1961877942085266,0.27336953828732174
seg_006876,sample_02391,Daylight Savings - My brother Daniel,1,0.7619447112083435,cnn_revised_20260919T110440Z,cnn_s1_02,val,Log-Mel CNN,0.1961877942085266,0.27336953828732174
seg_006877,sample_02391,Daylight Savings - My brother Daniel,1,0.6918865442276001,cnn_revised_20260919T110440Z,cnn_s1_02,val,Log-Mel CNN,0.1961877942085266,0.27336953828732174
seg_006878,sample_02391,Daylight Savings - My brother Daniel,1,0.9339617490768433,cnn_revised_20260919T110440Z,cnn_s1_02,val,Log-Mel CNN,0.1961877942085266,0.27336953828732174
seg_006879,sample_02392,Daylight Savings - My brother Daniel,1,0.5786733031272888,cnn_revised_20260919T110440Z,cnn_s1_02,val,Log-Mel CNN,0.1961877942085266,0.27336953828732174
seg_006880,sample_02392,Daylight Savings - My brother Daniel,1,0.7412130236625671,cnn_revised_20260919T110440Z,cnn_s1_02,val,Log-Mel CNN,0.1961877942085266,0.27336953828732174
seg_006881,sample_02392,Daylight Savings - My brother Daniel,1,0.7263829708099365,cnn_revised_20260919T110440Z,cnn_s1_02,val,Log-Mel CNN,0.1961877942085266,0.27336953828732174
seg_006942,sample_02413,mystery team 2090 - Jesse Futerman,1,0.3033376634120941,cnn_revised_20260919T110440Z,cnn_s1_02,val,Log-Mel CNN,0.1961877942085266,0.27336953828732174
seg_006943,sample_02413,mystery team 2090 - Jesse Futerman,1,0.24017705023288727,cnn_revised_20260919T110440Z,cnn_s1_02,val,Log-Mel CNN,0.1961877942085266,0.27336953828732174
seg_006944,sample_02413,mystery team 2090 - Jesse Futerman,1,0.3307090699672699,cnn_revised_20260919T110440Z,cnn_s1_02,val,Log-Mel CNN,0.1961877942085266,0.27336953828732174
seg_006945,sample_02414,mystery team 2090 - Jesse Futerman,1,0.22895511984825134,cnn_revised_20260919T110440Z,cnn_s1_02,val,Log-Mel CNN,0.1961877942085266,0.27336953828732174
seg_006946,sample_02414,mystery team 2090 - Jesse Futerman,1,0.19806766510009766,cnn_revised_20260919T110440Z,cnn_s1_02,val,Log-Mel CNN,0.1961877942085266,0.27336953828732174
seg_006947,sample_02414,mystery team 2090 - Jesse Futerman,1,0.893304705619812,cnn_revised_20260919T110440Z,cnn_s1_02,val,Log-Mel CNN,0.1961877942085266,0.27336953828732174
seg_006948,sample_02415,Night Drive - Decktonic,1,0.6700871586799622,cnn_revised_20260919T110440Z,cnn_s1_02,val,Log-Mel CNN,0.1961877942085266,0.27336953828732174
seg_006949,sample_02415,Night Drive - Decktonic,1,0.4037686288356781,cnn_revised_20260919T110440Z,cnn_s1_02,val,Log-Mel CNN,0.1961877942085266,0.27336953828732174
seg_006950,sample_02415,Night Drive - Decktonic,1,0.9308775663375854,cnn_revised_20260919T110440Z,cnn_s1_02,val,Log-Mel CNN,0.1961877942085266,0.27336953828732174
seg_006951,sample_02416,Night Drive - Decktonic,1,0.8141499757766724,cnn_revised_20260919T110440Z,cnn_s1_02,val,Log-Mel CNN,0.1961877942085266,0.27336953828732174
seg_006952,sample_02416,Night Drive - Decktonic,1,0.7122766375541687,cnn_revised_20260919T110440Z,cnn_s1_02,val,Log-Mel CNN,0.1961877942085266,0.27336953828732174
seg_006953,sample_02416,Night Drive - Decktonic,1,0.9218387603759766,cnn_revised_20260919T110440Z,cnn_s1_02,val,Log-Mel CNN,0.1961877942085266,0.27336953828732174
seg_006966,sample_02421,Nuo Maisemat - Paavoharju,1,0.3740294575691223,cnn_revised_20260919T110440Z,cnn_s1_02,val,Log-Mel CNN,0.1961877942085266,0.27336953828732174
seg_006967,sample_02421,Nuo Maisemat - Paavoharju,1,0.13676989078521729,cnn_revised_20260919T110440Z,cnn_s1_02,val,Log-Mel CNN,0.1961877942085266,0.27336953828732174
seg_006968,sample_02421,Nuo Maisemat - Paavoharju,1,0.3344659209251404,cnn_revised_20260919T110440Z,cnn_s1_02,val,Log-Mel CNN,0.1961877942085266,0.27336953828732174
seg_006969,sample_02422,Nuo Maisemat - Paavoharju,1,0.5258321762084961,cnn_revised_20260919T110440Z,cnn_s1_02,val,Log-Mel CNN,0.1961877942085266,0.27336953828732174
seg_006970,sample_02422,Nuo Maisemat - Paavoharju,1,0.2506832778453827,cnn_revised_20260919T110440Z,cnn_s1_02,val,Log-Mel CNN,0.1961877942085266,0.27336953828732174
seg_006971,sample_02422,Nuo Maisemat - Paavoharju,1,0.2913658320903778,cnn_revised_20260919T110440Z,cnn_s1_02,val,Log-Mel CNN,0.1961877942085266,0.27336953828732174
seg_007050,sample_02449,SD (Ill Mix) - H-LR,1,0.8259625434875488,cnn_revised_20260919T110440Z,cnn_s1_02,val,Log-Mel CNN,0.1961877942085266,0.27336953828732174
seg_007051,sample_02449,SD (Ill Mix) - H-LR,1,0.9681260585784912,cnn_revised_20260919T110440Z,cnn_s1_02,val,Log-Mel CNN,0.1961877942085266,0.27336953828732174
seg_007052,sample_02449,SD (Ill Mix) - H-LR,1,0.9044494032859802,cnn_revised_20260919T110440Z,cnn_s1_02,val,Log-Mel CNN,0.1961877942085266,0.27336953828732174
seg_007053,sample_02450,SD (Ill Mix) - H-LR,1,0.7193803191184998,cnn_revised_20260919T110440Z,cnn_s1_02,val,Log-Mel CNN,0.1961877942085266,0.27336953828732174
seg_007054,sample_02450,SD (Ill Mix) - H-LR,1,0.9799522757530212,cnn_revised_20260919T110440Z,cnn_s1_02,val,Log-Mel CNN,0.1961877942085266,0.27336953828732174
seg_007055,sample_02450,SD (Ill Mix) - H-LR,1,0.8148467540740967,cnn_revised_20260919T110440Z,cnn_s1_02,val,Log-Mel CNN,0.1961877942085266,0.27336953828732174
seg_007158,sample_02485,Evil Cannot Create - Caleb Lemond,1,0.035407837480306625,cnn_revised_20260919T110440Z,cnn_s1_02,val,Log-Mel CNN,0.1961877942085266,0.27336953828732174
seg_007159,sample_02485,Evil Cannot Create - Caleb Lemond,1,0.3192054033279419,cnn_revised_20260919T110440Z,cnn_s1_02,val,Log-Mel CNN,0.1961877942085266,0.27336953828732174
seg_007160,sample_02485,Evil Cannot Create - Caleb Lemond,1,0.24436631798744202,cnn_revised_20260919T110440Z,cnn_s1_02,val,Log-Mel CNN,0.1961877942085266,0.27336953828732174
seg_007161,sample_02486,Evil Cannot Create - Caleb Lemond,1,0.16701914370059967,cnn_revised_20260919T110440Z,cnn_s1_02,val,Log-Mel CNN,0.1961877942085266,0.27336953828732174
seg_007162,sample_02486,Evil Cannot Create - Caleb Lemond,1,0.230943500995636,cnn_revised_20260919T110440Z,cnn_s1_02,val,Log-Mel CNN,0.1961877942085266,0.27336953828732174
seg_007163,sample_02486,Evil Cannot Create - Caleb Lemond,1,0.07933218777179718,cnn_revised_20260919T110440Z,cnn_s1_02,val,Log-Mel CNN,0.1961877942085266,0.27336953828732174
seg_007266,sample_02521,New Life (take 1) - Bird Names,1,0.09593164920806885,cnn_revised_20260919T110440Z,cnn_s1_02,val,Log-Mel CNN,0.1961877942085266,0.27336953828732174
seg_007267,sample_02521,New Life (take 1) - Bird Names,1,0.1484469771385193,cnn_revised_20260919T110440Z,cnn_s1_02,val,Log-Mel CNN,0.1961877942085266,0.27336953828732174
seg_007268,sample_02521,New Life (take 1) - Bird Names,1,0.7115553021430969,cnn_revised_20260919T110440Z,cnn_s1_02,val,Log-Mel CNN,0.1961877942085266,0.27336953828732174
seg_007269,sample_02522,New Life (take 1) - Bird Names,1,0.06477534025907516,cnn_revised_20260919T110440Z,cnn_s1_02,val,Log-Mel CNN,0.1961877942085266,0.27336953828732174
seg_007270,sample_02522,New Life (take 1) - Bird Names,1,0.027621418237686157,cnn_revised_20260919T110440Z,cnn_s1_02,val,Log-Mel CNN,0.1961877942085266,0.27336953828732174
seg_007271,sample_02522,New Life (take 1) - Bird Names,1,0.05236351862549782,cnn_revised_20260919T110440Z,cnn_s1_02,val,Log-Mel CNN,0.1961877942085266,0.27336953828732174
seg_007272,sample_02523,Norweigian Wood II - Bird Names,1,0.04914132505655289,cnn_revised_20260919T110440Z,cnn_s1_02,val,Log-Mel CNN,0.1961877942085266,0.27336953828732174
seg_007273,sample_02523,Norweigian Wood II - Bird Names,1,0.3740513026714325,cnn_revised_20260919T110440Z,cnn_s1_02,val,Log-Mel CNN,0.1961877942085266,0.27336953828732174
seg_007274,sample_02523,Norweigian Wood II - Bird Names,1,0.8107022047042847,cnn_revised_20260919T110440Z,cnn_s1_02,val,Log-Mel CNN,0.1961877942085266,0.27336953828732174
seg_007275,sample_02524,Norweigian Wood II - Bird Names,1,0.2337309867143631,cnn_revised_20260919T110440Z,cnn_s1_02,val,Log-Mel CNN,0.1961877942085266,0.27336953828732174
seg_007276,sample_02524,Norweigian Wood II - Bird Names,1,0.04176505282521248,cnn_revised_20260919T110440Z,cnn_s1_02,val,Log-Mel CNN,0.1961877942085266,0.27336953828732174
seg_007277,sample_02524,Norweigian Wood II - Bird Names,1,0.12559503316879272,cnn_revised_20260919T110440Z,cnn_s1_02,val,Log-Mel CNN,0.1961877942085266,0.27336953828732174
seg_007296,sample_02531,Roller Star - Monroeville Music Center,1,0.749014139175415,cnn_revised_20260919T110440Z,cnn_s1_02,val,Log-Mel CNN,0.1961877942085266,0.27336953828732174
seg_007297,sample_02531,Roller Star - Monroeville Music Center,1,0.8102030158042908,cnn_revised_20260919T110440Z,cnn_s1_02,val,Log-Mel CNN,0.1961877942085266,0.27336953828732174
seg_007298,sample_02531,Roller Star - Monroeville Music Center,1,0.9063029885292053,cnn_revised_20260919T110440Z,cnn_s1_02,val,Log-Mel CNN,0.1961877942085266,0.27336953828732174
seg_007299,sample_02532,Roller Star - Monroeville Music Center,1,0.15975403785705566,cnn_revised_20260919T110440Z,cnn_s1_02,val,Log-Mel CNN,0.1961877942085266,0.27336953828732174
seg_007300,sample_02532,Roller Star - Monroeville Music Center,1,0.9529834389686584,cnn_revised_20260919T110440Z,cnn_s1_02,val,Log-Mel CNN,0.1961877942085266,0.27336953828732174
seg_007301,sample_02532,Roller Star - Monroeville Music Center,1,0.9654197096824646,cnn_revised_20260919T110440Z,cnn_s1_02,val,Log-Mel CNN,0.1961877942085266,0.27336953828732174
seg_007302,sample_02533,"Roundtrip - Oh Yeah, the Future",1,0.8171620965003967,cnn_revised_20260919T110440Z,cnn_s1_02,val,Log-Mel CNN,0.1961877942085266,0.27336953828732174
seg_007303,sample_02533,"Roundtrip - Oh Yeah, the Future",1,0.6233530640602112,cnn_revised_20260919T110440Z,cnn_s1_02,val,Log-Mel CNN,0.1961877942085266,0.27336953828732174
seg_007304,sample_02533,"Roundtrip - Oh Yeah, the Future",1,0.6383690237998962,cnn_revised_20260919T110440Z,cnn_s1_02,val,Log-Mel CNN,0.1961877942085266,0.27336953828732174
seg_007305,sample_02534,"Roundtrip - Oh Yeah, the Future",1,0.32763639092445374,cnn_revised_20260919T110440Z,cnn_s1_02,val,Log-Mel CNN,0.1961877942085266,0.27336953828732174
seg_007306,sample_02534,"Roundtrip - Oh Yeah, the Future",1,0.4728294014930725,cnn_revised_20260919T110440Z,cnn_s1_02,val,Log-Mel CNN,0.1961877942085266,0.27336953828732174
seg_007307,sample_02534,"Roundtrip - Oh Yeah, the Future",1,0.6029272079467773,cnn_revised_20260919T110440Z,cnn_s1_02,val,Log-Mel CNN,0.1961877942085266,0.27336953828732174
seg_007320,sample_02539,Soleares&beats - Malaventura,1,0.43178510665893555,cnn_revised_20260919T110440Z,cnn_s1_02,val,Log-Mel CNN,0.1961877942085266,0.27336953828732174
seg_007321,sample_02539,Soleares&beats - Malaventura,1,0.4454323351383209,cnn_revised_20260919T110440Z,cnn_s1_02,val,Log-Mel CNN,0.1961877942085266,0.27336953828732174
seg_007322,sample_02539,Soleares&beats - Malaventura,1,0.2254377007484436,cnn_revised_20260919T110440Z,cnn_s1_02,val,Log-Mel CNN,0.1961877942085266,0.27336953828732174
seg_007323,sample_02540,Soleares&beats - Malaventura,1,0.2357168197631836,cnn_revised_20260919T110440Z,cnn_s1_02,val,Log-Mel CNN,0.1961877942085266,0.27336953828732174
seg_007324,sample_02540,Soleares&beats - Malaventura,1,0.5342546701431274,cnn_revised_20260919T110440Z,cnn_s1_02,val,Log-Mel CNN,0.1961877942085266,0.27336953828732174
seg_007325,sample_02540,Soleares&beats - Malaventura,1,0.5456807613372803,cnn_revised_20260919T110440Z,cnn_s1_02,val,Log-Mel CNN,0.1961877942085266,0.27336953828732174
seg_007338,sample_02545,Stockholm Syndrome / People Should Be More Aware - Bird Names,1,0.588190495967865,cnn_revised_20260919T110440Z,cnn_s1_02,val,Log-Mel CNN,0.1961877942085266,0.27336953828732174
seg_007339,sample_02545,Stockholm Syndrome / People Should Be More Aware - Bird Names,1,0.27760154008865356,cnn_revised_20260919T110440Z,cnn_s1_02,val,Log-Mel CNN,0.1961877942085266,0.27336953828732174
seg_007340,sample_02545,Stockholm Syndrome / People Should Be More Aware - Bird Names,1,0.17438940703868866,cnn_revised_20260919T110440Z,cnn_s1_02,val,Log-Mel CNN,0.1961877942085266,0.27336953828732174
seg_007341,sample_02546,Stockholm Syndrome / People Should Be More Aware - Bird Names,1,0.013414918445050716,cnn_revised_20260919T110440Z,cnn_s1_02,val,Log-Mel CNN,0.1961877942085266,0.27336953828732174
seg_007342,sample_02546,Stockholm Syndrome / People Should Be More Aware - Bird Names,1,0.04165750741958618,cnn_revised_20260919T110440Z,cnn_s1_02,val,Log-Mel CNN,0.1961877942085266,0.27336953828732174
seg_007343,sample_02546,Stockholm Syndrome / People Should Be More Aware - Bird Names,1,0.027678627520799637,cnn_revised_20260919T110440Z,cnn_s1_02,val,Log-Mel CNN,0.1961877942085266,0.27336953828732174
seg_007380,sample_02559,Time Is Love - Silence is full of birds,1,0.21669526398181915,cnn_revised_20260919T110440Z,cnn_s1_02,val,Log-Mel CNN,0.1961877942085266,0.27336953828732174
seg_007381,sample_02559,Time Is Love - Silence is full of birds,1,0.19410403072834015,cnn_revised_20260919T110440Z,cnn_s1_02,val,Log-Mel CNN,0.1961877942085266,0.27336953828732174
seg_007382,sample_02559,Time Is Love - Silence is full of birds,1,0.5953747034072876,cnn_revised_20260919T110440Z,cnn_s1_02,val,Log-Mel CNN,0.1961877942085266,0.27336953828732174
seg_007383,sample_02560,Time Is Love - Silence is full of birds,1,0.030226655304431915,cnn_revised_20260919T110440Z,cnn_s1_02,val,Log-Mel CNN,0.1961877942085266,0.27336953828732174
seg_007384,sample_02560,Time Is Love - Silence is full of birds,1,0.23948122560977936,cnn_revised_20260919T110440Z,cnn_s1_02,val,Log-Mel CNN,0.1961877942085266,0.27336953828732174
seg_007385,sample_02560,Time Is Love - Silence is full of birds,1,0.15013538300991058,cnn_revised_20260919T110440Z,cnn_s1_02,val,Log-Mel CNN,0.1961877942085266,0.27336953828732174
seg_007422,sample_02573,2 (Wasn't There) - Isle of Pine,1,0.12912143766880035,cnn_revised_20260919T110440Z,cnn_s1_02,val,Log-Mel CNN,0.1961877942085266,0.27336953828732174
seg_007423,sample_02573,2 (Wasn't There) - Isle of Pine,1,0.8137043118476868,cnn_revised_20260919T110440Z,cnn_s1_02,val,Log-Mel CNN,0.1961877942085266,0.27336953828732174
seg_007424,sample_02573,2 (Wasn't There) - Isle of Pine,1,0.7843952775001526,cnn_revised_20260919T110440Z,cnn_s1_02,val,Log-Mel CNN,0.1961877942085266,0.27336953828732174
seg_007425,sample_02574,2 (Wasn't There) - Isle of Pine,1,0.05612894520163536,cnn_revised_20260919T110440Z,cnn_s1_02,val,Log-Mel CNN,0.1961877942085266,0.27336953828732174
seg_007426,sample_02574,2 (Wasn't There) - Isle of Pine,1,0.23752495646476746,cnn_revised_20260919T110440Z,cnn_s1_02,val,Log-Mel CNN,0.1961877942085266,0.27336953828732174
seg_007427,sample_02574,2 (Wasn't There) - Isle of Pine,1,0.7154271602630615,cnn_revised_20260919T110440Z,cnn_s1_02,val,Log-Mel CNN,0.1961877942085266,0.27336953828732174
seg_007452,sample_02583,Empty Pockets - Pete Prodoehl,1,0.5127206444740295,cnn_revised_20260919T110440Z,cnn_s1_02,val,Log-Mel CNN,0.1961877942085266,0.27336953828732174
seg_007453,sample_02583,Empty Pockets - Pete Prodoehl,1,0.31029680371284485,cnn_revised_20260919T110440Z,cnn_s1_02,val,Log-Mel CNN,0.1961877942085266,0.27336953828732174
seg_007454,sample_02583,Empty Pockets - Pete Prodoehl,1,0.8674002885818481,cnn_revised_20260919T110440Z,cnn_s1_02,val,Log-Mel CNN,0.1961877942085266,0.27336953828732174
seg_007455,sample_02584,Empty Pockets - Pete Prodoehl,1,0.028343968093395233,cnn_revised_20260919T110440Z,cnn_s1_02,val,Log-Mel CNN,0.1961877942085266,0.27336953828732174
seg_007456,sample_02584,Empty Pockets - Pete Prodoehl,1,0.08750086277723312,cnn_revised_20260919T110440Z,cnn_s1_02,val,Log-Mel CNN,0.1961877942085266,0.27336953828732174
seg_007457,sample_02584,Empty Pockets - Pete Prodoehl,1,0.2344793677330017,cnn_revised_20260919T110440Z,cnn_s1_02,val,Log-Mel CNN,0.1961877942085266,0.27336953828732174
seg_007470,sample_02589,Gila Monster Flop/Music History Lesson:The Sonics - The Crypts!,1,0.18912586569786072,cnn_revised_20260919T110440Z,cnn_s1_02,val,Log-Mel CNN,0.1961877942085266,0.27336953828732174
seg_007471,sample_02589,Gila Monster Flop/Music History Lesson:The Sonics - The Crypts!,1,0.06900513172149658,cnn_revised_20260919T110440Z,cnn_s1_02,val,Log-Mel CNN,0.1961877942085266,0.27336953828732174
seg_007472,sample_02589,Gila Monster Flop/Music History Lesson:The Sonics - The Crypts!,1,0.8950990438461304,cnn_revised_20260919T110440Z,cnn_s1_02,val,Log-Mel CNN,0.1961877942085266,0.27336953828732174
seg_007473,sample_02590,Gila Monster Flop/Music History Lesson:The Sonics - The Crypts!,1,0.14521366357803345,cnn_revised_20260919T110440Z,cnn_s1_02,val,Log-Mel CNN,0.1961877942085266,0.27336953828732174
seg_007474,sample_02590,Gila Monster Flop/Music History Lesson:The Sonics - The Crypts!,1,0.017642512917518616,cnn_revised_20260919T110440Z,cnn_s1_02,val,Log-Mel CNN,0.1961877942085266,0.27336953828732174
seg_007475,sample_02590,Gila Monster Flop/Music History Lesson:The Sonics - The Crypts!,1,0.36141300201416016,cnn_revised_20260919T110440Z,cnn_s1_02,val,Log-Mel CNN,0.1961877942085266,0.27336953828732174
seg_007488,sample_02595,I Fell - Mod Fun,1,0.4890115559101105,cnn_revised_20260919T110440Z,cnn_s1_02,val,Log-Mel CNN,0.1961877942085266,0.27336953828732174
seg_007489,sample_02595,I Fell - Mod Fun,1,0.475465327501297,cnn_revised_20260919T110440Z,cnn_s1_02,val,Log-Mel CNN,0.1961877942085266,0.27336953828732174
seg_007490,sample_02595,I Fell - Mod Fun,1,0.8255856037139893,cnn_revised_20260919T110440Z,cnn_s1_02,val,Log-Mel CNN,0.1961877942085266,0.27336953828732174
seg_007491,sample_02596,I Fell - Mod Fun,1,0.23694367706775665,cnn_revised_20260919T110440Z,cnn_s1_02,val,Log-Mel CNN,0.1961877942085266,0.27336953828732174
seg_007492,sample_02596,I Fell - Mod Fun,1,0.11373776942491531,cnn_revised_20260919T110440Z,cnn_s1_02,val,Log-Mel CNN,0.1961877942085266,0.27336953828732174
seg_007493,sample_02596,I Fell - Mod Fun,1,0.7231573462486267,cnn_revised_20260919T110440Z,cnn_s1_02,val,Log-Mel CNN,0.1961877942085266,0.27336953828732174
seg_007536,sample_02611,March of the GPA Mechanics - [t]ghost,1,0.10875410586595535,cnn_revised_20260919T110440Z,cnn_s1_02,val,Log-Mel CNN,0.1961877942085266,0.27336953828732174
seg_007537,sample_02611,March of the GPA Mechanics - [t]ghost,1,0.0437605157494545,cnn_revised_20260919T110440Z,cnn_s1_02,val,Log-Mel CNN,0.1961877942085266,0.27336953828732174
seg_007538,sample_02611,March of the GPA Mechanics - [t]ghost,1,0.9682589173316956,cnn_revised_20260919T110440Z,cnn_s1_02,val,Log-Mel CNN,0.1961877942085266,0.27336953828732174
seg_007539,sample_02612,March of the GPA Mechanics - [t]ghost,1,0.43779540061950684,cnn_revised_20260919T110440Z,cnn_s1_02,val,Log-Mel CNN,0.1961877942085266,0.27336953828732174
seg_007540,sample_02612,March of the GPA Mechanics - [t]ghost,1,0.8776792287826538,cnn_revised_20260919T110440Z,cnn_s1_02,val,Log-Mel CNN,0.1961877942085266,0.27336953828732174
seg_007541,sample_02612,March of the GPA Mechanics - [t]ghost,1,0.6841771602630615,cnn_revised_20260919T110440Z,cnn_s1_02,val,Log-Mel CNN,0.1961877942085266,0.27336953828732174
seg_007596,sample_02631,Scramby Eggs - Andy G. Cohen,1,0.3082902729511261,cnn_revised_20260919T110440Z,cnn_s1_02,val,Log-Mel CNN,0.1961877942085266,0.27336953828732174
seg_007597,sample_02631,Scramby Eggs - Andy G. Cohen,1,0.3062993884086609,cnn_revised_20260919T110440Z,cnn_s1_02,val,Log-Mel CNN,0.1961877942085266,0.27336953828732174
seg_007598,sample_02631,Scramby Eggs - Andy G. Cohen,1,0.18280118703842163,cnn_revised_20260919T110440Z,cnn_s1_02,val,Log-Mel CNN,0.1961877942085266,0.27336953828732174
seg_007599,sample_02632,Scramby Eggs - Andy G. Cohen,1,0.4402793049812317,cnn_revised_20260919T110440Z,cnn_s1_02,val,Log-Mel CNN,0.1961877942085266,0.27336953828732174
seg_007600,sample_02632,Scramby Eggs - Andy G. Cohen,1,0.33316555619239807,cnn_revised_20260919T110440Z,cnn_s1_02,val,Log-Mel CNN,0.1961877942085266,0.27336953828732174
seg_007601,sample_02632,Scramby Eggs - Andy G. Cohen,1,0.7097833752632141,cnn_revised_20260919T110440Z,cnn_s1_02,val,Log-Mel CNN,0.1961877942085266,0.27336953828732174
seg_007650,sample_02649,The girl just faded - Los Llamarada,1,0.7107558846473694,cnn_revised_20260919T110440Z,cnn_s1_02,val,Log-Mel CNN,0.1961877942085266,0.27336953828732174
seg_007651,sample_02649,The girl just faded - Los Llamarada,1,0.7576199769973755,cnn_revised_20260919T110440Z,cnn_s1_02,val,Log-Mel CNN,0.1961877942085266,0.27336953828732174
seg_007652,sample_02649,The girl just faded - Los Llamarada,1,0.42015349864959717,cnn_revised_20260919T110440Z,cnn_s1_02,val,Log-Mel CNN,0.1961877942085266,0.27336953828732174
seg_007653,sample_02650,The girl just faded - Los Llamarada,1,0.11762438714504242,cnn_revised_20260919T110440Z,cnn_s1_02,val,Log-Mel CNN,0.1961877942085266,0.27336953828732174
seg_007654,sample_02650,The girl just faded - Los Llamarada,1,0.025352440774440765,cnn_revised_20260919T110440Z,cnn_s1_02,val,Log-Mel CNN,0.1961877942085266,0.27336953828732174
seg_007655,sample_02650,The girl just faded - Los Llamarada,1,0.44812655448913574,cnn_revised_20260919T110440Z,cnn_s1_02,val,Log-Mel CNN,0.1961877942085266,0.27336953828732174
seg_007668,sample_02655,Voxel - Andy G. Cohen,1,0.5820820331573486,cnn_revised_20260919T110440Z,cnn_s1_02,val,Log-Mel CNN,0.1961877942085266,0.27336953828732174
seg_007669,sample_02655,Voxel - Andy G. Cohen,1,0.36568406224250793,cnn_revised_20260919T110440Z,cnn_s1_02,val,Log-Mel CNN,0.1961877942085266,0.27336953828732174
seg_007670,sample_02655,Voxel - Andy G. Cohen,1,0.18570056557655334,cnn_revised_20260919T110440Z,cnn_s1_02,val,Log-Mel CNN,0.1961877942085266,0.27336953828732174
seg_007671,sample_02656,Voxel - Andy G. Cohen,1,0.6934994459152222,cnn_revised_20260919T110440Z,cnn_s1_02,val,Log-Mel CNN,0.1961877942085266,0.27336953828732174
seg_007672,sample_02656,Voxel - Andy G. Cohen,1,0.4911353886127472,cnn_revised_20260919T110440Z,cnn_s1_02,val,Log-Mel CNN,0.1961877942085266,0.27336953828732174
seg_007673,sample_02656,Voxel - Andy G. Cohen,1,0.267549067735672,cnn_revised_20260919T110440Z,cnn_s1_02,val,Log-Mel CNN,0.1961877942085266,0.27336953828732174
seg_007692,sample_02663,Windows of the Skull - Sarin,1,0.12411824613809586,cnn_revised_20260919T110440Z,cnn_s1_02,val,Log-Mel CNN,0.1961877942085266,0.27336953828732174
seg_007693,sample_02663,Windows of the Skull - Sarin,1,0.056876618415117264,cnn_revised_20260919T110440Z,cnn_s1_02,val,Log-Mel CNN,0.1961877942085266,0.27336953828732174
seg_007694,sample_02663,Windows of the Skull - Sarin,1,0.9102180004119873,cnn_revised_20260919T110440Z,cnn_s1_02,val,Log-Mel CNN,0.1961877942085266,0.27336953828732174
seg_007695,sample_02664,Windows of the Skull - Sarin,1,0.12495259940624237,cnn_revised_20260919T110440Z,cnn_s1_02,val,Log-Mel CNN,0.1961877942085266,0.27336953828732174
seg_007696,sample_02664,Windows of the Skull - Sarin,1,0.06856268644332886,cnn_revised_20260919T110440Z,cnn_s1_02,val,Log-Mel CNN,0.1961877942085266,0.27336953828732174
seg_007697,sample_02664,Windows of the Skull - Sarin,1,0.7745038866996765,cnn_revised_20260919T110440Z,cnn_s1_02,val,Log-Mel CNN,0.1961877942085266,0.27336953828732174
seg_007710,sample_02669,Новый Нью-Йорк 2 - Чокнутый Пропеллер,1,0.10424869507551193,cnn_revised_20260919T110440Z,cnn_s1_02,val,Log-Mel CNN,0.1961877942085266,0.27336953828732174
seg_007711,sample_02669,Новый Нью-Йорк 2 - Чокнутый Пропеллер,1,0.10075600445270538,cnn_revised_20260919T110440Z,cnn_s1_02,val,Log-Mel CNN,0.1961877942085266,0.27336953828732174
seg_007712,sample_02669,Новый Нью-Йорк 2 - Чокнутый Пропеллер,1,0.07002701610326767,cnn_revised_20260919T110440Z,cnn_s1_02,val,Log-Mel CNN,0.1961877942085266,0.27336953828732174
seg_007713,sample_02670,Новый Нью-Йорк 2 - Чокнутый Пропеллер,1,0.46150147914886475,cnn_revised_20260919T110440Z,cnn_s1_02,val,Log-Mel CNN,0.1961877942085266,0.27336953828732174
seg_007714,sample_02670,Новый Нью-Йорк 2 - Чокнутый Пропеллер,1,0.18373574316501617,cnn_revised_20260919T110440Z,cnn_s1_02,val,Log-Mel CNN,0.1961877942085266,0.27336953828732174
seg_007715,sample_02670,Новый Нью-Йорк 2 - Чокнутый Пропеллер,1,0.1597081571817398,cnn_revised_20260919T110440Z,cnn_s1_02,val,Log-Mel CNN,0.1961877942085266,0.27336953828732174
seg_007737,sample_02678,CopperNickle - UncleBibby,1,0.4148492217063904,cnn_revised_20260919T110440Z,cnn_s1_02,val,Log-Mel CNN,0.1961877942085266,0.27336953828732174
seg_007738,sample_02678,CopperNickle - UncleBibby,1,0.34135013818740845,cnn_revised_20260919T110440Z,cnn_s1_02,val,Log-Mel CNN,0.1961877942085266,0.27336953828732174
seg_007739,sample_02678,CopperNickle - UncleBibby,1,0.9495148658752441,cnn_revised_20260919T110440Z,cnn_s1_02,val,Log-Mel CNN,0.1961877942085266,0.27336953828732174
seg_007743,sample_02680,Daylight Savings - My brother Daniel,1,0.5894981622695923,cnn_revised_20260919T110440Z,cnn_s1_02,val,Log-Mel CNN,0.1961877942085266,0.27336953828732174
seg_007744,sample_02680,Daylight Savings - My brother Daniel,1,0.438822478055954,cnn_revised_20260919T110440Z,cnn_s1_02,val,Log-Mel CNN,0.1961877942085266,0.27336953828732174
seg_007745,sample_02680,Daylight Savings - My brother Daniel,1,0.7458345293998718,cnn_revised_20260919T110440Z,cnn_s1_02,val,Log-Mel CNN,0.1961877942085266,0.27336953828732174
seg_007770,sample_02689,mystery team 2090 - Jesse Futerman,1,0.4270859956741333,cnn_revised_20260919T110440Z,cnn_s1_02,val,Log-Mel CNN,0.1961877942085266,0.27336953828732174
seg_007771,sample_02689,mystery team 2090 - Jesse Futerman,1,0.13357038795948029,cnn_revised_20260919T110440Z,cnn_s1_02,val,Log-Mel CNN,0.1961877942085266,0.27336953828732174
seg_007772,sample_02689,mystery team 2090 - Jesse Futerman,1,0.8252237439155579,cnn_revised_20260919T110440Z,cnn_s1_02,val,Log-Mel CNN,0.1961877942085266,0.27336953828732174
seg_007773,sample_02690,Night Drive - Decktonic,1,0.25125765800476074,cnn_revised_20260919T110440Z,cnn_s1_02,val,Log-Mel CNN,0.1961877942085266,0.27336953828732174
seg_007774,sample_02690,Night Drive - Decktonic,1,0.5969550013542175,cnn_revised_20260919T110440Z,cnn_s1_02,val,Log-Mel CNN,0.1961877942085266,0.27336953828732174
seg_007775,sample_02690,Night Drive - Decktonic,1,0.8298295140266418,cnn_revised_20260919T110440Z,cnn_s1_02,val,Log-Mel CNN,0.1961877942085266,0.27336953828732174
seg_007854,sample_02717,Agora - Malaventura,1,0.7907811403274536,cnn_revised_20260919T110440Z,cnn_s1_02,val,Log-Mel CNN,0.1961877942085266,0.27336953828732174
seg_007855,sample_02717,Agora - Malaventura,1,0.2442937046289444,cnn_revised_20260919T110440Z,cnn_s1_02,val,Log-Mel CNN,0.1961877942085266,0.27336953828732174
seg_007856,sample_02717,Agora - Malaventura,1,0.954791247844696,cnn_revised_20260919T110440Z,cnn_s1_02,val,Log-Mel CNN,0.1961877942085266,0.27336953828732174
seg_007878,sample_02725,Evil Cannot Create - Caleb Lemond,1,0.89175945520401,cnn_revised_20260919T110440Z,cnn_s1_02,val,Log-Mel CNN,0.1961877942085266,0.27336953828732174
seg_007879,sample_02725,Evil Cannot Create - Caleb Lemond,1,0.06353949010372162,cnn_revised_20260919T110440Z,cnn_s1_02,val,Log-Mel CNN,0.1961877942085266,0.27336953828732174
seg_007880,sample_02725,Evil Cannot Create - Caleb Lemond,1,0.8835805654525757,cnn_revised_20260919T110440Z,cnn_s1_02,val,Log-Mel CNN,0.1961877942085266,0.27336953828732174
seg_007932,sample_02743,My Body Is A Weapon (Compromise Edit) - Silence is full of birds,1,0.45956045389175415,cnn_revised_20260919T110440Z,cnn_s1_02,val,Log-Mel CNN,0.1961877942085266,0.27336953828732174
seg_007933,sample_02743,My Body Is A Weapon (Compromise Edit) - Silence is full of birds,1,0.48976391553878784,cnn_revised_20260919T110440Z,cnn_s1_02,val,Log-Mel CNN,0.1961877942085266,0.27336953828732174
seg_007934,sample_02743,My Body Is A Weapon (Compromise Edit) - Silence is full of birds,1,0.7248097062110901,cnn_revised_20260919T110440Z,cnn_s1_02,val,Log-Mel CNN,0.1961877942085266,0.27336953828732174
seg_007938,sample_02745,New Life (take 1) - Bird Names,1,0.7185738682746887,cnn_revised_20260919T110440Z,cnn_s1_02,val,Log-Mel CNN,0.1961877942085266,0.27336953828732174
seg_007939,sample_02745,New Life (take 1) - Bird Names,1,0.7119803428649902,cnn_revised_20260919T110440Z,cnn_s1_02,val,Log-Mel CNN,0.1961877942085266,0.27336953828732174
seg_007940,sample_02745,New Life (take 1) - Bird Names,1,0.9448878765106201,cnn_revised_20260919T110440Z,cnn_s1_02,val,Log-Mel CNN,0.1961877942085266,0.27336953828732174
seg_007941,sample_02746,Norweigian Wood II - Bird Names,1,0.6752421855926514,cnn_revised_20260919T110440Z,cnn_s1_02,val,Log-Mel CNN,0.1961877942085266,0.27336953828732174
seg_007942,sample_02746,Norweigian Wood II - Bird Names,1,0.3132723867893219,cnn_revised_20260919T110440Z,cnn_s1_02,val,Log-Mel CNN,0.1961877942085266,0.27336953828732174
seg_007943,sample_02746,Norweigian Wood II - Bird Names,1,0.953208863735199,cnn_revised_20260919T110440Z,cnn_s1_02,val,Log-Mel CNN,0.1961877942085266,0.27336953828732174
seg_007965,sample_02754,Roller Star - Monroeville Music Center,1,0.9097710847854614,cnn_revised_20260919T110440Z,cnn_s1_02,val,Log-Mel CNN,0.1961877942085266,0.27336953828732174
seg_007966,sample_02754,Roller Star - Monroeville Music Center,1,0.958972156047821,cnn_revised_20260919T110440Z,cnn_s1_02,val,Log-Mel CNN,0.1961877942085266,0.27336953828732174
seg_007967,sample_02754,Roller Star - Monroeville Music Center,1,0.989261269569397,cnn_revised_20260919T110440Z,cnn_s1_02,val,Log-Mel CNN,0.1961877942085266,0.27336953828732174
seg_007977,sample_02758,Soleares&beats - Malaventura,1,0.3468185067176819,cnn_revised_20260919T110440Z,cnn_s1_02,val,Log-Mel CNN,0.1961877942085266,0.27336953828732174
seg_007978,sample_02758,Soleares&beats - Malaventura,1,0.6030387282371521,cnn_revised_20260919T110440Z,cnn_s1_02,val,Log-Mel CNN,0.1961877942085266,0.27336953828732174
seg_007979,sample_02758,Soleares&beats - Malaventura,1,0.9018430709838867,cnn_revised_20260919T110440Z,cnn_s1_02,val,Log-Mel CNN,0.1961877942085266,0.27336953828732174
seg_007989,sample_02762,Stockholm Syndrome / People Should Be More Aware - Bird Names,1,0.5679206848144531,cnn_revised_20260919T110440Z,cnn_s1_02,val,Log-Mel CNN,0.1961877942085266,0.27336953828732174
seg_007990,sample_02762,Stockholm Syndrome / People Should Be More Aware - Bird Names,1,0.6081246137619019,cnn_revised_20260919T110440Z,cnn_s1_02,val,Log-Mel CNN,0.1961877942085266,0.27336953828732174
seg_007991,sample_02762,Stockholm Syndrome / People Should Be More Aware - Bird Names,1,0.9866654276847839,cnn_revised_20260919T110440Z,cnn_s1_02,val,Log-Mel CNN,0.1961877942085266,0.27336953828732174
seg_008019,sample_02772,Time Is Love - Silence is full of birds,1,0.27822306752204895,cnn_revised_20260919T110440Z,cnn_s1_02,val,Log-Mel CNN,0.1961877942085266,0.27336953828732174
seg_008020,sample_02772,Time Is Love - Silence is full of birds,1,0.09429583698511124,cnn_revised_20260919T110440Z,cnn_s1_02,val,Log-Mel CNN,0.1961877942085266,0.27336953828732174
seg_008021,sample_02772,Time Is Love - Silence is full of birds,1,0.8882275819778442,cnn_revised_20260919T110440Z,cnn_s1_02,val,Log-Mel CNN,0.1961877942085266,0.27336953828732174
seg_008043,sample_02780,2 (Wasn't There) - Isle of Pine,1,0.7408056259155273,cnn_revised_20260919T110440Z,cnn_s1_02,val,Log-Mel CNN,0.1961877942085266,0.27336953828732174
seg_008044,sample_02780,2 (Wasn't There) - Isle of Pine,1,0.5466851592063904,cnn_revised_20260919T110440Z,cnn_s1_02,val,Log-Mel CNN,0.1961877942085266,0.27336953828732174
seg_008045,sample_02780,2 (Wasn't There) - Isle of Pine,1,0.887653112411499,cnn_revised_20260919T110440Z,cnn_s1_02,val,Log-Mel CNN,0.1961877942085266,0.27336953828732174
seg_008073,sample_02790,Beyond Luxury - Mors Ontologica,1,0.48996371030807495,cnn_revised_20260919T110440Z,cnn_s1_02,val,Log-Mel CNN,0.1961877942085266,0.27336953828732174
seg_008074,sample_02790,Beyond Luxury - Mors Ontologica,1,0.10117805004119873,cnn_revised_20260919T110440Z,cnn_s1_02,val,Log-Mel CNN,0.1961877942085266,0.27336953828732174
seg_008075,sample_02790,Beyond Luxury - Mors Ontologica,1,0.9230758547782898,cnn_revised_20260919T110440Z,cnn_s1_02,val,Log-Mel CNN,0.1961877942085266,0.27336953828732174
seg_008106,sample_02801,Empty Pockets - Pete Prodoehl,1,0.8650454878807068,cnn_revised_20260919T110440Z,cnn_s1_02,val,Log-Mel CNN,0.1961877942085266,0.27336953828732174
seg_008107,sample_02801,Empty Pockets - Pete Prodoehl,1,0.8562667965888977,cnn_revised_20260919T110440Z,cnn_s1_02,val,Log-Mel CNN,0.1961877942085266,0.27336953828732174
seg_008108,sample_02801,Empty Pockets - Pete Prodoehl,1,0.9868384003639221,cnn_revised_20260919T110440Z,cnn_s1_02,val,Log-Mel CNN,0.1961877942085266,0.27336953828732174
seg_008121,sample_02806,Gila Monster Flop/Music History Lesson:The Sonics - The Crypts!,1,0.8762356638908386,cnn_revised_20260919T110440Z,cnn_s1_02,val,Log-Mel CNN,0.1961877942085266,0.27336953828732174
seg_008122,sample_02806,Gila Monster Flop/Music History Lesson:The Sonics - The Crypts!,1,0.08905164897441864,cnn_revised_20260919T110440Z,cnn_s1_02,val,Log-Mel CNN,0.1961877942085266,0.27336953828732174
seg_008123,sample_02806,Gila Monster Flop/Music History Lesson:The Sonics - The Crypts!,1,0.6857959628105164,cnn_revised_20260919T110440Z,cnn_s1_02,val,Log-Mel CNN,0.1961877942085266,0.27336953828732174
seg_008166,sample_02821,Lights Up - Pipe Choir,1,0.9150274991989136,cnn_revised_20260919T110440Z,cnn_s1_02,val,Log-Mel CNN,0.1961877942085266,0.27336953828732174
seg_008167,sample_02821,Lights Up - Pipe Choir,1,0.6369540095329285,cnn_revised_20260919T110440Z,cnn_s1_02,val,Log-Mel CNN,0.1961877942085266,0.27336953828732174
seg_008168,sample_02821,Lights Up - Pipe Choir,1,0.9730907082557678,cnn_revised_20260919T110440Z,cnn_s1_02,val,Log-Mel CNN,0.1961877942085266,0.27336953828732174
seg_008178,sample_02825,March of the GPA Mechanics - [t]ghost,1,0.5571697950363159,cnn_revised_20260919T110440Z,cnn_s1_02,val,Log-Mel CNN,0.1961877942085266,0.27336953828732174
seg_008179,sample_02825,March of the GPA Mechanics - [t]ghost,1,0.2273295521736145,cnn_revised_20260919T110440Z,cnn_s1_02,val,Log-Mel CNN,0.1961877942085266,0.27336953828732174
seg_008180,sample_02825,March of the GPA Mechanics - [t]ghost,1,0.8963214755058289,cnn_revised_20260919T110440Z,cnn_s1_02,val,Log-Mel CNN,0.1961877942085266,0.27336953828732174
seg_008205,sample_02834,Redlight - Room For A Ghost,1,0.2143673151731491,cnn_revised_20260919T110440Z,cnn_s1_02,val,Log-Mel CNN,0.1961877942085266,0.27336953828732174
seg_008206,sample_02834,Redlight - Room For A Ghost,1,0.8660764098167419,cnn_revised_20260919T110440Z,cnn_s1_02,val,Log-Mel CNN,0.1961877942085266,0.27336953828732174
seg_008207,sample_02834,Redlight - Room For A Ghost,1,0.8283930420875549,cnn_revised_20260919T110440Z,cnn_s1_02,val,Log-Mel CNN,0.1961877942085266,0.27336953828732174
seg_008217,sample_02838,Scramby Eggs - Andy G. Cohen,1,0.7245714068412781,cnn_revised_20260919T110440Z,cnn_s1_02,val,Log-Mel CNN,0.1961877942085266,0.27336953828732174
seg_008218,sample_02838,Scramby Eggs - Andy G. Cohen,1,0.9734287858009338,cnn_revised_20260919T110440Z,cnn_s1_02,val,Log-Mel CNN,0.1961877942085266,0.27336953828732174
seg_008219,sample_02838,Scramby Eggs - Andy G. Cohen,1,0.981122612953186,cnn_revised_20260919T110440Z,cnn_s1_02,val,Log-Mel CNN,0.1961877942085266,0.27336953828732174
seg_008226,sample_02841,Shipwrecked Crew - Pete Prodoehl,1,0.16851799190044403,cnn_revised_20260919T110440Z,cnn_s1_02,val,Log-Mel CNN,0.1961877942085266,0.27336953828732174
seg_008227,sample_02841,Shipwrecked Crew - Pete Prodoehl,1,0.3818938136100769,cnn_revised_20260919T110440Z,cnn_s1_02,val,Log-Mel CNN,0.1961877942085266,0.27336953828732174
seg_008228,sample_02841,Shipwrecked Crew - Pete Prodoehl,1,0.6637735962867737,cnn_revised_20260919T110440Z,cnn_s1_02,val,Log-Mel CNN,0.1961877942085266,0.27336953828732174
seg_008244,sample_02847,В Наших Сердцах - Чокнутый Пропеллер,1,0.45447683334350586,cnn_revised_20260919T110440Z,cnn_s1_02,val,Log-Mel CNN,0.1961877942085266,0.27336953828732174
seg_008245,sample_02847,В Наших Сердцах - Чокнутый Пропеллер,1,0.3231840431690216,cnn_revised_20260919T110440Z,cnn_s1_02,val,Log-Mel CNN,0.1961877942085266,0.27336953828732174
seg_008246,sample_02847,В Наших Сердцах - Чокнутый Пропеллер,1,0.8906175494194031,cnn_revised_20260919T110440Z,cnn_s1_02,val,Log-Mel CNN,0.1961877942085266,0.27336953828732174
seg_008253,sample_02850,The girl just faded - Los Llamarada,1,0.7472790479660034,cnn_revised_20260919T110440Z,cnn_s1_02,val,Log-Mel CNN,0.1961877942085266,0.27336953828732174
seg_008254,sample_02850,The girl just faded - Los Llamarada,1,0.6995284557342529,cnn_revised_20260919T110440Z,cnn_s1_02,val,Log-Mel CNN,0.1961877942085266,0.27336953828732174
seg_008255,sample_02850,The girl just faded - Los Llamarada,1,0.9562132954597473,cnn_revised_20260919T110440Z,cnn_s1_02,val,Log-Mel CNN,0.1961877942085266,0.27336953828732174
seg_008265,sample_02854,Voxel - Andy G. Cohen,1,0.25984179973602295,cnn_revised_20260919T110440Z,cnn_s1_02,val,Log-Mel CNN,0.1961877942085266,0.27336953828732174
seg_008266,sample_02854,Voxel - Andy G. Cohen,1,0.38203147053718567,cnn_revised_20260919T110440Z,cnn_s1_02,val,Log-Mel CNN,0.1961877942085266,0.27336953828732174
seg_008267,sample_02854,Voxel - Andy G. Cohen,1,0.9180290699005127,cnn_revised_20260919T110440Z,cnn_s1_02,val,Log-Mel CNN,0.1961877942085266,0.27336953828732174
seg_008289,sample_02862,В Наших Сердцах - Чокнутый Пропеллер,1,0.21099479496479034,cnn_revised_20260919T110440Z,cnn_s1_02,val,Log-Mel CNN,0.1961877942085266,0.27336953828732174
seg_008290,sample_02862,В Наших Сердцах - Чокнутый Пропеллер,1,0.9111525416374207,cnn_revised_20260919T110440Z,cnn_s1_02,val,Log-Mel CNN,0.1961877942085266,0.27336953828732174
seg_008291,sample_02862,В Наших Сердцах - Чокнутый Пропеллер,1,0.9251217246055603,cnn_revised_20260919T110440Z,cnn_s1_02,val,Log-Mel CNN,0.1961877942085266,0.27336953828732174
seg_008295,sample_02864,В Наших Сердцах - Чокнутый Пропеллер,1,0.4100378751754761,cnn_revised_20260919T110440Z,cnn_s1_02,val,Log-Mel CNN,0.1961877942085266,0.27336953828732174
seg_008296,sample_02864,В Наших Сердцах - Чокнутый Пропеллер,1,0.11195909976959229,cnn_revised_20260919T110440Z,cnn_s1_02,val,Log-Mel CNN,0.1961877942085266,0.27336953828732174
seg_008297,sample_02864,В Наших Сердцах - Чокнутый Пропеллер,1,0.5000011920928955,cnn_revised_20260919T110440Z,cnn_s1_02,val,Log-Mel CNN,0.1961877942085266,0.27336953828732174
seg_008304,sample_02867,2 (Wasn't There) - Isle of Pine,1,0.25650253891944885,cnn_revised_20260919T110440Z,cnn_s1_02,val,Log-Mel CNN,0.1961877942085266,0.27336953828732174
seg_008305,sample_02867,2 (Wasn't There) - Isle of Pine,1,0.007934986613690853,cnn_revised_20260919T110440Z,cnn_s1_02,val,Log-Mel CNN,0.1961877942085266,0.27336953828732174
seg_008306,sample_02867,2 (Wasn't There) - Isle of Pine,1,0.2448587417602539,cnn_revised_20260919T110440Z,cnn_s1_02,val,Log-Mel CNN,0.1961877942085266,0.27336953828732174
seg_008307,sample_02868,2 (Wasn't There) - Isle of Pine,1,0.49804937839508057,cnn_revised_20260919T110440Z,cnn_s1_02,val,Log-Mel CNN,0.1961877942085266,0.27336953828732174
seg_008308,sample_02868,2 (Wasn't There) - Isle of Pine,1,0.02442328818142414,cnn_revised_20260919T110440Z,cnn_s1_02,val,Log-Mel CNN,0.1961877942085266,0.27336953828732174
seg_008309,sample_02868,2 (Wasn't There) - Isle of Pine,1,0.7285563945770264,cnn_revised_20260919T110440Z,cnn_s1_02,val,Log-Mel CNN,0.1961877942085266,0.27336953828732174
seg_008400,sample_02899,CopperNickle - UncleBibby,1,0.9920811653137207,cnn_revised_20260919T110440Z,cnn_s1_02,val,Log-Mel CNN,0.1961877942085266,0.27336953828732174
seg_008401,sample_02899,CopperNickle - UncleBibby,1,0.07486093789339066,cnn_revised_20260919T110440Z,cnn_s1_02,val,Log-Mel CNN,0.1961877942085266,0.27336953828732174
seg_008402,sample_02899,CopperNickle - UncleBibby,1,0.5203438997268677,cnn_revised_20260919T110440Z,cnn_s1_02,val,Log-Mel CNN,0.1961877942085266,0.27336953828732174
seg_008403,sample_02900,CopperNickle - UncleBibby,1,0.08587302267551422,cnn_revised_20260919T110440Z,cnn_s1_02,val,Log-Mel CNN,0.1961877942085266,0.27336953828732174
seg_008404,sample_02900,CopperNickle - UncleBibby,1,0.5771924257278442,cnn_revised_20260919T110440Z,cnn_s1_02,val,Log-Mel CNN,0.1961877942085266,0.27336953828732174
seg_008405,sample_02900,CopperNickle - UncleBibby,1,0.8556715846061707,cnn_revised_20260919T110440Z,cnn_s1_02,val,Log-Mel CNN,0.1961877942085266,0.27336953828732174
seg_008418,sample_02905,Daylight Savings - My brother Daniel,1,0.5748755931854248,cnn_revised_20260919T110440Z,cnn_s1_02,val,Log-Mel CNN,0.1961877942085266,0.27336953828732174
seg_008419,sample_02905,Daylight Savings - My brother Daniel,1,0.3165856897830963,cnn_revised_20260919T110440Z,cnn_s1_02,val,Log-Mel CNN,0.1961877942085266,0.27336953828732174
seg_008420,sample_02905,Daylight Savings - My brother Daniel,1,0.4947323203086853,cnn_revised_20260919T110440Z,cnn_s1_02,val,Log-Mel CNN,0.1961877942085266,0.27336953828732174
seg_008421,sample_02906,Daylight Savings - My brother Daniel,1,0.02457689866423607,cnn_revised_20260919T110440Z,cnn_s1_02,val,Log-Mel CNN,0.1961877942085266,0.27336953828732174
seg_008422,sample_02906,Daylight Savings - My brother Daniel,1,0.1750016063451767,cnn_revised_20260919T110440Z,cnn_s1_02,val,Log-Mel CNN,0.1961877942085266,0.27336953828732174
seg_008423,sample_02906,Daylight Savings - My brother Daniel,1,0.6560730934143066,cnn_revised_20260919T110440Z,cnn_s1_02,val,Log-Mel CNN,0.1961877942085266,0.27336953828732174
seg_008448,sample_02915,Empty Pockets - Pete Prodoehl,1,0.9358701109886169,cnn_revised_20260919T110440Z,cnn_s1_02,val,Log-Mel CNN,0.1961877942085266,0.27336953828732174
seg_008449,sample_02915,Empty Pockets - Pete Prodoehl,1,0.6810711622238159,cnn_revised_20260919T110440Z,cnn_s1_02,val,Log-Mel CNN,0.1961877942085266,0.27336953828732174
seg_008450,sample_02915,Empty Pockets - Pete Prodoehl,1,0.19434785842895508,cnn_revised_20260919T110440Z,cnn_s1_02,val,Log-Mel CNN,0.1961877942085266,0.27336953828732174
seg_008451,sample_02916,Empty Pockets - Pete Prodoehl,1,0.6116528511047363,cnn_revised_20260919T110440Z,cnn_s1_02,val,Log-Mel CNN,0.1961877942085266,0.27336953828732174
seg_008452,sample_02916,Empty Pockets - Pete Prodoehl,1,0.20316748321056366,cnn_revised_20260919T110440Z,cnn_s1_02,val,Log-Mel CNN,0.1961877942085266,0.27336953828732174
seg_008453,sample_02916,Empty Pockets - Pete Prodoehl,1,0.839601993560791,cnn_revised_20260919T110440Z,cnn_s1_02,val,Log-Mel CNN,0.1961877942085266,0.27336953828732174
seg_008460,sample_02919,Evil Cannot Create - Caleb Lemond,1,0.8392879962921143,cnn_revised_20260919T110440Z,cnn_s1_02,val,Log-Mel CNN,0.1961877942085266,0.27336953828732174
seg_008461,sample_02919,Evil Cannot Create - Caleb Lemond,1,0.6075757145881653,cnn_revised_20260919T110440Z,cnn_s1_02,val,Log-Mel CNN,0.1961877942085266,0.27336953828732174
seg_008462,sample_02919,Evil Cannot Create - Caleb Lemond,1,0.7719990015029907,cnn_revised_20260919T110440Z,cnn_s1_02,val,Log-Mel CNN,0.1961877942085266,0.27336953828732174
seg_008463,sample_02920,Evil Cannot Create - Caleb Lemond,1,0.7790958881378174,cnn_revised_20260919T110440Z,cnn_s1_02,val,Log-Mel CNN,0.1961877942085266,0.27336953828732174
seg_008464,sample_02920,Evil Cannot Create - Caleb Lemond,1,0.5928637385368347,cnn_revised_20260919T110440Z,cnn_s1_02,val,Log-Mel CNN,0.1961877942085266,0.27336953828732174
seg_008465,sample_02920,Evil Cannot Create - Caleb Lemond,1,0.31539157032966614,cnn_revised_20260919T110440Z,cnn_s1_02,val,Log-Mel CNN,0.1961877942085266,0.27336953828732174
seg_008502,sample_02933,Gila Monster Flop/Music History Lesson:The Sonics - The Crypts!,1,0.09036757797002792,cnn_revised_20260919T110440Z,cnn_s1_02,val,Log-Mel CNN,0.1961877942085266,0.27336953828732174
seg_008503,sample_02933,Gila Monster Flop/Music History Lesson:The Sonics - The Crypts!,1,0.33027616143226624,cnn_revised_20260919T110440Z,cnn_s1_02,val,Log-Mel CNN,0.1961877942085266,0.27336953828732174
seg_008504,sample_02933,Gila Monster Flop/Music History Lesson:The Sonics - The Crypts!,1,0.28171131014823914,cnn_revised_20260919T110440Z,cnn_s1_02,val,Log-Mel CNN,0.1961877942085266,0.27336953828732174
seg_008505,sample_02934,Gila Monster Flop/Music History Lesson:The Sonics - The Crypts!,1,0.009415457025170326,cnn_revised_20260919T110440Z,cnn_s1_02,val,Log-Mel CNN,0.1961877942085266,0.27336953828732174
seg_008506,sample_02934,Gila Monster Flop/Music History Lesson:The Sonics - The Crypts!,1,0.01720496080815792,cnn_revised_20260919T110440Z,cnn_s1_02,val,Log-Mel CNN,0.1961877942085266,0.27336953828732174
seg_008507,sample_02934,Gila Monster Flop/Music History Lesson:The Sonics - The Crypts!,1,0.0966886505484581,cnn_revised_20260919T110440Z,cnn_s1_02,val,Log-Mel CNN,0.1961877942085266,0.27336953828732174
seg_008538,sample_02945,I Fell - Mod Fun,1,0.1007327139377594,cnn_revised_20260919T110440Z,cnn_s1_02,val,Log-Mel CNN,0.1961877942085266,0.27336953828732174
seg_008539,sample_02945,I Fell - Mod Fun,1,0.03752881661057472,cnn_revised_20260919T110440Z,cnn_s1_02,val,Log-Mel CNN,0.1961877942085266,0.27336953828732174
seg_008540,sample_02945,I Fell - Mod Fun,1,0.38154080510139465,cnn_revised_20260919T110440Z,cnn_s1_02,val,Log-Mel CNN,0.1961877942085266,0.27336953828732174
seg_008541,sample_02946,I Fell - Mod Fun,1,0.0646514818072319,cnn_revised_20260919T110440Z,cnn_s1_02,val,Log-Mel CNN,0.1961877942085266,0.27336953828732174
seg_008542,sample_02946,I Fell - Mod Fun,1,0.272156298160553,cnn_revised_20260919T110440Z,cnn_s1_02,val,Log-Mel CNN,0.1961877942085266,0.27336953828732174
seg_008543,sample_02946,I Fell - Mod Fun,1,0.4833008348941803,cnn_revised_20260919T110440Z,cnn_s1_02,val,Log-Mel CNN,0.1961877942085266,0.27336953828732174
seg_008652,sample_02983,March of the GPA Mechanics - [t]ghost,1,0.013486355543136597,cnn_revised_20260919T110440Z,cnn_s1_02,val,Log-Mel CNN,0.1961877942085266,0.27336953828732174
seg_008653,sample_02983,March of the GPA Mechanics - [t]ghost,1,0.46601223945617676,cnn_revised_20260919T110440Z,cnn_s1_02,val,Log-Mel CNN,0.1961877942085266,0.27336953828732174
seg_008654,sample_02983,March of the GPA Mechanics - [t]ghost,1,0.7977883219718933,cnn_revised_20260919T110440Z,cnn_s1_02,val,Log-Mel CNN,0.1961877942085266,0.27336953828732174
seg_008655,sample_02984,March of the GPA Mechanics - [t]ghost,1,0.008330612443387508,cnn_revised_20260919T110440Z,cnn_s1_02,val,Log-Mel CNN,0.1961877942085266,0.27336953828732174
seg_008656,sample_02984,March of the GPA Mechanics - [t]ghost,1,0.1476062834262848,cnn_revised_20260919T110440Z,cnn_s1_02,val,Log-Mel CNN,0.1961877942085266,0.27336953828732174
seg_008657,sample_02984,March of the GPA Mechanics - [t]ghost,1,0.6057328581809998,cnn_revised_20260919T110440Z,cnn_s1_02,val,Log-Mel CNN,0.1961877942085266,0.27336953828732174
seg_008700,sample_02999,New Life (take 1) - Bird Names,1,0.27715858817100525,cnn_revised_20260919T110440Z,cnn_s1_02,val,Log-Mel CNN,0.1961877942085266,0.27336953828732174
seg_008701,sample_02999,New Life (take 1) - Bird Names,1,0.19037370383739471,cnn_revised_20260919T110440Z,cnn_s1_02,val,Log-Mel CNN,0.1961877942085266,0.27336953828732174
seg_008702,sample_02999,New Life (take 1) - Bird Names,1,0.8423870205879211,cnn_revised_20260919T110440Z,cnn_s1_02,val,Log-Mel CNN,0.1961877942085266,0.27336953828732174
seg_008703,sample_03000,New Life (take 1) - Bird Names,1,0.7967537045478821,cnn_revised_20260919T110440Z,cnn_s1_02,val,Log-Mel CNN,0.1961877942085266,0.27336953828732174
seg_008704,sample_03000,New Life (take 1) - Bird Names,1,0.22831134498119354,cnn_revised_20260919T110440Z,cnn_s1_02,val,Log-Mel CNN,0.1961877942085266,0.27336953828732174
seg_008705,sample_03000,New Life (take 1) - Bird Names,1,0.7114498615264893,cnn_revised_20260919T110440Z,cnn_s1_02,val,Log-Mel CNN,0.1961877942085266,0.27336953828732174
seg_008706,sample_03001,Night Drive - Decktonic,1,0.776240348815918,cnn_revised_20260919T110440Z,cnn_s1_02,val,Log-Mel CNN,0.1961877942085266,0.27336953828732174
seg_008707,sample_03001,Night Drive - Decktonic,1,0.9750369191169739,cnn_revised_20260919T110440Z,cnn_s1_02,val,Log-Mel CNN,0.1961877942085266,0.27336953828732174
seg_008708,sample_03001,Night Drive - Decktonic,1,0.3553301990032196,cnn_revised_20260919T110440Z,cnn_s1_02,val,Log-Mel CNN,0.1961877942085266,0.27336953828732174
seg_008709,sample_03002,Night Drive - Decktonic,1,0.8764845132827759,cnn_revised_20260919T110440Z,cnn_s1_02,val,Log-Mel CNN,0.1961877942085266,0.27336953828732174
seg_008710,sample_03002,Night Drive - Decktonic,1,0.8222934007644653,cnn_revised_20260919T110440Z,cnn_s1_02,val,Log-Mel CNN,0.1961877942085266,0.27336953828732174
seg_008711,sample_03002,Night Drive - Decktonic,1,0.925736129283905,cnn_revised_20260919T110440Z,cnn_s1_02,val,Log-Mel CNN,0.1961877942085266,0.27336953828732174
seg_008724,sample_03007,Norweigian Wood II - Bird Names,1,0.23113399744033813,cnn_revised_20260919T110440Z,cnn_s1_02,val,Log-Mel CNN,0.1961877942085266,0.27336953828732174
seg_008725,sample_03007,Norweigian Wood II - Bird Names,1,0.16150949895381927,cnn_revised_20260919T110440Z,cnn_s1_02,val,Log-Mel CNN,0.1961877942085266,0.27336953828732174
seg_008726,sample_03007,Norweigian Wood II - Bird Names,1,0.9840153455734253,cnn_revised_20260919T110440Z,cnn_s1_02,val,Log-Mel CNN,0.1961877942085266,0.27336953828732174
seg_008727,sample_03008,Norweigian Wood II - Bird Names,1,0.41677549481391907,cnn_revised_20260919T110440Z,cnn_s1_02,val,Log-Mel CNN,0.1961877942085266,0.27336953828732174
seg_008728,sample_03008,Norweigian Wood II - Bird Names,1,0.5174970030784607,cnn_revised_20260919T110440Z,cnn_s1_02,val,Log-Mel CNN,0.1961877942085266,0.27336953828732174
seg_008729,sample_03008,Norweigian Wood II - Bird Names,1,0.9225028157234192,cnn_revised_20260919T110440Z,cnn_s1_02,val,Log-Mel CNN,0.1961877942085266,0.27336953828732174
seg_008736,sample_03011,Nuo Maisemat - Paavoharju,1,0.1770762950181961,cnn_revised_20260919T110440Z,cnn_s1_02,val,Log-Mel CNN,0.1961877942085266,0.27336953828732174
seg_008737,sample_03011,Nuo Maisemat - Paavoharju,1,0.15354731678962708,cnn_revised_20260919T110440Z,cnn_s1_02,val,Log-Mel CNN,0.1961877942085266,0.27336953828732174
seg_008738,sample_03011,Nuo Maisemat - Paavoharju,1,0.6419233679771423,cnn_revised_20260919T110440Z,cnn_s1_02,val,Log-Mel CNN,0.1961877942085266,0.27336953828732174
seg_008739,sample_03012,Nuo Maisemat - Paavoharju,1,0.7902024388313293,cnn_revised_20260919T110440Z,cnn_s1_02,val,Log-Mel CNN,0.1961877942085266,0.27336953828732174
seg_008740,sample_03012,Nuo Maisemat - Paavoharju,1,0.42015525698661804,cnn_revised_20260919T110440Z,cnn_s1_02,val,Log-Mel CNN,0.1961877942085266,0.27336953828732174
seg_008741,sample_03012,Nuo Maisemat - Paavoharju,1,0.13183310627937317,cnn_revised_20260919T110440Z,cnn_s1_02,val,Log-Mel CNN,0.1961877942085266,0.27336953828732174
seg_008844,sample_03047,Roller Star - Monroeville Music Center,1,0.3685542941093445,cnn_revised_20260919T110440Z,cnn_s1_02,val,Log-Mel CNN,0.1961877942085266,0.27336953828732174
seg_008845,sample_03047,Roller Star - Monroeville Music Center,1,0.17515110969543457,cnn_revised_20260919T110440Z,cnn_s1_02,val,Log-Mel CNN,0.1961877942085266,0.27336953828732174
seg_008846,sample_03047,Roller Star - Monroeville Music Center,1,0.8280414342880249,cnn_revised_20260919T110440Z,cnn_s1_02,val,Log-Mel CNN,0.1961877942085266,0.27336953828732174
seg_008847,sample_03048,Roller Star - Monroeville Music Center,1,0.3935982584953308,cnn_revised_20260919T110440Z,cnn_s1_02,val,Log-Mel CNN,0.1961877942085266,0.27336953828732174
seg_008848,sample_03048,Roller Star - Monroeville Music Center,1,0.23963698744773865,cnn_revised_20260919T110440Z,cnn_s1_02,val,Log-Mel CNN,0.1961877942085266,0.27336953828732174
seg_008849,sample_03048,Roller Star - Monroeville Music Center,1,0.8256427645683289,cnn_revised_20260919T110440Z,cnn_s1_02,val,Log-Mel CNN,0.1961877942085266,0.27336953828732174
seg_008850,sample_03049,"Roundtrip - Oh Yeah, the Future",1,0.9202427268028259,cnn_revised_20260919T110440Z,cnn_s1_02,val,Log-Mel CNN,0.1961877942085266,0.27336953828732174
seg_008851,sample_03049,"Roundtrip - Oh Yeah, the Future",1,0.3199416995048523,cnn_revised_20260919T110440Z,cnn_s1_02,val,Log-Mel CNN,0.1961877942085266,0.27336953828732174
seg_008852,sample_03049,"Roundtrip - Oh Yeah, the Future",1,0.7890545129776001,cnn_revised_20260919T110440Z,cnn_s1_02,val,Log-Mel CNN,0.1961877942085266,0.27336953828732174
seg_008853,sample_03050,"Roundtrip - Oh Yeah, the Future",1,0.46597620844841003,cnn_revised_20260919T110440Z,cnn_s1_02,val,Log-Mel CNN,0.1961877942085266,0.27336953828732174
seg_008854,sample_03050,"Roundtrip - Oh Yeah, the Future",1,0.1685836762189865,cnn_revised_20260919T110440Z,cnn_s1_02,val,Log-Mel CNN,0.1961877942085266,0.27336953828732174
seg_008855,sample_03050,"Roundtrip - Oh Yeah, the Future",1,0.9412378072738647,cnn_revised_20260919T110440Z,cnn_s1_02,val,Log-Mel CNN,0.1961877942085266,0.27336953828732174
seg_008862,sample_03053,SD (Ill Mix) - H-LR,1,0.1548594832420349,cnn_revised_20260919T110440Z,cnn_s1_02,val,Log-Mel CNN,0.1961877942085266,0.27336953828732174
seg_008863,sample_03053,SD (Ill Mix) - H-LR,1,0.11383093893527985,cnn_revised_20260919T110440Z,cnn_s1_02,val,Log-Mel CNN,0.1961877942085266,0.27336953828732174
seg_008864,sample_03053,SD (Ill Mix) - H-LR,1,0.9342504739761353,cnn_revised_20260919T110440Z,cnn_s1_02,val,Log-Mel CNN,0.1961877942085266,0.27336953828732174
seg_008865,sample_03054,SD (Ill Mix) - H-LR,1,0.2656964063644409,cnn_revised_20260919T110440Z,cnn_s1_02,val,Log-Mel CNN,0.1961877942085266,0.27336953828732174
seg_008866,sample_03054,SD (Ill Mix) - H-LR,1,0.09162640571594238,cnn_revised_20260919T110440Z,cnn_s1_02,val,Log-Mel CNN,0.1961877942085266,0.27336953828732174
seg_008867,sample_03054,SD (Ill Mix) - H-LR,1,0.8920590877532959,cnn_revised_20260919T110440Z,cnn_s1_02,val,Log-Mel CNN,0.1961877942085266,0.27336953828732174
seg_008868,sample_03055,Scramby Eggs - Andy G. Cohen,1,0.025971097871661186,cnn_revised_20260919T110440Z,cnn_s1_02,val,Log-Mel CNN,0.1961877942085266,0.27336953828732174
seg_008869,sample_03055,Scramby Eggs - Andy G. Cohen,1,0.07061069458723068,cnn_revised_20260919T110440Z,cnn_s1_02,val,Log-Mel CNN,0.1961877942085266,0.27336953828732174
seg_008870,sample_03055,Scramby Eggs - Andy G. Cohen,1,0.06843283027410507,cnn_revised_20260919T110440Z,cnn_s1_02,val,Log-Mel CNN,0.1961877942085266,0.27336953828732174
seg_008871,sample_03056,Scramby Eggs - Andy G. Cohen,1,0.08420398086309433,cnn_revised_20260919T110440Z,cnn_s1_02,val,Log-Mel CNN,0.1961877942085266,0.27336953828732174
seg_008872,sample_03056,Scramby Eggs - Andy G. Cohen,1,0.4684044122695923,cnn_revised_20260919T110440Z,cnn_s1_02,val,Log-Mel CNN,0.1961877942085266,0.27336953828732174
seg_008873,sample_03056,Scramby Eggs - Andy G. Cohen,1,0.182085782289505,cnn_revised_20260919T110440Z,cnn_s1_02,val,Log-Mel CNN,0.1961877942085266,0.27336953828732174
seg_008910,sample_03069,Soleares&beats - Malaventura,1,0.38762810826301575,cnn_revised_20260919T110440Z,cnn_s1_02,val,Log-Mel CNN,0.1961877942085266,0.27336953828732174
seg_008911,sample_03069,Soleares&beats - Malaventura,1,0.24669161438941956,cnn_revised_20260919T110440Z,cnn_s1_02,val,Log-Mel CNN,0.1961877942085266,0.27336953828732174
seg_008912,sample_03069,Soleares&beats - Malaventura,1,0.9319074749946594,cnn_revised_20260919T110440Z,cnn_s1_02,val,Log-Mel CNN,0.1961877942085266,0.27336953828732174
seg_008913,sample_03070,Soleares&beats - Malaventura,1,0.3872627913951874,cnn_revised_20260919T110440Z,cnn_s1_02,val,Log-Mel CNN,0.1961877942085266,0.27336953828732174
seg_008914,sample_03070,Soleares&beats - Malaventura,1,0.40816688537597656,cnn_revised_20260919T110440Z,cnn_s1_02,val,Log-Mel CNN,0.1961877942085266,0.27336953828732174
seg_008915,sample_03070,Soleares&beats - Malaventura,1,0.6462628245353699,cnn_revised_20260919T110440Z,cnn_s1_02,val,Log-Mel CNN,0.1961877942085266,0.27336953828732174
seg_008934,sample_03077,Stockholm Syndrome / People Should Be More Aware - Bird Names,1,0.9865317940711975,cnn_revised_20260919T110440Z,cnn_s1_02,val,Log-Mel CNN,0.1961877942085266,0.27336953828732174
seg_008935,sample_03077,Stockholm Syndrome / People Should Be More Aware - Bird Names,1,0.9999788999557495,cnn_revised_20260919T110440Z,cnn_s1_02,val,Log-Mel CNN,0.1961877942085266,0.27336953828732174
seg_008936,sample_03077,Stockholm Syndrome / People Should Be More Aware - Bird Names,1,0.7762695550918579,cnn_revised_20260919T110440Z,cnn_s1_02,val,Log-Mel CNN,0.1961877942085266,0.27336953828732174
seg_008937,sample_03078,Stockholm Syndrome / People Should Be More Aware - Bird Names,1,0.00319006503559649,cnn_revised_20260919T110440Z,cnn_s1_02,val,Log-Mel CNN,0.1961877942085266,0.27336953828732174
seg_008938,sample_03078,Stockholm Syndrome / People Should Be More Aware - Bird Names,1,0.08680606633424759,cnn_revised_20260919T110440Z,cnn_s1_02,val,Log-Mel CNN,0.1961877942085266,0.27336953828732174
seg_008939,sample_03078,Stockholm Syndrome / People Should Be More Aware - Bird Names,1,0.13046610355377197,cnn_revised_20260919T110440Z,cnn_s1_02,val,Log-Mel CNN,0.1961877942085266,0.27336953828732174
seg_009030,sample_03109,The girl just faded - Los Llamarada,1,0.5605159401893616,cnn_revised_20260919T110440Z,cnn_s1_02,val,Log-Mel CNN,0.1961877942085266,0.27336953828732174
seg_009031,sample_03109,The girl just faded - Los Llamarada,1,0.008251856081187725,cnn_revised_20260919T110440Z,cnn_s1_02,val,Log-Mel CNN,0.1961877942085266,0.27336953828732174
seg_009032,sample_03109,The girl just faded - Los Llamarada,1,0.8747098445892334,cnn_revised_20260919T110440Z,cnn_s1_02,val,Log-Mel CNN,0.1961877942085266,0.27336953828732174
seg_009033,sample_03110,The girl just faded - Los Llamarada,1,0.19171781837940216,cnn_revised_20260919T110440Z,cnn_s1_02,val,Log-Mel CNN,0.1961877942085266,0.27336953828732174
seg_009034,sample_03110,The girl just faded - Los Llamarada,1,0.03032694198191166,cnn_revised_20260919T110440Z,cnn_s1_02,val,Log-Mel CNN,0.1961877942085266,0.27336953828732174
seg_009035,sample_03110,The girl just faded - Los Llamarada,1,0.6286337971687317,cnn_revised_20260919T110440Z,cnn_s1_02,val,Log-Mel CNN,0.1961877942085266,0.27336953828732174
seg_009042,sample_03113,Time Is Love - Silence is full of birds,1,0.11185035109519958,cnn_revised_20260919T110440Z,cnn_s1_02,val,Log-Mel CNN,0.1961877942085266,0.27336953828732174
seg_009043,sample_03113,Time Is Love - Silence is full of birds,1,0.1528438925743103,cnn_revised_20260919T110440Z,cnn_s1_02,val,Log-Mel CNN,0.1961877942085266,0.27336953828732174
seg_009044,sample_03113,Time Is Love - Silence is full of birds,1,0.8164632320404053,cnn_revised_20260919T110440Z,cnn_s1_02,val,Log-Mel CNN,0.1961877942085266,0.27336953828732174
seg_009045,sample_03114,Time Is Love - Silence is full of birds,1,0.8703991770744324,cnn_revised_20260919T110440Z,cnn_s1_02,val,Log-Mel CNN,0.1961877942085266,0.27336953828732174
seg_009046,sample_03114,Time Is Love - Silence is full of birds,1,0.46099144220352173,cnn_revised_20260919T110440Z,cnn_s1_02,val,Log-Mel CNN,0.1961877942085266,0.27336953828732174
seg_009047,sample_03114,Time Is Love - Silence is full of birds,1,0.44830557703971863,cnn_revised_20260919T110440Z,cnn_s1_02,val,Log-Mel CNN,0.1961877942085266,0.27336953828732174
seg_009078,sample_03125,Voxel - Andy G. Cohen,1,0.07249923795461655,cnn_revised_20260919T110440Z,cnn_s1_02,val,Log-Mel CNN,0.1961877942085266,0.27336953828732174
seg_009079,sample_03125,Voxel - Andy G. Cohen,1,0.1123681291937828,cnn_revised_20260919T110440Z,cnn_s1_02,val,Log-Mel CNN,0.1961877942085266,0.27336953828732174
seg_009080,sample_03125,Voxel - Andy G. Cohen,1,0.41858720779418945,cnn_revised_20260919T110440Z,cnn_s1_02,val,Log-Mel CNN,0.1961877942085266,0.27336953828732174
seg_009081,sample_03126,Voxel - Andy G. Cohen,1,0.22680436074733734,cnn_revised_20260919T110440Z,cnn_s1_02,val,Log-Mel CNN,0.1961877942085266,0.27336953828732174
seg_009082,sample_03126,Voxel - Andy G. Cohen,1,0.3303290903568268,cnn_revised_20260919T110440Z,cnn_s1_02,val,Log-Mel CNN,0.1961877942085266,0.27336953828732174
seg_009083,sample_03126,Voxel - Andy G. Cohen,1,0.5365675091743469,cnn_revised_20260919T110440Z,cnn_s1_02,val,Log-Mel CNN,0.1961877942085266,0.27336953828732174
seg_009114,sample_03137,Windows of the Skull - Sarin,1,0.8809922933578491,cnn_revised_20260919T110440Z,cnn_s1_02,val,Log-Mel CNN,0.1961877942085266,0.27336953828732174
seg_009115,sample_03137,Windows of the Skull - Sarin,1,0.2250920683145523,cnn_revised_20260919T110440Z,cnn_s1_02,val,Log-Mel CNN,0.1961877942085266,0.27336953828732174
seg_009116,sample_03137,Windows of the Skull - Sarin,1,0.9445621371269226,cnn_revised_20260919T110440Z,cnn_s1_02,val,Log-Mel CNN,0.1961877942085266,0.27336953828732174
seg_009117,sample_03138,Windows of the Skull - Sarin,1,0.3322409689426422,cnn_revised_20260919T110440Z,cnn_s1_02,val,Log-Mel CNN,0.1961877942085266,0.27336953828732174
seg_009118,sample_03138,Windows of the Skull - Sarin,1,0.11797142028808594,cnn_revised_20260919T110440Z,cnn_s1_02,val,Log-Mel CNN,0.1961877942085266,0.27336953828732174
seg_009119,sample_03138,Windows of the Skull - Sarin,1,0.32314106822013855,cnn_revised_20260919T110440Z,cnn_s1_02,val,Log-Mel CNN,0.1961877942085266,0.27336953828732174
seg_009168,sample_03155,mystery team 2090 - Jesse Futerman,1,0.8155349493026733,cnn_revised_20260919T110440Z,cnn_s1_02,val,Log-Mel CNN,0.1961877942085266,0.27336953828732174
seg_009169,sample_03155,mystery team 2090 - Jesse Futerman,1,0.3707428276538849,cnn_revised_20260919T110440Z,cnn_s1_02,val,Log-Mel CNN,0.1961877942085266,0.27336953828732174
seg_009170,sample_03155,mystery team 2090 - Jesse Futerman,1,0.966144323348999,cnn_revised_20260919T110440Z,cnn_s1_02,val,Log-Mel CNN,0.1961877942085266,0.27336953828732174
seg_009171,sample_03156,mystery team 2090 - Jesse Futerman,1,0.1645263433456421,cnn_revised_20260919T110440Z,cnn_s1_02,val,Log-Mel CNN,0.1961877942085266,0.27336953828732174
seg_009172,sample_03156,mystery team 2090 - Jesse Futerman,1,0.5499899387359619,cnn_revised_20260919T110440Z,cnn_s1_02,val,Log-Mel CNN,0.1961877942085266,0.27336953828732174
seg_009173,sample_03156,mystery team 2090 - Jesse Futerman,1,0.43643730878829956,cnn_revised_20260919T110440Z,cnn_s1_02,val,Log-Mel CNN,0.1961877942085266,0.27336953828732174
seg_009192,sample_03163,Новый Нью-Йорк 2 - Чокнутый Пропеллер,1,0.059973157942295074,cnn_revised_20260919T110440Z,cnn_s1_02,val,Log-Mel CNN,0.1961877942085266,0.27336953828732174
seg_009193,sample_03163,Новый Нью-Йорк 2 - Чокнутый Пропеллер,1,0.1333610862493515,cnn_revised_20260919T110440Z,cnn_s1_02,val,Log-Mel CNN,0.1961877942085266,0.27336953828732174
seg_009194,sample_03163,Новый Нью-Йорк 2 - Чокнутый Пропеллер,1,0.1706026792526245,cnn_revised_20260919T110440Z,cnn_s1_02,val,Log-Mel CNN,0.1961877942085266,0.27336953828732174
seg_009195,sample_03164,Новый Нью-Йорк 2 - Чокнутый Пропеллер,1,0.1241438016295433,cnn_revised_20260919T110440Z,cnn_s1_02,val,Log-Mel CNN,0.1961877942085266,0.27336953828732174
seg_009196,sample_03164,Новый Нью-Йорк 2 - Чокнутый Пропеллер,1,0.2040647715330124,cnn_revised_20260919T110440Z,cnn_s1_02,val,Log-Mel CNN,0.1961877942085266,0.27336953828732174
seg_009197,sample_03164,Новый Нью-Йорк 2 - Чокнутый Пропеллер,1,0.5146864652633667,cnn_revised_20260919T110440Z,cnn_s1_02,val,Log-Mel CNN,0.1961877942085266,0.27336953828732174
seg_009207,sample_03168,2 (Wasn't There) - Isle of Pine,1,0.38090282678604126,cnn_revised_20260919T110440Z,cnn_s1_02,val,Log-Mel CNN,0.1961877942085266,0.27336953828732174
seg_009208,sample_03168,2 (Wasn't There) - Isle of Pine,1,0.06975249201059341,cnn_revised_20260919T110440Z,cnn_s1_02,val,Log-Mel CNN,0.1961877942085266,0.27336953828732174
seg_009209,sample_03168,2 (Wasn't There) - Isle of Pine,1,0.5412721633911133,cnn_revised_20260919T110440Z,cnn_s1_02,val,Log-Mel CNN,0.1961877942085266,0.27336953828732174
seg_009228,sample_03175,Agora - Malaventura,1,0.3500783443450928,cnn_revised_20260919T110440Z,cnn_s1_02,val,Log-Mel CNN,0.1961877942085266,0.27336953828732174
seg_009229,sample_03175,Agora - Malaventura,1,0.9671434760093689,cnn_revised_20260919T110440Z,cnn_s1_02,val,Log-Mel CNN,0.1961877942085266,0.27336953828732174
seg_009230,sample_03175,Agora - Malaventura,1,0.9544883966445923,cnn_revised_20260919T110440Z,cnn_s1_02,val,Log-Mel CNN,0.1961877942085266,0.27336953828732174
seg_009279,sample_03192,Beyond Luxury - Mors Ontologica,1,0.11589625477790833,cnn_revised_20260919T110440Z,cnn_s1_02,val,Log-Mel CNN,0.1961877942085266,0.27336953828732174
seg_009280,sample_03192,Beyond Luxury - Mors Ontologica,1,0.29245322942733765,cnn_revised_20260919T110440Z,cnn_s1_02,val,Log-Mel CNN,0.1961877942085266,0.27336953828732174
seg_009281,sample_03192,Beyond Luxury - Mors Ontologica,1,0.962092399597168,cnn_revised_20260919T110440Z,cnn_s1_02,val,Log-Mel CNN,0.1961877942085266,0.27336953828732174
seg_009324,sample_03207,CopperNickle - UncleBibby,1,0.269502729177475,cnn_revised_20260919T110440Z,cnn_s1_02,val,Log-Mel CNN,0.1961877942085266,0.27336953828732174
seg_009325,sample_03207,CopperNickle - UncleBibby,1,0.9489989876747131,cnn_revised_20260919T110440Z,cnn_s1_02,val,Log-Mel CNN,0.1961877942085266,0.27336953828732174
seg_009326,sample_03207,CopperNickle - UncleBibby,1,0.9598950147628784,cnn_revised_20260919T110440Z,cnn_s1_02,val,Log-Mel CNN,0.1961877942085266,0.27336953828732174
seg_009339,sample_03212,Daylight Savings - My brother Daniel,1,0.9249780178070068,cnn_revised_20260919T110440Z,cnn_s1_02,val,Log-Mel CNN,0.1961877942085266,0.27336953828732174
seg_009340,sample_03212,Daylight Savings - My brother Daniel,1,0.38303545117378235,cnn_revised_20260919T110440Z,cnn_s1_02,val,Log-Mel CNN,0.1961877942085266,0.27336953828732174
seg_009341,sample_03212,Daylight Savings - My brother Daniel,1,0.5597225427627563,cnn_revised_20260919T110440Z,cnn_s1_02,val,Log-Mel CNN,0.1961877942085266,0.27336953828732174
seg_009375,sample_03224,Empty Pockets - Pete Prodoehl,1,0.7691594362258911,cnn_revised_20260919T110440Z,cnn_s1_02,val,Log-Mel CNN,0.1961877942085266,0.27336953828732174
seg_009376,sample_03224,Empty Pockets - Pete Prodoehl,1,0.8078451752662659,cnn_revised_20260919T110440Z,cnn_s1_02,val,Log-Mel CNN,0.1961877942085266,0.27336953828732174
seg_009377,sample_03224,Empty Pockets - Pete Prodoehl,1,0.8210105299949646,cnn_revised_20260919T110440Z,cnn_s1_02,val,Log-Mel CNN,0.1961877942085266,0.27336953828732174
seg_009393,sample_03230,Evil Cannot Create - Caleb Lemond,1,0.8107759356498718,cnn_revised_20260919T110440Z,cnn_s1_02,val,Log-Mel CNN,0.1961877942085266,0.27336953828732174
seg_009394,sample_03230,Evil Cannot Create - Caleb Lemond,1,0.7318176031112671,cnn_revised_20260919T110440Z,cnn_s1_02,val,Log-Mel CNN,0.1961877942085266,0.27336953828732174
seg_009395,sample_03230,Evil Cannot Create - Caleb Lemond,1,0.9200672507286072,cnn_revised_20260919T110440Z,cnn_s1_02,val,Log-Mel CNN,0.1961877942085266,0.27336953828732174
seg_009399,sample_03232,Fear - Los Fancy Free,1,0.8940356969833374,cnn_revised_20260919T110440Z,cnn_s1_02,val,Log-Mel CNN,0.1961877942085266,0.27336953828732174
seg_009400,sample_03232,Fear - Los Fancy Free,1,0.9481846690177917,cnn_revised_20260919T110440Z,cnn_s1_02,val,Log-Mel CNN,0.1961877942085266,0.27336953828732174
seg_009401,sample_03232,Fear - Los Fancy Free,1,0.6180598735809326,cnn_revised_20260919T110440Z,cnn_s1_02,val,Log-Mel CNN,0.1961877942085266,0.27336953828732174
seg_009402,sample_03233,Fifth Ramble - From the album Keith [RSVP007] - My brother Daniel,1,0.5532910227775574,cnn_revised_20260919T110440Z,cnn_s1_02,val,Log-Mel CNN,0.1961877942085266,0.27336953828732174
seg_009403,sample_03233,Fifth Ramble - From the album Keith [RSVP007] - My brother Daniel,1,0.8518451452255249,cnn_revised_20260919T110440Z,cnn_s1_02,val,Log-Mel CNN,0.1961877942085266,0.27336953828732174
seg_009404,sample_03233,Fifth Ramble - From the album Keith [RSVP007] - My brother Daniel,1,0.5927705764770508,cnn_revised_20260919T110440Z,cnn_s1_02,val,Log-Mel CNN,0.1961877942085266,0.27336953828732174
seg_009438,sample_03245,Gila Monster Flop/Music History Lesson:The Sonics - The Crypts!,1,0.3083360493183136,cnn_revised_20260919T110440Z,cnn_s1_02,val,Log-Mel CNN,0.1961877942085266,0.27336953828732174
seg_009439,sample_03245,Gila Monster Flop/Music History Lesson:The Sonics - The Crypts!,1,0.6749661564826965,cnn_revised_20260919T110440Z,cnn_s1_02,val,Log-Mel CNN,0.1961877942085266,0.27336953828732174
seg_009440,sample_03245,Gila Monster Flop/Music History Lesson:The Sonics - The Crypts!,1,0.6825159192085266,cnn_revised_20260919T110440Z,cnn_s1_02,val,Log-Mel CNN,0.1961877942085266,0.27336953828732174
seg_009471,sample_03256,If You're Ther - Nicola Ratti,1,0.8366700410842896,cnn_revised_20260919T110440Z,cnn_s1_02,val,Log-Mel CNN,0.1961877942085266,0.27336953828732174
seg_009472,sample_03256,If You're Ther - Nicola Ratti,1,0.9582996368408203,cnn_revised_20260919T110440Z,cnn_s1_02,val,Log-Mel CNN,0.1961877942085266,0.27336953828732174
seg_009473,sample_03256,If You're Ther - Nicola Ratti,1,0.8706957697868347,cnn_revised_20260919T110440Z,cnn_s1_02,val,Log-Mel CNN,0.1961877942085266,0.27336953828732174
seg_009501,sample_03266,I Fell - Mod Fun,1,0.6905810236930847,cnn_revised_20260919T110440Z,cnn_s1_02,val,Log-Mel CNN,0.1961877942085266,0.27336953828732174
seg_009502,sample_03266,I Fell - Mod Fun,1,0.7774491310119629,cnn_revised_20260919T110440Z,cnn_s1_02,val,Log-Mel CNN,0.1961877942085266,0.27336953828732174
seg_009503,sample_03266,I Fell - Mod Fun,1,0.5097053647041321,cnn_revised_20260919T110440Z,cnn_s1_02,val,Log-Mel CNN,0.1961877942085266,0.27336953828732174
seg_009549,sample_03282,Kumorizoranohajimarutokoro - Hosomi,1,0.9042758345603943,cnn_revised_20260919T110440Z,cnn_s1_02,val,Log-Mel CNN,0.1961877942085266,0.27336953828732174
seg_009550,sample_03282,Kumorizoranohajimarutokoro - Hosomi,1,0.9948415160179138,cnn_revised_20260919T110440Z,cnn_s1_02,val,Log-Mel CNN,0.1961877942085266,0.27336953828732174
seg_009551,sample_03282,Kumorizoranohajimarutokoro - Hosomi,1,0.9827041029930115,cnn_revised_20260919T110440Z,cnn_s1_02,val,Log-Mel CNN,0.1961877942085266,0.27336953828732174
seg_009585,sample_03294,Lights Up - Pipe Choir,1,0.444563627243042,cnn_revised_20260919T110440Z,cnn_s1_02,val,Log-Mel CNN,0.1961877942085266,0.27336953828732174
seg_009586,sample_03294,Lights Up - Pipe Choir,1,0.9114751219749451,cnn_revised_20260919T110440Z,cnn_s1_02,val,Log-Mel CNN,0.1961877942085266,0.27336953828732174
seg_009587,sample_03294,Lights Up - Pipe Choir,1,0.663615882396698,cnn_revised_20260919T110440Z,cnn_s1_02,val,Log-Mel CNN,0.1961877942085266,0.27336953828732174
seg_009603,sample_03300,Loved Ones - Rowan Box,1,0.8319001197814941,cnn_revised_20260919T110440Z,cnn_s1_02,val,Log-Mel CNN,0.1961877942085266,0.27336953828732174
seg_009604,sample_03300,Loved Ones - Rowan Box,1,0.8756735920906067,cnn_revised_20260919T110440Z,cnn_s1_02,val,Log-Mel CNN,0.1961877942085266,0.27336953828732174
seg_009605,sample_03300,Loved Ones - Rowan Box,1,0.6709440350532532,cnn_revised_20260919T110440Z,cnn_s1_02,val,Log-Mel CNN,0.1961877942085266,0.27336953828732174
seg_009615,sample_03304,March of the GPA Mechanics - [t]ghost,1,0.6555714011192322,cnn_revised_20260919T110440Z,cnn_s1_02,val,Log-Mel CNN,0.1961877942085266,0.27336953828732174
seg_009616,sample_03304,March of the GPA Mechanics - [t]ghost,1,0.8875225186347961,cnn_revised_20260919T110440Z,cnn_s1_02,val,Log-Mel CNN,0.1961877942085266,0.27336953828732174
seg_009617,sample_03304,March of the GPA Mechanics - [t]ghost,1,0.9077329635620117,cnn_revised_20260919T110440Z,cnn_s1_02,val,Log-Mel CNN,0.1961877942085266,0.27336953828732174
seg_009636,sample_03311,Morning Bell - Nihilore,1,0.9428769946098328,cnn_revised_20260919T110440Z,cnn_s1_02,val,Log-Mel CNN,0.1961877942085266,0.27336953828732174
seg_009637,sample_03311,Morning Bell - Nihilore,1,0.8876853585243225,cnn_revised_20260919T110440Z,cnn_s1_02,val,Log-Mel CNN,0.1961877942085266,0.27336953828732174
seg_009638,sample_03311,Morning Bell - Nihilore,1,0.7967807650566101,cnn_revised_20260919T110440Z,cnn_s1_02,val,Log-Mel CNN,0.1961877942085266,0.27336953828732174
seg_009651,sample_03316,mystery team 2090 - Jesse Futerman,1,0.6728069186210632,cnn_revised_20260919T110440Z,cnn_s1_02,val,Log-Mel CNN,0.1961877942085266,0.27336953828732174
seg_009652,sample_03316,mystery team 2090 - Jesse Futerman,1,0.9925185441970825,cnn_revised_20260919T110440Z,cnn_s1_02,val,Log-Mel CNN,0.1961877942085266,0.27336953828732174
seg_009653,sample_03316,mystery team 2090 - Jesse Futerman,1,0.3549657166004181,cnn_revised_20260919T110440Z,cnn_s1_02,val,Log-Mel CNN,0.1961877942085266,0.27336953828732174
seg_009654,sample_03317,My Body Is A Weapon (Compromise Edit) - Silence is full of birds,1,0.9756731986999512,cnn_revised_20260919T110440Z,cnn_s1_02,val,Log-Mel CNN,0.1961877942085266,0.27336953828732174
seg_009655,sample_03317,My Body Is A Weapon (Compromise Edit) - Silence is full of birds,1,0.8480734825134277,cnn_revised_20260919T110440Z,cnn_s1_02,val,Log-Mel CNN,0.1961877942085266,0.27336953828732174
seg_009656,sample_03317,My Body Is A Weapon (Compromise Edit) - Silence is full of birds,1,0.40366050601005554,cnn_revised_20260919T110440Z,cnn_s1_02,val,Log-Mel CNN,0.1961877942085266,0.27336953828732174
seg_009666,sample_03321,New Life (take 1) - Bird Names,1,0.9216063022613525,cnn_revised_20260919T110440Z,cnn_s1_02,val,Log-Mel CNN,0.1961877942085266,0.27336953828732174
seg_009667,sample_03321,New Life (take 1) - Bird Names,1,0.9456117749214172,cnn_revised_20260919T110440Z,cnn_s1_02,val,Log-Mel CNN,0.1961877942085266,0.27336953828732174
seg_009668,sample_03321,New Life (take 1) - Bird Names,1,0.8183885812759399,cnn_revised_20260919T110440Z,cnn_s1_02,val,Log-Mel CNN,0.1961877942085266,0.27336953828732174
seg_009672,sample_03323,Night Drive - Decktonic,1,0.8096399307250977,cnn_revised_20260919T110440Z,cnn_s1_02,val,Log-Mel CNN,0.1961877942085266,0.27336953828732174
seg_009673,sample_03323,Night Drive - Decktonic,1,0.7805511951446533,cnn_revised_20260919T110440Z,cnn_s1_02,val,Log-Mel CNN,0.1961877942085266,0.27336953828732174
seg_009674,sample_03323,Night Drive - Decktonic,1,0.5574968457221985,cnn_revised_20260919T110440Z,cnn_s1_02,val,Log-Mel CNN,0.1961877942085266,0.27336953828732174
seg_009681,sample_03326,Norweigian Wood II - Bird Names,1,0.7608372569084167,cnn_revised_20260919T110440Z,cnn_s1_02,val,Log-Mel CNN,0.1961877942085266,0.27336953828732174
seg_009682,sample_03326,Norweigian Wood II - Bird Names,1,0.7393661737442017,cnn_revised_20260919T110440Z,cnn_s1_02,val,Log-Mel CNN,0.1961877942085266,0.27336953828732174
seg_009683,sample_03326,Norweigian Wood II - Bird Names,1,0.9461950063705444,cnn_revised_20260919T110440Z,cnn_s1_02,val,Log-Mel CNN,0.1961877942085266,0.27336953828732174
seg_009693,sample_03330,Nuo Maisemat - Paavoharju,1,0.675486147403717,cnn_revised_20260919T110440Z,cnn_s1_02,val,Log-Mel CNN,0.1961877942085266,0.27336953828732174
seg_009694,sample_03330,Nuo Maisemat - Paavoharju,1,0.9980794191360474,cnn_revised_20260919T110440Z,cnn_s1_02,val,Log-Mel CNN,0.1961877942085266,0.27336953828732174
seg_009695,sample_03330,Nuo Maisemat - Paavoharju,1,0.9632748961448669,cnn_revised_20260919T110440Z,cnn_s1_02,val,Log-Mel CNN,0.1961877942085266,0.27336953828732174
seg_009756,sample_03351,Redlight - Room For A Ghost,1,0.9232983589172363,cnn_revised_20260919T110440Z,cnn_s1_02,val,Log-Mel CNN,0.1961877942085266,0.27336953828732174
seg_009757,sample_03351,Redlight - Room For A Ghost,1,0.949181079864502,cnn_revised_20260919T110440Z,cnn_s1_02,val,Log-Mel CNN,0.1961877942085266,0.27336953828732174
seg_009758,sample_03351,Redlight - Room For A Ghost,1,0.7499954700469971,cnn_revised_20260919T110440Z,cnn_s1_02,val,Log-Mel CNN,0.1961877942085266,0.27336953828732174
seg_009774,sample_03357,Roller Star - Monroeville Music Center,1,0.9147152900695801,cnn_revised_20260919T110440Z,cnn_s1_02,val,Log-Mel CNN,0.1961877942085266,0.27336953828732174
seg_009775,sample_03357,Roller Star - Monroeville Music Center,1,0.767017126083374,cnn_revised_20260919T110440Z,cnn_s1_02,val,Log-Mel CNN,0.1961877942085266,0.27336953828732174
seg_009776,sample_03357,Roller Star - Monroeville Music Center,1,0.6689519286155701,cnn_revised_20260919T110440Z,cnn_s1_02,val,Log-Mel CNN,0.1961877942085266,0.27336953828732174
seg_009780,sample_03359,"Roundtrip - Oh Yeah, the Future",1,0.7844161987304688,cnn_revised_20260919T110440Z,cnn_s1_02,val,Log-Mel CNN,0.1961877942085266,0.27336953828732174
seg_009781,sample_03359,"Roundtrip - Oh Yeah, the Future",1,0.8543133735656738,cnn_revised_20260919T110440Z,cnn_s1_02,val,Log-Mel CNN,0.1961877942085266,0.27336953828732174
seg_009782,sample_03359,"Roundtrip - Oh Yeah, the Future",1,0.9425983428955078,cnn_revised_20260919T110440Z,cnn_s1_02,val,Log-Mel CNN,0.1961877942085266,0.27336953828732174
seg_009792,sample_03363,Scramby Eggs - Andy G. Cohen,1,0.9336066842079163,cnn_revised_20260919T110440Z,cnn_s1_02,val,Log-Mel CNN,0.1961877942085266,0.27336953828732174
seg_009793,sample_03363,Scramby Eggs - Andy G. Cohen,1,0.46807509660720825,cnn_revised_20260919T110440Z,cnn_s1_02,val,Log-Mel CNN,0.1961877942085266,0.27336953828732174
seg_009794,sample_03363,Scramby Eggs - Andy G. Cohen,1,0.8820363879203796,cnn_revised_20260919T110440Z,cnn_s1_02,val,Log-Mel CNN,0.1961877942085266,0.27336953828732174
seg_009795,sample_03364,SD (Ill Mix) - H-LR,1,0.4874032139778137,cnn_revised_20260919T110440Z,cnn_s1_02,val,Log-Mel CNN,0.1961877942085266,0.27336953828732174
seg_009796,sample_03364,SD (Ill Mix) - H-LR,1,0.8931572437286377,cnn_revised_20260919T110440Z,cnn_s1_02,val,Log-Mel CNN,0.1961877942085266,0.27336953828732174
seg_009797,sample_03364,SD (Ill Mix) - H-LR,1,0.5528806447982788,cnn_revised_20260919T110440Z,cnn_s1_02,val,Log-Mel CNN,0.1961877942085266,0.27336953828732174
seg_009819,sample_03372,Shipwrecked Crew - Pete Prodoehl,1,0.8666447401046753,cnn_revised_20260919T110440Z,cnn_s1_02,val,Log-Mel CNN,0.1961877942085266,0.27336953828732174
seg_009820,sample_03372,Shipwrecked Crew - Pete Prodoehl,1,0.6916196346282959,cnn_revised_20260919T110440Z,cnn_s1_02,val,Log-Mel CNN,0.1961877942085266,0.27336953828732174
seg_009821,sample_03372,Shipwrecked Crew - Pete Prodoehl,1,0.2740214467048645,cnn_revised_20260919T110440Z,cnn_s1_02,val,Log-Mel CNN,0.1961877942085266,0.27336953828732174
seg_009837,sample_03378,Soleares&beats - Malaventura,1,0.7466810941696167,cnn_revised_20260919T110440Z,cnn_s1_02,val,Log-Mel CNN,0.1961877942085266,0.27336953828732174
seg_009838,sample_03378,Soleares&beats - Malaventura,1,0.6571652293205261,cnn_revised_20260919T110440Z,cnn_s1_02,val,Log-Mel CNN,0.1961877942085266,0.27336953828732174
seg_009839,sample_03378,Soleares&beats - Malaventura,1,0.276786208152771,cnn_revised_20260919T110440Z,cnn_s1_02,val,Log-Mel CNN,0.1961877942085266,0.27336953828732174
seg_009843,sample_03380,some dextromethorphan - Jeva,1,0.5371295809745789,cnn_revised_20260919T110440Z,cnn_s1_02,val,Log-Mel CNN,0.1961877942085266,0.27336953828732174
seg_009844,sample_03380,some dextromethorphan - Jeva,1,0.951106071472168,cnn_revised_20260919T110440Z,cnn_s1_02,val,Log-Mel CNN,0.1961877942085266,0.27336953828732174
seg_009845,sample_03380,some dextromethorphan - Jeva,1,0.8531689643859863,cnn_revised_20260919T110440Z,cnn_s1_02,val,Log-Mel CNN,0.1961877942085266,0.27336953828732174
seg_009858,sample_03385,Stockholm Syndrome / People Should Be More Aware - Bird Names,1,0.9112230539321899,cnn_revised_20260919T110440Z,cnn_s1_02,val,Log-Mel CNN,0.1961877942085266,0.27336953828732174
seg_009859,sample_03385,Stockholm Syndrome / People Should Be More Aware - Bird Names,1,0.9618787169456482,cnn_revised_20260919T110440Z,cnn_s1_02,val,Log-Mel CNN,0.1961877942085266,0.27336953828732174
seg_009860,sample_03385,Stockholm Syndrome / People Should Be More Aware - Bird Names,1,0.95594722032547,cnn_revised_20260919T110440Z,cnn_s1_02,val,Log-Mel CNN,0.1961877942085266,0.27336953828732174
seg_009870,sample_03389,Sturgeon's Law - Nihilore,1,0.7043061852455139,cnn_revised_20260919T110440Z,cnn_s1_02,val,Log-Mel CNN,0.1961877942085266,0.27336953828732174
seg_009871,sample_03389,Sturgeon's Law - Nihilore,1,0.9171144962310791,cnn_revised_20260919T110440Z,cnn_s1_02,val,Log-Mel CNN,0.1961877942085266,0.27336953828732174
seg_009872,sample_03389,Sturgeon's Law - Nihilore,1,0.7893661260604858,cnn_revised_20260919T110440Z,cnn_s1_02,val,Log-Mel CNN,0.1961877942085266,0.27336953828732174
seg_009927,sample_03408,The girl just faded - Los Llamarada,1,0.8798803091049194,cnn_revised_20260919T110440Z,cnn_s1_02,val,Log-Mel CNN,0.1961877942085266,0.27336953828732174
seg_009928,sample_03408,The girl just faded - Los Llamarada,1,0.8671327829360962,cnn_revised_20260919T110440Z,cnn_s1_02,val,Log-Mel CNN,0.1961877942085266,0.27336953828732174
seg_009929,sample_03408,The girl just faded - Los Llamarada,1,0.7436221241950989,cnn_revised_20260919T110440Z,cnn_s1_02,val,Log-Mel CNN,0.1961877942085266,0.27336953828732174
seg_009954,sample_03417,The Stairway - WarpToken,1,0.8672303557395935,cnn_revised_20260919T110440Z,cnn_s1_02,val,Log-Mel CNN,0.1961877942085266,0.27336953828732174
seg_009955,sample_03417,The Stairway - WarpToken,1,0.9674699902534485,cnn_revised_20260919T110440Z,cnn_s1_02,val,Log-Mel CNN,0.1961877942085266,0.27336953828732174
seg_009956,sample_03417,The Stairway - WarpToken,1,0.5934543609619141,cnn_revised_20260919T110440Z,cnn_s1_02,val,Log-Mel CNN,0.1961877942085266,0.27336953828732174
seg_009957,sample_03418,Three Bird - My brother Daniel,1,0.4875197410583496,cnn_revised_20260919T110440Z,cnn_s1_02,val,Log-Mel CNN,0.1961877942085266,0.27336953828732174
seg_009958,sample_03418,Three Bird - My brother Daniel,1,0.8440001606941223,cnn_revised_20260919T110440Z,cnn_s1_02,val,Log-Mel CNN,0.1961877942085266,0.27336953828732174
seg_009959,sample_03418,Three Bird - My brother Daniel,1,0.8812216520309448,cnn_revised_20260919T110440Z,cnn_s1_02,val,Log-Mel CNN,0.1961877942085266,0.27336953828732174
seg_009960,sample_03419,Timen Passing By - Jason Shaw,1,0.7965564727783203,cnn_revised_20260919T110440Z,cnn_s1_02,val,Log-Mel CNN,0.1961877942085266,0.27336953828732174
seg_009961,sample_03419,Timen Passing By - Jason Shaw,1,0.5936431884765625,cnn_revised_20260919T110440Z,cnn_s1_02,val,Log-Mel CNN,0.1961877942085266,0.27336953828732174
seg_009962,sample_03419,Timen Passing By - Jason Shaw,1,0.7595608830451965,cnn_revised_20260919T110440Z,cnn_s1_02,val,Log-Mel CNN,0.1961877942085266,0.27336953828732174
seg_009963,sample_03420,Time Is Love - Silence is full of birds,1,0.8712049722671509,cnn_revised_20260919T110440Z,cnn_s1_02,val,Log-Mel CNN,0.1961877942085266,0.27336953828732174
seg_009964,sample_03420,Time Is Love - Silence is full of birds,1,0.8152505159378052,cnn_revised_20260919T110440Z,cnn_s1_02,val,Log-Mel CNN,0.1961877942085266,0.27336953828732174
seg_009965,sample_03420,Time Is Love - Silence is full of birds,1,0.9522607922554016,cnn_revised_20260919T110440Z,cnn_s1_02,val,Log-Mel CNN,0.1961877942085266,0.27336953828732174
seg_009990,sample_03429,Understand That This Is A Dream - From the album Modulating Coil [RSVP008] - Forrest James,1,0.8783058524131775,cnn_revised_20260919T110440Z,cnn_s1_02,val,Log-Mel CNN,0.1961877942085266,0.27336953828732174
seg_009991,sample_03429,Understand That This Is A Dream - From the album Modulating Coil [RSVP008] - Forrest James,1,0.8073963522911072,cnn_revised_20260919T110440Z,cnn_s1_02,val,Log-Mel CNN,0.1961877942085266,0.27336953828732174
seg_009992,sample_03429,Understand That This Is A Dream - From the album Modulating Coil [RSVP008] - Forrest James,1,0.8840277194976807,cnn_revised_20260919T110440Z,cnn_s1_02,val,Log-Mel CNN,0.1961877942085266,0.27336953828732174
seg_010005,sample_03434,Voxel - Andy G. Cohen,1,0.5302647948265076,cnn_revised_20260919T110440Z,cnn_s1_02,val,Log-Mel CNN,0.1961877942085266,0.27336953828732174
seg_010006,sample_03434,Voxel - Andy G. Cohen,1,0.9688922166824341,cnn_revised_20260919T110440Z,cnn_s1_02,val,Log-Mel CNN,0.1961877942085266,0.27336953828732174
seg_010007,sample_03434,Voxel - Andy G. Cohen,1,0.8875256180763245,cnn_revised_20260919T110440Z,cnn_s1_02,val,Log-Mel CNN,0.1961877942085266,0.27336953828732174
seg_010011,sample_03436,Westside Chillers - Little Glass Men,1,0.9398981332778931,cnn_revised_20260919T110440Z,cnn_s1_02,val,Log-Mel CNN,0.1961877942085266,0.27336953828732174
seg_010012,sample_03436,Westside Chillers - Little Glass Men,1,0.3897395730018616,cnn_revised_20260919T110440Z,cnn_s1_02,val,Log-Mel CNN,0.1961877942085266,0.27336953828732174
seg_010013,sample_03436,Westside Chillers - Little Glass Men,1,0.7032349705696106,cnn_revised_20260919T110440Z,cnn_s1_02,val,Log-Mel CNN,0.1961877942085266,0.27336953828732174
seg_010065,sample_03454,Новый Нью-Йорк 2 - Чокнутый Пропеллер,1,0.8933984637260437,cnn_revised_20260919T110440Z,cnn_s1_02,val,Log-Mel CNN,0.1961877942085266,0.27336953828732174
seg_010066,sample_03454,Новый Нью-Йорк 2 - Чокнутый Пропеллер,1,0.10094471275806427,cnn_revised_20260919T110440Z,cnn_s1_02,val,Log-Mel CNN,0.1961877942085266,0.27336953828732174
seg_010067,sample_03454,Новый Нью-Йорк 2 - Чокнутый Пропеллер,1,0.12111350148916245,cnn_revised_20260919T110440Z,cnn_s1_02,val,Log-Mel CNN,0.1961877942085266,0.27336953828732174
seg_010071,sample_03456,Windows of the Skull - Sarin,1,0.931465208530426,cnn_revised_20260919T110440Z,cnn_s1_02,val,Log-Mel CNN,0.1961877942085266,0.27336953828732174
seg_010072,sample_03456,Windows of the Skull - Sarin,1,0.9522731900215149,cnn_revised_20260919T110440Z,cnn_s1_02,val,Log-Mel CNN,0.1961877942085266,0.27336953828732174
seg_010073,sample_03456,Windows of the Skull - Sarin,1,0.9984583854675293,cnn_revised_20260919T110440Z,cnn_s1_02,val,Log-Mel CNN,0.1961877942085266,0.27336953828732174
