segment_id,track_id,original_audio_id,label,score,run_id,trial_id,split,model,segment_threshold,track_threshold
seg_000006,sample_00002,2 (Wasn't There) - Isle of Pine,0,0.10155738890171051,cnn_revised_20260919T110440Z,cnn_s2_12,val,Log-Mel CNN,0.142173171043396,0.2410693895071745
seg_000007,sample_00002,2 (Wasn't There) - Isle of Pine,0,0.15178997814655304,cnn_revised_20260919T110440Z,cnn_s2_12,val,Log-Mel CNN,0.142173171043396,0.2410693895071745
seg_000008,sample_00002,2 (Wasn't There) - Isle of Pine,0,0.07047341763973236,cnn_revised_20260919T110440Z,cnn_s2_12,val,Log-Mel CNN,0.142173171043396,0.2410693895071745
seg_000039,sample_00013,Agora - Malaventura,0,0.12170424312353134,cnn_revised_20260919T110440Z,cnn_s2_12,val,Log-Mel CNN,0.142173171043396,0.2410693895071745
seg_000040,sample_00013,Agora - Malaventura,0,0.12319821864366531,cnn_revised_20260919T110440Z,cnn_s2_12,val,Log-Mel CNN,0.142173171043396,0.2410693895071745
seg_000041,sample_00013,Agora - Malaventura,0,0.30025601387023926,cnn_revised_20260919T110440Z,cnn_s2_12,val,Log-Mel CNN,0.142173171043396,0.2410693895071745
seg_000081,sample_00027,Beyond Luxury - Mors Ontologica,0,4.0059643652057275e-05,cnn_revised_20260919T110440Z,cnn_s2_12,val,Log-Mel CNN,0.142173171043396,0.2410693895071745
seg_000082,sample_00027,Beyond Luxury - Mors Ontologica,0,0.0003947163058910519,cnn_revised_20260919T110440Z,cnn_s2_12,val,Log-Mel CNN,0.142173171043396,0.2410693895071745
seg_000083,sample_00027,Beyond Luxury - Mors Ontologica,0,0.0008248533704318106,cnn_revised_20260919T110440Z,cnn_s2_12,val,Log-Mel CNN,0.142173171043396,0.2410693895071745
seg_000129,sample_00043,CopperNickle - UncleBibby,0,0.0002904625434894115,cnn_revised_20260919T110440Z,cnn_s2_12,val,Log-Mel CNN,0.142173171043396,0.2410693895071745
seg_000130,sample_00043,CopperNickle - UncleBibby,0,0.000868644448928535,cnn_revised_20260919T110440Z,cnn_s2_12,val,Log-Mel CNN,0.142173171043396,0.2410693895071745
seg_000131,sample_00043,CopperNickle - UncleBibby,0,0.0004973708419129252,cnn_revised_20260919T110440Z,cnn_s2_12,val,Log-Mel CNN,0.142173171043396,0.2410693895071745
seg_000141,sample_00047,Daylight Savings - My brother Daniel,0,0.004453323781490326,cnn_revised_20260919T110440Z,cnn_s2_12,val,Log-Mel CNN,0.142173171043396,0.2410693895071745
seg_000142,sample_00047,Daylight Savings - My brother Daniel,0,0.02710668183863163,cnn_revised_20260919T110440Z,cnn_s2_12,val,Log-Mel CNN,0.142173171043396,0.2410693895071745
seg_000143,sample_00047,Daylight Savings - My brother Daniel,0,0.012740472331643105,cnn_revised_20260919T110440Z,cnn_s2_12,val,Log-Mel CNN,0.142173171043396,0.2410693895071745
seg_000177,sample_00059,Empty Pockets - Pete Prodoehl,0,0.00014966377057135105,cnn_revised_20260919T110440Z,cnn_s2_12,val,Log-Mel CNN,0.142173171043396,0.2410693895071745
seg_000178,sample_00059,Empty Pockets - Pete Prodoehl,0,0.009089137427508831,cnn_revised_20260919T110440Z,cnn_s2_12,val,Log-Mel CNN,0.142173171043396,0.2410693895071745
seg_000179,sample_00059,Empty Pockets - Pete Prodoehl,0,0.027360830456018448,cnn_revised_20260919T110440Z,cnn_s2_12,val,Log-Mel CNN,0.142173171043396,0.2410693895071745
seg_000195,sample_00065,Evil Cannot Create - Caleb Lemond,0,0.028946874663233757,cnn_revised_20260919T110440Z,cnn_s2_12,val,Log-Mel CNN,0.142173171043396,0.2410693895071745
seg_000196,sample_00065,Evil Cannot Create - Caleb Lemond,0,0.4425392746925354,cnn_revised_20260919T110440Z,cnn_s2_12,val,Log-Mel CNN,0.142173171043396,0.2410693895071745
seg_000197,sample_00065,Evil Cannot Create - Caleb Lemond,0,0.14635474979877472,cnn_revised_20260919T110440Z,cnn_s2_12,val,Log-Mel CNN,0.142173171043396,0.2410693895071745
seg_000201,sample_00067,Fear - Los Fancy Free,0,0.00015604945656377822,cnn_revised_20260919T110440Z,cnn_s2_12,val,Log-Mel CNN,0.142173171043396,0.2410693895071745
seg_000202,sample_00067,Fear - Los Fancy Free,0,0.000772646046243608,cnn_revised_20260919T110440Z,cnn_s2_12,val,Log-Mel CNN,0.142173171043396,0.2410693895071745
seg_000203,sample_00067,Fear - Los Fancy Free,0,0.0004549585864879191,cnn_revised_20260919T110440Z,cnn_s2_12,val,Log-Mel CNN,0.142173171043396,0.2410693895071745
seg_000204,sample_00068,Fifth Ramble - From the album Keith [RSVP007] - My brother Daniel,0,0.9194551706314087,cnn_revised_20260919T110440Z,cnn_s2_12,val,Log-Mel CNN,0.142173171043396,0.2410693895071745
seg_000205,sample_00068,Fifth Ramble - From the album Keith [RSVP007] - My brother Daniel,0,0.9027968049049377,cnn_revised_20260919T110440Z,cnn_s2_12,val,Log-Mel CNN,0.142173171043396,0.2410693895071745
seg_000206,sample_00068,Fifth Ramble - From the album Keith [RSVP007] - My brother Daniel,0,0.8833552002906799,cnn_revised_20260919T110440Z,cnn_s2_12,val,Log-Mel CNN,0.142173171043396,0.2410693895071745
seg_000240,sample_00080,Gila Monster Flop/Music History Lesson:The Sonics - The Crypts!,0,0.0029892923776060343,cnn_revised_20260919T110440Z,cnn_s2_12,val,Log-Mel CNN,0.142173171043396,0.2410693895071745
seg_000241,sample_00080,Gila Monster Flop/Music History Lesson:The Sonics - The Crypts!,0,0.0003870608052238822,cnn_revised_20260919T110440Z,cnn_s2_12,val,Log-Mel CNN,0.142173171043396,0.2410693895071745
seg_000242,sample_00080,Gila Monster Flop/Music History Lesson:The Sonics - The Crypts!,0,4.183000419288874e-05,cnn_revised_20260919T110440Z,cnn_s2_12,val,Log-Mel CNN,0.142173171043396,0.2410693895071745
seg_000285,sample_00095,I Fell - Mod Fun,0,2.626580317155458e-05,cnn_revised_20260919T110440Z,cnn_s2_12,val,Log-Mel CNN,0.142173171043396,0.2410693895071745
seg_000286,sample_00095,I Fell - Mod Fun,0,0.00027948577189818025,cnn_revised_20260919T110440Z,cnn_s2_12,val,Log-Mel CNN,0.142173171043396,0.2410693895071745
seg_000287,sample_00095,I Fell - Mod Fun,0,0.00039234981522895396,cnn_revised_20260919T110440Z,cnn_s2_12,val,Log-Mel CNN,0.142173171043396,0.2410693895071745
seg_000297,sample_00099,If You're Ther - Nicola Ratti,0,0.02427018992602825,cnn_revised_20260919T110440Z,cnn_s2_12,val,Log-Mel CNN,0.142173171043396,0.2410693895071745
seg_000298,sample_00099,If You're Ther - Nicola Ratti,0,0.0031816561240702868,cnn_revised_20260919T110440Z,cnn_s2_12,val,Log-Mel CNN,0.142173171043396,0.2410693895071745
seg_000299,sample_00099,If You're Ther - Nicola Ratti,0,0.0005770744173787534,cnn_revised_20260919T110440Z,cnn_s2_12,val,Log-Mel CNN,0.142173171043396,0.2410693895071745
seg_000342,sample_00114,Kumorizoranohajimarutokoro - Hosomi,0,7.693519364693202e-06,cnn_revised_20260919T110440Z,cnn_s2_12,val,Log-Mel CNN,0.142173171043396,0.2410693895071745
seg_000343,sample_00114,Kumorizoranohajimarutokoro - Hosomi,0,0.0005828366847708821,cnn_revised_20260919T110440Z,cnn_s2_12,val,Log-Mel CNN,0.142173171043396,0.2410693895071745
seg_000344,sample_00114,Kumorizoranohajimarutokoro - Hosomi,0,0.0035961370449513197,cnn_revised_20260919T110440Z,cnn_s2_12,val,Log-Mel CNN,0.142173171043396,0.2410693895071745
seg_000384,sample_00128,Lights Up - Pipe Choir,0,0.0009593646973371506,cnn_revised_20260919T110440Z,cnn_s2_12,val,Log-Mel CNN,0.142173171043396,0.2410693895071745
seg_000385,sample_00128,Lights Up - Pipe Choir,0,0.0030768699944019318,cnn_revised_20260919T110440Z,cnn_s2_12,val,Log-Mel CNN,0.142173171043396,0.2410693895071745
seg_000386,sample_00128,Lights Up - Pipe Choir,0,0.0004431263078004122,cnn_revised_20260919T110440Z,cnn_s2_12,val,Log-Mel CNN,0.142173171043396,0.2410693895071745
seg_000399,sample_00133,Loved Ones - Rowan Box,0,0.001356550375930965,cnn_revised_20260919T110440Z,cnn_s2_12,val,Log-Mel CNN,0.142173171043396,0.2410693895071745
seg_000400,sample_00133,Loved Ones - Rowan Box,0,0.0032836347818374634,cnn_revised_20260919T110440Z,cnn_s2_12,val,Log-Mel CNN,0.142173171043396,0.2410693895071745
seg_000401,sample_00133,Loved Ones - Rowan Box,0,0.0010117404162883759,cnn_revised_20260919T110440Z,cnn_s2_12,val,Log-Mel CNN,0.142173171043396,0.2410693895071745
seg_000408,sample_00136,March of the GPA Mechanics - [t]ghost,0,0.06733259558677673,cnn_revised_20260919T110440Z,cnn_s2_12,val,Log-Mel CNN,0.142173171043396,0.2410693895071745
seg_000409,sample_00136,March of the GPA Mechanics - [t]ghost,0,0.11510106176137924,cnn_revised_20260919T110440Z,cnn_s2_12,val,Log-Mel CNN,0.142173171043396,0.2410693895071745
seg_000410,sample_00136,March of the GPA Mechanics - [t]ghost,0,0.011388111859560013,cnn_revised_20260919T110440Z,cnn_s2_12,val,Log-Mel CNN,0.142173171043396,0.2410693895071745
seg_000426,sample_00142,Morning Bell - Nihilore,0,0.000521944893989712,cnn_revised_20260919T110440Z,cnn_s2_12,val,Log-Mel CNN,0.142173171043396,0.2410693895071745
seg_000427,sample_00142,Morning Bell - Nihilore,0,0.0013938287738710642,cnn_revised_20260919T110440Z,cnn_s2_12,val,Log-Mel CNN,0.142173171043396,0.2410693895071745
seg_000428,sample_00142,Morning Bell - Nihilore,0,0.0009728732984513044,cnn_revised_20260919T110440Z,cnn_s2_12,val,Log-Mel CNN,0.142173171043396,0.2410693895071745
seg_000441,sample_00147,My Body Is A Weapon (Compromise Edit) - Silence is full of birds,0,0.0007837770390324295,cnn_revised_20260919T110440Z,cnn_s2_12,val,Log-Mel CNN,0.142173171043396,0.2410693895071745
seg_000442,sample_00147,My Body Is A Weapon (Compromise Edit) - Silence is full of birds,0,0.0007652631029486656,cnn_revised_20260919T110440Z,cnn_s2_12,val,Log-Mel CNN,0.142173171043396,0.2410693895071745
seg_000443,sample_00147,My Body Is A Weapon (Compromise Edit) - Silence is full of birds,0,0.0011259210295975208,cnn_revised_20260919T110440Z,cnn_s2_12,val,Log-Mel CNN,0.142173171043396,0.2410693895071745
seg_000453,sample_00151,New Life (take 1) - Bird Names,0,0.001020903466269374,cnn_revised_20260919T110440Z,cnn_s2_12,val,Log-Mel CNN,0.142173171043396,0.2410693895071745
seg_000454,sample_00151,New Life (take 1) - Bird Names,0,4.847060699830763e-05,cnn_revised_20260919T110440Z,cnn_s2_12,val,Log-Mel CNN,0.142173171043396,0.2410693895071745
seg_000455,sample_00151,New Life (take 1) - Bird Names,0,0.0002479699032846838,cnn_revised_20260919T110440Z,cnn_s2_12,val,Log-Mel CNN,0.142173171043396,0.2410693895071745
seg_000459,sample_00153,Night Drive - Decktonic,0,0.0016677218955010176,cnn_revised_20260919T110440Z,cnn_s2_12,val,Log-Mel CNN,0.142173171043396,0.2410693895071745
seg_000460,sample_00153,Night Drive - Decktonic,0,0.0085134357213974,cnn_revised_20260919T110440Z,cnn_s2_12,val,Log-Mel CNN,0.142173171043396,0.2410693895071745
seg_000461,sample_00153,Night Drive - Decktonic,0,0.003484403947368264,cnn_revised_20260919T110440Z,cnn_s2_12,val,Log-Mel CNN,0.142173171043396,0.2410693895071745
seg_000468,sample_00156,Norweigian Wood II - Bird Names,0,0.00016273625078611076,cnn_revised_20260919T110440Z,cnn_s2_12,val,Log-Mel CNN,0.142173171043396,0.2410693895071745
seg_000469,sample_00156,Norweigian Wood II - Bird Names,0,0.000696154311299324,cnn_revised_20260919T110440Z,cnn_s2_12,val,Log-Mel CNN,0.142173171043396,0.2410693895071745
seg_000470,sample_00156,Norweigian Wood II - Bird Names,0,0.0008195587433874607,cnn_revised_20260919T110440Z,cnn_s2_12,val,Log-Mel CNN,0.142173171043396,0.2410693895071745
seg_000480,sample_00160,Nuo Maisemat - Paavoharju,0,0.004211914259940386,cnn_revised_20260919T110440Z,cnn_s2_12,val,Log-Mel CNN,0.142173171043396,0.2410693895071745
seg_000481,sample_00160,Nuo Maisemat - Paavoharju,0,0.01847432181239128,cnn_revised_20260919T110440Z,cnn_s2_12,val,Log-Mel CNN,0.142173171043396,0.2410693895071745
seg_000482,sample_00160,Nuo Maisemat - Paavoharju,0,0.006164970342069864,cnn_revised_20260919T110440Z,cnn_s2_12,val,Log-Mel CNN,0.142173171043396,0.2410693895071745
seg_000537,sample_00179,Redlight - Room For A Ghost,0,0.0027146395295858383,cnn_revised_20260919T110440Z,cnn_s2_12,val,Log-Mel CNN,0.142173171043396,0.2410693895071745
seg_000538,sample_00179,Redlight - Room For A Ghost,0,0.01569346711039543,cnn_revised_20260919T110440Z,cnn_s2_12,val,Log-Mel CNN,0.142173171043396,0.2410693895071745
seg_000539,sample_00179,Redlight - Room For A Ghost,0,0.07550694793462753,cnn_revised_20260919T110440Z,cnn_s2_12,val,Log-Mel CNN,0.142173171043396,0.2410693895071745
seg_000555,sample_00185,Roller Star - Monroeville Music Center,0,0.0015275541227310896,cnn_revised_20260919T110440Z,cnn_s2_12,val,Log-Mel CNN,0.142173171043396,0.2410693895071745
seg_000556,sample_00185,Roller Star - Monroeville Music Center,0,0.004160202573984861,cnn_revised_20260919T110440Z,cnn_s2_12,val,Log-Mel CNN,0.142173171043396,0.2410693895071745
seg_000557,sample_00185,Roller Star - Monroeville Music Center,0,0.010144646279513836,cnn_revised_20260919T110440Z,cnn_s2_12,val,Log-Mel CNN,0.142173171043396,0.2410693895071745
seg_000561,sample_00187,"Roundtrip - Oh Yeah, the Future",0,0.0019642640836536884,cnn_revised_20260919T110440Z,cnn_s2_12,val,Log-Mel CNN,0.142173171043396,0.2410693895071745
seg_000562,sample_00187,"Roundtrip - Oh Yeah, the Future",0,5.65485970582813e-05,cnn_revised_20260919T110440Z,cnn_s2_12,val,Log-Mel CNN,0.142173171043396,0.2410693895071745
seg_000563,sample_00187,"Roundtrip - Oh Yeah, the Future",0,0.0001148243754869327,cnn_revised_20260919T110440Z,cnn_s2_12,val,Log-Mel CNN,0.142173171043396,0.2410693895071745
seg_000570,sample_00190,SD (Ill Mix) - H-LR,0,0.0002935636439360678,cnn_revised_20260919T110440Z,cnn_s2_12,val,Log-Mel CNN,0.142173171043396,0.2410693895071745
seg_000571,sample_00190,SD (Ill Mix) - H-LR,0,0.014882338233292103,cnn_revised_20260919T110440Z,cnn_s2_12,val,Log-Mel CNN,0.142173171043396,0.2410693895071745
seg_000572,sample_00190,SD (Ill Mix) - H-LR,0,0.0005093730287626386,cnn_revised_20260919T110440Z,cnn_s2_12,val,Log-Mel CNN,0.142173171043396,0.2410693895071745
seg_000576,sample_00192,Scramby Eggs - Andy G. Cohen,0,0.0008126074098981917,cnn_revised_20260919T110440Z,cnn_s2_12,val,Log-Mel CNN,0.142173171043396,0.2410693895071745
seg_000577,sample_00192,Scramby Eggs - Andy G. Cohen,0,0.0004723726015072316,cnn_revised_20260919T110440Z,cnn_s2_12,val,Log-Mel CNN,0.142173171043396,0.2410693895071745
seg_000578,sample_00192,Scramby Eggs - Andy G. Cohen,0,0.0010050303535535932,cnn_revised_20260919T110440Z,cnn_s2_12,val,Log-Mel CNN,0.142173171043396,0.2410693895071745
seg_000600,sample_00200,Shipwrecked Crew - Pete Prodoehl,0,0.051301825791597366,cnn_revised_20260919T110440Z,cnn_s2_12,val,Log-Mel CNN,0.142173171043396,0.2410693895071745
seg_000601,sample_00200,Shipwrecked Crew - Pete Prodoehl,0,0.08919212222099304,cnn_revised_20260919T110440Z,cnn_s2_12,val,Log-Mel CNN,0.142173171043396,0.2410693895071745
seg_000602,sample_00200,Shipwrecked Crew - Pete Prodoehl,0,0.5476083159446716,cnn_revised_20260919T110440Z,cnn_s2_12,val,Log-Mel CNN,0.142173171043396,0.2410693895071745
seg_000615,sample_00205,Soleares&beats - Malaventura,0,0.142173171043396,cnn_revised_20260919T110440Z,cnn_s2_12,val,Log-Mel CNN,0.142173171043396,0.2410693895071745
seg_000616,sample_00205,Soleares&beats - Malaventura,0,0.1204535961151123,cnn_revised_20260919T110440Z,cnn_s2_12,val,Log-Mel CNN,0.142173171043396,0.2410693895071745
seg_000617,sample_00205,Soleares&beats - Malaventura,0,0.24101600050926208,cnn_revised_20260919T110440Z,cnn_s2_12,val,Log-Mel CNN,0.142173171043396,0.2410693895071745
seg_000633,sample_00211,Stockholm Syndrome / People Should Be More Aware - Bird Names,0,0.0002506946329958737,cnn_revised_20260919T110440Z,cnn_s2_12,val,Log-Mel CNN,0.142173171043396,0.2410693895071745
seg_000634,sample_00211,Stockholm Syndrome / People Should Be More Aware - Bird Names,0,0.002160404808819294,cnn_revised_20260919T110440Z,cnn_s2_12,val,Log-Mel CNN,0.142173171043396,0.2410693895071745
seg_000635,sample_00211,Stockholm Syndrome / People Should Be More Aware - Bird Names,0,0.000669903471134603,cnn_revised_20260919T110440Z,cnn_s2_12,val,Log-Mel CNN,0.142173171043396,0.2410693895071745
seg_000645,sample_00215,Sturgeon's Law - Nihilore,0,0.0016313546802848577,cnn_revised_20260919T110440Z,cnn_s2_12,val,Log-Mel CNN,0.142173171043396,0.2410693895071745
seg_000646,sample_00215,Sturgeon's Law - Nihilore,0,0.02454693801701069,cnn_revised_20260919T110440Z,cnn_s2_12,val,Log-Mel CNN,0.142173171043396,0.2410693895071745
seg_000647,sample_00215,Sturgeon's Law - Nihilore,0,0.05189872160553932,cnn_revised_20260919T110440Z,cnn_s2_12,val,Log-Mel CNN,0.142173171043396,0.2410693895071745
seg_000726,sample_00242,The Stairway - WarpToken,0,0.007900568656623363,cnn_revised_20260919T110440Z,cnn_s2_12,val,Log-Mel CNN,0.142173171043396,0.2410693895071745
seg_000727,sample_00242,The Stairway - WarpToken,0,0.15970544517040253,cnn_revised_20260919T110440Z,cnn_s2_12,val,Log-Mel CNN,0.142173171043396,0.2410693895071745
seg_000728,sample_00242,The Stairway - WarpToken,0,0.006590807810425758,cnn_revised_20260919T110440Z,cnn_s2_12,val,Log-Mel CNN,0.142173171043396,0.2410693895071745
seg_000729,sample_00243,The girl just faded - Los Llamarada,0,0.0246288999915123,cnn_revised_20260919T110440Z,cnn_s2_12,val,Log-Mel CNN,0.142173171043396,0.2410693895071745
seg_000730,sample_00243,The girl just faded - Los Llamarada,0,0.08203987777233124,cnn_revised_20260919T110440Z,cnn_s2_12,val,Log-Mel CNN,0.142173171043396,0.2410693895071745
seg_000731,sample_00243,The girl just faded - Los Llamarada,0,0.12328699976205826,cnn_revised_20260919T110440Z,cnn_s2_12,val,Log-Mel CNN,0.142173171043396,0.2410693895071745
seg_000735,sample_00245,Three Bird - My brother Daniel,0,0.0025980547070503235,cnn_revised_20260919T110440Z,cnn_s2_12,val,Log-Mel CNN,0.142173171043396,0.2410693895071745
seg_000736,sample_00245,Three Bird - My brother Daniel,0,0.0005863871774636209,cnn_revised_20260919T110440Z,cnn_s2_12,val,Log-Mel CNN,0.142173171043396,0.2410693895071745
seg_000737,sample_00245,Three Bird - My brother Daniel,0,0.011076421476900578,cnn_revised_20260919T110440Z,cnn_s2_12,val,Log-Mel CNN,0.142173171043396,0.2410693895071745
seg_000738,sample_00246,Time Is Love - Silence is full of birds,0,0.00019579898798838258,cnn_revised_20260919T110440Z,cnn_s2_12,val,Log-Mel CNN,0.142173171043396,0.2410693895071745
seg_000739,sample_00246,Time Is Love - Silence is full of birds,0,0.001864610007032752,cnn_revised_20260919T110440Z,cnn_s2_12,val,Log-Mel CNN,0.142173171043396,0.2410693895071745
seg_000740,sample_00246,Time Is Love - Silence is full of birds,0,0.0008094191434793174,cnn_revised_20260919T110440Z,cnn_s2_12,val,Log-Mel CNN,0.142173171043396,0.2410693895071745
seg_000744,sample_00248,Timen Passing By - Jason Shaw,0,0.03317814692854881,cnn_revised_20260919T110440Z,cnn_s2_12,val,Log-Mel CNN,0.142173171043396,0.2410693895071745
seg_000745,sample_00248,Timen Passing By - Jason Shaw,0,0.05931689217686653,cnn_revised_20260919T110440Z,cnn_s2_12,val,Log-Mel CNN,0.142173171043396,0.2410693895071745
seg_000746,sample_00248,Timen Passing By - Jason Shaw,0,0.15354329347610474,cnn_revised_20260919T110440Z,cnn_s2_12,val,Log-Mel CNN,0.142173171043396,0.2410693895071745
seg_000765,sample_00255,Understand That This Is A Dream - From the album Modulating Coil [RSVP008] - Forrest James,0,0.02078189328312874,cnn_revised_20260919T110440Z,cnn_s2_12,val,Log-Mel CNN,0.142173171043396,0.2410693895071745
seg_000766,sample_00255,Understand That This Is A Dream - From the album Modulating Coil [RSVP008] - Forrest James,0,0.01232616975903511,cnn_revised_20260919T110440Z,cnn_s2_12,val,Log-Mel CNN,0.142173171043396,0.2410693895071745
seg_000767,sample_00255,Understand That This Is A Dream - From the album Modulating Coil [RSVP008] - Forrest James,0,0.049532677978277206,cnn_revised_20260919T110440Z,cnn_s2_12,val,Log-Mel CNN,0.142173171043396,0.2410693895071745
seg_000783,sample_00261,Voxel - Andy G. Cohen,0,0.00018822246056515723,cnn_revised_20260919T110440Z,cnn_s2_12,val,Log-Mel CNN,0.142173171043396,0.2410693895071745
seg_000784,sample_00261,Voxel - Andy G. Cohen,0,0.0002687015221454203,cnn_revised_20260919T110440Z,cnn_s2_12,val,Log-Mel CNN,0.142173171043396,0.2410693895071745
seg_000785,sample_00261,Voxel - Andy G. Cohen,0,0.001532099675387144,cnn_revised_20260919T110440Z,cnn_s2_12,val,Log-Mel CNN,0.142173171043396,0.2410693895071745
seg_000801,sample_00267,Westside Chillers - Little Glass Men,0,0.019772954285144806,cnn_revised_20260919T110440Z,cnn_s2_12,val,Log-Mel CNN,0.142173171043396,0.2410693895071745
seg_000802,sample_00267,Westside Chillers - Little Glass Men,0,0.012385569512844086,cnn_revised_20260919T110440Z,cnn_s2_12,val,Log-Mel CNN,0.142173171043396,0.2410693895071745
seg_000803,sample_00267,Westside Chillers - Little Glass Men,0,0.00929584912955761,cnn_revised_20260919T110440Z,cnn_s2_12,val,Log-Mel CNN,0.142173171043396,0.2410693895071745
seg_000819,sample_00273,Windows of the Skull - Sarin,0,0.004148585256189108,cnn_revised_20260919T110440Z,cnn_s2_12,val,Log-Mel CNN,0.142173171043396,0.2410693895071745
seg_000820,sample_00273,Windows of the Skull - Sarin,0,0.00637006526812911,cnn_revised_20260919T110440Z,cnn_s2_12,val,Log-Mel CNN,0.142173171043396,0.2410693895071745
seg_000821,sample_00273,Windows of the Skull - Sarin,0,0.013360577635467052,cnn_revised_20260919T110440Z,cnn_s2_12,val,Log-Mel CNN,0.142173171043396,0.2410693895071745
seg_000858,sample_00286,mystery team 2090 - Jesse Futerman,0,0.07809852063655853,cnn_revised_20260919T110440Z,cnn_s2_12,val,Log-Mel CNN,0.142173171043396,0.2410693895071745
seg_000859,sample_00286,mystery team 2090 - Jesse Futerman,0,0.08928745985031128,cnn_revised_20260919T110440Z,cnn_s2_12,val,Log-Mel CNN,0.142173171043396,0.2410693895071745
seg_000860,sample_00286,mystery team 2090 - Jesse Futerman,0,0.05507966876029968,cnn_revised_20260919T110440Z,cnn_s2_12,val,Log-Mel CNN,0.142173171043396,0.2410693895071745
seg_000870,sample_00290,some dextromethorphan - Jeva,0,0.0018047257326543331,cnn_revised_20260919T110440Z,cnn_s2_12,val,Log-Mel CNN,0.142173171043396,0.2410693895071745
seg_000871,sample_00290,some dextromethorphan - Jeva,0,0.005701312329620123,cnn_revised_20260919T110440Z,cnn_s2_12,val,Log-Mel CNN,0.142173171043396,0.2410693895071745
seg_000872,sample_00290,some dextromethorphan - Jeva,0,0.0003228034474886954,cnn_revised_20260919T110440Z,cnn_s2_12,val,Log-Mel CNN,0.142173171043396,0.2410693895071745
seg_000876,sample_00292,В Наших Сердцах - Чокнутый Пропеллер,0,0.04651404917240143,cnn_revised_20260919T110440Z,cnn_s2_12,val,Log-Mel CNN,0.142173171043396,0.2410693895071745
seg_000877,sample_00292,В Наших Сердцах - Чокнутый Пропеллер,0,0.04572300240397453,cnn_revised_20260919T110440Z,cnn_s2_12,val,Log-Mel CNN,0.142173171043396,0.2410693895071745
seg_000878,sample_00292,В Наших Сердцах - Чокнутый Пропеллер,0,0.015698211267590523,cnn_revised_20260919T110440Z,cnn_s2_12,val,Log-Mel CNN,0.142173171043396,0.2410693895071745
seg_000885,sample_00295,Новый Нью-Йорк 2 - Чокнутый Пропеллер,0,0.0055372281931340694,cnn_revised_20260919T110440Z,cnn_s2_12,val,Log-Mel CNN,0.142173171043396,0.2410693895071745
seg_000886,sample_00295,Новый Нью-Йорк 2 - Чокнутый Пропеллер,0,0.011907254345715046,cnn_revised_20260919T110440Z,cnn_s2_12,val,Log-Mel CNN,0.142173171043396,0.2410693895071745
seg_000887,sample_00295,Новый Нью-Йорк 2 - Чокнутый Пропеллер,0,0.03480162099003792,cnn_revised_20260919T110440Z,cnn_s2_12,val,Log-Mel CNN,0.142173171043396,0.2410693895071745
seg_000897,sample_00299,2 (Wasn't There) - Isle of Pine,1,0.8608285188674927,cnn_revised_20260919T110440Z,cnn_s2_12,val,Log-Mel CNN,0.142173171043396,0.2410693895071745
seg_000898,sample_00299,2 (Wasn't There) - Isle of Pine,1,0.8978168368339539,cnn_revised_20260919T110440Z,cnn_s2_12,val,Log-Mel CNN,0.142173171043396,0.2410693895071745
seg_000899,sample_00299,2 (Wasn't There) - Isle of Pine,1,0.989573061466217,cnn_revised_20260919T110440Z,cnn_s2_12,val,Log-Mel CNN,0.142173171043396,0.2410693895071745
seg_000918,sample_00306,Agora - Malaventura,1,0.9920073747634888,cnn_revised_20260919T110440Z,cnn_s2_12,val,Log-Mel CNN,0.142173171043396,0.2410693895071745
seg_000919,sample_00306,Agora - Malaventura,1,0.9928597211837769,cnn_revised_20260919T110440Z,cnn_s2_12,val,Log-Mel CNN,0.142173171043396,0.2410693895071745
seg_000920,sample_00306,Agora - Malaventura,1,0.9986114501953125,cnn_revised_20260919T110440Z,cnn_s2_12,val,Log-Mel CNN,0.142173171043396,0.2410693895071745
seg_000969,sample_00323,Beyond Luxury - Mors Ontologica,1,0.8590746521949768,cnn_revised_20260919T110440Z,cnn_s2_12,val,Log-Mel CNN,0.142173171043396,0.2410693895071745
seg_000970,sample_00323,Beyond Luxury - Mors Ontologica,1,0.9784166812896729,cnn_revised_20260919T110440Z,cnn_s2_12,val,Log-Mel CNN,0.142173171043396,0.2410693895071745
seg_000971,sample_00323,Beyond Luxury - Mors Ontologica,1,0.9957780838012695,cnn_revised_20260919T110440Z,cnn_s2_12,val,Log-Mel CNN,0.142173171043396,0.2410693895071745
seg_001014,sample_00338,CopperNickle - UncleBibby,1,0.6569135189056396,cnn_revised_20260919T110440Z,cnn_s2_12,val,Log-Mel CNN,0.142173171043396,0.2410693895071745
seg_001015,sample_00338,CopperNickle - UncleBibby,1,0.8494450449943542,cnn_revised_20260919T110440Z,cnn_s2_12,val,Log-Mel CNN,0.142173171043396,0.2410693895071745
seg_001016,sample_00338,CopperNickle - UncleBibby,1,0.43811559677124023,cnn_revised_20260919T110440Z,cnn_s2_12,val,Log-Mel CNN,0.142173171043396,0.2410693895071745
seg_001029,sample_00343,Daylight Savings - My brother Daniel,1,0.9502402544021606,cnn_revised_20260919T110440Z,cnn_s2_12,val,Log-Mel CNN,0.142173171043396,0.2410693895071745
seg_001030,sample_00343,Daylight Savings - My brother Daniel,1,0.7879506945610046,cnn_revised_20260919T110440Z,cnn_s2_12,val,Log-Mel CNN,0.142173171043396,0.2410693895071745
seg_001031,sample_00343,Daylight Savings - My brother Daniel,1,0.9990237951278687,cnn_revised_20260919T110440Z,cnn_s2_12,val,Log-Mel CNN,0.142173171043396,0.2410693895071745
seg_001065,sample_00355,Empty Pockets - Pete Prodoehl,1,0.9969943761825562,cnn_revised_20260919T110440Z,cnn_s2_12,val,Log-Mel CNN,0.142173171043396,0.2410693895071745
seg_001066,sample_00355,Empty Pockets - Pete Prodoehl,1,0.9986777901649475,cnn_revised_20260919T110440Z,cnn_s2_12,val,Log-Mel CNN,0.142173171043396,0.2410693895071745
seg_001067,sample_00355,Empty Pockets - Pete Prodoehl,1,0.9950008988380432,cnn_revised_20260919T110440Z,cnn_s2_12,val,Log-Mel CNN,0.142173171043396,0.2410693895071745
seg_001083,sample_00361,Evil Cannot Create - Caleb Lemond,1,0.9844589233398438,cnn_revised_20260919T110440Z,cnn_s2_12,val,Log-Mel CNN,0.142173171043396,0.2410693895071745
seg_001084,sample_00361,Evil Cannot Create - Caleb Lemond,1,0.9969724416732788,cnn_revised_20260919T110440Z,cnn_s2_12,val,Log-Mel CNN,0.142173171043396,0.2410693895071745
seg_001085,sample_00361,Evil Cannot Create - Caleb Lemond,1,0.9985830783843994,cnn_revised_20260919T110440Z,cnn_s2_12,val,Log-Mel CNN,0.142173171043396,0.2410693895071745
seg_001089,sample_00363,Fear - Los Fancy Free,1,0.5715408325195312,cnn_revised_20260919T110440Z,cnn_s2_12,val,Log-Mel CNN,0.142173171043396,0.2410693895071745
seg_001090,sample_00363,Fear - Los Fancy Free,1,0.8976768851280212,cnn_revised_20260919T110440Z,cnn_s2_12,val,Log-Mel CNN,0.142173171043396,0.2410693895071745
seg_001091,sample_00363,Fear - Los Fancy Free,1,0.9909274578094482,cnn_revised_20260919T110440Z,cnn_s2_12,val,Log-Mel CNN,0.142173171043396,0.2410693895071745
seg_001092,sample_00364,Fifth Ramble - From the album Keith [RSVP007] - My brother Daniel,1,0.5717470049858093,cnn_revised_20260919T110440Z,cnn_s2_12,val,Log-Mel CNN,0.142173171043396,0.2410693895071745
seg_001093,sample_00364,Fifth Ramble - From the album Keith [RSVP007] - My brother Daniel,1,0.9815723896026611,cnn_revised_20260919T110440Z,cnn_s2_12,val,Log-Mel CNN,0.142173171043396,0.2410693895071745
seg_001094,sample_00364,Fifth Ramble - From the album Keith [RSVP007] - My brother Daniel,1,0.9965388774871826,cnn_revised_20260919T110440Z,cnn_s2_12,val,Log-Mel CNN,0.142173171043396,0.2410693895071745
seg_001128,sample_00376,Gila Monster Flop/Music History Lesson:The Sonics - The Crypts!,1,0.8660892844200134,cnn_revised_20260919T110440Z,cnn_s2_12,val,Log-Mel CNN,0.142173171043396,0.2410693895071745
seg_001129,sample_00376,Gila Monster Flop/Music History Lesson:The Sonics - The Crypts!,1,0.6421192288398743,cnn_revised_20260919T110440Z,cnn_s2_12,val,Log-Mel CNN,0.142173171043396,0.2410693895071745
seg_001130,sample_00376,Gila Monster Flop/Music History Lesson:The Sonics - The Crypts!,1,0.4992080330848694,cnn_revised_20260919T110440Z,cnn_s2_12,val,Log-Mel CNN,0.142173171043396,0.2410693895071745
seg_001161,sample_00387,If You're Ther - Nicola Ratti,1,0.8873876929283142,cnn_revised_20260919T110440Z,cnn_s2_12,val,Log-Mel CNN,0.142173171043396,0.2410693895071745
seg_001162,sample_00387,If You're Ther - Nicola Ratti,1,0.9846755862236023,cnn_revised_20260919T110440Z,cnn_s2_12,val,Log-Mel CNN,0.142173171043396,0.2410693895071745
seg_001163,sample_00387,If You're Ther - Nicola Ratti,1,0.99261873960495,cnn_revised_20260919T110440Z,cnn_s2_12,val,Log-Mel CNN,0.142173171043396,0.2410693895071745
seg_001191,sample_00397,I Fell - Mod Fun,1,0.997622549533844,cnn_revised_20260919T110440Z,cnn_s2_12,val,Log-Mel CNN,0.142173171043396,0.2410693895071745
seg_001192,sample_00397,I Fell - Mod Fun,1,0.9991101622581482,cnn_revised_20260919T110440Z,cnn_s2_12,val,Log-Mel CNN,0.142173171043396,0.2410693895071745
seg_001193,sample_00397,I Fell - Mod Fun,1,0.9987412095069885,cnn_revised_20260919T110440Z,cnn_s2_12,val,Log-Mel CNN,0.142173171043396,0.2410693895071745
seg_001239,sample_00413,Kumorizoranohajimarutokoro - Hosomi,1,0.9960850477218628,cnn_revised_20260919T110440Z,cnn_s2_12,val,Log-Mel CNN,0.142173171043396,0.2410693895071745
seg_001240,sample_00413,Kumorizoranohajimarutokoro - Hosomi,1,0.9517284631729126,cnn_revised_20260919T110440Z,cnn_s2_12,val,Log-Mel CNN,0.142173171043396,0.2410693895071745
seg_001241,sample_00413,Kumorizoranohajimarutokoro - Hosomi,1,0.9295916557312012,cnn_revised_20260919T110440Z,cnn_s2_12,val,Log-Mel CNN,0.142173171043396,0.2410693895071745
seg_001275,sample_00425,Lights Up - Pipe Choir,1,0.7921732664108276,cnn_revised_20260919T110440Z,cnn_s2_12,val,Log-Mel CNN,0.142173171043396,0.2410693895071745
seg_001276,sample_00425,Lights Up - Pipe Choir,1,0.026804989203810692,cnn_revised_20260919T110440Z,cnn_s2_12,val,Log-Mel CNN,0.142173171043396,0.2410693895071745
seg_001277,sample_00425,Lights Up - Pipe Choir,1,0.8345135450363159,cnn_revised_20260919T110440Z,cnn_s2_12,val,Log-Mel CNN,0.142173171043396,0.2410693895071745
seg_001293,sample_00431,Loved Ones - Rowan Box,1,0.9995829463005066,cnn_revised_20260919T110440Z,cnn_s2_12,val,Log-Mel CNN,0.142173171043396,0.2410693895071745
seg_001294,sample_00431,Loved Ones - Rowan Box,1,0.9996705055236816,cnn_revised_20260919T110440Z,cnn_s2_12,val,Log-Mel CNN,0.142173171043396,0.2410693895071745
seg_001295,sample_00431,Loved Ones - Rowan Box,1,0.9998419284820557,cnn_revised_20260919T110440Z,cnn_s2_12,val,Log-Mel CNN,0.142173171043396,0.2410693895071745
seg_001305,sample_00435,March of the GPA Mechanics - [t]ghost,1,0.981360673904419,cnn_revised_20260919T110440Z,cnn_s2_12,val,Log-Mel CNN,0.142173171043396,0.2410693895071745
seg_001306,sample_00435,March of the GPA Mechanics - [t]ghost,1,0.5596327781677246,cnn_revised_20260919T110440Z,cnn_s2_12,val,Log-Mel CNN,0.142173171043396,0.2410693895071745
seg_001307,sample_00435,March of the GPA Mechanics - [t]ghost,1,0.9832698106765747,cnn_revised_20260919T110440Z,cnn_s2_12,val,Log-Mel CNN,0.142173171043396,0.2410693895071745
seg_001326,sample_00442,Morning Bell - Nihilore,1,0.9491255283355713,cnn_revised_20260919T110440Z,cnn_s2_12,val,Log-Mel CNN,0.142173171043396,0.2410693895071745
seg_001327,sample_00442,Morning Bell - Nihilore,1,0.158127561211586,cnn_revised_20260919T110440Z,cnn_s2_12,val,Log-Mel CNN,0.142173171043396,0.2410693895071745
seg_001328,sample_00442,Morning Bell - Nihilore,1,0.9552867412567139,cnn_revised_20260919T110440Z,cnn_s2_12,val,Log-Mel CNN,0.142173171043396,0.2410693895071745
seg_001341,sample_00447,mystery team 2090 - Jesse Futerman,1,0.5863039493560791,cnn_revised_20260919T110440Z,cnn_s2_12,val,Log-Mel CNN,0.142173171043396,0.2410693895071745
seg_001342,sample_00447,mystery team 2090 - Jesse Futerman,1,0.9330706000328064,cnn_revised_20260919T110440Z,cnn_s2_12,val,Log-Mel CNN,0.142173171043396,0.2410693895071745
seg_001343,sample_00447,mystery team 2090 - Jesse Futerman,1,0.9863513112068176,cnn_revised_20260919T110440Z,cnn_s2_12,val,Log-Mel CNN,0.142173171043396,0.2410693895071745
seg_001344,sample_00448,My Body Is A Weapon (Compromise Edit) - Silence is full of birds,1,0.9990735054016113,cnn_revised_20260919T110440Z,cnn_s2_12,val,Log-Mel CNN,0.142173171043396,0.2410693895071745
seg_001345,sample_00448,My Body Is A Weapon (Compromise Edit) - Silence is full of birds,1,0.9662368893623352,cnn_revised_20260919T110440Z,cnn_s2_12,val,Log-Mel CNN,0.142173171043396,0.2410693895071745
seg_001346,sample_00448,My Body Is A Weapon (Compromise Edit) - Silence is full of birds,1,0.9978442192077637,cnn_revised_20260919T110440Z,cnn_s2_12,val,Log-Mel CNN,0.142173171043396,0.2410693895071745
seg_001356,sample_00452,New Life (take 1) - Bird Names,1,0.998918890953064,cnn_revised_20260919T110440Z,cnn_s2_12,val,Log-Mel CNN,0.142173171043396,0.2410693895071745
seg_001357,sample_00452,New Life (take 1) - Bird Names,1,0.9963546991348267,cnn_revised_20260919T110440Z,cnn_s2_12,val,Log-Mel CNN,0.142173171043396,0.2410693895071745
seg_001358,sample_00452,New Life (take 1) - Bird Names,1,0.9877699017524719,cnn_revised_20260919T110440Z,cnn_s2_12,val,Log-Mel CNN,0.142173171043396,0.2410693895071745
seg_001362,sample_00454,Night Drive - Decktonic,1,0.9999045133590698,cnn_revised_20260919T110440Z,cnn_s2_12,val,Log-Mel CNN,0.142173171043396,0.2410693895071745
seg_001363,sample_00454,Night Drive - Decktonic,1,0.9999473094940186,cnn_revised_20260919T110440Z,cnn_s2_12,val,Log-Mel CNN,0.142173171043396,0.2410693895071745
seg_001364,sample_00454,Night Drive - Decktonic,1,0.9998260140419006,cnn_revised_20260919T110440Z,cnn_s2_12,val,Log-Mel CNN,0.142173171043396,0.2410693895071745
seg_001371,sample_00457,Norweigian Wood II - Bird Names,1,0.885490357875824,cnn_revised_20260919T110440Z,cnn_s2_12,val,Log-Mel CNN,0.142173171043396,0.2410693895071745
seg_001372,sample_00457,Norweigian Wood II - Bird Names,1,0.8440559506416321,cnn_revised_20260919T110440Z,cnn_s2_12,val,Log-Mel CNN,0.142173171043396,0.2410693895071745
seg_001373,sample_00457,Norweigian Wood II - Bird Names,1,0.9955922961235046,cnn_revised_20260919T110440Z,cnn_s2_12,val,Log-Mel CNN,0.142173171043396,0.2410693895071745
seg_001383,sample_00461,Nuo Maisemat - Paavoharju,1,0.9973387122154236,cnn_revised_20260919T110440Z,cnn_s2_12,val,Log-Mel CNN,0.142173171043396,0.2410693895071745
seg_001384,sample_00461,Nuo Maisemat - Paavoharju,1,0.997467041015625,cnn_revised_20260919T110440Z,cnn_s2_12,val,Log-Mel CNN,0.142173171043396,0.2410693895071745
seg_001385,sample_00461,Nuo Maisemat - Paavoharju,1,0.99903404712677,cnn_revised_20260919T110440Z,cnn_s2_12,val,Log-Mel CNN,0.142173171043396,0.2410693895071745
seg_001446,sample_00482,Redlight - Room For A Ghost,1,0.8801010251045227,cnn_revised_20260919T110440Z,cnn_s2_12,val,Log-Mel CNN,0.142173171043396,0.2410693895071745
seg_001447,sample_00482,Redlight - Room For A Ghost,1,0.204655259847641,cnn_revised_20260919T110440Z,cnn_s2_12,val,Log-Mel CNN,0.142173171043396,0.2410693895071745
seg_001448,sample_00482,Redlight - Room For A Ghost,1,0.5452709794044495,cnn_revised_20260919T110440Z,cnn_s2_12,val,Log-Mel CNN,0.142173171043396,0.2410693895071745
seg_001464,sample_00488,Roller Star - Monroeville Music Center,1,0.9875435829162598,cnn_revised_20260919T110440Z,cnn_s2_12,val,Log-Mel CNN,0.142173171043396,0.2410693895071745
seg_001465,sample_00488,Roller Star - Monroeville Music Center,1,0.9999982118606567,cnn_revised_20260919T110440Z,cnn_s2_12,val,Log-Mel CNN,0.142173171043396,0.2410693895071745
seg_001466,sample_00488,Roller Star - Monroeville Music Center,1,0.9999576807022095,cnn_revised_20260919T110440Z,cnn_s2_12,val,Log-Mel CNN,0.142173171043396,0.2410693895071745
seg_001470,sample_00490,"Roundtrip - Oh Yeah, the Future",1,0.9913422465324402,cnn_revised_20260919T110440Z,cnn_s2_12,val,Log-Mel CNN,0.142173171043396,0.2410693895071745
seg_001471,sample_00490,"Roundtrip - Oh Yeah, the Future",1,0.9697994589805603,cnn_revised_20260919T110440Z,cnn_s2_12,val,Log-Mel CNN,0.142173171043396,0.2410693895071745
seg_001472,sample_00490,"Roundtrip - Oh Yeah, the Future",1,0.9998788833618164,cnn_revised_20260919T110440Z,cnn_s2_12,val,Log-Mel CNN,0.142173171043396,0.2410693895071745
seg_001482,sample_00494,Scramby Eggs - Andy G. Cohen,1,0.6854273676872253,cnn_revised_20260919T110440Z,cnn_s2_12,val,Log-Mel CNN,0.142173171043396,0.2410693895071745
seg_001483,sample_00494,Scramby Eggs - Andy G. Cohen,1,0.9905247092247009,cnn_revised_20260919T110440Z,cnn_s2_12,val,Log-Mel CNN,0.142173171043396,0.2410693895071745
seg_001484,sample_00494,Scramby Eggs - Andy G. Cohen,1,0.9943814873695374,cnn_revised_20260919T110440Z,cnn_s2_12,val,Log-Mel CNN,0.142173171043396,0.2410693895071745
seg_001485,sample_00495,SD (Ill Mix) - H-LR,1,0.8087496161460876,cnn_revised_20260919T110440Z,cnn_s2_12,val,Log-Mel CNN,0.142173171043396,0.2410693895071745
seg_001486,sample_00495,SD (Ill Mix) - H-LR,1,0.9601448774337769,cnn_revised_20260919T110440Z,cnn_s2_12,val,Log-Mel CNN,0.142173171043396,0.2410693895071745
seg_001487,sample_00495,SD (Ill Mix) - H-LR,1,0.9992510676383972,cnn_revised_20260919T110440Z,cnn_s2_12,val,Log-Mel CNN,0.142173171043396,0.2410693895071745
seg_001509,sample_00503,Shipwrecked Crew - Pete Prodoehl,1,0.7201398611068726,cnn_revised_20260919T110440Z,cnn_s2_12,val,Log-Mel CNN,0.142173171043396,0.2410693895071745
seg_001510,sample_00503,Shipwrecked Crew - Pete Prodoehl,1,0.4919227361679077,cnn_revised_20260919T110440Z,cnn_s2_12,val,Log-Mel CNN,0.142173171043396,0.2410693895071745
seg_001511,sample_00503,Shipwrecked Crew - Pete Prodoehl,1,0.9768263697624207,cnn_revised_20260919T110440Z,cnn_s2_12,val,Log-Mel CNN,0.142173171043396,0.2410693895071745
seg_001527,sample_00509,Soleares&beats - Malaventura,1,0.25486958026885986,cnn_revised_20260919T110440Z,cnn_s2_12,val,Log-Mel CNN,0.142173171043396,0.2410693895071745
seg_001528,sample_00509,Soleares&beats - Malaventura,1,0.9832443594932556,cnn_revised_20260919T110440Z,cnn_s2_12,val,Log-Mel CNN,0.142173171043396,0.2410693895071745
seg_001529,sample_00509,Soleares&beats - Malaventura,1,0.9864495396614075,cnn_revised_20260919T110440Z,cnn_s2_12,val,Log-Mel CNN,0.142173171043396,0.2410693895071745
seg_001533,sample_00511,some dextromethorphan - Jeva,1,0.9999041557312012,cnn_revised_20260919T110440Z,cnn_s2_12,val,Log-Mel CNN,0.142173171043396,0.2410693895071745
seg_001534,sample_00511,some dextromethorphan - Jeva,1,0.9999967813491821,cnn_revised_20260919T110440Z,cnn_s2_12,val,Log-Mel CNN,0.142173171043396,0.2410693895071745
seg_001535,sample_00511,some dextromethorphan - Jeva,1,0.9974990487098694,cnn_revised_20260919T110440Z,cnn_s2_12,val,Log-Mel CNN,0.142173171043396,0.2410693895071745
seg_001548,sample_00516,Stockholm Syndrome / People Should Be More Aware - Bird Names,1,0.5141080617904663,cnn_revised_20260919T110440Z,cnn_s2_12,val,Log-Mel CNN,0.142173171043396,0.2410693895071745
seg_001549,sample_00516,Stockholm Syndrome / People Should Be More Aware - Bird Names,1,0.8228366374969482,cnn_revised_20260919T110440Z,cnn_s2_12,val,Log-Mel CNN,0.142173171043396,0.2410693895071745
seg_001550,sample_00516,Stockholm Syndrome / People Should Be More Aware - Bird Names,1,0.9983823299407959,cnn_revised_20260919T110440Z,cnn_s2_12,val,Log-Mel CNN,0.142173171043396,0.2410693895071745
seg_001560,sample_00520,Sturgeon's Law - Nihilore,1,0.8191028833389282,cnn_revised_20260919T110440Z,cnn_s2_12,val,Log-Mel CNN,0.142173171043396,0.2410693895071745
seg_001561,sample_00520,Sturgeon's Law - Nihilore,1,0.9847006797790527,cnn_revised_20260919T110440Z,cnn_s2_12,val,Log-Mel CNN,0.142173171043396,0.2410693895071745
seg_001562,sample_00520,Sturgeon's Law - Nihilore,1,0.999685525894165,cnn_revised_20260919T110440Z,cnn_s2_12,val,Log-Mel CNN,0.142173171043396,0.2410693895071745
seg_001617,sample_00539,The girl just faded - Los Llamarada,1,0.971447229385376,cnn_revised_20260919T110440Z,cnn_s2_12,val,Log-Mel CNN,0.142173171043396,0.2410693895071745
seg_001618,sample_00539,The girl just faded - Los Llamarada,1,0.6785464882850647,cnn_revised_20260919T110440Z,cnn_s2_12,val,Log-Mel CNN,0.142173171043396,0.2410693895071745
seg_001619,sample_00539,The girl just faded - Los Llamarada,1,0.9957007765769958,cnn_revised_20260919T110440Z,cnn_s2_12,val,Log-Mel CNN,0.142173171043396,0.2410693895071745
seg_001644,sample_00548,The Stairway - WarpToken,1,0.9982345104217529,cnn_revised_20260919T110440Z,cnn_s2_12,val,Log-Mel CNN,0.142173171043396,0.2410693895071745
seg_001645,sample_00548,The Stairway - WarpToken,1,0.9940407872200012,cnn_revised_20260919T110440Z,cnn_s2_12,val,Log-Mel CNN,0.142173171043396,0.2410693895071745
seg_001646,sample_00548,The Stairway - WarpToken,1,0.999834418296814,cnn_revised_20260919T110440Z,cnn_s2_12,val,Log-Mel CNN,0.142173171043396,0.2410693895071745
seg_001647,sample_00549,Three Bird - My brother Daniel,1,0.6427175402641296,cnn_revised_20260919T110440Z,cnn_s2_12,val,Log-Mel CNN,0.142173171043396,0.2410693895071745
seg_001648,sample_00549,Three Bird - My brother Daniel,1,0.4361630976200104,cnn_revised_20260919T110440Z,cnn_s2_12,val,Log-Mel CNN,0.142173171043396,0.2410693895071745
seg_001649,sample_00549,Three Bird - My brother Daniel,1,0.8607804179191589,cnn_revised_20260919T110440Z,cnn_s2_12,val,Log-Mel CNN,0.142173171043396,0.2410693895071745
seg_001650,sample_00550,Timen Passing By - Jason Shaw,1,0.9994165897369385,cnn_revised_20260919T110440Z,cnn_s2_12,val,Log-Mel CNN,0.142173171043396,0.2410693895071745
seg_001651,sample_00550,Timen Passing By - Jason Shaw,1,0.9991328120231628,cnn_revised_20260919T110440Z,cnn_s2_12,val,Log-Mel CNN,0.142173171043396,0.2410693895071745
seg_001652,sample_00550,Timen Passing By - Jason Shaw,1,0.9999829530715942,cnn_revised_20260919T110440Z,cnn_s2_12,val,Log-Mel CNN,0.142173171043396,0.2410693895071745
seg_001653,sample_00551,Time Is Love - Silence is full of birds,1,0.7780680060386658,cnn_revised_20260919T110440Z,cnn_s2_12,val,Log-Mel CNN,0.142173171043396,0.2410693895071745
seg_001654,sample_00551,Time Is Love - Silence is full of birds,1,0.9852077960968018,cnn_revised_20260919T110440Z,cnn_s2_12,val,Log-Mel CNN,0.142173171043396,0.2410693895071745
seg_001655,sample_00551,Time Is Love - Silence is full of birds,1,0.9957709908485413,cnn_revised_20260919T110440Z,cnn_s2_12,val,Log-Mel CNN,0.142173171043396,0.2410693895071745
seg_001680,sample_00560,Understand That This Is A Dream - From the album Modulating Coil [RSVP008] - Forrest James,1,0.9777750372886658,cnn_revised_20260919T110440Z,cnn_s2_12,val,Log-Mel CNN,0.142173171043396,0.2410693895071745
seg_001681,sample_00560,Understand That This Is A Dream - From the album Modulating Coil [RSVP008] - Forrest James,1,0.9962334036827087,cnn_revised_20260919T110440Z,cnn_s2_12,val,Log-Mel CNN,0.142173171043396,0.2410693895071745
seg_001682,sample_00560,Understand That This Is A Dream - From the album Modulating Coil [RSVP008] - Forrest James,1,0.9984434247016907,cnn_revised_20260919T110440Z,cnn_s2_12,val,Log-Mel CNN,0.142173171043396,0.2410693895071745
seg_001695,sample_00565,Voxel - Andy G. Cohen,1,0.8316410779953003,cnn_revised_20260919T110440Z,cnn_s2_12,val,Log-Mel CNN,0.142173171043396,0.2410693895071745
seg_001696,sample_00565,Voxel - Andy G. Cohen,1,0.975498616695404,cnn_revised_20260919T110440Z,cnn_s2_12,val,Log-Mel CNN,0.142173171043396,0.2410693895071745
seg_001697,sample_00565,Voxel - Andy G. Cohen,1,0.8328436613082886,cnn_revised_20260919T110440Z,cnn_s2_12,val,Log-Mel CNN,0.142173171043396,0.2410693895071745
seg_001701,sample_00567,Westside Chillers - Little Glass Men,1,0.9952746629714966,cnn_revised_20260919T110440Z,cnn_s2_12,val,Log-Mel CNN,0.142173171043396,0.2410693895071745
seg_001702,sample_00567,Westside Chillers - Little Glass Men,1,0.7575362920761108,cnn_revised_20260919T110440Z,cnn_s2_12,val,Log-Mel CNN,0.142173171043396,0.2410693895071745
seg_001703,sample_00567,Westside Chillers - Little Glass Men,1,0.9113755822181702,cnn_revised_20260919T110440Z,cnn_s2_12,val,Log-Mel CNN,0.142173171043396,0.2410693895071745
seg_001758,sample_00586,В Наших Сердцах - Чокнутый Пропеллер,1,0.04820344224572182,cnn_revised_20260919T110440Z,cnn_s2_12,val,Log-Mel CNN,0.142173171043396,0.2410693895071745
seg_001759,sample_00586,В Наших Сердцах - Чокнутый Пропеллер,1,0.4406765103340149,cnn_revised_20260919T110440Z,cnn_s2_12,val,Log-Mel CNN,0.142173171043396,0.2410693895071745
seg_001760,sample_00586,В Наших Сердцах - Чокнутый Пропеллер,1,0.08127754926681519,cnn_revised_20260919T110440Z,cnn_s2_12,val,Log-Mel CNN,0.142173171043396,0.2410693895071745
seg_001767,sample_00589,Новый Нью-Йорк 2 - Чокнутый Пропеллер,1,0.8928839564323425,cnn_revised_20260919T110440Z,cnn_s2_12,val,Log-Mel CNN,0.142173171043396,0.2410693895071745
seg_001768,sample_00589,Новый Нью-Йорк 2 - Чокнутый Пропеллер,1,0.9503227472305298,cnn_revised_20260919T110440Z,cnn_s2_12,val,Log-Mel CNN,0.142173171043396,0.2410693895071745
seg_001769,sample_00589,Новый Нью-Йорк 2 - Чокнутый Пропеллер,1,0.9991039633750916,cnn_revised_20260919T110440Z,cnn_s2_12,val,Log-Mel CNN,0.142173171043396,0.2410693895071745
seg_001785,sample_00595,Daylight Savings - My brother Daniel,1,0.9999645948410034,cnn_revised_20260919T110440Z,cnn_s2_12,val,Log-Mel CNN,0.142173171043396,0.2410693895071745
seg_001786,sample_00595,Daylight Savings - My brother Daniel,1,0.9999948740005493,cnn_revised_20260919T110440Z,cnn_s2_12,val,Log-Mel CNN,0.142173171043396,0.2410693895071745
seg_001787,sample_00595,Daylight Savings - My brother Daniel,1,0.9997624754905701,cnn_revised_20260919T110440Z,cnn_s2_12,val,Log-Mel CNN,0.142173171043396,0.2410693895071745
seg_001788,sample_00596,Three Bird - My brother Daniel,1,0.9971754550933838,cnn_revised_20260919T110440Z,cnn_s2_12,val,Log-Mel CNN,0.142173171043396,0.2410693895071745
seg_001789,sample_00596,Three Bird - My brother Daniel,1,0.9944540858268738,cnn_revised_20260919T110440Z,cnn_s2_12,val,Log-Mel CNN,0.142173171043396,0.2410693895071745
seg_001790,sample_00596,Three Bird - My brother Daniel,1,0.9995962977409363,cnn_revised_20260919T110440Z,cnn_s2_12,val,Log-Mel CNN,0.142173171043396,0.2410693895071745
seg_001827,sample_00609,Timen Passing By - Jason Shaw,1,0.9943796992301941,cnn_revised_20260919T110440Z,cnn_s2_12,val,Log-Mel CNN,0.142173171043396,0.2410693895071745
seg_001828,sample_00609,Timen Passing By - Jason Shaw,1,0.9995865225791931,cnn_revised_20260919T110440Z,cnn_s2_12,val,Log-Mel CNN,0.142173171043396,0.2410693895071745
seg_001829,sample_00609,Timen Passing By - Jason Shaw,1,0.9997970461845398,cnn_revised_20260919T110440Z,cnn_s2_12,val,Log-Mel CNN,0.142173171043396,0.2410693895071745
seg_001830,sample_00610,Night Drive - Decktonic,1,0.9959648847579956,cnn_revised_20260919T110440Z,cnn_s2_12,val,Log-Mel CNN,0.142173171043396,0.2410693895071745
seg_001831,sample_00610,Night Drive - Decktonic,1,0.9975842237472534,cnn_revised_20260919T110440Z,cnn_s2_12,val,Log-Mel CNN,0.142173171043396,0.2410693895071745
seg_001832,sample_00610,Night Drive - Decktonic,1,0.9945082068443298,cnn_revised_20260919T110440Z,cnn_s2_12,val,Log-Mel CNN,0.142173171043396,0.2410693895071745
seg_001845,sample_00615,Sturgeon's Law - Nihilore,1,0.8219635486602783,cnn_revised_20260919T110440Z,cnn_s2_12,val,Log-Mel CNN,0.142173171043396,0.2410693895071745
seg_001846,sample_00615,Sturgeon's Law - Nihilore,1,0.8196483850479126,cnn_revised_20260919T110440Z,cnn_s2_12,val,Log-Mel CNN,0.142173171043396,0.2410693895071745
seg_001847,sample_00615,Sturgeon's Law - Nihilore,1,0.9840047359466553,cnn_revised_20260919T110440Z,cnn_s2_12,val,Log-Mel CNN,0.142173171043396,0.2410693895071745
seg_001851,sample_00617,mystery team 2090 - Jesse Futerman,1,0.9957327246665955,cnn_revised_20260919T110440Z,cnn_s2_12,val,Log-Mel CNN,0.142173171043396,0.2410693895071745
seg_001852,sample_00617,mystery team 2090 - Jesse Futerman,1,0.993843674659729,cnn_revised_20260919T110440Z,cnn_s2_12,val,Log-Mel CNN,0.142173171043396,0.2410693895071745
seg_001853,sample_00617,mystery team 2090 - Jesse Futerman,1,0.9981561303138733,cnn_revised_20260919T110440Z,cnn_s2_12,val,Log-Mel CNN,0.142173171043396,0.2410693895071745
seg_001875,sample_00625,Loved Ones - Rowan Box,1,0.8800347447395325,cnn_revised_20260919T110440Z,cnn_s2_12,val,Log-Mel CNN,0.142173171043396,0.2410693895071745
seg_001876,sample_00625,Loved Ones - Rowan Box,1,0.8505070209503174,cnn_revised_20260919T110440Z,cnn_s2_12,val,Log-Mel CNN,0.142173171043396,0.2410693895071745
seg_001877,sample_00625,Loved Ones - Rowan Box,1,0.9193100929260254,cnn_revised_20260919T110440Z,cnn_s2_12,val,Log-Mel CNN,0.142173171043396,0.2410693895071745
seg_001917,sample_00639,CopperNickle - UncleBibby,1,0.9991294741630554,cnn_revised_20260919T110440Z,cnn_s2_12,val,Log-Mel CNN,0.142173171043396,0.2410693895071745
seg_001918,sample_00639,CopperNickle - UncleBibby,1,0.9989590644836426,cnn_revised_20260919T110440Z,cnn_s2_12,val,Log-Mel CNN,0.142173171043396,0.2410693895071745
seg_001919,sample_00639,CopperNickle - UncleBibby,1,0.9989398121833801,cnn_revised_20260919T110440Z,cnn_s2_12,val,Log-Mel CNN,0.142173171043396,0.2410693895071745
seg_001953,sample_00651,Nuo Maisemat - Paavoharju,1,0.9978572726249695,cnn_revised_20260919T110440Z,cnn_s2_12,val,Log-Mel CNN,0.142173171043396,0.2410693895071745
seg_001954,sample_00651,Nuo Maisemat - Paavoharju,1,0.9971739053726196,cnn_revised_20260919T110440Z,cnn_s2_12,val,Log-Mel CNN,0.142173171043396,0.2410693895071745
seg_001955,sample_00651,Nuo Maisemat - Paavoharju,1,0.9964847564697266,cnn_revised_20260919T110440Z,cnn_s2_12,val,Log-Mel CNN,0.142173171043396,0.2410693895071745
seg_001986,sample_00662,SD (Ill Mix) - H-LR,1,0.9997428059577942,cnn_revised_20260919T110440Z,cnn_s2_12,val,Log-Mel CNN,0.142173171043396,0.2410693895071745
seg_001987,sample_00662,SD (Ill Mix) - H-LR,1,0.9998206496238708,cnn_revised_20260919T110440Z,cnn_s2_12,val,Log-Mel CNN,0.142173171043396,0.2410693895071745
seg_001988,sample_00662,SD (Ill Mix) - H-LR,1,0.9997426867485046,cnn_revised_20260919T110440Z,cnn_s2_12,val,Log-Mel CNN,0.142173171043396,0.2410693895071745
seg_001998,sample_00666,Kumorizoranohajimarutokoro - Hosomi,1,0.9846183657646179,cnn_revised_20260919T110440Z,cnn_s2_12,val,Log-Mel CNN,0.142173171043396,0.2410693895071745
seg_001999,sample_00666,Kumorizoranohajimarutokoro - Hosomi,1,0.995630145072937,cnn_revised_20260919T110440Z,cnn_s2_12,val,Log-Mel CNN,0.142173171043396,0.2410693895071745
seg_002000,sample_00666,Kumorizoranohajimarutokoro - Hosomi,1,0.9943806529045105,cnn_revised_20260919T110440Z,cnn_s2_12,val,Log-Mel CNN,0.142173171043396,0.2410693895071745
seg_002019,sample_00673,some dextromethorphan - Jeva,1,0.999516487121582,cnn_revised_20260919T110440Z,cnn_s2_12,val,Log-Mel CNN,0.142173171043396,0.2410693895071745
seg_002020,sample_00673,some dextromethorphan - Jeva,1,0.9988436698913574,cnn_revised_20260919T110440Z,cnn_s2_12,val,Log-Mel CNN,0.142173171043396,0.2410693895071745
seg_002021,sample_00673,some dextromethorphan - Jeva,1,0.9987467527389526,cnn_revised_20260919T110440Z,cnn_s2_12,val,Log-Mel CNN,0.142173171043396,0.2410693895071745
seg_002028,sample_00676,Fifth Ramble - From the album Keith [RSVP007] - My brother Daniel,1,0.9982648491859436,cnn_revised_20260919T110440Z,cnn_s2_12,val,Log-Mel CNN,0.142173171043396,0.2410693895071745
seg_002029,sample_00676,Fifth Ramble - From the album Keith [RSVP007] - My brother Daniel,1,0.9989621639251709,cnn_revised_20260919T110440Z,cnn_s2_12,val,Log-Mel CNN,0.142173171043396,0.2410693895071745
seg_002030,sample_00676,Fifth Ramble - From the album Keith [RSVP007] - My brother Daniel,1,0.999670147895813,cnn_revised_20260919T110440Z,cnn_s2_12,val,Log-Mel CNN,0.142173171043396,0.2410693895071745
seg_002043,sample_00681,Westside Chillers - Little Glass Men,1,0.9944087862968445,cnn_revised_20260919T110440Z,cnn_s2_12,val,Log-Mel CNN,0.142173171043396,0.2410693895071745
seg_002044,sample_00681,Westside Chillers - Little Glass Men,1,0.9935227632522583,cnn_revised_20260919T110440Z,cnn_s2_12,val,Log-Mel CNN,0.142173171043396,0.2410693895071745
seg_002045,sample_00681,Westside Chillers - Little Glass Men,1,0.9901400208473206,cnn_revised_20260919T110440Z,cnn_s2_12,val,Log-Mel CNN,0.142173171043396,0.2410693895071745
seg_002076,sample_00692,If You're Ther - Nicola Ratti,1,0.9998916387557983,cnn_revised_20260919T110440Z,cnn_s2_12,val,Log-Mel CNN,0.142173171043396,0.2410693895071745
seg_002077,sample_00692,If You're Ther - Nicola Ratti,1,0.9925467371940613,cnn_revised_20260919T110440Z,cnn_s2_12,val,Log-Mel CNN,0.142173171043396,0.2410693895071745
seg_002078,sample_00692,If You're Ther - Nicola Ratti,1,0.9489123225212097,cnn_revised_20260919T110440Z,cnn_s2_12,val,Log-Mel CNN,0.142173171043396,0.2410693895071745
seg_002079,sample_00693,Understand That This Is A Dream - From the album Modulating Coil [RSVP008] - Forrest James,1,0.998981773853302,cnn_revised_20260919T110440Z,cnn_s2_12,val,Log-Mel CNN,0.142173171043396,0.2410693895071745
seg_002080,sample_00693,Understand That This Is A Dream - From the album Modulating Coil [RSVP008] - Forrest James,1,0.9354709982872009,cnn_revised_20260919T110440Z,cnn_s2_12,val,Log-Mel CNN,0.142173171043396,0.2410693895071745
seg_002081,sample_00693,Understand That This Is A Dream - From the album Modulating Coil [RSVP008] - Forrest James,1,0.9960993528366089,cnn_revised_20260919T110440Z,cnn_s2_12,val,Log-Mel CNN,0.142173171043396,0.2410693895071745
seg_002100,sample_00700,The Stairway - WarpToken,1,0.9991349577903748,cnn_revised_20260919T110440Z,cnn_s2_12,val,Log-Mel CNN,0.142173171043396,0.2410693895071745
seg_002101,sample_00700,The Stairway - WarpToken,1,0.998813271522522,cnn_revised_20260919T110440Z,cnn_s2_12,val,Log-Mel CNN,0.142173171043396,0.2410693895071745
seg_002102,sample_00700,The Stairway - WarpToken,1,0.9999465942382812,cnn_revised_20260919T110440Z,cnn_s2_12,val,Log-Mel CNN,0.142173171043396,0.2410693895071745
seg_002112,sample_00704,Soleares&beats - Malaventura,1,0.9957553148269653,cnn_revised_20260919T110440Z,cnn_s2_12,val,Log-Mel CNN,0.142173171043396,0.2410693895071745
seg_002113,sample_00704,Soleares&beats - Malaventura,1,0.9965760111808777,cnn_revised_20260919T110440Z,cnn_s2_12,val,Log-Mel CNN,0.142173171043396,0.2410693895071745
seg_002114,sample_00704,Soleares&beats - Malaventura,1,0.9962438344955444,cnn_revised_20260919T110440Z,cnn_s2_12,val,Log-Mel CNN,0.142173171043396,0.2410693895071745
seg_002184,sample_00728,Evil Cannot Create - Caleb Lemond,1,0.9980949759483337,cnn_revised_20260919T110440Z,cnn_s2_12,val,Log-Mel CNN,0.142173171043396,0.2410693895071745
seg_002185,sample_00728,Evil Cannot Create - Caleb Lemond,1,0.5901147723197937,cnn_revised_20260919T110440Z,cnn_s2_12,val,Log-Mel CNN,0.142173171043396,0.2410693895071745
seg_002186,sample_00728,Evil Cannot Create - Caleb Lemond,1,0.9915918111801147,cnn_revised_20260919T110440Z,cnn_s2_12,val,Log-Mel CNN,0.142173171043396,0.2410693895071745
seg_002196,sample_00732,Norweigian Wood II - Bird Names,1,0.9933637380599976,cnn_revised_20260919T110440Z,cnn_s2_12,val,Log-Mel CNN,0.142173171043396,0.2410693895071745
seg_002197,sample_00732,Norweigian Wood II - Bird Names,1,0.9972507357597351,cnn_revised_20260919T110440Z,cnn_s2_12,val,Log-Mel CNN,0.142173171043396,0.2410693895071745
seg_002198,sample_00732,Norweigian Wood II - Bird Names,1,0.9989219903945923,cnn_revised_20260919T110440Z,cnn_s2_12,val,Log-Mel CNN,0.142173171043396,0.2410693895071745
seg_002214,sample_00738,Roller Star - Monroeville Music Center,1,0.9984186887741089,cnn_revised_20260919T110440Z,cnn_s2_12,val,Log-Mel CNN,0.142173171043396,0.2410693895071745
seg_002215,sample_00738,Roller Star - Monroeville Music Center,1,0.9984017014503479,cnn_revised_20260919T110440Z,cnn_s2_12,val,Log-Mel CNN,0.142173171043396,0.2410693895071745
seg_002216,sample_00738,Roller Star - Monroeville Music Center,1,0.9990196228027344,cnn_revised_20260919T110440Z,cnn_s2_12,val,Log-Mel CNN,0.142173171043396,0.2410693895071745
seg_002229,sample_00743,Time Is Love - Silence is full of birds,1,0.9942348599433899,cnn_revised_20260919T110440Z,cnn_s2_12,val,Log-Mel CNN,0.142173171043396,0.2410693895071745
seg_002230,sample_00743,Time Is Love - Silence is full of birds,1,0.9691014289855957,cnn_revised_20260919T110440Z,cnn_s2_12,val,Log-Mel CNN,0.142173171043396,0.2410693895071745
seg_002231,sample_00743,Time Is Love - Silence is full of birds,1,0.8204576373100281,cnn_revised_20260919T110440Z,cnn_s2_12,val,Log-Mel CNN,0.142173171043396,0.2410693895071745
seg_002232,sample_00744,Stockholm Syndrome / People Should Be More Aware - Bird Names,1,0.9778875708580017,cnn_revised_20260919T110440Z,cnn_s2_12,val,Log-Mel CNN,0.142173171043396,0.2410693895071745
seg_002233,sample_00744,Stockholm Syndrome / People Should Be More Aware - Bird Names,1,0.9896955490112305,cnn_revised_20260919T110440Z,cnn_s2_12,val,Log-Mel CNN,0.142173171043396,0.2410693895071745
seg_002234,sample_00744,Stockholm Syndrome / People Should Be More Aware - Bird Names,1,0.9911236763000488,cnn_revised_20260919T110440Z,cnn_s2_12,val,Log-Mel CNN,0.142173171043396,0.2410693895071745
seg_002244,sample_00748,"Roundtrip - Oh Yeah, the Future",1,0.9994136095046997,cnn_revised_20260919T110440Z,cnn_s2_12,val,Log-Mel CNN,0.142173171043396,0.2410693895071745
seg_002245,sample_00748,"Roundtrip - Oh Yeah, the Future",1,0.999976396560669,cnn_revised_20260919T110440Z,cnn_s2_12,val,Log-Mel CNN,0.142173171043396,0.2410693895071745
seg_002246,sample_00748,"Roundtrip - Oh Yeah, the Future",1,0.9999531507492065,cnn_revised_20260919T110440Z,cnn_s2_12,val,Log-Mel CNN,0.142173171043396,0.2410693895071745
seg_002247,sample_00749,New Life (take 1) - Bird Names,1,0.9891869425773621,cnn_revised_20260919T110440Z,cnn_s2_12,val,Log-Mel CNN,0.142173171043396,0.2410693895071745
seg_002248,sample_00749,New Life (take 1) - Bird Names,1,0.9950836896896362,cnn_revised_20260919T110440Z,cnn_s2_12,val,Log-Mel CNN,0.142173171043396,0.2410693895071745
seg_002249,sample_00749,New Life (take 1) - Bird Names,1,0.9956401586532593,cnn_revised_20260919T110440Z,cnn_s2_12,val,Log-Mel CNN,0.142173171043396,0.2410693895071745
seg_002253,sample_00751,My Body Is A Weapon (Compromise Edit) - Silence is full of birds,1,0.9930232763290405,cnn_revised_20260919T110440Z,cnn_s2_12,val,Log-Mel CNN,0.142173171043396,0.2410693895071745
seg_002254,sample_00751,My Body Is A Weapon (Compromise Edit) - Silence is full of birds,1,0.9830024838447571,cnn_revised_20260919T110440Z,cnn_s2_12,val,Log-Mel CNN,0.142173171043396,0.2410693895071745
seg_002255,sample_00751,My Body Is A Weapon (Compromise Edit) - Silence is full of birds,1,0.9996498823165894,cnn_revised_20260919T110440Z,cnn_s2_12,val,Log-Mel CNN,0.142173171043396,0.2410693895071745
seg_002280,sample_00760,Agora - Malaventura,1,0.9992417097091675,cnn_revised_20260919T110440Z,cnn_s2_12,val,Log-Mel CNN,0.142173171043396,0.2410693895071745
seg_002281,sample_00760,Agora - Malaventura,1,0.9998099207878113,cnn_revised_20260919T110440Z,cnn_s2_12,val,Log-Mel CNN,0.142173171043396,0.2410693895071745
seg_002282,sample_00760,Agora - Malaventura,1,0.9998725652694702,cnn_revised_20260919T110440Z,cnn_s2_12,val,Log-Mel CNN,0.142173171043396,0.2410693895071745
seg_002304,sample_00768,Empty Pockets - Pete Prodoehl,1,0.989437460899353,cnn_revised_20260919T110440Z,cnn_s2_12,val,Log-Mel CNN,0.142173171043396,0.2410693895071745
seg_002305,sample_00768,Empty Pockets - Pete Prodoehl,1,0.9961358904838562,cnn_revised_20260919T110440Z,cnn_s2_12,val,Log-Mel CNN,0.142173171043396,0.2410693895071745
seg_002306,sample_00768,Empty Pockets - Pete Prodoehl,1,0.9997228980064392,cnn_revised_20260919T110440Z,cnn_s2_12,val,Log-Mel CNN,0.142173171043396,0.2410693895071745
seg_002310,sample_00770,Windows of the Skull - Sarin,1,0.9879589080810547,cnn_revised_20260919T110440Z,cnn_s2_12,val,Log-Mel CNN,0.142173171043396,0.2410693895071745
seg_002311,sample_00770,Windows of the Skull - Sarin,1,0.9907456636428833,cnn_revised_20260919T110440Z,cnn_s2_12,val,Log-Mel CNN,0.142173171043396,0.2410693895071745
seg_002312,sample_00770,Windows of the Skull - Sarin,1,0.9928305745124817,cnn_revised_20260919T110440Z,cnn_s2_12,val,Log-Mel CNN,0.142173171043396,0.2410693895071745
seg_002319,sample_00773,Gila Monster Flop/Music History Lesson:The Sonics - The Crypts!,1,0.9995501637458801,cnn_revised_20260919T110440Z,cnn_s2_12,val,Log-Mel CNN,0.142173171043396,0.2410693895071745
seg_002320,sample_00773,Gila Monster Flop/Music History Lesson:The Sonics - The Crypts!,1,0.999640941619873,cnn_revised_20260919T110440Z,cnn_s2_12,val,Log-Mel CNN,0.142173171043396,0.2410693895071745
seg_002321,sample_00773,Gila Monster Flop/Music History Lesson:The Sonics - The Crypts!,1,0.9997186064720154,cnn_revised_20260919T110440Z,cnn_s2_12,val,Log-Mel CNN,0.142173171043396,0.2410693895071745
seg_002343,sample_00781,Voxel - Andy G. Cohen,1,0.9961393475532532,cnn_revised_20260919T110440Z,cnn_s2_12,val,Log-Mel CNN,0.142173171043396,0.2410693895071745
seg_002344,sample_00781,Voxel - Andy G. Cohen,1,0.9635656476020813,cnn_revised_20260919T110440Z,cnn_s2_12,val,Log-Mel CNN,0.142173171043396,0.2410693895071745
seg_002345,sample_00781,Voxel - Andy G. Cohen,1,0.9959930181503296,cnn_revised_20260919T110440Z,cnn_s2_12,val,Log-Mel CNN,0.142173171043396,0.2410693895071745
seg_002364,sample_00788,Scramby Eggs - Andy G. Cohen,1,0.9969653487205505,cnn_revised_20260919T110440Z,cnn_s2_12,val,Log-Mel CNN,0.142173171043396,0.2410693895071745
seg_002365,sample_00788,Scramby Eggs - Andy G. Cohen,1,0.9802883863449097,cnn_revised_20260919T110440Z,cnn_s2_12,val,Log-Mel CNN,0.142173171043396,0.2410693895071745
seg_002366,sample_00788,Scramby Eggs - Andy G. Cohen,1,0.9995871186256409,cnn_revised_20260919T110440Z,cnn_s2_12,val,Log-Mel CNN,0.142173171043396,0.2410693895071745
seg_002406,sample_00802,I Fell - Mod Fun,1,0.9896005392074585,cnn_revised_20260919T110440Z,cnn_s2_12,val,Log-Mel CNN,0.142173171043396,0.2410693895071745
seg_002407,sample_00802,I Fell - Mod Fun,1,0.9567381143569946,cnn_revised_20260919T110440Z,cnn_s2_12,val,Log-Mel CNN,0.142173171043396,0.2410693895071745
seg_002408,sample_00802,I Fell - Mod Fun,1,0.9991219639778137,cnn_revised_20260919T110440Z,cnn_s2_12,val,Log-Mel CNN,0.142173171043396,0.2410693895071745
seg_002409,sample_00803,Новый Нью-Йорк 2 - Чокнутый Пропеллер,1,0.9947235584259033,cnn_revised_20260919T110440Z,cnn_s2_12,val,Log-Mel CNN,0.142173171043396,0.2410693895071745
seg_002410,sample_00803,Новый Нью-Йорк 2 - Чокнутый Пропеллер,1,0.9847634434700012,cnn_revised_20260919T110440Z,cnn_s2_12,val,Log-Mel CNN,0.142173171043396,0.2410693895071745
seg_002411,sample_00803,Новый Нью-Йорк 2 - Чокнутый Пропеллер,1,0.9879828691482544,cnn_revised_20260919T110440Z,cnn_s2_12,val,Log-Mel CNN,0.142173171043396,0.2410693895071745
seg_002421,sample_00807,March of the GPA Mechanics - [t]ghost,1,0.9984678626060486,cnn_revised_20260919T110440Z,cnn_s2_12,val,Log-Mel CNN,0.142173171043396,0.2410693895071745
seg_002422,sample_00807,March of the GPA Mechanics - [t]ghost,1,0.9984598159790039,cnn_revised_20260919T110440Z,cnn_s2_12,val,Log-Mel CNN,0.142173171043396,0.2410693895071745
seg_002423,sample_00807,March of the GPA Mechanics - [t]ghost,1,0.9975922703742981,cnn_revised_20260919T110440Z,cnn_s2_12,val,Log-Mel CNN,0.142173171043396,0.2410693895071745
seg_002436,sample_00812,2 (Wasn't There) - Isle of Pine,1,0.9961347579956055,cnn_revised_20260919T110440Z,cnn_s2_12,val,Log-Mel CNN,0.142173171043396,0.2410693895071745
seg_002437,sample_00812,2 (Wasn't There) - Isle of Pine,1,0.9950233697891235,cnn_revised_20260919T110440Z,cnn_s2_12,val,Log-Mel CNN,0.142173171043396,0.2410693895071745
seg_002438,sample_00812,2 (Wasn't There) - Isle of Pine,1,0.9998441934585571,cnn_revised_20260919T110440Z,cnn_s2_12,val,Log-Mel CNN,0.142173171043396,0.2410693895071745
seg_002439,sample_00813,The girl just faded - Los Llamarada,1,0.957101047039032,cnn_revised_20260919T110440Z,cnn_s2_12,val,Log-Mel CNN,0.142173171043396,0.2410693895071745
seg_002440,sample_00813,The girl just faded - Los Llamarada,1,0.967199444770813,cnn_revised_20260919T110440Z,cnn_s2_12,val,Log-Mel CNN,0.142173171043396,0.2410693895071745
seg_002441,sample_00813,The girl just faded - Los Llamarada,1,0.9036121964454651,cnn_revised_20260919T110440Z,cnn_s2_12,val,Log-Mel CNN,0.142173171043396,0.2410693895071745
seg_002457,sample_00819,В Наших Сердцах - Чокнутый Пропеллер,1,0.9971956014633179,cnn_revised_20260919T110440Z,cnn_s2_12,val,Log-Mel CNN,0.142173171043396,0.2410693895071745
seg_002458,sample_00819,В Наших Сердцах - Чокнутый Пропеллер,1,0.9989472031593323,cnn_revised_20260919T110440Z,cnn_s2_12,val,Log-Mel CNN,0.142173171043396,0.2410693895071745
seg_002459,sample_00819,В Наших Сердцах - Чокнутый Пропеллер,1,0.9973570108413696,cnn_revised_20260919T110440Z,cnn_s2_12,val,Log-Mel CNN,0.142173171043396,0.2410693895071745
seg_002460,sample_00820,Lights Up - Pipe Choir,1,0.9986500144004822,cnn_revised_20260919T110440Z,cnn_s2_12,val,Log-Mel CNN,0.142173171043396,0.2410693895071745
seg_002461,sample_00820,Lights Up - Pipe Choir,1,0.9953109622001648,cnn_revised_20260919T110440Z,cnn_s2_12,val,Log-Mel CNN,0.142173171043396,0.2410693895071745
seg_002462,sample_00820,Lights Up - Pipe Choir,1,0.9997108578681946,cnn_revised_20260919T110440Z,cnn_s2_12,val,Log-Mel CNN,0.142173171043396,0.2410693895071745
seg_002466,sample_00822,Beyond Luxury - Mors Ontologica,1,0.9943062663078308,cnn_revised_20260919T110440Z,cnn_s2_12,val,Log-Mel CNN,0.142173171043396,0.2410693895071745
seg_002467,sample_00822,Beyond Luxury - Mors Ontologica,1,0.9867017865180969,cnn_revised_20260919T110440Z,cnn_s2_12,val,Log-Mel CNN,0.142173171043396,0.2410693895071745
seg_002468,sample_00822,Beyond Luxury - Mors Ontologica,1,0.9968072175979614,cnn_revised_20260919T110440Z,cnn_s2_12,val,Log-Mel CNN,0.142173171043396,0.2410693895071745
seg_002529,sample_00843,Fear - Los Fancy Free,1,0.997624933719635,cnn_revised_20260919T110440Z,cnn_s2_12,val,Log-Mel CNN,0.142173171043396,0.2410693895071745
seg_002530,sample_00843,Fear - Los Fancy Free,1,0.9976071119308472,cnn_revised_20260919T110440Z,cnn_s2_12,val,Log-Mel CNN,0.142173171043396,0.2410693895071745
seg_002531,sample_00843,Fear - Los Fancy Free,1,0.9986716508865356,cnn_revised_20260919T110440Z,cnn_s2_12,val,Log-Mel CNN,0.142173171043396,0.2410693895071745
seg_002622,sample_00874,Redlight - Room For A Ghost,1,0.9874125719070435,cnn_revised_20260919T110440Z,cnn_s2_12,val,Log-Mel CNN,0.142173171043396,0.2410693895071745
seg_002623,sample_00874,Redlight - Room For A Ghost,1,0.9773585796356201,cnn_revised_20260919T110440Z,cnn_s2_12,val,Log-Mel CNN,0.142173171043396,0.2410693895071745
seg_002624,sample_00874,Redlight - Room For A Ghost,1,0.9803528785705566,cnn_revised_20260919T110440Z,cnn_s2_12,val,Log-Mel CNN,0.142173171043396,0.2410693895071745
seg_002625,sample_00875,Shipwrecked Crew - Pete Prodoehl,1,0.9837702512741089,cnn_revised_20260919T110440Z,cnn_s2_12,val,Log-Mel CNN,0.142173171043396,0.2410693895071745
seg_002626,sample_00875,Shipwrecked Crew - Pete Prodoehl,1,0.9830644726753235,cnn_revised_20260919T110440Z,cnn_s2_12,val,Log-Mel CNN,0.142173171043396,0.2410693895071745
seg_002627,sample_00875,Shipwrecked Crew - Pete Prodoehl,1,0.999757707118988,cnn_revised_20260919T110440Z,cnn_s2_12,val,Log-Mel CNN,0.142173171043396,0.2410693895071745
seg_002640,sample_00880,Morning Bell - Nihilore,1,0.9998834133148193,cnn_revised_20260919T110440Z,cnn_s2_12,val,Log-Mel CNN,0.142173171043396,0.2410693895071745
seg_002641,sample_00880,Morning Bell - Nihilore,1,0.999347984790802,cnn_revised_20260919T110440Z,cnn_s2_12,val,Log-Mel CNN,0.142173171043396,0.2410693895071745
seg_002642,sample_00880,Morning Bell - Nihilore,1,0.9999591112136841,cnn_revised_20260919T110440Z,cnn_s2_12,val,Log-Mel CNN,0.142173171043396,0.2410693895071745
seg_002694,sample_00898,CopperNickle - UncleBibby,1,0.3995833396911621,cnn_revised_20260919T110440Z,cnn_s2_12,val,Log-Mel CNN,0.142173171043396,0.2410693895071745
seg_002695,sample_00898,CopperNickle - UncleBibby,1,0.7551265954971313,cnn_revised_20260919T110440Z,cnn_s2_12,val,Log-Mel CNN,0.142173171043396,0.2410693895071745
seg_002696,sample_00898,CopperNickle - UncleBibby,1,0.7033953070640564,cnn_revised_20260919T110440Z,cnn_s2_12,val,Log-Mel CNN,0.142173171043396,0.2410693895071745
seg_002697,sample_00899,CopperNickle - UncleBibby,1,0.9993972778320312,cnn_revised_20260919T110440Z,cnn_s2_12,val,Log-Mel CNN,0.142173171043396,0.2410693895071745
seg_002698,sample_00899,CopperNickle - UncleBibby,1,0.9996598958969116,cnn_revised_20260919T110440Z,cnn_s2_12,val,Log-Mel CNN,0.142173171043396,0.2410693895071745
seg_002699,sample_00899,CopperNickle - UncleBibby,1,0.9998608827590942,cnn_revised_20260919T110440Z,cnn_s2_12,val,Log-Mel CNN,0.142173171043396,0.2410693895071745
seg_002766,sample_00922,mystery team 2090 - Jesse Futerman,1,0.8722265958786011,cnn_revised_20260919T110440Z,cnn_s2_12,val,Log-Mel CNN,0.142173171043396,0.2410693895071745
seg_002767,sample_00922,mystery team 2090 - Jesse Futerman,1,0.8830415606498718,cnn_revised_20260919T110440Z,cnn_s2_12,val,Log-Mel CNN,0.142173171043396,0.2410693895071745
seg_002768,sample_00922,mystery team 2090 - Jesse Futerman,1,0.9999163150787354,cnn_revised_20260919T110440Z,cnn_s2_12,val,Log-Mel CNN,0.142173171043396,0.2410693895071745
seg_002769,sample_00923,mystery team 2090 - Jesse Futerman,1,0.8150728344917297,cnn_revised_20260919T110440Z,cnn_s2_12,val,Log-Mel CNN,0.142173171043396,0.2410693895071745
seg_002770,sample_00923,mystery team 2090 - Jesse Futerman,1,0.9768358469009399,cnn_revised_20260919T110440Z,cnn_s2_12,val,Log-Mel CNN,0.142173171043396,0.2410693895071745
seg_002771,sample_00923,mystery team 2090 - Jesse Futerman,1,0.9994447827339172,cnn_revised_20260919T110440Z,cnn_s2_12,val,Log-Mel CNN,0.142173171043396,0.2410693895071745
seg_002772,sample_00924,Night Drive - Decktonic,1,0.9808220267295837,cnn_revised_20260919T110440Z,cnn_s2_12,val,Log-Mel CNN,0.142173171043396,0.2410693895071745
seg_002773,sample_00924,Night Drive - Decktonic,1,0.8302854299545288,cnn_revised_20260919T110440Z,cnn_s2_12,val,Log-Mel CNN,0.142173171043396,0.2410693895071745
seg_002774,sample_00924,Night Drive - Decktonic,1,0.999794065952301,cnn_revised_20260919T110440Z,cnn_s2_12,val,Log-Mel CNN,0.142173171043396,0.2410693895071745
seg_002775,sample_00925,Night Drive - Decktonic,1,0.9250307679176331,cnn_revised_20260919T110440Z,cnn_s2_12,val,Log-Mel CNN,0.142173171043396,0.2410693895071745
seg_002776,sample_00925,Night Drive - Decktonic,1,0.9561493396759033,cnn_revised_20260919T110440Z,cnn_s2_12,val,Log-Mel CNN,0.142173171043396,0.2410693895071745
seg_002777,sample_00925,Night Drive - Decktonic,1,0.9996147155761719,cnn_revised_20260919T110440Z,cnn_s2_12,val,Log-Mel CNN,0.142173171043396,0.2410693895071745
seg_002790,sample_00930,Nuo Maisemat - Paavoharju,1,0.9997368454933167,cnn_revised_20260919T110440Z,cnn_s2_12,val,Log-Mel CNN,0.142173171043396,0.2410693895071745
seg_002791,sample_00930,Nuo Maisemat - Paavoharju,1,0.9742494225502014,cnn_revised_20260919T110440Z,cnn_s2_12,val,Log-Mel CNN,0.142173171043396,0.2410693895071745
seg_002792,sample_00930,Nuo Maisemat - Paavoharju,1,0.9999340772628784,cnn_revised_20260919T110440Z,cnn_s2_12,val,Log-Mel CNN,0.142173171043396,0.2410693895071745
seg_002793,sample_00931,Nuo Maisemat - Paavoharju,1,0.9987519979476929,cnn_revised_20260919T110440Z,cnn_s2_12,val,Log-Mel CNN,0.142173171043396,0.2410693895071745
seg_002794,sample_00931,Nuo Maisemat - Paavoharju,1,0.9870251417160034,cnn_revised_20260919T110440Z,cnn_s2_12,val,Log-Mel CNN,0.142173171043396,0.2410693895071745
seg_002795,sample_00931,Nuo Maisemat - Paavoharju,1,0.9989585876464844,cnn_revised_20260919T110440Z,cnn_s2_12,val,Log-Mel CNN,0.142173171043396,0.2410693895071745
seg_002874,sample_00958,SD (Ill Mix) - H-LR,1,0.858134388923645,cnn_revised_20260919T110440Z,cnn_s2_12,val,Log-Mel CNN,0.142173171043396,0.2410693895071745
seg_002875,sample_00958,SD (Ill Mix) - H-LR,1,0.9916547536849976,cnn_revised_20260919T110440Z,cnn_s2_12,val,Log-Mel CNN,0.142173171043396,0.2410693895071745
seg_002876,sample_00958,SD (Ill Mix) - H-LR,1,0.999437153339386,cnn_revised_20260919T110440Z,cnn_s2_12,val,Log-Mel CNN,0.142173171043396,0.2410693895071745
seg_002877,sample_00959,SD (Ill Mix) - H-LR,1,0.9951696991920471,cnn_revised_20260919T110440Z,cnn_s2_12,val,Log-Mel CNN,0.142173171043396,0.2410693895071745
seg_002878,sample_00959,SD (Ill Mix) - H-LR,1,0.9734656810760498,cnn_revised_20260919T110440Z,cnn_s2_12,val,Log-Mel CNN,0.142173171043396,0.2410693895071745
seg_002879,sample_00959,SD (Ill Mix) - H-LR,1,0.9513581395149231,cnn_revised_20260919T110440Z,cnn_s2_12,val,Log-Mel CNN,0.142173171043396,0.2410693895071745
seg_002982,sample_00994,Evil Cannot Create - Caleb Lemond,1,0.998736560344696,cnn_revised_20260919T110440Z,cnn_s2_12,val,Log-Mel CNN,0.142173171043396,0.2410693895071745
seg_002983,sample_00994,Evil Cannot Create - Caleb Lemond,1,0.8143121600151062,cnn_revised_20260919T110440Z,cnn_s2_12,val,Log-Mel CNN,0.142173171043396,0.2410693895071745
seg_002984,sample_00994,Evil Cannot Create - Caleb Lemond,1,0.9990683197975159,cnn_revised_20260919T110440Z,cnn_s2_12,val,Log-Mel CNN,0.142173171043396,0.2410693895071745
seg_002985,sample_00995,Evil Cannot Create - Caleb Lemond,1,0.9979296922683716,cnn_revised_20260919T110440Z,cnn_s2_12,val,Log-Mel CNN,0.142173171043396,0.2410693895071745
seg_002986,sample_00995,Evil Cannot Create - Caleb Lemond,1,0.9838395118713379,cnn_revised_20260919T110440Z,cnn_s2_12,val,Log-Mel CNN,0.142173171043396,0.2410693895071745
seg_002987,sample_00995,Evil Cannot Create - Caleb Lemond,1,0.9890206456184387,cnn_revised_20260919T110440Z,cnn_s2_12,val,Log-Mel CNN,0.142173171043396,0.2410693895071745
seg_003090,sample_01030,New Life (take 1) - Bird Names,1,0.8006137013435364,cnn_revised_20260919T110440Z,cnn_s2_12,val,Log-Mel CNN,0.142173171043396,0.2410693895071745
seg_003091,sample_01030,New Life (take 1) - Bird Names,1,0.16643187403678894,cnn_revised_20260919T110440Z,cnn_s2_12,val,Log-Mel CNN,0.142173171043396,0.2410693895071745
seg_003092,sample_01030,New Life (take 1) - Bird Names,1,0.9775294065475464,cnn_revised_20260919T110440Z,cnn_s2_12,val,Log-Mel CNN,0.142173171043396,0.2410693895071745
seg_003093,sample_01031,New Life (take 1) - Bird Names,1,0.64946448802948,cnn_revised_20260919T110440Z,cnn_s2_12,val,Log-Mel CNN,0.142173171043396,0.2410693895071745
seg_003094,sample_01031,New Life (take 1) - Bird Names,1,0.011162103153765202,cnn_revised_20260919T110440Z,cnn_s2_12,val,Log-Mel CNN,0.142173171043396,0.2410693895071745
seg_003095,sample_01031,New Life (take 1) - Bird Names,1,0.9520584344863892,cnn_revised_20260919T110440Z,cnn_s2_12,val,Log-Mel CNN,0.142173171043396,0.2410693895071745
seg_003096,sample_01032,Norweigian Wood II - Bird Names,1,0.9043655395507812,cnn_revised_20260919T110440Z,cnn_s2_12,val,Log-Mel CNN,0.142173171043396,0.2410693895071745
seg_003097,sample_01032,Norweigian Wood II - Bird Names,1,0.2015361785888672,cnn_revised_20260919T110440Z,cnn_s2_12,val,Log-Mel CNN,0.142173171043396,0.2410693895071745
seg_003098,sample_01032,Norweigian Wood II - Bird Names,1,0.9940396547317505,cnn_revised_20260919T110440Z,cnn_s2_12,val,Log-Mel CNN,0.142173171043396,0.2410693895071745
seg_003099,sample_01033,Norweigian Wood II - Bird Names,1,0.8736640810966492,cnn_revised_20260919T110440Z,cnn_s2_12,val,Log-Mel CNN,0.142173171043396,0.2410693895071745
seg_003100,sample_01033,Norweigian Wood II - Bird Names,1,0.9399053454399109,cnn_revised_20260919T110440Z,cnn_s2_12,val,Log-Mel CNN,0.142173171043396,0.2410693895071745
seg_003101,sample_01033,Norweigian Wood II - Bird Names,1,0.9936345815658569,cnn_revised_20260919T110440Z,cnn_s2_12,val,Log-Mel CNN,0.142173171043396,0.2410693895071745
seg_003120,sample_01040,Roller Star - Monroeville Music Center,1,0.9929210543632507,cnn_revised_20260919T110440Z,cnn_s2_12,val,Log-Mel CNN,0.142173171043396,0.2410693895071745
seg_003121,sample_01040,Roller Star - Monroeville Music Center,1,0.9378199577331543,cnn_revised_20260919T110440Z,cnn_s2_12,val,Log-Mel CNN,0.142173171043396,0.2410693895071745
seg_003122,sample_01040,Roller Star - Monroeville Music Center,1,0.9975494742393494,cnn_revised_20260919T110440Z,cnn_s2_12,val,Log-Mel CNN,0.142173171043396,0.2410693895071745
seg_003123,sample_01041,Roller Star - Monroeville Music Center,1,0.9953197836875916,cnn_revised_20260919T110440Z,cnn_s2_12,val,Log-Mel CNN,0.142173171043396,0.2410693895071745
seg_003124,sample_01041,Roller Star - Monroeville Music Center,1,0.8978169560432434,cnn_revised_20260919T110440Z,cnn_s2_12,val,Log-Mel CNN,0.142173171043396,0.2410693895071745
seg_003125,sample_01041,Roller Star - Monroeville Music Center,1,0.9814355969429016,cnn_revised_20260919T110440Z,cnn_s2_12,val,Log-Mel CNN,0.142173171043396,0.2410693895071745
seg_003126,sample_01042,"Roundtrip - Oh Yeah, the Future",1,0.9173123836517334,cnn_revised_20260919T110440Z,cnn_s2_12,val,Log-Mel CNN,0.142173171043396,0.2410693895071745
seg_003127,sample_01042,"Roundtrip - Oh Yeah, the Future",1,0.4829293191432953,cnn_revised_20260919T110440Z,cnn_s2_12,val,Log-Mel CNN,0.142173171043396,0.2410693895071745
seg_003128,sample_01042,"Roundtrip - Oh Yeah, the Future",1,0.9744243621826172,cnn_revised_20260919T110440Z,cnn_s2_12,val,Log-Mel CNN,0.142173171043396,0.2410693895071745
seg_003129,sample_01043,"Roundtrip - Oh Yeah, the Future",1,0.7780244946479797,cnn_revised_20260919T110440Z,cnn_s2_12,val,Log-Mel CNN,0.142173171043396,0.2410693895071745
seg_003130,sample_01043,"Roundtrip - Oh Yeah, the Future",1,0.9017950892448425,cnn_revised_20260919T110440Z,cnn_s2_12,val,Log-Mel CNN,0.142173171043396,0.2410693895071745
seg_003131,sample_01043,"Roundtrip - Oh Yeah, the Future",1,0.9723421931266785,cnn_revised_20260919T110440Z,cnn_s2_12,val,Log-Mel CNN,0.142173171043396,0.2410693895071745
seg_003144,sample_01048,Soleares&beats - Malaventura,1,0.3593672811985016,cnn_revised_20260919T110440Z,cnn_s2_12,val,Log-Mel CNN,0.142173171043396,0.2410693895071745
seg_003145,sample_01048,Soleares&beats - Malaventura,1,0.12671570479869843,cnn_revised_20260919T110440Z,cnn_s2_12,val,Log-Mel CNN,0.142173171043396,0.2410693895071745
seg_003146,sample_01048,Soleares&beats - Malaventura,1,0.9825364351272583,cnn_revised_20260919T110440Z,cnn_s2_12,val,Log-Mel CNN,0.142173171043396,0.2410693895071745
seg_003147,sample_01049,Soleares&beats - Malaventura,1,0.016362691298127174,cnn_revised_20260919T110440Z,cnn_s2_12,val,Log-Mel CNN,0.142173171043396,0.2410693895071745
seg_003148,sample_01049,Soleares&beats - Malaventura,1,0.9241740703582764,cnn_revised_20260919T110440Z,cnn_s2_12,val,Log-Mel CNN,0.142173171043396,0.2410693895071745
seg_003149,sample_01049,Soleares&beats - Malaventura,1,0.7419437766075134,cnn_revised_20260919T110440Z,cnn_s2_12,val,Log-Mel CNN,0.142173171043396,0.2410693895071745
seg_003162,sample_01054,Stockholm Syndrome / People Should Be More Aware - Bird Names,1,0.1346694827079773,cnn_revised_20260919T110440Z,cnn_s2_12,val,Log-Mel CNN,0.142173171043396,0.2410693895071745
seg_003163,sample_01054,Stockholm Syndrome / People Should Be More Aware - Bird Names,1,0.8132240176200867,cnn_revised_20260919T110440Z,cnn_s2_12,val,Log-Mel CNN,0.142173171043396,0.2410693895071745
seg_003164,sample_01054,Stockholm Syndrome / People Should Be More Aware - Bird Names,1,0.9136487245559692,cnn_revised_20260919T110440Z,cnn_s2_12,val,Log-Mel CNN,0.142173171043396,0.2410693895071745
seg_003165,sample_01055,Stockholm Syndrome / People Should Be More Aware - Bird Names,1,0.8562253713607788,cnn_revised_20260919T110440Z,cnn_s2_12,val,Log-Mel CNN,0.142173171043396,0.2410693895071745
seg_003166,sample_01055,Stockholm Syndrome / People Should Be More Aware - Bird Names,1,0.3282558023929596,cnn_revised_20260919T110440Z,cnn_s2_12,val,Log-Mel CNN,0.142173171043396,0.2410693895071745
seg_003167,sample_01055,Stockholm Syndrome / People Should Be More Aware - Bird Names,1,0.9563521146774292,cnn_revised_20260919T110440Z,cnn_s2_12,val,Log-Mel CNN,0.142173171043396,0.2410693895071745
seg_003204,sample_01068,Time Is Love - Silence is full of birds,1,0.36682429909706116,cnn_revised_20260919T110440Z,cnn_s2_12,val,Log-Mel CNN,0.142173171043396,0.2410693895071745
seg_003205,sample_01068,Time Is Love - Silence is full of birds,1,0.647756040096283,cnn_revised_20260919T110440Z,cnn_s2_12,val,Log-Mel CNN,0.142173171043396,0.2410693895071745
seg_003206,sample_01068,Time Is Love - Silence is full of birds,1,0.9670261740684509,cnn_revised_20260919T110440Z,cnn_s2_12,val,Log-Mel CNN,0.142173171043396,0.2410693895071745
seg_003207,sample_01069,Time Is Love - Silence is full of birds,1,0.9625047445297241,cnn_revised_20260919T110440Z,cnn_s2_12,val,Log-Mel CNN,0.142173171043396,0.2410693895071745
seg_003208,sample_01069,Time Is Love - Silence is full of birds,1,0.9801857471466064,cnn_revised_20260919T110440Z,cnn_s2_12,val,Log-Mel CNN,0.142173171043396,0.2410693895071745
seg_003209,sample_01069,Time Is Love - Silence is full of birds,1,0.9978773593902588,cnn_revised_20260919T110440Z,cnn_s2_12,val,Log-Mel CNN,0.142173171043396,0.2410693895071745
seg_003246,sample_01082,2 (Wasn't There) - Isle of Pine,1,0.9470778703689575,cnn_revised_20260919T110440Z,cnn_s2_12,val,Log-Mel CNN,0.142173171043396,0.2410693895071745
seg_003247,sample_01082,2 (Wasn't There) - Isle of Pine,1,0.36101916432380676,cnn_revised_20260919T110440Z,cnn_s2_12,val,Log-Mel CNN,0.142173171043396,0.2410693895071745
seg_003248,sample_01082,2 (Wasn't There) - Isle of Pine,1,0.9993237257003784,cnn_revised_20260919T110440Z,cnn_s2_12,val,Log-Mel CNN,0.142173171043396,0.2410693895071745
seg_003249,sample_01083,2 (Wasn't There) - Isle of Pine,1,0.7653039693832397,cnn_revised_20260919T110440Z,cnn_s2_12,val,Log-Mel CNN,0.142173171043396,0.2410693895071745
seg_003250,sample_01083,2 (Wasn't There) - Isle of Pine,1,0.701583981513977,cnn_revised_20260919T110440Z,cnn_s2_12,val,Log-Mel CNN,0.142173171043396,0.2410693895071745
seg_003251,sample_01083,2 (Wasn't There) - Isle of Pine,1,0.946583092212677,cnn_revised_20260919T110440Z,cnn_s2_12,val,Log-Mel CNN,0.142173171043396,0.2410693895071745
seg_003276,sample_01092,Empty Pockets - Pete Prodoehl,1,0.9561740756034851,cnn_revised_20260919T110440Z,cnn_s2_12,val,Log-Mel CNN,0.142173171043396,0.2410693895071745
seg_003277,sample_01092,Empty Pockets - Pete Prodoehl,1,0.8631612062454224,cnn_revised_20260919T110440Z,cnn_s2_12,val,Log-Mel CNN,0.142173171043396,0.2410693895071745
seg_003278,sample_01092,Empty Pockets - Pete Prodoehl,1,0.9093939661979675,cnn_revised_20260919T110440Z,cnn_s2_12,val,Log-Mel CNN,0.142173171043396,0.2410693895071745
seg_003279,sample_01093,Empty Pockets - Pete Prodoehl,1,0.9327505230903625,cnn_revised_20260919T110440Z,cnn_s2_12,val,Log-Mel CNN,0.142173171043396,0.2410693895071745
seg_003280,sample_01093,Empty Pockets - Pete Prodoehl,1,0.33845970034599304,cnn_revised_20260919T110440Z,cnn_s2_12,val,Log-Mel CNN,0.142173171043396,0.2410693895071745
seg_003281,sample_01093,Empty Pockets - Pete Prodoehl,1,0.6627569794654846,cnn_revised_20260919T110440Z,cnn_s2_12,val,Log-Mel CNN,0.142173171043396,0.2410693895071745
seg_003294,sample_01098,Gila Monster Flop/Music History Lesson:The Sonics - The Crypts!,1,0.3327643573284149,cnn_revised_20260919T110440Z,cnn_s2_12,val,Log-Mel CNN,0.142173171043396,0.2410693895071745
seg_003295,sample_01098,Gila Monster Flop/Music History Lesson:The Sonics - The Crypts!,1,0.04825618118047714,cnn_revised_20260919T110440Z,cnn_s2_12,val,Log-Mel CNN,0.142173171043396,0.2410693895071745
seg_003296,sample_01098,Gila Monster Flop/Music History Lesson:The Sonics - The Crypts!,1,0.5918492078781128,cnn_revised_20260919T110440Z,cnn_s2_12,val,Log-Mel CNN,0.142173171043396,0.2410693895071745
seg_003297,sample_01099,Gila Monster Flop/Music History Lesson:The Sonics - The Crypts!,1,0.30002591013908386,cnn_revised_20260919T110440Z,cnn_s2_12,val,Log-Mel CNN,0.142173171043396,0.2410693895071745
seg_003298,sample_01099,Gila Monster Flop/Music History Lesson:The Sonics - The Crypts!,1,0.9896065592765808,cnn_revised_20260919T110440Z,cnn_s2_12,val,Log-Mel CNN,0.142173171043396,0.2410693895071745
seg_003299,sample_01099,Gila Monster Flop/Music History Lesson:The Sonics - The Crypts!,1,0.9926235675811768,cnn_revised_20260919T110440Z,cnn_s2_12,val,Log-Mel CNN,0.142173171043396,0.2410693895071745
seg_003312,sample_01104,I Fell - Mod Fun,1,0.5940160751342773,cnn_revised_20260919T110440Z,cnn_s2_12,val,Log-Mel CNN,0.142173171043396,0.2410693895071745
seg_003313,sample_01104,I Fell - Mod Fun,1,0.9226050972938538,cnn_revised_20260919T110440Z,cnn_s2_12,val,Log-Mel CNN,0.142173171043396,0.2410693895071745
seg_003314,sample_01104,I Fell - Mod Fun,1,0.9812113046646118,cnn_revised_20260919T110440Z,cnn_s2_12,val,Log-Mel CNN,0.142173171043396,0.2410693895071745
seg_003315,sample_01105,I Fell - Mod Fun,1,0.906819760799408,cnn_revised_20260919T110440Z,cnn_s2_12,val,Log-Mel CNN,0.142173171043396,0.2410693895071745
seg_003316,sample_01105,I Fell - Mod Fun,1,0.5798801779747009,cnn_revised_20260919T110440Z,cnn_s2_12,val,Log-Mel CNN,0.142173171043396,0.2410693895071745
seg_003317,sample_01105,I Fell - Mod Fun,1,0.6996831893920898,cnn_revised_20260919T110440Z,cnn_s2_12,val,Log-Mel CNN,0.142173171043396,0.2410693895071745
seg_003360,sample_01120,March of the GPA Mechanics - [t]ghost,1,0.458944171667099,cnn_revised_20260919T110440Z,cnn_s2_12,val,Log-Mel CNN,0.142173171043396,0.2410693895071745
seg_003361,sample_01120,March of the GPA Mechanics - [t]ghost,1,0.13747690618038177,cnn_revised_20260919T110440Z,cnn_s2_12,val,Log-Mel CNN,0.142173171043396,0.2410693895071745
seg_003362,sample_01120,March of the GPA Mechanics - [t]ghost,1,0.9940720200538635,cnn_revised_20260919T110440Z,cnn_s2_12,val,Log-Mel CNN,0.142173171043396,0.2410693895071745
seg_003363,sample_01121,March of the GPA Mechanics - [t]ghost,1,0.9618518352508545,cnn_revised_20260919T110440Z,cnn_s2_12,val,Log-Mel CNN,0.142173171043396,0.2410693895071745
seg_003364,sample_01121,March of the GPA Mechanics - [t]ghost,1,0.9782742857933044,cnn_revised_20260919T110440Z,cnn_s2_12,val,Log-Mel CNN,0.142173171043396,0.2410693895071745
seg_003365,sample_01121,March of the GPA Mechanics - [t]ghost,1,0.9953000545501709,cnn_revised_20260919T110440Z,cnn_s2_12,val,Log-Mel CNN,0.142173171043396,0.2410693895071745
seg_003420,sample_01140,Scramby Eggs - Andy G. Cohen,1,0.4530204236507416,cnn_revised_20260919T110440Z,cnn_s2_12,val,Log-Mel CNN,0.142173171043396,0.2410693895071745
seg_003421,sample_01140,Scramby Eggs - Andy G. Cohen,1,0.8163087964057922,cnn_revised_20260919T110440Z,cnn_s2_12,val,Log-Mel CNN,0.142173171043396,0.2410693895071745
seg_003422,sample_01140,Scramby Eggs - Andy G. Cohen,1,0.9323146343231201,cnn_revised_20260919T110440Z,cnn_s2_12,val,Log-Mel CNN,0.142173171043396,0.2410693895071745
seg_003423,sample_01141,Scramby Eggs - Andy G. Cohen,1,0.5727026462554932,cnn_revised_20260919T110440Z,cnn_s2_12,val,Log-Mel CNN,0.142173171043396,0.2410693895071745
seg_003424,sample_01141,Scramby Eggs - Andy G. Cohen,1,0.1078639104962349,cnn_revised_20260919T110440Z,cnn_s2_12,val,Log-Mel CNN,0.142173171043396,0.2410693895071745
seg_003425,sample_01141,Scramby Eggs - Andy G. Cohen,1,0.9249823093414307,cnn_revised_20260919T110440Z,cnn_s2_12,val,Log-Mel CNN,0.142173171043396,0.2410693895071745
seg_003474,sample_01158,The girl just faded - Los Llamarada,1,0.7805172801017761,cnn_revised_20260919T110440Z,cnn_s2_12,val,Log-Mel CNN,0.142173171043396,0.2410693895071745
seg_003475,sample_01158,The girl just faded - Los Llamarada,1,0.48634251952171326,cnn_revised_20260919T110440Z,cnn_s2_12,val,Log-Mel CNN,0.142173171043396,0.2410693895071745
seg_003476,sample_01158,The girl just faded - Los Llamarada,1,0.9758462905883789,cnn_revised_20260919T110440Z,cnn_s2_12,val,Log-Mel CNN,0.142173171043396,0.2410693895071745
seg_003477,sample_01159,The girl just faded - Los Llamarada,1,0.29316461086273193,cnn_revised_20260919T110440Z,cnn_s2_12,val,Log-Mel CNN,0.142173171043396,0.2410693895071745
seg_003478,sample_01159,The girl just faded - Los Llamarada,1,0.9076324701309204,cnn_revised_20260919T110440Z,cnn_s2_12,val,Log-Mel CNN,0.142173171043396,0.2410693895071745
seg_003479,sample_01159,The girl just faded - Los Llamarada,1,0.9899114966392517,cnn_revised_20260919T110440Z,cnn_s2_12,val,Log-Mel CNN,0.142173171043396,0.2410693895071745
seg_003492,sample_01164,Voxel - Andy G. Cohen,1,0.8084260821342468,cnn_revised_20260919T110440Z,cnn_s2_12,val,Log-Mel CNN,0.142173171043396,0.2410693895071745
seg_003493,sample_01164,Voxel - Andy G. Cohen,1,0.2275366485118866,cnn_revised_20260919T110440Z,cnn_s2_12,val,Log-Mel CNN,0.142173171043396,0.2410693895071745
seg_003494,sample_01164,Voxel - Andy G. Cohen,1,0.026991043239831924,cnn_revised_20260919T110440Z,cnn_s2_12,val,Log-Mel CNN,0.142173171043396,0.2410693895071745
seg_003495,sample_01165,Voxel - Andy G. Cohen,1,0.9297680258750916,cnn_revised_20260919T110440Z,cnn_s2_12,val,Log-Mel CNN,0.142173171043396,0.2410693895071745
seg_003496,sample_01165,Voxel - Andy G. Cohen,1,0.9435077905654907,cnn_revised_20260919T110440Z,cnn_s2_12,val,Log-Mel CNN,0.142173171043396,0.2410693895071745
seg_003497,sample_01165,Voxel - Andy G. Cohen,1,0.9894969463348389,cnn_revised_20260919T110440Z,cnn_s2_12,val,Log-Mel CNN,0.142173171043396,0.2410693895071745
seg_003516,sample_01172,Windows of the Skull - Sarin,1,0.9960410594940186,cnn_revised_20260919T110440Z,cnn_s2_12,val,Log-Mel CNN,0.142173171043396,0.2410693895071745
seg_003517,sample_01172,Windows of the Skull - Sarin,1,0.8847931623458862,cnn_revised_20260919T110440Z,cnn_s2_12,val,Log-Mel CNN,0.142173171043396,0.2410693895071745
seg_003518,sample_01172,Windows of the Skull - Sarin,1,0.9282426834106445,cnn_revised_20260919T110440Z,cnn_s2_12,val,Log-Mel CNN,0.142173171043396,0.2410693895071745
seg_003519,sample_01173,Windows of the Skull - Sarin,1,0.9982147216796875,cnn_revised_20260919T110440Z,cnn_s2_12,val,Log-Mel CNN,0.142173171043396,0.2410693895071745
seg_003520,sample_01173,Windows of the Skull - Sarin,1,0.7247000932693481,cnn_revised_20260919T110440Z,cnn_s2_12,val,Log-Mel CNN,0.142173171043396,0.2410693895071745
seg_003521,sample_01173,Windows of the Skull - Sarin,1,0.9946690201759338,cnn_revised_20260919T110440Z,cnn_s2_12,val,Log-Mel CNN,0.142173171043396,0.2410693895071745
seg_003534,sample_01178,Новый Нью-Йорк 2 - Чокнутый Пропеллер,1,0.6786643862724304,cnn_revised_20260919T110440Z,cnn_s2_12,val,Log-Mel CNN,0.142173171043396,0.2410693895071745
seg_003535,sample_01178,Новый Нью-Йорк 2 - Чокнутый Пропеллер,1,0.6511881351470947,cnn_revised_20260919T110440Z,cnn_s2_12,val,Log-Mel CNN,0.142173171043396,0.2410693895071745
seg_003536,sample_01178,Новый Нью-Йорк 2 - Чокнутый Пропеллер,1,0.7686773538589478,cnn_revised_20260919T110440Z,cnn_s2_12,val,Log-Mel CNN,0.142173171043396,0.2410693895071745
seg_003537,sample_01179,Новый Нью-Йорк 2 - Чокнутый Пропеллер,1,0.22719036042690277,cnn_revised_20260919T110440Z,cnn_s2_12,val,Log-Mel CNN,0.142173171043396,0.2410693895071745
seg_003538,sample_01179,Новый Нью-Йорк 2 - Чокнутый Пропеллер,1,0.11120101809501648,cnn_revised_20260919T110440Z,cnn_s2_12,val,Log-Mel CNN,0.142173171043396,0.2410693895071745
seg_003539,sample_01179,Новый Нью-Йорк 2 - Чокнутый Пропеллер,1,0.46928614377975464,cnn_revised_20260919T110440Z,cnn_s2_12,val,Log-Mel CNN,0.142173171043396,0.2410693895071745
seg_003597,sample_01199,CopperNickle - UncleBibby,1,0.1936006247997284,cnn_revised_20260919T110440Z,cnn_s2_12,val,Log-Mel CNN,0.142173171043396,0.2410693895071745
seg_003598,sample_01199,CopperNickle - UncleBibby,1,0.9528644680976868,cnn_revised_20260919T110440Z,cnn_s2_12,val,Log-Mel CNN,0.142173171043396,0.2410693895071745
seg_003599,sample_01199,CopperNickle - UncleBibby,1,0.9581880569458008,cnn_revised_20260919T110440Z,cnn_s2_12,val,Log-Mel CNN,0.142173171043396,0.2410693895071745
seg_003606,sample_01202,Daylight Savings - My brother Daniel,1,0.027330491691827774,cnn_revised_20260919T110440Z,cnn_s2_12,val,Log-Mel CNN,0.142173171043396,0.2410693895071745
seg_003607,sample_01202,Daylight Savings - My brother Daniel,1,0.44355639815330505,cnn_revised_20260919T110440Z,cnn_s2_12,val,Log-Mel CNN,0.142173171043396,0.2410693895071745
seg_003608,sample_01202,Daylight Savings - My brother Daniel,1,0.4942082464694977,cnn_revised_20260919T110440Z,cnn_s2_12,val,Log-Mel CNN,0.142173171043396,0.2410693895071745
seg_003633,sample_01211,Fifth Ramble - From the album Keith [RSVP007] - My brother Daniel,1,0.7305978536605835,cnn_revised_20260919T110440Z,cnn_s2_12,val,Log-Mel CNN,0.142173171043396,0.2410693895071745
seg_003634,sample_01211,Fifth Ramble - From the album Keith [RSVP007] - My brother Daniel,1,0.07775958627462387,cnn_revised_20260919T110440Z,cnn_s2_12,val,Log-Mel CNN,0.142173171043396,0.2410693895071745
seg_003635,sample_01211,Fifth Ramble - From the album Keith [RSVP007] - My brother Daniel,1,0.5155584216117859,cnn_revised_20260919T110440Z,cnn_s2_12,val,Log-Mel CNN,0.142173171043396,0.2410693895071745
seg_003657,sample_01219,If You're Ther - Nicola Ratti,1,0.7442301511764526,cnn_revised_20260919T110440Z,cnn_s2_12,val,Log-Mel CNN,0.142173171043396,0.2410693895071745
seg_003658,sample_01219,If You're Ther - Nicola Ratti,1,0.949150800704956,cnn_revised_20260919T110440Z,cnn_s2_12,val,Log-Mel CNN,0.142173171043396,0.2410693895071745
seg_003659,sample_01219,If You're Ther - Nicola Ratti,1,0.9833860993385315,cnn_revised_20260919T110440Z,cnn_s2_12,val,Log-Mel CNN,0.142173171043396,0.2410693895071745
seg_003681,sample_01227,Kumorizoranohajimarutokoro - Hosomi,1,0.9834316372871399,cnn_revised_20260919T110440Z,cnn_s2_12,val,Log-Mel CNN,0.142173171043396,0.2410693895071745
seg_003682,sample_01227,Kumorizoranohajimarutokoro - Hosomi,1,0.9890549182891846,cnn_revised_20260919T110440Z,cnn_s2_12,val,Log-Mel CNN,0.142173171043396,0.2410693895071745
seg_003683,sample_01227,Kumorizoranohajimarutokoro - Hosomi,1,0.9993667006492615,cnn_revised_20260919T110440Z,cnn_s2_12,val,Log-Mel CNN,0.142173171043396,0.2410693895071745
seg_003708,sample_01236,Loved Ones - Rowan Box,1,0.9973381161689758,cnn_revised_20260919T110440Z,cnn_s2_12,val,Log-Mel CNN,0.142173171043396,0.2410693895071745
seg_003709,sample_01236,Loved Ones - Rowan Box,1,0.9999878406524658,cnn_revised_20260919T110440Z,cnn_s2_12,val,Log-Mel CNN,0.142173171043396,0.2410693895071745
seg_003710,sample_01236,Loved Ones - Rowan Box,1,0.5858962535858154,cnn_revised_20260919T110440Z,cnn_s2_12,val,Log-Mel CNN,0.142173171043396,0.2410693895071745
seg_003711,sample_01237,Morning Bell - Nihilore,1,0.8891834020614624,cnn_revised_20260919T110440Z,cnn_s2_12,val,Log-Mel CNN,0.142173171043396,0.2410693895071745
seg_003712,sample_01237,Morning Bell - Nihilore,1,0.9784794449806213,cnn_revised_20260919T110440Z,cnn_s2_12,val,Log-Mel CNN,0.142173171043396,0.2410693895071745
seg_003713,sample_01237,Morning Bell - Nihilore,1,0.9898888468742371,cnn_revised_20260919T110440Z,cnn_s2_12,val,Log-Mel CNN,0.142173171043396,0.2410693895071745
seg_003714,sample_01238,mystery team 2090 - Jesse Futerman,1,0.31892815232276917,cnn_revised_20260919T110440Z,cnn_s2_12,val,Log-Mel CNN,0.142173171043396,0.2410693895071745
seg_003715,sample_01238,mystery team 2090 - Jesse Futerman,1,0.035730790346860886,cnn_revised_20260919T110440Z,cnn_s2_12,val,Log-Mel CNN,0.142173171043396,0.2410693895071745
seg_003716,sample_01238,mystery team 2090 - Jesse Futerman,1,0.42140311002731323,cnn_revised_20260919T110440Z,cnn_s2_12,val,Log-Mel CNN,0.142173171043396,0.2410693895071745
seg_003717,sample_01239,Night Drive - Decktonic,1,0.9434906244277954,cnn_revised_20260919T110440Z,cnn_s2_12,val,Log-Mel CNN,0.142173171043396,0.2410693895071745
seg_003718,sample_01239,Night Drive - Decktonic,1,0.9997918009757996,cnn_revised_20260919T110440Z,cnn_s2_12,val,Log-Mel CNN,0.142173171043396,0.2410693895071745
seg_003719,sample_01239,Night Drive - Decktonic,1,0.9999735355377197,cnn_revised_20260919T110440Z,cnn_s2_12,val,Log-Mel CNN,0.142173171043396,0.2410693895071745
seg_003729,sample_01243,Nuo Maisemat - Paavoharju,1,0.951432466506958,cnn_revised_20260919T110440Z,cnn_s2_12,val,Log-Mel CNN,0.142173171043396,0.2410693895071745
seg_003730,sample_01243,Nuo Maisemat - Paavoharju,1,0.9999709129333496,cnn_revised_20260919T110440Z,cnn_s2_12,val,Log-Mel CNN,0.142173171043396,0.2410693895071745
seg_003731,sample_01243,Nuo Maisemat - Paavoharju,1,0.9950211048126221,cnn_revised_20260919T110440Z,cnn_s2_12,val,Log-Mel CNN,0.142173171043396,0.2410693895071745
seg_003780,sample_01260,SD (Ill Mix) - H-LR,1,0.8806197643280029,cnn_revised_20260919T110440Z,cnn_s2_12,val,Log-Mel CNN,0.142173171043396,0.2410693895071745
seg_003781,sample_01260,SD (Ill Mix) - H-LR,1,0.9820680022239685,cnn_revised_20260919T110440Z,cnn_s2_12,val,Log-Mel CNN,0.142173171043396,0.2410693895071745
seg_003782,sample_01260,SD (Ill Mix) - H-LR,1,0.9992331266403198,cnn_revised_20260919T110440Z,cnn_s2_12,val,Log-Mel CNN,0.142173171043396,0.2410693895071745
seg_003795,sample_01265,some dextromethorphan - Jeva,1,0.6384457945823669,cnn_revised_20260919T110440Z,cnn_s2_12,val,Log-Mel CNN,0.142173171043396,0.2410693895071745
seg_003796,sample_01265,some dextromethorphan - Jeva,1,0.9963298439979553,cnn_revised_20260919T110440Z,cnn_s2_12,val,Log-Mel CNN,0.142173171043396,0.2410693895071745
seg_003797,sample_01265,some dextromethorphan - Jeva,1,0.9952060580253601,cnn_revised_20260919T110440Z,cnn_s2_12,val,Log-Mel CNN,0.142173171043396,0.2410693895071745
seg_003804,sample_01268,Sturgeon's Law - Nihilore,1,0.9953536987304688,cnn_revised_20260919T110440Z,cnn_s2_12,val,Log-Mel CNN,0.142173171043396,0.2410693895071745
seg_003805,sample_01268,Sturgeon's Law - Nihilore,1,0.9781458377838135,cnn_revised_20260919T110440Z,cnn_s2_12,val,Log-Mel CNN,0.142173171043396,0.2410693895071745
seg_003806,sample_01268,Sturgeon's Law - Nihilore,1,0.9940012097358704,cnn_revised_20260919T110440Z,cnn_s2_12,val,Log-Mel CNN,0.142173171043396,0.2410693895071745
seg_003840,sample_01280,The Stairway - WarpToken,1,0.7811049818992615,cnn_revised_20260919T110440Z,cnn_s2_12,val,Log-Mel CNN,0.142173171043396,0.2410693895071745
seg_003841,sample_01280,The Stairway - WarpToken,1,0.9999250173568726,cnn_revised_20260919T110440Z,cnn_s2_12,val,Log-Mel CNN,0.142173171043396,0.2410693895071745
seg_003842,sample_01280,The Stairway - WarpToken,1,0.9806835055351257,cnn_revised_20260919T110440Z,cnn_s2_12,val,Log-Mel CNN,0.142173171043396,0.2410693895071745
seg_003843,sample_01281,Three Bird - My brother Daniel,1,0.9124427437782288,cnn_revised_20260919T110440Z,cnn_s2_12,val,Log-Mel CNN,0.142173171043396,0.2410693895071745
seg_003844,sample_01281,Three Bird - My brother Daniel,1,0.9959563612937927,cnn_revised_20260919T110440Z,cnn_s2_12,val,Log-Mel CNN,0.142173171043396,0.2410693895071745
seg_003845,sample_01281,Three Bird - My brother Daniel,1,0.9958472847938538,cnn_revised_20260919T110440Z,cnn_s2_12,val,Log-Mel CNN,0.142173171043396,0.2410693895071745
seg_003846,sample_01282,Timen Passing By - Jason Shaw,1,0.6517235636711121,cnn_revised_20260919T110440Z,cnn_s2_12,val,Log-Mel CNN,0.142173171043396,0.2410693895071745
seg_003847,sample_01282,Timen Passing By - Jason Shaw,1,0.9959437251091003,cnn_revised_20260919T110440Z,cnn_s2_12,val,Log-Mel CNN,0.142173171043396,0.2410693895071745
seg_003848,sample_01282,Timen Passing By - Jason Shaw,1,0.9820481538772583,cnn_revised_20260919T110440Z,cnn_s2_12,val,Log-Mel CNN,0.142173171043396,0.2410693895071745
seg_003864,sample_01288,Understand That This Is A Dream - From the album Modulating Coil [RSVP008] - Forrest James,1,0.6147964000701904,cnn_revised_20260919T110440Z,cnn_s2_12,val,Log-Mel CNN,0.142173171043396,0.2410693895071745
seg_003865,sample_01288,Understand That This Is A Dream - From the album Modulating Coil [RSVP008] - Forrest James,1,0.8826987743377686,cnn_revised_20260919T110440Z,cnn_s2_12,val,Log-Mel CNN,0.142173171043396,0.2410693895071745
seg_003866,sample_01288,Understand That This Is A Dream - From the album Modulating Coil [RSVP008] - Forrest James,1,0.9968271851539612,cnn_revised_20260919T110440Z,cnn_s2_12,val,Log-Mel CNN,0.142173171043396,0.2410693895071745
seg_003873,sample_01291,Westside Chillers - Little Glass Men,1,0.8284693360328674,cnn_revised_20260919T110440Z,cnn_s2_12,val,Log-Mel CNN,0.142173171043396,0.2410693895071745
seg_003874,sample_01291,Westside Chillers - Little Glass Men,1,0.9664450883865356,cnn_revised_20260919T110440Z,cnn_s2_12,val,Log-Mel CNN,0.142173171043396,0.2410693895071745
seg_003875,sample_01291,Westside Chillers - Little Glass Men,1,0.9626825451850891,cnn_revised_20260919T110440Z,cnn_s2_12,val,Log-Mel CNN,0.142173171043396,0.2410693895071745
seg_003885,sample_01295,Agora - Malaventura,1,0.7214681506156921,cnn_revised_20260919T110440Z,cnn_s2_12,val,Log-Mel CNN,0.142173171043396,0.2410693895071745
seg_003886,sample_01295,Agora - Malaventura,1,0.9145684242248535,cnn_revised_20260919T110440Z,cnn_s2_12,val,Log-Mel CNN,0.142173171043396,0.2410693895071745
seg_003887,sample_01295,Agora - Malaventura,1,0.9991590976715088,cnn_revised_20260919T110440Z,cnn_s2_12,val,Log-Mel CNN,0.142173171043396,0.2410693895071745
seg_003912,sample_01304,Evil Cannot Create - Caleb Lemond,1,0.31266477704048157,cnn_revised_20260919T110440Z,cnn_s2_12,val,Log-Mel CNN,0.142173171043396,0.2410693895071745
seg_003913,sample_01304,Evil Cannot Create - Caleb Lemond,1,0.9542906284332275,cnn_revised_20260919T110440Z,cnn_s2_12,val,Log-Mel CNN,0.142173171043396,0.2410693895071745
seg_003914,sample_01304,Evil Cannot Create - Caleb Lemond,1,0.9975709319114685,cnn_revised_20260919T110440Z,cnn_s2_12,val,Log-Mel CNN,0.142173171043396,0.2410693895071745
seg_003972,sample_01324,My Body Is A Weapon (Compromise Edit) - Silence is full of birds,1,0.827972948551178,cnn_revised_20260919T110440Z,cnn_s2_12,val,Log-Mel CNN,0.142173171043396,0.2410693895071745
seg_003973,sample_01324,My Body Is A Weapon (Compromise Edit) - Silence is full of birds,1,0.9997313618659973,cnn_revised_20260919T110440Z,cnn_s2_12,val,Log-Mel CNN,0.142173171043396,0.2410693895071745
seg_003974,sample_01324,My Body Is A Weapon (Compromise Edit) - Silence is full of birds,1,0.9972912669181824,cnn_revised_20260919T110440Z,cnn_s2_12,val,Log-Mel CNN,0.142173171043396,0.2410693895071745
seg_003975,sample_01325,My Body Is A Weapon (Compromise Edit) - Silence is full of birds,1,0.8649119734764099,cnn_revised_20260919T110440Z,cnn_s2_12,val,Log-Mel CNN,0.142173171043396,0.2410693895071745
seg_003976,sample_01325,My Body Is A Weapon (Compromise Edit) - Silence is full of birds,1,0.9994865655899048,cnn_revised_20260919T110440Z,cnn_s2_12,val,Log-Mel CNN,0.142173171043396,0.2410693895071745
seg_003977,sample_01325,My Body Is A Weapon (Compromise Edit) - Silence is full of birds,1,0.9969865679740906,cnn_revised_20260919T110440Z,cnn_s2_12,val,Log-Mel CNN,0.142173171043396,0.2410693895071745
seg_003987,sample_01329,New Life (take 1) - Bird Names,1,0.9985062479972839,cnn_revised_20260919T110440Z,cnn_s2_12,val,Log-Mel CNN,0.142173171043396,0.2410693895071745
seg_003988,sample_01329,New Life (take 1) - Bird Names,1,0.9986585378646851,cnn_revised_20260919T110440Z,cnn_s2_12,val,Log-Mel CNN,0.142173171043396,0.2410693895071745
seg_003989,sample_01329,New Life (take 1) - Bird Names,1,0.9938021898269653,cnn_revised_20260919T110440Z,cnn_s2_12,val,Log-Mel CNN,0.142173171043396,0.2410693895071745
seg_003990,sample_01330,New Life (take 1) - Bird Names,1,0.7188408374786377,cnn_revised_20260919T110440Z,cnn_s2_12,val,Log-Mel CNN,0.142173171043396,0.2410693895071745
seg_003991,sample_01330,New Life (take 1) - Bird Names,1,0.9601349830627441,cnn_revised_20260919T110440Z,cnn_s2_12,val,Log-Mel CNN,0.142173171043396,0.2410693895071745
seg_003992,sample_01330,New Life (take 1) - Bird Names,1,0.9919382929801941,cnn_revised_20260919T110440Z,cnn_s2_12,val,Log-Mel CNN,0.142173171043396,0.2410693895071745
seg_003993,sample_01331,Norweigian Wood II - Bird Names,1,0.07952620089054108,cnn_revised_20260919T110440Z,cnn_s2_12,val,Log-Mel CNN,0.142173171043396,0.2410693895071745
seg_003994,sample_01331,Norweigian Wood II - Bird Names,1,0.006361954379826784,cnn_revised_20260919T110440Z,cnn_s2_12,val,Log-Mel CNN,0.142173171043396,0.2410693895071745
seg_003995,sample_01331,Norweigian Wood II - Bird Names,1,0.5106906890869141,cnn_revised_20260919T110440Z,cnn_s2_12,val,Log-Mel CNN,0.142173171043396,0.2410693895071745
seg_004020,sample_01340,Roller Star - Monroeville Music Center,1,0.9826635718345642,cnn_revised_20260919T110440Z,cnn_s2_12,val,Log-Mel CNN,0.142173171043396,0.2410693895071745
seg_004021,sample_01340,Roller Star - Monroeville Music Center,1,0.9990501999855042,cnn_revised_20260919T110440Z,cnn_s2_12,val,Log-Mel CNN,0.142173171043396,0.2410693895071745
seg_004022,sample_01340,Roller Star - Monroeville Music Center,1,0.9996792078018188,cnn_revised_20260919T110440Z,cnn_s2_12,val,Log-Mel CNN,0.142173171043396,0.2410693895071745
seg_004023,sample_01341,"Roundtrip - Oh Yeah, the Future",1,0.7459317445755005,cnn_revised_20260919T110440Z,cnn_s2_12,val,Log-Mel CNN,0.142173171043396,0.2410693895071745
seg_004024,sample_01341,"Roundtrip - Oh Yeah, the Future",1,0.7841878533363342,cnn_revised_20260919T110440Z,cnn_s2_12,val,Log-Mel CNN,0.142173171043396,0.2410693895071745
seg_004025,sample_01341,"Roundtrip - Oh Yeah, the Future",1,0.9457910656929016,cnn_revised_20260919T110440Z,cnn_s2_12,val,Log-Mel CNN,0.142173171043396,0.2410693895071745
seg_004041,sample_01347,Soleares&beats - Malaventura,1,0.4826239347457886,cnn_revised_20260919T110440Z,cnn_s2_12,val,Log-Mel CNN,0.142173171043396,0.2410693895071745
seg_004042,sample_01347,Soleares&beats - Malaventura,1,0.9826529026031494,cnn_revised_20260919T110440Z,cnn_s2_12,val,Log-Mel CNN,0.142173171043396,0.2410693895071745
seg_004043,sample_01347,Soleares&beats - Malaventura,1,0.9841443300247192,cnn_revised_20260919T110440Z,cnn_s2_12,val,Log-Mel CNN,0.142173171043396,0.2410693895071745
seg_004053,sample_01351,Stockholm Syndrome / People Should Be More Aware - Bird Names,1,0.7850926518440247,cnn_revised_20260919T110440Z,cnn_s2_12,val,Log-Mel CNN,0.142173171043396,0.2410693895071745
seg_004054,sample_01351,Stockholm Syndrome / People Should Be More Aware - Bird Names,1,0.8392544984817505,cnn_revised_20260919T110440Z,cnn_s2_12,val,Log-Mel CNN,0.142173171043396,0.2410693895071745
seg_004055,sample_01351,Stockholm Syndrome / People Should Be More Aware - Bird Names,1,0.9999566078186035,cnn_revised_20260919T110440Z,cnn_s2_12,val,Log-Mel CNN,0.142173171043396,0.2410693895071745
seg_004056,sample_01352,Stockholm Syndrome / People Should Be More Aware - Bird Names,1,0.8798744082450867,cnn_revised_20260919T110440Z,cnn_s2_12,val,Log-Mel CNN,0.142173171043396,0.2410693895071745
seg_004057,sample_01352,Stockholm Syndrome / People Should Be More Aware - Bird Names,1,0.9516173601150513,cnn_revised_20260919T110440Z,cnn_s2_12,val,Log-Mel CNN,0.142173171043396,0.2410693895071745
seg_004058,sample_01352,Stockholm Syndrome / People Should Be More Aware - Bird Names,1,0.5099725127220154,cnn_revised_20260919T110440Z,cnn_s2_12,val,Log-Mel CNN,0.142173171043396,0.2410693895071745
seg_004086,sample_01362,Time Is Love - Silence is full of birds,1,0.8248825073242188,cnn_revised_20260919T110440Z,cnn_s2_12,val,Log-Mel CNN,0.142173171043396,0.2410693895071745
seg_004087,sample_01362,Time Is Love - Silence is full of birds,1,0.9550226926803589,cnn_revised_20260919T110440Z,cnn_s2_12,val,Log-Mel CNN,0.142173171043396,0.2410693895071745
seg_004088,sample_01362,Time Is Love - Silence is full of birds,1,0.9946639537811279,cnn_revised_20260919T110440Z,cnn_s2_12,val,Log-Mel CNN,0.142173171043396,0.2410693895071745
seg_004116,sample_01372,2 (Wasn't There) - Isle of Pine,1,0.8588788509368896,cnn_revised_20260919T110440Z,cnn_s2_12,val,Log-Mel CNN,0.142173171043396,0.2410693895071745
seg_004117,sample_01372,2 (Wasn't There) - Isle of Pine,1,0.19817033410072327,cnn_revised_20260919T110440Z,cnn_s2_12,val,Log-Mel CNN,0.142173171043396,0.2410693895071745
seg_004118,sample_01372,2 (Wasn't There) - Isle of Pine,1,0.9907513856887817,cnn_revised_20260919T110440Z,cnn_s2_12,val,Log-Mel CNN,0.142173171043396,0.2410693895071745
seg_004146,sample_01382,Beyond Luxury - Mors Ontologica,1,0.983985960483551,cnn_revised_20260919T110440Z,cnn_s2_12,val,Log-Mel CNN,0.142173171043396,0.2410693895071745
seg_004147,sample_01382,Beyond Luxury - Mors Ontologica,1,0.9976906776428223,cnn_revised_20260919T110440Z,cnn_s2_12,val,Log-Mel CNN,0.142173171043396,0.2410693895071745
seg_004148,sample_01382,Beyond Luxury - Mors Ontologica,1,0.9985846281051636,cnn_revised_20260919T110440Z,cnn_s2_12,val,Log-Mel CNN,0.142173171043396,0.2410693895071745
seg_004182,sample_01394,Empty Pockets - Pete Prodoehl,1,0.00583276990801096,cnn_revised_20260919T110440Z,cnn_s2_12,val,Log-Mel CNN,0.142173171043396,0.2410693895071745
seg_004183,sample_01394,Empty Pockets - Pete Prodoehl,1,0.10992757230997086,cnn_revised_20260919T110440Z,cnn_s2_12,val,Log-Mel CNN,0.142173171043396,0.2410693895071745
seg_004184,sample_01394,Empty Pockets - Pete Prodoehl,1,0.9976860284805298,cnn_revised_20260919T110440Z,cnn_s2_12,val,Log-Mel CNN,0.142173171043396,0.2410693895071745
seg_004191,sample_01397,Fear - Los Fancy Free,1,0.30283987522125244,cnn_revised_20260919T110440Z,cnn_s2_12,val,Log-Mel CNN,0.142173171043396,0.2410693895071745
seg_004192,sample_01397,Fear - Los Fancy Free,1,0.144008070230484,cnn_revised_20260919T110440Z,cnn_s2_12,val,Log-Mel CNN,0.142173171043396,0.2410693895071745
seg_004193,sample_01397,Fear - Los Fancy Free,1,0.9859007000923157,cnn_revised_20260919T110440Z,cnn_s2_12,val,Log-Mel CNN,0.142173171043396,0.2410693895071745
seg_004206,sample_01402,Gila Monster Flop/Music History Lesson:The Sonics - The Crypts!,1,0.731805145740509,cnn_revised_20260919T110440Z,cnn_s2_12,val,Log-Mel CNN,0.142173171043396,0.2410693895071745
seg_004207,sample_01402,Gila Monster Flop/Music History Lesson:The Sonics - The Crypts!,1,0.9601421356201172,cnn_revised_20260919T110440Z,cnn_s2_12,val,Log-Mel CNN,0.142173171043396,0.2410693895071745
seg_004208,sample_01402,Gila Monster Flop/Music History Lesson:The Sonics - The Crypts!,1,0.9891923069953918,cnn_revised_20260919T110440Z,cnn_s2_12,val,Log-Mel CNN,0.142173171043396,0.2410693895071745
seg_004245,sample_01415,I Fell - Mod Fun,1,0.7927438616752625,cnn_revised_20260919T110440Z,cnn_s2_12,val,Log-Mel CNN,0.142173171043396,0.2410693895071745
seg_004246,sample_01415,I Fell - Mod Fun,1,0.7044241428375244,cnn_revised_20260919T110440Z,cnn_s2_12,val,Log-Mel CNN,0.142173171043396,0.2410693895071745
seg_004247,sample_01415,I Fell - Mod Fun,1,0.9960556030273438,cnn_revised_20260919T110440Z,cnn_s2_12,val,Log-Mel CNN,0.142173171043396,0.2410693895071745
seg_004275,sample_01425,Lights Up - Pipe Choir,1,0.9149568676948547,cnn_revised_20260919T110440Z,cnn_s2_12,val,Log-Mel CNN,0.142173171043396,0.2410693895071745
seg_004276,sample_01425,Lights Up - Pipe Choir,1,0.9614487886428833,cnn_revised_20260919T110440Z,cnn_s2_12,val,Log-Mel CNN,0.142173171043396,0.2410693895071745
seg_004277,sample_01425,Lights Up - Pipe Choir,1,0.9855465888977051,cnn_revised_20260919T110440Z,cnn_s2_12,val,Log-Mel CNN,0.142173171043396,0.2410693895071745
seg_004287,sample_01429,March of the GPA Mechanics - [t]ghost,1,0.9936373233795166,cnn_revised_20260919T110440Z,cnn_s2_12,val,Log-Mel CNN,0.142173171043396,0.2410693895071745
seg_004288,sample_01429,March of the GPA Mechanics - [t]ghost,1,0.9784003496170044,cnn_revised_20260919T110440Z,cnn_s2_12,val,Log-Mel CNN,0.142173171043396,0.2410693895071745
seg_004289,sample_01429,March of the GPA Mechanics - [t]ghost,1,0.9943453669548035,cnn_revised_20260919T110440Z,cnn_s2_12,val,Log-Mel CNN,0.142173171043396,0.2410693895071745
seg_004326,sample_01442,Redlight - Room For A Ghost,1,0.7697882652282715,cnn_revised_20260919T110440Z,cnn_s2_12,val,Log-Mel CNN,0.142173171043396,0.2410693895071745
seg_004327,sample_01442,Redlight - Room For A Ghost,1,0.9880558252334595,cnn_revised_20260919T110440Z,cnn_s2_12,val,Log-Mel CNN,0.142173171043396,0.2410693895071745
seg_004328,sample_01442,Redlight - Room For A Ghost,1,0.9953770637512207,cnn_revised_20260919T110440Z,cnn_s2_12,val,Log-Mel CNN,0.142173171043396,0.2410693895071745
seg_004341,sample_01447,Scramby Eggs - Andy G. Cohen,1,0.6227657198905945,cnn_revised_20260919T110440Z,cnn_s2_12,val,Log-Mel CNN,0.142173171043396,0.2410693895071745
seg_004342,sample_01447,Scramby Eggs - Andy G. Cohen,1,0.3491106331348419,cnn_revised_20260919T110440Z,cnn_s2_12,val,Log-Mel CNN,0.142173171043396,0.2410693895071745
seg_004343,sample_01447,Scramby Eggs - Andy G. Cohen,1,0.993105947971344,cnn_revised_20260919T110440Z,cnn_s2_12,val,Log-Mel CNN,0.142173171043396,0.2410693895071745
seg_004353,sample_01451,Shipwrecked Crew - Pete Prodoehl,1,0.39239880442619324,cnn_revised_20260919T110440Z,cnn_s2_12,val,Log-Mel CNN,0.142173171043396,0.2410693895071745
seg_004354,sample_01451,Shipwrecked Crew - Pete Prodoehl,1,0.9816728830337524,cnn_revised_20260919T110440Z,cnn_s2_12,val,Log-Mel CNN,0.142173171043396,0.2410693895071745
seg_004355,sample_01451,Shipwrecked Crew - Pete Prodoehl,1,0.9910150170326233,cnn_revised_20260919T110440Z,cnn_s2_12,val,Log-Mel CNN,0.142173171043396,0.2410693895071745
seg_004383,sample_01461,The girl just faded - Los Llamarada,1,0.8906054496765137,cnn_revised_20260919T110440Z,cnn_s2_12,val,Log-Mel CNN,0.142173171043396,0.2410693895071745
seg_004384,sample_01461,The girl just faded - Los Llamarada,1,0.9876564741134644,cnn_revised_20260919T110440Z,cnn_s2_12,val,Log-Mel CNN,0.142173171043396,0.2410693895071745
seg_004385,sample_01461,The girl just faded - Los Llamarada,1,0.9834806323051453,cnn_revised_20260919T110440Z,cnn_s2_12,val,Log-Mel CNN,0.142173171043396,0.2410693895071745
seg_004401,sample_01467,Voxel - Andy G. Cohen,1,0.4072147607803345,cnn_revised_20260919T110440Z,cnn_s2_12,val,Log-Mel CNN,0.142173171043396,0.2410693895071745
seg_004402,sample_01467,Voxel - Andy G. Cohen,1,0.34033480286598206,cnn_revised_20260919T110440Z,cnn_s2_12,val,Log-Mel CNN,0.142173171043396,0.2410693895071745
seg_004403,sample_01467,Voxel - Andy G. Cohen,1,0.9925687909126282,cnn_revised_20260919T110440Z,cnn_s2_12,val,Log-Mel CNN,0.142173171043396,0.2410693895071745
seg_004425,sample_01475,Windows of the Skull - Sarin,1,0.9050553441047668,cnn_revised_20260919T110440Z,cnn_s2_12,val,Log-Mel CNN,0.142173171043396,0.2410693895071745
seg_004426,sample_01475,Windows of the Skull - Sarin,1,0.999849796295166,cnn_revised_20260919T110440Z,cnn_s2_12,val,Log-Mel CNN,0.142173171043396,0.2410693895071745
seg_004427,sample_01475,Windows of the Skull - Sarin,1,0.9965015649795532,cnn_revised_20260919T110440Z,cnn_s2_12,val,Log-Mel CNN,0.142173171043396,0.2410693895071745
seg_004464,sample_01488,Night Drive - Decktonic,1,0.5591420531272888,cnn_revised_20260919T110440Z,cnn_s2_12,val,Log-Mel CNN,0.142173171043396,0.2410693895071745
seg_004465,sample_01488,Night Drive - Decktonic,1,0.6830722689628601,cnn_revised_20260919T110440Z,cnn_s2_12,val,Log-Mel CNN,0.142173171043396,0.2410693895071745
seg_004466,sample_01488,Night Drive - Decktonic,1,0.931785523891449,cnn_revised_20260919T110440Z,cnn_s2_12,val,Log-Mel CNN,0.142173171043396,0.2410693895071745
seg_004521,sample_01507,Nuo Maisemat - Paavoharju,1,0.9862688183784485,cnn_revised_20260919T110440Z,cnn_s2_12,val,Log-Mel CNN,0.142173171043396,0.2410693895071745
seg_004522,sample_01507,Nuo Maisemat - Paavoharju,1,0.9716397523880005,cnn_revised_20260919T110440Z,cnn_s2_12,val,Log-Mel CNN,0.142173171043396,0.2410693895071745
seg_004523,sample_01507,Nuo Maisemat - Paavoharju,1,0.9900596141815186,cnn_revised_20260919T110440Z,cnn_s2_12,val,Log-Mel CNN,0.142173171043396,0.2410693895071745
seg_004536,sample_01512,CopperNickle - UncleBibby,1,0.1443338692188263,cnn_revised_20260919T110440Z,cnn_s2_12,val,Log-Mel CNN,0.142173171043396,0.2410693895071745
seg_004537,sample_01512,CopperNickle - UncleBibby,1,0.3073442876338959,cnn_revised_20260919T110440Z,cnn_s2_12,val,Log-Mel CNN,0.142173171043396,0.2410693895071745
seg_004538,sample_01512,CopperNickle - UncleBibby,1,0.13479018211364746,cnn_revised_20260919T110440Z,cnn_s2_12,val,Log-Mel CNN,0.142173171043396,0.2410693895071745
seg_004539,sample_01513,Daylight Savings - My brother Daniel,1,0.05302712693810463,cnn_revised_20260919T110440Z,cnn_s2_12,val,Log-Mel CNN,0.142173171043396,0.2410693895071745
seg_004540,sample_01513,Daylight Savings - My brother Daniel,1,0.05871593952178955,cnn_revised_20260919T110440Z,cnn_s2_12,val,Log-Mel CNN,0.142173171043396,0.2410693895071745
seg_004541,sample_01513,Daylight Savings - My brother Daniel,1,0.017690351232886314,cnn_revised_20260919T110440Z,cnn_s2_12,val,Log-Mel CNN,0.142173171043396,0.2410693895071745
seg_004542,sample_01514,mystery team 2090 - Jesse Futerman,1,0.9748657941818237,cnn_revised_20260919T110440Z,cnn_s2_12,val,Log-Mel CNN,0.142173171043396,0.2410693895071745
seg_004543,sample_01514,mystery team 2090 - Jesse Futerman,1,0.9363003373146057,cnn_revised_20260919T110440Z,cnn_s2_12,val,Log-Mel CNN,0.142173171043396,0.2410693895071745
seg_004544,sample_01514,mystery team 2090 - Jesse Futerman,1,0.9853912591934204,cnn_revised_20260919T110440Z,cnn_s2_12,val,Log-Mel CNN,0.142173171043396,0.2410693895071745
seg_004575,sample_01525,SD (Ill Mix) - H-LR,1,0.6910919547080994,cnn_revised_20260919T110440Z,cnn_s2_12,val,Log-Mel CNN,0.142173171043396,0.2410693895071745
seg_004576,sample_01525,SD (Ill Mix) - H-LR,1,0.9853684306144714,cnn_revised_20260919T110440Z,cnn_s2_12,val,Log-Mel CNN,0.142173171043396,0.2410693895071745
seg_004577,sample_01525,SD (Ill Mix) - H-LR,1,0.9334253668785095,cnn_revised_20260919T110440Z,cnn_s2_12,val,Log-Mel CNN,0.142173171043396,0.2410693895071745
seg_004590,sample_01530,Stockholm Syndrome / People Should Be More Aware - Bird Names,1,0.7106865048408508,cnn_revised_20260919T110440Z,cnn_s2_12,val,Log-Mel CNN,0.142173171043396,0.2410693895071745
seg_004591,sample_01530,Stockholm Syndrome / People Should Be More Aware - Bird Names,1,0.9075866937637329,cnn_revised_20260919T110440Z,cnn_s2_12,val,Log-Mel CNN,0.142173171043396,0.2410693895071745
seg_004592,sample_01530,Stockholm Syndrome / People Should Be More Aware - Bird Names,1,0.4110305905342102,cnn_revised_20260919T110440Z,cnn_s2_12,val,Log-Mel CNN,0.142173171043396,0.2410693895071745
seg_004596,sample_01532,Time Is Love - Silence is full of birds,1,0.9958145022392273,cnn_revised_20260919T110440Z,cnn_s2_12,val,Log-Mel CNN,0.142173171043396,0.2410693895071745
seg_004597,sample_01532,Time Is Love - Silence is full of birds,1,0.9945240020751953,cnn_revised_20260919T110440Z,cnn_s2_12,val,Log-Mel CNN,0.142173171043396,0.2410693895071745
seg_004598,sample_01532,Time Is Love - Silence is full of birds,1,0.9987170696258545,cnn_revised_20260919T110440Z,cnn_s2_12,val,Log-Mel CNN,0.142173171043396,0.2410693895071745
seg_004602,sample_01534,Roller Star - Monroeville Music Center,1,0.13659752905368805,cnn_revised_20260919T110440Z,cnn_s2_12,val,Log-Mel CNN,0.142173171043396,0.2410693895071745
seg_004603,sample_01534,Roller Star - Monroeville Music Center,1,0.7056607604026794,cnn_revised_20260919T110440Z,cnn_s2_12,val,Log-Mel CNN,0.142173171043396,0.2410693895071745
seg_004604,sample_01534,Roller Star - Monroeville Music Center,1,0.42272111773490906,cnn_revised_20260919T110440Z,cnn_s2_12,val,Log-Mel CNN,0.142173171043396,0.2410693895071745
seg_004611,sample_01537,Soleares&beats - Malaventura,1,0.1661296933889389,cnn_revised_20260919T110440Z,cnn_s2_12,val,Log-Mel CNN,0.142173171043396,0.2410693895071745
seg_004612,sample_01537,Soleares&beats - Malaventura,1,0.5629076361656189,cnn_revised_20260919T110440Z,cnn_s2_12,val,Log-Mel CNN,0.142173171043396,0.2410693895071745
seg_004613,sample_01537,Soleares&beats - Malaventura,1,0.3429678976535797,cnn_revised_20260919T110440Z,cnn_s2_12,val,Log-Mel CNN,0.142173171043396,0.2410693895071745
seg_004629,sample_01543,Evil Cannot Create - Caleb Lemond,1,0.20358562469482422,cnn_revised_20260919T110440Z,cnn_s2_12,val,Log-Mel CNN,0.142173171043396,0.2410693895071745
seg_004630,sample_01543,Evil Cannot Create - Caleb Lemond,1,0.9703473448753357,cnn_revised_20260919T110440Z,cnn_s2_12,val,Log-Mel CNN,0.142173171043396,0.2410693895071745
seg_004631,sample_01543,Evil Cannot Create - Caleb Lemond,1,0.3184267282485962,cnn_revised_20260919T110440Z,cnn_s2_12,val,Log-Mel CNN,0.142173171043396,0.2410693895071745
seg_004647,sample_01549,"Roundtrip - Oh Yeah, the Future",1,0.4976986348628998,cnn_revised_20260919T110440Z,cnn_s2_12,val,Log-Mel CNN,0.142173171043396,0.2410693895071745
seg_004648,sample_01549,"Roundtrip - Oh Yeah, the Future",1,0.892677366733551,cnn_revised_20260919T110440Z,cnn_s2_12,val,Log-Mel CNN,0.142173171043396,0.2410693895071745
seg_004649,sample_01549,"Roundtrip - Oh Yeah, the Future",1,0.9054578542709351,cnn_revised_20260919T110440Z,cnn_s2_12,val,Log-Mel CNN,0.142173171043396,0.2410693895071745
seg_004692,sample_01564,Norweigian Wood II - Bird Names,1,0.36598923802375793,cnn_revised_20260919T110440Z,cnn_s2_12,val,Log-Mel CNN,0.142173171043396,0.2410693895071745
seg_004693,sample_01564,Norweigian Wood II - Bird Names,1,0.11175703257322311,cnn_revised_20260919T110440Z,cnn_s2_12,val,Log-Mel CNN,0.142173171043396,0.2410693895071745
seg_004694,sample_01564,Norweigian Wood II - Bird Names,1,0.2839066982269287,cnn_revised_20260919T110440Z,cnn_s2_12,val,Log-Mel CNN,0.142173171043396,0.2410693895071745
seg_004695,sample_01565,New Life (take 1) - Bird Names,1,0.9670089483261108,cnn_revised_20260919T110440Z,cnn_s2_12,val,Log-Mel CNN,0.142173171043396,0.2410693895071745
seg_004696,sample_01565,New Life (take 1) - Bird Names,1,0.856925368309021,cnn_revised_20260919T110440Z,cnn_s2_12,val,Log-Mel CNN,0.142173171043396,0.2410693895071745
seg_004697,sample_01565,New Life (take 1) - Bird Names,1,0.9261348247528076,cnn_revised_20260919T110440Z,cnn_s2_12,val,Log-Mel CNN,0.142173171043396,0.2410693895071745
seg_004698,sample_01566,New Life (take 1) - Bird Names,1,0.9421447515487671,cnn_revised_20260919T110440Z,cnn_s2_12,val,Log-Mel CNN,0.142173171043396,0.2410693895071745
seg_004699,sample_01566,New Life (take 1) - Bird Names,1,0.9955143332481384,cnn_revised_20260919T110440Z,cnn_s2_12,val,Log-Mel CNN,0.142173171043396,0.2410693895071745
seg_004700,sample_01566,New Life (take 1) - Bird Names,1,0.955310583114624,cnn_revised_20260919T110440Z,cnn_s2_12,val,Log-Mel CNN,0.142173171043396,0.2410693895071745
seg_004779,sample_01593,Gila Monster Flop/Music History Lesson:The Sonics - The Crypts!,1,0.3713882863521576,cnn_revised_20260919T110440Z,cnn_s2_12,val,Log-Mel CNN,0.142173171043396,0.2410693895071745
seg_004780,sample_01593,Gila Monster Flop/Music History Lesson:The Sonics - The Crypts!,1,0.6710500717163086,cnn_revised_20260919T110440Z,cnn_s2_12,val,Log-Mel CNN,0.142173171043396,0.2410693895071745
seg_004781,sample_01593,Gila Monster Flop/Music History Lesson:The Sonics - The Crypts!,1,0.34717893600463867,cnn_revised_20260919T110440Z,cnn_s2_12,val,Log-Mel CNN,0.142173171043396,0.2410693895071745
seg_004821,sample_01607,March of the GPA Mechanics - [t]ghost,1,0.1698428988456726,cnn_revised_20260919T110440Z,cnn_s2_12,val,Log-Mel CNN,0.142173171043396,0.2410693895071745
seg_004822,sample_01607,March of the GPA Mechanics - [t]ghost,1,0.6064780354499817,cnn_revised_20260919T110440Z,cnn_s2_12,val,Log-Mel CNN,0.142173171043396,0.2410693895071745
seg_004823,sample_01607,March of the GPA Mechanics - [t]ghost,1,0.1126159131526947,cnn_revised_20260919T110440Z,cnn_s2_12,val,Log-Mel CNN,0.142173171043396,0.2410693895071745
seg_004824,sample_01608,Windows of the Skull - Sarin,1,0.8558201789855957,cnn_revised_20260919T110440Z,cnn_s2_12,val,Log-Mel CNN,0.142173171043396,0.2410693895071745
seg_004825,sample_01608,Windows of the Skull - Sarin,1,0.49763262271881104,cnn_revised_20260919T110440Z,cnn_s2_12,val,Log-Mel CNN,0.142173171043396,0.2410693895071745
seg_004826,sample_01608,Windows of the Skull - Sarin,1,0.6412064433097839,cnn_revised_20260919T110440Z,cnn_s2_12,val,Log-Mel CNN,0.142173171043396,0.2410693895071745
seg_004830,sample_01610,Empty Pockets - Pete Prodoehl,1,0.1720687747001648,cnn_revised_20260919T110440Z,cnn_s2_12,val,Log-Mel CNN,0.142173171043396,0.2410693895071745
seg_004831,sample_01610,Empty Pockets - Pete Prodoehl,1,0.6630521416664124,cnn_revised_20260919T110440Z,cnn_s2_12,val,Log-Mel CNN,0.142173171043396,0.2410693895071745
seg_004832,sample_01610,Empty Pockets - Pete Prodoehl,1,0.4086672365665436,cnn_revised_20260919T110440Z,cnn_s2_12,val,Log-Mel CNN,0.142173171043396,0.2410693895071745
seg_004836,sample_01612,Scramby Eggs - Andy G. Cohen,1,0.08053173124790192,cnn_revised_20260919T110440Z,cnn_s2_12,val,Log-Mel CNN,0.142173171043396,0.2410693895071745
seg_004837,sample_01612,Scramby Eggs - Andy G. Cohen,1,0.20792439579963684,cnn_revised_20260919T110440Z,cnn_s2_12,val,Log-Mel CNN,0.142173171043396,0.2410693895071745
seg_004838,sample_01612,Scramby Eggs - Andy G. Cohen,1,0.18342751264572144,cnn_revised_20260919T110440Z,cnn_s2_12,val,Log-Mel CNN,0.142173171043396,0.2410693895071745
seg_004839,sample_01613,Voxel - Andy G. Cohen,1,0.8270129561424255,cnn_revised_20260919T110440Z,cnn_s2_12,val,Log-Mel CNN,0.142173171043396,0.2410693895071745
seg_004840,sample_01613,Voxel - Andy G. Cohen,1,0.0022457819432020187,cnn_revised_20260919T110440Z,cnn_s2_12,val,Log-Mel CNN,0.142173171043396,0.2410693895071745
seg_004841,sample_01613,Voxel - Andy G. Cohen,1,0.03829764947295189,cnn_revised_20260919T110440Z,cnn_s2_12,val,Log-Mel CNN,0.142173171043396,0.2410693895071745
seg_004845,sample_01615,The girl just faded - Los Llamarada,1,0.07006289064884186,cnn_revised_20260919T110440Z,cnn_s2_12,val,Log-Mel CNN,0.142173171043396,0.2410693895071745
seg_004846,sample_01615,The girl just faded - Los Llamarada,1,0.13929980993270874,cnn_revised_20260919T110440Z,cnn_s2_12,val,Log-Mel CNN,0.142173171043396,0.2410693895071745
seg_004847,sample_01615,The girl just faded - Los Llamarada,1,0.1381758600473404,cnn_revised_20260919T110440Z,cnn_s2_12,val,Log-Mel CNN,0.142173171043396,0.2410693895071745
seg_004860,sample_01620,2 (Wasn't There) - Isle of Pine,1,0.8457603454589844,cnn_revised_20260919T110440Z,cnn_s2_12,val,Log-Mel CNN,0.142173171043396,0.2410693895071745
seg_004861,sample_01620,2 (Wasn't There) - Isle of Pine,1,0.8987649083137512,cnn_revised_20260919T110440Z,cnn_s2_12,val,Log-Mel CNN,0.142173171043396,0.2410693895071745
seg_004862,sample_01620,2 (Wasn't There) - Isle of Pine,1,0.8850404620170593,cnn_revised_20260919T110440Z,cnn_s2_12,val,Log-Mel CNN,0.142173171043396,0.2410693895071745
seg_004866,sample_01622,I Fell - Mod Fun,1,0.15333698689937592,cnn_revised_20260919T110440Z,cnn_s2_12,val,Log-Mel CNN,0.142173171043396,0.2410693895071745
seg_004867,sample_01622,I Fell - Mod Fun,1,0.9285488724708557,cnn_revised_20260919T110440Z,cnn_s2_12,val,Log-Mel CNN,0.142173171043396,0.2410693895071745
seg_004868,sample_01622,I Fell - Mod Fun,1,0.5916258096694946,cnn_revised_20260919T110440Z,cnn_s2_12,val,Log-Mel CNN,0.142173171043396,0.2410693895071745
seg_004872,sample_01624,Новый Нью-Йорк 2 - Чокнутый Пропеллер,1,0.9915497303009033,cnn_revised_20260919T110440Z,cnn_s2_12,val,Log-Mel CNN,0.142173171043396,0.2410693895071745
seg_004873,sample_01624,Новый Нью-Йорк 2 - Чокнутый Пропеллер,1,0.6701569557189941,cnn_revised_20260919T110440Z,cnn_s2_12,val,Log-Mel CNN,0.142173171043396,0.2410693895071745
seg_004874,sample_01624,Новый Нью-Йорк 2 - Чокнутый Пропеллер,1,0.028186338022351265,cnn_revised_20260919T110440Z,cnn_s2_12,val,Log-Mel CNN,0.142173171043396,0.2410693895071745
seg_004908,sample_01636,CopperNickle - UncleBibby,1,0.9969766139984131,cnn_revised_20260919T110440Z,cnn_s2_12,val,Log-Mel CNN,0.142173171043396,0.2410693895071745
seg_004909,sample_01636,CopperNickle - UncleBibby,1,0.9928552508354187,cnn_revised_20260919T110440Z,cnn_s2_12,val,Log-Mel CNN,0.142173171043396,0.2410693895071745
seg_004910,sample_01636,CopperNickle - UncleBibby,1,0.6279454827308655,cnn_revised_20260919T110440Z,cnn_s2_12,val,Log-Mel CNN,0.142173171043396,0.2410693895071745
seg_004914,sample_01638,Daylight Savings - My brother Daniel,1,0.998195469379425,cnn_revised_20260919T110440Z,cnn_s2_12,val,Log-Mel CNN,0.142173171043396,0.2410693895071745
seg_004915,sample_01638,Daylight Savings - My brother Daniel,1,0.9780871868133545,cnn_revised_20260919T110440Z,cnn_s2_12,val,Log-Mel CNN,0.142173171043396,0.2410693895071745
seg_004916,sample_01638,Daylight Savings - My brother Daniel,1,0.9991980195045471,cnn_revised_20260919T110440Z,cnn_s2_12,val,Log-Mel CNN,0.142173171043396,0.2410693895071745
seg_004947,sample_01649,mystery team 2090 - Jesse Futerman,1,0.7690591216087341,cnn_revised_20260919T110440Z,cnn_s2_12,val,Log-Mel CNN,0.142173171043396,0.2410693895071745
seg_004948,sample_01649,mystery team 2090 - Jesse Futerman,1,0.912131130695343,cnn_revised_20260919T110440Z,cnn_s2_12,val,Log-Mel CNN,0.142173171043396,0.2410693895071745
seg_004949,sample_01649,mystery team 2090 - Jesse Futerman,1,0.871828556060791,cnn_revised_20260919T110440Z,cnn_s2_12,val,Log-Mel CNN,0.142173171043396,0.2410693895071745
seg_004950,sample_01650,Night Drive - Decktonic,1,0.9809913635253906,cnn_revised_20260919T110440Z,cnn_s2_12,val,Log-Mel CNN,0.142173171043396,0.2410693895071745
seg_004951,sample_01650,Night Drive - Decktonic,1,0.9981052875518799,cnn_revised_20260919T110440Z,cnn_s2_12,val,Log-Mel CNN,0.142173171043396,0.2410693895071745
seg_004952,sample_01650,Night Drive - Decktonic,1,0.9998867511749268,cnn_revised_20260919T110440Z,cnn_s2_12,val,Log-Mel CNN,0.142173171043396,0.2410693895071745
seg_004959,sample_01653,Nuo Maisemat - Paavoharju,1,0.9999680519104004,cnn_revised_20260919T110440Z,cnn_s2_12,val,Log-Mel CNN,0.142173171043396,0.2410693895071745
seg_004960,sample_01653,Nuo Maisemat - Paavoharju,1,0.9150840044021606,cnn_revised_20260919T110440Z,cnn_s2_12,val,Log-Mel CNN,0.142173171043396,0.2410693895071745
seg_004961,sample_01653,Nuo Maisemat - Paavoharju,1,0.9989436268806458,cnn_revised_20260919T110440Z,cnn_s2_12,val,Log-Mel CNN,0.142173171043396,0.2410693895071745
seg_005001,sample_01667,SD (Ill Mix) - H-LR,1,0.44476208090782166,cnn_revised_20260919T110440Z,cnn_s2_12,val,Log-Mel CNN,0.142173171043396,0.2410693895071745
seg_005002,sample_01667,SD (Ill Mix) - H-LR,1,0.9994852542877197,cnn_revised_20260919T110440Z,cnn_s2_12,val,Log-Mel CNN,0.142173171043396,0.2410693895071745
seg_005003,sample_01667,SD (Ill Mix) - H-LR,1,0.999925971031189,cnn_revised_20260919T110440Z,cnn_s2_12,val,Log-Mel CNN,0.142173171043396,0.2410693895071745
seg_005055,sample_01685,Evil Cannot Create - Caleb Lemond,1,0.9495964646339417,cnn_revised_20260919T110440Z,cnn_s2_12,val,Log-Mel CNN,0.142173171043396,0.2410693895071745
seg_005056,sample_01685,Evil Cannot Create - Caleb Lemond,1,0.9996160268783569,cnn_revised_20260919T110440Z,cnn_s2_12,val,Log-Mel CNN,0.142173171043396,0.2410693895071745
seg_005057,sample_01685,Evil Cannot Create - Caleb Lemond,1,0.9993184804916382,cnn_revised_20260919T110440Z,cnn_s2_12,val,Log-Mel CNN,0.142173171043396,0.2410693895071745
seg_005111,sample_01704,New Life (take 1) - Bird Names,1,0.9636827707290649,cnn_revised_20260919T110440Z,cnn_s2_12,val,Log-Mel CNN,0.142173171043396,0.2410693895071745
seg_005112,sample_01704,New Life (take 1) - Bird Names,1,0.6269680261611938,cnn_revised_20260919T110440Z,cnn_s2_12,val,Log-Mel CNN,0.142173171043396,0.2410693895071745
seg_005113,sample_01704,New Life (take 1) - Bird Names,1,0.06332527846097946,cnn_revised_20260919T110440Z,cnn_s2_12,val,Log-Mel CNN,0.142173171043396,0.2410693895071745
seg_005114,sample_01705,Norweigian Wood II - Bird Names,1,0.2483101487159729,cnn_revised_20260919T110440Z,cnn_s2_12,val,Log-Mel CNN,0.142173171043396,0.2410693895071745
seg_005115,sample_01705,Norweigian Wood II - Bird Names,1,0.1200064867734909,cnn_revised_20260919T110440Z,cnn_s2_12,val,Log-Mel CNN,0.142173171043396,0.2410693895071745
seg_005116,sample_01705,Norweigian Wood II - Bird Names,1,0.0715959221124649,cnn_revised_20260919T110440Z,cnn_s2_12,val,Log-Mel CNN,0.142173171043396,0.2410693895071745
seg_005126,sample_01709,Roller Star - Monroeville Music Center,1,0.9537612795829773,cnn_revised_20260919T110440Z,cnn_s2_12,val,Log-Mel CNN,0.142173171043396,0.2410693895071745
seg_005127,sample_01709,Roller Star - Monroeville Music Center,1,0.9849247336387634,cnn_revised_20260919T110440Z,cnn_s2_12,val,Log-Mel CNN,0.142173171043396,0.2410693895071745
seg_005128,sample_01709,Roller Star - Monroeville Music Center,1,0.9926438927650452,cnn_revised_20260919T110440Z,cnn_s2_12,val,Log-Mel CNN,0.142173171043396,0.2410693895071745
seg_005129,sample_01710,"Roundtrip - Oh Yeah, the Future",1,0.9627406001091003,cnn_revised_20260919T110440Z,cnn_s2_12,val,Log-Mel CNN,0.142173171043396,0.2410693895071745
seg_005130,sample_01710,"Roundtrip - Oh Yeah, the Future",1,0.9930753707885742,cnn_revised_20260919T110440Z,cnn_s2_12,val,Log-Mel CNN,0.142173171043396,0.2410693895071745
seg_005131,sample_01710,"Roundtrip - Oh Yeah, the Future",1,0.9987558126449585,cnn_revised_20260919T110440Z,cnn_s2_12,val,Log-Mel CNN,0.142173171043396,0.2410693895071745
seg_005138,sample_01713,Soleares&beats - Malaventura,1,0.7334704995155334,cnn_revised_20260919T110440Z,cnn_s2_12,val,Log-Mel CNN,0.142173171043396,0.2410693895071745
seg_005139,sample_01713,Soleares&beats - Malaventura,1,0.14681077003479004,cnn_revised_20260919T110440Z,cnn_s2_12,val,Log-Mel CNN,0.142173171043396,0.2410693895071745
seg_005140,sample_01713,Soleares&beats - Malaventura,1,0.4763450622558594,cnn_revised_20260919T110440Z,cnn_s2_12,val,Log-Mel CNN,0.142173171043396,0.2410693895071745
seg_005147,sample_01716,Stockholm Syndrome / People Should Be More Aware - Bird Names,1,0.9818747639656067,cnn_revised_20260919T110440Z,cnn_s2_12,val,Log-Mel CNN,0.142173171043396,0.2410693895071745
seg_005148,sample_01716,Stockholm Syndrome / People Should Be More Aware - Bird Names,1,0.9734123945236206,cnn_revised_20260919T110440Z,cnn_s2_12,val,Log-Mel CNN,0.142173171043396,0.2410693895071745
seg_005149,sample_01716,Stockholm Syndrome / People Should Be More Aware - Bird Names,1,0.9883180260658264,cnn_revised_20260919T110440Z,cnn_s2_12,val,Log-Mel CNN,0.142173171043396,0.2410693895071745
seg_005168,sample_01723,Time Is Love - Silence is full of birds,1,0.5804330706596375,cnn_revised_20260919T110440Z,cnn_s2_12,val,Log-Mel CNN,0.142173171043396,0.2410693895071745
seg_005169,sample_01723,Time Is Love - Silence is full of birds,1,0.895463764667511,cnn_revised_20260919T110440Z,cnn_s2_12,val,Log-Mel CNN,0.142173171043396,0.2410693895071745
seg_005170,sample_01723,Time Is Love - Silence is full of birds,1,0.9571503400802612,cnn_revised_20260919T110440Z,cnn_s2_12,val,Log-Mel CNN,0.142173171043396,0.2410693895071745
seg_005188,sample_01730,2 (Wasn't There) - Isle of Pine,1,0.9684099555015564,cnn_revised_20260919T110440Z,cnn_s2_12,val,Log-Mel CNN,0.142173171043396,0.2410693895071745
seg_005189,sample_01730,2 (Wasn't There) - Isle of Pine,1,0.8205337524414062,cnn_revised_20260919T110440Z,cnn_s2_12,val,Log-Mel CNN,0.142173171043396,0.2410693895071745
seg_005190,sample_01730,2 (Wasn't There) - Isle of Pine,1,0.9976207613945007,cnn_revised_20260919T110440Z,cnn_s2_12,val,Log-Mel CNN,0.142173171043396,0.2410693895071745
seg_005203,sample_01735,Empty Pockets - Pete Prodoehl,1,0.7885453104972839,cnn_revised_20260919T110440Z,cnn_s2_12,val,Log-Mel CNN,0.142173171043396,0.2410693895071745
seg_005204,sample_01735,Empty Pockets - Pete Prodoehl,1,0.995383083820343,cnn_revised_20260919T110440Z,cnn_s2_12,val,Log-Mel CNN,0.142173171043396,0.2410693895071745
seg_005205,sample_01735,Empty Pockets - Pete Prodoehl,1,0.9993247985839844,cnn_revised_20260919T110440Z,cnn_s2_12,val,Log-Mel CNN,0.142173171043396,0.2410693895071745
seg_005212,sample_01738,Gila Monster Flop/Music History Lesson:The Sonics - The Crypts!,1,0.9895373582839966,cnn_revised_20260919T110440Z,cnn_s2_12,val,Log-Mel CNN,0.142173171043396,0.2410693895071745
seg_005213,sample_01738,Gila Monster Flop/Music History Lesson:The Sonics - The Crypts!,1,0.9974626302719116,cnn_revised_20260919T110440Z,cnn_s2_12,val,Log-Mel CNN,0.142173171043396,0.2410693895071745
seg_005214,sample_01738,Gila Monster Flop/Music History Lesson:The Sonics - The Crypts!,1,0.9911918044090271,cnn_revised_20260919T110440Z,cnn_s2_12,val,Log-Mel CNN,0.142173171043396,0.2410693895071745
seg_005221,sample_01741,I Fell - Mod Fun,1,0.9993569254875183,cnn_revised_20260919T110440Z,cnn_s2_12,val,Log-Mel CNN,0.142173171043396,0.2410693895071745
seg_005222,sample_01741,I Fell - Mod Fun,1,0.999103307723999,cnn_revised_20260919T110440Z,cnn_s2_12,val,Log-Mel CNN,0.142173171043396,0.2410693895071745
seg_005223,sample_01741,I Fell - Mod Fun,1,0.999991774559021,cnn_revised_20260919T110440Z,cnn_s2_12,val,Log-Mel CNN,0.142173171043396,0.2410693895071745
seg_005245,sample_01749,March of the GPA Mechanics - [t]ghost,1,0.991329550743103,cnn_revised_20260919T110440Z,cnn_s2_12,val,Log-Mel CNN,0.142173171043396,0.2410693895071745
seg_005246,sample_01749,March of the GPA Mechanics - [t]ghost,1,0.999733030796051,cnn_revised_20260919T110440Z,cnn_s2_12,val,Log-Mel CNN,0.142173171043396,0.2410693895071745
seg_005247,sample_01749,March of the GPA Mechanics - [t]ghost,1,0.994385838508606,cnn_revised_20260919T110440Z,cnn_s2_12,val,Log-Mel CNN,0.142173171043396,0.2410693895071745
seg_005274,sample_01759,Scramby Eggs - Andy G. Cohen,1,0.9996494054794312,cnn_revised_20260919T110440Z,cnn_s2_12,val,Log-Mel CNN,0.142173171043396,0.2410693895071745
seg_005275,sample_01759,Scramby Eggs - Andy G. Cohen,1,0.9952606558799744,cnn_revised_20260919T110440Z,cnn_s2_12,val,Log-Mel CNN,0.142173171043396,0.2410693895071745
seg_005276,sample_01759,Scramby Eggs - Andy G. Cohen,1,0.9997624754905701,cnn_revised_20260919T110440Z,cnn_s2_12,val,Log-Mel CNN,0.142173171043396,0.2410693895071745
seg_005301,sample_01768,The girl just faded - Los Llamarada,1,0.9994902610778809,cnn_revised_20260919T110440Z,cnn_s2_12,val,Log-Mel CNN,0.142173171043396,0.2410693895071745
seg_005302,sample_01768,The girl just faded - Los Llamarada,1,0.9987234473228455,cnn_revised_20260919T110440Z,cnn_s2_12,val,Log-Mel CNN,0.142173171043396,0.2410693895071745
seg_005303,sample_01768,The girl just faded - Los Llamarada,1,0.9997581839561462,cnn_revised_20260919T110440Z,cnn_s2_12,val,Log-Mel CNN,0.142173171043396,0.2410693895071745
seg_005310,sample_01771,Voxel - Andy G. Cohen,1,0.9994819760322571,cnn_revised_20260919T110440Z,cnn_s2_12,val,Log-Mel CNN,0.142173171043396,0.2410693895071745
seg_005311,sample_01771,Voxel - Andy G. Cohen,1,0.9853436350822449,cnn_revised_20260919T110440Z,cnn_s2_12,val,Log-Mel CNN,0.142173171043396,0.2410693895071745
seg_005312,sample_01771,Voxel - Andy G. Cohen,1,0.9946145415306091,cnn_revised_20260919T110440Z,cnn_s2_12,val,Log-Mel CNN,0.142173171043396,0.2410693895071745
seg_005322,sample_01775,Windows of the Skull - Sarin,1,0.9986057877540588,cnn_revised_20260919T110440Z,cnn_s2_12,val,Log-Mel CNN,0.142173171043396,0.2410693895071745
seg_005323,sample_01775,Windows of the Skull - Sarin,1,0.9882184863090515,cnn_revised_20260919T110440Z,cnn_s2_12,val,Log-Mel CNN,0.142173171043396,0.2410693895071745
seg_005324,sample_01775,Windows of the Skull - Sarin,1,0.9992697834968567,cnn_revised_20260919T110440Z,cnn_s2_12,val,Log-Mel CNN,0.142173171043396,0.2410693895071745
seg_005331,sample_01778,Новый Нью-Йорк 2 - Чокнутый Пропеллер,1,0.6870483756065369,cnn_revised_20260919T110440Z,cnn_s2_12,val,Log-Mel CNN,0.142173171043396,0.2410693895071745
seg_005332,sample_01778,Новый Нью-Йорк 2 - Чокнутый Пропеллер,1,0.9880045056343079,cnn_revised_20260919T110440Z,cnn_s2_12,val,Log-Mel CNN,0.142173171043396,0.2410693895071745
seg_005333,sample_01778,Новый Нью-Йорк 2 - Чокнутый Пропеллер,1,0.9930716156959534,cnn_revised_20260919T110440Z,cnn_s2_12,val,Log-Mel CNN,0.142173171043396,0.2410693895071745
seg_005372,sample_01798,CopperNickle - UncleBibby,1,0.9982593655586243,cnn_revised_20260919T110440Z,cnn_s2_12,val,Log-Mel CNN,0.142173171043396,0.2410693895071745
seg_005373,sample_01798,CopperNickle - UncleBibby,1,0.9983800649642944,cnn_revised_20260919T110440Z,cnn_s2_12,val,Log-Mel CNN,0.142173171043396,0.2410693895071745
seg_005378,sample_01801,Daylight Savings - My brother Daniel,1,0.9997420907020569,cnn_revised_20260919T110440Z,cnn_s2_12,val,Log-Mel CNN,0.142173171043396,0.2410693895071745
seg_005379,sample_01801,Daylight Savings - My brother Daniel,1,0.9992536902427673,cnn_revised_20260919T110440Z,cnn_s2_12,val,Log-Mel CNN,0.142173171043396,0.2410693895071745
seg_005396,sample_01810,Fifth Ramble - From the album Keith [RSVP007] - My brother Daniel,1,0.9908378720283508,cnn_revised_20260919T110440Z,cnn_s2_12,val,Log-Mel CNN,0.142173171043396,0.2410693895071745
seg_005397,sample_01810,Fifth Ramble - From the album Keith [RSVP007] - My brother Daniel,1,0.9974244832992554,cnn_revised_20260919T110440Z,cnn_s2_12,val,Log-Mel CNN,0.142173171043396,0.2410693895071745
seg_005412,sample_01818,If You're Ther - Nicola Ratti,1,0.9984068274497986,cnn_revised_20260919T110440Z,cnn_s2_12,val,Log-Mel CNN,0.142173171043396,0.2410693895071745
seg_005413,sample_01818,If You're Ther - Nicola Ratti,1,0.9997075200080872,cnn_revised_20260919T110440Z,cnn_s2_12,val,Log-Mel CNN,0.142173171043396,0.2410693895071745
seg_005428,sample_01826,Kumorizoranohajimarutokoro - Hosomi,1,0.9978626370429993,cnn_revised_20260919T110440Z,cnn_s2_12,val,Log-Mel CNN,0.142173171043396,0.2410693895071745
seg_005429,sample_01826,Kumorizoranohajimarutokoro - Hosomi,1,0.9968994855880737,cnn_revised_20260919T110440Z,cnn_s2_12,val,Log-Mel CNN,0.142173171043396,0.2410693895071745
seg_005446,sample_01835,Loved Ones - Rowan Box,1,0.9946852922439575,cnn_revised_20260919T110440Z,cnn_s2_12,val,Log-Mel CNN,0.142173171043396,0.2410693895071745
seg_005447,sample_01835,Loved Ones - Rowan Box,1,0.993699312210083,cnn_revised_20260919T110440Z,cnn_s2_12,val,Log-Mel CNN,0.142173171043396,0.2410693895071745
seg_005448,sample_01836,Morning Bell - Nihilore,1,0.9969872832298279,cnn_revised_20260919T110440Z,cnn_s2_12,val,Log-Mel CNN,0.142173171043396,0.2410693895071745
seg_005449,sample_01836,Morning Bell - Nihilore,1,0.99782395362854,cnn_revised_20260919T110440Z,cnn_s2_12,val,Log-Mel CNN,0.142173171043396,0.2410693895071745
seg_005450,sample_01837,mystery team 2090 - Jesse Futerman,1,0.9791164994239807,cnn_revised_20260919T110440Z,cnn_s2_12,val,Log-Mel CNN,0.142173171043396,0.2410693895071745
seg_005451,sample_01837,mystery team 2090 - Jesse Futerman,1,0.9762707948684692,cnn_revised_20260919T110440Z,cnn_s2_12,val,Log-Mel CNN,0.142173171043396,0.2410693895071745
seg_005452,sample_01838,Night Drive - Decktonic,1,0.9991031885147095,cnn_revised_20260919T110440Z,cnn_s2_12,val,Log-Mel CNN,0.142173171043396,0.2410693895071745
seg_005453,sample_01838,Night Drive - Decktonic,1,0.9977249503135681,cnn_revised_20260919T110440Z,cnn_s2_12,val,Log-Mel CNN,0.142173171043396,0.2410693895071745
seg_005460,sample_01842,Nuo Maisemat - Paavoharju,1,0.9981744289398193,cnn_revised_20260919T110440Z,cnn_s2_12,val,Log-Mel CNN,0.142173171043396,0.2410693895071745
seg_005461,sample_01842,Nuo Maisemat - Paavoharju,1,0.9954895377159119,cnn_revised_20260919T110440Z,cnn_s2_12,val,Log-Mel CNN,0.142173171043396,0.2410693895071745
seg_005494,sample_01859,SD (Ill Mix) - H-LR,1,0.8773866891860962,cnn_revised_20260919T110440Z,cnn_s2_12,val,Log-Mel CNN,0.142173171043396,0.2410693895071745
seg_005495,sample_01859,SD (Ill Mix) - H-LR,1,0.1953635960817337,cnn_revised_20260919T110440Z,cnn_s2_12,val,Log-Mel CNN,0.142173171043396,0.2410693895071745
seg_005503,sample_01864,some dextromethorphan - Jeva,1,0.9993045330047607,cnn_revised_20260919T110440Z,cnn_s2_12,val,Log-Mel CNN,0.142173171043396,0.2410693895071745
seg_005504,sample_01864,some dextromethorphan - Jeva,1,0.9991468191146851,cnn_revised_20260919T110440Z,cnn_s2_12,val,Log-Mel CNN,0.142173171043396,0.2410693895071745
seg_005509,sample_01867,Sturgeon's Law - Nihilore,1,0.9952961802482605,cnn_revised_20260919T110440Z,cnn_s2_12,val,Log-Mel CNN,0.142173171043396,0.2410693895071745
seg_005510,sample_01867,Sturgeon's Law - Nihilore,1,0.9974457025527954,cnn_revised_20260919T110440Z,cnn_s2_12,val,Log-Mel CNN,0.142173171043396,0.2410693895071745
seg_005533,sample_01879,The Stairway - WarpToken,1,0.9769735932350159,cnn_revised_20260919T110440Z,cnn_s2_12,val,Log-Mel CNN,0.142173171043396,0.2410693895071745
seg_005534,sample_01879,The Stairway - WarpToken,1,0.6745951175689697,cnn_revised_20260919T110440Z,cnn_s2_12,val,Log-Mel CNN,0.142173171043396,0.2410693895071745
seg_005535,sample_01880,Three Bird - My brother Daniel,1,0.9863828420639038,cnn_revised_20260919T110440Z,cnn_s2_12,val,Log-Mel CNN,0.142173171043396,0.2410693895071745
seg_005536,sample_01880,Three Bird - My brother Daniel,1,0.9980804920196533,cnn_revised_20260919T110440Z,cnn_s2_12,val,Log-Mel CNN,0.142173171043396,0.2410693895071745
seg_005537,sample_01881,Timen Passing By - Jason Shaw,1,0.9961259961128235,cnn_revised_20260919T110440Z,cnn_s2_12,val,Log-Mel CNN,0.142173171043396,0.2410693895071745
seg_005538,sample_01881,Timen Passing By - Jason Shaw,1,0.9954028129577637,cnn_revised_20260919T110440Z,cnn_s2_12,val,Log-Mel CNN,0.142173171043396,0.2410693895071745
seg_005549,sample_01887,Understand That This Is A Dream - From the album Modulating Coil [RSVP008] - Forrest James,1,0.9970224499702454,cnn_revised_20260919T110440Z,cnn_s2_12,val,Log-Mel CNN,0.142173171043396,0.2410693895071745
seg_005550,sample_01887,Understand That This Is A Dream - From the album Modulating Coil [RSVP008] - Forrest James,1,0.9977228045463562,cnn_revised_20260919T110440Z,cnn_s2_12,val,Log-Mel CNN,0.142173171043396,0.2410693895071745
seg_005555,sample_01890,Westside Chillers - Little Glass Men,1,0.9947248101234436,cnn_revised_20260919T110440Z,cnn_s2_12,val,Log-Mel CNN,0.142173171043396,0.2410693895071745
seg_005556,sample_01890,Westside Chillers - Little Glass Men,1,0.9908584952354431,cnn_revised_20260919T110440Z,cnn_s2_12,val,Log-Mel CNN,0.142173171043396,0.2410693895071745
seg_005565,sample_01895,Agora - Malaventura,1,0.9948716163635254,cnn_revised_20260919T110440Z,cnn_s2_12,val,Log-Mel CNN,0.142173171043396,0.2410693895071745
seg_005566,sample_01895,Agora - Malaventura,1,0.9941903352737427,cnn_revised_20260919T110440Z,cnn_s2_12,val,Log-Mel CNN,0.142173171043396,0.2410693895071745
seg_005583,sample_01904,Evil Cannot Create - Caleb Lemond,1,0.9978880286216736,cnn_revised_20260919T110440Z,cnn_s2_12,val,Log-Mel CNN,0.142173171043396,0.2410693895071745
seg_005584,sample_01904,Evil Cannot Create - Caleb Lemond,1,0.9964408278465271,cnn_revised_20260919T110440Z,cnn_s2_12,val,Log-Mel CNN,0.142173171043396,0.2410693895071745
seg_005621,sample_01923,My Body Is A Weapon (Compromise Edit) - Silence is full of birds,1,0.9988272786140442,cnn_revised_20260919T110440Z,cnn_s2_12,val,Log-Mel CNN,0.142173171043396,0.2410693895071745
seg_005622,sample_01923,My Body Is A Weapon (Compromise Edit) - Silence is full of birds,1,0.9901171326637268,cnn_revised_20260919T110440Z,cnn_s2_12,val,Log-Mel CNN,0.142173171043396,0.2410693895071745
seg_005627,sample_01926,New Life (take 1) - Bird Names,1,0.9988734126091003,cnn_revised_20260919T110440Z,cnn_s2_12,val,Log-Mel CNN,0.142173171043396,0.2410693895071745
seg_005628,sample_01926,New Life (take 1) - Bird Names,1,0.9989396929740906,cnn_revised_20260919T110440Z,cnn_s2_12,val,Log-Mel CNN,0.142173171043396,0.2410693895071745
seg_005629,sample_01927,Norweigian Wood II - Bird Names,1,0.9986380934715271,cnn_revised_20260919T110440Z,cnn_s2_12,val,Log-Mel CNN,0.142173171043396,0.2410693895071745
seg_005630,sample_01927,Norweigian Wood II - Bird Names,1,0.999788224697113,cnn_revised_20260919T110440Z,cnn_s2_12,val,Log-Mel CNN,0.142173171043396,0.2410693895071745
seg_005645,sample_01935,Roller Star - Monroeville Music Center,1,0.998879611492157,cnn_revised_20260919T110440Z,cnn_s2_12,val,Log-Mel CNN,0.142173171043396,0.2410693895071745
seg_005646,sample_01935,Roller Star - Monroeville Music Center,1,0.9964951872825623,cnn_revised_20260919T110440Z,cnn_s2_12,val,Log-Mel CNN,0.142173171043396,0.2410693895071745
seg_005647,sample_01936,"Roundtrip - Oh Yeah, the Future",1,0.9961252808570862,cnn_revised_20260919T110440Z,cnn_s2_12,val,Log-Mel CNN,0.142173171043396,0.2410693895071745
seg_005648,sample_01936,"Roundtrip - Oh Yeah, the Future",1,0.9995079040527344,cnn_revised_20260919T110440Z,cnn_s2_12,val,Log-Mel CNN,0.142173171043396,0.2410693895071745
seg_005657,sample_01941,Soleares&beats - Malaventura,1,0.999739944934845,cnn_revised_20260919T110440Z,cnn_s2_12,val,Log-Mel CNN,0.142173171043396,0.2410693895071745
seg_005658,sample_01941,Soleares&beats - Malaventura,1,0.9994850158691406,cnn_revised_20260919T110440Z,cnn_s2_12,val,Log-Mel CNN,0.142173171043396,0.2410693895071745
seg_005665,sample_01945,Stockholm Syndrome / People Should Be More Aware - Bird Names,1,0.9861099720001221,cnn_revised_20260919T110440Z,cnn_s2_12,val,Log-Mel CNN,0.142173171043396,0.2410693895071745
seg_005666,sample_01945,Stockholm Syndrome / People Should Be More Aware - Bird Names,1,0.9870073199272156,cnn_revised_20260919T110440Z,cnn_s2_12,val,Log-Mel CNN,0.142173171043396,0.2410693895071745
seg_005685,sample_01955,Time Is Love - Silence is full of birds,1,0.9977045655250549,cnn_revised_20260919T110440Z,cnn_s2_12,val,Log-Mel CNN,0.142173171043396,0.2410693895071745
seg_005686,sample_01955,Time Is Love - Silence is full of birds,1,0.9999551773071289,cnn_revised_20260919T110440Z,cnn_s2_12,val,Log-Mel CNN,0.142173171043396,0.2410693895071745
seg_005703,sample_01964,2 (Wasn't There) - Isle of Pine,1,0.9765896201133728,cnn_revised_20260919T110440Z,cnn_s2_12,val,Log-Mel CNN,0.142173171043396,0.2410693895071745
seg_005704,sample_01964,2 (Wasn't There) - Isle of Pine,1,0.9992977380752563,cnn_revised_20260919T110440Z,cnn_s2_12,val,Log-Mel CNN,0.142173171043396,0.2410693895071745
seg_005723,sample_01974,Beyond Luxury - Mors Ontologica,1,0.9995610117912292,cnn_revised_20260919T110440Z,cnn_s2_12,val,Log-Mel CNN,0.142173171043396,0.2410693895071745
seg_005724,sample_01974,Beyond Luxury - Mors Ontologica,1,0.9993663430213928,cnn_revised_20260919T110440Z,cnn_s2_12,val,Log-Mel CNN,0.142173171043396,0.2410693895071745
seg_005747,sample_01986,Empty Pockets - Pete Prodoehl,1,0.9982064962387085,cnn_revised_20260919T110440Z,cnn_s2_12,val,Log-Mel CNN,0.142173171043396,0.2410693895071745
seg_005748,sample_01986,Empty Pockets - Pete Prodoehl,1,0.9995457530021667,cnn_revised_20260919T110440Z,cnn_s2_12,val,Log-Mel CNN,0.142173171043396,0.2410693895071745
seg_005753,sample_01989,Fear - Los Fancy Free,1,0.9981454610824585,cnn_revised_20260919T110440Z,cnn_s2_12,val,Log-Mel CNN,0.142173171043396,0.2410693895071745
seg_005754,sample_01989,Fear - Los Fancy Free,1,0.9983941912651062,cnn_revised_20260919T110440Z,cnn_s2_12,val,Log-Mel CNN,0.142173171043396,0.2410693895071745
seg_005763,sample_01994,Gila Monster Flop/Music History Lesson:The Sonics - The Crypts!,1,0.9999171495437622,cnn_revised_20260919T110440Z,cnn_s2_12,val,Log-Mel CNN,0.142173171043396,0.2410693895071745
seg_005788,sample_02007,I Fell - Mod Fun,1,0.9927657842636108,cnn_revised_20260919T110440Z,cnn_s2_12,val,Log-Mel CNN,0.142173171043396,0.2410693895071745
seg_005789,sample_02007,I Fell - Mod Fun,1,0.9948540329933167,cnn_revised_20260919T110440Z,cnn_s2_12,val,Log-Mel CNN,0.142173171043396,0.2410693895071745
seg_005808,sample_02017,Lights Up - Pipe Choir,1,0.9994385838508606,cnn_revised_20260919T110440Z,cnn_s2_12,val,Log-Mel CNN,0.142173171043396,0.2410693895071745
seg_005809,sample_02017,Lights Up - Pipe Choir,1,0.9972373247146606,cnn_revised_20260919T110440Z,cnn_s2_12,val,Log-Mel CNN,0.142173171043396,0.2410693895071745
seg_005816,sample_02021,March of the GPA Mechanics - [t]ghost,1,0.9986140727996826,cnn_revised_20260919T110440Z,cnn_s2_12,val,Log-Mel CNN,0.142173171043396,0.2410693895071745
seg_005817,sample_02021,March of the GPA Mechanics - [t]ghost,1,0.9973289966583252,cnn_revised_20260919T110440Z,cnn_s2_12,val,Log-Mel CNN,0.142173171043396,0.2410693895071745
seg_005842,sample_02034,Redlight - Room For A Ghost,1,0.9983023405075073,cnn_revised_20260919T110440Z,cnn_s2_12,val,Log-Mel CNN,0.142173171043396,0.2410693895071745
seg_005843,sample_02034,Redlight - Room For A Ghost,1,0.9990339279174805,cnn_revised_20260919T110440Z,cnn_s2_12,val,Log-Mel CNN,0.142173171043396,0.2410693895071745
seg_005852,sample_02039,Scramby Eggs - Andy G. Cohen,1,0.9991511106491089,cnn_revised_20260919T110440Z,cnn_s2_12,val,Log-Mel CNN,0.142173171043396,0.2410693895071745
seg_005853,sample_02039,Scramby Eggs - Andy G. Cohen,1,0.9954001307487488,cnn_revised_20260919T110440Z,cnn_s2_12,val,Log-Mel CNN,0.142173171043396,0.2410693895071745
seg_005860,sample_02043,Shipwrecked Crew - Pete Prodoehl,1,0.9892728924751282,cnn_revised_20260919T110440Z,cnn_s2_12,val,Log-Mel CNN,0.142173171043396,0.2410693895071745
seg_005861,sample_02043,Shipwrecked Crew - Pete Prodoehl,1,0.9975595474243164,cnn_revised_20260919T110440Z,cnn_s2_12,val,Log-Mel CNN,0.142173171043396,0.2410693895071745
seg_005880,sample_02053,The girl just faded - Los Llamarada,1,0.9999395608901978,cnn_revised_20260919T110440Z,cnn_s2_12,val,Log-Mel CNN,0.142173171043396,0.2410693895071745
seg_005881,sample_02053,The girl just faded - Los Llamarada,1,0.9999260902404785,cnn_revised_20260919T110440Z,cnn_s2_12,val,Log-Mel CNN,0.142173171043396,0.2410693895071745
seg_005892,sample_02059,Voxel - Andy G. Cohen,1,0.9915511608123779,cnn_revised_20260919T110440Z,cnn_s2_12,val,Log-Mel CNN,0.142173171043396,0.2410693895071745
seg_005893,sample_02059,Voxel - Andy G. Cohen,1,0.9439941048622131,cnn_revised_20260919T110440Z,cnn_s2_12,val,Log-Mel CNN,0.142173171043396,0.2410693895071745
seg_005908,sample_02067,Windows of the Skull - Sarin,1,0.9993705153465271,cnn_revised_20260919T110440Z,cnn_s2_12,val,Log-Mel CNN,0.142173171043396,0.2410693895071745
seg_005909,sample_02067,Windows of the Skull - Sarin,1,0.9993987083435059,cnn_revised_20260919T110440Z,cnn_s2_12,val,Log-Mel CNN,0.142173171043396,0.2410693895071745
seg_005964,sample_02087,CopperNickle - UncleBibby,1,0.0777985081076622,cnn_revised_20260919T110440Z,cnn_s2_12,val,Log-Mel CNN,0.142173171043396,0.2410693895071745
seg_005965,sample_02087,CopperNickle - UncleBibby,1,0.6024876832962036,cnn_revised_20260919T110440Z,cnn_s2_12,val,Log-Mel CNN,0.142173171043396,0.2410693895071745
seg_005966,sample_02087,CopperNickle - UncleBibby,1,0.4107320010662079,cnn_revised_20260919T110440Z,cnn_s2_12,val,Log-Mel CNN,0.142173171043396,0.2410693895071745
seg_005967,sample_02088,CopperNickle - UncleBibby,1,0.07010730355978012,cnn_revised_20260919T110440Z,cnn_s2_12,val,Log-Mel CNN,0.142173171043396,0.2410693895071745
seg_005968,sample_02088,CopperNickle - UncleBibby,1,0.7142881155014038,cnn_revised_20260919T110440Z,cnn_s2_12,val,Log-Mel CNN,0.142173171043396,0.2410693895071745
seg_005969,sample_02088,CopperNickle - UncleBibby,1,0.05281578749418259,cnn_revised_20260919T110440Z,cnn_s2_12,val,Log-Mel CNN,0.142173171043396,0.2410693895071745
seg_005976,sample_02091,Daylight Savings - My brother Daniel,1,0.00770296948030591,cnn_revised_20260919T110440Z,cnn_s2_12,val,Log-Mel CNN,0.142173171043396,0.2410693895071745
seg_005977,sample_02091,Daylight Savings - My brother Daniel,1,0.08345088362693787,cnn_revised_20260919T110440Z,cnn_s2_12,val,Log-Mel CNN,0.142173171043396,0.2410693895071745
seg_005978,sample_02091,Daylight Savings - My brother Daniel,1,0.8448779582977295,cnn_revised_20260919T110440Z,cnn_s2_12,val,Log-Mel CNN,0.142173171043396,0.2410693895071745
seg_005979,sample_02092,Daylight Savings - My brother Daniel,1,0.9957324862480164,cnn_revised_20260919T110440Z,cnn_s2_12,val,Log-Mel CNN,0.142173171043396,0.2410693895071745
seg_005980,sample_02092,Daylight Savings - My brother Daniel,1,0.9137909412384033,cnn_revised_20260919T110440Z,cnn_s2_12,val,Log-Mel CNN,0.142173171043396,0.2410693895071745
seg_005981,sample_02092,Daylight Savings - My brother Daniel,1,0.9984318614006042,cnn_revised_20260919T110440Z,cnn_s2_12,val,Log-Mel CNN,0.142173171043396,0.2410693895071745
seg_006042,sample_02113,mystery team 2090 - Jesse Futerman,1,0.7795552015304565,cnn_revised_20260919T110440Z,cnn_s2_12,val,Log-Mel CNN,0.142173171043396,0.2410693895071745
seg_006043,sample_02113,mystery team 2090 - Jesse Futerman,1,0.9901235699653625,cnn_revised_20260919T110440Z,cnn_s2_12,val,Log-Mel CNN,0.142173171043396,0.2410693895071745
seg_006044,sample_02113,mystery team 2090 - Jesse Futerman,1,0.9979861974716187,cnn_revised_20260919T110440Z,cnn_s2_12,val,Log-Mel CNN,0.142173171043396,0.2410693895071745
seg_006045,sample_02114,mystery team 2090 - Jesse Futerman,1,0.9178187251091003,cnn_revised_20260919T110440Z,cnn_s2_12,val,Log-Mel CNN,0.142173171043396,0.2410693895071745
seg_006046,sample_02114,mystery team 2090 - Jesse Futerman,1,0.9724721312522888,cnn_revised_20260919T110440Z,cnn_s2_12,val,Log-Mel CNN,0.142173171043396,0.2410693895071745
seg_006047,sample_02114,mystery team 2090 - Jesse Futerman,1,0.9897199273109436,cnn_revised_20260919T110440Z,cnn_s2_12,val,Log-Mel CNN,0.142173171043396,0.2410693895071745
seg_006048,sample_02115,Night Drive - Decktonic,1,0.98711758852005,cnn_revised_20260919T110440Z,cnn_s2_12,val,Log-Mel CNN,0.142173171043396,0.2410693895071745
seg_006049,sample_02115,Night Drive - Decktonic,1,0.9900074005126953,cnn_revised_20260919T110440Z,cnn_s2_12,val,Log-Mel CNN,0.142173171043396,0.2410693895071745
seg_006050,sample_02115,Night Drive - Decktonic,1,0.9917240738868713,cnn_revised_20260919T110440Z,cnn_s2_12,val,Log-Mel CNN,0.142173171043396,0.2410693895071745
seg_006051,sample_02116,Night Drive - Decktonic,1,0.977760374546051,cnn_revised_20260919T110440Z,cnn_s2_12,val,Log-Mel CNN,0.142173171043396,0.2410693895071745
seg_006052,sample_02116,Night Drive - Decktonic,1,0.5385738015174866,cnn_revised_20260919T110440Z,cnn_s2_12,val,Log-Mel CNN,0.142173171043396,0.2410693895071745
seg_006053,sample_02116,Night Drive - Decktonic,1,0.2648143172264099,cnn_revised_20260919T110440Z,cnn_s2_12,val,Log-Mel CNN,0.142173171043396,0.2410693895071745
seg_006066,sample_02121,Nuo Maisemat - Paavoharju,1,0.9986006617546082,cnn_revised_20260919T110440Z,cnn_s2_12,val,Log-Mel CNN,0.142173171043396,0.2410693895071745
seg_006067,sample_02121,Nuo Maisemat - Paavoharju,1,0.08193902671337128,cnn_revised_20260919T110440Z,cnn_s2_12,val,Log-Mel CNN,0.142173171043396,0.2410693895071745
seg_006068,sample_02121,Nuo Maisemat - Paavoharju,1,0.9640099406242371,cnn_revised_20260919T110440Z,cnn_s2_12,val,Log-Mel CNN,0.142173171043396,0.2410693895071745
seg_006069,sample_02122,Nuo Maisemat - Paavoharju,1,0.659041166305542,cnn_revised_20260919T110440Z,cnn_s2_12,val,Log-Mel CNN,0.142173171043396,0.2410693895071745
seg_006070,sample_02122,Nuo Maisemat - Paavoharju,1,0.9941743016242981,cnn_revised_20260919T110440Z,cnn_s2_12,val,Log-Mel CNN,0.142173171043396,0.2410693895071745
seg_006071,sample_02122,Nuo Maisemat - Paavoharju,1,0.9979071617126465,cnn_revised_20260919T110440Z,cnn_s2_12,val,Log-Mel CNN,0.142173171043396,0.2410693895071745
seg_006150,sample_02149,SD (Ill Mix) - H-LR,1,0.9409309029579163,cnn_revised_20260919T110440Z,cnn_s2_12,val,Log-Mel CNN,0.142173171043396,0.2410693895071745
seg_006151,sample_02149,SD (Ill Mix) - H-LR,1,0.9354149103164673,cnn_revised_20260919T110440Z,cnn_s2_12,val,Log-Mel CNN,0.142173171043396,0.2410693895071745
seg_006152,sample_02149,SD (Ill Mix) - H-LR,1,0.9148381948471069,cnn_revised_20260919T110440Z,cnn_s2_12,val,Log-Mel CNN,0.142173171043396,0.2410693895071745
seg_006153,sample_02150,SD (Ill Mix) - H-LR,1,0.00887116976082325,cnn_revised_20260919T110440Z,cnn_s2_12,val,Log-Mel CNN,0.142173171043396,0.2410693895071745
seg_006154,sample_02150,SD (Ill Mix) - H-LR,1,0.060673587024211884,cnn_revised_20260919T110440Z,cnn_s2_12,val,Log-Mel CNN,0.142173171043396,0.2410693895071745
seg_006155,sample_02150,SD (Ill Mix) - H-LR,1,0.45308032631874084,cnn_revised_20260919T110440Z,cnn_s2_12,val,Log-Mel CNN,0.142173171043396,0.2410693895071745
seg_006258,sample_02185,Evil Cannot Create - Caleb Lemond,1,0.2772104740142822,cnn_revised_20260919T110440Z,cnn_s2_12,val,Log-Mel CNN,0.142173171043396,0.2410693895071745
seg_006259,sample_02185,Evil Cannot Create - Caleb Lemond,1,0.7241806387901306,cnn_revised_20260919T110440Z,cnn_s2_12,val,Log-Mel CNN,0.142173171043396,0.2410693895071745
seg_006260,sample_02185,Evil Cannot Create - Caleb Lemond,1,0.9358890056610107,cnn_revised_20260919T110440Z,cnn_s2_12,val,Log-Mel CNN,0.142173171043396,0.2410693895071745
seg_006261,sample_02186,Evil Cannot Create - Caleb Lemond,1,0.9951767921447754,cnn_revised_20260919T110440Z,cnn_s2_12,val,Log-Mel CNN,0.142173171043396,0.2410693895071745
seg_006262,sample_02186,Evil Cannot Create - Caleb Lemond,1,0.9465177059173584,cnn_revised_20260919T110440Z,cnn_s2_12,val,Log-Mel CNN,0.142173171043396,0.2410693895071745
seg_006263,sample_02186,Evil Cannot Create - Caleb Lemond,1,0.9994885921478271,cnn_revised_20260919T110440Z,cnn_s2_12,val,Log-Mel CNN,0.142173171043396,0.2410693895071745
seg_006366,sample_02221,New Life (take 1) - Bird Names,1,0.9866393208503723,cnn_revised_20260919T110440Z,cnn_s2_12,val,Log-Mel CNN,0.142173171043396,0.2410693895071745
seg_006367,sample_02221,New Life (take 1) - Bird Names,1,0.1523543894290924,cnn_revised_20260919T110440Z,cnn_s2_12,val,Log-Mel CNN,0.142173171043396,0.2410693895071745
seg_006368,sample_02221,New Life (take 1) - Bird Names,1,0.5975250601768494,cnn_revised_20260919T110440Z,cnn_s2_12,val,Log-Mel CNN,0.142173171043396,0.2410693895071745
seg_006369,sample_02222,New Life (take 1) - Bird Names,1,0.8350155353546143,cnn_revised_20260919T110440Z,cnn_s2_12,val,Log-Mel CNN,0.142173171043396,0.2410693895071745
seg_006370,sample_02222,New Life (take 1) - Bird Names,1,0.988986611366272,cnn_revised_20260919T110440Z,cnn_s2_12,val,Log-Mel CNN,0.142173171043396,0.2410693895071745
seg_006371,sample_02222,New Life (take 1) - Bird Names,1,0.9984748959541321,cnn_revised_20260919T110440Z,cnn_s2_12,val,Log-Mel CNN,0.142173171043396,0.2410693895071745
seg_006372,sample_02223,Norweigian Wood II - Bird Names,1,0.47564637660980225,cnn_revised_20260919T110440Z,cnn_s2_12,val,Log-Mel CNN,0.142173171043396,0.2410693895071745
seg_006373,sample_02223,Norweigian Wood II - Bird Names,1,0.3635227680206299,cnn_revised_20260919T110440Z,cnn_s2_12,val,Log-Mel CNN,0.142173171043396,0.2410693895071745
seg_006374,sample_02223,Norweigian Wood II - Bird Names,1,0.9539127945899963,cnn_revised_20260919T110440Z,cnn_s2_12,val,Log-Mel CNN,0.142173171043396,0.2410693895071745
seg_006375,sample_02224,Norweigian Wood II - Bird Names,1,0.7499754428863525,cnn_revised_20260919T110440Z,cnn_s2_12,val,Log-Mel CNN,0.142173171043396,0.2410693895071745
seg_006376,sample_02224,Norweigian Wood II - Bird Names,1,0.9560302495956421,cnn_revised_20260919T110440Z,cnn_s2_12,val,Log-Mel CNN,0.142173171043396,0.2410693895071745
seg_006377,sample_02224,Norweigian Wood II - Bird Names,1,0.996823787689209,cnn_revised_20260919T110440Z,cnn_s2_12,val,Log-Mel CNN,0.142173171043396,0.2410693895071745
seg_006396,sample_02231,Roller Star - Monroeville Music Center,1,0.6993390321731567,cnn_revised_20260919T110440Z,cnn_s2_12,val,Log-Mel CNN,0.142173171043396,0.2410693895071745
seg_006397,sample_02231,Roller Star - Monroeville Music Center,1,0.5056414008140564,cnn_revised_20260919T110440Z,cnn_s2_12,val,Log-Mel CNN,0.142173171043396,0.2410693895071745
seg_006398,sample_02231,Roller Star - Monroeville Music Center,1,0.7625225186347961,cnn_revised_20260919T110440Z,cnn_s2_12,val,Log-Mel CNN,0.142173171043396,0.2410693895071745
seg_006399,sample_02232,Roller Star - Monroeville Music Center,1,0.8326318264007568,cnn_revised_20260919T110440Z,cnn_s2_12,val,Log-Mel CNN,0.142173171043396,0.2410693895071745
seg_006400,sample_02232,Roller Star - Monroeville Music Center,1,0.9429630637168884,cnn_revised_20260919T110440Z,cnn_s2_12,val,Log-Mel CNN,0.142173171043396,0.2410693895071745
seg_006401,sample_02232,Roller Star - Monroeville Music Center,1,0.997048556804657,cnn_revised_20260919T110440Z,cnn_s2_12,val,Log-Mel CNN,0.142173171043396,0.2410693895071745
seg_006402,sample_02233,"Roundtrip - Oh Yeah, the Future",1,0.8064846396446228,cnn_revised_20260919T110440Z,cnn_s2_12,val,Log-Mel CNN,0.142173171043396,0.2410693895071745
seg_006403,sample_02233,"Roundtrip - Oh Yeah, the Future",1,0.34794899821281433,cnn_revised_20260919T110440Z,cnn_s2_12,val,Log-Mel CNN,0.142173171043396,0.2410693895071745
seg_006404,sample_02233,"Roundtrip - Oh Yeah, the Future",1,0.8407486081123352,cnn_revised_20260919T110440Z,cnn_s2_12,val,Log-Mel CNN,0.142173171043396,0.2410693895071745
seg_006405,sample_02234,"Roundtrip - Oh Yeah, the Future",1,0.4880193769931793,cnn_revised_20260919T110440Z,cnn_s2_12,val,Log-Mel CNN,0.142173171043396,0.2410693895071745
seg_006406,sample_02234,"Roundtrip - Oh Yeah, the Future",1,0.5260084271430969,cnn_revised_20260919T110440Z,cnn_s2_12,val,Log-Mel CNN,0.142173171043396,0.2410693895071745
seg_006407,sample_02234,"Roundtrip - Oh Yeah, the Future",1,0.811659038066864,cnn_revised_20260919T110440Z,cnn_s2_12,val,Log-Mel CNN,0.142173171043396,0.2410693895071745
seg_006420,sample_02239,Soleares&beats - Malaventura,1,0.9115384817123413,cnn_revised_20260919T110440Z,cnn_s2_12,val,Log-Mel CNN,0.142173171043396,0.2410693895071745
seg_006421,sample_02239,Soleares&beats - Malaventura,1,0.662807047367096,cnn_revised_20260919T110440Z,cnn_s2_12,val,Log-Mel CNN,0.142173171043396,0.2410693895071745
seg_006422,sample_02239,Soleares&beats - Malaventura,1,0.8440895676612854,cnn_revised_20260919T110440Z,cnn_s2_12,val,Log-Mel CNN,0.142173171043396,0.2410693895071745
seg_006423,sample_02240,Soleares&beats - Malaventura,1,0.07006180286407471,cnn_revised_20260919T110440Z,cnn_s2_12,val,Log-Mel CNN,0.142173171043396,0.2410693895071745
seg_006424,sample_02240,Soleares&beats - Malaventura,1,0.5789820551872253,cnn_revised_20260919T110440Z,cnn_s2_12,val,Log-Mel CNN,0.142173171043396,0.2410693895071745
seg_006425,sample_02240,Soleares&beats - Malaventura,1,0.49151507019996643,cnn_revised_20260919T110440Z,cnn_s2_12,val,Log-Mel CNN,0.142173171043396,0.2410693895071745
seg_006438,sample_02245,Stockholm Syndrome / People Should Be More Aware - Bird Names,1,0.9938878417015076,cnn_revised_20260919T110440Z,cnn_s2_12,val,Log-Mel CNN,0.142173171043396,0.2410693895071745
seg_006439,sample_02245,Stockholm Syndrome / People Should Be More Aware - Bird Names,1,0.8160267472267151,cnn_revised_20260919T110440Z,cnn_s2_12,val,Log-Mel CNN,0.142173171043396,0.2410693895071745
seg_006440,sample_02245,Stockholm Syndrome / People Should Be More Aware - Bird Names,1,0.8977152109146118,cnn_revised_20260919T110440Z,cnn_s2_12,val,Log-Mel CNN,0.142173171043396,0.2410693895071745
seg_006441,sample_02246,Stockholm Syndrome / People Should Be More Aware - Bird Names,1,0.927048921585083,cnn_revised_20260919T110440Z,cnn_s2_12,val,Log-Mel CNN,0.142173171043396,0.2410693895071745
seg_006442,sample_02246,Stockholm Syndrome / People Should Be More Aware - Bird Names,1,0.9612092971801758,cnn_revised_20260919T110440Z,cnn_s2_12,val,Log-Mel CNN,0.142173171043396,0.2410693895071745
seg_006443,sample_02246,Stockholm Syndrome / People Should Be More Aware - Bird Names,1,0.7362526059150696,cnn_revised_20260919T110440Z,cnn_s2_12,val,Log-Mel CNN,0.142173171043396,0.2410693895071745
seg_006480,sample_02259,Time Is Love - Silence is full of birds,1,0.9817841053009033,cnn_revised_20260919T110440Z,cnn_s2_12,val,Log-Mel CNN,0.142173171043396,0.2410693895071745
seg_006481,sample_02259,Time Is Love - Silence is full of birds,1,0.8190476894378662,cnn_revised_20260919T110440Z,cnn_s2_12,val,Log-Mel CNN,0.142173171043396,0.2410693895071745
seg_006482,sample_02259,Time Is Love - Silence is full of birds,1,0.9933484196662903,cnn_revised_20260919T110440Z,cnn_s2_12,val,Log-Mel CNN,0.142173171043396,0.2410693895071745
seg_006483,sample_02260,Time Is Love - Silence is full of birds,1,0.1279817670583725,cnn_revised_20260919T110440Z,cnn_s2_12,val,Log-Mel CNN,0.142173171043396,0.2410693895071745
seg_006484,sample_02260,Time Is Love - Silence is full of birds,1,0.18084315955638885,cnn_revised_20260919T110440Z,cnn_s2_12,val,Log-Mel CNN,0.142173171043396,0.2410693895071745
seg_006485,sample_02260,Time Is Love - Silence is full of birds,1,0.8752037286758423,cnn_revised_20260919T110440Z,cnn_s2_12,val,Log-Mel CNN,0.142173171043396,0.2410693895071745
seg_006522,sample_02273,2 (Wasn't There) - Isle of Pine,1,0.5657498836517334,cnn_revised_20260919T110440Z,cnn_s2_12,val,Log-Mel CNN,0.142173171043396,0.2410693895071745
seg_006523,sample_02273,2 (Wasn't There) - Isle of Pine,1,0.9738538861274719,cnn_revised_20260919T110440Z,cnn_s2_12,val,Log-Mel CNN,0.142173171043396,0.2410693895071745
seg_006524,sample_02273,2 (Wasn't There) - Isle of Pine,1,0.9997815489768982,cnn_revised_20260919T110440Z,cnn_s2_12,val,Log-Mel CNN,0.142173171043396,0.2410693895071745
seg_006525,sample_02274,2 (Wasn't There) - Isle of Pine,1,0.9615461826324463,cnn_revised_20260919T110440Z,cnn_s2_12,val,Log-Mel CNN,0.142173171043396,0.2410693895071745
seg_006526,sample_02274,2 (Wasn't There) - Isle of Pine,1,0.8327652812004089,cnn_revised_20260919T110440Z,cnn_s2_12,val,Log-Mel CNN,0.142173171043396,0.2410693895071745
seg_006527,sample_02274,2 (Wasn't There) - Isle of Pine,1,0.9698004722595215,cnn_revised_20260919T110440Z,cnn_s2_12,val,Log-Mel CNN,0.142173171043396,0.2410693895071745
seg_006552,sample_02283,Empty Pockets - Pete Prodoehl,1,0.9785714745521545,cnn_revised_20260919T110440Z,cnn_s2_12,val,Log-Mel CNN,0.142173171043396,0.2410693895071745
seg_006553,sample_02283,Empty Pockets - Pete Prodoehl,1,0.5539184212684631,cnn_revised_20260919T110440Z,cnn_s2_12,val,Log-Mel CNN,0.142173171043396,0.2410693895071745
seg_006554,sample_02283,Empty Pockets - Pete Prodoehl,1,0.9952284097671509,cnn_revised_20260919T110440Z,cnn_s2_12,val,Log-Mel CNN,0.142173171043396,0.2410693895071745
seg_006555,sample_02284,Empty Pockets - Pete Prodoehl,1,0.7997611165046692,cnn_revised_20260919T110440Z,cnn_s2_12,val,Log-Mel CNN,0.142173171043396,0.2410693895071745
seg_006556,sample_02284,Empty Pockets - Pete Prodoehl,1,0.23754222691059113,cnn_revised_20260919T110440Z,cnn_s2_12,val,Log-Mel CNN,0.142173171043396,0.2410693895071745
seg_006557,sample_02284,Empty Pockets - Pete Prodoehl,1,0.9260365962982178,cnn_revised_20260919T110440Z,cnn_s2_12,val,Log-Mel CNN,0.142173171043396,0.2410693895071745
seg_006570,sample_02289,Gila Monster Flop/Music History Lesson:The Sonics - The Crypts!,1,0.9165186882019043,cnn_revised_20260919T110440Z,cnn_s2_12,val,Log-Mel CNN,0.142173171043396,0.2410693895071745
seg_006571,sample_02289,Gila Monster Flop/Music History Lesson:The Sonics - The Crypts!,1,0.43380826711654663,cnn_revised_20260919T110440Z,cnn_s2_12,val,Log-Mel CNN,0.142173171043396,0.2410693895071745
seg_006572,sample_02289,Gila Monster Flop/Music History Lesson:The Sonics - The Crypts!,1,0.4183214008808136,cnn_revised_20260919T110440Z,cnn_s2_12,val,Log-Mel CNN,0.142173171043396,0.2410693895071745
seg_006573,sample_02290,Gila Monster Flop/Music History Lesson:The Sonics - The Crypts!,1,0.2655728757381439,cnn_revised_20260919T110440Z,cnn_s2_12,val,Log-Mel CNN,0.142173171043396,0.2410693895071745
seg_006574,sample_02290,Gila Monster Flop/Music History Lesson:The Sonics - The Crypts!,1,0.005372705403715372,cnn_revised_20260919T110440Z,cnn_s2_12,val,Log-Mel CNN,0.142173171043396,0.2410693895071745
seg_006575,sample_02290,Gila Monster Flop/Music History Lesson:The Sonics - The Crypts!,1,0.597317099571228,cnn_revised_20260919T110440Z,cnn_s2_12,val,Log-Mel CNN,0.142173171043396,0.2410693895071745
seg_006588,sample_02295,I Fell - Mod Fun,1,0.7644914388656616,cnn_revised_20260919T110440Z,cnn_s2_12,val,Log-Mel CNN,0.142173171043396,0.2410693895071745
seg_006589,sample_02295,I Fell - Mod Fun,1,0.3051815330982208,cnn_revised_20260919T110440Z,cnn_s2_12,val,Log-Mel CNN,0.142173171043396,0.2410693895071745
seg_006590,sample_02295,I Fell - Mod Fun,1,0.7612789273262024,cnn_revised_20260919T110440Z,cnn_s2_12,val,Log-Mel CNN,0.142173171043396,0.2410693895071745
seg_006591,sample_02296,I Fell - Mod Fun,1,0.6509081125259399,cnn_revised_20260919T110440Z,cnn_s2_12,val,Log-Mel CNN,0.142173171043396,0.2410693895071745
seg_006592,sample_02296,I Fell - Mod Fun,1,0.22047638893127441,cnn_revised_20260919T110440Z,cnn_s2_12,val,Log-Mel CNN,0.142173171043396,0.2410693895071745
seg_006593,sample_02296,I Fell - Mod Fun,1,0.9872943758964539,cnn_revised_20260919T110440Z,cnn_s2_12,val,Log-Mel CNN,0.142173171043396,0.2410693895071745
seg_006636,sample_02311,March of the GPA Mechanics - [t]ghost,1,0.8918820023536682,cnn_revised_20260919T110440Z,cnn_s2_12,val,Log-Mel CNN,0.142173171043396,0.2410693895071745
seg_006637,sample_02311,March of the GPA Mechanics - [t]ghost,1,0.17022570967674255,cnn_revised_20260919T110440Z,cnn_s2_12,val,Log-Mel CNN,0.142173171043396,0.2410693895071745
seg_006638,sample_02311,March of the GPA Mechanics - [t]ghost,1,0.44013726711273193,cnn_revised_20260919T110440Z,cnn_s2_12,val,Log-Mel CNN,0.142173171043396,0.2410693895071745
seg_006639,sample_02312,March of the GPA Mechanics - [t]ghost,1,0.9857038855552673,cnn_revised_20260919T110440Z,cnn_s2_12,val,Log-Mel CNN,0.142173171043396,0.2410693895071745
seg_006640,sample_02312,March of the GPA Mechanics - [t]ghost,1,0.2763318717479706,cnn_revised_20260919T110440Z,cnn_s2_12,val,Log-Mel CNN,0.142173171043396,0.2410693895071745
seg_006641,sample_02312,March of the GPA Mechanics - [t]ghost,1,0.9168437719345093,cnn_revised_20260919T110440Z,cnn_s2_12,val,Log-Mel CNN,0.142173171043396,0.2410693895071745
seg_006696,sample_02331,Scramby Eggs - Andy G. Cohen,1,0.6478056907653809,cnn_revised_20260919T110440Z,cnn_s2_12,val,Log-Mel CNN,0.142173171043396,0.2410693895071745
seg_006697,sample_02331,Scramby Eggs - Andy G. Cohen,1,0.976778507232666,cnn_revised_20260919T110440Z,cnn_s2_12,val,Log-Mel CNN,0.142173171043396,0.2410693895071745
seg_006698,sample_02331,Scramby Eggs - Andy G. Cohen,1,0.982623279094696,cnn_revised_20260919T110440Z,cnn_s2_12,val,Log-Mel CNN,0.142173171043396,0.2410693895071745
seg_006699,sample_02332,Scramby Eggs - Andy G. Cohen,1,0.6320667862892151,cnn_revised_20260919T110440Z,cnn_s2_12,val,Log-Mel CNN,0.142173171043396,0.2410693895071745
seg_006700,sample_02332,Scramby Eggs - Andy G. Cohen,1,0.4246175289154053,cnn_revised_20260919T110440Z,cnn_s2_12,val,Log-Mel CNN,0.142173171043396,0.2410693895071745
seg_006701,sample_02332,Scramby Eggs - Andy G. Cohen,1,0.868374228477478,cnn_revised_20260919T110440Z,cnn_s2_12,val,Log-Mel CNN,0.142173171043396,0.2410693895071745
seg_006750,sample_02349,The girl just faded - Los Llamarada,1,0.9336608052253723,cnn_revised_20260919T110440Z,cnn_s2_12,val,Log-Mel CNN,0.142173171043396,0.2410693895071745
seg_006751,sample_02349,The girl just faded - Los Llamarada,1,0.03820641338825226,cnn_revised_20260919T110440Z,cnn_s2_12,val,Log-Mel CNN,0.142173171043396,0.2410693895071745
seg_006752,sample_02349,The girl just faded - Los Llamarada,1,0.049460072070360184,cnn_revised_20260919T110440Z,cnn_s2_12,val,Log-Mel CNN,0.142173171043396,0.2410693895071745
seg_006753,sample_02350,The girl just faded - Los Llamarada,1,0.6950757503509521,cnn_revised_20260919T110440Z,cnn_s2_12,val,Log-Mel CNN,0.142173171043396,0.2410693895071745
seg_006754,sample_02350,The girl just faded - Los Llamarada,1,0.7772901654243469,cnn_revised_20260919T110440Z,cnn_s2_12,val,Log-Mel CNN,0.142173171043396,0.2410693895071745
seg_006755,sample_02350,The girl just faded - Los Llamarada,1,0.7386699914932251,cnn_revised_20260919T110440Z,cnn_s2_12,val,Log-Mel CNN,0.142173171043396,0.2410693895071745
seg_006768,sample_02355,Voxel - Andy G. Cohen,1,0.2825320363044739,cnn_revised_20260919T110440Z,cnn_s2_12,val,Log-Mel CNN,0.142173171043396,0.2410693895071745
seg_006769,sample_02355,Voxel - Andy G. Cohen,1,0.6709882020950317,cnn_revised_20260919T110440Z,cnn_s2_12,val,Log-Mel CNN,0.142173171043396,0.2410693895071745
seg_006770,sample_02355,Voxel - Andy G. Cohen,1,0.9983783960342407,cnn_revised_20260919T110440Z,cnn_s2_12,val,Log-Mel CNN,0.142173171043396,0.2410693895071745
seg_006771,sample_02356,Voxel - Andy G. Cohen,1,0.9583183526992798,cnn_revised_20260919T110440Z,cnn_s2_12,val,Log-Mel CNN,0.142173171043396,0.2410693895071745
seg_006772,sample_02356,Voxel - Andy G. Cohen,1,0.8687859773635864,cnn_revised_20260919T110440Z,cnn_s2_12,val,Log-Mel CNN,0.142173171043396,0.2410693895071745
seg_006773,sample_02356,Voxel - Andy G. Cohen,1,0.9687047004699707,cnn_revised_20260919T110440Z,cnn_s2_12,val,Log-Mel CNN,0.142173171043396,0.2410693895071745
seg_006792,sample_02363,Windows of the Skull - Sarin,1,0.9954456090927124,cnn_revised_20260919T110440Z,cnn_s2_12,val,Log-Mel CNN,0.142173171043396,0.2410693895071745
seg_006793,sample_02363,Windows of the Skull - Sarin,1,0.1795477569103241,cnn_revised_20260919T110440Z,cnn_s2_12,val,Log-Mel CNN,0.142173171043396,0.2410693895071745
seg_006794,sample_02363,Windows of the Skull - Sarin,1,0.41670161485671997,cnn_revised_20260919T110440Z,cnn_s2_12,val,Log-Mel CNN,0.142173171043396,0.2410693895071745
seg_006795,sample_02364,Windows of the Skull - Sarin,1,0.9973920583724976,cnn_revised_20260919T110440Z,cnn_s2_12,val,Log-Mel CNN,0.142173171043396,0.2410693895071745
seg_006796,sample_02364,Windows of the Skull - Sarin,1,0.7254931926727295,cnn_revised_20260919T110440Z,cnn_s2_12,val,Log-Mel CNN,0.142173171043396,0.2410693895071745
seg_006797,sample_02364,Windows of the Skull - Sarin,1,0.9972516894340515,cnn_revised_20260919T110440Z,cnn_s2_12,val,Log-Mel CNN,0.142173171043396,0.2410693895071745
seg_006810,sample_02369,Новый Нью-Йорк 2 - Чокнутый Пропеллер,1,0.6124817728996277,cnn_revised_20260919T110440Z,cnn_s2_12,val,Log-Mel CNN,0.142173171043396,0.2410693895071745
seg_006811,sample_02369,Новый Нью-Йорк 2 - Чокнутый Пропеллер,1,0.6855625510215759,cnn_revised_20260919T110440Z,cnn_s2_12,val,Log-Mel CNN,0.142173171043396,0.2410693895071745
seg_006812,sample_02369,Новый Нью-Йорк 2 - Чокнутый Пропеллер,1,0.17391276359558105,cnn_revised_20260919T110440Z,cnn_s2_12,val,Log-Mel CNN,0.142173171043396,0.2410693895071745
seg_006813,sample_02370,Новый Нью-Йорк 2 - Чокнутый Пропеллер,1,0.3682079017162323,cnn_revised_20260919T110440Z,cnn_s2_12,val,Log-Mel CNN,0.142173171043396,0.2410693895071745
seg_006814,sample_02370,Новый Нью-Йорк 2 - Чокнутый Пропеллер,1,0.24841350317001343,cnn_revised_20260919T110440Z,cnn_s2_12,val,Log-Mel CNN,0.142173171043396,0.2410693895071745
seg_006815,sample_02370,Новый Нью-Йорк 2 - Чокнутый Пропеллер,1,0.6092170476913452,cnn_revised_20260919T110440Z,cnn_s2_12,val,Log-Mel CNN,0.142173171043396,0.2410693895071745
seg_006864,sample_02387,CopperNickle - UncleBibby,1,0.9914165139198303,cnn_revised_20260919T110440Z,cnn_s2_12,val,Log-Mel CNN,0.142173171043396,0.2410693895071745
seg_006865,sample_02387,CopperNickle - UncleBibby,1,0.9826867580413818,cnn_revised_20260919T110440Z,cnn_s2_12,val,Log-Mel CNN,0.142173171043396,0.2410693895071745
seg_006866,sample_02387,CopperNickle - UncleBibby,1,0.991791844367981,cnn_revised_20260919T110440Z,cnn_s2_12,val,Log-Mel CNN,0.142173171043396,0.2410693895071745
seg_006867,sample_02388,CopperNickle - UncleBibby,1,0.9220221042633057,cnn_revised_20260919T110440Z,cnn_s2_12,val,Log-Mel CNN,0.142173171043396,0.2410693895071745
seg_006868,sample_02388,CopperNickle - UncleBibby,1,0.6772724986076355,cnn_revised_20260919T110440Z,cnn_s2_12,val,Log-Mel CNN,0.142173171043396,0.2410693895071745
seg_006869,sample_02388,CopperNickle - UncleBibby,1,0.9918540716171265,cnn_revised_20260919T110440Z,cnn_s2_12,val,Log-Mel CNN,0.142173171043396,0.2410693895071745
seg_006876,sample_02391,Daylight Savings - My brother Daniel,1,0.9142659902572632,cnn_revised_20260919T110440Z,cnn_s2_12,val,Log-Mel CNN,0.142173171043396,0.2410693895071745
seg_006877,sample_02391,Daylight Savings - My brother Daniel,1,0.7856543064117432,cnn_revised_20260919T110440Z,cnn_s2_12,val,Log-Mel CNN,0.142173171043396,0.2410693895071745
seg_006878,sample_02391,Daylight Savings - My brother Daniel,1,0.9985540509223938,cnn_revised_20260919T110440Z,cnn_s2_12,val,Log-Mel CNN,0.142173171043396,0.2410693895071745
seg_006879,sample_02392,Daylight Savings - My brother Daniel,1,0.2529750168323517,cnn_revised_20260919T110440Z,cnn_s2_12,val,Log-Mel CNN,0.142173171043396,0.2410693895071745
seg_006880,sample_02392,Daylight Savings - My brother Daniel,1,0.785489559173584,cnn_revised_20260919T110440Z,cnn_s2_12,val,Log-Mel CNN,0.142173171043396,0.2410693895071745
seg_006881,sample_02392,Daylight Savings - My brother Daniel,1,0.9231473803520203,cnn_revised_20260919T110440Z,cnn_s2_12,val,Log-Mel CNN,0.142173171043396,0.2410693895071745
seg_006942,sample_02413,mystery team 2090 - Jesse Futerman,1,0.6464317440986633,cnn_revised_20260919T110440Z,cnn_s2_12,val,Log-Mel CNN,0.142173171043396,0.2410693895071745
seg_006943,sample_02413,mystery team 2090 - Jesse Futerman,1,0.5532208681106567,cnn_revised_20260919T110440Z,cnn_s2_12,val,Log-Mel CNN,0.142173171043396,0.2410693895071745
seg_006944,sample_02413,mystery team 2090 - Jesse Futerman,1,0.9317502379417419,cnn_revised_20260919T110440Z,cnn_s2_12,val,Log-Mel CNN,0.142173171043396,0.2410693895071745
seg_006945,sample_02414,mystery team 2090 - Jesse Futerman,1,0.4459056854248047,cnn_revised_20260919T110440Z,cnn_s2_12,val,Log-Mel CNN,0.142173171043396,0.2410693895071745
seg_006946,sample_02414,mystery team 2090 - Jesse Futerman,1,0.8120395541191101,cnn_revised_20260919T110440Z,cnn_s2_12,val,Log-Mel CNN,0.142173171043396,0.2410693895071745
seg_006947,sample_02414,mystery team 2090 - Jesse Futerman,1,0.9988434314727783,cnn_revised_20260919T110440Z,cnn_s2_12,val,Log-Mel CNN,0.142173171043396,0.2410693895071745
seg_006948,sample_02415,Night Drive - Decktonic,1,0.699108362197876,cnn_revised_20260919T110440Z,cnn_s2_12,val,Log-Mel CNN,0.142173171043396,0.2410693895071745
seg_006949,sample_02415,Night Drive - Decktonic,1,0.5011676549911499,cnn_revised_20260919T110440Z,cnn_s2_12,val,Log-Mel CNN,0.142173171043396,0.2410693895071745
seg_006950,sample_02415,Night Drive - Decktonic,1,0.994201123714447,cnn_revised_20260919T110440Z,cnn_s2_12,val,Log-Mel CNN,0.142173171043396,0.2410693895071745
seg_006951,sample_02416,Night Drive - Decktonic,1,0.9522624015808105,cnn_revised_20260919T110440Z,cnn_s2_12,val,Log-Mel CNN,0.142173171043396,0.2410693895071745
seg_006952,sample_02416,Night Drive - Decktonic,1,0.46526452898979187,cnn_revised_20260919T110440Z,cnn_s2_12,val,Log-Mel CNN,0.142173171043396,0.2410693895071745
seg_006953,sample_02416,Night Drive - Decktonic,1,0.9978674650192261,cnn_revised_20260919T110440Z,cnn_s2_12,val,Log-Mel CNN,0.142173171043396,0.2410693895071745
seg_006966,sample_02421,Nuo Maisemat - Paavoharju,1,0.5988626480102539,cnn_revised_20260919T110440Z,cnn_s2_12,val,Log-Mel CNN,0.142173171043396,0.2410693895071745
seg_006967,sample_02421,Nuo Maisemat - Paavoharju,1,0.06767630577087402,cnn_revised_20260919T110440Z,cnn_s2_12,val,Log-Mel CNN,0.142173171043396,0.2410693895071745
seg_006968,sample_02421,Nuo Maisemat - Paavoharju,1,0.28563156723976135,cnn_revised_20260919T110440Z,cnn_s2_12,val,Log-Mel CNN,0.142173171043396,0.2410693895071745
seg_006969,sample_02422,Nuo Maisemat - Paavoharju,1,0.6593725085258484,cnn_revised_20260919T110440Z,cnn_s2_12,val,Log-Mel CNN,0.142173171043396,0.2410693895071745
seg_006970,sample_02422,Nuo Maisemat - Paavoharju,1,0.0383451022207737,cnn_revised_20260919T110440Z,cnn_s2_12,val,Log-Mel CNN,0.142173171043396,0.2410693895071745
seg_006971,sample_02422,Nuo Maisemat - Paavoharju,1,0.46827369928359985,cnn_revised_20260919T110440Z,cnn_s2_12,val,Log-Mel CNN,0.142173171043396,0.2410693895071745
seg_007050,sample_02449,SD (Ill Mix) - H-LR,1,0.3103131949901581,cnn_revised_20260919T110440Z,cnn_s2_12,val,Log-Mel CNN,0.142173171043396,0.2410693895071745
seg_007051,sample_02449,SD (Ill Mix) - H-LR,1,0.37035104632377625,cnn_revised_20260919T110440Z,cnn_s2_12,val,Log-Mel CNN,0.142173171043396,0.2410693895071745
seg_007052,sample_02449,SD (Ill Mix) - H-LR,1,0.9832041263580322,cnn_revised_20260919T110440Z,cnn_s2_12,val,Log-Mel CNN,0.142173171043396,0.2410693895071745
seg_007053,sample_02450,SD (Ill Mix) - H-LR,1,0.7972079515457153,cnn_revised_20260919T110440Z,cnn_s2_12,val,Log-Mel CNN,0.142173171043396,0.2410693895071745
seg_007054,sample_02450,SD (Ill Mix) - H-LR,1,0.8042327165603638,cnn_revised_20260919T110440Z,cnn_s2_12,val,Log-Mel CNN,0.142173171043396,0.2410693895071745
seg_007055,sample_02450,SD (Ill Mix) - H-LR,1,0.9811310768127441,cnn_revised_20260919T110440Z,cnn_s2_12,val,Log-Mel CNN,0.142173171043396,0.2410693895071745
seg_007158,sample_02485,Evil Cannot Create - Caleb Lemond,1,0.008388656191527843,cnn_revised_20260919T110440Z,cnn_s2_12,val,Log-Mel CNN,0.142173171043396,0.2410693895071745
seg_007159,sample_02485,Evil Cannot Create - Caleb Lemond,1,0.8929442763328552,cnn_revised_20260919T110440Z,cnn_s2_12,val,Log-Mel CNN,0.142173171043396,0.2410693895071745
seg_007160,sample_02485,Evil Cannot Create - Caleb Lemond,1,0.6890047192573547,cnn_revised_20260919T110440Z,cnn_s2_12,val,Log-Mel CNN,0.142173171043396,0.2410693895071745
seg_007161,sample_02486,Evil Cannot Create - Caleb Lemond,1,0.32860931754112244,cnn_revised_20260919T110440Z,cnn_s2_12,val,Log-Mel CNN,0.142173171043396,0.2410693895071745
seg_007162,sample_02486,Evil Cannot Create - Caleb Lemond,1,0.6469509601593018,cnn_revised_20260919T110440Z,cnn_s2_12,val,Log-Mel CNN,0.142173171043396,0.2410693895071745
seg_007163,sample_02486,Evil Cannot Create - Caleb Lemond,1,0.4397630989551544,cnn_revised_20260919T110440Z,cnn_s2_12,val,Log-Mel CNN,0.142173171043396,0.2410693895071745
seg_007266,sample_02521,New Life (take 1) - Bird Names,1,0.3002987802028656,cnn_revised_20260919T110440Z,cnn_s2_12,val,Log-Mel CNN,0.142173171043396,0.2410693895071745
seg_007267,sample_02521,New Life (take 1) - Bird Names,1,0.47041943669319153,cnn_revised_20260919T110440Z,cnn_s2_12,val,Log-Mel CNN,0.142173171043396,0.2410693895071745
seg_007268,sample_02521,New Life (take 1) - Bird Names,1,0.9956503510475159,cnn_revised_20260919T110440Z,cnn_s2_12,val,Log-Mel CNN,0.142173171043396,0.2410693895071745
seg_007269,sample_02522,New Life (take 1) - Bird Names,1,0.214859277009964,cnn_revised_20260919T110440Z,cnn_s2_12,val,Log-Mel CNN,0.142173171043396,0.2410693895071745
seg_007270,sample_02522,New Life (take 1) - Bird Names,1,0.04844937473535538,cnn_revised_20260919T110440Z,cnn_s2_12,val,Log-Mel CNN,0.142173171043396,0.2410693895071745
seg_007271,sample_02522,New Life (take 1) - Bird Names,1,0.09134766459465027,cnn_revised_20260919T110440Z,cnn_s2_12,val,Log-Mel CNN,0.142173171043396,0.2410693895071745
seg_007272,sample_02523,Norweigian Wood II - Bird Names,1,0.3056730628013611,cnn_revised_20260919T110440Z,cnn_s2_12,val,Log-Mel CNN,0.142173171043396,0.2410693895071745
seg_007273,sample_02523,Norweigian Wood II - Bird Names,1,0.8883995413780212,cnn_revised_20260919T110440Z,cnn_s2_12,val,Log-Mel CNN,0.142173171043396,0.2410693895071745
seg_007274,sample_02523,Norweigian Wood II - Bird Names,1,0.999314546585083,cnn_revised_20260919T110440Z,cnn_s2_12,val,Log-Mel CNN,0.142173171043396,0.2410693895071745
seg_007275,sample_02524,Norweigian Wood II - Bird Names,1,0.5815121531486511,cnn_revised_20260919T110440Z,cnn_s2_12,val,Log-Mel CNN,0.142173171043396,0.2410693895071745
seg_007276,sample_02524,Norweigian Wood II - Bird Names,1,0.16346482932567596,cnn_revised_20260919T110440Z,cnn_s2_12,val,Log-Mel CNN,0.142173171043396,0.2410693895071745
seg_007277,sample_02524,Norweigian Wood II - Bird Names,1,0.1543153077363968,cnn_revised_20260919T110440Z,cnn_s2_12,val,Log-Mel CNN,0.142173171043396,0.2410693895071745
seg_007296,sample_02531,Roller Star - Monroeville Music Center,1,0.9108637571334839,cnn_revised_20260919T110440Z,cnn_s2_12,val,Log-Mel CNN,0.142173171043396,0.2410693895071745
seg_007297,sample_02531,Roller Star - Monroeville Music Center,1,0.6699859499931335,cnn_revised_20260919T110440Z,cnn_s2_12,val,Log-Mel CNN,0.142173171043396,0.2410693895071745
seg_007298,sample_02531,Roller Star - Monroeville Music Center,1,0.8493636250495911,cnn_revised_20260919T110440Z,cnn_s2_12,val,Log-Mel CNN,0.142173171043396,0.2410693895071745
seg_007299,sample_02532,Roller Star - Monroeville Music Center,1,0.06943316757678986,cnn_revised_20260919T110440Z,cnn_s2_12,val,Log-Mel CNN,0.142173171043396,0.2410693895071745
seg_007300,sample_02532,Roller Star - Monroeville Music Center,1,0.9605260491371155,cnn_revised_20260919T110440Z,cnn_s2_12,val,Log-Mel CNN,0.142173171043396,0.2410693895071745
seg_007301,sample_02532,Roller Star - Monroeville Music Center,1,0.9884668588638306,cnn_revised_20260919T110440Z,cnn_s2_12,val,Log-Mel CNN,0.142173171043396,0.2410693895071745
seg_007302,sample_02533,"Roundtrip - Oh Yeah, the Future",1,0.834160566329956,cnn_revised_20260919T110440Z,cnn_s2_12,val,Log-Mel CNN,0.142173171043396,0.2410693895071745
seg_007303,sample_02533,"Roundtrip - Oh Yeah, the Future",1,0.9611713886260986,cnn_revised_20260919T110440Z,cnn_s2_12,val,Log-Mel CNN,0.142173171043396,0.2410693895071745
seg_007304,sample_02533,"Roundtrip - Oh Yeah, the Future",1,0.9553229808807373,cnn_revised_20260919T110440Z,cnn_s2_12,val,Log-Mel CNN,0.142173171043396,0.2410693895071745
seg_007305,sample_02534,"Roundtrip - Oh Yeah, the Future",1,0.4661176800727844,cnn_revised_20260919T110440Z,cnn_s2_12,val,Log-Mel CNN,0.142173171043396,0.2410693895071745
seg_007306,sample_02534,"Roundtrip - Oh Yeah, the Future",1,0.9992790818214417,cnn_revised_20260919T110440Z,cnn_s2_12,val,Log-Mel CNN,0.142173171043396,0.2410693895071745
seg_007307,sample_02534,"Roundtrip - Oh Yeah, the Future",1,0.9184937477111816,cnn_revised_20260919T110440Z,cnn_s2_12,val,Log-Mel CNN,0.142173171043396,0.2410693895071745
seg_007320,sample_02539,Soleares&beats - Malaventura,1,0.9148737192153931,cnn_revised_20260919T110440Z,cnn_s2_12,val,Log-Mel CNN,0.142173171043396,0.2410693895071745
seg_007321,sample_02539,Soleares&beats - Malaventura,1,0.9574317336082458,cnn_revised_20260919T110440Z,cnn_s2_12,val,Log-Mel CNN,0.142173171043396,0.2410693895071745
seg_007322,sample_02539,Soleares&beats - Malaventura,1,0.747430682182312,cnn_revised_20260919T110440Z,cnn_s2_12,val,Log-Mel CNN,0.142173171043396,0.2410693895071745
seg_007323,sample_02540,Soleares&beats - Malaventura,1,0.24561111629009247,cnn_revised_20260919T110440Z,cnn_s2_12,val,Log-Mel CNN,0.142173171043396,0.2410693895071745
seg_007324,sample_02540,Soleares&beats - Malaventura,1,0.11389696598052979,cnn_revised_20260919T110440Z,cnn_s2_12,val,Log-Mel CNN,0.142173171043396,0.2410693895071745
seg_007325,sample_02540,Soleares&beats - Malaventura,1,0.8902230262756348,cnn_revised_20260919T110440Z,cnn_s2_12,val,Log-Mel CNN,0.142173171043396,0.2410693895071745
seg_007338,sample_02545,Stockholm Syndrome / People Should Be More Aware - Bird Names,1,0.39847537875175476,cnn_revised_20260919T110440Z,cnn_s2_12,val,Log-Mel CNN,0.142173171043396,0.2410693895071745
seg_007339,sample_02545,Stockholm Syndrome / People Should Be More Aware - Bird Names,1,0.6328775882720947,cnn_revised_20260919T110440Z,cnn_s2_12,val,Log-Mel CNN,0.142173171043396,0.2410693895071745
seg_007340,sample_02545,Stockholm Syndrome / People Should Be More Aware - Bird Names,1,0.5393757224082947,cnn_revised_20260919T110440Z,cnn_s2_12,val,Log-Mel CNN,0.142173171043396,0.2410693895071745
seg_007341,sample_02546,Stockholm Syndrome / People Should Be More Aware - Bird Names,1,0.01750396378338337,cnn_revised_20260919T110440Z,cnn_s2_12,val,Log-Mel CNN,0.142173171043396,0.2410693895071745
seg_007342,sample_02546,Stockholm Syndrome / People Should Be More Aware - Bird Names,1,0.43671655654907227,cnn_revised_20260919T110440Z,cnn_s2_12,val,Log-Mel CNN,0.142173171043396,0.2410693895071745
seg_007343,sample_02546,Stockholm Syndrome / People Should Be More Aware - Bird Names,1,0.08598533272743225,cnn_revised_20260919T110440Z,cnn_s2_12,val,Log-Mel CNN,0.142173171043396,0.2410693895071745
seg_007380,sample_02559,Time Is Love - Silence is full of birds,1,0.586020827293396,cnn_revised_20260919T110440Z,cnn_s2_12,val,Log-Mel CNN,0.142173171043396,0.2410693895071745
seg_007381,sample_02559,Time Is Love - Silence is full of birds,1,0.7817774415016174,cnn_revised_20260919T110440Z,cnn_s2_12,val,Log-Mel CNN,0.142173171043396,0.2410693895071745
seg_007382,sample_02559,Time Is Love - Silence is full of birds,1,0.9922084212303162,cnn_revised_20260919T110440Z,cnn_s2_12,val,Log-Mel CNN,0.142173171043396,0.2410693895071745
seg_007383,sample_02560,Time Is Love - Silence is full of birds,1,0.8215196132659912,cnn_revised_20260919T110440Z,cnn_s2_12,val,Log-Mel CNN,0.142173171043396,0.2410693895071745
seg_007384,sample_02560,Time Is Love - Silence is full of birds,1,0.9027687907218933,cnn_revised_20260919T110440Z,cnn_s2_12,val,Log-Mel CNN,0.142173171043396,0.2410693895071745
seg_007385,sample_02560,Time Is Love - Silence is full of birds,1,0.5536758899688721,cnn_revised_20260919T110440Z,cnn_s2_12,val,Log-Mel CNN,0.142173171043396,0.2410693895071745
seg_007422,sample_02573,2 (Wasn't There) - Isle of Pine,1,0.43115726113319397,cnn_revised_20260919T110440Z,cnn_s2_12,val,Log-Mel CNN,0.142173171043396,0.2410693895071745
seg_007423,sample_02573,2 (Wasn't There) - Isle of Pine,1,0.9991832375526428,cnn_revised_20260919T110440Z,cnn_s2_12,val,Log-Mel CNN,0.142173171043396,0.2410693895071745
seg_007424,sample_02573,2 (Wasn't There) - Isle of Pine,1,0.9762242436408997,cnn_revised_20260919T110440Z,cnn_s2_12,val,Log-Mel CNN,0.142173171043396,0.2410693895071745
seg_007425,sample_02574,2 (Wasn't There) - Isle of Pine,1,0.025917794555425644,cnn_revised_20260919T110440Z,cnn_s2_12,val,Log-Mel CNN,0.142173171043396,0.2410693895071745
seg_007426,sample_02574,2 (Wasn't There) - Isle of Pine,1,0.25683388113975525,cnn_revised_20260919T110440Z,cnn_s2_12,val,Log-Mel CNN,0.142173171043396,0.2410693895071745
seg_007427,sample_02574,2 (Wasn't There) - Isle of Pine,1,0.9875094294548035,cnn_revised_20260919T110440Z,cnn_s2_12,val,Log-Mel CNN,0.142173171043396,0.2410693895071745
seg_007452,sample_02583,Empty Pockets - Pete Prodoehl,1,0.9039961695671082,cnn_revised_20260919T110440Z,cnn_s2_12,val,Log-Mel CNN,0.142173171043396,0.2410693895071745
seg_007453,sample_02583,Empty Pockets - Pete Prodoehl,1,0.794754683971405,cnn_revised_20260919T110440Z,cnn_s2_12,val,Log-Mel CNN,0.142173171043396,0.2410693895071745
seg_007454,sample_02583,Empty Pockets - Pete Prodoehl,1,0.9993472695350647,cnn_revised_20260919T110440Z,cnn_s2_12,val,Log-Mel CNN,0.142173171043396,0.2410693895071745
seg_007455,sample_02584,Empty Pockets - Pete Prodoehl,1,0.041111644357442856,cnn_revised_20260919T110440Z,cnn_s2_12,val,Log-Mel CNN,0.142173171043396,0.2410693895071745
seg_007456,sample_02584,Empty Pockets - Pete Prodoehl,1,0.08186522126197815,cnn_revised_20260919T110440Z,cnn_s2_12,val,Log-Mel CNN,0.142173171043396,0.2410693895071745
seg_007457,sample_02584,Empty Pockets - Pete Prodoehl,1,0.11162907630205154,cnn_revised_20260919T110440Z,cnn_s2_12,val,Log-Mel CNN,0.142173171043396,0.2410693895071745
seg_007470,sample_02589,Gila Monster Flop/Music History Lesson:The Sonics - The Crypts!,1,0.916179358959198,cnn_revised_20260919T110440Z,cnn_s2_12,val,Log-Mel CNN,0.142173171043396,0.2410693895071745
seg_007471,sample_02589,Gila Monster Flop/Music History Lesson:The Sonics - The Crypts!,1,0.3252461552619934,cnn_revised_20260919T110440Z,cnn_s2_12,val,Log-Mel CNN,0.142173171043396,0.2410693895071745
seg_007472,sample_02589,Gila Monster Flop/Music History Lesson:The Sonics - The Crypts!,1,0.998553454875946,cnn_revised_20260919T110440Z,cnn_s2_12,val,Log-Mel CNN,0.142173171043396,0.2410693895071745
seg_007473,sample_02590,Gila Monster Flop/Music History Lesson:The Sonics - The Crypts!,1,0.11117415875196457,cnn_revised_20260919T110440Z,cnn_s2_12,val,Log-Mel CNN,0.142173171043396,0.2410693895071745
seg_007474,sample_02590,Gila Monster Flop/Music History Lesson:The Sonics - The Crypts!,1,0.013563143089413643,cnn_revised_20260919T110440Z,cnn_s2_12,val,Log-Mel CNN,0.142173171043396,0.2410693895071745
seg_007475,sample_02590,Gila Monster Flop/Music History Lesson:The Sonics - The Crypts!,1,0.5984708666801453,cnn_revised_20260919T110440Z,cnn_s2_12,val,Log-Mel CNN,0.142173171043396,0.2410693895071745
seg_007488,sample_02595,I Fell - Mod Fun,1,0.603220522403717,cnn_revised_20260919T110440Z,cnn_s2_12,val,Log-Mel CNN,0.142173171043396,0.2410693895071745
seg_007489,sample_02595,I Fell - Mod Fun,1,0.8764482736587524,cnn_revised_20260919T110440Z,cnn_s2_12,val,Log-Mel CNN,0.142173171043396,0.2410693895071745
seg_007490,sample_02595,I Fell - Mod Fun,1,0.9967455863952637,cnn_revised_20260919T110440Z,cnn_s2_12,val,Log-Mel CNN,0.142173171043396,0.2410693895071745
seg_007491,sample_02596,I Fell - Mod Fun,1,0.4386212229728699,cnn_revised_20260919T110440Z,cnn_s2_12,val,Log-Mel CNN,0.142173171043396,0.2410693895071745
seg_007492,sample_02596,I Fell - Mod Fun,1,0.2617349326610565,cnn_revised_20260919T110440Z,cnn_s2_12,val,Log-Mel CNN,0.142173171043396,0.2410693895071745
seg_007493,sample_02596,I Fell - Mod Fun,1,0.9947744011878967,cnn_revised_20260919T110440Z,cnn_s2_12,val,Log-Mel CNN,0.142173171043396,0.2410693895071745
seg_007536,sample_02611,March of the GPA Mechanics - [t]ghost,1,0.527719259262085,cnn_revised_20260919T110440Z,cnn_s2_12,val,Log-Mel CNN,0.142173171043396,0.2410693895071745
seg_007537,sample_02611,March of the GPA Mechanics - [t]ghost,1,0.654877781867981,cnn_revised_20260919T110440Z,cnn_s2_12,val,Log-Mel CNN,0.142173171043396,0.2410693895071745
seg_007538,sample_02611,March of the GPA Mechanics - [t]ghost,1,0.9998512268066406,cnn_revised_20260919T110440Z,cnn_s2_12,val,Log-Mel CNN,0.142173171043396,0.2410693895071745
seg_007539,sample_02612,March of the GPA Mechanics - [t]ghost,1,0.5130648016929626,cnn_revised_20260919T110440Z,cnn_s2_12,val,Log-Mel CNN,0.142173171043396,0.2410693895071745
seg_007540,sample_02612,March of the GPA Mechanics - [t]ghost,1,0.8401025533676147,cnn_revised_20260919T110440Z,cnn_s2_12,val,Log-Mel CNN,0.142173171043396,0.2410693895071745
seg_007541,sample_02612,March of the GPA Mechanics - [t]ghost,1,0.8736893534660339,cnn_revised_20260919T110440Z,cnn_s2_12,val,Log-Mel CNN,0.142173171043396,0.2410693895071745
seg_007596,sample_02631,Scramby Eggs - Andy G. Cohen,1,0.9160150289535522,cnn_revised_20260919T110440Z,cnn_s2_12,val,Log-Mel CNN,0.142173171043396,0.2410693895071745
seg_007597,sample_02631,Scramby Eggs - Andy G. Cohen,1,0.032065387815237045,cnn_revised_20260919T110440Z,cnn_s2_12,val,Log-Mel CNN,0.142173171043396,0.2410693895071745
seg_007598,sample_02631,Scramby Eggs - Andy G. Cohen,1,0.3919590711593628,cnn_revised_20260919T110440Z,cnn_s2_12,val,Log-Mel CNN,0.142173171043396,0.2410693895071745
seg_007599,sample_02632,Scramby Eggs - Andy G. Cohen,1,0.7988502383232117,cnn_revised_20260919T110440Z,cnn_s2_12,val,Log-Mel CNN,0.142173171043396,0.2410693895071745
seg_007600,sample_02632,Scramby Eggs - Andy G. Cohen,1,0.4336704909801483,cnn_revised_20260919T110440Z,cnn_s2_12,val,Log-Mel CNN,0.142173171043396,0.2410693895071745
seg_007601,sample_02632,Scramby Eggs - Andy G. Cohen,1,0.9656906723976135,cnn_revised_20260919T110440Z,cnn_s2_12,val,Log-Mel CNN,0.142173171043396,0.2410693895071745
seg_007650,sample_02649,The girl just faded - Los Llamarada,1,0.9640925526618958,cnn_revised_20260919T110440Z,cnn_s2_12,val,Log-Mel CNN,0.142173171043396,0.2410693895071745
seg_007651,sample_02649,The girl just faded - Los Llamarada,1,0.9732513427734375,cnn_revised_20260919T110440Z,cnn_s2_12,val,Log-Mel CNN,0.142173171043396,0.2410693895071745
seg_007652,sample_02649,The girl just faded - Los Llamarada,1,0.7640865445137024,cnn_revised_20260919T110440Z,cnn_s2_12,val,Log-Mel CNN,0.142173171043396,0.2410693895071745
seg_007653,sample_02650,The girl just faded - Los Llamarada,1,0.044319164007902145,cnn_revised_20260919T110440Z,cnn_s2_12,val,Log-Mel CNN,0.142173171043396,0.2410693895071745
seg_007654,sample_02650,The girl just faded - Los Llamarada,1,0.004500819370150566,cnn_revised_20260919T110440Z,cnn_s2_12,val,Log-Mel CNN,0.142173171043396,0.2410693895071745
seg_007655,sample_02650,The girl just faded - Los Llamarada,1,0.9254587292671204,cnn_revised_20260919T110440Z,cnn_s2_12,val,Log-Mel CNN,0.142173171043396,0.2410693895071745
seg_007668,sample_02655,Voxel - Andy G. Cohen,1,0.9570057392120361,cnn_revised_20260919T110440Z,cnn_s2_12,val,Log-Mel CNN,0.142173171043396,0.2410693895071745
seg_007669,sample_02655,Voxel - Andy G. Cohen,1,0.7439154386520386,cnn_revised_20260919T110440Z,cnn_s2_12,val,Log-Mel CNN,0.142173171043396,0.2410693895071745
seg_007670,sample_02655,Voxel - Andy G. Cohen,1,0.47095128893852234,cnn_revised_20260919T110440Z,cnn_s2_12,val,Log-Mel CNN,0.142173171043396,0.2410693895071745
seg_007671,sample_02656,Voxel - Andy G. Cohen,1,0.8629934787750244,cnn_revised_20260919T110440Z,cnn_s2_12,val,Log-Mel CNN,0.142173171043396,0.2410693895071745
seg_007672,sample_02656,Voxel - Andy G. Cohen,1,0.39784327149391174,cnn_revised_20260919T110440Z,cnn_s2_12,val,Log-Mel CNN,0.142173171043396,0.2410693895071745
seg_007673,sample_02656,Voxel - Andy G. Cohen,1,0.7850955128669739,cnn_revised_20260919T110440Z,cnn_s2_12,val,Log-Mel CNN,0.142173171043396,0.2410693895071745
seg_007692,sample_02663,Windows of the Skull - Sarin,1,0.25904205441474915,cnn_revised_20260919T110440Z,cnn_s2_12,val,Log-Mel CNN,0.142173171043396,0.2410693895071745
seg_007693,sample_02663,Windows of the Skull - Sarin,1,0.38334745168685913,cnn_revised_20260919T110440Z,cnn_s2_12,val,Log-Mel CNN,0.142173171043396,0.2410693895071745
seg_007694,sample_02663,Windows of the Skull - Sarin,1,0.9991771578788757,cnn_revised_20260919T110440Z,cnn_s2_12,val,Log-Mel CNN,0.142173171043396,0.2410693895071745
seg_007695,sample_02664,Windows of the Skull - Sarin,1,0.870002269744873,cnn_revised_20260919T110440Z,cnn_s2_12,val,Log-Mel CNN,0.142173171043396,0.2410693895071745
seg_007696,sample_02664,Windows of the Skull - Sarin,1,0.09703964740037918,cnn_revised_20260919T110440Z,cnn_s2_12,val,Log-Mel CNN,0.142173171043396,0.2410693895071745
seg_007697,sample_02664,Windows of the Skull - Sarin,1,0.9976782202720642,cnn_revised_20260919T110440Z,cnn_s2_12,val,Log-Mel CNN,0.142173171043396,0.2410693895071745
seg_007710,sample_02669,Новый Нью-Йорк 2 - Чокнутый Пропеллер,1,0.34700945019721985,cnn_revised_20260919T110440Z,cnn_s2_12,val,Log-Mel CNN,0.142173171043396,0.2410693895071745
seg_007711,sample_02669,Новый Нью-Йорк 2 - Чокнутый Пропеллер,1,0.148220956325531,cnn_revised_20260919T110440Z,cnn_s2_12,val,Log-Mel CNN,0.142173171043396,0.2410693895071745
seg_007712,sample_02669,Новый Нью-Йорк 2 - Чокнутый Пропеллер,1,0.009776477701961994,cnn_revised_20260919T110440Z,cnn_s2_12,val,Log-Mel CNN,0.142173171043396,0.2410693895071745
seg_007713,sample_02670,Новый Нью-Йорк 2 - Чокнутый Пропеллер,1,0.822902500629425,cnn_revised_20260919T110440Z,cnn_s2_12,val,Log-Mel CNN,0.142173171043396,0.2410693895071745
seg_007714,sample_02670,Новый Нью-Йорк 2 - Чокнутый Пропеллер,1,0.8632296919822693,cnn_revised_20260919T110440Z,cnn_s2_12,val,Log-Mel CNN,0.142173171043396,0.2410693895071745
seg_007715,sample_02670,Новый Нью-Йорк 2 - Чокнутый Пропеллер,1,0.9434839487075806,cnn_revised_20260919T110440Z,cnn_s2_12,val,Log-Mel CNN,0.142173171043396,0.2410693895071745
seg_007737,sample_02678,CopperNickle - UncleBibby,1,0.9205374121665955,cnn_revised_20260919T110440Z,cnn_s2_12,val,Log-Mel CNN,0.142173171043396,0.2410693895071745
seg_007738,sample_02678,CopperNickle - UncleBibby,1,0.5695964097976685,cnn_revised_20260919T110440Z,cnn_s2_12,val,Log-Mel CNN,0.142173171043396,0.2410693895071745
seg_007739,sample_02678,CopperNickle - UncleBibby,1,0.999876856803894,cnn_revised_20260919T110440Z,cnn_s2_12,val,Log-Mel CNN,0.142173171043396,0.2410693895071745
seg_007743,sample_02680,Daylight Savings - My brother Daniel,1,0.6478732228279114,cnn_revised_20260919T110440Z,cnn_s2_12,val,Log-Mel CNN,0.142173171043396,0.2410693895071745
seg_007744,sample_02680,Daylight Savings - My brother Daniel,1,0.9716867804527283,cnn_revised_20260919T110440Z,cnn_s2_12,val,Log-Mel CNN,0.142173171043396,0.2410693895071745
seg_007745,sample_02680,Daylight Savings - My brother Daniel,1,0.9967997074127197,cnn_revised_20260919T110440Z,cnn_s2_12,val,Log-Mel CNN,0.142173171043396,0.2410693895071745
seg_007770,sample_02689,mystery team 2090 - Jesse Futerman,1,0.9834446907043457,cnn_revised_20260919T110440Z,cnn_s2_12,val,Log-Mel CNN,0.142173171043396,0.2410693895071745
seg_007771,sample_02689,mystery team 2090 - Jesse Futerman,1,0.428261935710907,cnn_revised_20260919T110440Z,cnn_s2_12,val,Log-Mel CNN,0.142173171043396,0.2410693895071745
seg_007772,sample_02689,mystery team 2090 - Jesse Futerman,1,0.9989005327224731,cnn_revised_20260919T110440Z,cnn_s2_12,val,Log-Mel CNN,0.142173171043396,0.2410693895071745
seg_007773,sample_02690,Night Drive - Decktonic,1,0.32168659567832947,cnn_revised_20260919T110440Z,cnn_s2_12,val,Log-Mel CNN,0.142173171043396,0.2410693895071745
seg_007774,sample_02690,Night Drive - Decktonic,1,0.8786925673484802,cnn_revised_20260919T110440Z,cnn_s2_12,val,Log-Mel CNN,0.142173171043396,0.2410693895071745
seg_007775,sample_02690,Night Drive - Decktonic,1,0.9714664816856384,cnn_revised_20260919T110440Z,cnn_s2_12,val,Log-Mel CNN,0.142173171043396,0.2410693895071745
seg_007854,sample_02717,Agora - Malaventura,1,0.9919182658195496,cnn_revised_20260919T110440Z,cnn_s2_12,val,Log-Mel CNN,0.142173171043396,0.2410693895071745
seg_007855,sample_02717,Agora - Malaventura,1,0.2884233891963959,cnn_revised_20260919T110440Z,cnn_s2_12,val,Log-Mel CNN,0.142173171043396,0.2410693895071745
seg_007856,sample_02717,Agora - Malaventura,1,0.9998432397842407,cnn_revised_20260919T110440Z,cnn_s2_12,val,Log-Mel CNN,0.142173171043396,0.2410693895071745
seg_007878,sample_02725,Evil Cannot Create - Caleb Lemond,1,0.9974664449691772,cnn_revised_20260919T110440Z,cnn_s2_12,val,Log-Mel CNN,0.142173171043396,0.2410693895071745
seg_007879,sample_02725,Evil Cannot Create - Caleb Lemond,1,0.08262418955564499,cnn_revised_20260919T110440Z,cnn_s2_12,val,Log-Mel CNN,0.142173171043396,0.2410693895071745
seg_007880,sample_02725,Evil Cannot Create - Caleb Lemond,1,0.9938086867332458,cnn_revised_20260919T110440Z,cnn_s2_12,val,Log-Mel CNN,0.142173171043396,0.2410693895071745
seg_007932,sample_02743,My Body Is A Weapon (Compromise Edit) - Silence is full of birds,1,0.8224937319755554,cnn_revised_20260919T110440Z,cnn_s2_12,val,Log-Mel CNN,0.142173171043396,0.2410693895071745
seg_007933,sample_02743,My Body Is A Weapon (Compromise Edit) - Silence is full of birds,1,0.9127957820892334,cnn_revised_20260919T110440Z,cnn_s2_12,val,Log-Mel CNN,0.142173171043396,0.2410693895071745
seg_007934,sample_02743,My Body Is A Weapon (Compromise Edit) - Silence is full of birds,1,0.9505179524421692,cnn_revised_20260919T110440Z,cnn_s2_12,val,Log-Mel CNN,0.142173171043396,0.2410693895071745
seg_007938,sample_02745,New Life (take 1) - Bird Names,1,0.9525904655456543,cnn_revised_20260919T110440Z,cnn_s2_12,val,Log-Mel CNN,0.142173171043396,0.2410693895071745
seg_007939,sample_02745,New Life (take 1) - Bird Names,1,0.9286004900932312,cnn_revised_20260919T110440Z,cnn_s2_12,val,Log-Mel CNN,0.142173171043396,0.2410693895071745
seg_007940,sample_02745,New Life (take 1) - Bird Names,1,0.9983781576156616,cnn_revised_20260919T110440Z,cnn_s2_12,val,Log-Mel CNN,0.142173171043396,0.2410693895071745
seg_007941,sample_02746,Norweigian Wood II - Bird Names,1,0.9733126759529114,cnn_revised_20260919T110440Z,cnn_s2_12,val,Log-Mel CNN,0.142173171043396,0.2410693895071745
seg_007942,sample_02746,Norweigian Wood II - Bird Names,1,0.635228157043457,cnn_revised_20260919T110440Z,cnn_s2_12,val,Log-Mel CNN,0.142173171043396,0.2410693895071745
seg_007943,sample_02746,Norweigian Wood II - Bird Names,1,0.9986692667007446,cnn_revised_20260919T110440Z,cnn_s2_12,val,Log-Mel CNN,0.142173171043396,0.2410693895071745
seg_007965,sample_02754,Roller Star - Monroeville Music Center,1,0.9689239263534546,cnn_revised_20260919T110440Z,cnn_s2_12,val,Log-Mel CNN,0.142173171043396,0.2410693895071745
seg_007966,sample_02754,Roller Star - Monroeville Music Center,1,0.970797061920166,cnn_revised_20260919T110440Z,cnn_s2_12,val,Log-Mel CNN,0.142173171043396,0.2410693895071745
seg_007967,sample_02754,Roller Star - Monroeville Music Center,1,0.999360978603363,cnn_revised_20260919T110440Z,cnn_s2_12,val,Log-Mel CNN,0.142173171043396,0.2410693895071745
seg_007977,sample_02758,Soleares&beats - Malaventura,1,0.26432815194129944,cnn_revised_20260919T110440Z,cnn_s2_12,val,Log-Mel CNN,0.142173171043396,0.2410693895071745
seg_007978,sample_02758,Soleares&beats - Malaventura,1,0.3871002495288849,cnn_revised_20260919T110440Z,cnn_s2_12,val,Log-Mel CNN,0.142173171043396,0.2410693895071745
seg_007979,sample_02758,Soleares&beats - Malaventura,1,0.9994001388549805,cnn_revised_20260919T110440Z,cnn_s2_12,val,Log-Mel CNN,0.142173171043396,0.2410693895071745
seg_007989,sample_02762,Stockholm Syndrome / People Should Be More Aware - Bird Names,1,0.9947593808174133,cnn_revised_20260919T110440Z,cnn_s2_12,val,Log-Mel CNN,0.142173171043396,0.2410693895071745
seg_007990,sample_02762,Stockholm Syndrome / People Should Be More Aware - Bird Names,1,0.8372476696968079,cnn_revised_20260919T110440Z,cnn_s2_12,val,Log-Mel CNN,0.142173171043396,0.2410693895071745
seg_007991,sample_02762,Stockholm Syndrome / People Should Be More Aware - Bird Names,1,0.9976528286933899,cnn_revised_20260919T110440Z,cnn_s2_12,val,Log-Mel CNN,0.142173171043396,0.2410693895071745
seg_008019,sample_02772,Time Is Love - Silence is full of birds,1,0.9052891731262207,cnn_revised_20260919T110440Z,cnn_s2_12,val,Log-Mel CNN,0.142173171043396,0.2410693895071745
seg_008020,sample_02772,Time Is Love - Silence is full of birds,1,0.8996292948722839,cnn_revised_20260919T110440Z,cnn_s2_12,val,Log-Mel CNN,0.142173171043396,0.2410693895071745
seg_008021,sample_02772,Time Is Love - Silence is full of birds,1,0.9998408555984497,cnn_revised_20260919T110440Z,cnn_s2_12,val,Log-Mel CNN,0.142173171043396,0.2410693895071745
seg_008043,sample_02780,2 (Wasn't There) - Isle of Pine,1,0.7272858619689941,cnn_revised_20260919T110440Z,cnn_s2_12,val,Log-Mel CNN,0.142173171043396,0.2410693895071745
seg_008044,sample_02780,2 (Wasn't There) - Isle of Pine,1,0.9836733341217041,cnn_revised_20260919T110440Z,cnn_s2_12,val,Log-Mel CNN,0.142173171043396,0.2410693895071745
seg_008045,sample_02780,2 (Wasn't There) - Isle of Pine,1,0.9973320960998535,cnn_revised_20260919T110440Z,cnn_s2_12,val,Log-Mel CNN,0.142173171043396,0.2410693895071745
seg_008073,sample_02790,Beyond Luxury - Mors Ontologica,1,0.9335494041442871,cnn_revised_20260919T110440Z,cnn_s2_12,val,Log-Mel CNN,0.142173171043396,0.2410693895071745
seg_008074,sample_02790,Beyond Luxury - Mors Ontologica,1,0.193654865026474,cnn_revised_20260919T110440Z,cnn_s2_12,val,Log-Mel CNN,0.142173171043396,0.2410693895071745
seg_008075,sample_02790,Beyond Luxury - Mors Ontologica,1,0.9984334111213684,cnn_revised_20260919T110440Z,cnn_s2_12,val,Log-Mel CNN,0.142173171043396,0.2410693895071745
seg_008106,sample_02801,Empty Pockets - Pete Prodoehl,1,0.995770275592804,cnn_revised_20260919T110440Z,cnn_s2_12,val,Log-Mel CNN,0.142173171043396,0.2410693895071745
seg_008107,sample_02801,Empty Pockets - Pete Prodoehl,1,0.9944838881492615,cnn_revised_20260919T110440Z,cnn_s2_12,val,Log-Mel CNN,0.142173171043396,0.2410693895071745
seg_008108,sample_02801,Empty Pockets - Pete Prodoehl,1,0.9999850988388062,cnn_revised_20260919T110440Z,cnn_s2_12,val,Log-Mel CNN,0.142173171043396,0.2410693895071745
seg_008121,sample_02806,Gila Monster Flop/Music History Lesson:The Sonics - The Crypts!,1,0.9998694658279419,cnn_revised_20260919T110440Z,cnn_s2_12,val,Log-Mel CNN,0.142173171043396,0.2410693895071745
seg_008122,sample_02806,Gila Monster Flop/Music History Lesson:The Sonics - The Crypts!,1,0.2502869963645935,cnn_revised_20260919T110440Z,cnn_s2_12,val,Log-Mel CNN,0.142173171043396,0.2410693895071745
seg_008123,sample_02806,Gila Monster Flop/Music History Lesson:The Sonics - The Crypts!,1,0.9987188577651978,cnn_revised_20260919T110440Z,cnn_s2_12,val,Log-Mel CNN,0.142173171043396,0.2410693895071745
seg_008166,sample_02821,Lights Up - Pipe Choir,1,0.998157799243927,cnn_revised_20260919T110440Z,cnn_s2_12,val,Log-Mel CNN,0.142173171043396,0.2410693895071745
seg_008167,sample_02821,Lights Up - Pipe Choir,1,0.9421993494033813,cnn_revised_20260919T110440Z,cnn_s2_12,val,Log-Mel CNN,0.142173171043396,0.2410693895071745
seg_008168,sample_02821,Lights Up - Pipe Choir,1,0.9716182351112366,cnn_revised_20260919T110440Z,cnn_s2_12,val,Log-Mel CNN,0.142173171043396,0.2410693895071745
seg_008178,sample_02825,March of the GPA Mechanics - [t]ghost,1,0.9943728446960449,cnn_revised_20260919T110440Z,cnn_s2_12,val,Log-Mel CNN,0.142173171043396,0.2410693895071745
seg_008179,sample_02825,March of the GPA Mechanics - [t]ghost,1,0.9701216816902161,cnn_revised_20260919T110440Z,cnn_s2_12,val,Log-Mel CNN,0.142173171043396,0.2410693895071745
seg_008180,sample_02825,March of the GPA Mechanics - [t]ghost,1,0.9995076656341553,cnn_revised_20260919T110440Z,cnn_s2_12,val,Log-Mel CNN,0.142173171043396,0.2410693895071745
seg_008205,sample_02834,Redlight - Room For A Ghost,1,0.9476224780082703,cnn_revised_20260919T110440Z,cnn_s2_12,val,Log-Mel CNN,0.142173171043396,0.2410693895071745
seg_008206,sample_02834,Redlight - Room For A Ghost,1,0.8400858044624329,cnn_revised_20260919T110440Z,cnn_s2_12,val,Log-Mel CNN,0.142173171043396,0.2410693895071745
seg_008207,sample_02834,Redlight - Room For A Ghost,1,0.9993880987167358,cnn_revised_20260919T110440Z,cnn_s2_12,val,Log-Mel CNN,0.142173171043396,0.2410693895071745
seg_008217,sample_02838,Scramby Eggs - Andy G. Cohen,1,0.9489017128944397,cnn_revised_20260919T110440Z,cnn_s2_12,val,Log-Mel CNN,0.142173171043396,0.2410693895071745
seg_008218,sample_02838,Scramby Eggs - Andy G. Cohen,1,0.999195396900177,cnn_revised_20260919T110440Z,cnn_s2_12,val,Log-Mel CNN,0.142173171043396,0.2410693895071745
seg_008219,sample_02838,Scramby Eggs - Andy G. Cohen,1,0.999900221824646,cnn_revised_20260919T110440Z,cnn_s2_12,val,Log-Mel CNN,0.142173171043396,0.2410693895071745
seg_008226,sample_02841,Shipwrecked Crew - Pete Prodoehl,1,0.4960479438304901,cnn_revised_20260919T110440Z,cnn_s2_12,val,Log-Mel CNN,0.142173171043396,0.2410693895071745
seg_008227,sample_02841,Shipwrecked Crew - Pete Prodoehl,1,0.88053297996521,cnn_revised_20260919T110440Z,cnn_s2_12,val,Log-Mel CNN,0.142173171043396,0.2410693895071745
seg_008228,sample_02841,Shipwrecked Crew - Pete Prodoehl,1,0.8631851077079773,cnn_revised_20260919T110440Z,cnn_s2_12,val,Log-Mel CNN,0.142173171043396,0.2410693895071745
seg_008244,sample_02847,В Наших Сердцах - Чокнутый Пропеллер,1,0.8734614849090576,cnn_revised_20260919T110440Z,cnn_s2_12,val,Log-Mel CNN,0.142173171043396,0.2410693895071745
seg_008245,sample_02847,В Наших Сердцах - Чокнутый Пропеллер,1,0.276457816362381,cnn_revised_20260919T110440Z,cnn_s2_12,val,Log-Mel CNN,0.142173171043396,0.2410693895071745
seg_008246,sample_02847,В Наших Сердцах - Чокнутый Пропеллер,1,0.9988289475440979,cnn_revised_20260919T110440Z,cnn_s2_12,val,Log-Mel CNN,0.142173171043396,0.2410693895071745
seg_008253,sample_02850,The girl just faded - Los Llamarada,1,0.9870976805686951,cnn_revised_20260919T110440Z,cnn_s2_12,val,Log-Mel CNN,0.142173171043396,0.2410693895071745
seg_008254,sample_02850,The girl just faded - Los Llamarada,1,0.9985929131507874,cnn_revised_20260919T110440Z,cnn_s2_12,val,Log-Mel CNN,0.142173171043396,0.2410693895071745
seg_008255,sample_02850,The girl just faded - Los Llamarada,1,0.9999771118164062,cnn_revised_20260919T110440Z,cnn_s2_12,val,Log-Mel CNN,0.142173171043396,0.2410693895071745
seg_008265,sample_02854,Voxel - Andy G. Cohen,1,0.9472973346710205,cnn_revised_20260919T110440Z,cnn_s2_12,val,Log-Mel CNN,0.142173171043396,0.2410693895071745
seg_008266,sample_02854,Voxel - Andy G. Cohen,1,0.7531679272651672,cnn_revised_20260919T110440Z,cnn_s2_12,val,Log-Mel CNN,0.142173171043396,0.2410693895071745
seg_008267,sample_02854,Voxel - Andy G. Cohen,1,0.9952132701873779,cnn_revised_20260919T110440Z,cnn_s2_12,val,Log-Mel CNN,0.142173171043396,0.2410693895071745
seg_008289,sample_02862,В Наших Сердцах - Чокнутый Пропеллер,1,0.948958158493042,cnn_revised_20260919T110440Z,cnn_s2_12,val,Log-Mel CNN,0.142173171043396,0.2410693895071745
seg_008290,sample_02862,В Наших Сердцах - Чокнутый Пропеллер,1,0.5611491203308105,cnn_revised_20260919T110440Z,cnn_s2_12,val,Log-Mel CNN,0.142173171043396,0.2410693895071745
seg_008291,sample_02862,В Наших Сердцах - Чокнутый Пропеллер,1,0.9973117113113403,cnn_revised_20260919T110440Z,cnn_s2_12,val,Log-Mel CNN,0.142173171043396,0.2410693895071745
seg_008295,sample_02864,В Наших Сердцах - Чокнутый Пропеллер,1,0.3451816737651825,cnn_revised_20260919T110440Z,cnn_s2_12,val,Log-Mel CNN,0.142173171043396,0.2410693895071745
seg_008296,sample_02864,В Наших Сердцах - Чокнутый Пропеллер,1,0.6201918721199036,cnn_revised_20260919T110440Z,cnn_s2_12,val,Log-Mel CNN,0.142173171043396,0.2410693895071745
seg_008297,sample_02864,В Наших Сердцах - Чокнутый Пропеллер,1,0.9271355867385864,cnn_revised_20260919T110440Z,cnn_s2_12,val,Log-Mel CNN,0.142173171043396,0.2410693895071745
seg_008304,sample_02867,2 (Wasn't There) - Isle of Pine,1,0.3572455048561096,cnn_revised_20260919T110440Z,cnn_s2_12,val,Log-Mel CNN,0.142173171043396,0.2410693895071745
seg_008305,sample_02867,2 (Wasn't There) - Isle of Pine,1,0.007897866889834404,cnn_revised_20260919T110440Z,cnn_s2_12,val,Log-Mel CNN,0.142173171043396,0.2410693895071745
seg_008306,sample_02867,2 (Wasn't There) - Isle of Pine,1,0.6317862272262573,cnn_revised_20260919T110440Z,cnn_s2_12,val,Log-Mel CNN,0.142173171043396,0.2410693895071745
seg_008307,sample_02868,2 (Wasn't There) - Isle of Pine,1,0.8320845365524292,cnn_revised_20260919T110440Z,cnn_s2_12,val,Log-Mel CNN,0.142173171043396,0.2410693895071745
seg_008308,sample_02868,2 (Wasn't There) - Isle of Pine,1,0.01318208035081625,cnn_revised_20260919T110440Z,cnn_s2_12,val,Log-Mel CNN,0.142173171043396,0.2410693895071745
seg_008309,sample_02868,2 (Wasn't There) - Isle of Pine,1,0.9973220229148865,cnn_revised_20260919T110440Z,cnn_s2_12,val,Log-Mel CNN,0.142173171043396,0.2410693895071745
seg_008400,sample_02899,CopperNickle - UncleBibby,1,0.9995148181915283,cnn_revised_20260919T110440Z,cnn_s2_12,val,Log-Mel CNN,0.142173171043396,0.2410693895071745
seg_008401,sample_02899,CopperNickle - UncleBibby,1,0.0010282725561410189,cnn_revised_20260919T110440Z,cnn_s2_12,val,Log-Mel CNN,0.142173171043396,0.2410693895071745
seg_008402,sample_02899,CopperNickle - UncleBibby,1,0.8231437802314758,cnn_revised_20260919T110440Z,cnn_s2_12,val,Log-Mel CNN,0.142173171043396,0.2410693895071745
seg_008403,sample_02900,CopperNickle - UncleBibby,1,0.02871624566614628,cnn_revised_20260919T110440Z,cnn_s2_12,val,Log-Mel CNN,0.142173171043396,0.2410693895071745
seg_008404,sample_02900,CopperNickle - UncleBibby,1,0.07119473069906235,cnn_revised_20260919T110440Z,cnn_s2_12,val,Log-Mel CNN,0.142173171043396,0.2410693895071745
seg_008405,sample_02900,CopperNickle - UncleBibby,1,0.9453048706054688,cnn_revised_20260919T110440Z,cnn_s2_12,val,Log-Mel CNN,0.142173171043396,0.2410693895071745
seg_008418,sample_02905,Daylight Savings - My brother Daniel,1,0.9853259325027466,cnn_revised_20260919T110440Z,cnn_s2_12,val,Log-Mel CNN,0.142173171043396,0.2410693895071745
seg_008419,sample_02905,Daylight Savings - My brother Daniel,1,0.14712084829807281,cnn_revised_20260919T110440Z,cnn_s2_12,val,Log-Mel CNN,0.142173171043396,0.2410693895071745
seg_008420,sample_02905,Daylight Savings - My brother Daniel,1,0.7170867323875427,cnn_revised_20260919T110440Z,cnn_s2_12,val,Log-Mel CNN,0.142173171043396,0.2410693895071745
seg_008421,sample_02906,Daylight Savings - My brother Daniel,1,0.03831076994538307,cnn_revised_20260919T110440Z,cnn_s2_12,val,Log-Mel CNN,0.142173171043396,0.2410693895071745
seg_008422,sample_02906,Daylight Savings - My brother Daniel,1,0.23235253989696503,cnn_revised_20260919T110440Z,cnn_s2_12,val,Log-Mel CNN,0.142173171043396,0.2410693895071745
seg_008423,sample_02906,Daylight Savings - My brother Daniel,1,0.9937363862991333,cnn_revised_20260919T110440Z,cnn_s2_12,val,Log-Mel CNN,0.142173171043396,0.2410693895071745
seg_008448,sample_02915,Empty Pockets - Pete Prodoehl,1,0.9990098476409912,cnn_revised_20260919T110440Z,cnn_s2_12,val,Log-Mel CNN,0.142173171043396,0.2410693895071745
seg_008449,sample_02915,Empty Pockets - Pete Prodoehl,1,0.8374704122543335,cnn_revised_20260919T110440Z,cnn_s2_12,val,Log-Mel CNN,0.142173171043396,0.2410693895071745
seg_008450,sample_02915,Empty Pockets - Pete Prodoehl,1,0.02247939631342888,cnn_revised_20260919T110440Z,cnn_s2_12,val,Log-Mel CNN,0.142173171043396,0.2410693895071745
seg_008451,sample_02916,Empty Pockets - Pete Prodoehl,1,0.9819772243499756,cnn_revised_20260919T110440Z,cnn_s2_12,val,Log-Mel CNN,0.142173171043396,0.2410693895071745
seg_008452,sample_02916,Empty Pockets - Pete Prodoehl,1,0.3132948875427246,cnn_revised_20260919T110440Z,cnn_s2_12,val,Log-Mel CNN,0.142173171043396,0.2410693895071745
seg_008453,sample_02916,Empty Pockets - Pete Prodoehl,1,0.9945066571235657,cnn_revised_20260919T110440Z,cnn_s2_12,val,Log-Mel CNN,0.142173171043396,0.2410693895071745
seg_008460,sample_02919,Evil Cannot Create - Caleb Lemond,1,0.9977545142173767,cnn_revised_20260919T110440Z,cnn_s2_12,val,Log-Mel CNN,0.142173171043396,0.2410693895071745
seg_008461,sample_02919,Evil Cannot Create - Caleb Lemond,1,0.6006928086280823,cnn_revised_20260919T110440Z,cnn_s2_12,val,Log-Mel CNN,0.142173171043396,0.2410693895071745
seg_008462,sample_02919,Evil Cannot Create - Caleb Lemond,1,0.9864446520805359,cnn_revised_20260919T110440Z,cnn_s2_12,val,Log-Mel CNN,0.142173171043396,0.2410693895071745
seg_008463,sample_02920,Evil Cannot Create - Caleb Lemond,1,0.9932154417037964,cnn_revised_20260919T110440Z,cnn_s2_12,val,Log-Mel CNN,0.142173171043396,0.2410693895071745
seg_008464,sample_02920,Evil Cannot Create - Caleb Lemond,1,0.776705265045166,cnn_revised_20260919T110440Z,cnn_s2_12,val,Log-Mel CNN,0.142173171043396,0.2410693895071745
seg_008465,sample_02920,Evil Cannot Create - Caleb Lemond,1,0.12767155468463898,cnn_revised_20260919T110440Z,cnn_s2_12,val,Log-Mel CNN,0.142173171043396,0.2410693895071745
seg_008502,sample_02933,Gila Monster Flop/Music History Lesson:The Sonics - The Crypts!,1,0.7456870675086975,cnn_revised_20260919T110440Z,cnn_s2_12,val,Log-Mel CNN,0.142173171043396,0.2410693895071745
seg_008503,sample_02933,Gila Monster Flop/Music History Lesson:The Sonics - The Crypts!,1,0.79323410987854,cnn_revised_20260919T110440Z,cnn_s2_12,val,Log-Mel CNN,0.142173171043396,0.2410693895071745
seg_008504,sample_02933,Gila Monster Flop/Music History Lesson:The Sonics - The Crypts!,1,0.6224779486656189,cnn_revised_20260919T110440Z,cnn_s2_12,val,Log-Mel CNN,0.142173171043396,0.2410693895071745
seg_008505,sample_02934,Gila Monster Flop/Music History Lesson:The Sonics - The Crypts!,1,0.03529269993305206,cnn_revised_20260919T110440Z,cnn_s2_12,val,Log-Mel CNN,0.142173171043396,0.2410693895071745
seg_008506,sample_02934,Gila Monster Flop/Music History Lesson:The Sonics - The Crypts!,1,0.03315451741218567,cnn_revised_20260919T110440Z,cnn_s2_12,val,Log-Mel CNN,0.142173171043396,0.2410693895071745
seg_008507,sample_02934,Gila Monster Flop/Music History Lesson:The Sonics - The Crypts!,1,0.14548015594482422,cnn_revised_20260919T110440Z,cnn_s2_12,val,Log-Mel CNN,0.142173171043396,0.2410693895071745
seg_008538,sample_02945,I Fell - Mod Fun,1,0.09520144760608673,cnn_revised_20260919T110440Z,cnn_s2_12,val,Log-Mel CNN,0.142173171043396,0.2410693895071745
seg_008539,sample_02945,I Fell - Mod Fun,1,0.0951775461435318,cnn_revised_20260919T110440Z,cnn_s2_12,val,Log-Mel CNN,0.142173171043396,0.2410693895071745
seg_008540,sample_02945,I Fell - Mod Fun,1,0.9513044357299805,cnn_revised_20260919T110440Z,cnn_s2_12,val,Log-Mel CNN,0.142173171043396,0.2410693895071745
seg_008541,sample_02946,I Fell - Mod Fun,1,0.007319933269172907,cnn_revised_20260919T110440Z,cnn_s2_12,val,Log-Mel CNN,0.142173171043396,0.2410693895071745
seg_008542,sample_02946,I Fell - Mod Fun,1,0.029699426144361496,cnn_revised_20260919T110440Z,cnn_s2_12,val,Log-Mel CNN,0.142173171043396,0.2410693895071745
seg_008543,sample_02946,I Fell - Mod Fun,1,0.7631440758705139,cnn_revised_20260919T110440Z,cnn_s2_12,val,Log-Mel CNN,0.142173171043396,0.2410693895071745
seg_008652,sample_02983,March of the GPA Mechanics - [t]ghost,1,0.011922692880034447,cnn_revised_20260919T110440Z,cnn_s2_12,val,Log-Mel CNN,0.142173171043396,0.2410693895071745
seg_008653,sample_02983,March of the GPA Mechanics - [t]ghost,1,0.732839822769165,cnn_revised_20260919T110440Z,cnn_s2_12,val,Log-Mel CNN,0.142173171043396,0.2410693895071745
seg_008654,sample_02983,March of the GPA Mechanics - [t]ghost,1,0.9893815517425537,cnn_revised_20260919T110440Z,cnn_s2_12,val,Log-Mel CNN,0.142173171043396,0.2410693895071745
seg_008655,sample_02984,March of the GPA Mechanics - [t]ghost,1,0.11353793740272522,cnn_revised_20260919T110440Z,cnn_s2_12,val,Log-Mel CNN,0.142173171043396,0.2410693895071745
seg_008656,sample_02984,March of the GPA Mechanics - [t]ghost,1,0.13079290091991425,cnn_revised_20260919T110440Z,cnn_s2_12,val,Log-Mel CNN,0.142173171043396,0.2410693895071745
seg_008657,sample_02984,March of the GPA Mechanics - [t]ghost,1,0.9953545331954956,cnn_revised_20260919T110440Z,cnn_s2_12,val,Log-Mel CNN,0.142173171043396,0.2410693895071745
seg_008700,sample_02999,New Life (take 1) - Bird Names,1,0.3117232620716095,cnn_revised_20260919T110440Z,cnn_s2_12,val,Log-Mel CNN,0.142173171043396,0.2410693895071745
seg_008701,sample_02999,New Life (take 1) - Bird Names,1,0.09472537040710449,cnn_revised_20260919T110440Z,cnn_s2_12,val,Log-Mel CNN,0.142173171043396,0.2410693895071745
seg_008702,sample_02999,New Life (take 1) - Bird Names,1,0.9646316170692444,cnn_revised_20260919T110440Z,cnn_s2_12,val,Log-Mel CNN,0.142173171043396,0.2410693895071745
seg_008703,sample_03000,New Life (take 1) - Bird Names,1,0.17123882472515106,cnn_revised_20260919T110440Z,cnn_s2_12,val,Log-Mel CNN,0.142173171043396,0.2410693895071745
seg_008704,sample_03000,New Life (take 1) - Bird Names,1,0.13421478867530823,cnn_revised_20260919T110440Z,cnn_s2_12,val,Log-Mel CNN,0.142173171043396,0.2410693895071745
seg_008705,sample_03000,New Life (take 1) - Bird Names,1,0.6239394545555115,cnn_revised_20260919T110440Z,cnn_s2_12,val,Log-Mel CNN,0.142173171043396,0.2410693895071745
seg_008706,sample_03001,Night Drive - Decktonic,1,0.138432115316391,cnn_revised_20260919T110440Z,cnn_s2_12,val,Log-Mel CNN,0.142173171043396,0.2410693895071745
seg_008707,sample_03001,Night Drive - Decktonic,1,0.15592803061008453,cnn_revised_20260919T110440Z,cnn_s2_12,val,Log-Mel CNN,0.142173171043396,0.2410693895071745
seg_008708,sample_03001,Night Drive - Decktonic,1,0.7719570994377136,cnn_revised_20260919T110440Z,cnn_s2_12,val,Log-Mel CNN,0.142173171043396,0.2410693895071745
seg_008709,sample_03002,Night Drive - Decktonic,1,0.09794210642576218,cnn_revised_20260919T110440Z,cnn_s2_12,val,Log-Mel CNN,0.142173171043396,0.2410693895071745
seg_008710,sample_03002,Night Drive - Decktonic,1,0.5967798233032227,cnn_revised_20260919T110440Z,cnn_s2_12,val,Log-Mel CNN,0.142173171043396,0.2410693895071745
seg_008711,sample_03002,Night Drive - Decktonic,1,0.9989560842514038,cnn_revised_20260919T110440Z,cnn_s2_12,val,Log-Mel CNN,0.142173171043396,0.2410693895071745
seg_008724,sample_03007,Norweigian Wood II - Bird Names,1,0.2316516935825348,cnn_revised_20260919T110440Z,cnn_s2_12,val,Log-Mel CNN,0.142173171043396,0.2410693895071745
seg_008725,sample_03007,Norweigian Wood II - Bird Names,1,0.12281007319688797,cnn_revised_20260919T110440Z,cnn_s2_12,val,Log-Mel CNN,0.142173171043396,0.2410693895071745
seg_008726,sample_03007,Norweigian Wood II - Bird Names,1,0.9489423036575317,cnn_revised_20260919T110440Z,cnn_s2_12,val,Log-Mel CNN,0.142173171043396,0.2410693895071745
seg_008727,sample_03008,Norweigian Wood II - Bird Names,1,0.5651171207427979,cnn_revised_20260919T110440Z,cnn_s2_12,val,Log-Mel CNN,0.142173171043396,0.2410693895071745
seg_008728,sample_03008,Norweigian Wood II - Bird Names,1,0.10894495248794556,cnn_revised_20260919T110440Z,cnn_s2_12,val,Log-Mel CNN,0.142173171043396,0.2410693895071745
seg_008729,sample_03008,Norweigian Wood II - Bird Names,1,0.9817044734954834,cnn_revised_20260919T110440Z,cnn_s2_12,val,Log-Mel CNN,0.142173171043396,0.2410693895071745
seg_008736,sample_03011,Nuo Maisemat - Paavoharju,1,0.3498176634311676,cnn_revised_20260919T110440Z,cnn_s2_12,val,Log-Mel CNN,0.142173171043396,0.2410693895071745
seg_008737,sample_03011,Nuo Maisemat - Paavoharju,1,0.6074602007865906,cnn_revised_20260919T110440Z,cnn_s2_12,val,Log-Mel CNN,0.142173171043396,0.2410693895071745
seg_008738,sample_03011,Nuo Maisemat - Paavoharju,1,0.9060157537460327,cnn_revised_20260919T110440Z,cnn_s2_12,val,Log-Mel CNN,0.142173171043396,0.2410693895071745
seg_008739,sample_03012,Nuo Maisemat - Paavoharju,1,0.9954171180725098,cnn_revised_20260919T110440Z,cnn_s2_12,val,Log-Mel CNN,0.142173171043396,0.2410693895071745
seg_008740,sample_03012,Nuo Maisemat - Paavoharju,1,0.7283232808113098,cnn_revised_20260919T110440Z,cnn_s2_12,val,Log-Mel CNN,0.142173171043396,0.2410693895071745
seg_008741,sample_03012,Nuo Maisemat - Paavoharju,1,0.2580593526363373,cnn_revised_20260919T110440Z,cnn_s2_12,val,Log-Mel CNN,0.142173171043396,0.2410693895071745
seg_008844,sample_03047,Roller Star - Monroeville Music Center,1,0.1332501322031021,cnn_revised_20260919T110440Z,cnn_s2_12,val,Log-Mel CNN,0.142173171043396,0.2410693895071745
seg_008845,sample_03047,Roller Star - Monroeville Music Center,1,0.00883496180176735,cnn_revised_20260919T110440Z,cnn_s2_12,val,Log-Mel CNN,0.142173171043396,0.2410693895071745
seg_008846,sample_03047,Roller Star - Monroeville Music Center,1,0.9375274777412415,cnn_revised_20260919T110440Z,cnn_s2_12,val,Log-Mel CNN,0.142173171043396,0.2410693895071745
seg_008847,sample_03048,Roller Star - Monroeville Music Center,1,0.09132852405309677,cnn_revised_20260919T110440Z,cnn_s2_12,val,Log-Mel CNN,0.142173171043396,0.2410693895071745
seg_008848,sample_03048,Roller Star - Monroeville Music Center,1,0.008129282854497433,cnn_revised_20260919T110440Z,cnn_s2_12,val,Log-Mel CNN,0.142173171043396,0.2410693895071745
seg_008849,sample_03048,Roller Star - Monroeville Music Center,1,0.9596819877624512,cnn_revised_20260919T110440Z,cnn_s2_12,val,Log-Mel CNN,0.142173171043396,0.2410693895071745
seg_008850,sample_03049,"Roundtrip - Oh Yeah, the Future",1,0.9540748596191406,cnn_revised_20260919T110440Z,cnn_s2_12,val,Log-Mel CNN,0.142173171043396,0.2410693895071745
seg_008851,sample_03049,"Roundtrip - Oh Yeah, the Future",1,0.16299276053905487,cnn_revised_20260919T110440Z,cnn_s2_12,val,Log-Mel CNN,0.142173171043396,0.2410693895071745
seg_008852,sample_03049,"Roundtrip - Oh Yeah, the Future",1,0.9988722205162048,cnn_revised_20260919T110440Z,cnn_s2_12,val,Log-Mel CNN,0.142173171043396,0.2410693895071745
seg_008853,sample_03050,"Roundtrip - Oh Yeah, the Future",1,0.5829291939735413,cnn_revised_20260919T110440Z,cnn_s2_12,val,Log-Mel CNN,0.142173171043396,0.2410693895071745
seg_008854,sample_03050,"Roundtrip - Oh Yeah, the Future",1,0.009741033427417278,cnn_revised_20260919T110440Z,cnn_s2_12,val,Log-Mel CNN,0.142173171043396,0.2410693895071745
seg_008855,sample_03050,"Roundtrip - Oh Yeah, the Future",1,0.9991058707237244,cnn_revised_20260919T110440Z,cnn_s2_12,val,Log-Mel CNN,0.142173171043396,0.2410693895071745
seg_008862,sample_03053,SD (Ill Mix) - H-LR,1,0.21397186815738678,cnn_revised_20260919T110440Z,cnn_s2_12,val,Log-Mel CNN,0.142173171043396,0.2410693895071745
seg_008863,sample_03053,SD (Ill Mix) - H-LR,1,0.48917651176452637,cnn_revised_20260919T110440Z,cnn_s2_12,val,Log-Mel CNN,0.142173171043396,0.2410693895071745
seg_008864,sample_03053,SD (Ill Mix) - H-LR,1,0.9993327260017395,cnn_revised_20260919T110440Z,cnn_s2_12,val,Log-Mel CNN,0.142173171043396,0.2410693895071745
seg_008865,sample_03054,SD (Ill Mix) - H-LR,1,0.603497326374054,cnn_revised_20260919T110440Z,cnn_s2_12,val,Log-Mel CNN,0.142173171043396,0.2410693895071745
seg_008866,sample_03054,SD (Ill Mix) - H-LR,1,0.14879882335662842,cnn_revised_20260919T110440Z,cnn_s2_12,val,Log-Mel CNN,0.142173171043396,0.2410693895071745
seg_008867,sample_03054,SD (Ill Mix) - H-LR,1,0.9534780383110046,cnn_revised_20260919T110440Z,cnn_s2_12,val,Log-Mel CNN,0.142173171043396,0.2410693895071745
seg_008868,sample_03055,Scramby Eggs - Andy G. Cohen,1,0.3696003556251526,cnn_revised_20260919T110440Z,cnn_s2_12,val,Log-Mel CNN,0.142173171043396,0.2410693895071745
seg_008869,sample_03055,Scramby Eggs - Andy G. Cohen,1,0.0388411208987236,cnn_revised_20260919T110440Z,cnn_s2_12,val,Log-Mel CNN,0.142173171043396,0.2410693895071745
seg_008870,sample_03055,Scramby Eggs - Andy G. Cohen,1,0.6555898189544678,cnn_revised_20260919T110440Z,cnn_s2_12,val,Log-Mel CNN,0.142173171043396,0.2410693895071745
seg_008871,sample_03056,Scramby Eggs - Andy G. Cohen,1,0.558899998664856,cnn_revised_20260919T110440Z,cnn_s2_12,val,Log-Mel CNN,0.142173171043396,0.2410693895071745
seg_008872,sample_03056,Scramby Eggs - Andy G. Cohen,1,0.0072786989621818066,cnn_revised_20260919T110440Z,cnn_s2_12,val,Log-Mel CNN,0.142173171043396,0.2410693895071745
seg_008873,sample_03056,Scramby Eggs - Andy G. Cohen,1,0.17463737726211548,cnn_revised_20260919T110440Z,cnn_s2_12,val,Log-Mel CNN,0.142173171043396,0.2410693895071745
seg_008910,sample_03069,Soleares&beats - Malaventura,1,0.98614501953125,cnn_revised_20260919T110440Z,cnn_s2_12,val,Log-Mel CNN,0.142173171043396,0.2410693895071745
seg_008911,sample_03069,Soleares&beats - Malaventura,1,0.42278528213500977,cnn_revised_20260919T110440Z,cnn_s2_12,val,Log-Mel CNN,0.142173171043396,0.2410693895071745
seg_008912,sample_03069,Soleares&beats - Malaventura,1,0.19674052298069,cnn_revised_20260919T110440Z,cnn_s2_12,val,Log-Mel CNN,0.142173171043396,0.2410693895071745
seg_008913,sample_03070,Soleares&beats - Malaventura,1,0.8532792329788208,cnn_revised_20260919T110440Z,cnn_s2_12,val,Log-Mel CNN,0.142173171043396,0.2410693895071745
seg_008914,sample_03070,Soleares&beats - Malaventura,1,0.6446759104728699,cnn_revised_20260919T110440Z,cnn_s2_12,val,Log-Mel CNN,0.142173171043396,0.2410693895071745
seg_008915,sample_03070,Soleares&beats - Malaventura,1,0.9380112886428833,cnn_revised_20260919T110440Z,cnn_s2_12,val,Log-Mel CNN,0.142173171043396,0.2410693895071745
seg_008934,sample_03077,Stockholm Syndrome / People Should Be More Aware - Bird Names,1,0.23713433742523193,cnn_revised_20260919T110440Z,cnn_s2_12,val,Log-Mel CNN,0.142173171043396,0.2410693895071745
seg_008935,sample_03077,Stockholm Syndrome / People Should Be More Aware - Bird Names,1,0.9795129895210266,cnn_revised_20260919T110440Z,cnn_s2_12,val,Log-Mel CNN,0.142173171043396,0.2410693895071745
seg_008936,sample_03077,Stockholm Syndrome / People Should Be More Aware - Bird Names,1,0.9860904216766357,cnn_revised_20260919T110440Z,cnn_s2_12,val,Log-Mel CNN,0.142173171043396,0.2410693895071745
seg_008937,sample_03078,Stockholm Syndrome / People Should Be More Aware - Bird Names,1,0.0004160615208093077,cnn_revised_20260919T110440Z,cnn_s2_12,val,Log-Mel CNN,0.142173171043396,0.2410693895071745
seg_008938,sample_03078,Stockholm Syndrome / People Should Be More Aware - Bird Names,1,0.06871142238378525,cnn_revised_20260919T110440Z,cnn_s2_12,val,Log-Mel CNN,0.142173171043396,0.2410693895071745
seg_008939,sample_03078,Stockholm Syndrome / People Should Be More Aware - Bird Names,1,0.01924651861190796,cnn_revised_20260919T110440Z,cnn_s2_12,val,Log-Mel CNN,0.142173171043396,0.2410693895071745
seg_009030,sample_03109,The girl just faded - Los Llamarada,1,0.9650744795799255,cnn_revised_20260919T110440Z,cnn_s2_12,val,Log-Mel CNN,0.142173171043396,0.2410693895071745
seg_009031,sample_03109,The girl just faded - Los Llamarada,1,0.004856578540056944,cnn_revised_20260919T110440Z,cnn_s2_12,val,Log-Mel CNN,0.142173171043396,0.2410693895071745
seg_009032,sample_03109,The girl just faded - Los Llamarada,1,0.7931275367736816,cnn_revised_20260919T110440Z,cnn_s2_12,val,Log-Mel CNN,0.142173171043396,0.2410693895071745
seg_009033,sample_03110,The girl just faded - Los Llamarada,1,0.5548627972602844,cnn_revised_20260919T110440Z,cnn_s2_12,val,Log-Mel CNN,0.142173171043396,0.2410693895071745
seg_009034,sample_03110,The girl just faded - Los Llamarada,1,0.020306097343564034,cnn_revised_20260919T110440Z,cnn_s2_12,val,Log-Mel CNN,0.142173171043396,0.2410693895071745
seg_009035,sample_03110,The girl just faded - Los Llamarada,1,0.4612914025783539,cnn_revised_20260919T110440Z,cnn_s2_12,val,Log-Mel CNN,0.142173171043396,0.2410693895071745
seg_009042,sample_03113,Time Is Love - Silence is full of birds,1,0.1786462962627411,cnn_revised_20260919T110440Z,cnn_s2_12,val,Log-Mel CNN,0.142173171043396,0.2410693895071745
seg_009043,sample_03113,Time Is Love - Silence is full of birds,1,0.115243099629879,cnn_revised_20260919T110440Z,cnn_s2_12,val,Log-Mel CNN,0.142173171043396,0.2410693895071745
seg_009044,sample_03113,Time Is Love - Silence is full of birds,1,0.9904186129570007,cnn_revised_20260919T110440Z,cnn_s2_12,val,Log-Mel CNN,0.142173171043396,0.2410693895071745
seg_009045,sample_03114,Time Is Love - Silence is full of birds,1,0.6131576299667358,cnn_revised_20260919T110440Z,cnn_s2_12,val,Log-Mel CNN,0.142173171043396,0.2410693895071745
seg_009046,sample_03114,Time Is Love - Silence is full of birds,1,0.5704596638679504,cnn_revised_20260919T110440Z,cnn_s2_12,val,Log-Mel CNN,0.142173171043396,0.2410693895071745
seg_009047,sample_03114,Time Is Love - Silence is full of birds,1,0.5436774492263794,cnn_revised_20260919T110440Z,cnn_s2_12,val,Log-Mel CNN,0.142173171043396,0.2410693895071745
seg_009078,sample_03125,Voxel - Andy G. Cohen,1,0.843397855758667,cnn_revised_20260919T110440Z,cnn_s2_12,val,Log-Mel CNN,0.142173171043396,0.2410693895071745
seg_009079,sample_03125,Voxel - Andy G. Cohen,1,0.003405098570510745,cnn_revised_20260919T110440Z,cnn_s2_12,val,Log-Mel CNN,0.142173171043396,0.2410693895071745
seg_009080,sample_03125,Voxel - Andy G. Cohen,1,0.3508508801460266,cnn_revised_20260919T110440Z,cnn_s2_12,val,Log-Mel CNN,0.142173171043396,0.2410693895071745
seg_009081,sample_03126,Voxel - Andy G. Cohen,1,0.876329779624939,cnn_revised_20260919T110440Z,cnn_s2_12,val,Log-Mel CNN,0.142173171043396,0.2410693895071745
seg_009082,sample_03126,Voxel - Andy G. Cohen,1,0.02555636502802372,cnn_revised_20260919T110440Z,cnn_s2_12,val,Log-Mel CNN,0.142173171043396,0.2410693895071745
seg_009083,sample_03126,Voxel - Andy G. Cohen,1,0.9411927461624146,cnn_revised_20260919T110440Z,cnn_s2_12,val,Log-Mel CNN,0.142173171043396,0.2410693895071745
seg_009114,sample_03137,Windows of the Skull - Sarin,1,0.9855109453201294,cnn_revised_20260919T110440Z,cnn_s2_12,val,Log-Mel CNN,0.142173171043396,0.2410693895071745
seg_009115,sample_03137,Windows of the Skull - Sarin,1,0.07292287051677704,cnn_revised_20260919T110440Z,cnn_s2_12,val,Log-Mel CNN,0.142173171043396,0.2410693895071745
seg_009116,sample_03137,Windows of the Skull - Sarin,1,0.9977750182151794,cnn_revised_20260919T110440Z,cnn_s2_12,val,Log-Mel CNN,0.142173171043396,0.2410693895071745
seg_009117,sample_03138,Windows of the Skull - Sarin,1,0.9956401586532593,cnn_revised_20260919T110440Z,cnn_s2_12,val,Log-Mel CNN,0.142173171043396,0.2410693895071745
seg_009118,sample_03138,Windows of the Skull - Sarin,1,0.5175999999046326,cnn_revised_20260919T110440Z,cnn_s2_12,val,Log-Mel CNN,0.142173171043396,0.2410693895071745
seg_009119,sample_03138,Windows of the Skull - Sarin,1,0.7987619042396545,cnn_revised_20260919T110440Z,cnn_s2_12,val,Log-Mel CNN,0.142173171043396,0.2410693895071745
seg_009168,sample_03155,mystery team 2090 - Jesse Futerman,1,0.99497389793396,cnn_revised_20260919T110440Z,cnn_s2_12,val,Log-Mel CNN,0.142173171043396,0.2410693895071745
seg_009169,sample_03155,mystery team 2090 - Jesse Futerman,1,0.9228066802024841,cnn_revised_20260919T110440Z,cnn_s2_12,val,Log-Mel CNN,0.142173171043396,0.2410693895071745
seg_009170,sample_03155,mystery team 2090 - Jesse Futerman,1,0.974209725856781,cnn_revised_20260919T110440Z,cnn_s2_12,val,Log-Mel CNN,0.142173171043396,0.2410693895071745
seg_009171,sample_03156,mystery team 2090 - Jesse Futerman,1,0.03475670889019966,cnn_revised_20260919T110440Z,cnn_s2_12,val,Log-Mel CNN,0.142173171043396,0.2410693895071745
seg_009172,sample_03156,mystery team 2090 - Jesse Futerman,1,0.8890877962112427,cnn_revised_20260919T110440Z,cnn_s2_12,val,Log-Mel CNN,0.142173171043396,0.2410693895071745
seg_009173,sample_03156,mystery team 2090 - Jesse Futerman,1,0.340480238199234,cnn_revised_20260919T110440Z,cnn_s2_12,val,Log-Mel CNN,0.142173171043396,0.2410693895071745
seg_009192,sample_03163,Новый Нью-Йорк 2 - Чокнутый Пропеллер,1,0.19129565358161926,cnn_revised_20260919T110440Z,cnn_s2_12,val,Log-Mel CNN,0.142173171043396,0.2410693895071745
seg_009193,sample_03163,Новый Нью-Йорк 2 - Чокнутый Пропеллер,1,0.26535099744796753,cnn_revised_20260919T110440Z,cnn_s2_12,val,Log-Mel CNN,0.142173171043396,0.2410693895071745
seg_009194,sample_03163,Новый Нью-Йорк 2 - Чокнутый Пропеллер,1,0.5269707441329956,cnn_revised_20260919T110440Z,cnn_s2_12,val,Log-Mel CNN,0.142173171043396,0.2410693895071745
seg_009195,sample_03164,Новый Нью-Йорк 2 - Чокнутый Пропеллер,1,0.18904392421245575,cnn_revised_20260919T110440Z,cnn_s2_12,val,Log-Mel CNN,0.142173171043396,0.2410693895071745
seg_009196,sample_03164,Новый Нью-Йорк 2 - Чокнутый Пропеллер,1,0.6326415538787842,cnn_revised_20260919T110440Z,cnn_s2_12,val,Log-Mel CNN,0.142173171043396,0.2410693895071745
seg_009197,sample_03164,Новый Нью-Йорк 2 - Чокнутый Пропеллер,1,0.9784898161888123,cnn_revised_20260919T110440Z,cnn_s2_12,val,Log-Mel CNN,0.142173171043396,0.2410693895071745
seg_009207,sample_03168,2 (Wasn't There) - Isle of Pine,1,0.830507218837738,cnn_revised_20260919T110440Z,cnn_s2_12,val,Log-Mel CNN,0.142173171043396,0.2410693895071745
seg_009208,sample_03168,2 (Wasn't There) - Isle of Pine,1,0.0592380091547966,cnn_revised_20260919T110440Z,cnn_s2_12,val,Log-Mel CNN,0.142173171043396,0.2410693895071745
seg_009209,sample_03168,2 (Wasn't There) - Isle of Pine,1,0.36376118659973145,cnn_revised_20260919T110440Z,cnn_s2_12,val,Log-Mel CNN,0.142173171043396,0.2410693895071745
seg_009228,sample_03175,Agora - Malaventura,1,0.06697705388069153,cnn_revised_20260919T110440Z,cnn_s2_12,val,Log-Mel CNN,0.142173171043396,0.2410693895071745
seg_009229,sample_03175,Agora - Malaventura,1,0.793908417224884,cnn_revised_20260919T110440Z,cnn_s2_12,val,Log-Mel CNN,0.142173171043396,0.2410693895071745
seg_009230,sample_03175,Agora - Malaventura,1,0.8081343770027161,cnn_revised_20260919T110440Z,cnn_s2_12,val,Log-Mel CNN,0.142173171043396,0.2410693895071745
seg_009279,sample_03192,Beyond Luxury - Mors Ontologica,1,0.10176853835582733,cnn_revised_20260919T110440Z,cnn_s2_12,val,Log-Mel CNN,0.142173171043396,0.2410693895071745
seg_009280,sample_03192,Beyond Luxury - Mors Ontologica,1,0.0030938717536628246,cnn_revised_20260919T110440Z,cnn_s2_12,val,Log-Mel CNN,0.142173171043396,0.2410693895071745
seg_009281,sample_03192,Beyond Luxury - Mors Ontologica,1,0.9140661358833313,cnn_revised_20260919T110440Z,cnn_s2_12,val,Log-Mel CNN,0.142173171043396,0.2410693895071745
seg_009324,sample_03207,CopperNickle - UncleBibby,1,0.13353565335273743,cnn_revised_20260919T110440Z,cnn_s2_12,val,Log-Mel CNN,0.142173171043396,0.2410693895071745
seg_009325,sample_03207,CopperNickle - UncleBibby,1,0.9689022898674011,cnn_revised_20260919T110440Z,cnn_s2_12,val,Log-Mel CNN,0.142173171043396,0.2410693895071745
seg_009326,sample_03207,CopperNickle - UncleBibby,1,0.995855987071991,cnn_revised_20260919T110440Z,cnn_s2_12,val,Log-Mel CNN,0.142173171043396,0.2410693895071745
seg_009339,sample_03212,Daylight Savings - My brother Daniel,1,0.9801059365272522,cnn_revised_20260919T110440Z,cnn_s2_12,val,Log-Mel CNN,0.142173171043396,0.2410693895071745
seg_009340,sample_03212,Daylight Savings - My brother Daniel,1,0.4309770166873932,cnn_revised_20260919T110440Z,cnn_s2_12,val,Log-Mel CNN,0.142173171043396,0.2410693895071745
seg_009341,sample_03212,Daylight Savings - My brother Daniel,1,0.7951049208641052,cnn_revised_20260919T110440Z,cnn_s2_12,val,Log-Mel CNN,0.142173171043396,0.2410693895071745
seg_009375,sample_03224,Empty Pockets - Pete Prodoehl,1,0.9805646538734436,cnn_revised_20260919T110440Z,cnn_s2_12,val,Log-Mel CNN,0.142173171043396,0.2410693895071745
seg_009376,sample_03224,Empty Pockets - Pete Prodoehl,1,0.5141090750694275,cnn_revised_20260919T110440Z,cnn_s2_12,val,Log-Mel CNN,0.142173171043396,0.2410693895071745
seg_009377,sample_03224,Empty Pockets - Pete Prodoehl,1,0.9415972232818604,cnn_revised_20260919T110440Z,cnn_s2_12,val,Log-Mel CNN,0.142173171043396,0.2410693895071745
seg_009393,sample_03230,Evil Cannot Create - Caleb Lemond,1,0.9931846261024475,cnn_revised_20260919T110440Z,cnn_s2_12,val,Log-Mel CNN,0.142173171043396,0.2410693895071745
seg_009394,sample_03230,Evil Cannot Create - Caleb Lemond,1,0.9469555020332336,cnn_revised_20260919T110440Z,cnn_s2_12,val,Log-Mel CNN,0.142173171043396,0.2410693895071745
seg_009395,sample_03230,Evil Cannot Create - Caleb Lemond,1,0.9613510370254517,cnn_revised_20260919T110440Z,cnn_s2_12,val,Log-Mel CNN,0.142173171043396,0.2410693895071745
seg_009399,sample_03232,Fear - Los Fancy Free,1,0.9922904372215271,cnn_revised_20260919T110440Z,cnn_s2_12,val,Log-Mel CNN,0.142173171043396,0.2410693895071745
seg_009400,sample_03232,Fear - Los Fancy Free,1,0.9959393739700317,cnn_revised_20260919T110440Z,cnn_s2_12,val,Log-Mel CNN,0.142173171043396,0.2410693895071745
seg_009401,sample_03232,Fear - Los Fancy Free,1,0.37553656101226807,cnn_revised_20260919T110440Z,cnn_s2_12,val,Log-Mel CNN,0.142173171043396,0.2410693895071745
seg_009402,sample_03233,Fifth Ramble - From the album Keith [RSVP007] - My brother Daniel,1,0.7064324021339417,cnn_revised_20260919T110440Z,cnn_s2_12,val,Log-Mel CNN,0.142173171043396,0.2410693895071745
seg_009403,sample_03233,Fifth Ramble - From the album Keith [RSVP007] - My brother Daniel,1,0.5413907766342163,cnn_revised_20260919T110440Z,cnn_s2_12,val,Log-Mel CNN,0.142173171043396,0.2410693895071745
seg_009404,sample_03233,Fifth Ramble - From the album Keith [RSVP007] - My brother Daniel,1,0.8826486468315125,cnn_revised_20260919T110440Z,cnn_s2_12,val,Log-Mel CNN,0.142173171043396,0.2410693895071745
seg_009438,sample_03245,Gila Monster Flop/Music History Lesson:The Sonics - The Crypts!,1,0.05774722620844841,cnn_revised_20260919T110440Z,cnn_s2_12,val,Log-Mel CNN,0.142173171043396,0.2410693895071745
seg_009439,sample_03245,Gila Monster Flop/Music History Lesson:The Sonics - The Crypts!,1,0.3008188009262085,cnn_revised_20260919T110440Z,cnn_s2_12,val,Log-Mel CNN,0.142173171043396,0.2410693895071745
seg_009440,sample_03245,Gila Monster Flop/Music History Lesson:The Sonics - The Crypts!,1,0.8116195201873779,cnn_revised_20260919T110440Z,cnn_s2_12,val,Log-Mel CNN,0.142173171043396,0.2410693895071745
seg_009471,sample_03256,If You're Ther - Nicola Ratti,1,0.7804002165794373,cnn_revised_20260919T110440Z,cnn_s2_12,val,Log-Mel CNN,0.142173171043396,0.2410693895071745
seg_009472,sample_03256,If You're Ther - Nicola Ratti,1,0.9922771453857422,cnn_revised_20260919T110440Z,cnn_s2_12,val,Log-Mel CNN,0.142173171043396,0.2410693895071745
seg_009473,sample_03256,If You're Ther - Nicola Ratti,1,0.8352057933807373,cnn_revised_20260919T110440Z,cnn_s2_12,val,Log-Mel CNN,0.142173171043396,0.2410693895071745
seg_009501,sample_03266,I Fell - Mod Fun,1,0.8792009949684143,cnn_revised_20260919T110440Z,cnn_s2_12,val,Log-Mel CNN,0.142173171043396,0.2410693895071745
seg_009502,sample_03266,I Fell - Mod Fun,1,0.8334597945213318,cnn_revised_20260919T110440Z,cnn_s2_12,val,Log-Mel CNN,0.142173171043396,0.2410693895071745
seg_009503,sample_03266,I Fell - Mod Fun,1,0.8816077709197998,cnn_revised_20260919T110440Z,cnn_s2_12,val,Log-Mel CNN,0.142173171043396,0.2410693895071745
seg_009549,sample_03282,Kumorizoranohajimarutokoro - Hosomi,1,0.9178740382194519,cnn_revised_20260919T110440Z,cnn_s2_12,val,Log-Mel CNN,0.142173171043396,0.2410693895071745
seg_009550,sample_03282,Kumorizoranohajimarutokoro - Hosomi,1,0.9979506134986877,cnn_revised_20260919T110440Z,cnn_s2_12,val,Log-Mel CNN,0.142173171043396,0.2410693895071745
seg_009551,sample_03282,Kumorizoranohajimarutokoro - Hosomi,1,0.9803773760795593,cnn_revised_20260919T110440Z,cnn_s2_12,val,Log-Mel CNN,0.142173171043396,0.2410693895071745
seg_009585,sample_03294,Lights Up - Pipe Choir,1,0.11951085925102234,cnn_revised_20260919T110440Z,cnn_s2_12,val,Log-Mel CNN,0.142173171043396,0.2410693895071745
seg_009586,sample_03294,Lights Up - Pipe Choir,1,0.8976747393608093,cnn_revised_20260919T110440Z,cnn_s2_12,val,Log-Mel CNN,0.142173171043396,0.2410693895071745
seg_009587,sample_03294,Lights Up - Pipe Choir,1,0.7668512463569641,cnn_revised_20260919T110440Z,cnn_s2_12,val,Log-Mel CNN,0.142173171043396,0.2410693895071745
seg_009603,sample_03300,Loved Ones - Rowan Box,1,0.8816049098968506,cnn_revised_20260919T110440Z,cnn_s2_12,val,Log-Mel CNN,0.142173171043396,0.2410693895071745
seg_009604,sample_03300,Loved Ones - Rowan Box,1,0.8903182744979858,cnn_revised_20260919T110440Z,cnn_s2_12,val,Log-Mel CNN,0.142173171043396,0.2410693895071745
seg_009605,sample_03300,Loved Ones - Rowan Box,1,0.77048659324646,cnn_revised_20260919T110440Z,cnn_s2_12,val,Log-Mel CNN,0.142173171043396,0.2410693895071745
seg_009615,sample_03304,March of the GPA Mechanics - [t]ghost,1,0.929376482963562,cnn_revised_20260919T110440Z,cnn_s2_12,val,Log-Mel CNN,0.142173171043396,0.2410693895071745
seg_009616,sample_03304,March of the GPA Mechanics - [t]ghost,1,0.9739899039268494,cnn_revised_20260919T110440Z,cnn_s2_12,val,Log-Mel CNN,0.142173171043396,0.2410693895071745
seg_009617,sample_03304,March of the GPA Mechanics - [t]ghost,1,0.9953557252883911,cnn_revised_20260919T110440Z,cnn_s2_12,val,Log-Mel CNN,0.142173171043396,0.2410693895071745
seg_009636,sample_03311,Morning Bell - Nihilore,1,0.9588250517845154,cnn_revised_20260919T110440Z,cnn_s2_12,val,Log-Mel CNN,0.142173171043396,0.2410693895071745
seg_009637,sample_03311,Morning Bell - Nihilore,1,0.9687508344650269,cnn_revised_20260919T110440Z,cnn_s2_12,val,Log-Mel CNN,0.142173171043396,0.2410693895071745
seg_009638,sample_03311,Morning Bell - Nihilore,1,0.7361922860145569,cnn_revised_20260919T110440Z,cnn_s2_12,val,Log-Mel CNN,0.142173171043396,0.2410693895071745
seg_009651,sample_03316,mystery team 2090 - Jesse Futerman,1,0.4825341999530792,cnn_revised_20260919T110440Z,cnn_s2_12,val,Log-Mel CNN,0.142173171043396,0.2410693895071745
seg_009652,sample_03316,mystery team 2090 - Jesse Futerman,1,0.9456304311752319,cnn_revised_20260919T110440Z,cnn_s2_12,val,Log-Mel CNN,0.142173171043396,0.2410693895071745
seg_009653,sample_03316,mystery team 2090 - Jesse Futerman,1,0.8415719866752625,cnn_revised_20260919T110440Z,cnn_s2_12,val,Log-Mel CNN,0.142173171043396,0.2410693895071745
seg_009654,sample_03317,My Body Is A Weapon (Compromise Edit) - Silence is full of birds,1,0.9711669683456421,cnn_revised_20260919T110440Z,cnn_s2_12,val,Log-Mel CNN,0.142173171043396,0.2410693895071745
seg_009655,sample_03317,My Body Is A Weapon (Compromise Edit) - Silence is full of birds,1,0.6902016997337341,cnn_revised_20260919T110440Z,cnn_s2_12,val,Log-Mel CNN,0.142173171043396,0.2410693895071745
seg_009656,sample_03317,My Body Is A Weapon (Compromise Edit) - Silence is full of birds,1,0.16652435064315796,cnn_revised_20260919T110440Z,cnn_s2_12,val,Log-Mel CNN,0.142173171043396,0.2410693895071745
seg_009666,sample_03321,New Life (take 1) - Bird Names,1,0.9607535004615784,cnn_revised_20260919T110440Z,cnn_s2_12,val,Log-Mel CNN,0.142173171043396,0.2410693895071745
seg_009667,sample_03321,New Life (take 1) - Bird Names,1,0.9957811832427979,cnn_revised_20260919T110440Z,cnn_s2_12,val,Log-Mel CNN,0.142173171043396,0.2410693895071745
seg_009668,sample_03321,New Life (take 1) - Bird Names,1,0.7690083384513855,cnn_revised_20260919T110440Z,cnn_s2_12,val,Log-Mel CNN,0.142173171043396,0.2410693895071745
seg_009672,sample_03323,Night Drive - Decktonic,1,0.3535516858100891,cnn_revised_20260919T110440Z,cnn_s2_12,val,Log-Mel CNN,0.142173171043396,0.2410693895071745
seg_009673,sample_03323,Night Drive - Decktonic,1,0.9391677975654602,cnn_revised_20260919T110440Z,cnn_s2_12,val,Log-Mel CNN,0.142173171043396,0.2410693895071745
seg_009674,sample_03323,Night Drive - Decktonic,1,0.8090596795082092,cnn_revised_20260919T110440Z,cnn_s2_12,val,Log-Mel CNN,0.142173171043396,0.2410693895071745
seg_009681,sample_03326,Norweigian Wood II - Bird Names,1,0.3031671643257141,cnn_revised_20260919T110440Z,cnn_s2_12,val,Log-Mel CNN,0.142173171043396,0.2410693895071745
seg_009682,sample_03326,Norweigian Wood II - Bird Names,1,0.08847686648368835,cnn_revised_20260919T110440Z,cnn_s2_12,val,Log-Mel CNN,0.142173171043396,0.2410693895071745
seg_009683,sample_03326,Norweigian Wood II - Bird Names,1,0.8897848725318909,cnn_revised_20260919T110440Z,cnn_s2_12,val,Log-Mel CNN,0.142173171043396,0.2410693895071745
seg_009693,sample_03330,Nuo Maisemat - Paavoharju,1,0.7142225503921509,cnn_revised_20260919T110440Z,cnn_s2_12,val,Log-Mel CNN,0.142173171043396,0.2410693895071745
seg_009694,sample_03330,Nuo Maisemat - Paavoharju,1,0.9847915172576904,cnn_revised_20260919T110440Z,cnn_s2_12,val,Log-Mel CNN,0.142173171043396,0.2410693895071745
seg_009695,sample_03330,Nuo Maisemat - Paavoharju,1,0.986895740032196,cnn_revised_20260919T110440Z,cnn_s2_12,val,Log-Mel CNN,0.142173171043396,0.2410693895071745
seg_009756,sample_03351,Redlight - Room For A Ghost,1,0.9922252893447876,cnn_revised_20260919T110440Z,cnn_s2_12,val,Log-Mel CNN,0.142173171043396,0.2410693895071745
seg_009757,sample_03351,Redlight - Room For A Ghost,1,0.9989959597587585,cnn_revised_20260919T110440Z,cnn_s2_12,val,Log-Mel CNN,0.142173171043396,0.2410693895071745
seg_009758,sample_03351,Redlight - Room For A Ghost,1,0.9236142039299011,cnn_revised_20260919T110440Z,cnn_s2_12,val,Log-Mel CNN,0.142173171043396,0.2410693895071745
seg_009774,sample_03357,Roller Star - Monroeville Music Center,1,0.9605804681777954,cnn_revised_20260919T110440Z,cnn_s2_12,val,Log-Mel CNN,0.142173171043396,0.2410693895071745
seg_009775,sample_03357,Roller Star - Monroeville Music Center,1,0.9739497900009155,cnn_revised_20260919T110440Z,cnn_s2_12,val,Log-Mel CNN,0.142173171043396,0.2410693895071745
seg_009776,sample_03357,Roller Star - Monroeville Music Center,1,0.479070782661438,cnn_revised_20260919T110440Z,cnn_s2_12,val,Log-Mel CNN,0.142173171043396,0.2410693895071745
seg_009780,sample_03359,"Roundtrip - Oh Yeah, the Future",1,0.964387834072113,cnn_revised_20260919T110440Z,cnn_s2_12,val,Log-Mel CNN,0.142173171043396,0.2410693895071745
seg_009781,sample_03359,"Roundtrip - Oh Yeah, the Future",1,0.949079155921936,cnn_revised_20260919T110440Z,cnn_s2_12,val,Log-Mel CNN,0.142173171043396,0.2410693895071745
seg_009782,sample_03359,"Roundtrip - Oh Yeah, the Future",1,0.8146769404411316,cnn_revised_20260919T110440Z,cnn_s2_12,val,Log-Mel CNN,0.142173171043396,0.2410693895071745
seg_009792,sample_03363,Scramby Eggs - Andy G. Cohen,1,0.9850619435310364,cnn_revised_20260919T110440Z,cnn_s2_12,val,Log-Mel CNN,0.142173171043396,0.2410693895071745
seg_009793,sample_03363,Scramby Eggs - Andy G. Cohen,1,0.8055534958839417,cnn_revised_20260919T110440Z,cnn_s2_12,val,Log-Mel CNN,0.142173171043396,0.2410693895071745
seg_009794,sample_03363,Scramby Eggs - Andy G. Cohen,1,0.6319678425788879,cnn_revised_20260919T110440Z,cnn_s2_12,val,Log-Mel CNN,0.142173171043396,0.2410693895071745
seg_009795,sample_03364,SD (Ill Mix) - H-LR,1,0.45144590735435486,cnn_revised_20260919T110440Z,cnn_s2_12,val,Log-Mel CNN,0.142173171043396,0.2410693895071745
seg_009796,sample_03364,SD (Ill Mix) - H-LR,1,0.5221474766731262,cnn_revised_20260919T110440Z,cnn_s2_12,val,Log-Mel CNN,0.142173171043396,0.2410693895071745
seg_009797,sample_03364,SD (Ill Mix) - H-LR,1,0.6312289834022522,cnn_revised_20260919T110440Z,cnn_s2_12,val,Log-Mel CNN,0.142173171043396,0.2410693895071745
seg_009819,sample_03372,Shipwrecked Crew - Pete Prodoehl,1,0.9901644587516785,cnn_revised_20260919T110440Z,cnn_s2_12,val,Log-Mel CNN,0.142173171043396,0.2410693895071745
seg_009820,sample_03372,Shipwrecked Crew - Pete Prodoehl,1,0.9415770769119263,cnn_revised_20260919T110440Z,cnn_s2_12,val,Log-Mel CNN,0.142173171043396,0.2410693895071745
seg_009821,sample_03372,Shipwrecked Crew - Pete Prodoehl,1,0.05565570667386055,cnn_revised_20260919T110440Z,cnn_s2_12,val,Log-Mel CNN,0.142173171043396,0.2410693895071745
seg_009837,sample_03378,Soleares&beats - Malaventura,1,0.9553375840187073,cnn_revised_20260919T110440Z,cnn_s2_12,val,Log-Mel CNN,0.142173171043396,0.2410693895071745
seg_009838,sample_03378,Soleares&beats - Malaventura,1,0.6579200029373169,cnn_revised_20260919T110440Z,cnn_s2_12,val,Log-Mel CNN,0.142173171043396,0.2410693895071745
seg_009839,sample_03378,Soleares&beats - Malaventura,1,0.16723835468292236,cnn_revised_20260919T110440Z,cnn_s2_12,val,Log-Mel CNN,0.142173171043396,0.2410693895071745
seg_009843,sample_03380,some dextromethorphan - Jeva,1,0.9830306172370911,cnn_revised_20260919T110440Z,cnn_s2_12,val,Log-Mel CNN,0.142173171043396,0.2410693895071745
seg_009844,sample_03380,some dextromethorphan - Jeva,1,0.9994524121284485,cnn_revised_20260919T110440Z,cnn_s2_12,val,Log-Mel CNN,0.142173171043396,0.2410693895071745
seg_009845,sample_03380,some dextromethorphan - Jeva,1,0.9978826642036438,cnn_revised_20260919T110440Z,cnn_s2_12,val,Log-Mel CNN,0.142173171043396,0.2410693895071745
seg_009858,sample_03385,Stockholm Syndrome / People Should Be More Aware - Bird Names,1,0.985787034034729,cnn_revised_20260919T110440Z,cnn_s2_12,val,Log-Mel CNN,0.142173171043396,0.2410693895071745
seg_009859,sample_03385,Stockholm Syndrome / People Should Be More Aware - Bird Names,1,0.9978272318840027,cnn_revised_20260919T110440Z,cnn_s2_12,val,Log-Mel CNN,0.142173171043396,0.2410693895071745
seg_009860,sample_03385,Stockholm Syndrome / People Should Be More Aware - Bird Names,1,0.9929811954498291,cnn_revised_20260919T110440Z,cnn_s2_12,val,Log-Mel CNN,0.142173171043396,0.2410693895071745
seg_009870,sample_03389,Sturgeon's Law - Nihilore,1,0.9570339918136597,cnn_revised_20260919T110440Z,cnn_s2_12,val,Log-Mel CNN,0.142173171043396,0.2410693895071745
seg_009871,sample_03389,Sturgeon's Law - Nihilore,1,0.9904029369354248,cnn_revised_20260919T110440Z,cnn_s2_12,val,Log-Mel CNN,0.142173171043396,0.2410693895071745
seg_009872,sample_03389,Sturgeon's Law - Nihilore,1,0.7817830443382263,cnn_revised_20260919T110440Z,cnn_s2_12,val,Log-Mel CNN,0.142173171043396,0.2410693895071745
seg_009927,sample_03408,The girl just faded - Los Llamarada,1,0.7876596450805664,cnn_revised_20260919T110440Z,cnn_s2_12,val,Log-Mel CNN,0.142173171043396,0.2410693895071745
seg_009928,sample_03408,The girl just faded - Los Llamarada,1,0.9460691809654236,cnn_revised_20260919T110440Z,cnn_s2_12,val,Log-Mel CNN,0.142173171043396,0.2410693895071745
seg_009929,sample_03408,The girl just faded - Los Llamarada,1,0.8967397809028625,cnn_revised_20260919T110440Z,cnn_s2_12,val,Log-Mel CNN,0.142173171043396,0.2410693895071745
seg_009954,sample_03417,The Stairway - WarpToken,1,0.892196774482727,cnn_revised_20260919T110440Z,cnn_s2_12,val,Log-Mel CNN,0.142173171043396,0.2410693895071745
seg_009955,sample_03417,The Stairway - WarpToken,1,0.9076195359230042,cnn_revised_20260919T110440Z,cnn_s2_12,val,Log-Mel CNN,0.142173171043396,0.2410693895071745
seg_009956,sample_03417,The Stairway - WarpToken,1,0.844747006893158,cnn_revised_20260919T110440Z,cnn_s2_12,val,Log-Mel CNN,0.142173171043396,0.2410693895071745
seg_009957,sample_03418,Three Bird - My brother Daniel,1,0.009931081905961037,cnn_revised_20260919T110440Z,cnn_s2_12,val,Log-Mel CNN,0.142173171043396,0.2410693895071745
seg_009958,sample_03418,Three Bird - My brother Daniel,1,0.050145477056503296,cnn_revised_20260919T110440Z,cnn_s2_12,val,Log-Mel CNN,0.142173171043396,0.2410693895071745
seg_009959,sample_03418,Three Bird - My brother Daniel,1,0.6000317931175232,cnn_revised_20260919T110440Z,cnn_s2_12,val,Log-Mel CNN,0.142173171043396,0.2410693895071745
seg_009960,sample_03419,Timen Passing By - Jason Shaw,1,0.9019635915756226,cnn_revised_20260919T110440Z,cnn_s2_12,val,Log-Mel CNN,0.142173171043396,0.2410693895071745
seg_009961,sample_03419,Timen Passing By - Jason Shaw,1,0.16841942071914673,cnn_revised_20260919T110440Z,cnn_s2_12,val,Log-Mel CNN,0.142173171043396,0.2410693895071745
seg_009962,sample_03419,Timen Passing By - Jason Shaw,1,0.7308266162872314,cnn_revised_20260919T110440Z,cnn_s2_12,val,Log-Mel CNN,0.142173171043396,0.2410693895071745
seg_009963,sample_03420,Time Is Love - Silence is full of birds,1,0.9519490003585815,cnn_revised_20260919T110440Z,cnn_s2_12,val,Log-Mel CNN,0.142173171043396,0.2410693895071745
seg_009964,sample_03420,Time Is Love - Silence is full of birds,1,0.9830107688903809,cnn_revised_20260919T110440Z,cnn_s2_12,val,Log-Mel CNN,0.142173171043396,0.2410693895071745
seg_009965,sample_03420,Time Is Love - Silence is full of birds,1,0.9665619134902954,cnn_revised_20260919T110440Z,cnn_s2_12,val,Log-Mel CNN,0.142173171043396,0.2410693895071745
seg_009990,sample_03429,Understand That This Is A Dream - From the album Modulating Coil [RSVP008] - Forrest James,1,0.9798664450645447,cnn_revised_20260919T110440Z,cnn_s2_12,val,Log-Mel CNN,0.142173171043396,0.2410693895071745
seg_009991,sample_03429,Understand That This Is A Dream - From the album Modulating Coil [RSVP008] - Forrest James,1,0.9153872728347778,cnn_revised_20260919T110440Z,cnn_s2_12,val,Log-Mel CNN,0.142173171043396,0.2410693895071745
seg_009992,sample_03429,Understand That This Is A Dream - From the album Modulating Coil [RSVP008] - Forrest James,1,0.21904392540454865,cnn_revised_20260919T110440Z,cnn_s2_12,val,Log-Mel CNN,0.142173171043396,0.2410693895071745
seg_010005,sample_03434,Voxel - Andy G. Cohen,1,0.36479511857032776,cnn_revised_20260919T110440Z,cnn_s2_12,val,Log-Mel CNN,0.142173171043396,0.2410693895071745
seg_010006,sample_03434,Voxel - Andy G. Cohen,1,0.9295042753219604,cnn_revised_20260919T110440Z,cnn_s2_12,val,Log-Mel CNN,0.142173171043396,0.2410693895071745
seg_010007,sample_03434,Voxel - Andy G. Cohen,1,0.7326586842536926,cnn_revised_20260919T110440Z,cnn_s2_12,val,Log-Mel CNN,0.142173171043396,0.2410693895071745
seg_010011,sample_03436,Westside Chillers - Little Glass Men,1,0.9977692365646362,cnn_revised_20260919T110440Z,cnn_s2_12,val,Log-Mel CNN,0.142173171043396,0.2410693895071745
seg_010012,sample_03436,Westside Chillers - Little Glass Men,1,0.2948606014251709,cnn_revised_20260919T110440Z,cnn_s2_12,val,Log-Mel CNN,0.142173171043396,0.2410693895071745
seg_010013,sample_03436,Westside Chillers - Little Glass Men,1,0.8575276136398315,cnn_revised_20260919T110440Z,cnn_s2_12,val,Log-Mel CNN,0.142173171043396,0.2410693895071745
seg_010065,sample_03454,Новый Нью-Йорк 2 - Чокнутый Пропеллер,1,0.9675013422966003,cnn_revised_20260919T110440Z,cnn_s2_12,val,Log-Mel CNN,0.142173171043396,0.2410693895071745
seg_010066,sample_03454,Новый Нью-Йорк 2 - Чокнутый Пропеллер,1,0.008191333152353764,cnn_revised_20260919T110440Z,cnn_s2_12,val,Log-Mel CNN,0.142173171043396,0.2410693895071745
seg_010067,sample_03454,Новый Нью-Йорк 2 - Чокнутый Пропеллер,1,0.07641063630580902,cnn_revised_20260919T110440Z,cnn_s2_12,val,Log-Mel CNN,0.142173171043396,0.2410693895071745
seg_010071,sample_03456,Windows of the Skull - Sarin,1,0.9816945195198059,cnn_revised_20260919T110440Z,cnn_s2_12,val,Log-Mel CNN,0.142173171043396,0.2410693895071745
seg_010072,sample_03456,Windows of the Skull - Sarin,1,0.9340776801109314,cnn_revised_20260919T110440Z,cnn_s2_12,val,Log-Mel CNN,0.142173171043396,0.2410693895071745
seg_010073,sample_03456,Windows of the Skull - Sarin,1,0.9888683557510376,cnn_revised_20260919T110440Z,cnn_s2_12,val,Log-Mel CNN,0.142173171043396,0.2410693895071745
